t_ros_sec,t_rel_sec,tail_target_rad,tail_bias_rad,tail_bias_offset_rad,tail_amp_rad,tail_freq_hz,phase_rad,cycle_idx,present_position_rad,present_current_ma,sensor_len,sensor_values
1779196487.7211223,0.0020329560000000003,0.9047389559456358,0.903,0.0,0.3000268130553333,0.5,0.005796034242350685,0,1.179631225884058,172.16,2,"[459.6000061035156, 657.7999877929688]"
1779196487.7711911,0.05210184700000001,0.951750752455103,0.903,0.0,0.3007531940402667,0.5,0.1628139126350487,0,1.2087768608538851,172.16,2,"[442.20001220703125, 692.7999877929688]"
1779196487.8210459,0.101956614,0.99777006839711,0.903,0.0,0.3014792986302667,0.5,0.3197720442186608,0,1.175029283520401,0.0,2,"[442.20001220703125, 692.7999877929688]"
1779196487.8711004,0.15201130200000001,1.04176654623229,0.903,0.0,0.3022069694776,0.5,0.4770687452425503,0,1.0768545130957201,-2.69,2,"[440.3999938964844, 683.7999877929688]"
1779196487.9212325,0.20214325700000002,1.0825189631664096,0.903,0.0,0.30293426048173333,0.5,0.6342833376008455,0,1.004757416065095,-5.38,2,"[440.3999938964844, 683.7999877929688]"
1779196487.9710665,0.25197725600000004,1.1189313187590482,0.903,0.0,0.30365951168893335,0.5,0.7910569980054315,0,0.9894176081862386,-5.38,2,"[474.6000061035156, 639.0]"
1779196488.0211356,0.30204617100000003,1.1503089517546352,0.903,0.0,0.3043873745652,0.5,0.9483952088930528,0,1.004757416065095,51.11,2,"[474.6000061035156, 639.0]"
1779196488.0709407,0.35185150400000004,1.1756045195312392,0.903,0.0,0.3051117794237333,0.5,1.104985918649457,0,1.038504993398579,107.6,2,"[488.6000061035156, 616.7999877929688]"
1779196488.1210098,0.401920557,1.194388930629978,0.903,0.0,0.3058389465893333,0.5,1.262173741496751,0,1.0768545130957201,123.74,2,"[488.6000061035156, 616.7999877929688]"
1779196488.1710079,0.45191856500000005,1.2060519977905668,0.903,0.0,0.3065655980977333,0.5,1.419250097495103,0,1.1106020904292042,129.12,2,"[461.0, 661.0]"
1779196488.2213244,0.502235149,1.2102898172777832,0.903,0.0,0.3072959910965333,0.5,1.5771352313893805,0,1.1428156869748027,137.19,2,"[461.0, 661.0]"
1779196488.2712004,0.5521111400000001,1.2069337566276794,0.903,0.0,0.30802114059946667,0.5,1.7338869069285767,0,1.1658253987930873,156.02,2,"[449.3999938964844, 646.4000244140625]"
1779196488.3211353,0.602046046,1.1960705985910824,0.903,0.0,0.30874716989226664,0.5,1.8908287619206505,0,1.1811652066719438,156.02,2,"[449.3999938964844, 646.4000244140625]"
1779196488.3710976,0.652008091,1.1779197672790622,0.903,0.0,0.30947361931466666,0.5,2.0478614340731545,0,1.1903690913992575,172.16,2,"[434.20001220703125, 672.2000122070312]"
1779196488.4210753,0.701986055,1.1528872214543195,0.903,0.0,0.3102003766402667,0.5,2.204960664007617,0,1.1903690913992575,180.23,2,"[434.20001220703125, 672.2000122070312]"
1779196488.4709544,0.751865047,1.1216612052278323,0.903,0.0,0.3109250983981333,0.5,2.361619876191833,0,1.188835110611372,45.73,2,"[445.79998779296875, 673.5999755859375]"
1779196488.5211391,0.8020497740000001,1.0847135274122777,0.903,0.0,0.3116536154924,0.5,2.519099505872756,0,1.175029283520401,-5.38,2,"[445.79998779296875, 673.5999755859375]"
1779196488.5712104,0.8521212050000001,1.043123540530002,0.903,0.0,0.3123814565977333,0.5,2.676433010654582,0,1.1535535524900022,-5.38,2,"[438.20001220703125, 670.4000244140625]"
1779196488.6212256,0.9021364430000001,0.9979376638637489,0.903,0.0,0.31310821655386667,0.5,2.833532809217315,0,1.1259418983080607,-5.38,2,"[438.20001220703125, 670.4000244140625]"
1779196488.6712358,0.9521464850000001,0.9502152013587322,0.903,0.0,0.3138347015829333,0.5,2.99057317827182,0,1.0952622825503477,-2.69,2,"[438.20001220703125, 668.0]"
1779196488.721082,1.0019927400000002,0.9012084458495687,0.903,0.0,0.31455968114759997,0.5,3.1472881191681177,0,1.0584467436410925,-2.69,2,"[438.20001220703125, 668.0]"
1779196488.7713442,1.052254961,0.8517482241648638,0.903,0.0,0.3152886817949333,0.5,3.3048722759198106,0,1.0154952815802945,-2.69,2,"[458.79998779296875, 632.0]"
1779196488.8210733,1.10198404,0.8036452424379468,0.903,0.0,0.3160128795534667,0.5,3.461418217980901,0,0.9725438195194965,-2.69,2,"[458.79998779296875, 632.0]"
1779196488.8709917,1.15190242,0.757667756834597,0.903,0.0,0.31673854589079997,0.5,3.618281614838044,0,0.9280583766708129,-21.52,2,"[484.79998779296875, 618.4000244140625]"
1779196488.9210799,1.201990571,0.7149572766124832,0.903,0.0,0.31746600641173334,0.5,3.775532850733051,0,0.880504972246358,-37.66,2,"[484.79998779296875, 618.4000244140625]"
1779196488.971253,1.252163611,0.6766549759472922,0.903,0.0,0.3181944571904,0.5,3.932998145326695,0,0.8298836062461319,-37.66,2,"[537.7999877929688, 588.7999877929688]"
1779196489.0211568,1.3020675700000002,0.6438973095303478,0.903,0.0,0.31892035872066665,0.5,4.089912382577751,0,0.7838641826095626,-80.7,2,"[537.7999877929688, 588.7999877929688]"
1779196489.0711973,1.352108027,0.6173288397338772,0.903,0.0,0.3196476736321333,0.5,4.247132142855961,0,0.7409127205487647,-86.08,2,"[562.5999755859375, 550.5999755859375]"
1779196489.1212544,1.4021651800000001,0.5977123536312723,0.903,0.0,0.32037464849266667,0.5,4.404278396149263,0,0.7025632008516236,-86.08,2,"[562.5999755859375, 550.5999755859375]"
1779196489.1711335,1.4520444000000001,0.5855668791911246,0.903,0.0,0.3211001845968,0.5,4.561113641194638,0,0.6672816427302539,-129.12,2,"[607.0, 477.79998779296875]"
1779196489.2211998,1.502110438,0.5811781412912407,0.903,0.0,0.32182757675293333,0.5,4.718350099037802,0,0.6396699885483124,-142.57,2,"[607.0, 477.79998779296875]"
1779196489.2709758,1.55188649,0.5846976155706736,0.903,0.0,0.3225517447181333,0.5,4.874889600833953,0,0.6166602767300278,-156.02,2,"[612.0, 469.20001220703125]"
1779196489.3210528,1.6019635250000002,0.5961102022032231,0.903,0.0,0.32327937170386667,0.5,5.032176820531213,0,0.5997864880632857,-147.95,2,"[612.0, 469.20001220703125]"
1779196489.3711975,1.652108415,0.6151829708604875,0.903,0.0,0.32400738021866665,0.5,5.189546513318817,0,0.5982525072754,-164.09,2,"[624.7999877929688, 444.3999938964844]"
1779196489.4210963,1.7020071280000002,0.6413808029130896,0.903,0.0,0.3247331116653333,0.5,5.346423984511048,0,0.5982525072754,-139.88,2,"[624.7999877929688, 444.3999938964844]"
1779196489.4711668,1.752077576,0.6742156912426189,0.903,0.0,0.32546041069186665,0.5,5.503640311028488,0,0.5997864880632857,-48.42,2,"[657.4000244140625, 442.3999938964844]"
1779196489.5212376,1.802148252,0.7128389354387109,0.903,0.0,0.3261874127152,0.5,5.660792435958459,0,0.6105243535784852,-48.42,2,"[657.4000244140625, 442.3999938964844]"
1779196489.5712836,1.85219444,0.7563580605206661,0.903,0.0,0.3269148019356,0.5,5.818028259199908,0,0.6320000846088841,8.07,2,"[625.0, 443.3999938964844]"
1779196489.6212459,1.9021564450000001,0.8036369454381646,0.903,0.0,0.32764127106519997,0.5,5.97506519135205,0,0.6596117387908257,5.38,2,"[625.0, 443.3999938964844]"
1779196489.6710043,1.951914976,0.8534058090936342,0.903,0.0,0.32836528558746664,0.5,6.131571524212964,0,0.6933593161243098,2.69,2,"[617.2000122070312, 457.20001220703125]"
1779196489.721059,2.001970023,0.9048632118942612,0.903,0.0,0.32909285823306667,0.5,0.0056616903157067355,1,0.7301748550335652,2.69,2,"[617.2000122070312, 457.20001220703125]"
1779196489.7710648,2.0519753880000002,0.9564273801587215,0.903,0.0,0.32981936507666665,0.5,0.16270677490078533,1,0.7746602978822488,2.69,2,"[581.7999877929688, 495.3999938964844]"
1779196489.8210573,2.101968159,1.006916417087834,0.903,0.0,0.33054610084933334,0.5,0.3198013458533424,1,0.8206797215188181,2.69,2,"[581.7999877929688, 495.3999938964844]"
1779196489.8713193,2.152230248,1.055221499488303,0.903,0.0,0.33127532503386664,0.5,0.47743382344163976,1,0.8697671067311585,2.69,2,"[549.0, 543.5999755859375]"
1779196489.9212623,2.202172861,1.099757765915985,0.903,0.0,0.3320011648992,0.5,0.6343347309150671,1,0.9173205111556134,2.69,2,"[549.0, 543.5999755859375]"
1779196489.971256,2.252166562,1.1396882586538688,0.903,0.0,0.3327278893649333,0.5,0.7914268577085402,1,0.9694758579437253,21.52,2,"[513.7999877929688, 607.7999877929688]"
1779196490.0211306,2.302041249,1.1739081154738056,0.903,0.0,0.3334536455473333,0.5,0.9483096758914673,1,1.0139613007924089,75.32,2,"[513.7999877929688, 607.7999877929688]"
1779196490.0709996,2.351910424,1.20157742607186,0.903,0.0,0.3341785380137333,0.5,1.105005789222992,1,1.0584467436410925,118.36,2,"[491.6000061035156, 619.7999877929688]"
1779196490.1209726,2.401883423,1.2220711737787275,0.903,0.0,0.3349051292233333,0.5,1.2620691107534245,1,1.0998642249140047,137.19,2,"[491.6000061035156, 619.7999877929688]"
1779196490.1712186,2.4521292590000003,1.23480697352846,0.903,0.0,0.335634062872,0.5,1.4196387847629843,1,1.1366797638232602,145.26,2,"[450.79998779296875, 659.4000244140625]"
1779196490.221243,2.502153706,1.239355031743263,0.903,0.0,0.3363610833381333,0.5,1.5767948963740333,1,1.1658253987930873,156.02,2,"[450.79998779296875, 659.4000244140625]"
1779196490.2713118,2.552222377,1.2356149111286687,0.903,0.0,0.3370877890849333,0.5,1.7338829767961688,1,1.1903690913992575,182.92,2,"[442.3999938964844, 678.0]"
1779196490.321063,2.601973843,1.2236832673206726,0.903,0.0,0.33781284384506666,0.5,1.8906141722928567,1,1.2072428800659996,182.92,2,"[442.3999938964844, 678.0]"
1779196490.3711135,2.6520244670000004,1.2037499435764332,0.903,0.0,0.33854001365573333,0.5,2.047802566910013,1,1.2164467647933135,185.60999999999999,2,"[440.3999938964844, 686.7999877929688]"
1779196490.4212055,2.702116347,1.176226209383439,0.903,0.0,0.3392688286978667,0.5,2.205346602381926,1,1.217980745581199,180.23,2,"[440.3999938964844, 686.7999877929688]"
1779196490.4709492,2.751859866,1.1421093695415185,0.903,0.0,0.33999163433746665,0.5,2.3615916175659137,1,1.2164467647933135,56.49,2,"[422.20001220703125, 696.5999755859375]"
1779196490.5210614,2.8019721410000002,1.1017165467901542,0.903,0.0,0.34071934818893335,0.5,2.5188976145624657,1,1.2026409377023426,-5.38,2,"[422.20001220703125, 696.5999755859375]"
1779196490.5713336,2.852244556,1.0560870382423269,0.903,0.0,0.34144926494493333,0.5,2.6766798016070776,1,1.179631225884058,-5.38,2,"[415.79998779296875, 683.5999755859375]"
1779196490.6213193,2.902230071,1.006688607438076,0.903,0.0,0.34217577191933335,0.5,2.83372491446649,1,1.1489516101263453,-5.38,2,"[415.79998779296875, 683.5999755859375]"
1779196490.6711946,2.9521053370000003,0.9546222206358784,0.903,0.0,0.3429009025870667,0.5,2.9904725185016066,1,1.1121360712170898,-2.69,2,"[438.0, 683.7999877929688]"
1779196490.7210948,3.002005612,0.9010288691464616,0.903,0.0,0.3436265366749333,0.5,3.147328944164652,1,1.0707185899441776,-2.69,2,"[438.0, 683.7999877929688]"
1779196490.771223,3.05213393,0.8470634975464507,0.903,0.0,0.3443548022408,0.5,3.3047542023015186,1,1.0246991663076084,-2.69,2,"[451.3999938964844, 638.4000244140625]"
1779196490.8211572,3.1020679060000003,0.7943829672106647,0.903,0.0,0.34508128530786664,0.5,3.461794147241015,1,0.9771457618831534,-2.69,2,"[451.3999938964844, 638.4000244140625]"
1779196490.8709438,3.1518546400000003,0.7443503658228645,0.903,0.0,0.3458049202049333,0.5,3.6182184185602253,1,0.9280583766708129,-21.52,2,"[492.0, 607.7999877929688]"
1779196490.9211977,3.202108462,0.6976451835077468,0.903,0.0,0.34653423546986667,0.5,3.7758705845096827,1,0.8774370106705868,-43.04,2,"[492.0, 607.7999877929688]"
1779196490.9710789,3.2519894180000004,0.6560538851327522,0.903,0.0,0.347259716856,0.5,3.9326940014587155,1,0.8237476830945893,-51.11,2,"[535.5999755859375, 586.2000122070312]"
1779196491.0212681,3.3021788130000003,0.6202105715177471,0.903,0.0,0.34798863539,0.5,4.0902604082119165,1,0.7715923363064775,-86.08,2,"[535.5999755859375, 586.2000122070312]"
1779196491.0713294,3.352240274,0.5913056402341006,0.903,0.0,0.3487156696918667,0.5,4.247419510619171,1,0.7255729126699083,-99.53,2,"[591.4000244140625, 538.0]"
1779196491.1210828,3.4019936050000004,0.570055749762205,0.903,0.0,0.34943958676813336,0.5,4.403904779101342,1,0.684155431396996,-99.53,2,"[591.4000244140625, 538.0]"
1779196491.1711104,3.452021373,0.5568301113894338,0.903,0.0,0.3501670167836,0.5,4.5611494207933685,1,0.6473398924877406,-145.26,2,"[608.0, 488.79998779296875]"
1779196491.2210171,3.5019280380000004,0.5521129610384575,0.903,0.0,0.3508925174264,0.5,4.717977000352668,1,0.6151262959421421,-150.64,2,"[608.0, 488.79998779296875]"
1779196491.2709458,3.551856609,0.5560124474983699,0.903,0.0,0.351618284814,0.5,4.874862240703532,1,0.5921165841238575,-169.47,2,"[635.4000244140625, 458.79998779296875]"
1779196491.3212168,3.6021275200000002,0.5685554559839411,0.903,0.0,0.35234770316386665,0.5,5.032536689969682,1,0.5783107570328867,-164.09,2,"[635.4000244140625, 458.79998779296875]"
1779196491.3712811,3.652191977,0.58941673829769,0.903,0.0,0.3530756211941333,0.5,5.189886823201423,1,0.5706408530934585,-188.29999999999998,2,"[646.0, 446.6000061035156]"
1779196491.421344,3.702254994,0.6180964523533161,0.903,0.0,0.35380276631266666,0.5,5.347069880252661,1,0.5706408530934585,-131.81,2,"[646.0, 446.6000061035156]"
1779196491.4713395,3.75225023,0.6538732393990762,0.903,0.0,0.35452875226706665,0.5,5.504002367015442,1,0.5721748338813442,-53.8,2,"[641.4000244140625, 433.0]"
1779196491.5210576,3.801968297,0.6958131630912956,0.903,0.0,0.35525277755853335,0.5,5.660511027796511,1,0.5829126993965437,-53.8,2,"[641.4000244140625, 433.0]"
1779196491.571225,3.8521356110000005,0.7433114901706465,0.903,0.0,0.355981346624,0.5,5.818001891812763,1,0.6059224112148283,5.38,2,"[630.7999877929688, 432.20001220703125]"
1779196491.621105,3.902015811,0.7947611653300743,0.903,0.0,0.3567071068612,0.5,5.97488558650004,1,0.6350680461846554,5.38,2,"[630.7999877929688, 432.20001220703125]"
1779196491.6709528,3.951863453,0.8489953652416707,0.903,0.0,0.3574316846228,0.5,6.131513671784244,1,0.6718835850939109,2.69,2,"[614.5999755859375, 443.79998779296875]"
1779196491.7210088,4.001919477,0.9049777891968265,0.903,0.0,0.3581588792709333,0.5,0.005522128203660159,2,0.7163690279425944,2.69,2,"[614.5999755859375, 443.79998779296875]"
1779196491.7711687,4.052079501000001,0.9612408099831415,0.903,0.0,0.35888739948986664,0.5,0.16300243332700326,2,0.7623884515791637,2.69,2,"[590.5999755859375, 485.20001220703125]"
1779196491.8211985,4.102109260000001,1.0161737449569803,0.903,0.0,0.35961437885573333,0.5,0.32014966051402816,2,0.8160777791551611,2.69,2,"[590.5999755859375, 485.20001220703125]"
1779196491.871368,4.1522787580000005,1.0686445441006336,0.903,0.0,0.36034295191786664,0.5,0.47764138846826043,2,0.868233125943273,2.69,2,"[558.0, 543.0]"
1779196491.9211113,4.202022039,1.1169298994007293,0.903,0.0,0.36106698087173333,0.5,0.6341508409306797,2,0.9203884727313847,2.69,2,"[558.0, 543.0]"
1779196491.9711,4.252010676,1.1603219664600763,0.903,0.0,0.3617937826402667,0.5,0.7912596778554768,2,0.9740778003073821,29.59,2,"[522.2000122070312, 595.5999755859375]"
1779196492.0210676,4.301978431,1.1975077401136234,0.903,0.0,0.36251998881826664,0.5,0.948239769171737,2,1.0246991663076084,83.39,2,"[522.2000122070312, 595.5999755859375]"
1779196492.0709252,4.351835932,1.227535076030591,0.903,0.0,0.36324486035666664,0.5,1.104931358609841,2,1.0722525707320631,129.12,2,"[492.0, 639.7999877929688]"
1779196492.1210098,4.4019205800000005,1.249775650728941,0.903,0.0,0.3639722807510667,0.5,1.2621739205675304,2,1.1152040327928612,134.5,2,"[492.0, 639.7999877929688]"
1779196492.1713374,4.452248041000001,1.263567868678338,0.903,0.0,0.3647027277412,0.5,1.4200707254785154,2,1.158155494853659,153.32999999999998,2,"[463.3999938964844, 670.4000244140625]"
1779196492.2213237,4.502234363,1.2684218343806999,0.903,0.0,0.3654290289090667,0.5,1.5770713502443598,2,1.1903690913992575,172.16,2,"[463.3999938964844, 670.4000244140625]"
1779196492.2713692,4.55228003,1.2642741923648506,0.903,0.0,0.36615628192306665,0.5,1.7342777304794588,2,1.2164467647933135,180.23,2,"[446.20001220703125, 688.4000244140625]"
1779196492.3211327,4.602043313,1.251252871427794,0.903,0.0,0.3668804762662667,0.5,1.890822934266275,2,1.2348545342479411,180.23,2,"[446.20001220703125, 688.4000244140625]"
1779196492.3710604,4.651971051,1.2295725087450071,0.903,0.0,0.3676066659489333,0.5,2.0477994598748737,2,1.2455923997631406,180.23,2,"[434.0, 695.4000244140625]"
1779196492.4210575,4.701968073000001,1.1997311278759422,0.903,0.0,0.36833341656013335,0.5,2.2048972383935297,2,1.2455923997631406,172.16,2,"[434.0, 695.4000244140625]"
1779196492.4709408,4.751851629,1.1625576327270306,0.903,0.0,0.36905818935906665,0.5,2.361567483851145,2,1.2455923997631406,64.56,2,"[423.0, 698.4000244140625]"
1779196492.5211668,4.802077459,1.1185945235023431,0.903,0.0,0.3697871720868,0.5,2.5191477670190956,2,1.2302525918842842,-5.38,2,"[423.0, 698.4000244140625]"
1779196492.5713565,4.852267279,1.069097197236706,0.903,0.0,0.37051623708773335,0.5,2.676745834743059,2,1.2041749184902284,-8.07,2,"[424.0, 690.5999755859375]"
1779196492.621375,4.902285817,1.0154362444385354,0.903,0.0,0.3712432309288,0.5,2.8338961909563665,2,1.1719613219446299,-5.38,2,"[424.0, 690.5999755859375]"
1779196492.6714,4.952310919,0.9588041270493204,0.903,0.0,0.3719700137313333,0.5,2.9910009281027516,2,1.1320778214596032,-5.38,2,"[429.79998779296875, 670.2000122070312]"
1779196492.7210326,5.001943305,0.9009112936492529,0.903,0.0,0.37269259318866665,0.5,3.1471970506802727,2,1.086058397823034,-5.38,2,"[429.79998779296875, 670.2000122070312]"
1779196492.7711232,5.0520337810000004,0.8424165833710248,0.903,0.0,0.3734205337892,0.5,3.3045520628054046,2,1.038504993398579,-2.69,2,"[447.20001220703125, 657.4000244140625]"
1779196492.821098,5.102008897,0.7852954562094251,0.903,0.0,0.37414715479213334,0.5,3.461621824600776,2,0.9848156658225816,-2.69,2,"[447.20001220703125, 657.4000244140625]"
1779196492.8709517,5.15186231,0.731008992478424,0.903,0.0,0.37487167054000003,0.5,3.6182365047091274,2,0.9295923574586985,-21.52,2,"[480.79998779296875, 627.5999755859375]"
1779196492.9211628,5.202073618,0.6804438480181849,0.903,0.0,0.37560054670933335,0.5,3.775793753719743,2,0.8743690490948155,-51.11,2,"[480.79998779296875, 627.5999755859375]"
1779196492.9713507,5.252261315,0.6352029865272634,0.903,0.0,0.3763295065616,0.5,3.9333690920208575,2,0.8176117599430467,-37.66,2,"[536.7999877929688, 589.7999877929688]"
1779196493.021315,5.302225975000001,0.5965687959440189,0.903,0.0,0.3770557376788,0.5,4.090354574310112,2,0.7639224323670493,-99.53,2,"[536.7999877929688, 589.7999877929688]"
1779196493.0713909,5.35230149,0.5652986380503153,0.903,0.0,0.37778303467066665,0.5,4.247570461004582,2,0.7163690279425944,-118.36,2,"[582.7999877929688, 534.4000244140625]"
1779196493.1211364,5.402047187,0.5423389764616018,0.903,0.0,0.378507114404,0.5,4.404090890191732,2,0.6703496043060252,-118.36,2,"[582.7999877929688, 534.4000244140625]"
1779196493.1712174,5.452128239,0.5280821661160499,0.903,0.0,0.37923466404333334,0.5,4.561361390332891,2,0.6273981422452273,-139.88,2,"[618.0, 482.3999938964844]"
1779196493.2211287,5.502039546000001,0.5230458603206649,0.903,0.0,0.37996087193626665,0.5,4.718341852357085,2,0.5921165841238575,-161.4,2,"[618.0, 482.3999938964844]"
1779196493.270947,5.5518575850000005,0.5273288879325705,0.903,0.0,0.38068497628906667,0.5,4.8748676034021905,2,0.5645049299419159,-188.29999999999998,2,"[658.2000122070312, 442.79998779296875]"
1779196493.321142,5.6020526870000005,0.540949445385565,0.903,0.0,0.3814137195510667,0.5,5.03239612254799,2,0.5476311412751739,-177.54,2,"[658.2000122070312, 442.79998779296875]"
1779196493.371333,5.652243698,0.5636118797250362,0.903,0.0,0.3821425746034667,0.5,5.189948806824479,2,0.5445631796994026,-199.06,2,"[648.2000122070312, 426.0]"
1779196493.4213479,5.702258738,0.5946925959226528,0.903,0.0,0.38286948259613335,0.5,5.347080605649982,2,0.5445631796994026,-164.09,2,"[648.2000122070312, 426.0]"
1779196493.4711788,5.752089615,0.633366611686719,0.903,0.0,0.3835940201149333,0.5,5.503699991864128,2,0.5445631796994026,-56.49,2,"[640.7999877929688, 418.79998779296875]"
1779196493.521111,5.802021749000001,0.6789199502227974,0.903,0.0,0.38432032227106666,0.5,5.660700830258271,2,0.5568350260024878,-56.49,2,"[640.7999877929688, 418.79998779296875]"
1779196493.571057,5.851967712,0.7301654097841843,0.903,0.0,0.38504656391040004,0.5,5.817688587060605,2,0.5829126993965437,-64.56,2,"[637.0, 423.6000061035156]"
1779196493.621043,5.901953912000001,0.7858806006067994,0.903,0.0,0.3857730078537333,0.5,5.974720074832678,2,0.6151262959421421,-48.42,2,"[637.0, 423.6000061035156]"
1779196493.6709452,5.9518558960000005,0.8445992603166799,0.903,0.0,0.38649829792306667,0.5,6.131502135856021,2,0.6550097964271688,5.38,2,"[620.5999755859375, 437.79998779296875]"
1779196493.72131,6.0022206890000005,0.90545194723428,0.903,0.0,0.3872292928198667,0.5,0.006332071630460234,3,0.701029220063738,2.69,2,"[620.5999755859375, 437.79998779296875]"
1779196493.7712855,6.052196338000001,0.9660981992127408,0.903,0.0,0.3879557596096,0.5,0.16336849798618402,3,0.7531845668518499,2.69,2,"[594.7999877929688, 484.6000061035156]"
1779196493.8213332,6.102243982,1.0254508047132682,0.903,0.0,0.3886826634166667,0.5,0.32049939203300326,3,0.8084078752157329,2.69,2,"[594.7999877929688, 484.6000061035156]"
1779196493.8713565,6.152267239,1.0819931608679743,0.903,0.0,0.3894094468441333,0.5,0.47760426426787106,3,0.8666991451553873,2.69,2,"[563.0, 551.4000244140625]"
1779196493.9211218,6.2020326830000005,1.1341583841883478,0.903,0.0,0.3901337448536,0.5,0.6341718770350866,3,0.9219224535192704,2.69,2,"[563.0, 551.4000244140625]"
1779196493.9710903,6.252000924000001,1.1809942956518684,0.903,0.0,0.39086043221573336,0.5,0.7912559833425163,3,0.9802137234589247,34.97,2,"[534.0, 595.4000244140625]"
1779196494.0210989,6.302009568000001,1.2211537157688732,0.903,0.0,0.39158730325013336,0.5,0.9483797930978994,3,1.0354370318228079,83.39,2,"[534.0, 595.4000244140625]"
1779196494.0709312,6.351842025000001,1.2535029682038017,0.903,0.0,0.39231149528253334,0.5,1.104924497371485,3,1.086058397823034,129.12,2,"[492.3999938964844, 641.5999755859375]"
1779196494.1211576,6.402068489,1.27751106224163,0.903,0.0,0.3930405200116,0.5,1.2625138597422065,3,1.1351457830353744,131.81,2,"[492.3999938964844, 641.5999755859375]"
1779196494.1712878,6.4521984880000005,1.2922981062700356,0.903,0.0,0.39376889475186666,0.5,1.419962717523088,3,1.1780972450961724,166.78,2,"[458.3999938964844, 670.0]"
1779196494.2213426,6.502253364,1.297488098004949,0.903,0.0,0.39449606225173334,0.5,1.5771506126270118,3,1.214912784005428,172.16,2,"[458.3999938964844, 670.0]"
1779196494.2713501,6.552260994,1.2929560456844158,0.903,0.0,0.39522273624320003,0.5,1.7342318286691984,3,1.2425244381873692,172.16,2,"[434.20001220703125, 694.2000122070312]"
1779196494.321113,6.602024075,1.278847965308901,0.903,0.0,0.3959469801741333,0.5,1.890787751570148,3,1.2624661884298827,172.16,2,"[434.20001220703125, 694.2000122070312]"
1779196494.3712184,6.6521292370000005,1.2553415074068406,0.903,0.0,0.39667471206146665,0.5,2.048097647283182,3,1.2732040539450822,190.99,2,"[427.0, 697.4000244140625]"
1779196494.4210658,6.701976652000001,1.2231404384359772,0.903,0.0,0.39740022162773336,0.5,2.2049271557803714,3,1.2747380347329678,185.60999999999999,2,"[427.0, 697.4000244140625]"
1779196494.47094,6.7518507020000005,1.1829930517436376,0.903,0.0,0.3981249732516,0.5,2.361592823937489,3,1.2716700731571966,67.25,2,"[414.6000061035156, 707.2000122070312]"
1779196494.5211556,6.802066396000001,1.1355425766359268,0.903,0.0,0.3988538170116,0.5,2.5191430671964845,3,1.2547962844904545,51.11,2,"[414.6000061035156, 707.2000122070312]"
1779196494.5713158,6.852226628,1.0821585305978783,0.903,0.0,0.3995824978529333,0.5,2.6766580932018336,3,1.227184630308513,53.8,2,"[414.3999938964844, 704.2000122070312]"
1779196494.621313,6.902223924,1.0243113386065288,0.903,0.0,0.4003090231829334,0.5,2.8337071738927655,3,1.193437052975029,-5.38,2,"[414.3999938964844, 704.2000122070312]"
1779196494.6713488,6.952259698000001,0.9632195583776461,0.903,0.0,0.40103604039359997,0.5,2.9908625817870593,3,1.1520195717021164,-5.38,2,"[421.79998779296875, 680.2000122070312]"
1779196494.721072,7.001982677000001,0.9007296341559153,0.903,0.0,0.4017594758497333,0.5,3.147243741030284,3,1.1013982057018903,-5.38,2,"[421.79998779296875, 680.2000122070312]"
1779196494.7712233,7.0521341390000005,0.837632415851088,0.903,0.0,0.40248799589426665,0.5,3.3047240084545138,3,1.047708878125893,-2.69,2,"[448.6000061035156, 657.2000122070312]"
1779196494.8210778,7.101988543,0.7761660719018785,0.903,0.0,0.40321364298946666,0.5,3.4615832458429843,3,0.9909515889741242,-2.69,2,"[448.6000061035156, 657.2000122070312]"
1779196494.8709774,7.151888028,0.7176616626457459,0.903,0.0,0.4039384852286667,0.5,3.618268501830297,3,0.9341942998223555,-18.83,2,"[490.3999938964844, 623.5999755859375]"
1779196494.9211633,7.202074202,0.6632176539292908,0.903,0.0,0.4046672584293333,0.5,3.775803492656962,3,0.8759030298827011,-51.11,2,"[490.3999938964844, 623.5999755859375]"
1779196494.97135,7.252260645000001,0.6145230849047438,0.903,0.0,0.4053961088310667,0.5,3.933355171623802,3,0.8130098175793898,-59.18,2,"[548.2000122070312, 580.4000244140625]"
1779196495.021327,7.302237672,0.5729800556878425,0.903,0.0,0.40612175810626666,0.5,4.090214880251171,3,0.7516505860639642,-107.6,2,"[548.2000122070312, 580.4000244140625]"
1779196495.0713258,7.352236573000001,0.5393414027764161,0.903,0.0,0.4068490678584,0.5,4.24743352526399,3,0.6994952392758523,-121.05,2,"[585.4000244140625, 516.0]"
1779196495.1211996,7.402110572000001,0.5146443502395455,0.903,0.0,0.40757372375120005,0.5,4.404078499750298,3,0.6473398924877406,-121.05,2,"[585.4000244140625, 516.0]"
1779196495.1712174,7.452128254000001,0.49934600653719713,0.903,0.0,0.4083013558672,0.5,4.561366828429765,3,0.6043884304269426,-150.64,2,"[611.0, 476.3999938964844]"
1779196495.2209597,7.501870307000001,0.4939807910296813,0.903,0.0,0.4090253500864,0.5,4.717868772485744,3,0.5675728915176872,-164.09,2,"[611.0, 476.3999938964844]"
1779196495.2709513,7.551862099,0.4986460101682283,0.903,0.0,0.4097517150846667,0.5,4.874883195126522,3,0.5414952181236313,-199.06,2,"[648.5999755859375, 435.79998779296875]"
1779196495.3211975,7.602108203,0.5133718484193666,0.903,0.0,0.4104808848564,0.5,5.032503910591924,3,0.521553467881118,-172.16,2,"[648.5999755859375, 435.79998779296875]"
1779196495.371327,7.652237682000001,0.5377941748231958,0.903,0.0,0.41120916513,0.5,5.189932348020555,3,0.5154175447295755,-201.75,2,"[654.5999755859375, 419.3999938964844]"
1779196495.4213202,7.702230942000001,0.5712629124572568,0.903,0.0,0.4119356949944,0.5,5.3469824088883975,3,0.5154175447295755,-156.02,2,"[654.5999755859375, 419.3999938964844]"
1779196495.4713726,7.7522835290000005,0.6130765500561155,0.903,0.0,0.412662938024,0.5,5.504186630849343,3,0.516951525517461,-53.8,2,"[642.4000244140625, 421.79998779296875]"
1779196495.5211592,7.802070106,0.6619975618640122,0.903,0.0,0.41338733731626665,0.5,5.660776137375763,3,0.5322913333963175,-53.8,2,"[642.4000244140625, 421.79998779296875]"
1779196495.5712228,7.852133635,0.7172360436904213,0.903,0.0,0.4141147100704,0.5,5.818008401192735,3,0.5583690067903734,-72.63,2,"[652.4000244140625, 412.0]"
1779196495.621133,7.9020438760000005,0.7771577941886597,0.903,0.0,0.4148408694365333,0.5,5.974978373439058,3,0.5936505649117432,-64.56,2,"[652.4000244140625, 412.0]"
1779196495.6709483,7.951859039,0.8402018985506918,0.903,0.0,0.41556490452346667,0.5,6.131489151653575,3,0.6366020269725411,-53.8,2,"[641.0, 424.6000061035156]"
1779196495.7210493,8.001959858000001,0.9053444183640156,0.903,0.0,0.41629271943973334,0.5,0.005631688105854238,4,0.6872233929727672,2.69,2,"[641.0, 424.6000061035156]"
1779196495.7712924,8.052203405,0.9708144298076271,0.903,0.0,0.4170222999961334,0.5,0.16334120068761138,4,0.7424467013366504,2.69,2,"[603.5999755859375, 475.0]"
1779196495.821217,8.102127987000001,1.0344688785915783,0.903,0.0,0.417747713032,0.5,0.32014984272639424,4,0.8007379712763046,2.69,2,"[603.5999755859375, 475.0]"
1779196495.8713632,8.152273876,1.0953647853636366,0.903,0.0,0.41847625025493335,0.5,0.4776338235131412,4,0.8651651643675016,2.69,2,"[561.4000244140625, 544.2000122070312]"
1779196495.9211001,8.202010888,1.1513661664616466,0.903,0.0,0.41920021412853337,0.5,0.6341292079236567,4,0.923456434307156,2.69,2,"[561.4000244140625, 544.2000122070312]"
1779196495.9711025,8.252013237,1.201660163056602,0.903,0.0,0.4199269839818667,0.5,0.791231145910988,4,0.9878836273983529,40.35,2,"[525.5999755859375, 597.4000244140625]"
1779196496.0211055,8.302016344,1.2447575853031798,0.903,0.0,0.4206537472952,0.5,0.9483316701816236,4,1.047708878125893,91.46,2,"[525.5999755859375, 597.4000244140625]"
1779196496.0709379,8.351848774,1.2794799965680954,0.903,0.0,0.42137835301893334,0.5,1.104965799890092,4,1.1013982057018903,129.12,2,"[477.3999938964844, 653.5999755859375]"
1779196496.1211576,8.402068604,1.3052073916231877,0.903,0.0,0.4221071859225333,0.5,1.2625136963793757,4,1.1535535524900022,153.32999999999998,2,"[477.3999938964844, 653.5999755859375]"
1779196496.1713445,8.452255269,1.3210429073020116,0.903,0.0,0.4228361153565333,0.5,1.420082459327066,4,1.1980389953386859,174.85,2,"[449.3999938964844, 686.2000122070312]"
1779196496.221198,8.502108857000001,1.326553403536579,0.903,0.0,0.4235609520294667,0.5,1.5767665120843937,4,1.2363885150358267,180.23,2,"[449.3999938964844, 686.2000122070312]"
1779196496.2713916,8.552302337,1.3216316498242286,0.903,0.0,0.4242896700470667,0.5,1.7342895742837534,4,1.2686021115814252,188.29999999999998,2,"[435.6000061035156, 700.7999877929688]"
1779196496.3212752,8.60218592,1.3064036803425165,0.903,0.0,0.42501491544093334,0.5,1.8910619780512796,4,1.2885438618239387,188.29999999999998,2,"[435.6000061035156, 700.7999877929688]"
1779196496.3712132,8.652123908,1.2811619558077996,0.903,0.0,0.4257413223388,0.5,2.048085457903678,4,1.2992817273391382,196.37,2,"[423.0, 720.4000244140625]"
1779196496.421098,8.702008947000001,1.2465340240176275,0.903,0.0,0.4264672997330667,0.5,2.2050160942683874,4,1.303883669702795,209.82,2,"[423.0, 720.4000244140625]"
1779196496.4709365,8.751847307,1.2034302549942795,0.903,0.0,0.4271917135441333,0.5,2.3616087392458667,4,1.3023496889149093,72.63,2,"[416.0, 717.7999877929688]"
1779196496.5211601,8.802070914,1.1524862273757432,0.903,0.0,0.42792052395013336,0.5,2.519151772549723,4,1.2839419194602817,56.49,2,"[416.0, 717.7999877929688]"
1779196496.5713735,8.852284262000001,1.0951364553052882,0.903,0.0,0.4286498264838667,0.5,2.676801186464015,4,1.2532623037025687,53.8,2,"[416.0, 707.5999755859375]"
1779196496.6213558,8.902266699,1.033095515251738,0.903,0.0,0.4293759656196,0.5,2.8337667856133635,4,1.214912784005428,48.42,2,"[416.0, 707.5999755859375]"
1779196496.671361,8.952271545,0.9675722260363148,0.903,0.0,0.4301028376277334,0.5,2.9908908058554573,4,1.1688933603688585,-2.69,2,"[424.3999938964844, 686.4000244140625]"
1779196496.7210233,9.001933991000001,0.900598286725391,0.903,0.0,0.43082578915293335,0.5,3.147167356346504,4,1.1167380135807468,-2.69,2,"[424.3999938964844, 686.4000244140625]"
1779196496.771219,9.052129911,0.8329119671781651,0.903,0.0,0.43155466003213333,0.5,3.3047234618173924,4,1.059980724428978,-2.69,2,"[442.6000061035156, 661.0]"
1779196496.821077,9.101987734,0.7670268849067599,0.903,0.0,0.43228026522773333,0.5,3.4615736419942422,4,1.000155473701438,-2.69,2,"[442.6000061035156, 661.0]"
1779196496.8709362,9.151846908000001,0.704340102279784,0.903,0.0,0.4330049720017334,0.5,3.6182296151964337,4,0.9387962421860124,-16.14,2,"[481.0, 627.2000122070312]"
1779196496.9211617,9.202072321000001,0.6459879494689529,0.903,0.0,0.43373401027586667,0.5,3.775821905531508,4,0.8743690490948155,-59.18,2,"[481.0, 627.2000122070312]"
1779196496.9713478,9.252258646000001,0.5938536973512929,0.903,0.0,0.4344625619885334,0.5,3.9333090184861312,4,0.8068738944278473,-43.04,2,"[538.4000244140625, 585.5999755859375]"
1779196497.0213432,9.302254156,0.5493096248440263,0.903,0.0,0.43518933201626664,0.5,4.090410994172572,4,0.7424467013366504,-102.22,2,"[538.4000244140625, 585.5999755859375]"
1779196497.071253,9.352163950000001,0.5134017180153401,0.903,0.0,0.435914777258,0.5,4.247226597980678,4,0.684155431396996,-102.22,2,"[602.2000122070312, 516.7999877929688]"
1779196497.121073,9.401983735,0.48695365258247864,0.903,0.0,0.4366402077484,0.5,4.404039013072239,4,0.6289321230331129,-145.26,2,"[602.2000122070312, 516.7999877929688]"
1779196497.1711981,9.452108838000001,0.47061172762554876,0.903,0.0,0.4373679209458667,0.5,4.56134486869712,4,0.5844466801844292,-161.4,2,"[630.0, 468.0]"
1779196497.2210343,9.501945023000001,0.46491407664608475,0.903,0.0,0.4380930456694667,0.5,4.718091187820843,4,0.5460971604872883,-180.23,2,"[630.0, 468.0]"
1779196497.2709503,9.55186098,0.4699620960456044,0.903,0.0,0.43881837149080005,0.5,4.87488097716211,4,0.5154175447295755,-199.06,2,"[657.7999877929688, 440.0]"
1779196497.3210015,9.60191239,0.4857277560925741,0.903,0.0,0.43954568385893333,0.5,5.032100187661605,4,0.4954757944870621,-209.82,2,"[657.7999877929688, 440.0]"
1779196497.371387,9.652297712000001,0.5119982464864079,0.903,0.0,0.440276274046,0.5,5.1900279466850066,4,0.4878058905476339,-223.26999999999998,2,"[680.2000122070312, 411.0]"
1779196497.4212353,9.702146021,0.5478132391885046,0.903,0.0,0.4410016092122667,0.5,5.346819756070353,4,0.4878058905476339,-139.88,2,"[680.2000122070312, 411.0]"
1779196497.4713688,9.752279508,0.592656354762669,0.903,0.0,0.44172962092440005,0.5,5.50419014000834,4,0.48933987133551954,-59.18,2,"[659.0, 408.79998779296875]"
1779196497.5210888,9.801999708,0.6450089325809467,0.903,0.0,0.4424534473272,0.5,5.660655808093946,4,0.5062136600022615,-59.18,2,"[659.0, 408.79998779296875]"
1779196497.571173,9.852083825000001,0.7041557251648802,0.903,0.0,0.44318088869320005,0.5,5.817902903369834,4,0.5368932757599744,-72.63,2,"[649.4000244140625, 408.3999938964844]"
1779196497.621046,9.901956807000001,0.7682012522962732,0.903,0.0,0.4439060090858667,0.5,5.974648286298944,4,0.5721748338813442,-61.87,2,"[649.4000244140625, 408.3999938964844]"
1779196497.6709802,9.951891032,0.8358238729531539,0.903,0.0,0.44463172283093333,0.5,6.1315219310313225,4,0.6166602767300278,-34.97,2,"[636.4000244140625, 417.0]"
1779196497.721066,10.001976945000001,0.9055206585057473,0.903,0.0,0.44535951642680005,0.5,0.005659858767177894,5,0.6703496043060252,2.69,2,"[636.4000244140625, 417.0]"
1779196497.771406,10.052316596,0.975522127311737,0.903,0.0,0.44608876728,0.5,0.16329810117799326,5,0.7301748550335652,2.69,2,"[607.4000244140625, 463.0]"
1779196497.821317,10.102227694,1.043641251952969,0.903,0.0,0.44681464969893336,0.5,0.32020820723471033,5,0.7946020481247621,2.69,2,"[607.4000244140625, 463.0]"
1779196497.8712523,10.152163026,1.1086276808412063,0.903,0.0,0.44754177727573335,0.5,0.4773874723836151,5,0.8605632220038447,5.38,2,"[566.5999755859375, 543.0]"
1779196497.9210994,10.202010157,1.168559663506114,0.903,0.0,0.4482665271992,0.5,0.6340527729743926,5,0.9265243958829272,5.38,2,"[566.5999755859375, 543.0]"
1779196497.9712176,10.252128176000001,1.2223984801675956,0.903,0.0,0.44899460149186665,0.5,0.7914366846103462,5,0.9955535313377811,37.66,2,"[526.5999755859375, 612.2000122070312]"
1779196498.0210989,10.302009700000001,1.2683702643878934,0.903,0.0,0.4497203729488,0.5,0.9483228046071517,5,1.0569127628532067,99.53,2,"[526.5999755859375, 612.2000122070312]"
1779196498.0739403,10.354851105,1.3072788776692308,0.903,0.0,0.45048636600159997,0.5,1.11390341107807,5,1.1152040327928612,129.12,2,"[479.79998779296875, 663.2000122070312]"
1779196498.1214092,10.402319799,1.332918566699234,0.903,0.0,0.4511743380316,0.5,1.262618631857194,5,1.1704273411567443,164.09,2,"[479.79998779296875, 663.2000122070312]"
1779196498.1730626,10.453973348,1.3501387832304637,0.903,0.0,0.45192605445333334,0.5,1.4251131356255584,5,1.2195147263690846,182.92,2,"[446.79998779296875, 693.5999755859375]"
1779196498.2213392,10.502250084,1.355620127905805,0.903,0.0,0.45262905563586664,0.5,1.5770771276332383,5,1.260932207641997,174.85,2,"[446.79998779296875, 693.5999755859375]"
1779196498.2713652,10.552275911,1.3503146227410987,0.903,0.0,0.4533560748230667,0.5,1.7342329627841337,5,1.2931458041875956,199.06,2,"[431.6000061035156, 709.4000244140625]"
1779196498.3211393,10.60205005,1.3340443637182688,0.903,0.0,0.4540798448656,0.5,1.890686447773426,5,1.3161555160058802,199.06,2,"[431.6000061035156, 709.4000244140625]"
1779196498.3711023,10.652013120000001,1.3070633367859692,0.903,0.0,0.45480611122613335,0.5,2.047679548424867,5,1.325359400733194,236.72,2,"[423.20001220703125, 716.0]"
1779196498.421126,10.702036832000001,1.269961203883584,0.903,0.0,0.45553374075520003,0.5,2.204967317900845,5,1.3284273623089653,228.65,2,"[423.20001220703125, 716.0]"
1779196498.4709437,10.751854374,1.2238807954552875,0.903,0.0,0.45625825221573335,0.5,2.361581071239364,5,1.3268933815210797,64.56,2,"[413.79998779296875, 719.2000122070312]"
1779196498.5210633,10.801973984,1.1695363044333358,0.903,0.0,0.45698588983986665,0.5,2.518870590582445,5,1.3084856120664519,56.49,2,"[413.79998779296875, 719.2000122070312]"
1779196498.571195,10.852105812000001,1.108358794449308,0.903,0.0,0.45771429280386666,0.5,2.676325549336262,5,1.2747380347329678,61.87,2,"[408.20001220703125, 718.0]"
1779196498.62108,10.901990786,1.0421922346913874,0.903,0.0,0.45843955257120006,0.5,2.8331010601389224,5,1.2348545342479411,61.87,2,"[408.20001220703125, 718.0]"
1779196498.671064,10.951974611,0.9722605353632172,0.903,0.0,0.4591661925256,0.5,2.990174918571114,5,1.1873011298234863,61.87,2,"[415.20001220703125, 704.4000244140625]"
1779196498.7210042,11.001914911,0.9004311781022885,0.903,0.0,0.4598925068316,0.5,3.1471783833367155,5,1.1305438406717176,-2.69,2,"[415.20001220703125, 704.4000244140625]"
1779196498.7709985,11.051909096000001,0.8284308383367998,0.903,0.0,0.4606188927288,0.5,3.3041973235877293,5,1.0707185899441776,-2.69,2,"[435.20001220703125, 673.2000122070312]"
1779196498.8209853,11.101895923,0.758027736530511,0.903,0.0,0.4613454187128,0.5,3.461246545650333,5,1.0078253776408663,-2.69,2,"[435.20001220703125, 673.2000122070312]"
1779196498.871135,11.152045764,0.6908331404684268,0.903,0.0,0.4620735597570667,0.5,3.6186448866213468,5,0.940330222973898,-29.59,2,"[488.3999938964844, 634.5999755859375]"
1779196498.9211352,11.202045918000001,0.6287735590599695,0.903,0.0,0.4628005628558667,0.5,3.775797244029171,5,0.8728350683069298,-56.49,2,"[488.3999938964844, 634.5999755859375]"
1779196498.971366,11.252276685,0.5731511895646519,0.903,0.0,0.46352950740453336,0.5,3.933369274233222,5,0.7992039904884191,-56.49,2,"[549.5999755859375, 586.5999755859375]"
1779196499.0213218,11.302232468000001,0.5257064916667089,0.903,0.0,0.4642556588354667,0.5,4.090337531169958,5,0.7332428166093364,-121.05,2,"[549.5999755859375, 586.5999755859375]"
1779196499.0710413,11.351952229,0.48751965390211904,0.903,0.0,0.46497935193853335,0.5,4.246774384567743,5,0.6703496043060252,-121.05,2,"[597.5999755859375, 526.4000244140625]"
1779196499.121087,11.401997874000001,0.45925549639751334,0.903,0.0,0.46570695061333334,0.5,4.404055484442516,5,0.6120583343663708,-139.88,2,"[597.5999755859375, 526.4000244140625]"
1779196499.1710806,11.451991355,0.44190022228540315,0.903,0.0,0.466433090156,0.5,4.561021171556462,5,0.5645049299419159,-172.16,2,"[647.7999877929688, 452.0]"
1779196499.2210593,11.501970254000002,0.43584795014116584,0.903,0.0,0.46715955358853334,0.5,4.718056872204286,5,0.5230874486690036,-196.37,2,"[647.7999877929688, 452.0]"
1779196499.2711456,11.552056291000001,0.4413077112361918,0.903,0.0,0.4678869472416,0.5,4.875293653631495,5,0.4908738521234052,-204.44,2,"[663.2000122070312, 417.6000061035156]"
1779196499.3211982,11.602108973,0.4581911409203385,0.903,0.0,0.46861419909293334,0.5,5.032499782539183,5,0.4678641403051206,-207.13,2,"[663.2000122070312, 417.6000061035156]"
1779196499.3712192,11.652129789,0.4860964330585977,0.903,0.0,0.46934101181960003,0.5,5.1896109882248425,5,0.4632621979414636,-247.48,2,"[669.4000244140625, 403.6000061035156]"
1779196499.4213734,11.702284144,0.5244878041767878,0.903,0.0,0.47006970813893334,0.5,5.347129360026372,5,0.4632621979414636,-193.68,2,"[669.4000244140625, 403.6000061035156]"
1779196499.4712546,11.752165405000001,0.572123395656301,0.903,0.0,0.4707947292253334,0.5,5.50385327645288,5,0.4632621979414636,-193.68,2,"[666.4000244140625, 399.3999938964844]"
1779196499.521106,11.802016809000001,0.6280810995796209,0.903,0.0,0.471520365842,0.5,5.660710248753048,5,0.4816699673960913,-80.7,2,"[666.4000244140625, 399.3999938964844]"
1779196499.5709982,11.851908957000001,0.690950268440713,0.903,0.0,0.4722457490554667,0.5,5.817512444243704,5,0.5123495831538042,-86.08,2,"[659.0, 400.6000061035156]"
1779196499.6209898,11.901900636,0.7593414075070027,0.903,0.0,0.47297233269320005,0.5,5.974574129004367,5,0.5506991028509451,-67.25,2,"[659.0, 400.6000061035156]"
1779196499.6711636,11.952074253000001,0.8316599319659346,0.903,0.0,0.47370064058013334,0.5,6.132008535459043,5,0.5967185264875144,-37.66,2,"[644.7999877929688, 414.20001220703125]"
1779196499.7212026,12.002113383000001,0.9058396165839451,0.903,0.0,0.4744276890229333,0.5,0.005985387456362901,6,0.6550097964271688,5.38,2,"[644.7999877929688, 414.20001220703125]"
1779196499.771291,12.052201643,0.9802365049998515,0.903,0.0,0.4751553247286667,0.5,0.16327449210921685,6,0.7194369895183657,2.69,2,"[613.5999755859375, 468.3999938964844]"
1779196499.8213494,12.10226033,1.0529387956123926,0.903,0.0,0.4758828314074667,0.5,0.3205357057024898,6,0.7853981633974483,2.69,2,"[613.5999755859375, 468.3999938964844]"
1779196499.8712668,12.152177790000001,1.1219589529901117,0.903,0.0,0.4766081861646667,0.5,0.47733174995473604,6,0.8574952604280734,2.69,2,"[572.2000122070312, 549.5999755859375]"
1779196499.9210641,12.20197474,1.185749990552964,0.903,0.0,0.47733284518213337,0.5,0.633977399883463,6,0.9295923574586985,2.69,2,"[572.2000122070312, 549.5999755859375]"
1779196499.9709806,12.251891568000001,1.2428871118696447,0.903,0.0,0.4780587008452,0.5,0.7908817222681037,6,0.9986214929135524,45.73,2,"[525.0, 614.2000122070312]"
1779196500.0209548,12.301865382,1.291838244984658,0.903,0.0,0.4787846383018667,0.5,0.9478037255361969,6,1.0630486860047492,110.28999999999999,2,"[525.0, 614.2000122070312]"
1779196500.070961,12.351871820000001,1.3314237845578578,0.903,0.0,0.47951178391453336,0.5,1.1049868894015873,6,1.1259418983080607,145.26,2,"[481.20001220703125, 652.5999755859375]"
1779196500.1212075,12.402118066,1.3606168972358825,0.903,0.0,0.4802410372384,0.5,1.2626256658831565,6,1.1857671490356005,180.23,2,"[481.20001220703125, 652.5999755859375]"
1779196500.171366,12.452276691000002,1.378521908344617,0.903,0.0,0.4809697294012,0.5,1.4201431391891859,6,1.239456476611598,166.78,2,"[442.20001220703125, 700.2000122070312]"
1779196500.2212873,12.502198112,1.3846861044840926,0.903,0.0,0.48169538842826665,0.5,1.577004955825224,6,1.2854759002481673,182.92,2,"[442.20001220703125, 700.2000122070312]"
1779196500.271369,12.552279735,1.3789913207760942,0.903,0.0,0.48242290568733337,0.5,1.7342684564979507,6,1.320757458369537,209.82,2,"[424.0, 717.5999755859375]"
1779196500.32116,12.602070783,1.3616140560915047,0.903,0.0,0.48314721439333336,0.5,1.8908383814773586,6,1.342233189399936,209.82,2,"[424.0, 717.5999755859375]"
1779196500.3711333,12.652044096000001,1.3328353814942602,0.903,0.0,0.4838738737206667,0.5,2.0479164276525594,6,1.354505035703021,247.48,2,"[409.6000061035156, 734.5999755859375]"
1779196500.420941,12.701851920000001,1.2935192653541667,0.903,0.0,0.48459807194426674,0.5,2.2044624702446143,6,1.354505035703021,263.62,2,"[409.6000061035156, 734.5999755859375]"
1779196500.4711647,12.752075540000002,1.2441605473128607,0.903,0.0,0.48532711760133335,0.5,2.3620563565087522,6,1.3529710549151355,64.56,2,"[399.6000061035156, 738.4000244140625]"
1779196500.5210407,12.801951629000001,1.1864795629816025,0.903,0.0,0.486052672468,0.5,2.5188956573502423,6,1.3330293046726223,-8.07,2,"[399.6000061035156, 738.4000244140625]"
1779196500.571191,12.852101879000001,1.121414253024325,0.903,0.0,0.48678080599853335,0.5,2.6762923741178497,6,1.2992817273391382,-8.07,2,"[406.0, 724.2000122070312]"
1779196500.621398,12.902308656,1.050645770821434,0.903,0.0,0.487509932272,0.5,2.8339036867964396,6,1.2578642460662257,-8.07,2,"[406.0, 724.2000122070312]"
1779196500.67114,12.952050817,0.9765506132457774,0.903,0.0,0.48823376464800006,0.5,2.9903706460766273,6,1.205708899278114,-8.07,2,"[415.6000061035156, 701.4000244140625]"
1779196500.7212095,13.002120325,0.9000429078104873,0.903,0.0,0.48896131079933336,0.5,3.1476403922355516,6,1.145883648550574,-2.69,2,"[415.6000061035156, 701.4000244140625]"
1779196500.7710958,13.052006371000001,0.8235912969721182,0.903,0.0,0.489686839942,0.5,3.304474132458047,6,1.081456455459377,-2.69,2,"[442.20001220703125, 667.7999877929688]"
1779196500.8209586,13.101869216,0.7489396390134591,0.903,0.0,0.490411632172,0.5,3.4611485782250426,6,1.0154952815802945,-2.69,2,"[442.20001220703125, 667.7999877929688]"
1779196500.8710468,13.151957565,0.6775586409544521,0.903,0.0,0.49113946859760005,0.5,3.618481071414031,6,0.944932165337555,-32.28,2,"[486.79998779296875, 637.4000244140625]"
1779196500.9210773,13.201988044,0.6116346098919402,0.903,0.0,0.49186625413240004,0.5,3.7755863991798364,6,0.8728350683069298,-56.49,2,"[486.79998779296875, 637.4000244140625]"
1779196500.9713447,13.252255617000001,0.5524840750710367,0.903,0.0,0.4925959516094667,0.5,3.9333211858744903,6,0.7946020481247621,-40.35,2,"[553.4000244140625, 584.2000122070312]"
1779196501.0213306,13.302241206000001,0.5020721710048038,0.903,0.0,0.4933225206266667,0.5,4.090379710192941,6,0.722504951094137,-129.12,2,"[553.4000244140625, 584.2000122070312]"
1779196501.071149,13.352059876,0.46148796962004124,0.903,0.0,0.4940472327634667,0.5,4.247036842642821,6,0.6550097964271688,-129.12,2,"[606.0, 503.6000061035156]"
1779196501.1210508,13.401961459,0.4315818383132623,0.903,0.0,0.4947729516678667,0.5,4.403911602640591,6,0.5936505649117432,-150.64,2,"[606.0, 503.6000061035156]"
1779196501.1712039,13.452114668,0.4131418992725811,0.903,0.0,0.49550115908586667,0.5,4.561324291265251,6,0.543029198911517,-185.60999999999999,2,"[641.4000244140625, 446.6000061035156]"
1779196501.221061,13.501971778000001,0.40678153757413327,0.903,0.0,0.4962267720568,0.5,4.718176152194168,6,0.49854375606283335,-193.68,2,"[641.4000244140625, 446.6000061035156]"
1779196501.2709918,13.551902536,0.4126022384543212,0.903,0.0,0.4969521742217333,0.5,4.874982444321645,6,0.46479617872934925,-215.2,2,"[669.5999755859375, 415.6000061035156]"
1779196501.3211756,13.602086299000002,0.43059650539489086,0.903,0.0,0.4976807277946667,0.5,5.032469959400132,6,0.440252486123179,-217.89,2,"[669.5999755859375, 415.6000061035156]"
1779196501.3712802,13.652190941,0.46033777643584267,0.903,0.0,0.49840892342613335,0.5,5.18988010019315,6,0.4325825821837508,-258.24,2,"[675.7999877929688, 406.20001220703125]"
1779196501.4212894,13.702200082000001,0.5010333247711665,0.903,0.0,0.49913559506320004,0.5,5.346960807297329,6,0.4341165629716365,-180.23,2,"[675.7999877929688, 406.20001220703125]"
1779196501.4712694,13.752180194000001,0.551709799613638,0.903,0.0,0.4998615873832001,0.5,5.503894670077692,6,0.4356505437595221,-180.23,2,"[677.5999755859375, 392.20001220703125]"
1779196501.5212204,13.802131251,0.6112170592803587,0.903,0.0,0.5005879853140001,0.5,5.660916211567425,6,0.45559229400203544,-88.77,2,"[677.5999755859375, 392.20001220703125]"
1779196501.5712304,13.852141026000002,0.67813005196447,0.903,0.0,0.5013148165416,0.5,5.818031416500531,6,0.48627190975974827,-78.01,2,"[676.2000122070312, 389.3999938964844]"
1779196501.621036,13.901946782000001,0.7504543580777744,0.903,0.0,0.5020384322401333,0.5,5.974451537775849,6,0.5276893910326605,-78.01,2,"[676.2000122070312, 389.3999938964844]"
1779196501.6711338,13.952044475000001,0.8272431162319281,0.903,0.0,0.5027669406725334,0.5,6.13192929506755,6,0.5783107570328867,-43.04,2,"[658.5999755859375, 407.0]"
1779196501.721157,14.002067735,0.9059573725077262,0.903,0.0,0.5034938391749334,0.5,0.00587373525346635,7,0.6396699885483124,-48.42,2,"[658.5999755859375, 407.0]"
1779196501.7711253,14.052036013,0.9847109278606591,0.903,0.0,0.5042196670066668,0.5,0.16277204148817503,7,0.7086991240031663,2.69,2,"[622.5999755859375, 450.79998779296875]"
1779196501.8213348,14.102245746000001,1.0620920593948848,0.903,0.0,0.5049494507536001,0.5,0.32052547667682063,7,0.7807962210337913,2.69,2,"[622.5999755859375, 450.79998779296875]"
1779196501.8712513,14.152161994,1.135315266952965,0.903,0.0,0.5056748812585334,0.5,0.47733789490997225,7,0.8574952604280734,2.69,2,"[568.5999755859375, 541.5999755859375]"
1779196501.9212174,14.202128245,1.2031338900946291,0.903,0.0,0.5064013834078667,0.5,0.634381964760621,7,0.9326603190344698,10.76,2,"[568.5999755859375, 541.5999755859375]"
1779196501.9710374,14.251948154,1.26363063924537,0.903,0.0,0.507126368844,0.5,0.7910981748603518,7,1.004757416065095,51.11,2,"[519.0, 618.2000122070312]"
1779196502.0209215,14.30183214,1.3154359159445426,0.903,0.0,0.5078511752294668,0.5,0.9477756805385908,7,1.0722525707320631,107.6,2,"[519.0, 618.2000122070312]"
1779196502.0711434,14.352053961000001,1.3574929131617182,0.903,0.0,0.5085804261698667,0.5,1.1054139417989646,7,1.141281706186917,153.32999999999998,2,"[480.6000061035156, 670.7999877929688]"
1779196502.1211705,14.402081428,1.3883023951089517,0.903,0.0,0.5093073592470667,0.5,1.2625511630133843,7,1.2041749184902284,166.78,2,"[480.6000061035156, 670.7999877929688]"
1779196502.1713722,14.452282910000001,1.4072612438460252,0.903,0.0,0.5100365043993333,0.5,1.4201665566208348,7,1.260932207641997,188.29999999999998,2,"[439.6000061035156, 706.0]"
1779196502.221336,14.502246552,1.4137524131021066,0.903,0.0,0.5107627144141333,0.5,1.5771474773175527,7,1.3084856120664519,209.82,2,"[439.6000061035156, 706.0]"
1779196502.271081,14.551991728,1.4077175769373365,0.903,0.0,0.5114867975192,0.5,1.7336686353541992,7,1.3437671701878218,209.82,2,"[416.79998779296875, 737.0]"
1779196502.3210618,14.601972414,1.3892209872144328,0.903,0.0,0.5122134027098667,0.5,1.890734979096763,7,1.3698448435818775,244.79,2,"[416.79998779296875, 737.0]"
1779196502.3710268,14.65193763,1.3587161760184152,0.903,0.0,0.5129393355885333,0.5,2.0476559927631754,7,1.3836506706728484,242.1,2,"[413.20001220703125, 746.7999877929688]"
1779196502.4211102,14.702020906000001,1.3167661203020897,0.903,0.0,0.5136674611693334,0.5,2.2050509910796023,7,1.3836506706728484,255.54999999999998,2,"[413.20001220703125, 746.7999877929688]"
1779196502.4709237,14.751834344,1.264767095568779,0.903,0.0,0.5143915620050667,0.5,2.361575981859289,7,1.380582709097077,75.32,2,"[422.3999938964844, 738.2000122070312]"
1779196502.521147,14.802057862000002,1.203336013458451,0.903,0.0,0.5151204077852001,0.5,2.5191266617996675,7,1.359106978066678,64.56,2,"[422.3999938964844, 738.2000122070312]"
1779196502.571181,14.852091858000001,1.1344633971230125,0.903,0.0,0.5158474002165334,0.5,2.67627671327849,7,1.3238254199453083,72.63,2,"[399.20001220703125, 735.5999755859375]"
1779196502.621312,14.902222562,1.059539991171058,0.903,0.0,0.5165757396989334,0.5,2.8337179495555915,7,1.2793399770966247,64.56,2,"[399.20001220703125, 735.5999755859375]"
1779196502.6712627,14.952173510000001,0.9808172712350414,0.903,0.0,0.5173014469912001,0.5,2.9905901994208293,7,1.2256506495206272,64.56,2,"[405.0, 715.2000122070312]"
1779196502.7211952,15.002105755,0.8999407559248831,0.903,0.0,0.5179726772025334,0.5,3.147498876052886,7,1.162757437217316,-2.69,2,"[405.0, 715.2000122070312]"
1779196502.7710416,15.051952501,0.8192377412340816,0.903,0.0,0.5172475424799999,0.5,3.304247356592356,7,1.0967962633382335,-2.69,2,"[434.6000061035156, 674.2000122070312]"
1779196502.8211987,15.10210952,0.7403252303280224,0.903,0.0,0.5165178017081333,0.5,3.4619915020915286,7,1.0246991663076084,-8.07,2,"[434.6000061035156, 674.2000122070312]"
1779196502.8709383,15.151848855,0.6663569451598343,0.903,0.0,0.5157950319368,0.5,3.6182287638248454,7,0.9480001269133262,-29.59,2,"[474.3999938964844, 635.2000122070312]"
1779196502.9211571,15.202067984000001,0.5978092598582276,0.903,0.0,0.5150661595461333,0.5,3.775785196021367,7,0.8697671067311585,-45.73,2,"[474.3999938964844, 635.2000122070312]"
1779196502.9713514,15.25226222,0.5369965599072717,0.903,0.0,0.5143371622124,0.5,3.933368636489938,7,0.7884661249732196,-53.8,2,"[553.5999755859375, 588.7999877929688]"
1779196503.0213373,15.302247909,0.48557508047427494,0.903,0.0,0.5136106779826667,0.5,4.09040883275685,7,0.7148350471547088,-123.74,2,"[553.5999755859375, 588.7999877929688]"
1779196503.0710895,15.352000256,0.4446936387003905,0.903,0.0,0.5128869453198667,0.5,4.246854237569842,7,0.6458059116998549,-123.74,2,"[612.4000244140625, 509.0]"
1779196503.1210878,15.401998615,0.4149889826738937,0.903,0.0,0.5121595802974667,0.5,4.404084830059524,7,0.5798447378207724,-153.32999999999998,2,"[612.4000244140625, 509.0]"
1779196503.1712081,15.452118818,0.39738912237501167,0.903,0.0,0.5114319701413333,0.5,4.561368411792493,7,0.5292233718205462,-174.85,2,"[653.7999877929688, 443.79998779296875]"
1779196503.220977,15.501887801,0.39229993919389095,0.903,0.0,0.5107078247609333,0.5,4.717903031553661,7,0.48473792897186263,-199.06,2,"[653.7999877929688, 443.79998779296875]"
1779196503.271157,15.552067803000002,0.3997739295682723,0.903,0.0,0.5099796294782667,0.5,4.875313096948453,7,0.45099035163837853,-225.96,2,"[683.5999755859375, 412.79998779296875]"
1779196503.3211765,15.602087196000001,0.41960824944684144,0.903,0.0,0.5092527211658666,0.5,5.032444964888995,7,0.42644665903220824,-231.34,2,"[683.5999755859375, 412.79998779296875]"
1779196503.3713179,15.652228617,0.4513588395063644,0.903,0.0,0.5085243099323999,0.5,5.189901711209032,7,0.42337869745643697,-271.69,2,"[688.5999755859375, 393.20001220703125]"
1779196503.421208,15.702118749,0.49398178046993996,0.903,0.0,0.507798887508,0.5,5.346712382716667,7,0.42337869745643697,-196.37,2,"[688.5999755859375, 393.20001220703125]"
1779196503.4711008,15.752011436000002,0.5464990909871479,0.903,0.0,0.5070735712496,0.5,5.503500104889973,7,0.4249126782443226,-196.37,2,"[676.5999755859375, 391.20001220703125]"
1779196503.521231,15.802141647000001,0.6078431940071363,0.903,0.0,0.5063455492188,0.5,5.660872719358743,7,0.44638840927472156,-69.94,2,"[676.5999755859375, 391.20001220703125]"
1779196503.5712233,15.852133920000002,0.6761615111000081,0.903,0.0,0.5056189047590667,0.5,5.817947551684661,7,0.47860200582032003,-86.08,2,"[668.4000244140625, 388.20001220703125]"
1779196503.621471,15.902381551000001,0.7502563643469651,0.903,0.0,0.5048884781301334,0.5,5.9758399552243375,7,0.5200194870932323,-72.63,2,"[668.4000244140625, 388.20001220703125]"
1779196503.6712394,15.952150101,0.8271744100014017,0.903,0.0,0.5041650750106667,0.5,6.132214124423911,7,0.5752427954571154,-48.42,2,"[656.2000122070312, 394.0]"
1779196503.7212255,16.002136304,0.9059775367389293,0.903,0.0,0.5034393059226667,0.5,0.005914425161527959,8,0.6366020269725411,5.38,2,"[656.2000122070312, 394.0]"
1779196503.771245,16.052155688000003,0.9846392709924034,0.903,0.0,0.5027120561495999,0.5,0.16312010482146633,8,0.7086991240031663,2.69,2,"[604.2000122070312, 460.20001220703125]"
1779196503.821082,16.101992853000002,1.0608338057151436,0.903,0.0,0.5019870370397332,0.5,0.3198435939913722,8,0.7807962210337913,2.69,2,"[604.2000122070312, 460.20001220703125]"
1779196503.8711681,16.152078812000003,1.1332155892847373,0.903,0.0,0.5012591901501333,0.5,0.47717834912707247,8,0.8574952604280734,2.69,2,"[568.0, 561.5999755859375]"
1779196503.9211078,16.202018489,1.1995328000333392,0.903,0.0,0.5005333638589333,0.5,0.6340763223529606,8,0.9341942998223555,8.07,2,"[568.0, 561.5999755859375]"
1779196503.97134,16.252250723,1.25857834157692,0.903,0.0,0.49980493448786667,0.5,0.7915369893806243,8,1.0062913968529805,43.04,2,"[524.0, 616.2000122070312]"
1779196504.0218627,16.302773419,1.3090803736310934,0.903,0.0,0.49906980779346666,0.5,0.9504453808428792,8,1.0737865515199487,129.12,2,"[524.0, 616.2000122070312]"
1779196504.0712588,16.352169375000003,1.348381251068537,0.903,0.0,0.4983523136076,0.5,1.1055422475845376,8,1.141281706186917,147.95,2,"[478.20001220703125, 670.5999755859375]"
1779196504.1212268,16.402137555,1.3771777094827211,0.903,0.0,0.4976257807202667,0.5,1.2625929619036498,8,1.201106956914457,172.16,2,"[478.20001220703125, 670.5999755859375]"
1779196504.1713867,16.452297575,1.394254888083692,0.903,0.0,0.4968978502349333,0.5,1.4199457874802945,8,1.2563302652783401,169.47,2,"[436.20001220703125, 703.4000244140625]"
1779196504.221234,16.502144723,1.3991628171659445,0.903,0.0,0.496171942746,0.5,1.576861312784338,8,1.2992817273391382,190.99,2,"[436.20001220703125, 703.4000244140625]"
1779196504.2712605,16.552171223000002,1.3918603569710402,0.903,0.0,0.4954449441089333,0.5,1.7340127057232237,8,1.3345632854605078,190.99,2,"[418.79998779296875, 727.0]"
1779196504.3212607,16.602171470000002,1.3725686355007507,0.903,0.0,0.4947185839793333,0.5,1.891026075930462,8,1.359106978066678,239.41,2,"[418.79998779296875, 727.0]"
1779196504.371281,16.652191823000003,1.3417533968493296,0.903,0.0,0.4939913745653334,0.5,2.0482230313876,8,1.368310862793992,252.85999999999999,2,"[417.20001220703125, 730.5999755859375]"
1779196504.4215498,16.702460461,1.299992053414422,0.903,0.0,0.49326055803613333,0.5,2.2061997175749894,8,1.3667768820061064,161.4,2,"[417.20001220703125, 730.5999755859375]"
1779196504.471012,16.751922972000003,1.2493630201212302,0.903,0.0,0.4925412829792,0.5,2.3616815456556424,8,1.3652429012182206,67.25,2,"[410.79998779296875, 735.5999755859375]"
1779196504.5211084,16.802019087,1.1898047398548823,0.903,0.0,0.49181359178519996,0.5,2.5189826449092436,8,1.342233189399936,64.56,2,"[410.79998779296875, 735.5999755859375]"
1779196504.5712788,16.852189408,1.123263022445076,0.903,0.0,0.4910849912986667,0.5,2.6764803010488123,8,1.3084856120664519,59.18,2,"[403.0, 741.2000122070312]"
1779196504.6212816,16.902192418000002,1.0516639334306574,0.903,0.0,0.4903582739978667,0.5,2.8335708790371044,8,1.2640001692177683,56.49,2,"[403.0, 741.2000122070312]"
1779196504.6712756,16.952186347,0.9767336902058427,0.903,0.0,0.4896326376864,0.5,2.9904277853638277,8,1.2118448224296565,56.49,2,"[425.6000061035156, 712.7999877929688]"
1779196504.721198,17.00210887,0.900163126969736,0.903,0.0,0.48890649028120003,0.5,3.147395172079399,8,1.1489516101263453,-2.69,2,"[425.6000061035156, 712.7999877929688]"
1779196504.7712321,17.052142745,0.8238033150476494,0.903,0.0,0.48817951544973337,0.5,3.3045414190895173,8,1.0845244170351482,-2.69,2,"[451.79998779296875, 674.0]"
1779196504.8211823,17.102093008,0.7496722429196166,0.903,0.0,0.48745306691386664,0.5,3.461573899604872,8,1.0154952815802945,-2.69,2,"[451.79998779296875, 674.0]"
1779196504.8710032,17.151913906,0.6796612773980031,0.903,0.0,0.48672802939026666,0.5,3.61830136917267,8,0.944932165337555,-26.9,2,"[481.6000061035156, 628.7999877929688]"
1779196504.921091,17.202001892000002,0.6150960762205193,0.903,0.0,0.48600025470226665,0.5,3.7756205168760673,8,0.8728350683069298,-67.25,2,"[481.6000061035156, 628.7999877929688]"
1779196504.971167,17.252077798000002,0.5578676468549051,0.903,0.0,0.4852730593856,0.5,3.9328144249883294,8,0.7946020481247621,-51.11,2,"[586.2000122070312, 595.0]"
1779196505.0211499,17.302060546,0.5093400154975427,0.903,0.0,0.4845463635505333,0.5,4.089900362844276,8,0.7255729126699083,-131.81,2,"[586.2000122070312, 595.0]"
1779196505.0712197,17.352130329,0.4705977145797152,0.903,0.0,0.4838187720261333,0.5,4.247179917055462,8,0.6596117387908257,-150.64,2,"[606.7999877929688, 499.0]"
1779196505.1212215,17.402132284,0.44266813746292566,0.903,0.0,0.48309236024506663,0.5,4.404204452482993,8,0.5997864880632857,-150.64,2,"[606.7999877929688, 499.0]"
1779196505.171171,17.452081798000002,0.42613832205095276,0.903,0.0,0.48236621234573335,0.5,4.561171946012713,8,0.5476311412751739,-180.23,2,"[628.7999877929688, 453.20001220703125]"
1779196505.221191,17.502101664,0.42137050965954753,0.903,0.0,0.48163844973493336,0.5,4.718488483052617,8,0.504679679214376,-209.82,2,"[628.7999877929688, 453.20001220703125]"
1779196505.2711625,17.552073281000002,0.4284590577605014,0.903,0.0,0.48091277315159997,0.5,4.875354094732579,8,0.4740000634566631,-217.89,2,"[691.4000244140625, 428.20001220703125]"
1779196505.3211522,17.60206298,0.4471918211315045,0.903,0.0,0.48018626357573335,0.5,5.032399769937079,8,0.45252433242626416,-244.79,2,"[691.4000244140625, 428.20001220703125]"
1779196505.3713746,17.652285457,0.47720167940116054,0.903,0.0,0.47945707553559996,0.5,5.190024434384448,8,0.45099035163837853,-260.93,2,"[667.2000122070312, 391.3999938964844]"
1779196505.4213529,17.702263584,0.5174819126508271,0.903,0.0,0.4787308093204,0.5,5.347017503619959,8,0.45099035163837853,-190.99,2,"[667.2000122070312, 391.3999938964844]"
1779196505.4712589,17.752169636,0.5670672696823889,0.903,0.0,0.47800511615453334,0.5,5.503886699857141,8,0.45099035163837853,-190.99,2,"[671.7999877929688, 411.6000061035156]"
1779196505.5210044,17.80191512,0.6246157861299023,0.903,0.0,0.47728090656586664,0.5,5.66043519917465,8,0.47093210188089185,-78.01,2,"[671.7999877929688, 411.6000061035156]"
1779196505.571215,17.852125837000003,0.6892228160430822,0.903,0.0,0.47655201140146664,0.5,5.817996554246861,8,0.5031456984264903,-83.39,2,"[657.5999755859375, 403.6000061035156]"
1779196505.6211696,17.90208015,0.7587465079677785,0.903,0.0,0.47582489681746665,0.5,5.975173010811936,8,0.543029198911517,-59.18,2,"[657.5999755859375, 403.6000061035156]"
1779196505.6711538,17.952064427,0.8314242676971745,0.903,0.0,0.4750996054401334,0.5,6.131955354578615,8,0.5905826033359719,5.38,2,"[634.0, 417.6000061035156]"
1779196505.7211812,18.002091859,0.9058040321208689,0.903,0.0,0.4743726547921333,0.5,0.005911066798972797,9,0.6519418348513975,5.38,2,"[634.0, 417.6000061035156]"
1779196505.7712069,18.052117513000002,0.9798737371214058,0.903,0.0,0.47364583735666665,0.5,0.16302329036064833,9,0.7179030087304801,2.69,2,"[636.4000244140625, 460.3999938964844]"
1779196505.8211787,18.102089498,1.0517911853423116,0.903,0.0,0.47291937306666665,0.5,0.3200591763624345,9,0.786932144185334,2.69,2,"[636.4000244140625, 460.3999938964844]"
1779196505.8711834,18.152094183000003,1.1198715691724388,0.903,0.0,0.4721924618476,0.5,0.4771916726215082,9,0.8574952604280734,2.69,2,"[570.0, 555.0]"
1779196505.9210968,18.202007610000003,1.1823398304595154,0.903,0.0,0.47146636469866665,0.5,0.6341481957096846,9,0.9280583766708129,2.69,2,"[570.0, 555.0]"
1779196505.9709768,18.251887551,1.2376957318426265,0.903,0.0,0.47074114248546667,0.5,0.7909155886369277,9,0.9986214929135524,37.66,2,"[521.5999755859375, 602.2000122070312]"
1779196506.021005,18.301915556,1.2847928764798309,0.903,0.0,0.47001405343653335,0.5,0.9480865254237116,9,1.0630486860047492,123.74,2,"[521.5999755859375, 602.2000122070312]"
1779196506.0711603,18.352071104,1.3223788447461726,0.903,0.0,0.46928621401706666,0.5,1.1054196657807935,9,1.1244079175201749,139.88,2,"[469.6000061035156, 654.2000122070312]"
1779196506.1211596,18.40207029,1.349467737651902,0.903,0.0,0.4685595480625333,0.5,1.2624991445222449,9,1.184233168247715,174.85,2,"[469.6000061035156, 654.2000122070312]"
1779196506.1713254,18.452236313,1.3655213162837019,0.903,0.0,0.46783097221000003,0.5,1.4199914756622647,9,1.2363885150358267,174.85,2,"[426.6000061035156, 704.0]"
1779196506.2211864,18.502097250000002,1.370097674257104,0.903,0.0,0.4671058921328,0.5,1.5767281438133551,9,1.2778059963087391,193.68,2,"[426.6000061035156, 704.0]"
1779196506.271047,18.551957723,1.3632213745640145,0.903,0.0,0.4663806635104,0.5,1.7334969221829581,9,1.3115535736422232,193.68,2,"[439.20001220703125, 716.4000244140625]"
1779196506.321093,18.602003606,1.3450157135187442,0.903,0.0,0.46565302345919996,0.5,1.8907869661720156,9,1.3314953238847365,212.51,2,"[439.20001220703125, 716.4000244140625]"
1779196506.371038,18.651948928,1.31606471448689,0.903,0.0,0.4649274237426667,0.5,2.0476359619684317,9,1.3406992086120504,220.57999999999998,2,"[407.20001220703125, 734.4000244140625]"
1779196506.421173,18.702083959,1.2768494407095867,0.903,0.0,0.4641980553438666,0.5,2.205299613580628,9,1.3391652278241648,129.12,2,"[407.20001220703125, 734.4000244140625]"
1779196506.4709573,18.751867983,1.2289434954834888,0.903,0.0,0.4634749030697333,0.5,2.3616195588910003,9,1.3360972662483934,64.56,2,"[396.3999938964844, 726.2000122070312]"
1779196506.5211937,18.802104714000002,1.1727592939631655,0.903,0.0,0.4627457644138666,0.5,2.519233548206529,9,1.3176894967937658,51.11,2,"[396.3999938964844, 726.2000122070312]"
1779196506.5711648,18.852075430000003,1.1103284190596576,0.903,0.0,0.46201946693746665,0.5,2.6762333750078398,9,1.2854759002481673,75.32,2,"[419.20001220703125, 714.0]"
1779196506.621404,18.90231472,1.0427096106506277,0.903,0.0,0.46129011711226664,0.5,2.833893011664628,9,1.2425244381873692,-5.38,2,"[419.20001220703125, 714.0]"
1779196506.6710968,18.952007355000003,0.9724724228407801,0.903,0.0,0.46056714657746667,0.5,2.9901736713588676,9,1.193437052975029,-5.38,2,"[516.2000122070312, 696.7999877929688]"
1779196506.7211926,19.002103221000002,0.9001872405153426,0.903,0.0,0.4598383693365333,0.5,3.1477095355482874,9,1.1366797638232602,-2.69,2,"[516.2000122070312, 696.7999877929688]"
1779196506.7712646,19.05217542,0.8283563956159179,0.903,0.0,0.4591111880009333,0.5,3.3049004214484157,9,1.0753205323078345,-2.69,2,"[435.79998779296875, 692.0]"
1779196506.8211179,19.102028563,0.7587601172342903,0.903,0.0,0.45838581342026663,0.5,3.461700750833039,9,1.0108933392166375,-5.38,2,"[435.79998779296875, 692.0]"
1779196506.8711555,19.152066394000002,0.6928360706012733,0.903,0.0,0.4576595023116,0.5,3.6187035244482573,9,0.9433981845496693,-29.59,2,"[528.4000244140625, 626.5999755859375]"
1779196506.9211845,19.202095431,0.6322434153678735,0.903,0.0,0.45693268148986665,0.5,3.7758164800010263,9,0.8743690490948155,-53.8,2,"[528.4000244140625, 626.5999755859375]"
1779196506.9713547,19.252265398000002,0.5783740670824604,0.903,0.0,0.45620397034653326,0.5,3.9333380562270577,9,0.8007379712763046,-53.8,2,"[546.7999877929688, 579.2000122070312]"
1779196507.021189,19.302099612000003,0.5329276627041728,0.903,0.0,0.4554792200597333,0.5,4.0900034353576515,9,0.7347767973972221,-118.36,2,"[546.7999877929688, 579.2000122070312]"
1779196507.0711732,19.352084038,0.4965944384188686,0.903,0.0,0.45475254590840003,0.5,4.247084685957361,9,0.6718835850939109,-118.36,2,"[577.5999755859375, 501.79998779296875]"
1779196507.1212103,19.4021209,0.47035688259063113,0.903,0.0,0.4540253996417333,0.5,4.404267991194416,9,0.6151262959421421,-145.26,2,"[577.5999755859375, 501.79998779296875]"
1779196507.1712174,19.452128244,0.4548610415335381,0.903,0.0,0.45329865545426673,0.5,4.561364381129117,9,0.5691068723055729,-164.09,2,"[621.2000122070312, 453.0]"
1779196507.2210267,19.501937397000003,0.4504336854224424,0.903,0.0,0.4525736539442667,0.5,4.718084065830318,9,0.5307573526084318,-209.82,2,"[621.2000122070312, 453.0]"
1779196507.2711554,19.552066195000002,0.45713906115494685,0.903,0.0,0.45184619832106665,0.5,4.875334243008602,9,0.49854375606283335,-228.65,2,"[665.0, 417.6000061035156]"
1779196507.3211877,19.602098439000002,0.4747941441313828,0.903,0.0,0.4511192392582667,0.5,5.032477081390688,9,0.48013598660820567,-209.82,2,"[665.0, 417.6000061035156]"
1779196507.3713388,19.652249659000002,0.5030018289811253,0.903,0.0,0.4503907047094666,0.5,5.189960484124384,9,0.47553404424454876,-225.96,2,"[672.4000244140625, 411.3999938964844]"
1779196507.4212036,19.702114231,0.5407865660096315,0.903,0.0,0.44966589721946665,0.5,5.346638228563663,9,0.47553404424454876,-134.5,2,"[672.4000244140625, 411.3999938964844]"
1779196507.4712615,19.752172398000003,0.5874884785813228,0.903,0.0,0.4489385395509333,0.5,5.503867231407462,9,0.47860200582032003,-134.5,2,"[674.4000244140625, 397.0]"
1779196507.5212107,19.802121459000002,0.6417446378907676,0.903,0.0,0.4482120317045333,0.5,5.660912532762431,9,0.4970097752749477,-86.08,2,"[674.4000244140625, 397.0]"
1779196507.5712156,19.852126549,0.702265932389938,0.903,0.0,0.44748529805373327,0.5,5.818006645042459,9,0.5276893910326605,-72.63,2,"[657.5999755859375, 394.20001220703125]"
1779196507.6209753,19.901886038,0.7672937752482331,0.903,0.0,0.446761097592,0.5,5.97455317143978,9,0.5645049299419159,-61.87,2,"[657.5999755859375, 394.20001220703125]"
1779196507.6709595,19.951870288000002,0.8356076946588102,0.903,0.0,0.44603498758106663,0.5,6.13151247483745,9,0.6105243535784852,-40.35,2,"[631.2000122070312, 414.20001220703125]"
1779196507.7211792,20.002089922,0.9056291224363827,0.903,0.0,0.44530602028773336,0.5,0.005904114454416742,10,0.6672816427302539,5.38,2,"[631.2000122070312, 414.20001220703125]"
1779196507.7712162,20.052126956000002,0.9751756374218353,0.903,0.0,0.4445789648834666,0.5,0.16306777845420584,10,0.7286408742456796,2.69,2,"[586.4000244140625, 466.3999938964844]"
1779196507.8212738,20.102184499,1.0427804119408466,0.903,0.0,0.4438512269938667,0.5,0.32037897164500606,10,0.7930680673368765,2.69,2,"[586.4000244140625, 466.3999938964844]"
1779196507.8710542,20.151965052,1.1064085095966323,0.903,0.0,0.4431271319278666,0.5,0.4769027152124039,10,0.8605632220038447,2.69,2,"[560.0, 546.5999755859375]"
1779196507.921071,20.201981689,1.165063055935539,0.903,0.0,0.44240041772266664,0.5,0.6339926240414613,10,0.9280583766708129,10.76,2,"[560.0, 546.5999755859375]"
1779196507.9711134,20.252024128000002,1.2171002362892276,0.903,0.0,0.4416734094064,0.5,0.7911461092810512,10,0.9909515889741242,37.66,2,"[516.0, 612.5999755859375]"
1779196508.0209465,20.301857343000002,1.2611415093989085,0.903,0.0,0.44094812573173325,0.5,0.9479267880036275,10,1.05231082048955,126.42999999999999,2,"[516.0, 612.5999755859375]"
1779196508.0711615,20.352072094,1.2964037053022481,0.903,0.0,0.440219538674,0.5,1.1054215413115855,10,1.1106020904292042,139.88,2,"[480.79998779296875, 657.0]"
1779196508.121052,20.40196277,1.321743071963896,0.903,0.0,0.439493901476,0.5,1.2622786392754648,10,1.1658253987930873,150.64,2,"[480.79998779296875, 657.0]"
1779196508.1713417,20.452252462,1.3367889859450939,0.903,0.0,0.43876397034653336,0.5,1.420063933355209,10,1.213378803217542,169.47,2,"[440.3999938964844, 699.2000122070312]"
1779196508.221374,20.502284864,1.3410282354822138,0.903,0.0,0.4380371510944,0.5,1.5771765496159702,10,1.2532623037025687,174.85,2,"[440.3999938964844, 699.2000122070312]"
1779196508.2712557,20.552166544000002,1.334502580602925,0.903,0.0,0.4373117912796,0.5,1.733973687142452,10,1.2839419194602817,174.85,2,"[422.0, 750.0]"
1779196508.3212192,20.602129867000002,1.317390957530225,0.903,0.0,0.43658526167679995,0.5,1.8910236914616263,10,1.3054176504906807,190.99,2,"[422.0, 750.0]"
1779196508.3712094,20.652119988000003,1.2901463814317098,0.903,0.0,0.43585862673639997,0.5,2.048096466044356,10,1.3130875544301088,207.13,2,"[394.0, 731.2000122070312]"
1779196508.4210072,20.701917901,1.2535826718257115,0.903,0.0,0.4351339097018667,0.5,2.2047546572109553,10,1.3130875544301088,123.74,2,"[394.0, 731.2000122070312]"
1779196508.4711587,20.752069521000003,1.208358678285937,0.903,0.0,0.43440611146986663,0.5,2.3620788942944557,10,1.3100195928543377,69.94,2,"[430.3999938964844, 733.7999877929688]"
1779196508.5211499,20.802060509,1.1558471500624445,0.903,0.0,0.43367951954813333,0.5,2.519142369762932,10,1.2885438618239387,59.18,2,"[430.3999938964844, 733.7999877929688]"
1779196508.5713472,20.852258076000002,1.0971025337490945,0.903,0.0,0.4329506313452,0.5,2.6767022200122597,10,1.2578642460662257,56.49,2,"[414.0, 713.4000244140625]"
1779196508.6213405,20.902251197000002,1.0339493252230394,0.903,0.0,0.4322239323128,0.5,2.833788849018589,10,1.2195147263690846,51.11,2,"[414.0, 713.4000244140625]"
1779196508.6712544,20.952165086,0.9679048592373873,0.903,0.0,0.431498497288,0.5,2.990602244287061,10,1.1734953027325155,51.11,2,"[395.6000061035156, 718.7999877929688]"
1779196508.721098,21.002008702,0.900482418762588,0.903,0.0,0.43077296334933335,0.5,3.1474370212351346,10,1.1167380135807468,-5.38,2,"[395.6000061035156, 718.7999877929688]"
1779196508.7711482,21.052058872,0.8332264239656298,0.903,0.0,0.43004609713999997,0.5,3.304559787981759,10,1.0630486860047492,-2.69,2,"[418.79998779296875, 683.7999877929688]"
1779196508.8211737,21.10208428,0.7678766484990881,0.903,0.0,0.4293188066445333,0.5,3.4617742703843106,10,1.000155473701438,-5.38,2,"[418.79998779296875, 683.7999877929688]"
1779196508.8711507,21.152061577,0.7061879252662443,0.903,0.0,0.42859288472400003,0.5,3.6186929152898557,10,0.9372622613981267,-16.14,2,"[483.0, 626.5999755859375]"
1779196508.9211812,21.2020921,0.6494636253432792,0.903,0.0,0.4278659699733333,0.5,3.775826174955938,10,0.8743690490948155,-67.25,2,"[483.0, 626.5999755859375]"
1779196508.971342,21.252252935,0.5990553920758078,0.903,0.0,0.4271372732325333,0.5,3.933344637863655,10,0.8053399136399616,-37.66,2,"[549.2000122070312, 588.7999877929688]"
1779196509.0212648,21.302175497,0.5564843414151188,0.903,0.0,0.4264114251704,0.5,4.090247317195335,10,0.7439806821245359,-112.98,2,"[549.2000122070312, 588.7999877929688]"
1779196509.0712554,21.352166242000003,0.5225449340465846,0.903,0.0,0.42568523672306663,0.5,4.247223575768558,10,0.6872233929727672,-112.98,2,"[597.0, 498.3999938964844]"
1779196509.12115,21.402060878,0.49806729600260097,0.903,0.0,0.4249592026342667,0.5,4.404166467486206,10,0.6350680461846554,-139.88,2,"[597.0, 498.3999938964844]"
1779196509.171044,21.451955054000003,0.4836206085108717,0.903,0.0,0.4242338406685333,0.5,4.560964069968406,10,0.5905826033359719,-153.32999999999998,2,"[617.0, 478.20001220703125]"
1779196509.2209046,21.501815209,0.47949718635078536,0.903,0.0,0.423508779194,0.5,4.717696716880894,10,0.5537670644267164,-188.29999999999998,2,"[617.0, 478.20001220703125]"
1779196509.2711554,21.552065955,0.48582138702642796,0.903,0.0,0.4227794884613333,0.5,4.875343579821958,10,0.5246214294568893,-201.75,2,"[694.0, 422.0]"
1779196509.3211858,21.602096716000002,0.5023833967812597,0.903,0.0,0.4220526080384,0.5,5.032469419046194,10,0.5062136600022615,-199.06,2,"[694.0, 422.0]"
1779196509.3712337,21.652144523,0.5287666616851439,0.903,0.0,0.42132520030253334,0.5,5.189709244676678,10,0.504679679214376,-223.26999999999998,2,"[663.7999877929688, 392.3999938964844]"
1779196509.421288,21.702198775000003,0.5642816301407043,0.903,0.0,0.42059774268826666,0.5,5.34695985225315,10,0.504679679214376,-137.19,2,"[663.7999877929688, 392.3999938964844]"
1779196509.4711208,21.752031419,0.6077957554681341,0.903,0.0,0.41987372119,0.5,5.503467693078534,10,0.5062136600022615,-137.19,2,"[649.7999877929688, 379.3999938964844]"
1779196509.5211337,21.802044508,0.6585599473897107,0.903,0.0,0.41914707902653336,0.5,5.660542029032811,10,0.5246214294568893,-75.32,2,"[649.7999877929688, 379.3999938964844]"
1779196509.571222,21.852132970000003,0.715295858155051,0.903,0.0,0.41841874053239997,0.5,5.817983051681608,10,0.5522330836388308,-86.08,2,"[676.0, 411.79998779296875]"
1779196509.6209733,21.90188416,0.7761216771717158,0.903,0.0,0.4176944455604,0.5,5.974550007855953,10,0.5859806609723149,-48.42,2,"[676.0, 411.79998779296875]"
1779196509.6711578,21.952068631000003,0.8401883605457984,0.903,0.0,0.41696620416346664,0.5,6.131970041524241,10,0.6289321230331129,-37.66,2,"[614.4000244140625, 408.3999938964844]"
1779196509.7211692,22.002080009,0.9054499149705248,0.903,0.0,0.41623943804519997,0.5,0.005885864942676733,11,0.6826214506091103,2.69,2,"[614.4000244140625, 408.3999938964844]"
1779196509.7713466,22.052257239000003,0.970593630383652,0.903,0.0,0.4155107512161333,0.5,0.16340218528420536,11,0.7393787397608791,2.69,2,"[580.7999877929688, 497.6000061035156]"
1779196509.8212862,22.102197119000003,1.0336384308793247,0.903,0.0,0.41478442025493334,0.5,0.320409250314988,11,0.8007379712763046,2.69,2,"[580.7999877929688, 497.6000061035156]"
1779196509.8711834,22.152094142000003,1.0931347610765492,0.903,0.0,0.4140595960661333,0.5,0.47709060444422136,11,0.863631183579616,2.69,2,"[561.2000122070312, 541.2000122070312]"
1779196509.9211323,22.202043182,1.147892507796771,0.903,0.0,0.41333308480439995,0.5,0.6341366440734717,11,0.9265243958829272,16.14,2,"[561.2000122070312, 541.2000122070312]"
1779196509.9712145,22.252125152,1.1965185136570744,0.903,0.0,0.4126053018033333,0.5,0.7914575887678623,11,0.9848156658225816,43.04,2,"[520.0, 627.5999755859375]"
1779196510.021009,22.301919830000003,1.2375794358570704,0.903,0.0,0.41188055727173334,0.5,0.9481217238277608,11,1.043106935762236,107.6,2,"[520.0, 627.5999755859375]"
1779196510.071151,22.352061739,1.270426332430179,0.903,0.0,0.4111529193569333,0.5,1.1054113060027007,11,1.0967962633382335,142.57,2,"[501.0, 664.5999755859375]"
1779196510.1211717,22.402082596,1.2940783251933923,0.903,0.0,0.4104260980410666,0.5,1.2625243683696183,11,1.1474176293384597,145.26,2,"[501.0, 664.5999755859375]"
1779196510.171335,22.452245674,1.3080508326461628,0.903,0.0,0.4096973900224,0.5,1.4200452691532277,11,1.193437052975029,172.16,2,"[468.3999938964844, 701.2000122070312]"
1779196510.2212906,22.502201374000002,1.3119627231249156,0.903,0.0,0.40897084499973335,0.5,1.5770986067022008,11,1.2302525918842842,177.54,2,"[468.3999938964844, 701.2000122070312]"
1779196510.2712047,22.552115482,1.3058311567298866,0.903,0.0,0.4082457202616,0.5,1.733844928967521,11,1.2593982268541113,177.54,2,"[431.3999938964844, 705.5999755859375]"
1779196510.321199,22.602109676,1.289808476307509,0.903,0.0,0.4075188233724,0.5,1.8909743276162416,11,1.2793399770966247,182.92,2,"[431.3999938964844, 705.5999755859375]"
1779196510.371137,22.652047532,1.2643616266333528,0.903,0.0,0.4067927686462667,0.5,2.0479216803954543,11,1.2854759002481673,188.29999999999998,2,"[421.20001220703125, 721.2000122070312]"
1779196510.4210312,22.70194197,1.2301615381344582,0.903,0.0,0.4060671969064,0.5,2.204764628626016,11,1.2854759002481673,96.84,2,"[421.20001220703125, 721.2000122070312]"
1779196510.471154,22.752064747000002,1.1879331174745023,0.903,0.0,0.40533954599879995,0.5,2.3620570193847854,11,1.2808739578845103,72.63,2,"[420.20001220703125, 710.2000122070312]"
1779196510.5210757,22.801986625,1.1389854824711287,0.903,0.0,0.40461403946999996,0.5,2.5188858712891076,11,1.2624661884298827,-5.38,2,"[420.20001220703125, 710.2000122070312]"
1779196510.571051,22.851961664,1.0843383598755445,0.903,0.0,0.4038873687921333,0.5,2.675966371048169,11,1.2333205534600555,-5.38,2,"[413.3999938964844, 701.7999877929688]"
1779196510.6210275,22.901938094000002,1.025444663210991,0.903,0.0,0.40316088383573334,0.5,2.833006724394714,11,1.1980389953386859,-5.38,2,"[413.3999938964844, 701.7999877929688]"
1779196510.6710227,22.951933461000003,0.9637354858263902,0.903,0.0,0.4024341841784,0.5,2.990093488489528,11,1.1550875332778878,-5.38,2,"[429.79998779296875, 683.7999877929688]"
1779196510.7212198,23.002130491000003,0.9005743485517576,0.903,0.0,0.4017053989732,0.5,3.1476310742717217,11,1.102932186489776,-2.69,2,"[429.79998779296875, 683.7999877929688]"
1779196510.7712655,23.052176208000002,0.837898176467919,0.903,0.0,0.40097891247626666,0.5,3.3046717606270803,11,1.0507768397016641,-2.69,2,"[435.3999938964844, 659.5999755859375]"
1779196510.8209777,23.101888628,0.7772286320507884,0.903,0.0,0.4002546281281333,0.5,3.4612364202972046,11,0.9940195505498954,-2.69,2,"[435.3999938964844, 659.5999755859375]"
1779196510.8711796,23.152090355000002,0.7195200185451304,0.903,0.0,0.3995260151865333,0.5,3.6187367687816803,11,0.9357282806102412,-16.14,2,"[491.3999938964844, 622.7999877929688]"
1779196510.9210887,23.201999429,0.6667506661738996,0.903,0.0,0.39880022248186664,0.5,3.775627481786948,11,0.8759030298827011,-51.11,2,"[491.3999938964844, 622.7999877929688]"
1779196510.97117,23.252080607,0.6198633104528002,0.903,0.0,0.3980726899773333,0.5,3.932894277990364,11,0.8114758367915041,-45.73,2,"[535.2000122070312, 609.5999755859375]"
1779196511.0213416,23.302252399,0.5800744616437725,0.903,0.0,0.3973441413166666,0.5,4.090380731210537,11,0.7547185476397354,-107.6,2,"[535.2000122070312, 609.5999755859375]"
1779196511.0712602,23.352171048000002,0.5485220486519573,0.903,0.0,0.3966185396381333,0.5,4.247230151121961,11,0.701029220063738,-107.6,2,"[593.0, 522.7999877929688]"
1779196511.1211634,23.402074082000002,0.5257612278645694,0.903,0.0,0.39589241808773334,0.5,4.404191948944195,11,0.6519418348513975,-137.19,2,"[593.0, 522.7999877929688]"
1779196511.1711311,23.452042078,0.5123461098703946,0.903,0.0,0.39516645413679996,0.5,4.561119679335697,11,0.6120583343663708,-145.26,2,"[613.2000122070312, 491.3999938964844]"
1779196511.2210429,23.501953609,0.5085656624315558,0.903,0.0,0.3944405994910667,0.5,4.718023781808846,11,0.5767767762450011,-174.85,2,"[613.2000122070312, 491.3999938964844]"
1779196511.271154,23.552064675,0.5145024947975626,0.903,0.0,0.3937128549888,0.5,4.87533640442431,11,0.5506991028509451,-180.23,2,"[635.0, 432.6000061035156]"
1779196511.3211815,23.602092311,0.5299741057733723,0.903,0.0,0.3929859292654666,0.5,5.032472035992846,11,0.5338253141842031,-182.92,2,"[635.0, 432.6000061035156]"
1779196511.371183,23.652093652,0.5545563930759022,0.903,0.0,0.3922592397814666,0.5,5.1895566009728,11,0.5292233718205462,-190.99,2,"[626.4000244140625, 428.6000061035156]"
1779196511.421288,23.702198776000003,0.5876902843058727,0.903,0.0,0.3915310660808,0.5,5.346962001102504,11,0.5292233718205462,-139.88,2,"[626.4000244140625, 428.6000061035156]"
1779196511.4712017,23.752112464000003,0.6283441433969732,0.903,0.0,0.3908052081941333,0.5,5.5038668041508245,11,0.5322913333963175,-139.88,2,"[631.4000244140625, 428.3999938964844]"
1779196511.5211391,23.802049738,0.6755500947607989,0.903,0.0,0.39007984898973336,0.5,5.660663809730416,11,0.5491651220630596,-56.49,2,"[631.4000244140625, 428.3999938964844]"
1779196511.571095,23.852005594,0.7282218007650304,0.903,0.0,0.3893535735168,0.5,5.817658880160444,11,0.5752427954571154,-61.87,2,"[636.0, 413.6000061035156]"
1779196511.6211562,23.902066939,0.7851386181077299,0.903,0.0,0.38862544295106666,0.5,5.975054956043145,11,0.607456392002714,-56.49,2,"[636.0, 413.6000061035156]"
1779196511.6711364,23.952047166,0.8445546870312987,0.903,0.0,0.3878996851990667,0.5,6.131938113518082,11,0.6488738732756262,-37.66,2,"[632.2000122070312, 437.79998779296875]"
1779196511.721267,24.002177916,0.9053994260261138,0.903,0.0,0.3871713303549333,0.5,0.006197363279028423,12,0.6979612584879668,2.69,2,"[632.2000122070312, 437.79998779296875]"
1779196511.7710178,24.051928687,0.9655759284206229,0.903,0.0,0.38644760061333333,0.5,0.1626421366319022,12,0.7501166052760785,2.69,2,"[599.4000244140625, 480.0]"
1779196511.8212922,24.102202827000003,1.024490781244116,0.903,0.0,0.38571766423733334,0.5,0.3204285648265994,12,0.8068738944278473,2.69,2,"[599.4000244140625, 480.0]"
1779196511.8712518,24.152162500000003,1.0798601063843551,0.903,0.0,0.38499194036253326,0.5,0.4773043992490642,12,0.8666991451553873,2.69,2,"[566.2000122070312, 553.0]"
1779196511.9210079,24.201918699,1.130577209802588,0.903,0.0,0.3842678324781333,0.5,0.633830913701189,12,0.923456434307156,18.83,2,"[566.2000122070312, 553.0]"
1779196511.9710133,24.251924064,1.1757124037039555,0.903,0.0,0.3835408707993333,0.5,0.7909743175699475,12,0.9802137234589247,29.59,2,"[541.4000244140625, 627.5999755859375]"
1779196512.021067,24.301977635,1.213994532451764,0.903,0.0,0.38281333047586663,0.5,0.9482428039502082,12,1.0323690702470365,115.67,2,"[541.4000244140625, 627.5999755859375]"
1779196512.0709617,24.351872656,1.2443775323262212,0.903,0.0,0.3820882811802666,0.5,1.1049728182080543,12,1.0829904362472627,131.81,2,"[481.79998779296875, 644.2000122070312]"
1779196512.1211452,24.402056022,1.266372057679747,0.903,0.0,0.38135983963026665,0.5,1.2624361178903598,12,1.1305438406717176,139.88,2,"[481.79998779296875, 644.2000122070312]"
1779196512.1711688,24.452079692,1.2792904205392226,0.903,0.0,0.3806327787614667,0.5,1.4196009631289854,12,1.1719613219446299,166.78,2,"[448.79998779296875, 698.7999877929688]"
1779196512.2212048,24.502115531,1.2828989922189038,0.903,0.0,0.37990574690119994,0.5,1.5767595377486714,12,1.205708899278114,177.54,2,"[448.79998779296875, 698.7999877929688]"
1779196512.271154,24.552064769,1.2771677907288184,0.903,0.0,0.3791802992614667,0.5,1.7335756599195662,12,1.23178657267217,177.54,2,"[421.20001220703125, 715.5999755859375]"
1779196512.321071,24.601981696000003,1.2622473716421396,0.903,0.0,0.3784532199789333,0.5,1.890744485556084,12,1.2517283229146832,185.60999999999999,2,"[421.20001220703125, 715.5999755859375]"
1779196512.3711116,24.652022388000002,1.2385674237365178,0.903,0.0,0.3777267862234666,0.5,2.0477737710717037,12,1.2593982268541113,164.09,2,"[406.20001220703125, 705.0]"
1779196512.4209578,24.701868463,1.2067862214516327,0.903,0.0,0.37700141077079996,0.5,2.204574288951889,12,1.260932207641997,107.6,2,"[406.20001220703125, 705.0]"
1779196512.4709637,24.751874694,1.1676195408536603,0.903,0.0,0.3762749089266666,0.5,2.3616182928290925,12,1.2563302652783401,67.25,2,"[423.6000061035156, 697.4000244140625]"
1779196512.5212042,24.802115133,1.121938085542445,0.903,0.0,0.3755459499028,0.5,2.519193452059426,12,1.2363885150358267,61.87,2,"[423.6000061035156, 697.4000244140625]"
1779196512.5710404,24.851951202000002,1.0712922515630308,0.903,0.0,0.37482076137786663,0.5,2.675953562774893,12,1.210310841641771,48.42,2,"[453.20001220703125, 699.4000244140625]"
1779196512.6213176,24.902228392,1.016372413148023,0.903,0.0,0.3740910582764,0.5,2.8336895652658995,12,1.1765632643082868,43.04,2,"[453.20001220703125, 699.4000244140625]"
1779196512.6712723,24.952182992,0.9591653701385828,0.903,0.0,0.37336522365759994,0.5,2.9905893386243747,12,1.1366797638232602,43.04,2,"[419.20001220703125, 699.2000122070312]"
1779196512.7210436,25.001954245,0.9009113442827584,0.903,0.0,0.3726407371653333,0.5,3.147197694706719,12,1.0875923786109196,-5.38,2,"[419.20001220703125, 699.2000122070312]"
1779196512.7713063,25.052217123000002,0.8426164324783506,0.903,0.0,0.3719122340957333,0.5,3.3046742927507324,12,1.0400389741864646,-2.69,2,"[432.3999938964844, 649.7999877929688]"
1779196512.8217392,25.102649765000002,0.7856502249452042,0.903,0.0,0.37117857252119996,0.5,3.463265977115981,12,0.9863496466104673,-10.76,2,"[432.3999938964844, 649.7999877929688]"
1779196512.8710184,25.151929085000003,0.7330058207446757,0.903,0.0,0.3704612881966667,0.5,3.6183174792597157,12,0.9311263382465842,-18.83,2,"[505.0, 617.0]"
1779196512.9210172,25.201927865000002,0.6840275512452825,0.903,0.0,0.36973446151799993,0.5,3.7754317008743215,12,0.8743690490948155,-51.11,2,"[505.0, 617.0]"
1779196512.9710767,25.251987492,0.6405839644958861,0.903,0.0,0.36900686214559997,0.5,3.9327129515455397,12,0.8160777791551611,-34.97,2,"[505.20001220703125, 582.7999877929688]"
1779196513.021222,25.30213266,0.603761399648221,0.903,0.0,0.3682788823922666,0.5,4.090076427121275,12,0.7623884515791637,-102.22,2,"[505.20001220703125, 582.7999877929688]"
1779196513.071181,25.35209202,0.5745265675052493,0.903,0.0,0.3675526262050667,0.5,4.247067328657863,12,0.7148350471547088,-102.22,2,"[594.7999877929688, 524.5999755859375]"
1779196513.121154,25.402064946000003,0.5534675660914623,0.903,0.0,0.3668261510877333,0.5,4.404105555146174,12,0.6688156235181395,-123.74,2,"[594.7999877929688, 524.5999755859375]"
1779196513.1711593,25.452069954000002,0.5410778486339207,0.903,0.0,0.36609951274653335,0.5,4.561179064861577,12,0.6320000846088841,-142.57,2,"[607.4000244140625, 479.0]"
1779196513.221099,25.502009732,0.5376327470574391,0.903,0.0,0.3653733264210666,0.5,4.718154864762269,12,0.6013204688511713,-158.71,2,"[607.4000244140625, 479.0]"
1779196513.2710102,25.551920948000003,0.5431597571686606,0.903,0.0,0.364647959514,0.5,4.87495353538597,12,0.5767767762450011,-177.54,2,"[633.0, 479.79998779296875]"
1779196513.3210583,25.601968912,0.5575322924891633,0.903,0.0,0.3639205145146666,0.5,5.032201416060019,12,0.5583690067903734,-180.23,2,"[633.0, 479.79998779296875]"
1779196513.3710792,25.651990002,0.5803346989117957,0.903,0.0,0.36319369920106664,0.5,5.189313180949171,12,0.5522330836388308,-204.44,2,"[652.5999755859375, 423.6000061035156]"
1779196513.4210577,25.701968487000002,0.6109603253151332,0.903,0.0,0.3624673224162666,0.5,5.346330151421597,12,0.5522330836388308,-139.88,2,"[652.5999755859375, 423.6000061035156]"
1779196513.4712005,25.752111004000003,0.6487301805468693,0.903,0.0,0.3617392847766666,0.5,5.503706139960883,12,0.5553010452146021,-139.88,2,"[648.0, 422.20001220703125]"
1779196513.5212097,25.802120480000003,0.6925046072017123,0.903,0.0,0.3610130860397333,0.5,5.660684622781702,12,0.5737088146692298,5.38,2,"[648.0, 422.20001220703125]"
1779196513.5712848,25.852195611000003,0.7413377727791896,0.903,0.0,0.3602859340469333,0.5,5.817869165806272,12,0.5967185264875144,5.38,2,"[650.5999755859375, 448.0]"
1779196513.6213367,25.902247556000003,0.7941175211561624,0.903,0.0,0.359556576054,0.5,5.975530568038124,12,0.6289321230331129,5.38,2,"[650.5999755859375, 448.0]"
1779196513.6709502,25.951860977000003,0.848765885799951,0.903,0.0,0.3588352092289333,0.5,6.131464562407814,12,0.6672816427302539,2.69,2,"[610.4000244140625, 437.79998779296875]"
1779196513.7210445,26.001955321,0.9050155341795401,0.903,0.0,0.35810729611093334,0.5,0.005628326601659239,13,0.7133010663668231,2.69,2,"[610.4000244140625, 437.79998779296875]"
1779196513.7711627,26.052073539000002,0.961011712863248,0.903,0.0,0.3573790615010666,0.5,0.1630468931461806,13,0.7623884515791637,2.69,2,"[576.0, 510.6000061035156]"
1779196513.8211265,26.102037372,1.0151644832270976,0.903,0.0,0.35665334544519994,0.5,0.31992103739178646,13,0.8145437983672754,2.69,2,"[576.0, 510.6000061035156]"
1779196513.8711464,26.15205719,1.0664336583479126,0.903,0.0,0.3559263580859999,0.5,0.47706999245476567,13,0.868233125943273,2.69,2,"[554.7999877929688, 571.4000244140625]"
1779196513.9212246,26.202135365,1.113532244485976,0.903,0.0,0.35519840130986663,0.5,0.6344285011725148,13,0.923456434307156,29.59,2,"[554.7999877929688, 571.4000244140625]"
1779196513.9712017,26.252112436,1.1551506507118297,0.903,0.0,0.3544722142868,0.5,0.7914044518696599,13,0.9740778003073821,26.9,2,"[529.4000244140625, 585.4000244140625]"
1779196514.0210867,26.301997416000003,1.1903780768069636,0.903,0.0,0.3537467306189333,0.5,0.948228362048745,13,1.021631204731837,107.6,2,"[529.4000244140625, 585.4000244140625]"
1779196514.0710292,26.351939790000003,1.218437827234792,0.903,0.0,0.35302071667333335,0.5,1.10516689951897,13,1.0676506283684062,129.12,2,"[489.20001220703125, 650.7999877929688]"
1779196514.1211982,26.402109069,1.2386888284486945,0.903,0.0,0.3522926116426666,0.5,1.2625574556233872,13,1.1121360712170898,142.57,2,"[489.20001220703125, 650.7999877929688]"
1779196514.1712472,26.452157863,1.2505546318649334,0.903,0.0,0.35156618114266663,0.5,1.4195860374222562,13,1.1520195717021164,150.64,2,"[463.3999938964844, 657.4000244140625]"
1779196514.221261,26.502171621000002,1.2538320801165626,0.903,0.0,0.35083855690373333,0.5,1.5768726633585075,13,1.1826991874598294,164.09,2,"[463.3999938964844, 657.4000244140625]"
1779196514.2712116,26.552122424,1.2484705876880122,0.903,0.0,0.3501125181788,0.5,1.733816557244218,13,1.2072428800659996,164.09,2,"[454.3999938964844, 685.2000122070312]"
1779196514.3211968,26.602107742,1.234631346162947,0.903,0.0,0.3493855641881333,0.5,1.8909582992104745,13,1.2241166687327416,177.54,2,"[454.3999938964844, 685.2000122070312]"
1779196514.3712325,26.65214332,1.2126979702551894,0.903,0.0,0.34865879513413334,0.5,2.0480600644102154,13,1.2302525918842842,185.60999999999999,2,"[428.3999938964844, 711.5999755859375]"
1779196514.4210145,26.701925298000003,1.1833296545473013,0.903,0.0,0.3479339775434666,0.5,2.2047399922563855,13,1.23178657267217,110.28999999999999,2,"[428.3999938964844, 711.5999755859375]"
1779196514.471123,26.75203381,1.1470973152565227,0.903,0.0,0.34720674850946665,0.5,2.3619411888636037,13,1.2287186110963986,64.56,2,"[428.20001220703125, 695.2000122070312]"
1779196514.5211122,26.80202298,1.1050530511120413,0.903,0.0,0.3464802669393333,0.5,2.5189808102190554,13,1.213378803217542,-5.38,2,"[428.20001220703125, 695.2000122070312]"
1779196514.571078,26.851988768000002,1.0582366097488132,0.903,0.0,0.34575402205906663,0.5,2.6759692675965496,13,1.188835110611372,-5.38,2,"[424.20001220703125, 687.7999877929688]"
1779196514.6239686,26.904879458,1.0048926787650752,0.903,0.0,0.3449870176316,0.5,2.841768497500233,13,1.158155494853659,-5.38,2,"[424.20001220703125, 687.7999877929688]"
1779196514.674385,26.955295807000002,0.9540857977788267,0.903,0.0,0.3442889680574666,0.5,2.9926621268996954,13,1.1152040327928612,-5.38,2,"[429.6000061035156, 669.7999877929688]"
1779196514.727319,27.008229605,0.8944802009228848,0.903,0.0,0.34348524247466666,0.5,3.1663991718373055,13,1.0722525707320631,-5.38,2,"[429.6000061035156, 669.7999877929688]"
1779196514.771653,27.052563786,0.8472492888204515,0.903,0.0,0.3428443832821333,0.5,3.304930263436951,13,1.026233147095494,-2.69,2,"[452.79998779296875, 644.2000122070312]"
1779196514.821514,27.102424627,0.7950502968022048,0.903,0.0,0.3421149196028,0.5,3.4626145113305924,13,0.9771457618831534,-2.69,2,"[452.79998779296875, 644.2000122070312]"
1779196514.870971,27.151881734000003,0.7463619956820747,0.903,0.0,0.3413949026773333,0.5,3.6182567051498395,13,0.9295923574586985,-21.52,2,"[489.0, 633.4000244140625]"
1779196514.9212284,27.202139125000002,0.7011285855991782,0.903,0.0,0.3406658627754666,0.5,3.7758493473432893,13,0.8789709914584724,-34.97,2,"[489.0, 633.4000244140625]"
1779196514.9711883,27.25209917,0.6612082763320183,0.903,0.0,0.33993928870066664,0.5,3.932908964935983,13,0.8237476830945893,-43.04,2,"[534.2000122070312, 608.4000244140625]"
1779196515.0213614,27.302272004000002,0.6273208329010036,0.903,0.0,0.33921082785039997,0.5,4.090376436653337,13,0.7731263170943632,-86.08,2,"[534.2000122070312, 608.4000244140625]"
1779196515.0710273,27.351938095,0.6005541329311335,0.903,0.0,0.33848756663439994,0.5,4.246719931342234,13,0.7301748550335652,-86.08,2,"[583.4000244140625, 522.2000122070312]"
1779196515.1213496,27.402260278,0.5811326536262156,0.903,0.0,0.33775800938946665,0.5,4.404424404809369,13,0.6887573737606529,-123.74,2,"[583.4000244140625, 522.2000122070312]"
1779196515.1711771,27.452087813000002,0.5698089601914651,0.903,0.0,0.3370324562813333,0.5,4.561263325518148,13,0.6550097964271688,-123.74,2,"[639.2000122070312, 487.6000061035156]"
1779196515.2213342,27.502244928000003,0.5667034060972705,0.903,0.0,0.3363035592857333,0.5,4.718825076431038,13,0.624330180669456,-150.64,2,"[639.2000122070312, 487.6000061035156]"
1779196515.270961,27.551871774000002,0.5718384533283182,0.903,0.0,0.33558166533666667,0.5,4.874873016366273,13,0.5997864880632857,-158.71,2,"[623.7999877929688, 446.0]"
1779196515.3212402,27.602150995000002,0.585178083570139,0.903,0.0,0.33485161504839994,0.5,5.032684068364183,13,0.5859806609723149,-174.85,2,"[623.7999877929688, 446.0]"
1779196515.371344,27.652254868,0.6062625781300233,0.903,0.0,0.33412395808039996,0.5,5.189977769167093,13,0.581378718608658,-193.68,2,"[644.0, 439.6000061035156]"
1779196515.4211528,27.702063736000003,0.6344281625950964,0.903,0.0,0.33339953293333335,0.5,5.34657286458684,13,0.581378718608658,-118.36,2,"[644.0, 439.6000061035156]"
1779196515.471352,27.752262971,0.6692054572011609,0.903,0.0,0.33267176859306663,0.5,5.503889775476274,13,0.5829126993965437,-118.36,2,"[628.0, 446.79998779296875]"
1779196515.5211093,27.802020043000002,0.7094264825982222,0.903,0.0,0.3319468607213333,0.5,5.660589218896014,13,0.5982525072754,2.69,2,"[628.0, 446.79998779296875]"
1779196515.5712185,27.852129349000002,0.7544137984356624,0.903,0.0,0.33121874505226667,0.5,5.817982074646245,13,0.6227961998815703,8.07,2,"[619.0, 428.6000061035156]"
1779196515.621166,27.902076630000003,0.8027607759449211,0.903,0.0,0.3304922321482666,0.5,5.975028469275465,13,0.6504078540635119,5.38,2,"[619.0, 428.6000061035156]"
1779196515.6709957,27.951906620000003,0.8531870563085968,0.903,0.0,0.3297681452936,0.5,6.131550437843011,13,0.6872233929727672,2.69,2,"[601.2000122070312, 454.3999938964844]"
1779196515.721166,28.002076648000003,0.9049366281331604,0.903,0.0,0.32903943864106666,0.5,0.0058857361373299,14,0.7271068934577939,2.69,2,"[601.2000122070312, 454.3999938964844]"
1779196515.7710712,28.051981897,0.9562026095509926,0.903,0.0,0.3283136950590666,0.5,0.1627658305594224,14,0.7715923363064775,2.69,2,"[578.0, 497.79998779296875]"
1779196515.8211465,28.102057303000002,1.0060412217091068,0.903,0.0,0.3275864103188,0.5,0.3199790688912856,14,0.8206797215188181,2.69,2,"[578.0, 497.79998779296875]"
1779196515.871051,28.151961941000003,1.0530248460312959,0.903,0.0,0.3268606869090666,0.5,0.4768548027827819,14,0.8713010875190442,2.69,2,"[579.2000122070312, 557.5999755859375]"
1779196515.9211905,28.202101357,1.0962373757662802,0.903,0.0,0.3261329189936,0.5,0.6341724865039993,14,0.9203884727313847,32.28,2,"[579.2000122070312, 557.5999755859375]"
1779196515.9711666,28.252077227,1.1344485062361054,0.903,0.0,0.3254060776798666,0.5,0.7912898717024035,14,0.9694758579437253,10.76,2,"[536.4000244140625, 600.5999755859375]"
1779196516.0209286,28.301839474,1.16667386732766,0.903,0.0,0.3246823297861333,0.5,0.9477385689044979,14,1.012427320004523,94.14999999999999,2,"[536.4000244140625, 600.5999755859375]"
1779196516.070995,28.351905861000002,1.1924415280342116,0.903,0.0,0.32395483862893326,0.5,1.1049964272768165,14,1.055378782065321,129.12,2,"[489.3999938964844, 647.4000244140625]"
1779196516.1210113,28.401922189,1.2109540302183421,0.903,0.0,0.3232278238743999,0.5,1.2621513042419537,14,1.0952622825503477,134.5,2,"[489.3999938964844, 647.4000244140625]"
1779196516.1712434,28.452154045,1.2218298200816275,0.903,0.0,0.32249844242466663,0.5,1.4198177770043543,14,1.1320778214596032,131.81,2,"[471.3999938964844, 649.7999877929688]"
1779196516.221347,28.502257948,1.2247641424291444,0.903,0.0,0.32177062803159995,0.5,1.5771455075388872,14,1.1596894756415448,150.64,2,"[471.3999938964844, 649.7999877929688]"
1779196516.2711916,28.55210239,1.2197879858481033,0.903,0.0,0.32104574437239997,0.5,1.7338397170652655,14,1.1826991874598294,150.64,2,"[442.6000061035156, 677.7999877929688]"
1779196516.3212054,28.602116122,1.2070455817077264,0.903,0.0,0.3203190674306666,0.5,1.8909215708507645,14,1.1980389953386859,169.47,2,"[442.6000061035156, 677.7999877929688]"
1779196516.371307,28.652217497000002,1.1868720503854018,0.903,0.0,0.3195919045959999,0.5,2.048108457503446,14,1.2026409377023426,193.68,2,"[437.0, 678.0]"
1779196516.421147,28.702057628000002,1.1598613204957315,0.903,0.0,0.3188661249277333,0.5,2.2049963525001033,14,1.2026409377023426,102.22,2,"[437.0, 678.0]"
1779196516.4709697,28.751880432,1.1267383476679091,0.903,0.0,0.3181416103570666,0.5,2.3616107781394504,14,1.1995729761265714,53.8,2,"[427.20001220703125, 687.5999755859375]"
1779196516.5210402,28.801951026,1.0881295465488117,0.903,0.0,0.3174140793349333,0.5,2.5188772539004134,14,1.1873011298234863,-5.38,2,"[427.20001220703125, 687.5999755859375]"
1779196516.5713677,28.852278535000004,1.0449819273786707,0.903,0.0,0.3166840398158666,0.5,2.676685977978167,14,1.1642914180052018,-8.07,2,"[426.6000061035156, 677.4000244140625]"
1779196516.6213245,28.902235327000003,0.9987532539320751,0.903,0.0,0.3159577063985333,0.5,2.833693573938106,14,1.1366797638232602,-2.69,2,"[426.6000061035156, 677.4000244140625]"
1779196516.6712115,28.952122127000003,0.9504185503591752,0.903,0.0,0.31523186342306664,0.5,2.9905951537123627,14,1.0983302441261191,-2.69,2,"[442.20001220703125, 656.0]"
1779196516.721117,29.002027773000002,0.9011549797012143,0.903,0.0,0.314506194586,0.5,3.147459090923448,14,1.0584467436410925,-2.69,2,"[442.20001220703125, 656.0]"
1779196516.7712164,29.052127298000002,0.8520436906034962,0.903,0.0,0.31377873220479996,0.5,3.304710728942311,14,1.01702926236818,-2.69,2,"[466.20001220703125, 648.7999877929688]"
1779196516.8209233,29.101833956,0.8046857093585101,0.903,0.0,0.3130555097201333,0.5,3.4610458512867837,14,0.9725438195194965,-5.38,2,"[466.20001220703125, 648.7999877929688]"
1779196516.8711107,29.152021498000003,0.7596664866345237,0.903,0.0,0.31232770166359997,0.5,3.6183722120869106,14,0.9280583766708129,-16.14,2,"[495.6000061035156, 617.7999877929688]"
1779196516.9211988,29.202109608,0.7183408133297484,0.903,0.0,0.31159897124906666,0.5,3.7758979540648028,14,0.880504972246358,-32.28,2,"[495.6000061035156, 617.7999877929688]"
1779196516.9711769,29.252087527,0.6818892032688914,0.903,0.0,0.3108727598826666,0.5,3.932879166929638,14,0.8298836062461319,-29.59,2,"[533.5999755859375, 580.0]"
1779196517.0210154,29.301926098000003,0.6510773284165361,0.903,0.0,0.3101476571916,0.5,4.089620723398895,14,0.7838641826095626,-67.25,2,"[533.5999755859375, 580.0]"
1779196517.0710402,29.351950992000003,0.6265213350466452,0.903,0.0,0.3094207460451999,0.5,4.246753203950007,14,0.7439806821245359,-67.25,2,"[580.4000244140625, 525.2000122070312]"
1779196517.1211538,29.402064771000003,0.6088553437077716,0.903,0.0,0.30869256337746664,0.5,4.4041605424423835,14,0.705631162427395,-99.53,2,"[580.4000244140625, 525.2000122070312]"
1779196517.171035,29.451945703000003,0.5985575007688664,0.903,0.0,0.3079672456802666,0.5,4.560948575633361,14,0.6749515466696822,-118.36,2,"[600.4000244140625, 494.0]"
1779196517.2210896,29.502000442000003,0.5957649802113265,0.903,0.0,0.3072400899233333,0.5,4.718133932330417,14,0.6473398924877406,-139.88,2,"[600.4000244140625, 494.0]"
1779196517.2709935,29.551904367000002,0.6005255368299184,0.903,0.0,0.30651471945559994,0.5,4.874933372644321,14,0.6273981422452273,-153.32999999999998,2,"[604.0, 476.20001220703125]"
1779196517.321107,29.602017452000002,0.612728163959487,0.903,0.0,0.3057867107809333,0.5,5.0323030999894485,14,0.6120583343663708,-134.5,2,"[604.0, 476.20001220703125]"
1779196517.3712037,29.652114457000003,0.6320216758936925,0.903,0.0,0.30505906065813326,0.5,5.189595321102217,14,0.6059224112148283,-134.5,2,"[617.7999877929688, 458.3999938964844]"
1779196517.4213746,29.70228541,0.6579032632875503,0.903,0.0,0.3043313512829333,0.5,5.346900350488227,14,0.6059224112148283,-80.7,2,"[617.7999877929688, 458.3999938964844]"
1779196517.4710488,29.751959471000003,0.6895300196389806,0.903,0.0,0.3036072729157333,0.5,5.5034204843656624,14,0.6105243535784852,-80.7,2,"[630.2000122070312, 444.3999938964844]"
1779196517.5211897,29.802100527,0.7264355769646411,0.903,0.0,0.3028790972385333,0.5,5.660826311751961,14,0.624330180669456,-53.8,2,"[630.2000122070312, 444.3999938964844]"
1779196517.5711136,29.85202443,0.7673761888023125,0.903,0.0,0.3021533882749333,0.5,5.817698922900362,14,0.6473398924877406,5.38,2,"[614.2000122070312, 448.6000061035156]"
1779196517.6210415,29.901952294,0.8114388766563498,0.903,0.0,0.30142777588533326,0.5,5.974550658165569,14,0.6749515466696822,2.69,2,"[614.2000122070312, 448.6000061035156]"
1779196517.6710033,29.951913887000003,0.8576053177816574,0.903,0.0,0.30070104990813334,0.5,6.1316431116846815,14,0.705631162427395,2.69,2,"[606.0, 466.6000061035156]"
1779196517.721278,30.002188776,0.9048172341169631,0.903,0.0,0.3000280199324,0.5,0.00605691837940725,15,0.7424467013366504,2.69,2,"[606.0, 466.6000061035156]"
1779196517.771193,30.052103796,0.9518205625596725,0.903,0.0,0.30075427950586664,0.5,0.16304855190707457,15,0.7853981633974483,2.69,2,"[583.7999877929688, 497.6000061035156]"
1779196517.8211825,30.102093409000002,0.9978501673623715,0.903,0.0,0.30148058686493334,0.5,0.3200505149913866,15,0.8283496254582462,2.69,2,"[583.7999877929688, 497.6000061035156]"
1779196517.8711712,30.152081937000002,1.0417989035094701,0.903,0.0,0.3022075226889333,0.5,0.4771883299668147,15,0.8743690490948155,2.69,2,"[554.5999755859375, 538.0]"
1779196517.921017,30.201927796000003,1.0824219265625066,0.903,0.0,0.3029324415042667,0.5,0.6338901390058211,15,0.9203884727313847,26.9,2,"[554.5999755859375, 538.0]"
1779196517.9712086,30.252119225,1.1189884544861468,0.903,0.0,0.3036607310646667,0.5,0.7913205839121602,15,0.961805954004297,26.9,2,"[530.2000122070312, 578.5999755859375]"
1779196518.021122,30.302032637000003,1.150306529945528,0.903,0.0,0.3043873127404,0.5,0.948381844557808,15,1.0032234352772094,86.08,2,"[530.2000122070312, 578.5999755859375]"
1779196518.071067,30.351977845,1.1756351255357804,0.903,0.0,0.305112782558,0.5,1.105202760799095,15,1.0446409165501216,118.36,2,"[491.79998779296875, 626.2000122070312]"
1779196518.1211567,30.402067595000002,1.1944211217081804,0.903,0.0,0.3058404777777334,0.5,1.262504730273868,15,1.081456455459377,131.81,2,"[491.79998779296875, 626.2000122070312]"
1779196518.171026,30.451936798000002,1.2060535318626322,0.903,0.0,0.3065657376613334,0.5,1.4192802662092632,15,1.1152040327928612,139.88,2,"[467.3999938964844, 654.5999755859375]"
1779196518.2211974,30.502108225,1.2102885676699402,0.903,0.0,0.30729388744013336,0.5,1.576680495277465,15,1.145883648550574,156.02,2,"[467.3999938964844, 654.5999755859375]"
1779196518.2711494,30.552060109000003,1.2069393027753954,0.903,0.0,0.30802057583413334,0.5,1.7337648246379658,15,1.167359379580973,156.02,2,"[449.20001220703125, 659.5999755859375]"
1779196518.3211582,30.602069108000002,1.196070254795162,0.903,0.0,0.30874718704160004,0.5,1.8908324689998963,15,1.1811652066719438,156.02,2,"[449.20001220703125, 659.5999755859375]"
1779196518.3712575,30.652168281,1.1778862226185538,0.903,0.0,0.3094747435988,0.5,2.0481044645391577,15,1.1903690913992575,180.23,2,"[441.0, 691.4000244140625]"
1779196518.4211154,30.702026148,1.152886031212047,0.903,0.0,0.3102004072184,0.5,2.204967273918477,15,1.1903690913992575,121.05,2,"[441.0, 691.4000244140625]"
1779196518.4709783,30.751888804000004,1.1216604950080231,0.903,0.0,0.31092511348373336,0.5,2.3616231371649192,15,1.188835110611372,45.73,2,"[429.20001220703125, 684.4000244140625]"
1779196518.521204,30.802114921,1.0846885316884238,0.903,0.0,0.31165407708560006,0.5,2.5191992859969403,15,1.175029283520401,-5.38,2,"[429.20001220703125, 684.4000244140625]"
1779196518.571141,30.852051852000002,1.0431724616107636,0.903,0.0,0.31238063988253334,0.5,2.6762564657137418,15,1.1535535524900022,-5.38,2,"[439.79998779296875, 670.5999755859375]"
1779196518.6212113,30.902122092000003,0.9979928923984489,0.903,0.0,0.3131073561805333,0.5,2.83334682693215,15,1.1244079175201749,-5.38,2,"[439.79998779296875, 670.5999755859375]"
1779196518.6711533,30.952064026000002,0.9502754729945241,0.903,0.0,0.31383380087960006,0.5,2.9903784780670364,15,1.0952622825503477,-5.38,2,"[438.20001220703125, 647.2000122070312]"
1779196518.7218366,31.002747501,0.9006589600760365,0.903,0.0,0.3145677615065333,0.5,3.149034806984325,15,1.0569127628532067,-2.69,2,"[438.20001220703125, 647.2000122070312]"
1779196518.7715583,31.052468928000003,0.8517132443562302,0.903,0.0,0.3152892007076,0.5,3.3049844464854274,15,1.0154952815802945,-2.69,2,"[464.0, 636.4000244140625]"
1779196518.8216035,31.102514237,0.8032292773734677,0.903,0.0,0.3160192645118667,0.5,3.4627984201645106,15,0.9725438195194965,-2.69,2,"[464.0, 636.4000244140625]"
1779196518.8710127,31.151923371000002,0.7576562175079431,0.903,0.0,0.31673873415560005,0.5,3.618322311029196,15,0.9280583766708129,-21.52,2,"[481.20001220703125, 617.2000122070312]"
1779196518.9213638,31.202274610000003,0.7148694067538872,0.903,0.0,0.3174675789765333,0.5,3.7758727836244574,15,0.8789709914584724,-32.28,2,"[481.20001220703125, 617.2000122070312]"
1779196518.9713545,31.252265156000004,0.6766485760664461,0.903,0.0,0.31819458765613334,0.5,3.9330263474038603,15,0.8298836062461319,-43.04,2,"[514.5999755859375, 590.5999755859375]"
1779196519.021251,31.302161703000003,0.6438855752749572,0.903,0.0,0.318920644882,0.5,4.0899742405370105,15,0.7792622402459057,-43.04,2,"[514.5999755859375, 590.5999755859375]"
1779196519.0710485,31.351959274000002,0.6173834397008053,0.903,0.0,0.3196459623176,0.5,4.246762217179317,15,0.7378447589729934,-78.01,2,"[566.0, 535.2000122070312]"
1779196519.1213691,31.402280075,0.5976837551527887,0.903,0.0,0.32037595165306665,0.5,4.404560093337643,15,0.7025632008516236,-102.22,2,"[566.0, 535.2000122070312]"
1779196519.1713538,31.452264513000003,0.5855453253119947,0.903,0.0,0.3211020695410667,0.5,4.561521099478533,15,0.6703496043060252,-121.05,2,"[603.7999877929688, 497.3999938964844]"
1779196519.221185,31.502095533000002,0.5811778288988934,0.903,0.0,0.32182811421013335,0.5,4.718466278275635,15,0.6427379501240836,-134.5,2,"[603.7999877929688, 497.3999938964844]"
1779196519.2711558,31.552066497000002,0.5847166990903214,0.903,0.0,0.32255359614853335,0.5,4.875289814605189,15,0.619728238305799,-161.4,2,"[621.7999877929688, 461.20001220703125]"
1779196519.3213503,31.602261134000003,0.5961658703806847,0.903,0.0,0.3232820177588,0.5,5.032748804022383,15,0.6013204688511713,-142.57,2,"[621.7999877929688, 461.20001220703125]"
1779196519.3714933,31.652404024000003,0.6152470105646655,0.903,0.0,0.3240094267736,0.5,5.189988906113022,15,0.5982525072754,-164.09,2,"[638.2000122070312, 445.6000061035156]"
1779196519.4213717,31.702282509000003,0.6414702098008676,0.903,0.0,0.32473530343733337,0.5,5.346897768099048,15,0.5982525072754,-139.88,2,"[638.2000122070312, 445.6000061035156]"
1779196519.4712458,31.752156334000002,0.6742201882767906,0.903,0.0,0.32546050184493336,0.5,5.503660015097516,15,0.5982525072754,-139.88,2,"[627.0, 438.3999938964844]"
1779196519.5211267,31.802037467,0.7127872059421678,0.903,0.0,0.32618650039973335,0.5,5.66059522562113,15,0.6105243535784852,-59.18,2,"[627.0, 438.3999938964844]"
1779196519.5710604,31.851971164000002,0.7562131228222616,0.903,0.0,0.32691249040893333,0.5,5.817528588888258,15,0.6320000846088841,8.07,2,"[622.4000244140625, 441.20001220703125]"
1779196519.6209824,31.901893202000004,0.8034253775611264,0.903,0.0,0.3276381216918667,0.5,5.974384408223919,15,0.6596117387908257,2.69,2,"[622.4000244140625, 441.20001220703125]"
1779196519.6710315,31.951942269000003,0.853436733046037,0.903,0.0,0.32836572725546664,0.5,6.131666997213607,15,0.6933593161243098,2.69,2,"[600.2000122070312, 452.79998779296875]"
1779196519.7210858,32.001996471000005,0.9048628686256783,0.903,0.0,0.329092853408,0.5,0.0056606473068399055,16,0.7317088358214509,2.69,2,"[600.2000122070312, 452.79998779296875]"
1779196519.771102,32.052012895000004,0.9564617649152453,0.903,0.0,0.3298198526990667,0.5,0.1628121816173973,16,0.7746602978822488,2.69,2,"[583.0, 489.20001220703125]"
1779196519.8211858,32.102096624000005,1.0070076925068838,0.903,0.0,0.33054744035760003,0.5,0.3200909001649421,16,0.8222137023067037,2.69,2,"[583.0, 489.20001220703125]"
1779196519.871058,32.151968902,1.0550585060810493,0.903,0.0,0.3312727810610667,0.5,0.47688390649709334,16,0.8713010875190442,2.69,2,"[557.4000244140625, 543.5999755859375]"
1779196519.9211001,32.202010961,1.0996971342302764,0.903,0.0,0.3320001267396,0.5,0.6341103175269467,16,0.9203884727313847,32.28,2,"[557.4000244140625, 543.5999755859375]"
1779196519.9711509,32.252061664,1.1396571296384097,0.903,0.0,0.3327272821477334,0.5,0.7912955988257835,16,0.9694758579437253,10.76,2,"[537.0, 592.2000122070312]"
1779196520.021227,32.302137608,1.1739764466349802,0.903,0.0,0.3334552409585333,0.5,0.948654547366516,16,1.0139613007924089,96.84,2,"[537.0, 592.2000122070312]"
1779196520.0711834,32.352094185,1.2016501339457264,0.903,0.0,0.33418071996119997,0.5,1.1054774490943515,16,1.0569127628532067,126.42999999999999,2,"[491.79998779296875, 633.0]"
1779196520.1212268,32.402137616000005,1.22212549430124,0.903,0.0,0.3349074979822667,0.5,1.2625811526567503,16,1.0983302441261191,139.88,2,"[491.79998779296875, 633.0]"
1779196520.171198,32.452108593000005,1.2348067654049375,0.903,0.0,0.33563404540293335,0.5,1.4196350085685197,16,1.1366797638232602,139.88,2,"[465.20001220703125, 656.0]"
1779196520.221231,32.502141794,1.2393549457580553,0.903,0.0,0.3363609311596,0.5,1.576762000757256,16,1.167359379580973,153.32999999999998,2,"[465.20001220703125, 656.0]"
1779196520.2711492,32.552059831,1.2356226492141005,0.903,0.0,0.33708707514946673,0.5,1.7337286491985537,16,1.1903690913992575,153.32999999999998,2,"[448.0, 685.7999877929688]"
1779196520.3210566,32.60196735,1.223686691881519,0.903,0.0,0.33781268823666666,0.5,1.890580535260213,16,1.2087768608538851,172.16,2,"[448.0, 685.7999877929688]"
1779196520.3710597,32.651970227,1.2037723605731374,0.903,0.0,0.33853932823466665,0.5,2.0476544031171784,16,1.2164467647933135,188.29999999999998,2,"[436.79998779296875, 684.2000122070312]"
1779196520.4210303,32.701940901,1.1763583759679312,0.903,0.0,0.3392657298569334,0.5,2.2046767425714506,16,1.217980745581199,134.5,2,"[436.79998779296875, 684.2000122070312]"
1779196520.4710317,32.751942487,1.1420731964084387,0.903,0.0,0.3399923360649333,0.5,2.361743306225506,16,1.2164467647933135,53.8,2,"[426.0, 680.0]"
1779196520.5212317,32.802142399000005,1.1015778762078323,0.903,0.0,0.3407216883898667,0.5,2.519403483236232,16,1.2026409377023426,-5.38,2,"[426.0, 680.0]"
1779196520.5711906,32.852101520000005,1.0562066755881538,0.903,0.0,0.3414474389769333,0.5,2.6762850919059815,16,1.179631225884058,-5.38,2,"[431.3999938964844, 681.5999755859375]"
1779196520.621162,32.902072513,1.0068476675282307,0.903,0.0,0.34217350544600006,0.5,2.833234983092069,16,1.1504855909142309,-2.69,2,"[431.3999938964844, 681.5999755859375]"
1779196520.6711876,32.952098315,0.954643451864545,0.903,0.0,0.3429006122546667,0.5,2.9904097589050735,16,1.1136700520049756,-2.69,2,"[434.3999938964844, 661.0]"
1779196520.721478,33.002388683,0.9008272374513404,0.903,0.0,0.3436292509784,0.5,3.1479156805749113,16,1.0722525707320631,-5.38,2,"[434.3999938964844, 661.0]"
1779196520.7712412,33.052151847000005,0.8471066949225672,0.903,0.0,0.34435421541386674,0.5,3.3046273510732505,16,1.026233147095494,-2.69,2,"[446.3999938964844, 646.7999877929688]"
1779196520.8212104,33.102121276000005,0.7943712713227078,0.903,0.0,0.34508144976706673,0.5,3.4618296975033758,16,0.9786797426710391,-2.69,2,"[446.3999938964844, 646.7999877929688]"
1779196520.8710942,33.152004948000005,0.7442528179616907,0.903,0.0,0.34580637890106675,0.5,3.6185337370731645,16,0.9280583766708129,-16.14,2,"[493.3999938964844, 629.2000122070312]"
1779196520.921366,33.202276612,0.6975995810256884,0.903,0.0,0.34653498393653337,0.5,3.7760323765312336,16,0.8789709914584724,-37.66,2,"[493.3999938964844, 629.2000122070312]"
1779196520.9712086,33.252119390000004,0.6559857339634354,0.903,0.0,0.34726099119680004,0.5,3.9329694688688477,16,0.8237476830945893,-56.49,2,"[535.5999755859375, 595.0]"
1779196521.0211313,33.302042018,0.6202914505593535,0.903,0.0,0.34798682446400003,0.5,4.089868950059213,16,0.7715923363064775,-80.7,2,"[535.5999755859375, 595.0]"
1779196521.071167,33.352077868,0.5913901110300924,0.903,0.0,0.3487132361724,0.5,4.246893469778783,16,0.7271068934577939,-80.7,2,"[600.2000122070312, 527.0]"
1779196521.1212819,33.402192657,0.5700165310001399,0.903,0.0,0.34944122949986667,0.5,4.4042598796020656,16,0.6856894121848816,-115.67,2,"[600.2000122070312, 527.0]"
1779196521.1713958,33.452306354,0.5568040156099019,0.903,0.0,0.35016912538133343,0.5,4.5616052250466055,16,0.6488738732756262,-137.19,2,"[607.7999877929688, 492.20001220703125]"
1779196521.2212272,33.502137998,0.55211191975461,0.903,0.0,0.3508943738417334,0.5,4.718378291690186,16,0.6181942575179133,-158.71,2,"[607.7999877929688, 492.20001220703125]"
1779196521.271057,33.551967801,0.5560208272730331,0.903,0.0,0.3516190254617334,0.5,4.875022342548249,16,0.5936505649117432,-161.4,2,"[625.0, 447.20001220703125]"
1779196521.3210835,33.601994383000005,0.5685226315166275,0.903,0.0,0.3523462765864,0.5,5.032228314376297,16,0.5767767762450011,-153.32999999999998,2,"[625.0, 447.20001220703125]"
1779196521.3712683,33.652179083,0.5893896406517735,0.903,0.0,0.3530748284153334,0.5,5.189715452463659,16,0.5706408530934585,-190.99,2,"[635.4000244140625, 428.20001220703125]"
1779196521.421283,33.702193758,0.6180615776948168,0.903,0.0,0.3538019832421333,0.5,5.346900608098792,16,0.5706408530934585,-131.81,2,"[635.4000244140625, 428.20001220703125]"
1779196521.4763258,33.757236409,0.657755257902825,0.903,0.0,0.3546003119006667,0.5,5.519471028887679,16,0.5706408530934585,-131.81,2,"[635.5999755859375, 424.20001220703125]"
1779196521.5231683,33.804079114000004,0.696197726900056,0.903,0.0,0.3552589973892001,0.5,5.661855535204367,16,0.5844466801844292,-64.56,2,"[635.5999755859375, 424.20001220703125]"
1779196521.5712078,33.852118634,0.743280927641423,0.903,0.0,0.3559808993025334,0.5,5.817905196732383,16,0.6105243535784852,5.38,2,"[624.7999877929688, 437.20001220703125]"
1779196521.6219432,33.902853837,0.7955028555376651,0.903,0.0,0.3567172397773334,0.5,5.977075964588295,16,0.6350680461846554,5.38,2,"[624.7999877929688, 437.20001220703125]"
1779196521.670998,33.951908842,0.849013735162614,0.903,0.0,0.35743192561453335,0.5,6.1315657656735425,16,0.6718835850939109,2.69,2,"[605.2000122070312, 452.0]"
1779196521.7212067,34.002117435,0.9050858688943573,0.903,0.0,0.3581602751830667,0.5,0.0058238750363628355,17,0.7148350471547088,2.69,2,"[605.2000122070312, 452.0]"
1779196521.771238,34.052148658,0.9612400730399125,0.903,0.0,0.35888738988333335,0.5,0.16300035673418023,17,0.7639224323670493,2.69,2,"[584.5999755859375, 501.0]"
1779196521.8211913,34.102102077000005,1.0161411081030602,0.903,0.0,0.35961393842306666,0.5,0.3200544545485755,17,0.8145437983672754,2.69,2,"[584.5999755859375, 501.0]"
1779196521.8712156,34.152126178,1.0684953705884275,0.903,0.0,0.36034080995160006,0.5,0.47717837111810724,17,0.868233125943273,2.69,2,"[551.5999755859375, 559.7999877929688]"
1779196521.9214087,34.202319312,1.1170602623655181,0.903,0.0,0.361069035202,0.5,0.6345949144769563,17,0.9219224535192704,26.9,2,"[551.5999755859375, 559.7999877929688]"
1779196521.9714408,34.252351481000005,1.1604353806820389,0.903,0.0,0.3617958197194667,0.5,0.7917000223312769,17,0.9756117810952678,24.21,2,"[527.7999877929688, 597.0]"
1779196522.0210543,34.301965155000005,1.1974422006588736,0.903,0.0,0.36251857988426667,0.5,0.9479352074718506,17,1.0231651855197226,110.28999999999999,2,"[527.7999877929688, 597.0]"
1779196522.0710502,34.351960791,1.2275726945416299,0.903,0.0,0.36324590078346664,0.5,1.1051562620862327,17,1.0722525707320631,126.42999999999999,2,"[487.20001220703125, 625.4000244140625]"
1779196522.121074,34.40198488,1.2497874572473116,0.903,0.0,0.36397275591840006,0.5,1.2622766349392478,17,1.1167380135807468,139.88,2,"[487.20001220703125, 625.4000244140625]"
1779196522.1712315,34.452142245000005,1.2635428027437419,0.903,0.0,0.36470077597266665,0.5,1.419648822151423,17,1.158155494853659,161.4,2,"[458.3999938964844, 662.2000122070312]"
1779196522.2211664,34.502077283000006,1.2684208373528074,0.903,0.0,0.3654271139534667,0.5,1.5766574045714563,17,1.1903690913992575,174.85,2,"[458.3999938964844, 662.2000122070312]"
1779196522.271174,34.552084833,1.2643041925505925,0.903,0.0,0.36615375536120004,0.5,1.7337315771629207,17,1.217980745581199,174.85,2,"[433.6000061035156, 693.0]"
1779196522.321157,34.602067639000005,1.251256182775366,0.903,0.0,0.3668803382868,0.5,1.8907931079855373,17,1.2363885150358267,188.29999999999998,2,"[433.6000061035156, 693.0]"
1779196522.3710964,34.652007198,1.2295780215512595,0.903,0.0,0.36760651106720005,0.5,2.047765979921884,17,1.2455923997631406,188.29999999999998,2,"[428.20001220703125, 699.0]"
1779196522.4210222,34.701932924000005,1.1997979835145736,0.903,0.0,0.3683319743302667,0.5,2.2045854793048747,17,1.2471263805510262,107.6,2,"[428.20001220703125, 699.0]"
1779196522.470971,34.751881687,1.1625511734507445,0.903,0.0,0.36905830468106665,0.5,2.3615924123887666,17,1.244058418975255,67.25,2,"[424.3999938964844, 703.4000244140625]"
1779196522.5210195,34.801930356,1.1186988983523807,0.903,0.0,0.3697855501522667,0.5,2.5187971621372824,17,1.227184630308513,-5.38,2,"[424.3999938964844, 703.4000244140625]"
1779196522.5712316,34.852142305,1.0692501200108582,0.903,0.0,0.37051408738973335,0.5,2.6762811460656266,17,1.2026409377023426,-5.38,2,"[419.20001220703125, 695.0]"
1779196522.6211555,34.902066225,1.0156619285800765,0.903,0.0,0.37124026800360005,0.5,2.8332557113204118,17,1.1719613219446299,-5.38,2,"[419.20001220703125, 695.0]"
1779196522.6711223,34.952033130000004,0.9590750379898995,0.903,0.0,0.37196659924093334,0.5,2.9902628360414596,17,1.1320778214596032,-5.38,2,"[434.20001220703125, 679.0]"
1779196522.7213402,35.002251073000004,0.8773195217986551,0.903,0.0,0.37269451453893343,0.7,3.2105521956987175,17,1.0845244170351482,-5.38,2,"[434.20001220703125, 679.0]"
1779196522.7714503,35.052360934,0.796458525903292,0.903,0.0,0.3734226995901333,0.7,3.4309231908977083,17,1.038504993398579,-2.69,2,"[462.3999938964844, 649.5999755859375]"
1779196522.821735,35.102645703,0.7200564961490008,0.903,0.0,0.3741548025809333,0.7,3.652479874057967,17,0.983281685034696,-10.76,2,"[462.3999938964844, 649.5999755859375]"
1779196522.8710532,35.151963833,0.6535373105067926,0.903,0.0,0.37487258426520004,0.7,3.869702493276513,17,0.9188544919434991,-24.21,2,"[498.20001220703125, 618.5999755859375]"
1779196522.9210548,35.201965503000004,0.5979136527981457,0.903,0.0,0.37559926569773333,0.7,4.089618447629185,17,0.8467573949128739,-75.32,2,"[498.20001220703125, 618.5999755859375]"
1779196522.9711657,35.252076227,0.5567325616058079,0.903,0.0,0.3763274408517334,0.7,4.30998644763374,17,0.7685243747307062,-80.7,2,"[555.5999755859375, 571.5999755859375]"
1779196523.0210507,35.301961429,0.5322361521648009,0.903,0.0,0.3770527650162667,0.7,4.529491651313329,17,0.701029220063738,-118.36,2,"[555.5999755859375, 571.5999755859375]"
1779196523.0710175,35.351928387,0.5254785462443432,0.903,0.0,0.3777791898482667,0.7,4.74932995052216,17,0.6396699885483124,-118.36,2,"[605.2000122070312, 498.6000061035156]"
1779196523.1210423,35.401952926,0.5369153367591903,0.903,0.0,0.37850600107800003,0.7,4.969285185464422,17,0.5905826033359719,-153.32999999999998,2,"[605.2000122070312, 498.6000061035156]"
1779196523.1711075,35.452018282000004,0.5661255765662903,0.903,0.0,0.37923383286746665,0.7,5.189549272893736,17,0.5583690067903734,-177.54,2,"[639.7999877929688, 449.3999938964844]"
1779196523.2211761,35.502086936000005,0.6117347175683014,0.903,0.0,0.3799613214522667,0.7,5.409709496128322,17,0.5537670644267164,-199.06,2,"[639.7999877929688, 449.3999938964844]"
1779196523.2710114,35.551922094000005,0.6713270837789954,0.903,0.0,0.38068570939400004,0.7,5.628931370247905,17,0.5537670644267164,-86.08,2,"[646.2000122070312, 429.3999938964844]"
1779196523.321078,35.601988859,0.7425530585538672,0.903,0.0,0.38141291997066673,0.7,5.849007459746282,17,0.5629709491540303,-56.49,2,"[646.2000122070312, 429.3999938964844]"
1779196523.371117,35.652027997000005,0.821831928312225,0.903,0.0,0.38214035359040005,0.7,6.069151048876087,17,0.5951845456996288,-48.42,2,"[634.4000244140625, 426.0]"
1779196523.4211106,35.702021517000006,0.9052435486725324,0.903,0.0,0.38286696299573336,0.7,0.005859898422713172,18,0.6427379501240836,5.38,2,"[634.4000244140625, 426.0]"
1779196523.471074,35.751984915,0.9888441365671792,0.903,0.0,0.3835933962861334,0.7,0.22570075740122775,18,0.7040971816395093,5.38,2,"[619.0, 457.20001220703125]"
1779196523.5212283,35.802139142,1.0688074450277545,0.903,0.0,0.3843215956090667,0.7,0.44607607166180685,18,0.7761942786701345,2.69,2,"[619.0, 457.20001220703125]"
1779196523.5710804,35.851991341,1.1407667430850554,0.903,0.0,0.3850468540829334,0.7,0.6655613953430901,18,0.8528933180644165,2.69,2,"[576.0, 539.0]"
1779196523.6209366,35.901847242,1.2014925606213631,0.903,0.0,0.38577112654280005,0.7,0.8847483211293508,18,0.9265243958829272,69.94,2,"[576.0, 539.0]"
1779196523.6710143,35.951925074,1.2483331085569598,0.903,0.0,0.38649910761866674,0.7,1.1050575871742865,18,1.0062913968529805,86.08,2,"[531.5999755859375, 599.0]"
1779196523.7212548,36.002165625,1.2786437555096841,0.903,0.0,0.3872277912213334,0.7,1.325579459245418,18,1.0799224746714913,118.36,2,"[531.5999755859375, 599.0]"
1779196523.7711437,36.052054458,1.2908273677542066,0.903,0.0,0.3879537345930667,0.7,1.5452720539002485,18,1.145883648550574,147.95,2,"[479.20001220703125, 653.5999755859375]"
1779196523.8210554,36.101966207000004,1.284381990570535,0.903,0.0,0.3886793926609334,0.7,1.7648783069075478,18,1.1980389953386859,164.09,2,"[479.20001220703125, 653.5999755859375]"
1779196523.8710322,36.151943054,1.2595139230090546,0.903,0.0,0.3894059682762667,0.7,1.9847622377496634,18,1.2363885150358267,164.09,2,"[451.3999938964844, 692.4000244140625]"
1779196523.9210353,36.201946189000004,1.217342658170165,0.903,0.0,0.3901326591990667,0.7,2.2046810641463424,18,1.2593982268541113,169.47,2,"[451.3999938964844, 692.4000244140625]"
1779196523.9710207,36.251931373000005,1.1598572204730708,0.903,0.0,0.39085917614333343,0.7,2.424547239335098,18,1.2640001692177683,169.47,2,"[424.79998779296875, 707.0]"
1779196524.0209527,36.301863549000004,1.089866858676384,0.903,0.0,0.3915847210546667,0.7,2.6441192477258255,18,1.2578642460662257,-5.38,2,"[424.79998779296875, 707.0]"
1779196524.0711553,36.352065957,1.0102196834680346,0.903,0.0,0.3923138300189334,0.7,2.864769847184263,18,1.227184630308513,-5.38,2,"[422.6000061035156, 703.5999755859375]"
1779196524.1213467,36.402257477,0.9250752960905789,0.903,0.0,0.3930428647178667,0.7,3.085397971688849,18,1.179631225884058,-2.69,2,"[422.6000061035156, 703.5999755859375]"
1779196524.1712198,36.452130707,0.83903153832749,0.903,0.0,0.3937677424765334,0.7,3.3047680793445124,18,1.1182719943686323,-2.69,2,"[427.79998779296875, 690.0]"
1779196524.2211804,36.502091222000004,0.7555905979160494,0.903,0.0,0.3944939874876,0.7,3.5245519592570815,18,1.047708878125893,-2.69,2,"[427.79998779296875, 690.0]"
1779196524.2712407,36.552151619,0.6788379420960027,0.903,0.0,0.39522134236573336,0.7,3.7446717187782923,18,0.9694758579437253,-2.69,2,"[468.6000061035156, 648.5999755859375]"
1779196524.321004,36.601914730000004,0.6128849823576301,0.903,0.0,0.3959457324874667,0.7,3.963894252632329,18,0.8866408953979006,-10.76,2,"[468.6000061035156, 648.5999755859375]"
1779196524.3711123,36.652023041,0.5604024865743337,0.903,0.0,0.3966734091626667,0.7,4.184111397755885,18,0.8068738944278473,-37.66,2,"[542.2000122070312, 590.5999755859375]"
1779196524.4210777,36.701988433000004,0.5243592979078543,0.903,0.0,0.3973996939805334,0.7,4.4039073244196345,18,0.7317088358214509,-139.88,2,"[542.2000122070312, 590.5999755859375]"
