t_ros_sec,t_rel_sec,tail_target_rad,tail_bias_rad,tail_bias_offset_rad,tail_amp_rad,tail_freq_hz,phase_rad,cycle_idx,present_position_rad,present_current_ma,sensor_len,sensor_values
1779197231.921524,0.022847976000000002,0.9242035916364891,0.903,0.0,0.3003260943844,0.5012101646731271,0.07066068183418403,0,1.2379224958237125,177.54,2,"[436.79998779296875, 692.7999877929688]"
1779197231.971313,0.072636844,0.9712940648906953,0.903,0.0,0.30105219359706664,0.5039047821163908,0.22884341656122012,0,1.2379224958237125,164.09,2,"[421.3999938964844, 705.0]"
1779197232.0210974,0.12242130700000001,1.0170384076721324,0.903,0.0,0.3017766772553333,0.5065934040965128,0.3875163163076968,0,1.2379224958237125,0.0,2,"[421.3999938964844, 705.0]"
1779197232.0709426,0.172266528,1.0603722116839016,0.903,0.0,0.30250159419586664,0.5092836340248782,0.5471272370488869,0,1.0584467436410925,-8.07,2,"[424.20001220703125, 684.7999877929688]"
1779197232.1210527,0.22237659,1.1002379842733345,0.903,0.0,0.3032292365724,0.5119839782837071,0.7081877166831934,0,1.0154952815802945,-13.45,2,"[424.20001220703125, 684.7999877929688]"
1779197232.1710343,0.272358038,1.135299894469387,0.903,0.0,0.3039559309396,0.5146808043972998,0.8698856237762762,0,1.0185632431560658,43.04,2,"[474.6000061035156, 638.4000244140625]"
1779197232.2210145,0.322338214,1.1645786548155128,0.903,0.0,0.3046824595250667,0.5173770152804356,1.032393521190847,0,1.033903051034922,78.01,2,"[474.6000061035156, 638.4000244140625]"
1779197232.2710807,0.372404612,1.1872083582611397,0.903,0.0,0.3054100694632,0.5200772391575357,1.1959926940797032,0,1.0584467436410925,96.84,2,"[465.79998779296875, 622.7999877929688]"
1779197232.3211887,0.42251252100000003,1.2023896215537393,0.903,0.0,0.30613769131866664,0.5227775072608981,1.3604439758524585,0,1.0906603401866908,115.67,2,"[465.79998779296875, 622.7999877929688]"
1779197232.3709881,0.47231195800000003,1.209540998547129,0.903,0.0,0.306862214028,0.525466274162931,1.5250370221913128,0,1.1213399559444037,118.36,2,"[449.79998779296875, 642.2000122070312]"
1779197232.4212291,0.5225531990000001,1.2083443155382059,0.903,0.0,0.30759240023199996,0.5281760587871325,1.6917720969554746,0,1.1520195717021164,139.88,2,"[449.79998779296875, 642.2000122070312]"
1779197232.4709542,0.572277944,1.198720928629251,0.903,0.0,0.30831495947346665,0.5308575390888352,1.8576032358013967,0,1.1719613219446299,156.02,2,"[437.3999938964844, 662.0]"
1779197232.5211859,0.622509759,1.180601724559444,0.903,0.0,0.30904411135466664,0.5335634852510052,2.0258004254836246,0,1.1857671490356005,182.92,2,"[437.3999938964844, 662.0]"
1779197232.5712118,0.6725359150000001,1.1544717183611337,0.903,0.0,0.30977118998319997,0.5362617373918867,2.1943675288585536,0,1.188835110611372,158.71,2,"[425.0, 674.7999877929688]"
1779197232.621243,0.722566927,1.1208854411573868,0.903,0.0,0.31049822226493334,0.5389598175357551,2.3637719404661155,0,1.188835110611372,45.73,2,"[425.0, 674.7999877929688]"
1779197232.6711898,0.772513886,1.0807244548047494,0.903,0.0,0.3112243397024,0.5416545026128395,2.533809106385041,0,1.179631225884058,45.73,2,"[415.3999938964844, 680.0]"
1779197232.7211049,0.8224286970000001,1.0350119953864518,0.903,0.0,0.31195022486813334,0.5443483257092837,2.7046372598483455,0,1.1566215140657734,-5.38,2,"[415.3999938964844, 680.0]"
1779197232.7710285,0.8723525110000001,0.9849974714230287,0.903,0.0,0.3126758350341333,0.5470411282577567,2.8762454344200843,0,1.1305438406717176,-2.69,2,"[431.3999938964844, 661.7999877929688]"
1779197232.8209765,0.9223005120000001,0.932026093107587,0.903,0.0,0.31340205328933335,0.5497361874782338,3.04884357859285,0,1.0952622825503477,-5.38,2,"[431.3999938964844, 661.7999877929688]"
1779197232.8711672,0.9724910550000001,0.8775021924567794,0.903,0.0,0.31413061992773333,0.552439961753381,3.2228514927093372,0,1.055378782065321,-2.69,2,"[441.20001220703125, 649.2000122070312]"
1779197232.9210446,1.022368638,0.8234960255496441,0.903,0.0,0.31485567983266666,0.5551307222350913,3.396865330963204,0,1.0078253776408663,-2.69,2,"[441.20001220703125, 649.2000122070312]"
1779197232.9711933,1.072517218,0.7711618957859876,0.903,0.0,0.31558423586173334,0.5578344571380779,3.5725698482640227,0,0.9572040116406401,-8.07,2,"[476.3999938964844, 621.4000244140625]"
1779197233.0212092,1.122533213,0.7225506571124667,0.903,0.0,0.316310976038,0.5605314532531084,3.74868381171511,0,0.9050486648525283,-8.07,2,"[476.3999938964844, 621.4000244140625]"
1779197233.0711112,1.172435107,0.6791760949258158,0.903,0.0,0.31703675028533335,0.5632248647217059,3.9254088185974085,0,0.8528933180644165,-8.07,2,"[526.4000244140625, 586.7999877929688]"
1779197233.1210682,1.222392146,0.6423985215763865,0.903,0.0,0.3177634186669333,0.5659215944004728,4.103198750528293,0,0.7961360289126478,-40.35,2,"[526.4000244140625, 586.7999877929688]"
1779197233.1712282,1.2725522120000001,0.6135368726695417,0.903,0.0,0.318491273608,0.5686227275048057,4.28212896503155,0,0.7531845668518499,-69.94,2,"[562.5999755859375, 541.4000244140625]"
1779197233.2208953,1.3222191890000001,0.5938438974946767,0.903,0.0,0.3192142209330667,0.5713056480185617,4.46069127952837,0,0.7102331047910518,-88.77,2,"[562.5999755859375, 541.4000244140625]"
1779197233.2709792,1.3723030250000001,0.583867424529813,0.903,0.0,0.31994181161453333,0.5740058004324939,4.641249823159766,0,0.6718835850939109,-134.5,2,"[589.0, 500.0]"
1779197233.3212016,1.422525453,0.5842907609387928,0.903,0.0,0.320671004596,0.5767118991213347,4.823059094343205,0,0.6366020269725411,-139.88,2,"[589.0, 500.0]"
1779197233.371225,1.47254905,0.59527525678378,0.903,0.0,0.3213978342830667,0.579409227418743,5.005126707458494,0,0.6135923151542565,-147.95,2,"[619.0, 461.6000061035156]"
1779197233.421292,1.522615944,0.6166694078740389,0.903,0.0,0.32212566021559996,0.5821102528698812,5.1882937815285235,0,0.5997864880632857,-158.71,2,"[619.0, 461.6000061035156]"
1779197233.471146,1.572470059,0.6477773941205844,0.903,0.0,0.3228503444048,0.584799619037769,5.37151277840139,0,0.5982525072754,-158.71,2,"[635.7999877929688, 442.79998779296875]"
1779197233.5212898,1.622613799,0.6879911935115393,0.903,0.0,0.32357825564799997,0.5875009610842242,5.556397763528898,0,0.5982525072754,-88.77,2,"[635.7999877929688, 442.79998779296875]"
1779197233.5712042,1.6725280050000002,0.735854646963263,0.903,0.0,0.3243045378644,0.5901962576702874,5.741715290266854,0,0.6105243535784852,-56.49,2,"[622.7999877929688, 440.3999938964844]"
1779197233.6211762,1.7225001240000002,0.7899977075439436,0.903,0.0,0.3250316981848,0.5928948129768039,5.928105225324192,0,0.6335340653967698,5.38,2,"[622.7999877929688, 440.3999938964844]"
1779197233.6711879,1.772511704,0.8484663948806134,0.903,0.0,0.3257574834048,0.5955882651659234,6.114987833254504,0,0.6672816427302539,2.69,2,"[629.2000122070312, 442.6000061035156]"
1779197233.7211616,1.82248542,0.909426825593091,0.903,0.0,0.32648386889506664,0.5982839450103041,0.019686242848737656,1,0.7086991240031663,2.69,2,"[629.2000122070312, 442.6000061035156]"
1779197233.7713907,1.8727144450000002,0.9709740687683766,0.903,0.0,0.3272134864533333,0.600991619340643,0.20926004760940398,1,0.7577865092155067,2.69,2,"[604.7999877929688, 469.6000061035156]"
1779197233.8210783,1.9224023220000002,1.0300802945480876,0.903,0.0,0.3279364153937333,0.6036744716272991,0.39793448138046283,1,0.8114758367915041,2.69,2,"[604.7999877929688, 469.6000061035156]"
1779197233.8713186,1.972642664,1.0855626083190986,0.903,0.0,0.3286649547676,0.6063781447213874,0.5889247334440411,1,0.8697671067311585,2.69,2,"[554.7999877929688, 536.4000244140625]"
1779197233.921147,2.022470841,1.1346550118803143,0.903,0.0,0.32939061798026664,0.6090711441306624,0.7800058478510703,1,0.9280583766708129,26.9,2,"[554.7999877929688, 536.4000244140625]"
1779197233.9710357,2.072359611,1.1756411024650804,0.903,0.0,0.33011574204986666,0.6117621427330415,0.9717886029846898,1,0.9848156658225816,37.66,2,"[515.7999877929688, 597.2000122070312]"
1779197234.0212753,2.122599277,1.2070877964806919,0.903,0.0,0.3308462226992,0.61447302006953,1.1658441978542786,1,1.038504993398579,110.28999999999999,2,"[515.7999877929688, 597.2000122070312]"
1779197234.0709584,2.172282365,1.227127425984358,0.903,0.0,0.33156843591653334,0.6171532162455247,1.3585403589437535,1,1.0875923786109196,123.74,2,"[477.3999938964844, 635.5999755859375]"
1779197234.1211355,2.2224593020000003,1.235248599662113,0.903,0.0,0.33229687820773335,0.6198565290573782,1.5537498663620948,1,1.1336118022474888,139.88,2,"[477.3999938964844, 635.5999755859375]"
1779197234.1713157,2.2726395100000003,1.2306977701944557,0.903,0.0,0.33302569890333333,0.6225612461609304,1.7499130100980533,1,1.1688933603688585,150.64,2,"[451.6000061035156, 668.7999877929688]"
1779197234.2211823,2.322506316,1.2135461192823902,0.903,0.0,0.3337506945564,0.6252517681983654,1.9458899468250834,1,1.193437052975029,174.85,2,"[451.6000061035156, 668.7999877929688]"
1779197234.2710636,2.372387604,1.1842214023132223,0.903,0.0,0.3344762683164,0.6279444356410003,2.1428678084701875,1,1.210310841641771,174.85,2,"[437.3999938964844, 696.4000244140625]"
1779197234.3210435,2.4223675310000004,1.143616597446952,0.903,0.0,0.3352026828442667,0.6306402232464446,2.3409205335237164,1,1.213378803217542,185.60999999999999,2,"[437.3999938964844, 696.4000244140625]"
1779197234.3709784,2.4723024540000003,1.0931862106825196,0.903,0.0,0.3359288967685333,0.6333352663944507,2.539764710428928,1,1.210310841641771,96.84,2,"[425.0, 693.5999755859375]"
1779197234.4209807,2.5223044050000003,1.0347814305947067,0.903,0.0,0.33665488496106666,0.6360294718323265,2.739392699195877,1,1.188835110611372,-5.38,2,"[425.0, 693.5999755859375]"
1779197234.471167,2.5724909080000002,0.9703210964791689,0.903,0.0,0.3373838999673333,0.6387349100396931,2.940705668699149,1,1.1566215140657734,-5.38,2,"[431.3999938964844, 679.7999877929688]"
1779197234.5211842,2.622508114,0.9027712100591961,0.903,0.0,0.338110753242,0.6414323258727401,3.1422693252308758,1,1.1106020904292042,-2.69,2,"[431.3999938964844, 679.7999877929688]"
1779197234.5712888,2.6726129060000003,0.8345366128119489,0.903,0.0,0.3388389140516,0.6441345940818506,3.345046262387058,1,1.0584467436410925,-2.69,2,"[442.0, 650.2000122070312]"
1779197234.6212852,2.7226092,0.7686867664056997,0.903,0.0,0.33956557631466666,0.6468313010542073,3.54825307729668,1,1.000155473701438,-2.69,2,"[442.0, 650.2000122070312]"
1779197234.6711006,2.7724245130000003,0.708068303073599,0.903,0.0,0.3402895887296,0.6495181742092597,3.751559900689452,1,0.9372622613981267,-2.69,2,"[472.3999938964844, 621.5999755859375]"
1779197234.7210848,2.822408659,0.6548758600399489,0.903,0.0,0.3410160923904,0.6522142925947858,3.956413100727408,1,0.8728350683069298,-16.14,2,"[472.3999938964844, 621.5999755859375]"
1779197234.77104,2.872363818,0.6117101734673042,0.903,0.0,0.34174250254373334,0.6549100639659559,4.162086536938361,1,0.8068738944278473,-64.56,2,"[521.2000122070312, 587.7999877929688]"
1779197234.821398,2.9227220750000003,0.5803738463626589,0.903,0.0,0.34247471671453333,0.657627374551649,4.370263489356136,1,0.7485826244881929,-104.91,2,"[521.2000122070312, 587.7999877929688]"
1779197234.8709414,2.972265253,0.562999561210975,0.903,0.0,0.34319486856746667,0.6602999208247485,4.5758430632041005,1,0.6933593161243098,-134.5,2,"[584.2000122070312, 516.4000244140625]"
1779197234.9211907,3.022514768,0.5599793150139136,0.903,0.0,0.3439241752141333,0.66300644133505,4.784889395919073,1,0.6458059116998549,-134.5,2,"[584.2000122070312, 516.4000244140625]"
1779197234.9711847,3.0725087650000003,0.5719250857003315,0.903,0.0,0.34465073960973336,0.6657027851127109,4.993996659938643,1,0.6089903727905995,-142.57,2,"[625.5999755859375, 465.6000061035156]"
1779197235.0213645,3.1226883680000004,0.5986220983910584,0.903,0.0,0.3453795774692,0.6684075659128678,5.204610504060286,1,0.5859806609723149,-164.09,2,"[625.5999755859375, 465.6000061035156]"
1779197235.0710578,3.1723818140000004,0.6387399600844874,0.903,0.0,0.3461027366902667,0.6710912727911422,5.414422421712654,1,0.5783107570328867,-164.09,2,"[638.7999877929688, 450.0]"
1779197235.12106,3.222383982,0.691202620559705,0.903,0.0,0.34683003435066667,0.6737903377783652,5.626283707255915,1,0.5783107570328867,-164.09,2,"[638.7999877929688, 450.0]"
1779197235.1710353,3.272359223,0.7535363271505681,0.903,0.0,0.3475561487652,0.6764850116370806,5.838646227522608,1,0.5890486225480862,-51.11,2,"[634.0, 433.0]"
1779197235.2211869,3.3225109400000004,0.8234473293278115,0.903,0.0,0.3482852617988,0.6791908136324223,6.052738651238434,1,0.619728238305799,5.38,2,"[634.0, 433.0]"
1779197235.271205,3.372528839,0.8972730356861093,0.903,0.0,0.34901130515986667,0.681885223805532,6.266775462379945,1,0.6642136811544826,2.69,2,"[627.4000244140625, 436.20001220703125]"
1779197235.321232,3.422555988,0.9719760046835253,0.903,0.0,0.3497375199852,0.684580270297475,0.19852366118966813,2,0.7179030087304801,2.69,2,"[627.4000244140625, 436.20001220703125]"
1779197235.371224,3.4725478090000004,1.044113730462535,0.903,0.0,0.3504640860521333,0.6872766202775994,0.4144080881362804,2,0.7807962210337913,2.69,2,"[592.4000244140625, 486.20001220703125]"
1779197235.4211907,3.5225145660000003,1.1102288315216724,0.903,0.0,0.35119069284146665,0.6899731213820983,0.6311516759237303,2,0.8513593372765309,2.69,2,"[592.4000244140625, 486.20001220703125]"
1779197235.4710858,3.572409586,1.167059946557789,0.903,0.0,0.3519167859210667,0.6926677160650172,0.8485878900570203,2,0.9173205111556134,2.69,2,"[561.7999877929688, 556.2000122070312]"
1779197235.5210981,3.6224219090000003,1.211827554671479,0.903,0.0,0.35264327148786667,0.6953637673021328,1.0669884170022144,2,0.9940195505498954,59.18,2,"[561.7999877929688, 556.2000122070312]"
1779197235.5711694,3.6724934,1.2422068680108609,0.903,0.0,0.3533713007708,0.6980655474043231,1.2867034061849179,2,1.0569127628532067,88.77,2,"[490.6000061035156, 625.2000122070312]"
1779197235.6211672,3.722491112,1.2563769003493297,0.903,0.0,0.3540982931004,0.7007634792823438,1.5069534090511247,2,1.1121360712170898,131.81,2,"[490.6000061035156, 625.2000122070312]"
1779197235.6711593,3.772482951,1.2534699531802087,0.903,0.0,0.3548238501325333,0.7034560846464081,1.7276131886001895,2,1.162757437217316,142.57,2,"[451.0, 669.0]"
1779197235.7212007,3.8225247110000002,1.2333452268238663,0.903,0.0,0.35555097962773335,0.7061545255579216,1.949599473088492,2,1.201106956914457,166.78,2,"[451.0, 669.0]"
1779197235.7713597,3.87268362,1.1966293501697474,0.903,0.0,0.3562795758996,0.7088584098054453,2.1728852576191144,2,1.2241166687327416,180.23,2,"[434.79998779296875, 693.4000244140625]"
1779197235.8212237,3.9225476840000004,1.1452315875049681,0.903,0.0,0.3570044009894667,0.711548298867984,2.395858236798066,2,1.23178657267217,172.16,2,"[434.79998779296875, 693.4000244140625]"
1779197235.8711987,3.972522532,1.081161927318085,0.903,0.0,0.35773112796946666,0.7142452460105191,2.620263622672102,2,1.2302525918842842,172.16,2,"[423.20001220703125, 708.0]"
1779197235.9211402,4.0224639710000005,1.007697643796793,0.903,0.0,0.3584568154237333,0.7169383353824839,2.8451929331882777,2,1.2041749184902284,-2.69,2,"[423.20001220703125, 708.0]"
1779197235.9710395,4.072363592,0.928267566797574,0.903,0.0,0.35918320751213334,0.7196340397131122,3.0711872079559512,2,1.1642914180052018,-5.38,2,"[421.6000061035156, 686.0]"
1779197236.021119,4.122443004,0.8467647352810284,0.903,0.0,0.35991105158226666,0.7223351324744642,3.2984831698618162,2,1.1106020904292042,-2.69,2,"[421.6000061035156, 686.0]"
1779197236.0710561,4.172380192,0.7678315277915808,0.903,0.0,0.36063619610026665,0.7250262069626373,3.525779752836673,2,1.0446409165501216,-8.07,2,"[444.6000061035156, 658.5999755859375]"
1779197236.121154,4.222478146,0.6950662898791409,0.903,0.0,0.3613638189585333,0.727726478787478,3.754702603360741,2,0.9710098387316108,-18.83,2,"[444.6000061035156, 658.5999755859375]"
1779197236.1713524,4.272676365000001,0.6325728600339628,0.903,0.0,0.36209277509026666,0.7304316985063215,3.9848974724606663,2,0.8943107993373288,-21.52,2,"[494.3999938964844, 618.2000122070312]"
1779197236.22118,4.322503996,0.5842202953976683,0.903,0.0,0.36281738885093334,0.7331208033077857,4.214563497757869,2,0.8160777791551611,-61.87,2,"[494.3999938964844, 618.2000122070312]"
1779197236.2711535,4.372477411,0.5523109877016289,0.903,0.0,0.3635438673981333,0.7358168284945541,4.445667328384495,2,0.7409127205487647,-61.87,2,"[562.4000244140625, 553.4000244140625]"
1779197236.3211734,4.422497357,0.5389467328955773,0.903,0.0,0.36427096134479997,0.7385151374823631,4.6778151241197925,2,0.6749515466696822,-126.42999999999999,2,"[562.4000244140625, 553.4000244140625]"
1779197236.3712204,4.47254418,0.5451621355450402,0.903,0.0,0.3649979876969333,0.7412131956209692,4.910789377674817,2,0.6212622190936846,-139.88,2,"[611.4000244140625, 482.6000061035156]"
1779197236.4210782,4.522401997,0.5708489321660108,0.903,0.0,0.3657237929293333,0.7439067220778488,5.144217518824689,2,0.5829126993965437,-158.71,2,"[611.4000244140625, 482.6000061035156]"
1779197236.4711573,4.572481325,0.6149552645894971,0.903,0.0,0.36645058012093334,0.7466038926708778,5.378808952143025,2,0.5614369683661447,-172.16,2,"[634.2000122070312, 438.0]"
1779197236.5212035,4.622527487,0.6753288410278694,0.903,0.0,0.3671777425196,0.749302455690023,5.61436985124509,2,0.5599029875782591,-99.53,2,"[634.2000122070312, 438.0]"
1779197236.5711465,4.672470443,0.7487056323963337,0.903,0.0,0.3679037872613333,0.7519968709869069,5.8504144416135695,2,0.5675728915176872,5.38,2,"[643.2000122070312, 428.3999938964844]"
1779197236.6211984,4.722522497,0.8313877303443282,0.903,0.0,0.3686309678412,0.7546955014780694,6.087676703959566,2,0.5982525072754,5.38,2,"[643.2000122070312, 428.3999938964844]"
1779197236.671091,4.772414962,0.9185099976622568,0.903,0.0,0.3693563294,0.7573873814235621,0.04200431464840193,3,0.6442719309119693,5.38,2,"[628.4000244140625, 430.3999938964844]"
1779197236.7210402,4.822364258,1.0055096086371422,0.903,0.0,0.37008260048386665,0.7600826366958242,0.28066132653631826,3,0.7102331047910518,2.69,2,"[628.4000244140625, 430.3999938964844]"
1779197236.7712224,4.872546303,1.0875741726660093,0.903,0.0,0.37081142997213334,0.7627873864297285,0.5210112966448364,3,0.7807962210337913,2.69,2,"[596.5999755859375, 487.6000061035156]"
1779197236.8210056,4.922329628,1.1591676974325844,0.903,0.0,0.3715359279312,0.7654760614813654,0.7607749866592428,3,0.859029241215959,8.07,2,"[596.5999755859375, 487.6000061035156]"
1779197236.8709595,4.972283463,1.2166068148037632,0.903,0.0,0.3722616522856,0.76816928779294,1.001789541935839,3,0.9387962421860124,72.63,2,"[550.5999755859375, 562.4000244140625]"
1779197236.9211707,5.022494738000001,1.2563401989614733,0.903,0.0,0.37299067165186667,0.7708747421806464,1.2447510728421953,3,1.021631204731837,107.6,2,"[550.5999755859375, 562.4000244140625]"
1779197236.971188,5.072511914000001,1.2754313245610618,0.903,0.0,0.37371743971759996,0.7735718417959178,1.4878097460384154,3,1.0967962633382335,126.42999999999999,2,"[494.20001220703125, 628.7999877929688]"
1779197237.021343,5.122667063000001,1.2725723769933501,0.903,0.0,0.3744459813150667,0.7762755231419793,1.7323131333042134,3,1.162757437217316,145.26,2,"[494.20001220703125, 628.7999877929688]"
1779197237.0712547,5.17257865,1.2476966797298714,0.903,0.0,0.37517147025853337,0.7789678758230691,1.9766364863521666,3,1.210310841641771,145.26,2,"[448.20001220703125, 684.2000122070312]"
1779197237.1211345,5.222458371,1.2020188385315587,0.903,0.0,0.37589692241813333,0.7816600919960246,2.2217918227363143,3,1.2409904573994837,169.47,2,"[448.20001220703125, 684.2000122070312]"
1779197237.1711738,5.272497553,1.13779894789187,0.903,0.0,0.37662437045493335,0.7843597150431703,2.4684706584995837,3,1.2501943421267976,161.4,2,"[423.6000061035156, 707.5999755859375]"
1779197237.2209792,5.322303356,1.0591746375327247,0.903,0.0,0.37734856437666664,0.7870472617857722,2.714887463062052,3,1.2455923997631406,-2.69,2,"[423.6000061035156, 707.5999755859375]"
1779197237.270957,5.3722807790000005,0.9701977326329299,0.903,0.0,0.3780749798056,0.7897430527351534,2.962906780475354,3,1.214912784005428,-5.38,2,"[418.3999938964844, 705.7999877929688]"
1779197237.3211696,5.422493395,0.8761030497209241,0.903,0.0,0.37880396872453337,0.792448394130153,3.2126573862580337,3,1.1642914180052018,-2.69,2,"[418.3999938964844, 705.7999877929688]"
1779197237.3711448,5.472468715000001,0.7833477585921031,0.903,0.0,0.37953025251053335,0.7951436965411387,3.4623275252711103,3,1.0937283017624622,-2.69,2,"[423.79998779296875, 682.4000244140625]"
1779197237.421328,5.522651881000001,0.6971110919413845,0.903,0.0,0.38025914248653336,0.7978486707502916,3.7137459710309884,3,1.012427320004523,-8.07,2,"[423.79998779296875, 682.4000244140625]"
1779197237.4711113,5.572435176,0.6236874941543877,0.903,0.0,0.38098370211053334,0.8005375746458689,3.9645130287131174,3,0.9295923574586985,-8.07,2,"[476.20001220703125, 637.5999755859375]"
1779197237.5210598,5.622383640000001,0.5672271629622346,0.903,0.0,0.3817099984388,0.803232923602299,4.216727489784418,3,0.8390874909734457,-8.07,2,"[476.20001220703125, 637.5999755859375]"
1779197237.5709918,5.6723157760000005,0.5317820553815624,0.903,0.0,0.3824357124164,0.8059261114046647,4.469584703767033,3,0.7516505860639642,-64.56,2,"[551.7999877929688, 573.7999877929688]"
1779197237.6211264,5.722450472,0.5198628688724864,0.903,0.0,0.38316432083813334,0.8086300407414023,4.72430215007039,3,0.6780195082454534,-131.81,2,"[551.7999877929688, 573.7999877929688]"
1779197237.6710005,5.7723242720000005,0.5326160710567324,0.903,0.0,0.383888817402,0.8113187106153303,4.978424261809412,3,0.6135923151542565,-161.4,2,"[618.0, 490.79998779296875]"
1779197237.7210166,5.8223405690000005,0.5695772345861231,0.903,0.0,0.3846157228368,0.814016320019177,5.234239058912962,3,0.5691068723055729,-158.71,2,"[618.0, 490.79998779296875]"
1779197237.7712362,5.872560012,0.6288558496101753,0.903,0.0,0.38534477058666666,0.8167218797408962,5.491660547916155,3,0.5491651220630596,-188.29999999999998,2,"[647.5999755859375, 432.3999938964844]"
1779197237.8212016,5.922525538,0.7064101357301371,0.903,0.0,0.3860709707914667,0.8194168719747661,5.748922702640272,3,0.5491651220630596,-72.63,2,"[647.5999755859375, 432.3999938964844]"
1779197237.8710682,5.972392271,0.7973973945393671,0.903,0.0,0.3867961185068,0.8221079583285218,6.0066556671733125,3,0.5645049299419159,-72.63,2,"[648.2000122070312, 418.0]"
1779197237.921244,6.022567888,0.8965774159272811,0.903,0.0,0.3875251205929333,0.8248133485881478,6.266611212265975,3,0.607456392002714,8.07,2,"[648.2000122070312, 418.0]"
1779197237.9710758,6.072399568000001,0.9963467741082785,0.903,0.0,0.38825015013773334,0.8275039964007581,0.24280826546349132,4,0.6672816427302539,2.69,2,"[627.4000244140625, 421.0]"
1779197238.0210745,6.122398363,1.0907063247352262,0.903,0.0,0.38897669673,0.8302002741086976,0.5035802765898225,4,0.7409127205487647,2.69,2,"[627.4000244140625, 421.0]"
1779197238.07102,6.1723437930000005,1.1728631411251342,0.903,0.0,0.3897024924576,0.8328937652924362,0.7649279584895439,4,0.8283496254582462,2.69,2,"[578.5999755859375, 504.20001220703125]"
1779197238.121192,6.222515878,1.2373163770967919,0.903,0.0,0.3904307572532,0.8355964194026528,1.0280156442739745,4,0.923456434307156,56.49,2,"[578.5999755859375, 504.20001220703125]"
1779197238.1710258,6.272349772,1.2789215954368411,0.903,0.0,0.3911558161844,0.838287176270754,1.2907886585485144,4,1.0185632431560658,86.08,2,"[524.0, 604.4000244140625]"
1779197238.2213435,6.32266757,1.2948442882765925,0.903,0.0,0.3918858730272,0.840996480824271,1.556228120425022,4,1.1044661672776617,131.81,2,"[524.0, 604.4000244140625]"
1779197238.2711492,6.372473084,1.2834306583825477,0.903,0.0,0.3926104949265333,0.8436856158290363,1.8205339448406939,4,1.1765632643082868,131.81,2,"[464.79998779296875, 669.2000122070312]"
1779197238.3210778,6.422401836000001,1.2452549399429418,0.903,0.0,0.3933363103758667,0.8463791802018458,2.0861203335531187,4,1.2302525918842842,158.71,2,"[464.79998779296875, 669.2000122070312]"
1779197238.3710682,6.472392306000001,1.1825312107234562,0.903,0.0,0.39406336576559997,0.8490773461015155,2.35300854168327,4,1.2593982268541113,164.09,2,"[431.6000061035156, 707.7999877929688]"
1779197238.4211254,6.5224493830000005,1.0994555371110382,0.903,0.0,0.3947904082352,0.851775464053445,2.6207400841966475,4,1.265534150005654,69.94,2,"[431.6000061035156, 707.7999877929688]"
1779197238.4711304,6.572454375,1.0017975695246535,0.903,0.0,0.39551692701066665,0.854471638530816,2.889125633481683,4,1.2501943421267976,-8.07,2,"[419.6000061035156, 705.5999755859375]"
1779197238.5211675,6.622491406,0.8962832737061427,0.903,0.0,0.3962439472442667,0.8571696739630119,3.158544453211462,4,1.2041749184902284,-2.69,2,"[419.6000061035156, 705.5999755859375]"
1779197238.5711877,6.67251182,0.7905709875509629,0.903,0.0,0.3969707757977333,0.8598669980535318,3.4287398183427733,4,1.1366797638232602,-2.69,2,"[419.6000061035156, 690.5999755859375]"
1779197238.6212082,6.722532142,0.692357423646132,0.903,0.0,0.39769761452453334,0.8625643598981783,3.69978656722985,4,1.0538448012774355,-2.69,2,"[419.6000061035156, 690.5999755859375]"
1779197238.6711771,6.772501023,0.6089667770017075,0.903,0.0,0.39842444919653336,0.8652617066951086,3.971679396440308,4,0.9572040116406401,-2.69,2,"[457.3999938964844, 648.5999755859375]"
1779197238.7211676,6.822491429,0.5467886313602202,0.903,0.0,0.39915091052173335,0.8679576679695344,4.244279286721664,4,0.8544272988523022,-18.83,2,"[457.3999938964844, 648.5999755859375]"
1779197238.7711139,6.872437857,0.5106931440996041,0.903,0.0,0.39987677618373335,0.8706514186859249,4.517500992165317,4,0.7562525284276211,-75.32,2,"[546.4000244140625, 576.5999755859375]"
1779197238.8212037,6.922527850000001,0.5036777250060984,0.903,0.0,0.40060492464,0.8733536410507388,4.792432619125883,4,0.6688156235181395,-131.81,2,"[546.4000244140625, 576.5999755859375]"
1779197238.8710432,6.972367,0.5266183771539955,0.903,0.0,0.40132945511013335,0.8760424367537767,5.066840407006296,4,0.5997864880632857,-169.47,2,"[624.4000244140625, 481.3999938964844]"
1779197238.9211843,7.022508316000001,0.578368874392877,0.903,0.0,0.4020574521436,0.8787440971753865,5.343411422392638,4,0.5506991028509451,-142.57,2,"[624.4000244140625, 481.3999938964844]"
1779197238.9713526,7.072676604000001,0.6553906298347472,0.903,0.0,0.4027862196036,0.8814486167169886,5.621127234259536,4,0.543029198911517,-185.60999999999999,2,"[653.2000122070312, 430.6000061035156]"
1779197239.0213594,7.122683493,0.7517389802781671,0.903,0.0,0.4035130154134667,0.8841458192931562,5.898939199288346,4,0.5445631796994026,-51.11,2,"[653.2000122070312, 430.6000061035156]"
1779197239.0712569,7.1725808440000005,0.8601577550436006,0.903,0.0,0.4042382629292,0.8868372760148918,6.177003235847131,4,0.5675728915176872,-51.11,2,"[644.7999877929688, 422.0]"
1779197239.1210127,7.222336387,0.9724241042115086,0.903,0.0,0.4049623662210667,0.8895244864221621,0.17228449728758122,5,0.6227961998815703,5.38,2,"[644.7999877929688, 422.0]"
1779197239.1709838,7.272307735,1.080390491493028,0.903,0.0,0.40568893666253336,0.8922208526365607,0.4525468276369935,5,0.6979612584879668,2.69,2,"[633.7999877929688, 435.3999938964844]"
1779197239.2211287,7.3224528200000005,1.1753858835578361,0.903,0.0,0.40641766623413333,0.8949252315710094,0.7344940237400124,5,0.786932144185334,2.69,2,"[633.7999877929688, 435.3999938964844]"
1779197239.2711596,7.372483563,1.249142501878215,0.903,0.0,0.40714387672853336,0.8976202619904814,1.0163127201837838,5,0.8912428377615575,24.21,2,"[573.0, 529.0]"
1779197239.3211892,7.422513223,1.295923905347197,0.903,0.0,0.4078707532856,0.9003177642265436,1.2992375840033077,5,0.9940195505498954,67.25,2,"[573.0, 529.0]"
1779197239.3711717,7.472495729,1.311567224008071,0.903,0.0,0.40859755576626666,0.9030149915586311,1.5829811321188885,5,1.0952622825503477,137.19,2,"[496.20001220703125, 639.4000244140625]"
1779197239.421339,7.522662833,1.2943522127077691,0.903,0.0,0.4093260554496,0.9057185173576919,1.868238747961037,5,1.1811652066719438,137.19,2,"[496.20001220703125, 639.4000244140625]"
1779197239.4712594,7.572583135,1.2454668676088443,0.903,0.0,0.4100514692266667,0.908410591089722,2.153132301459209,5,1.2409904573994837,137.19,2,"[443.79998779296875, 697.4000244140625]"
1779197239.5212216,7.622545602000001,1.168339317818261,0.903,0.0,0.41077805814,0.9111070258548273,2.439334388464779,5,1.2732040539450822,153.32999999999998,2,"[443.79998779296875, 697.4000244140625]"
1779197239.5710592,7.672383281,1.0692484795510857,0.903,0.0,0.4115029317130667,0.9137970948427454,2.725703830712348,5,1.2762720155208536,164.09,2,"[420.79998779296875, 711.5999755859375]"
1779197239.6211135,7.722437435000001,0.9553947343107009,0.903,0.0,0.412230903444,0.9164986613644492,3.014147481428928,5,1.2517283229146832,-5.38,2,"[420.79998779296875, 711.5999755859375]"
1779197239.6711535,7.772477431,0.8367368316570575,0.903,0.0,0.41295713921186666,0.9191937855759583,3.302749489069548,5,1.1980389953386859,-2.69,2,"[413.3999938964844, 705.2000122070312]"
1779197239.721293,7.822616716000001,0.7224774126845324,0.903,0.0,0.4136857817869333,0.9218978416586916,3.5931597625418945,5,1.1167380135807468,-2.69,2,"[413.3999938964844, 705.2000122070312]"
1779197239.7713652,7.872689101000001,0.6229090062469123,0.903,0.0,0.4144127316356,0.9245956158862674,3.8837432382507586,5,1.0139613007924089,-2.69,2,"[437.6000061035156, 670.0]"
1779197239.8213568,7.922680622000001,0.5463462432010477,0.903,0.0,0.41513958502653336,0.9272930321507902,4.175135792999363,5,0.9050486648525283,-5.38,2,"[437.6000061035156, 670.0]"
1779197239.8711226,7.972446519000001,0.4996661000459304,0.903,0.0,0.4158637465244,0.929980458565598,4.466290548085787,5,0.7930680673368765,-5.38,2,"[524.0, 599.5999755859375]"
1779197239.9212413,8.02256508,0.4868750836527849,0.903,0.0,0.4165914515832,0.9326810354437799,4.759719642980599,5,0.6872233929727672,-45.73,2,"[524.0, 599.5999755859375]"
1779197239.971086,8.072409948,0.5096722139835996,0.903,0.0,0.4173169533014667,0.9353734355332655,5.053104781645317,5,0.6059224112148283,-153.32999999999998,2,"[617.2000122070312, 497.79998779296875]"
1779197240.0211377,8.122461582,0.5666470126362656,0.903,0.0,0.4180445997328,0.9380737948398105,5.34820670606215,5,0.5460971604872883,-139.88,2,"[617.2000122070312, 497.79998779296875]"
1779197240.0711677,8.172491606000001,0.652988015438493,0.903,0.0,0.4187704143682667,0.9407673561922898,5.643410948354912,5,0.5246214294568893,-180.23,2,"[660.2000122070312, 423.20001220703125]"
1779197240.1211505,8.222474561,0.7617710974299233,0.903,0.0,0.4194970962804,0.9434641360840449,5.939815166669661,5,0.5276893910326605,-37.66,2,"[660.2000122070312, 423.20001220703125]"
1779197240.171381,8.272705088,0.8840988441522524,0.903,0.0,0.42022652063253335,0.9461710934095889,6.238191634071391,5,0.5568350260024878,-48.42,2,"[651.7999877929688, 410.79998779296875]"
1779197240.2212286,8.322552577,1.008010466331685,0.903,0.0,0.4209508071316,0.9488589837147412,0.2521227769670844,6,0.6151262959421421,2.69,2,"[651.7999877929688, 410.79998779296875]"
1779197240.271258,8.372582018000001,1.1238851756552122,0.903,0.0,0.42167813137346666,0.951558147348103,0.5513341030007624,6,0.7025632008516236,2.69,2,"[625.0, 433.79998779296875]"
1779197240.3210077,8.422331759,1.2203927657564333,0.903,0.0,0.4224025195768,0.9542464150866503,0.8501794787623211,6,0.8099418560036186,2.69,2,"[625.0, 433.79998779296875]"
1779197240.371106,8.47242995,1.2893923866174537,0.903,0.0,0.42312967049413336,0.9569449354975672,1.1510129385970203,6,0.9203884727313847,2.69,2,"[573.2000122070312, 542.7999877929688]"
1779197240.4209306,8.522254529000001,1.323859336278071,0.903,0.0,0.4238547640728,0.9596358209454359,1.4518387824941072,6,1.033903051034922,102.22,2,"[573.2000122070312, 542.7999877929688]"
1779197240.4711199,8.572443909,1.3204001819725222,0.903,0.0,0.4245834437950667,0.9623400148846651,1.7550043418500323,6,1.1351457830353744,137.19,2,"[488.79998779296875, 653.4000244140625]"
1779197240.5211759,8.622499899000001,1.2787452730758626,0.903,0.0,0.42531062341573334,0.965038641816153,2.058394184424955,6,1.217980745581199,158.71,2,"[488.79998779296875, 653.4000244140625]"
1779197240.571363,8.672686973000001,1.202070278451892,0.903,0.0,0.42603968574253337,0.9677442556341416,2.363422315087732,6,1.2701360923693108,153.32999999999998,2,"[435.6000061035156, 707.5999755859375]"
1779197240.6211452,8.722469032000001,1.0979395176617408,0.903,0.0,0.4267637828868,0.9704314432271326,2.6672143117548686,6,1.2900778426118242,161.4,2,"[435.6000061035156, 707.5999755859375]"
1779197240.6711113,8.772435125000001,0.974780355359584,0.903,0.0,0.42749033305426665,0.9731277342029508,2.9728823932679944,6,1.2808739578845103,161.4,2,"[415.6000061035156, 720.5999755859375]"
1779197240.7211733,8.822497261,0.8440195787629505,0.903,0.0,0.4282177558176,0.9758272634580596,3.2797665505390796,6,1.227184630308513,-5.38,2,"[415.6000061035156, 720.5999755859375]"
1779197240.7711585,8.872482286,0.7181658069915078,0.903,0.0,0.4289442082484,0.978523191724592,3.5870880463447037,6,1.1474176293384597,-2.69,2,"[415.79998779296875, 699.4000244140625]"
1779197240.821062,8.922386042000001,0.6090795046524915,0.903,0.0,0.4296698434553333,0.9812160872021505,3.8949086175454326,6,1.0446409165501216,-2.69,2,"[415.79998779296875, 699.4000244140625]"
1779197240.8710196,8.972343678000001,0.5270958391170877,0.903,0.0,0.43039581262373333,0.9839102220398098,4.203716433023246,6,0.9280583766708129,-8.07,2,"[463.20001220703125, 656.5999755859375]"
1779197240.9211776,9.022501603,0.4803033221205025,0.903,0.0,0.4311240528725333,0.9866127850547128,4.514341178978384,6,0.803805932852076,-56.49,2,"[463.20001220703125, 656.5999755859375]"
1779197240.971167,9.072490902,0.4738930109592843,0.903,0.0,0.4318507965949333,0.9893097943297532,4.825174974498346,6,0.6856894121848816,-123.74,2,"[573.5999755859375, 557.7999877929688]"
1779197241.021382,9.122705907,0.5089790704989527,0.903,0.0,0.43257976964346667,0.9920150768283156,5.13781485673762,6,0.5921165841238575,-150.64,2,"[573.5999755859375, 557.7999877929688]"
1779197241.0711808,9.172504939000001,0.5821133363916409,0.903,0.0,0.4333040536573334,0.9947029579106741,5.449285373146147,6,0.526155410244775,-150.64,2,"[651.2000122070312, 445.79998779296875]"
1779197241.121225,9.222548992,0.6872183569844756,0.903,0.0,0.43403127224186666,0.9974017294404659,5.762866358006185,6,0.500077736850719,-172.16,2,"[651.2000122070312, 445.79998779296875]"
1779197241.1711085,9.272432475,0.8138182397207914,0.903,0.0,0.4347569970613333,0.9999050425220565,6.0765886421521955,6,0.5031456984264903,-156.02,2,"[663.0, 407.20001220703125]"
1779197241.2211564,9.322480438000001,0.9495076695837783,0.903,0.0,0.4354843934466667,0.9972056111580041,0.10699931434987775,7,0.5491651220630596,2.69,2,"[663.0, 407.20001220703125]"
1779197241.2711687,9.372492573,1.080464859149766,0.903,0.0,0.43621001433826667,0.9945127688058949,0.41898507690530096,7,0.6273981422452273,2.69,2,"[647.4000244140625, 412.0]"
1779197241.3213444,9.422668166000001,1.1949322301479661,0.903,0.0,0.4369392985164,0.9918063316782783,0.7316925800755811,7,0.7363107781851077,2.69,2,"[647.4000244140625, 412.0]"
1779197241.3711576,9.472481462000001,1.2808141083321385,0.903,0.0,0.4376641944272,0.9891161797930854,1.041675374997041,7,0.8620972027917303,5.38,2,"[593.4000244140625, 502.79998779296875]"
1779197241.4213252,9.522649154,1.3309604497557588,0.903,0.0,0.43839236139893334,0.9864138887157614,1.3522062510994033,7,0.9863496466104673,75.32,2,"[593.4000244140625, 502.79998779296875]"
1779197241.471161,9.572484835000001,1.3403516775840185,0.903,0.0,0.439117261568,0.9837237210277701,1.6605008943403234,7,1.1044661672776617,75.32,2,"[503.79998779296875, 630.5999755859375]"
1779197241.5211053,9.622429174,1.3085025992129118,0.903,0.0,0.4398436292694667,0.9810281071991761,1.9685731645333746,7,1.2041749184902284,126.42999999999999,2,"[503.79998779296875, 630.5999755859375]"
1779197241.5710692,9.672393288,1.2385348154936384,0.903,0.0,0.4405700608158667,0.9783322564364717,2.27582586063307,7,1.2701360923693108,156.02,2,"[437.79998779296875, 705.7999877929688]"
1779197241.620959,9.722282925,1.1375387036142472,0.903,0.0,0.4412941501266667,0.9756450979141581,2.581246679327542,7,1.2885438618239387,164.09,2,"[437.79998779296875, 705.7999877929688]"
1779197241.6710122,9.772336175000001,1.014063743431389,0.903,0.0,0.4420224872256,0.9729421754799716,2.8876081146340837,7,1.2854759002481673,-2.69,2,"[416.0, 721.4000244140625]"
1779197241.7213328,9.82265688,0.8799037506591506,0.903,0.0,0.4427524094606667,0.9702333704674814,3.1937814991569695,7,1.2471263805510262,-2.69,2,"[416.0, 721.4000244140625]"
1779197241.771411,9.872735034,0.7482178680463869,0.903,0.0,0.4434799695930667,0.9675333314237973,3.4981147902055483,7,1.1765632643082868,-2.69,2,"[414.3999938964844, 704.2000122070312]"
1779197241.8213649,9.922688651000001,0.6308980852846466,0.903,0.0,0.44420581535893333,0.9648396545436912,3.800885686214187,7,1.0768545130957201,-2.69,2,"[414.3999938964844, 704.2000122070312]"
1779197241.8710759,9.972399797000001,0.5384390898241832,0.903,0.0,0.44492946451320003,0.9621541294806236,4.101900133945968,7,0.9587379924285258,-2.69,2,"[453.20001220703125, 662.0]"
1779197241.9211051,10.022429124,0.4784018588149493,0.903,0.0,0.4456571508966667,0.9594536219082308,4.403744357355357,7,0.8298836062461319,-8.07,2,"[453.20001220703125, 662.0]"
1779197241.971078,10.072402026,0.4566313448484334,0.903,0.0,0.44638356708133337,0.9567578281542573,4.704215085800989,7,0.7117670855789375,-69.94,2,"[568.5999755859375, 570.2000122070312]"
1779197242.0210605,10.122384355000001,0.47471533900564855,0.903,0.0,0.44710940247040004,0.9540641897833602,5.003600313805677,7,0.6120583343663708,-134.5,2,"[568.5999755859375, 570.2000122070312]"
1779197242.071183,10.172506870000001,0.5310340754183152,0.903,0.0,0.44783741312159997,0.9513624788251556,5.303032434555661,7,0.5368932757599744,-180.23,2,"[645.2000122070312, 455.3999938964844]"
1779197242.1211886,10.222512742000001,0.6202101105243831,0.903,0.0,0.4485641018934667,0.9486656734763322,5.601073611743082,7,0.49394181369917645,-188.29999999999998,2,"[645.2000122070312, 455.3999938964844]"
1779197242.1713371,10.272661047000001,0.7345930158933486,0.903,0.0,0.4492925257564,0.9459624290533821,5.8989751092207,7,0.49394181369917645,-59.18,2,"[669.4000244140625, 410.20001220703125]"
1779197242.2215319,10.322855635,0.8637656304673388,0.903,0.0,0.45002061930573334,0.9432604104529817,6.195890988248486,7,0.521553467881118,8.07,2,"[669.4000244140625, 410.20001220703125]"
1779197242.271072,10.372395651000001,0.9954121515066455,0.903,0.0,0.45074307729346663,0.9405793059127058,0.2064859677961408,8,0.5829126993965437,8.07,2,"[662.0, 405.20001220703125]"
1779197242.3211462,10.422470023,1.1200356829921778,0.903,0.0,0.45147062716533337,0.9378793049467549,0.5014875568040864,8,0.6749515466696822,2.69,2,"[662.0, 405.20001220703125]"
1779197242.3711252,10.472449006000002,1.2258813794694576,0.903,0.0,0.4521971716793334,0.9351830349514441,0.7952345848632092,8,0.7807962210337913,2.69,2,"[615.5999755859375, 465.79998779296875]"
1779197242.4208846,10.522208512,1.3039237478685428,0.903,0.0,0.4529206843510667,0.9324980163869494,1.0869159556266865,8,0.8989127417009857,51.11,2,"[615.5999755859375, 465.79998779296875]"
1779197242.471151,10.572475081,1.348433688783837,0.903,0.0,0.45365024443,0.9297905553674245,1.3801813547636073,8,1.0200972239439514,86.08,2,"[532.2000122070312, 601.2000122070312]"
1779197242.52116,10.622483632,1.355072805021339,0.903,0.0,0.45437719981586666,0.9270927605908172,1.671551856699871,8,1.1351457830353744,139.88,2,"[532.2000122070312, 601.2000122070312]"
1779197242.5713189,10.672642916000001,1.3235896344109186,0.903,0.0,0.45510589508880006,0.9243885089417091,1.962767784197439,8,1.2256506495206272,158.71,2,"[455.0, 692.2000122070312]"
1779197242.6212246,10.722548396,1.2571712814501488,0.903,0.0,0.45583108646226667,0.9216972605688166,2.251739648497427,8,1.2900778426118242,129.12,2,"[455.0, 692.2000122070312]"
1779197242.6711545,10.772478424,1.1613984654602603,0.903,0.0,0.4565565618170667,0.919004958316453,2.539980247684447,8,1.3054176504906807,129.12,2,"[426.3999938964844, 728.2000122070312]"
1779197242.7211285,10.822452365,1.0441938346465274,0.903,0.0,0.4572828469692,0.9163096508356274,2.827696278412425,8,1.2992817273391382,131.81,2,"[426.3999938964844, 728.2000122070312]"
1779197242.7710233,10.872347045000001,0.9153566559073038,0.903,0.0,0.458009244682,0.9136139256323607,3.1146103261649003,8,1.265534150005654,-5.38,2,"[410.20001220703125, 719.5999755859375]"
1779197242.8210359,10.922359935000001,0.7853809189788623,0.903,0.0,0.45873617398053335,0.9109162276681204,3.400886527616265,8,1.2026409377023426,-2.69,2,"[410.20001220703125, 719.5999755859375]"
1779197242.8709984,10.972322332000001,0.6650509999767592,0.903,0.0,0.4594622232566667,0.9082217955436828,3.6859704007630114,8,1.1060001480655473,-2.69,2,"[412.79998779296875, 696.4000244140625]"
1779197242.9211497,11.02247376,0.5635738811164211,0.903,0.0,0.46019047553906667,0.9055191878710417,3.971068384315984,8,0.9878836273983529,-2.69,2,"[412.79998779296875, 696.4000244140625]"
1779197242.9712884,11.072612389000001,0.48937743197288325,0.903,0.0,0.4609189543234667,0.9028157396297434,4.255403608145542,8,0.8697671067311585,-32.28,2,"[493.6000061035156, 632.5999755859375]"
1779197243.0213647,11.122688588,0.448317962498174,0.903,0.0,0.46164635711800006,0.9001162844805912,4.538469940480205,8,0.7470486437003072,-53.8,2,"[493.6000061035156, 632.5999755859375]"
1779197243.0712523,11.172576369000002,0.44329254972119975,0.903,0.0,0.46237143069880005,0.8974254732465481,4.819786377166686,8,0.6381360077604268,-53.8,2,"[601.5999755859375, 520.0]"
1779197243.1210785,11.222402419000002,0.4743246655364448,0.903,0.0,0.46309681647013334,0.8947335034462346,5.10037972203817,8,0.5476311412751739,-134.5,2,"[601.5999755859375, 520.0]"
1779197243.1712127,11.272536499000001,0.5390568368596236,0.903,0.0,0.46382457929893334,0.8920327121785492,5.381042800522756,8,0.4924078329112908,-185.60999999999999,2,"[660.2000122070312, 430.79998779296875]"
1779197243.2210538,11.322377681,0.6318727668972435,0.903,0.0,0.4645500786046667,0.889340321042185,5.659988466343947,8,0.4678641403051206,-190.99,2,"[660.2000122070312, 430.79998779296875]"
1779197243.2711515,11.372475405000001,0.7458630167744422,0.903,0.0,0.465277132076,0.8866421622618647,5.93868358716486,8,0.4693981210930062,5.38,2,"[682.7999877929688, 396.3999938964844]"
1779197243.3211868,11.422510542000001,0.8719433422418413,0.903,0.0,0.4660040823025334,0.8839443866319928,6.216491270115668,8,0.5123495831538042,8.07,2,"[682.7999877929688, 396.3999938964844]"
1779197243.3711615,11.472485489,1.0003765599614545,0.903,0.0,0.46673080516959997,0.8812474547529118,0.2101794276585025,9,0.5844466801844292,2.69,2,"[654.0, 393.6000061035156]"
1779197243.4211369,11.522460601,1.121276966619462,0.903,0.0,0.467456546746,0.8785541645289945,0.4858339864546011,9,0.679553489033339,2.69,2,"[654.0, 393.6000061035156]"
1779197243.4710824,11.572406241000001,1.22589939837474,0.903,0.0,0.4681833783078667,0.87585682927404,0.7610549634744288,9,0.7915340865489908,2.69,2,"[606.7999877929688, 477.6000061035156]"
1779197243.5211704,11.622494322000001,1.3063143521217622,0.903,0.0,0.46891035959213334,0.8731589383862137,1.0354846997773066,9,0.9157865303677277,2.69,2,"[606.7999877929688, 477.6000061035156]"
1779197243.5712326,11.672556607,1.356671931451448,0.903,0.0,0.4696379563340001,0.870458763481609,1.3092973957986018,9,1.0323690702470365,51.11,2,"[539.4000244140625, 602.4000244140625]"
1779197243.6211514,11.722475229,1.373335607172509,0.903,0.0,0.4703645735437334,0.8677622237060978,1.5818943842905497,9,1.1397477253990314,139.88,2,"[539.4000244140625, 602.4000244140625]"
1779197243.6711552,11.772479239,1.355406350847687,0.903,0.0,0.4710904786201333,0.8650683267194348,1.8533787838388491,9,1.227184630308513,161.4,2,"[451.79998779296875, 698.2000122070312]"
1779197243.7213194,11.822643403,1.3041797335354737,0.903,0.0,0.47181921598160004,0.8623639188761122,2.1250704061822177,9,1.2931458041875956,172.16,2,"[451.79998779296875, 698.2000122070312]"
1779197243.771341,11.872664992,1.2238577501023093,0.903,0.0,0.4725460259324,0.8596666638217091,2.3951959065878228,9,1.3268933815210797,212.51,2,"[416.79998779296875, 733.4000244140625]"
1779197243.8212125,11.922536562000001,1.1206372927532768,0.903,0.0,0.4732708966278667,0.8569766055128153,2.6637576471424893,9,1.3299613430968509,102.22,2,"[416.79998779296875, 733.4000244140625]"
1779197243.8710363,11.972360202,1.0018481050995471,0.903,0.0,0.4739958547994667,0.854286222572369,2.9315085757363093,9,1.3115535736422232,102.22,2,"[410.3999938964844, 728.0]"
1779197243.9211104,12.022434411,0.8755254803249255,0.903,0.0,0.4747237652142667,0.8515848836001784,3.1994997617727705,9,1.2501943421267976,-5.38,2,"[410.3999938964844, 728.0]"
1779197243.9712064,12.072530548000001,0.7512202747141421,0.903,0.0,0.4754513251286667,0.8488848453655112,3.466512621084995,9,1.1704273411567443,-2.69,2,"[408.0, 708.5999755859375]"
1779197244.021139,12.122462661,0.6378214352265893,0.903,0.0,0.47617765970866666,0.846189354453566,3.732229358965455,9,1.069184609156292,-2.69,2,"[408.0, 708.5999755859375]"
1779197244.0711114,12.172435432,0.5430586000863302,0.903,0.0,0.4769033380941333,0.8434962987367082,3.996861141848292,9,0.9541360500648688,-24.21,2,"[466.0, 662.4000244140625]"
1779197244.1211941,12.222517959000001,0.4731344586709623,0.903,0.0,0.4776309566650667,0.8407960428225351,4.261351026878344,9,0.8360195293976744,-59.18,2,"[466.0, 662.4000244140625]"
1779197244.1713963,12.272720061000001,0.4329751828485267,0.903,0.0,0.47835981710933334,0.8380911782082175,4.525440010110934,9,0.7148350471547088,-91.46,2,"[565.7999877929688, 569.2000122070312]"
1779197244.2212932,12.322617107000001,0.4252687507533444,0.903,0.0,0.47908569136053336,0.8353973956165576,4.787601648088696,9,0.6151262959421421,-142.57,2,"[565.7999877929688, 569.2000122070312]"
1779197244.2712631,12.372586917000001,0.4501015703591463,0.903,0.0,0.4798115449017334,0.832703689881512,5.048910500628182,9,0.5353592949720888,-142.57,2,"[645.5999755859375, 448.20001220703125]"
1779197244.321098,12.422422003000001,0.5055426318947389,0.903,0.0,0.48053701742253335,0.8300113981463692,5.309237766535688,9,0.47860200582032003,-190.99,2,"[645.5999755859375, 448.20001220703125]"
1779197244.3711734,12.472497494,0.587889826317094,0.903,0.0,0.48126419019800004,0.827312796618015,5.569326767653479,9,0.4678641403051206,-180.23,2,"[673.2000122070312, 399.79998779296875]"
1779197244.4210892,12.522413140000001,0.6912251644010894,0.903,0.0,0.48199055974520005,0.8246171759397439,5.828281968935826,9,0.4693981210930062,-56.49,2,"[673.2000122070312, 399.79998779296875]"
1779197244.471114,12.572437831,0.808574927120401,0.903,0.0,0.4827166847690667,0.8219224627088682,6.086304058035942,9,0.49394181369917645,-56.49,2,"[672.2000122070312, 400.3999938964844]"
1779197244.5211747,12.622498629,0.9323475289559349,0.903,0.0,0.4834440776373333,0.8192230443969566,0.06074246244448034,10,0.5522330836388308,5.38,2,"[672.2000122070312, 400.3999938964844]"
1779197244.5712838,12.672607667000001,1.0543063214853796,0.903,0.0,0.48417235663200003,0.8165203375927663,0.31782905272566353,10,0.6350680461846554,2.69,2,"[652.0, 413.20001220703125]"
1779197244.6213756,12.722699545000001,1.166204526942668,0.903,0.0,0.48489979435013336,0.8138207528390917,0.5737696681839992,10,0.7378447589729934,2.69,2,"[652.0, 413.20001220703125]"
1779197244.6712132,12.772537075,1.2607183357341178,0.903,0.0,0.4856249129842667,0.8111297744082031,0.8280507456997128,10,0.8528933180644165,2.69,2,"[590.7999877929688, 505.6000061035156]"
1779197244.721087,12.822410894,1.3323007803855869,0.903,0.0,0.4863502788158667,0.8084378786059774,1.0815743391064245,10,0.9694758579437253,13.45,2,"[590.7999877929688, 505.6000061035156]"
1779197244.7710767,12.872400757000001,1.3765601894629418,0.903,0.0,0.48707681921693335,0.8057416238741204,1.3346615516551452,10,1.0799224746714913,80.7,2,"[499.20001220703125, 637.0]"
1779197244.820864,12.922187732000001,1.39074519790287,0.903,0.0,0.4878002234554667,0.8030570077146788,1.5858166849809123,10,1.179631225884058,147.95,2,"[499.20001220703125, 637.0]"
1779197244.871019,12.972342734000001,1.3741903675009344,0.903,0.0,0.4885290954246667,0.8003521003303294,1.8380177820049397,10,1.2593982268541113,166.78,2,"[459.6000061035156, 707.5999755859375]"
1779197244.9211752,13.022499137,1.3279897036942088,0.903,0.0,0.48925729912213334,0.7976496729606092,2.0891368581916936,10,1.3192234775816514,215.2,2,"[459.6000061035156, 707.5999755859375]"
1779197244.9712024,13.072526346,1.2553747138583802,0.903,0.0,0.48998434073426667,0.7949515581908133,2.3390071172751874,10,1.346835131763593,231.34,2,"[421.79998779296875, 734.4000244140625]"
1779197245.0212817,13.122605487000001,1.1608546965549946,0.903,0.0,0.49071224834413335,0.7922502296279746,2.5883249065228284,10,1.3483691125514785,102.22,2,"[421.79998779296875, 734.4000244140625]"
1779197245.0712652,13.172588977,1.050801478409744,0.903,0.0,0.49143815109520006,0.7895563412708262,2.8361105853553426,10,1.3299613430968509,102.22,2,"[415.79998779296875, 749.7999877929688]"
1779197245.1211197,13.222443712,0.9319204083600738,0.903,0.0,0.49216330500173333,0.7868652319409879,3.082796970453998,10,1.2762720155208536,-5.38,2,"[415.79998779296875, 749.7999877929688]"
1779197245.1710427,13.272366474,0.8111763234363405,0.903,0.0,0.49288947846520004,0.7841703389465359,3.328984142410576,10,1.2026409377023426,-2.69,2,"[399.6000061035156, 713.5999755859375]"
1779197245.2211642,13.322488023,0.6956622778845539,0.903,0.0,0.4936178894952,0.7814671421477195,3.5750786207863285,10,1.1090681096413186,-2.69,2,"[399.6000061035156, 713.5999755859375]"
1779197245.2711208,13.372444689000002,0.5930146251721078,0.903,0.0,0.4943434696644,0.7787744509199848,3.819372020611013,10,1.000155473701438,-5.38,2,"[443.0, 671.4000244140625]"
1779197245.321171,13.422495040000001,0.5086008775995088,0.903,0.0,0.4950705698894667,0.7760761186324865,4.063328991598567,10,0.8866408953979006,-24.21,2,"[443.0, 671.4000244140625]"
1779197245.3712823,13.472606232,0.4474247344216519,0.903,0.0,0.4957987660877333,0.7733737190929507,4.306802913125409,10,0.7685243747307062,-53.8,2,"[556.7999877929688, 592.2000122070312]"
1779197245.4213336,13.522657628000001,0.41308465561405877,0.903,0.0,0.49652577071253334,0.7706757415863715,4.549030440741404,10,0.6642136811544826,-150.64,2,"[556.7999877929688, 592.2000122070312]"
1779197245.4712558,13.572579536000001,0.40724587094421544,0.903,0.0,0.4972515845486667,0.7679821832002879,4.790016001430999,10,0.5737088146692298,-150.64,2,"[627.2000122070312, 475.0]"
1779197245.5211391,13.62246307,0.4299290886308737,0.903,0.0,0.49797691023920004,0.7652904363650581,5.02999541075998,10,0.49854375606283335,-196.37,2,"[627.2000122070312, 475.0]"
1779197245.5711749,13.672498787,0.4797947852200464,0.903,0.0,0.49870437731466666,0.7625907426637617,5.26983424525794,10,0.4540583132141498,-199.06,2,"[684.2000122070312, 405.6000061035156]"
1779197245.6210861,13.722409907000001,0.5536006686223731,0.903,0.0,0.49943040826426666,0.7598963785506861,5.508353884061904,10,0.4325825821837508,-239.41,2,"[684.2000122070312, 405.6000061035156]"
1779197245.6711254,13.772449300000002,0.6471276235233893,0.903,0.0,0.5001568374126667,0.7572005366871687,5.746157694428845,10,0.4325825821837508,-59.18,2,"[683.0, 394.20001220703125]"
1779197245.7212114,13.822535482000001,0.7551395630631811,0.903,0.0,0.5008845188112,0.7545000476142978,5.983521872974819,10,0.461728217153578,-59.18,2,"[683.0, 394.20001220703125]"
1779197245.7713299,13.872653917000001,0.8714014221742941,0.903,0.0,0.5016125494166667,0.751798262604071,6.220149576228778,10,0.5200194870932323,-72.63,2,"[715.2000122070312, 399.6000061035156]"
1779197245.8213816,13.922705454,0.9891858739684816,0.903,0.0,0.5023395896626667,0.749100152904115,0.17242200939093522,11,0.5982525072754,5.38,2,"[715.2000122070312, 399.6000061035156]"
1779197245.87114,13.972463964000001,1.1017495651290103,0.903,0.0,0.5030638969298666,0.7464121855266104,0.4061529448794019,11,0.6948932969121955,5.38,2,"[625.7999877929688, 426.20001220703125]"
1779197245.92129,14.022613777,1.2039253925265077,0.903,0.0,0.5037916829538667,0.7437113081795167,0.6401566480030212,11,0.8022719520641903,2.69,2,"[625.7999877929688, 426.20001220703125]"
1779197245.9710896,14.072413425,1.2894279861443603,0.903,0.0,0.5045169199765334,0.7410198903984657,0.8724969050816398,11,0.9065826456404139,5.38,2,"[570.4000244140625, 557.5999755859375]"
1779197246.0208962,14.122220081,1.3540554684135873,0.903,0.0,0.5052403599089333,0.7383351417759748,1.1034217446852423,11,1.0154952815802945,88.77,2,"[570.4000244140625, 557.5999755859375]"
1779197246.070947,14.172270765,1.39495623827728,0.903,0.0,0.5059682146029334,0.735634009588528,1.334905820302474,11,1.1182719943686323,131.81,2,"[482.79998779296875, 653.0]"
1779197246.121162,14.222485877,1.4096909670611653,0.903,0.0,0.5066971152028,0.73292899595328,1.5658701141688383,11,1.213378803217542,169.47,2,"[482.79998779296875, 653.0]"
1779197246.1713147,14.272638623,1.3976277017757195,0.903,0.0,0.5074256452898667,0.7302253573233156,1.795865453676889,11,1.2870098810360528,177.54,2,"[424.20001220703125, 711.5999755859375]"
1779197246.2212067,14.322530499,1.3598484259574806,0.903,0.0,0.5081510154524,0.7275334454486189,2.024019031793081,11,1.3406992086120504,231.34,2,"[424.20001220703125, 711.5999755859375]"
1779197246.2711792,14.372503115,1.298403698821163,0.903,0.0,0.5088775385152,0.7248372550605804,2.2516883704399433,11,1.368310862793992,231.34,2,"[410.79998779296875, 737.4000244140625]"
1779197246.3210979,14.422421767000001,1.2167326331071295,0.903,0.0,0.5096036867052001,0.7221424558581653,2.4783942437219437,11,1.3698448435818775,263.62,2,"[410.79998779296875, 737.4000244140625]"
1779197246.371103,14.472427076,1.119055438319456,0.903,0.0,0.5103304268378667,0.7194454599049381,2.7044375515397476,11,1.359106978066678,96.84,2,"[402.3999938964844, 742.2000122070312]"
1779197246.4210813,14.522405165,1.0105251626672667,0.903,0.0,0.5110570943038667,0.7167487336240425,2.929611054832641,11,1.3176894967937658,-5.38,2,"[402.3999938964844, 742.2000122070312]"
1779197246.471026,14.572349939,0.8968813734871949,0.903,0.0,0.5117824972390668,0.7140567001271243,3.1535484596512546,11,1.2501943421267976,-2.69,2,"[395.6000061035156, 715.7999877929688]"
1779197246.52106,14.622383932000002,0.7834108071058842,0.903,0.0,0.5125094101876,0.7113590628391585,3.3771042420946102,11,1.167359379580973,-2.69,2,"[395.6000061035156, 715.7999877929688]"
1779197246.5713434,14.672667437000001,0.6755477483679371,0.903,0.0,0.5132393119161334,0.7086503339282003,3.600724437199652,11,1.0676506283684062,-2.69,2,"[418.0, 691.4000244140625]"
1779197246.6213162,14.722640080000001,0.5794976645821559,0.903,0.0,0.5139656435749334,0.7059548538570827,3.822404449407294,11,0.9587379924285258,-10.76,2,"[418.0, 691.4000244140625]"
1779197246.671148,14.772472080000002,0.49944577116174144,0.903,0.0,0.5146905013502667,0.7032648434959294,4.042791637103996,11,0.8528933180644165,-10.76,2,"[516.4000244140625, 613.7999877929688]"
1779197246.7210813,14.822405193000002,0.4388061318726505,0.903,0.0,0.5154168407408,0.7005693347316759,4.262782860345602,11,0.7378447589729934,-61.87,2,"[516.4000244140625, 613.7999877929688]"
1779197246.771135,14.872458936000001,0.40047461538453233,0.903,0.0,0.5161439620246667,0.6978709242931358,4.482162639802901,11,0.6442719309119693,-88.77,2,"[619.2000122070312, 531.4000244140625]"
1779197246.8209777,14.922301798000001,0.3861713591430055,0.903,0.0,0.5168686078313334,0.6951817005661735,4.699953047938898,11,0.5629709491540303,-204.44,2,"[619.2000122070312, 531.4000244140625]"
1779197246.8710053,14.972329334000001,0.39626336814667573,0.903,0.0,0.5175955575928,0.6924839266622047,4.917588042835142,11,0.49394181369917645,-204.44,2,"[667.0, 431.3999938964844]"
1779197246.9212878,15.022611725,0.43092939303761074,0.903,0.0,0.5176744469677332,0.6897748499818076,5.135279875817197,11,0.4479223900626072,-220.57999999999998,2,"[667.0, 431.3999938964844]"
1779197246.9711983,15.072522202000002,0.48782807319297244,0.903,0.0,0.5169493301212,0.6870838781848584,5.35067327363182,11,0.4203107358806657,-250.17,2,"[707.4000244140625, 392.79998779296875]"
1779197247.021185,15.12250874,0.5635889920904569,0.903,0.0,0.5162225843496,0.6843868613050584,5.565703152805462,11,0.41877675509278006,-134.5,2,"[707.4000244140625, 392.79998779296875]"
1779197247.0712864,15.172610336000002,0.6545417217779813,0.903,0.0,0.5154945234857333,0.6816849640032726,5.780271687448639,11,0.4279806398200939,-134.5,2,"[677.0, 386.0]"
1779197247.1211212,15.222445101000002,0.755745037887692,0.903,0.0,0.5147695985082666,0.6789947042491474,5.993072893305943,11,0.4693981210930062,-80.7,2,"[677.0, 386.0]"
1779197247.171075,15.272399178,0.8630736018548226,0.903,0.0,0.5140432836354667,0.6762992864723384,6.205435721418503,11,0.5276893910326605,-75.32,2,"[668.7999877929688, 389.20001220703125]"
1779197247.2208555,15.322179421000001,0.9710396162843955,0.903,0.0,0.513319821438,0.6736144552222452,0.13293942071800302,12,0.6013204688511713,5.38,2,"[668.7999877929688, 389.20001220703125]"
1779197247.2709982,15.372321939,1.0760155523721953,0.903,0.0,0.5125911519326667,0.6709102991989456,0.344293039115243,12,0.6918253353364242,2.69,2,"[639.7999877929688, 424.0]"
1779197247.3210585,15.422382295,1.1724487939582982,0.903,0.0,0.5118639617317333,0.6682116330031665,0.5543691573198117,12,0.7930680673368765,2.69,2,"[639.7999877929688, 424.0]"
1779197247.3712425,15.47256645,1.2566766582225015,0.903,0.0,0.5111347420525333,0.6655054352367112,0.7641784022663671,12,0.8973787609131001,24.21,2,"[596.5999755859375, 547.2000122070312]"
1779197247.4212868,15.522610807000001,1.3247466555618563,0.903,0.0,0.5104077631226667,0.6628075530862686,0.9724950155823393,12,1.0016894544893238,64.56,2,"[596.5999755859375, 547.2000122070312]"
1779197247.4711425,15.572466495,1.3741495082589097,0.903,0.0,0.5096825773445334,0.6601163254781456,1.1794540482137563,12,1.0967962633382335,64.56,2,"[489.0, 661.7999877929688]"
1779197247.521176,15.622500179000001,1.4033075616055974,0.903,0.0,0.50895518981,0.6574169269601832,1.3861925525026493,12,1.188835110611372,118.36,2,"[489.0, 661.7999877929688]"
1779197247.5709987,15.672322532,1.4111247670286384,0.903,0.0,0.508230835542,0.6547287851586145,1.5912271227583972,12,1.2593982268541113,158.71,2,"[442.20001220703125, 692.7999877929688]"
1779197247.620919,15.722242938,1.3977192643249365,0.903,0.0,0.5075053309316,0.6520363743361702,1.7957428139461626,12,1.3176894967937658,223.26999999999998,2,"[442.20001220703125, 692.7999877929688]"
1779197247.6710587,15.772382473,1.36377624927413,0.903,0.0,0.5067771384102667,0.6493339884420545,2.0001654499353236,12,1.3575729972787924,239.41,2,"[406.79998779296875, 739.5999755859375]"
1779197247.7211885,15.822512401000001,1.3110428863690053,0.903,0.0,0.5060491836252,0.6466324848079381,2.203671140312082,12,1.371378824369763,252.85999999999999,2,"[406.79998779296875, 739.5999755859375]"
1779197247.7713134,15.872637523000002,1.241934889263828,0.903,0.0,0.5053209730389333,0.6439300318732808,2.4063975375318734,12,1.371378824369763,104.91,2,"[421.79998779296875, 760.5999755859375]"
1779197247.8211844,15.922508376000001,1.1599254512586172,0.903,0.0,0.5045960273224,0.641239695154672,2.607371835779105,12,1.359106978066678,-5.38,2,"[421.79998779296875, 760.5999755859375]"
1779197247.871158,15.972481787000001,1.0680046135280632,0.903,0.0,0.5038694090662666,0.6385431514958793,2.8079627188980965,12,1.320757458369537,-5.38,2,"[416.20001220703125, 734.4000244140625]"
1779197247.9212143,16.022538362000002,0.9700623490134125,0.903,0.0,0.5031420558013333,0.6358438801553883,3.0079077068575657,12,1.2640001692177683,-5.38,2,"[416.20001220703125, 734.4000244140625]"
1779197247.9712932,16.072617308,0.8700746247132081,0.903,0.0,0.5024140784460001,0.6331422927610459,3.2071739939084978,12,1.1965050145508,-5.38,2,"[415.6000061035156, 708.0]"
1779197248.0209787,16.122302612000002,0.7727656027116232,0.903,0.0,0.5016912558459999,0.6304598351128796,3.404191029761108,12,1.1152040327928612,-2.69,2,"[415.6000061035156, 708.0]"
1779197248.071121,16.172444900000002,0.6805199711550008,0.903,0.0,0.5009632623732,0.6277581879052143,3.601767173739944,12,1.021631204731837,-5.38,2,"[442.79998779296875, 674.7999877929688]"
1779197248.1212294,16.222553277,0.5975146889756371,0.903,0.0,0.500235183706,0.6250562245337072,3.7985159430895408,12,0.9280583766708129,-2.69,2,"[442.79998779296875, 674.7999877929688]"
1779197248.1713507,16.27267453,0.5268015920088718,0.903,0.0,0.4995071070008,0.6223542684433534,3.9944136905923955,12,0.8298836062461319,-78.01,2,"[542.4000244140625, 611.2000122070312]"
1779197248.2212884,16.322612355,0.47100942984795424,0.903,0.0,0.49878104105493337,0.6196597744560831,4.188924618775204,12,0.7363107781851077,-96.84,2,"[542.4000244140625, 611.2000122070312]"
1779197248.2711186,16.372442706,0.43184274973801035,0.903,0.0,0.49805631692813335,0.6169702600762818,4.382233400420262,12,0.6519418348513975,-96.84,2,"[610.2000122070312, 527.0]"
1779197248.3210976,16.422421527,0.4103436711404306,0.903,0.0,0.49732973703999994,0.61427385880448,4.57519017898089,12,0.5783107570328867,-153.32999999999998,2,"[610.2000122070312, 527.0]"
1779197248.3710673,16.472391166,0.4071441613572998,0.903,0.0,0.4966033011045333,0.6115779917535669,4.7672620655438465,12,0.5184855063053467,-188.29999999999998,2,"[651.2000122070312, 430.79998779296875]"
1779197248.4209323,16.52225607,0.422005408378538,0.903,0.0,0.4958786543532,0.6088887645208642,4.958018389106954,12,0.4724660826687775,-228.65,2,"[651.2000122070312, 430.79998779296875]"
1779197248.4711525,16.572476329,0.454312790229695,0.903,0.0,0.4951496868273333,0.6061835025173989,5.149059541097429,12,0.4433204476989503,-231.34,2,"[686.2000122070312, 399.79998779296875]"
1779197248.5213723,16.622696216,0.5026122136753655,0.903,0.0,0.4944203165101333,0.6034767457202006,5.339352736395838,12,0.4295146206079795,-258.24,2,"[686.2000122070312, 399.79998779296875]"
1779197248.5713665,16.67269037,0.5646402480213761,0.903,0.0,0.49369369283306663,0.6007801819438519,5.528082231100072,12,0.4295146206079795,-104.91,2,"[685.0, 391.20001220703125]"
1779197248.621123,16.722447051,0.6378398780569268,0.903,0.0,0.49296980143719993,0.5980937579011001,5.715261315396177,12,0.44485442848683593,-72.63,2,"[685.0, 391.20001220703125]"
1779197248.6712558,16.772579965000002,0.7201733808801378,0.903,0.0,0.4922418057553334,0.5953921024953958,5.902651356645194,12,0.4816699673960913,-72.63,2,"[683.2000122070312, 381.0]"
1779197248.7212193,16.822543032000002,0.8080566152666104,0.903,0.0,0.49151534807799996,0.592696154758521,6.088798793800919,12,0.5368932757599744,-64.56,2,"[683.2000122070312, 381.0]"
1779197248.771233,16.872557162,0.8985713218509015,0.903,0.0,0.4907886459354666,0.5899992997899888,6.27416158935516,12,0.5982525072754,-53.8,2,"[681.4000244140625, 403.79998779296875]"
1779197248.820996,16.922319955000003,0.9881670904807116,0.903,0.0,0.4900651787530667,0.5873144500403737,0.17467416696944582,13,0.6703496043060252,2.69,2,"[681.4000244140625, 403.79998779296875]"
1779197248.8710413,16.972365205000003,1.0747345787563727,0.903,0.0,0.4893375118297334,0.5846140146862313,0.35858888696008506,13,0.7501166052760785,2.69,2,"[612.7999877929688, 467.6000061035156]"
1779197248.9212315,17.022555357,1.1549970756974048,0.903,0.0,0.4886089599426666,0.5819102951545675,0.5418756756000178,13,0.8375535101855601,2.69,2,"[612.7999877929688, 467.6000061035156]"
1779197248.971112,17.072436052,1.226002482859878,0.903,0.0,0.4878834660433333,0.5792179240818248,0.723548677091479,13,0.923456434307156,51.11,2,"[546.4000244140625, 579.5999755859375]"
1779197249.0213592,17.122683165,1.2861847713631285,0.903,0.0,0.4871544669656,0.5765125449866334,0.9052467723962607,13,1.012427320004523,86.08,2,"[546.4000244140625, 579.5999755859375]"
1779197249.0714564,17.172780314,1.333289269542782,0.903,0.0,0.486427395938,0.5738143210534777,1.085616170486226,13,1.0906603401866908,86.08,2,"[491.0, 652.4000244140625]"
1779197249.1213315,17.222655488,1.3661319894554744,0.903,0.0,0.4857019135926667,0.5711219928586356,1.2647470121546078,13,1.167359379580973,126.42999999999999,2,"[491.0, 652.4000244140625]"
1779197249.1713996,17.272723378000002,1.384053431255012,0.903,0.0,0.4849743134936,0.5684218054951693,1.4435513756837324,13,1.2287186110963986,153.32999999999998,2,"[454.6000061035156, 700.0]"
1779197249.2211027,17.3224267,1.3866496778196327,0.903,0.0,0.48425039111266666,0.5657352664641355,1.6206111432448083,13,1.2808739578845103,180.23,2,"[454.6000061035156, 700.0]"
1779197249.2709818,17.372305779,1.374185701236092,0.903,0.0,0.48352495380613336,0.5630431054122045,1.7971971007487397,13,1.320757458369537,234.03,2,"[419.6000061035156, 728.4000244140625]"
1779197249.321383,17.422706998000002,1.347064656740513,0.903,0.0,0.48279480341226666,0.560333453682528,1.9740749747756965,13,1.3437671701878218,234.03,2,"[419.6000061035156, 728.4000244140625]"
1779197249.371188,17.472511691,1.3067163922192613,0.903,0.0,0.4820693771365333,0.5576413335668567,2.148964127227181,13,1.35143707412725,225.96,2,"[402.3999938964844, 735.5999755859375]"
1779197249.4210877,17.522411779000002,1.254429965525077,0.903,0.0,0.481343481376,0.5549474711521867,2.323121061253069,13,1.35143707412725,118.36,2,"[402.3999938964844, 735.5999755859375]"
1779197249.4711528,17.572476736000002,1.1918662587094702,0.903,0.0,0.4806160423208,0.5522478814365412,2.4967992599991433,13,1.3406992086120504,118.36,2,"[408.3999938964844, 733.5999755859375]"
1779197249.5210435,17.622367448000002,1.121373853885122,0.903,0.0,0.4798905631292,0.5495555649454784,2.669165101598473,13,1.3100195928543377,40.35,2,"[408.3999938964844, 733.5999755859375]"
1779197249.5711174,17.672441287,1.0447918487534316,0.903,0.0,0.4791629920096,0.5468554851273378,2.8411786512999484,13,1.2701360923693108,59.18,2,"[397.3999938964844, 720.4000244140625]"
1779197249.6209333,17.722257186,0.9650029843876863,0.903,0.0,0.47843845491226666,0.5441666648301832,3.0116326502338566,13,1.217980745581199,-5.38,2,"[397.3999938964844, 720.4000244140625]"
1779197249.6710768,17.772400661000002,0.883709052029122,0.903,0.0,0.47771073530560004,0.5414660339636006,3.1819857061027292,13,1.1535535524900022,-2.69,2,"[407.6000061035156, 683.7999877929688]"
1779197249.721127,17.822450865,0.8036476762787661,0.903,0.0,0.47698330483960005,0.5387664761232247,3.351422094030333,13,1.081456455459377,-2.69,2,"[407.6000061035156, 683.7999877929688]"
1779197249.7712183,17.872542267,0.7270169322194174,0.903,0.0,0.4762555750305333,0.5360658073946466,3.5200785248907707,13,1.004757416065095,-2.69,2,"[446.6000061035156, 653.2000122070312]"
1779197249.8213165,17.922640412,0.6559306986890336,0.903,0.0,0.4755276117434667,0.5333642722088676,3.687938839196512,13,0.9280583766708129,-24.21,2,"[446.6000061035156, 653.2000122070312]"
1779197249.8711426,17.972466438,0.5925877962206902,0.903,0.0,0.4748031527337333,0.5306757417016004,3.8541490450122,13,0.8513593372765309,-24.21,2,"[524.4000244140625, 613.7999877929688]"
1779197249.9212415,18.02256538,0.5380248675872101,0.903,0.0,0.4740755753938667,0.5279756387995083,4.020225353469776,13,0.7685243747307062,-72.63,2,"[524.4000244140625, 613.7999877929688]"
1779197249.9712489,18.072572576000002,0.49388642429355195,0.903,0.0,0.4733484807932,0.5252773273846484,4.185343273464021,13,0.7025632008516236,-83.39,2,"[593.4000244140625, 530.0]"
1779197250.0209312,18.122255064,0.4612843549063895,0.903,0.0,0.47262533447773336,0.52259366840018,4.348725554535072,13,0.6381360077604268,-166.78,2,"[593.4000244140625, 530.0]"
1779197250.0711203,18.172444099,0.44049524713166466,0.903,0.0,0.4718964726964,0.5198887988238916,4.5125468185112325,13,0.5829126993965437,-185.60999999999999,2,"[636.2000122070312, 479.20001220703125]"
1779197250.121187,18.222510744,0.4321568417541491,0.903,0.0,0.4711690621410667,0.5171893148737344,4.675192964310305,13,0.5322913333963175,-196.37,2,"[636.2000122070312, 479.20001220703125]"
1779197250.1712012,18.272525014000003,0.4361961031459203,0.903,0.0,0.4704423292605333,0.514492345833806,4.836840229667082,13,0.49394181369917645,-220.57999999999998,2,"[668.0, 422.0]"
1779197250.2213597,18.322683624,0.4523217630311705,0.903,0.0,0.46971371336866663,0.5117883887747527,4.99805458161098,13,0.4678641403051206,-225.96,2,"[668.0, 422.0]"
1779197250.2710955,18.372419234000002,0.4796587845384156,0.903,0.0,0.46899037105666663,0.5091040024300719,5.157262628685949,13,0.45712627478992107,-225.96,2,"[674.4000244140625, 395.0]"
1779197250.3211462,18.422470122,0.5176348782929616,0.903,0.0,0.4682627189573333,0.5064036220890851,5.316569762410417,13,0.45712627478992107,-244.79,2,"[674.4000244140625, 395.0]"
1779197250.3710964,18.47242035,0.5648715717272614,0.903,0.0,0.46753638526386665,0.5037081344671424,5.47474182905966,13,0.4586602555778067,-161.4,2,"[671.7999877929688, 386.20001220703125]"
1779197250.4209337,18.522257575,0.6199208473996018,0.903,0.0,0.4668119975546666,0.5010198685623667,5.6316482280593405,13,0.47093210188089185,-72.63,2,"[671.7999877929688, 386.20001220703125]"
1779197250.4710538,18.572377955,0.6821363456719234,0.903,0.0,0.4660841869112,0.5016811001497127,5.789504112680511,13,0.5031456984264903,-61.87,2,"[688.4000244140625, 394.3999938964844]"
1779197250.5211806,18.622504467000002,0.7500661943308247,0.903,0.0,0.4653558567156,0.5043839969650278,5.948323767682375,13,0.5445631796994026,-51.11,2,"[688.4000244140625, 394.3999938964844]"
1779197250.5714014,18.672725370000002,0.8220689071835103,0.903,0.0,0.4646270153245333,0.5070887908712599,6.108107173054073,13,0.5921165841238575,-43.04,2,"[652.2000122070312, 396.79998779296875]"
1779197250.6213365,18.722660291,0.8960417473933042,0.903,0.0,0.46390069039466664,0.5097842459707197,6.268185300298079,13,0.6488738732756262,5.38,2,"[652.2000122070312, 396.79998779296875]"
1779197250.671108,18.772432001000002,0.9701377582276591,0.903,0.0,0.4631764369153333,0.5124720137367645,0.14546316677292737,14,0.7117670855789375,5.38,2,"[603.2000122070312, 452.0]"
1779197250.7213807,18.822704644,1.043070722614324,0.903,0.0,0.46244791595519996,0.515175618495884,0.30772335904273973,14,0.7792622402459057,2.69,2,"[603.2000122070312, 452.0]"
1779197250.7713819,18.872705667,1.112352075138509,0.903,0.0,0.46172045834093334,0.5178752770858428,0.4705957629839048,14,0.8482913757007595,2.69,2,"[573.4000244140625, 543.4000244140625]"
1779197250.8209949,18.922318932,1.1757403405334022,0.903,0.0,0.46099847582573333,0.5205546171061197,0.6330786461266769,14,0.9142525495798421,64.56,2,"[573.4000244140625, 543.4000244140625]"
1779197250.8713312,18.972655,1.2326075416831404,0.903,0.0,0.4602684455644,0.5232638230134979,0.7982277443529,14,0.9848156658225816,72.63,2,"[544.5999755859375, 633.2000122070312]"
1779197250.9213512,19.022675324,1.2803822354888097,0.903,0.0,0.4595414572169333,0.5259617401134747,0.9635366447974008,14,1.0538448012774355,123.74,2,"[544.5999755859375, 633.2000122070312]"
1779197250.9711497,19.072473587,1.3178130798810415,0.903,0.0,0.4588163797412,0.528652565801955,1.1292545337737039,14,1.1182719943686323,139.88,2,"[489.3999938964844, 666.7999877929688]"
1779197251.0211816,19.122505584000002,1.3439349162861125,0.903,0.0,0.45808935991453337,0.5313505997239858,1.2962643751860696,14,1.179631225884058,169.47,2,"[489.3999938964844, 666.7999877929688]"
1779197251.0711596,19.172483538,1.3577570835495238,0.903,0.0,0.4573628712812,0.5340466623412737,1.4639989772463764,14,1.2302525918842842,169.47,2,"[459.6000061035156, 699.2000122070312]"
1779197251.1213186,19.222642521,1.3587500976371352,0.903,0.0,0.4566344070737333,0.5367500564863023,1.63304110497198,14,1.2732040539450822,164.09,2,"[459.6000061035156, 699.2000122070312]"
1779197251.1711388,19.272462543,1.3467667845660496,0.903,0.0,0.4559094605724,0.5394403961173722,1.8021101336671705,14,1.3054176504906807,182.92,2,"[418.20001220703125, 715.4000244140625]"
1779197251.2209833,19.322307031,1.3220471725262,0.903,0.0,0.4551847970641334,0.5421296855365145,1.971955700087321,14,1.3238254199453083,239.41,2,"[418.20001220703125, 715.4000244140625]"
1779197251.2709618,19.372285820000002,1.2850442751646682,0.903,0.0,0.45445823059026663,0.544826037026804,2.143094247791197,14,1.3299613430968509,225.96,2,"[407.3999938964844, 749.0]"
1779197251.3212326,19.422556484,1.2365408671583789,0.903,0.0,0.45372879286746665,0.547533043972057,2.3157627759731696,14,1.3299613430968509,102.22,2,"[407.3999938964844, 749.0]"
1779197251.3711693,19.472493363,1.178319875601207,0.903,0.0,0.4530032722413333,0.5502255142302832,2.48834860079738,14,1.3192234775816514,-5.38,2,"[407.0, 723.7999877929688]"
1779197251.4212399,19.522563841,1.1115663266388527,0.903,0.0,0.4522755690428,0.5529260842048535,2.662303232137404,14,1.2885438618239387,-8.07,2,"[407.0, 723.7999877929688]"
1779197251.4711328,19.572456737,1.0386732164781876,0.903,0.0,0.45155072607693336,0.5556160396067855,2.836417089482225,14,1.248660361338912,-8.07,2,"[402.0, 716.5999755859375]"
1779197251.5214229,19.622746864,0.9609934714000836,0.903,0.0,0.4508208466279999,0.5583246858362071,3.0125954643231836,14,1.1949710337629145,-8.07,2,"[402.0, 716.5999755859375]"
1779197251.5722327,19.673556795,0.8805820172214667,0.903,0.0,0.45008360994066665,0.5610606354183674,3.191421756569241,14,1.1382137446111458,-2.69,2,"[413.79998779296875, 695.0]"
1779197251.620945,19.722268998,0.8035453948738678,0.903,0.0,0.44937234725573333,0.5637001932145053,3.364759381804717,14,1.0737865515199487,-2.69,2,"[413.79998779296875, 695.0]"
1779197251.6710527,19.772376601,0.727699823030906,0.903,0.0,0.4486443709032,0.5664017768873697,3.5430204534103495,14,1.000155473701438,-18.83,2,"[458.20001220703125, 661.5999755859375]"
1779197251.7215388,19.822862557,0.6569609987938939,0.903,0.0,0.44791239350946666,0.5691182087727379,3.723120897356864,14,0.9265243958829272,-24.21,2,"[458.20001220703125, 661.5999755859375]"
1779197251.771155,19.872478876000002,0.5948643890548924,0.903,0.0,0.44718972600920004,0.5718000908322798,3.9017685762455017,14,0.8513593372765309,-61.87,2,"[520.2000122070312, 609.2000122070312]"
1779197251.8212233,19.922547118,0.542232212752239,0.903,0.0,0.4464622978685333,0.5744996400431411,4.082442090697356,14,0.7700583555185919,-53.8,2,"[520.2000122070312, 609.2000122070312]"
1779197251.8712697,19.972593718000002,0.5013357132496313,0.903,0.0,0.4457348984021334,0.5771990828413004,4.263957393414273,14,0.7025632008516236,-53.8,2,"[615.7999877929688, 532.0]"
1779197251.9213352,20.02265909,0.47367248125622147,0.903,0.0,0.44500824349293333,0.5798957625228172,4.4461340724868705,14,0.6366020269725411,-118.36,2,"[615.7999877929688, 532.0]"
1779197251.9710972,20.072421008000003,0.4602683918091354,0.903,0.0,0.4442830233289333,0.5825871177398874,4.628794883558129,14,0.5829126993965437,-156.02,2,"[639.5999755859375, 454.0]"
1779197252.0209155,20.122239393,0.46164320055683333,0.903,0.0,0.44355870093253336,0.5852751412631714,4.812071317581328,14,0.5368932757599744,-185.60999999999999,2,"[639.5999755859375, 454.0]"
1779197252.0711005,20.172424465000002,0.47801911112589895,0.903,0.0,0.44283011573506664,0.587978984412632,4.99727805490123,14,0.5031456984264903,-204.44,2,"[659.7999877929688, 405.0]"
1779197252.1211746,20.222498484000003,0.5089656716949078,0.903,0.0,0.4421026866933333,0.5906785369674301,5.1830398760425,14,0.48473792897186263,-209.82,2,"[659.7999877929688, 405.0]"
1779197252.1713285,20.272652563,0.5536585592101767,0.903,0.0,0.441374101118,0.5933823815191868,5.369948719341991,14,0.47860200582032003,-182.92,2,"[669.5999755859375, 391.6000061035156]"
1779197252.221225,20.322549033,0.6103459050843056,0.903,0.0,0.44064888220386667,0.5960737320978926,5.556837719118917,14,0.48013598660820567,-56.49,2,"[669.5999755859375, 391.6000061035156]"
1779197252.271281,20.372604896000002,0.6775516491287594,0.903,0.0,0.43992154294906666,0.5987729514455581,5.745121900580969,14,0.500077736850719,-56.49,2,"[681.7999877929688, 392.79998779296875]"
1779197252.321007,20.42233093,0.7524842910933431,0.903,0.0,0.43919751757039993,0.6014598727101547,5.933389281638313,14,0.5368932757599744,-67.25,2,"[681.7999877929688, 392.79998779296875]"
1779197252.3711019,20.472425611000002,0.8332815712123798,0.903,0.0,0.4384696582838667,0.6041610219408927,6.123503572573,14,0.581378718608658,-61.87,2,"[643.7999877929688, 412.79998779296875]"
1779197252.4209056,20.5222295,0.9162729409553362,0.903,0.0,0.43774542956933327,0.6068486978026071,0.03032578913373385,15,0.6381360077604268,2.69,2,"[643.7999877929688, 412.79998779296875]"
1779197252.4712155,20.572539441,0.9995058478410506,0.903,0.0,0.4370155722110666,0.6095572620516398,0.2226646919530353,15,0.7071651432152806,2.69,2,"[617.0, 450.3999938964844]"
1779197252.5214212,20.622745075,1.0789008282097252,0.903,0.0,0.4362890042693333,0.6122536189893104,0.414983707096404,15,0.782330201821677,2.69,2,"[617.0, 450.3999938964844]"
1779197252.5713751,20.672699012000002,1.1519718354065354,0.903,0.0,0.4355612421962667,0.6149544074524035,0.6084685597688022,15,0.8620972027917303,2.69,2,"[573.0, 544.0]"
1779197252.6212497,20.722573565,1.2156199300933352,0.903,0.0,0.4348354536772,0.6176478718846469,0.8022738721118756,15,0.940330222973898,64.56,2,"[573.0, 544.0]"
1779197252.6714582,20.772782063,1.2677360276055898,0.903,0.0,0.43410697425333333,0.6203513224990617,0.9976491621385648,15,1.0200972239439514,64.56,2,"[511.6000061035156, 619.0]"
1779197252.7214835,20.822807274000002,1.3058743735570606,0.903,0.0,0.4333804364392,0.6230475676305836,1.1933506203321045,15,1.0937283017624622,118.36,2,"[511.6000061035156, 619.0]"
1779197252.7714813,20.872805134,1.3285993962777893,0.903,0.0,0.4326536374756,0.6257447819105302,1.3899699313151572,15,1.158155494853659,121.05,2,"[470.20001220703125, 665.4000244140625]"
1779197252.8209894,20.922313130000003,1.334880832857705,0.903,0.0,0.4319316214465333,0.6284242463036864,1.586131716847568,15,1.213378803217542,169.47,2,"[470.20001220703125, 665.4000244140625]"
1779197252.8710215,20.972345332,1.3243981348631086,0.903,0.0,0.43120470168186664,0.6311219088869169,1.7844735705100234,15,1.2578642460662257,174.85,2,"[438.0, 704.7999877929688]"
1779197252.9210927,21.022416691,1.2972814039024123,0.903,0.0,0.4304772623505333,0.633821499627317,1.9838061924511194,15,1.2885438618239387,182.92,2,"[438.0, 704.7999877929688]"
1779197252.971241,21.072565076,1.2543708602834114,0.903,0.0,0.42974859108666663,0.6365256621766869,2.184328269302462,15,1.303883669702795,190.99,2,"[408.20001220703125, 722.2000122070312]"
1779197253.0212216,21.122545719,1.1974864452935576,0.903,0.0,0.42902227803053333,0.6392210732116876,2.385047770387679,15,1.303883669702795,94.14999999999999,2,"[408.20001220703125, 722.2000122070312]"
1779197253.0713673,21.17269123,1.1285658882510579,0.903,0.0,0.42829484557346664,0.6419206384410854,2.5869256095559123,15,1.2916118233997098,94.14999999999999,2,"[406.79998779296875, 716.7999877929688]"
1779197253.1219852,21.223309111000003,1.0494274523203542,0.903,0.0,0.4275588655689333,0.6446519243638801,2.7920446294120964,15,1.260932207641997,-5.38,2,"[406.79998779296875, 716.7999877929688]"
1779197253.171422,21.272745976000003,0.9661318987956523,0.903,0.0,0.4268402851181333,0.6473186390267466,2.9931428112509835,15,1.214912784005428,-8.07,2,"[407.0, 712.7999877929688]"
1779197253.2210398,21.322363658,0.8797163179798829,0.903,0.0,0.42611748058306664,0.6500010296343713,3.1962613423508017,15,1.158155494853659,-2.69,2,"[407.0, 712.7999877929688]"
1779197253.2711656,21.372489543,0.7935999621292577,0.903,0.0,0.42538947558533335,0.6527027196120685,3.401691602830148,15,1.0921943209745766,-2.69,2,"[418.6000061035156, 687.0]"
1779197253.3211915,21.422515484,0.7121722822661192,0.903,0.0,0.4246626207556,0.6554001412161036,3.6076449454637256,15,1.012427320004523,-8.07,2,"[418.6000061035156, 687.0]"
1779197253.3713188,21.472642837000002,0.6386699146504702,0.903,0.0,0.4239344385674666,0.658102488762814,3.8148251314321087,15,0.9295923574586985,-29.59,2,"[479.20001220703125, 639.4000244140625]"
1779197253.4212322,21.522556201,0.5766755124166358,0.903,0.0,0.4232088375138667,0.6607952574943765,4.022115658536883,15,0.8467573949128739,-69.94,2,"[479.20001220703125, 639.4000244140625]"
1779197253.4711483,21.572471987,0.5286482203852387,0.903,0.0,0.4224827092054666,0.6634899829144418,4.230402758153666,15,0.760854470791278,-69.94,2,"[554.2000122070312, 573.0]"
1779197253.521123,21.622446883000002,0.4968525865154199,0.903,0.0,0.4217567902642666,0.6661839313545856,4.439475259605494,15,0.6856894121848816,-96.84,2,"[554.2000122070312, 573.0]"
1779197253.5710516,21.672375437000003,0.4828024496480351,0.903,0.0,0.42103059847426666,0.6688788923603995,4.64947243814688,15,0.6212622190936846,-129.12,2,"[646.5999755859375, 471.3999938964844]"
1779197253.6209579,21.722281702,0.4872750160675186,0.903,0.0,0.4203049747777334,0.6715717451218607,4.860150108158145,15,0.5675728915176872,-182.92,2,"[646.5999755859375, 471.3999938964844]"
1779197253.6711762,21.772500226000002,0.5103651253083832,0.903,0.0,0.41957586691800003,0.6742775279165324,5.072692272941644,15,0.5292233718205462,-185.60999999999999,2,"[658.2000122070312, 430.3999938964844]"
1779197253.7211716,21.822495458000002,0.5510315326549853,0.903,0.0,0.41884941143519994,0.6769734675093029,5.2853079518305535,15,0.5062136600022615,-196.37,2,"[658.2000122070312, 430.3999938964844]"
1779197253.771318,21.872641830000003,0.6078100270846455,0.903,0.0,0.41812094807066663,0.6796768585261324,5.499362683627034,15,0.5031456984264903,-147.95,2,"[659.4000244140625, 413.20001220703125]"
1779197253.821239,21.922562823,0.6778265493589182,0.903,0.0,0.41739550371546663,0.6823690457362795,5.713374649946708,15,0.5077476407901472,-43.04,2,"[659.4000244140625, 413.20001220703125]"
1779197253.8710618,21.972385769000002,0.7581401539796567,0.903,0.0,0.4166704643606667,0.6850597299546545,5.92811054825291,15,0.5384272565478601,-43.04,2,"[652.7999877929688, 399.0]"
1779197253.9210172,22.022341135,0.8453175236672983,0.903,0.0,0.4159441899922666,0.687754997416106,6.144058508350604,15,0.5829126993965437,-48.42,2,"[652.7999877929688, 399.0]"
1779197253.9710562,22.072380278,0.935304389046869,0.903,0.0,0.4152172067169333,0.6904528956929541,0.07787988428131598,16,0.6396699885483124,-45.73,2,"[638.5999755859375, 433.0]"
1779197254.0209637,22.122287503000003,1.0236237595110387,0.903,0.0,0.4144917052312,0.6931452949194882,0.2952887346508959,16,0.7102331047910518,2.69,2,"[638.5999755859375, 433.0]"
1779197254.0711699,22.172493875,1.106645533603333,0.903,0.0,0.41376272802613334,0.6958505928433079,0.5145917401564475,16,0.7884661249732196,2.69,2,"[598.5999755859375, 488.6000061035156]"
1779197254.1211774,22.222501275000003,1.179686766150938,0.903,0.0,0.41303603685626666,0.6985474070913181,0.734054280414,16,0.8759030298827011,10.76,2,"[598.5999755859375, 488.6000061035156]"
1779197254.171176,22.272500022000003,1.2394235785095922,0.903,0.0,0.4123093274325333,0.7012442890810179,0.9543696337015461,16,0.9602719732164113,56.49,2,"[524.5999755859375, 600.4000244140625]"
1779197254.2211864,22.322510212,1.2828512693528773,0.903,0.0,0.41158253886026663,0.7039414647978213,1.175556467217433,16,1.0446409165501216,115.67,2,"[524.5999755859375, 600.4000244140625]"
1779197254.271083,22.372407128000003,1.307687907782103,0.903,0.0,0.4108567318548,0.7066349978347056,1.3972897733868876,16,1.1182719943686323,115.67,2,"[485.0, 669.0]"
1779197254.3212574,22.422581240000003,1.312615780554464,0.903,0.0,0.41012796802813334,0.7093395038926913,1.6207784831563856,16,1.184233168247715,121.05,2,"[485.0, 669.0]"
1779197254.371035,22.472358809000003,1.2972583318225834,0.903,0.0,0.40940395751706665,0.7120263699823286,1.8436505205217486,16,1.2333205534600555,150.64,2,"[468.79998779296875, 690.0]"
1779197254.4214833,22.522807207000003,1.261851804669757,0.903,0.0,0.40867230747213334,0.7147415870477782,2.069733094775316,16,1.2670681307935396,158.71,2,"[468.79998779296875, 690.0]"
1779197254.4711363,22.572460205000002,1.2089000786242194,0.903,0.0,0.4079500126356,0.7174220861197358,2.293761912265367,16,1.2793399770966247,164.09,2,"[431.79998779296875, 710.4000244140625]"
1779197254.5210469,22.622370734,1.140203082880309,0.903,0.0,0.4072239461084,0.7201165822643847,2.5198063688192462,16,1.2778059963087391,48.42,2,"[431.79998779296875, 710.4000244140625]"
1779197254.571089,22.672413001000002,1.0592241865370602,0.903,0.0,0.4064965202494666,0.722816123007535,2.7471229944682563,16,1.260932207641997,-8.07,2,"[398.79998779296875, 715.5999755859375]"
1779197254.6210725,22.722396522,0.970355819685501,0.903,0.0,0.4057705640884,0.7255102095738468,2.9748258922327437,16,1.2210487071569704,-5.38,2,"[398.79998779296875, 715.5999755859375]"
1779197254.6711593,22.772483097000002,0.8778087722632454,0.903,0.0,0.4050431761905333,0.7282096094401709,3.203826750729746,16,1.1658253987930873,-5.38,2,"[400.6000061035156, 695.7999877929688]"
1779197254.7210948,22.822418667,0.7867485683577775,0.903,0.0,0.40431718122546667,0.7309038400115079,3.4332347124153415,16,1.0921943209745766,-2.69,2,"[400.6000061035156, 695.7999877929688]"
1779197254.7710803,22.872404210000003,0.7017369942701187,0.903,0.0,0.40359061818146663,0.7336001787732633,3.6636691410099473,16,1.0154952815802945,-2.69,2,"[427.0, 662.2000122070312]"
1779197254.8209484,22.922272284,0.6275134604945352,0.903,0.0,0.40286522954706666,0.7362921591986666,3.894575320774777,16,0.9341942998223555,-8.07,2,"[427.0, 662.2000122070312]"
1779197254.871015,22.972339031,0.5678070133001054,0.903,0.0,0.4021375634376,0.738992591532479,4.127056000540961,16,0.8467573949128739,-69.94,2,"[550.2000122070312, 617.2000122070312]"
1779197254.9210432,23.022367106,0.5262353526423964,0.903,0.0,0.40141064098426665,0.7416902640935856,4.360146888154219,16,0.7562525284276211,-83.39,2,"[550.2000122070312, 617.2000122070312]"
1779197254.971191,23.072514928,0.5051009351189939,0.903,0.0,0.40068259628146663,0.7443921014202449,4.594448046894513,16,0.679553489033339,-139.88,2,"[595.2000122070312, 521.5999755859375]"
1779197255.0213661,23.122689926000003,0.5057996011664305,0.903,0.0,0.39995393664426665,0.7470962208220417,4.829798959440993,16,0.6120583343663708,-153.32999999999998,2,"[595.2000122070312, 521.5999755859375]"
1779197255.0710986,23.172422462,0.5282523681333006,0.903,0.0,0.39923015092026665,0.7497822527072889,5.064416135470836,16,0.5645049299419159,-153.32999999999998,2,"[633.2000122070312, 436.3999938964844]"
1779197255.1211054,23.222429360000003,0.5715616535883494,0.903,0.0,0.3985028942148,0.7524811657071858,5.30100701688923,16,0.5338253141842031,-188.29999999999998,2,"[633.2000122070312, 436.3999938964844]"
1779197255.171149,23.272472738,0.6332977559241038,0.903,0.0,0.3977766526190667,0.7551763115464158,5.53811387293436,16,0.5246214294568893,-174.85,2,"[700.5999755859375, 418.20001220703125]"
1779197255.2209573,23.322281255,0.7100245953824161,0.903,0.0,0.39705166571506667,0.757866801115302,5.7756543795403275,16,0.526155410244775,-43.04,2,"[700.5999755859375, 418.20001220703125]"
1779197255.2712255,23.372549313,0.7982061328881482,0.903,0.0,0.39632198512573336,0.7605747093594213,6.015587005630039,16,0.5537670644267164,-53.8,2,"[651.2000122070312, 411.20001220703125]"
1779197255.3213239,23.422647879000003,0.892145289921577,0.903,0.0,0.3955942100162666,0.7632755462017309,6.255742861490887,16,0.6013204688511713,5.38,2,"[651.2000122070312, 411.20001220703125]"
1779197255.3713398,23.472663896,0.9865735480883018,0.903,0.0,0.39486733951959996,0.7659730259471205,0.21326257625288036,17,0.6688156235181395,2.69,2,"[631.7999877929688, 421.0]"
1779197255.4213383,23.522662215,1.076120512277478,0.903,0.0,0.39414067275119996,0.7686697496391617,0.45474733391105104,17,0.7455146629124216,2.69,2,"[631.7999877929688, 421.0]"
1779197255.4712577,23.572581731000003,1.1554427272757493,0.903,0.0,0.39341521826626663,0.771361974441632,0.6966736039085006,17,0.8314175870340175,2.69,2,"[590.4000244140625, 509.6000061035156]"
1779197255.5212152,23.622539011,1.2200776057646894,0.903,0.0,0.3926886396134666,0.7740583711290041,0.9398217594553344,17,0.9219224535192704,2.69,2,"[590.4000244140625, 509.6000061035156]"
1779197255.5710604,23.672384293,1.265917919801804,0.903,0.0,0.3919632829669333,0.7767502328446472,1.1834051216799608,17,1.009359358428752,61.87,2,"[511.20001220703125, 632.0]"
1779197255.6209466,23.722270564000002,1.2902381463070083,0.903,0.0,0.3912383966190667,0.779440349240961,1.4276736064876232,17,1.0891263593988052,129.12,2,"[511.20001220703125, 632.0]"
1779197255.6711462,23.772469999000002,1.2914278521434908,0.903,0.0,0.39050963894,0.7821448324846674,1.674098715971347,17,1.1596894756415448,134.5,2,"[460.3999938964844, 679.2000122070312]"
1779197255.721307,23.822630945,1.2690773910441675,0.903,0.0,0.38978099719333337,0.7848488854931363,1.9213364358546343,17,1.214912784005428,158.71,2,"[460.3999938964844, 679.2000122070312]"
1779197255.7713346,23.872658587,1.224546323318521,0.903,0.0,0.38905429523973334,0.7875457397605203,2.1687632413566504,17,1.2501943421267976,161.4,2,"[454.79998779296875, 721.4000244140625]"
1779197255.8213255,23.922649221,1.1603746570493645,0.903,0.0,0.3883274950553333,0.7902429585709623,2.4170710043633576,17,1.265534150005654,161.4,2,"[454.79998779296875, 721.4000244140625]"
1779197255.871104,23.972428039,1.0806648649325326,0.903,0.0,0.3876029969364,0.7929316342158781,2.665434429512935,17,1.2624661884298827,161.4,2,"[425.20001220703125, 724.2000122070312]"
1779197255.9212291,24.022553148,0.9896787452872271,0.903,0.0,0.3868756406194666,0.795630916882607,2.9156264759832524,17,1.23178657267217,-2.69,2,"[425.20001220703125, 724.2000122070312]"
1779197255.9711962,24.072520070000003,0.8934043240648372,0.903,0.0,0.38614892663226663,0.7983278158077294,3.1664448883445075,17,1.1826991874598294,-5.38,2,"[411.6000061035156, 689.0]"
1779197256.0209188,24.122242874,0.7981837645025196,0.903,0.0,0.38542537743826666,0.8010129699095376,3.417010949527672,17,1.1152040327928612,-2.69,2,"[411.6000061035156, 689.0]"
1779197256.071195,24.172518944,0.7088803404937266,0.903,0.0,0.38469580246266666,0.8037204862118903,3.6705177426214632,17,1.0354370318228079,-2.69,2,"[449.6000061035156, 654.2000122070312]"
1779197256.121318,24.222641909,0.6321848520245303,0.903,0.0,0.38396745378066666,0.8064234516318465,3.92444956034975,17,0.9464661461254406,-32.28,2,"[449.6000061035156, 654.2000122070312]"
1779197256.1713824,24.272706341000003,0.5730138075069526,0.903,0.0,0.3832400238378666,0.8091230075305818,4.178910049738242,17,0.8559612796401878,-51.11,2,"[487.20001220703125, 637.4000244140625]"
1779197256.2211826,24.322506556,0.5353111937793429,0.903,0.0,0.3825159148489333,0.8118102390801626,4.433050091635074,17,0.7623884515791637,-67.25,2,"[487.20001220703125, 637.4000244140625]"
1779197256.2710876,24.372411737,0.5213172468271754,0.903,0.0,0.3817899320482666,0.8145044245083515,4.6886933907328014,17,0.6856894121848816,-67.25,2,"[571.5999755859375, 533.0]"
1779197256.321109,24.422432992,0.5322494772457234,0.903,0.0,0.38106287567026664,0.817202594075565,4.945562842583463,17,0.6181942575179133,-134.5,2,"[571.5999755859375, 533.0]"
1779197256.3711452,24.472469204000003,0.5675379087243337,0.903,0.0,0.38033642262906664,0.8198985246073449,5.20306583775146,17,0.5721748338813442,-156.02,2,"[648.0, 446.79998779296875]"
1779197256.4209461,24.522270053000003,0.624844341591895,0.903,0.0,0.37961155694759996,0.8225885643088477,5.460849174045798,17,0.5491651220630596,-180.23,2,"[648.0, 446.79998779296875]"
1779197256.4711561,24.572480043000002,0.7009996697273958,0.903,0.0,0.3788827984255999,0.8252930506807533,5.720869003058546,17,0.5491651220630596,-61.87,2,"[653.0, 419.3999938964844]"
1779197256.5212007,24.62252475,0.7905099909838087,0.903,0.0,0.3781557030546666,0.8279913649541397,5.981143623075049,17,0.5629709491540303,5.38,2,"[653.0, 419.3999938964844]"
1779197256.5714755,24.672799419,0.8878282265199363,0.903,0.0,0.37742663686199995,0.8306969931186967,6.242976533026969,17,0.602854449639057,5.38,2,"[686.4000244140625, 414.20001220703125]"
1779197256.6213326,24.722656525,0.9856786497123533,0.903,0.0,0.37670087543306663,0.8333903570170949,0.22128237187894229,18,0.6642136811544826,2.69,2,"[686.4000244140625, 414.20001220703125]"
1779197256.6710925,24.772416427000003,1.0775768032041695,0.903,0.0,0.3759771620269333,0.836076120524438,0.482875945620691,18,0.7393787397608791,2.69,2,"[623.5999755859375, 448.0]"
1779197256.7212436,24.822567361,1.1579651094464967,0.903,0.0,0.3752487440936,0.8387793429421259,0.7470213076259284,18,0.8283496254582462,2.69,2,"[623.5999755859375, 448.0]"
1779197256.7712047,24.872528619,1.2204380716028396,0.903,0.0,0.3745219867389333,0.8414764028076955,1.0114119079784558,18,0.9157865303677277,2.69,2,"[552.2000122070312, 581.0]"
1779197256.8209562,24.922280167,1.2606159124289462,0.903,0.0,0.3737984460614666,0.8441615253039068,1.2754722249381985,18,1.004757416065095,75.32,2,"[552.2000122070312, 581.0]"
1779197256.8711178,24.972441884000002,1.2759172594145827,0.903,0.0,0.37306997811893333,0.8468649333100932,1.5421821814595944,18,1.0875923786109196,121.05,2,"[494.6000061035156, 660.5999755859375]"
1779197256.9210808,25.022404862000002,1.2648392304431288,0.903,0.0,0.37234381067226663,0.8495598039756762,1.8088959070584707,18,1.1596894756415448,137.19,2,"[494.6000061035156, 660.5999755859375]"
1779197256.9713738,25.072697511,1.2278502830682503,0.903,0.0,0.37161377067359996,0.8522690460191467,2.077887065218789,18,1.2118448224296565,150.64,2,"[459.20001220703125, 681.4000244140625]"
1779197257.0213354,25.122659408,1.1678250656765166,0.903,0.0,0.37088745088853325,0.8549644820258053,2.34635386228436,18,1.2425244381873692,161.4,2,"[459.20001220703125, 681.4000244140625]"
1779197257.071284,25.172608,1.0888789682268907,0.903,0.0,0.370161574312,0.85765827324698,2.615502197207576,18,1.2471263805510262,161.4,2,"[431.3999938964844, 755.4000244140625]"
1779197257.121113,25.222436799,0.9966560879529454,0.903,0.0,0.36943626364893334,0.8603499643139716,2.885284738351686,18,1.2302525918842842,53.8,2,"[431.3999938964844, 755.4000244140625]"
1779197257.1712117,25.27253551,0.8974031621062555,0.903,0.0,0.36870865131279995,0.8630501970902587,3.1567728041847403,18,1.1873011298234863,-5.38,2,"[422.0, 694.4000244140625]"
1779197257.2209306,25.322254588,0.7991823697755349,0.903,0.0,0.36798506000119996,0.8657355074941505,3.427600582724338,18,1.1244079175201749,-2.69,2,"[422.0, 694.4000244140625]"
1779197257.2711775,25.372501544000002,0.7080004566474116,0.903,0.0,0.3672559949857333,0.8684411312900154,3.701329876627554,18,1.0446409165501216,-2.69,2,"[481.20001220703125, 677.4000244140625]"
1779197257.3211012,25.422425041,0.6317618719242528,0.903,0.0,0.366530173694,0.8711347173444803,3.974686536859366,18,0.9541360500648688,-8.07,2,"[481.20001220703125, 677.4000244140625]"
1779197257.3713305,25.472654350000003,0.575575410053955,0.903,0.0,0.36580082476986664,0.8738413947501443,4.250225230031845,18,0.8605632220038447,-51.11,2,"[505.6000061035156, 620.5999755859375]"
1779197257.4213161,25.522640124000002,0.5442800349030236,0.903,0.0,0.36507431131359996,0.8765375494875007,4.5255395631231465,18,0.765456413154935,-69.94,2,"[505.6000061035156, 620.5999755859375]"
1779197257.4711483,25.572471941,0.5400853545924966,0.903,0.0,0.3643492218042666,0.879228419833719,4.801157814566565,18,0.6856894121848816,-69.94,2,"[587.0, 527.0]"
1779197257.521065,25.622389119,0.5634014151537242,0.903,0.0,0.3636233141845333,0.8819223262589135,5.077932474642665,18,0.6181942575179133,-134.5,2,"[587.0, 527.0]"
1779197257.5711436,25.672467412000003,0.6126784444794982,0.903,0.0,0.36289657810666665,0.8846193071644244,5.355870372396126,18,0.5783107570328867,-142.57,2,"[628.7999877929688, 449.6000061035156]"
1779197257.6210105,25.722334338000003,0.6840726516608493,0.903,0.0,0.3621713758768,0.8873105958263633,5.634065444231723,18,0.5599029875782591,-150.64,2,"[628.7999877929688, 449.6000061035156]"
1779197257.671078,25.772401909000003,0.7725726368927592,0.903,0.0,0.3614438395790667,0.8900105464175226,5.914005118214817,18,0.5614369683661447,2.69,2,"[646.4000244140625, 418.3999938964844]"
1779197257.7214363,25.822760114,0.8714297316527189,0.903,0.0,0.36071434613546666,0.8927177601475195,6.195551662854683,18,0.5905826033359719,5.38,2,"[646.4000244140625, 418.3999938964844]"
1779197257.771401,25.872724691000002,0.972262017328052,0.903,0.0,0.3599878361672,0.895413901940604,0.19360826921400331,19,0.6458059116998549,2.69,2,"[634.2000122070312, 413.3999938964844]"
1779197257.821446,25.922770023,1.0676277507075063,0.903,0.0,0.35926051041386664,0.8981130711831502,0.4760147224083866,19,0.722504951094137,2.69,2,"[634.2000122070312, 413.3999938964844]"
1779197257.871235,25.972558812000003,1.1496014665309175,0.903,0.0,0.3585352645985333,0.9008045215945533,0.7584574668961821,19,0.8068738944278473,2.69,2,"[592.7999877929688, 490.6000061035156]"
1779197257.9210548,26.022378717000002,1.2118527466495013,0.903,0.0,0.35781058482746664,0.9034938713663634,1.0415223427679265,19,0.9035146840646426,8.07,2,"[592.7999877929688, 490.6000061035156]"
1779197257.9712026,26.072526581,1.2494877705841674,0.903,0.0,0.35708296340799994,0.9061941378516919,1.3265856749452993,19,0.9955535313377811,59.18,2,"[528.7999877929688, 598.0]"
1779197258.0209959,26.122319793000003,1.2590630002134462,0.903,0.0,0.35635791845786663,0.9088848428348366,1.6114830362009158,19,1.0799224746714913,123.74,2,"[528.7999877929688, 598.0]"
1779197258.0712674,26.172591372000003,1.2396393690146459,0.903,0.0,0.35562823725813325,0.9115927533442034,1.899056398172256,19,1.1504855909142309,139.88,2,"[472.20001220703125, 667.5999755859375]"
1779197258.1211336,26.222457498,1.1929430338036782,0.903,0.0,0.3549036406903999,0.9142817943411939,2.1854682454028946,19,1.201106956914457,150.64,2,"[472.20001220703125, 667.5999755859375]"
1779197258.1713529,26.272676804000003,1.1220437784055852,0.903,0.0,0.3541738038968,0.9169902822729568,2.4748060094417426,19,1.2210487071569704,169.47,2,"[436.20001220703125, 700.7999877929688]"
1779197258.2212124,26.322536302000003,1.0336185852935031,0.903,0.0,0.3534488199866666,0.919680760731343,2.7630631693435603,19,1.2210487071569704,37.66,2,"[436.20001220703125, 700.7999877929688]"
1779197258.2712486,26.372572522000002,0.934223543226236,0.903,0.0,0.3527218574794666,0.9223785819358388,3.052954919727746,19,1.1980389953386859,37.66,2,"[426.20001220703125, 701.2000122070312]"
1779197258.3213162,26.422640253,0.8323203354558126,0.903,0.0,0.35199472035426665,0.9250770511629469,3.343764600710422,19,1.1474176293384597,-2.69,2,"[426.20001220703125, 701.2000122070312]"
1779197258.3711941,26.472518232000002,0.7367056354790759,0.903,0.0,0.35126925351599997,0.9277693218097135,3.634750675907874,19,1.0753205323078345,-2.69,2,"[430.0, 675.2000122070312]"
1779197258.420943,26.522266762,0.6553538569609252,0.903,0.0,0.3505450365153333,0.9304569542002479,3.926076937206126,19,0.9894176081862386,-5.38,2,"[430.0, 675.2000122070312]"
1779197258.4712276,26.572551614,0.5946598274840483,0.903,0.0,0.3498152722285333,0.9331651730529585,4.220489109609794,19,0.8958447801252144,-24.21,2,"[484.20001220703125, 627.2000122070312]"
1779197258.5213263,26.62265,0.5606890064187052,0.903,0.0,0.34908728775186665,0.9358667868751893,4.5150335211999035,19,0.7992039904884191,-56.49,2,"[484.20001220703125, 627.2000122070312]"
1779197258.5710752,26.672399015000003,0.5562499619596993,0.903,0.0,0.34836361288813333,0.9385524073483278,4.80867449105002,19,0.7102331047910518,-118.36,2,"[570.5999755859375, 551.0]"
1779197258.6213582,26.722682168000002,0.5818970923077278,0.903,0.0,0.3476339333888,0.9412603115473621,5.105606164224419,19,0.641203969336198,-121.05,2,"[570.5999755859375, 551.0]"
1779197258.6712332,26.772557086000003,0.6352603359844322,0.903,0.0,0.34690878224359994,0.943951410629652,5.40153876491744,19,0.5951845456996288,-121.05,2,"[631.4000244140625, 467.6000061035156]"
1779197258.7210155,26.822339392,0.7117992143739538,0.903,0.0,0.34618426838506666,0.9466401446855948,5.698053478563743,19,0.5767767762450011,-150.64,2,"[631.4000244140625, 467.6000061035156]"
1779197258.7712023,26.872526265,0.805584337110628,0.903,0.0,0.34545512629933334,0.9493460544959346,5.997315324064324,19,0.5783107570328867,-139.88,2,"[651.4000244140625, 434.20001220703125]"
1779197258.8209665,26.922290559,0.9070882049031003,0.903,0.0,0.3447317635389333,0.9520305167264094,0.01185936768159479,20,0.6105243535784852,2.69,2,"[651.4000244140625, 434.20001220703125]"
1779197258.8711982,26.972521872,1.00886872979436,0.903,0.0,0.3440025904245333,0.9547365416868349,0.3128332609658031,20,0.6703496043060252,2.69,2,"[637.7999877929688, 434.79998779296875]"
1779197258.9211347,27.022458571,1.1006239996497107,0.903,0.0,0.34327631021373334,0.9574318308299417,0.613459377517259,20,0.7485826244881929,2.69,2,"[637.7999877929688, 434.79998779296875]"
1779197258.9711902,27.072513987,1.1745481921403582,0.903,0.0,0.34254921623799994,0.9601301399256196,0.9152705296529433,20,0.8436894333371027,2.69,2,"[588.4000244140625, 501.0]"
1779197259.021344,27.122667856000003,1.223828378055169,0.903,0.0,0.34182072986719997,0.9628336163207093,1.2185111033524691,20,0.9357282806102412,67.25,2,"[588.4000244140625, 501.0]"
1779197259.0711575,27.172481299,1.2436729827875996,0.903,0.0,0.34109611819933333,0.9655227133556101,1.520981204415179,20,1.0277671278833795,67.25,2,"[521.5999755859375, 612.5999755859375]"
1779197259.1212163,27.222540257000002,1.2323909079702806,0.903,0.0,0.34036872062226664,0.9682221491422889,1.8254631158406909,20,1.1090681096413186,107.6,2,"[521.5999755859375, 612.5999755859375]"
1779197259.1711667,27.272490406000003,1.1908162808799463,0.903,0.0,0.33964201345119993,0.9709190227721465,2.130503324751402,20,1.1704273411567443,107.6,2,"[459.0, 674.7999877929688]"
1779197259.2209597,27.322283607000003,1.123005091143993,0.903,0.0,0.3389182684059999,0.9736049036948228,2.435140563298006,20,1.205708899278114,166.78,2,"[459.0, 674.7999877929688]"
1779197259.2711637,27.372487608,1.0343459175230085,0.903,0.0,0.3381895570737333,0.9763092149415161,2.7427201758874844,20,1.2118448224296565,61.87,2,"[428.6000061035156, 698.2000122070312]"
1779197259.321319,27.42264301,0.9334750142299219,0.903,0.0,0.3374608201337333,0.9790136212207391,3.051162632010488,20,1.1965050145508,-5.38,2,"[428.6000061035156, 698.2000122070312]"
1779197259.371291,27.472614902,0.8302014479015251,0.903,0.0,0.3367343250330666,0.9817097078388646,3.359503016264256,20,1.1474176293384597,-2.69,2,"[421.79998779296875, 691.0]"
1779197259.421321,27.522644713000002,0.7339688395750179,0.903,0.0,0.3360077475865333,0.9844061000496761,3.668725342491456,20,1.0737865515199487,-2.69,2,"[421.79998779296875, 691.0]"
1779197259.471248,27.572571807000003,0.6540419840131079,0.903,0.0,0.3352820057776,0.9870993911365447,3.978437077202784,20,0.9863496466104673,-2.69,2,"[450.79998779296875, 658.0]"
1779197259.5212073,27.622531271000003,0.5979347341113908,0.903,0.0,0.3345553928988,0.989795914839585,4.289367617881794,20,0.8912428377615575,-16.14,2,"[450.79998779296875, 658.0]"
1779197259.5711496,27.672473557,0.5712360790127023,0.903,0.0,0.3338288732513333,0.9924920925530241,4.60110512105814,20,0.7961360289126478,-32.28,2,"[526.2000122070312, 596.5999755859375]"
1779197259.6209621,27.722285964,0.5765493022332706,0.903,0.0,0.3331048692221333,0.9951789345878894,4.91260421765449,20,0.7102331047910518,-118.36,2,"[526.2000122070312, 596.5999755859375]"
1779197259.6711571,27.772481094000003,0.6136675273978123,0.903,0.0,0.33237617307719997,0.9978831894730655,5.226974012923705,20,0.6442719309119693,-126.42999999999999,2,"[608.4000244140625, 507.6000061035156]"
1779197259.7211556,27.822479658000002,0.6788231511507113,0.903,0.0,0.3316495344017333,0.9994201910902164,5.540939031543132,20,0.6013204688511713,-131.81,2,"[608.4000244140625, 507.6000061035156]"
1779197259.771377,27.872700941,0.7656322016758863,0.903,0.0,0.33092041379626663,0.9967143609950179,5.855123506756172,20,0.5890486225480862,-96.84,2,"[641.7999877929688, 445.6000061035156]"
1779197259.8213317,27.922655705,0.8648065395689695,0.903,0.0,0.3301940907702666,0.9940189129609732,6.167256080874012,20,0.6013204688511713,2.69,2,"[641.7999877929688, 445.6000061035156]"
1779197259.8710985,27.972422353000002,0.966661044480141,0.903,0.0,0.32946989990053327,0.9913313775446092,0.19444563006661753,21,0.6488738732756262,2.69,2,"[631.5999755859375, 434.20001220703125]"
1779197259.9210906,28.022414639,1.062080590141486,0.903,0.0,0.328743050826,0.9886339772986229,0.5051121180149849,21,0.7194369895183657,2.69,2,"[631.5999755859375, 434.20001220703125]"
1779197259.9710765,28.072400283,1.141662062852953,0.903,0.0,0.3280164987982666,0.9859376794191929,0.814804710258791,21,0.7992039904884191,2.69,2,"[591.5999755859375, 479.79998779296875]"
1779197260.02098,28.122303662,1.198022152246829,0.903,0.0,0.32729147272693326,0.98324704449692,1.1230034845432115,21,0.8943107993373288,32.28,2,"[591.5999755859375, 479.79998779296875]"
1779197260.0711308,28.172454546,1.2264126996166789,0.903,0.0,0.32656308288653335,0.9805439263345554,1.4317809281697365,21,0.9848156658225816,59.18,2,"[529.4000244140625, 585.2000122070312]"
1779197260.1213431,28.222666969000002,1.224180232198461,0.903,0.0,0.32583397396586666,0.9778381396026677,1.7400102978474266,21,1.0707185899441776,134.5,2,"[529.4000244140625, 585.2000122070312]"
1779197260.1713386,28.272662540000002,1.192036035214695,0.903,0.0,0.3251073755186667,0.9751416694565526,2.0463313282265077,21,1.1397477253990314,118.36,2,"[474.20001220703125, 658.5999755859375]"
1779197260.2213933,28.322717193000003,1.133372135686877,0.903,0.0,0.32438073299186665,0.972445035727201,2.3518237974555873,21,1.1826991874598294,153.32999999999998,2,"[474.20001220703125, 658.5999755859375]"
1779197260.2712655,28.37258933,1.0540499926596254,0.903,0.0,0.32365512563079996,0.96975224358808,2.6560363335997934,21,1.1980389953386859,153.32999999999998,2,"[437.3999938964844, 697.0]"
1779197260.3212001,28.422524245,0.9614162078452497,0.903,0.0,0.3229288175886666,0.96705685116047,2.959696267273735,21,1.191903072187143,107.6,2,"[437.3999938964844, 697.0]"
1779197260.3711193,28.472443028,0.8641477467841755,0.903,0.0,0.32220260511773335,0.9643618134059107,3.262470101995781,21,1.1550875332778878,-2.69,2,"[432.20001220703125, 688.5999755859375]"
1779197260.4209483,28.522272137,0.771333144827082,0.903,0.0,0.3214783850650666,0.9616741696891381,3.563571748701726,21,1.0921943209745766,-2.69,2,"[432.20001220703125, 688.5999755859375]"
1779197260.4712172,28.572541258,0.690449312628568,0.903,0.0,0.32074899142186664,0.9589673263271213,3.865970795659429,21,1.0108933392166375,-2.69,2,"[447.6000061035156, 665.5999755859375]"
1779197260.5213542,28.622677946000003,0.6293834830368625,0.903,0.0,0.32002051701199996,0.9562638943200974,4.16713731694734,21,0.9219224535192704,-13.45,2,"[447.6000061035156, 665.5999755859375]"
1779197260.5713463,28.672670239000002,0.5932989766614749,0.903,0.0,0.3192940165775999,0.9535677879080229,4.46664094254016,21,0.8298836062461319,-72.63,2,"[516.0, 611.7999877929688]"
1779197260.6211855,28.722509589,0.5848658696154152,0.903,0.0,0.31856909315519993,0.9508775339248855,4.764651295950422,21,0.7439806821245359,-75.32,2,"[516.0, 611.7999877929688]"
1779197260.6711376,28.772461519,0.6044298203709257,0.903,0.0,0.3178427158908,0.9481818846074126,5.062412786507089,21,0.6749515466696822,-75.32,2,"[597.2000122070312, 508.0]"
1779197260.7210796,28.822403475,0.6499483611633257,0.903,0.0,0.31711651840373334,0.945486902459288,5.359254474559556,21,0.6273981422452273,-118.36,2,"[597.2000122070312, 508.0]"
1779197260.771186,28.872509885000003,0.7173574740327644,0.903,0.0,0.3163881340859999,0.9427838047920204,5.65613884466584,21,0.6166602767300278,-112.98,2,"[623.2000122070312, 454.0]"
1779197260.8209481,28.922272006,0.7997699755408005,0.903,0.0,0.3156650286528,0.9401002975252057,5.950032661161664,21,0.6181942575179133,0.0,2,"[623.2000122070312, 454.0]"
1779197260.8709748,28.972298654000003,0.8908429319132893,0.903,0.0,0.31493824419346667,0.9374031370718565,6.244574279507454,21,0.6396699885483124,2.69,2,"[626.7999877929688, 443.0]"
1779197260.9211717,29.022495425000002,0.9825669494709541,0.903,0.0,0.31420914233599995,0.9346973765521193,0.256016866846025,22,0.6872233929727672,2.69,2,"[626.7999877929688, 443.0]"
1779197260.9713578,29.072681742,1.0667382072381226,0.903,0.0,0.31348058489719993,0.9319936364174894,0.5495731482491379,22,0.7516505860639642,2.69,2,"[602.0, 465.6000061035156]"
1779197261.0212803,29.122604337000002,1.1361599810299001,0.903,0.0,0.31275448846039994,0.9292990292757088,0.8412919512288539,22,0.8329515678219032,2.69,2,"[602.0, 465.6000061035156]"
1779197261.071244,29.172567915000002,1.1854795522642885,0.903,0.0,0.3120285895606666,0.9266051552111941,1.1320859797668135,22,0.9188544919434991,2.69,2,"[552.5999755859375, 554.2000122070312]"
1779197261.1211016,29.222425545,1.2108591627429701,0.903,0.0,0.31130299554119994,0.923912412583913,1.4219131723978222,22,1.0032234352772094,69.94,2,"[552.5999755859375, 554.2000122070312]"
1779197261.171007,29.272330785,1.210538168798123,0.903,0.0,0.3105776082729333,0.9212204372283495,1.7108135614817996,22,1.0753205323078345,64.56,2,"[492.6000061035156, 636.0]"
1779197261.220963,29.322286912000003,1.1848621065000233,0.903,0.0,0.30985161769693326,0.9185262229452213,1.9991086053930331,22,1.1351457830353744,121.05,2,"[492.6000061035156, 636.0]"
1779197261.271199,29.372522953,1.135997292168018,0.903,0.0,0.30912232713866666,0.915819762140374,2.2878607613835555,22,1.1719613219446299,134.5,2,"[455.6000061035156, 678.0]"
1779197261.3213272,29.422651263000002,1.0684482116421987,0.903,0.0,0.3083941316234666,0.913117365135758,2.575328581498397,22,1.1857671490356005,137.19,2,"[455.6000061035156, 678.0]"
1779197261.3710291,29.472352915000002,0.9884805643159467,0.903,0.0,0.30767074901053326,0.9104328292308022,2.8600568645543234,22,1.1811652066719438,0.0,2,"[435.6000061035156, 683.7999877929688]"
1779197261.421326,29.522649826000002,0.9014862817325484,0.903,0.0,0.3069407758506666,0.907723835231942,3.1465243033491817,22,1.1489516101263453,-2.69,2,"[435.6000061035156, 683.7999877929688]"
1779197261.4712057,29.572529717000002,0.8158452190421807,0.903,0.0,0.30621576381853327,0.9050332524103637,3.4302014722928362,22,1.0952622825503477,-2.69,2,"[433.0, 671.0]"
1779197261.521228,29.62255216,0.737564282773366,0.903,0.0,0.30548861586599996,0.9023347430020779,3.713866044629654,22,1.0246991663076084,-2.69,2,"[433.0, 671.0]"
1779197261.5711591,29.672483078000003,0.67306448249338,0.903,0.0,0.3047620740261333,0.899638482930709,3.9964472593748184,22,0.9495341077012119,-8.07,2,"[464.0, 635.4000244140625]"
1779197261.6209548,29.722278763000002,0.6273164644159688,0.903,0.0,0.3040383848034666,0.8969528091703177,4.2770787048632,22,0.8713010875190442,-43.04,2,"[464.0, 635.4000244140625]"
1779197261.6712253,29.772549113,0.6032477874469235,0.903,0.0,0.3033089196998666,0.8942457006125303,4.559096176963337,22,0.7900001057611052,-48.42,2,"[526.2000122070312, 586.5999755859375]"
1779197261.7213562,29.822680142000003,0.6028742514635034,0.903,0.0,0.30258050928026664,0.8915425060789615,4.839854627693043,22,0.7194369895183657,-123.74,2,"[526.2000122070312, 586.5999755859375]"
1779197261.7713242,29.872648205,0.6257464155912782,0.903,0.0,0.30185431753386666,0.8888475452349509,5.1189118196272005,22,0.6642136811544826,-134.5,2,"[603.2000122070312, 503.3999938964844]"
1779197261.8213537,29.922677418000003,0.6698028032031175,0.903,0.0,0.30112740715773334,0.8861499174933857,5.397397393883253,22,0.6289321230331129,-126.42999999999999,2,"[603.2000122070312, 503.3999938964844]"
1779197261.8711119,29.972435795000003,0.7311213898082444,0.903,0.0,0.30040308867079996,0.8834619084784731,5.674048259141173,22,0.6166602767300278,-126.42999999999999,2,"[629.7999877929688, 459.6000061035156]"
1779197261.9210417,30.022365601,0.8048851564358261,0.903,0.0,0.3003225995682667,0.880768816194047,5.950377375638013,22,0.6212622190936846,-94.14999999999999,2,"[629.7999877929688, 459.6000061035156]"
1779197261.9711268,30.072450706,0.885992236169755,0.903,0.0,0.30105039878853335,0.8780678898744579,6.226660472562358,22,0.6488738732756262,2.69,2,"[625.2000122070312, 444.3999938964844]"
1779197262.0210047,30.122328510000003,0.9682064280779661,0.903,0.0,0.3017752438617334,0.8753779266520283,0.21779386696055525,23,0.6979612584879668,2.69,2,"[625.2000122070312, 444.3999938964844]"
1779197262.0711355,30.172459418000003,1.0460402730343612,0.903,0.0,0.30250343500240007,0.8726755458816867,0.49252813374499027,23,0.7593204900033924,2.69,2,"[610.2000122070312, 470.3999938964844]"
1779197262.1211073,30.222431323000002,1.113148546253129,0.903,0.0,0.3032296999968,0.8699803132079662,0.7656894336701825,23,0.8360195293976744,10.76,2,"[610.2000122070312, 470.3999938964844]"
1779197262.171289,30.272612795,1.1649699996937808,0.903,0.0,0.30395843676240003,0.8672759075759566,1.038928376675635,23,0.9096506072161852,43.04,2,"[552.2000122070312, 550.2000122070312]"
1779197262.221161,30.322484649000003,1.1973864377340218,0.903,0.0,0.3046838317188,0.8645839036890606,1.3100700745757123,23,0.9878836273983529,48.42,2,"[552.2000122070312, 550.2000122070312]"
1779197262.2713394,30.372663340000003,1.2083948523335588,0.903,0.0,0.3054119272010667,0.8618818779153762,1.5813706528047007,23,1.0584467436410925,48.42,2,"[499.6000061035156, 621.0]"
1779197262.3211775,30.422501407000002,1.1972075698943285,0.903,0.0,0.30613749677546664,0.8591892260058674,1.8508853910257628,23,1.1152040327928612,107.6,2,"[499.6000061035156, 621.0]"
1779197262.3710504,30.472374188000003,1.1648327280314206,0.903,0.0,0.3068626263677333,0.8564982069083913,2.1193930763785644,23,1.158155494853659,118.36,2,"[455.0, 663.5999755859375]"
1779197262.4209843,30.522308012000003,1.1136134571521552,0.903,0.0,0.3075885980649334,0.8538040626861346,2.3873670032280003,23,1.1780972450961724,161.4,2,"[455.0, 663.5999755859375]"
1779197262.4711678,30.572491777000003,1.0470513982731398,0.903,0.0,0.3083171747022667,0.8511002513040749,2.6554508172229916,23,1.179631225884058,43.04,2,"[437.20001220703125, 681.7999877929688]"
1779197262.5213718,30.622695686,0.9700630135838759,0.903,0.0,0.30904621506920005,0.8483947189810647,2.922852518577251,23,1.1642914180052018,-5.38,2,"[437.20001220703125, 681.7999877929688]"
1779197262.571212,30.672536127,0.8886749243358266,0.903,0.0,0.30977100731373336,0.84570495181042,3.187853233105578,23,1.1259418983080607,-2.69,2,"[428.6000061035156, 684.7999877929688]"
1779197262.6213553,30.722679229,0.8077620797572386,0.903,0.0,0.3104994652282667,0.8430015810190152,3.4533428183986743,23,1.0737865515199487,-2.69,2,"[428.6000061035156, 684.7999877929688]"
1779197262.6711812,30.772505050000003,0.7337368057760196,0.903,0.0,0.31122418070773333,0.8403120987302215,3.7166258002611343,23,1.0062913968529805,-2.69,2,"[448.3999938964844, 656.4000244140625]"
1779197262.721074,30.822398054,0.6711435702871824,0.903,0.0,0.31195011349920004,0.8376180988905313,3.979505530970151,23,0.9326603190344698,-2.69,2,"[448.3999938964844, 656.4000244140625]"
1779197262.7710338,30.872357744000002,0.6243443004523868,0.903,0.0,0.31267612344813334,0.8349238127127595,4.241567532457786,23,0.859029241215959,-13.45,2,"[507.0, 611.2000122070312]"
1779197262.8209987,30.922322636,0.5964633827719585,0.903,0.0,0.3134018817524,0.8322304604102715,4.502693615913948,23,0.7807962210337913,-56.49,2,"[507.0, 611.2000122070312]"
1779197262.8711367,30.972460642,0.5892846337374921,0.903,0.0,0.31412985195733334,0.8295288995516867,4.76376529302285,23,0.7163690279425944,-123.74,2,"[580.2000122070312, 538.4000244140625]"
1779197262.9211774,31.02250129,0.6032885972986631,0.903,0.0,0.31485735628173334,0.8268290676163531,5.023820736628458,23,0.6642136811544826,-131.81,2,"[580.2000122070312, 538.4000244140625]"
1779197262.9712925,31.072616423000003,0.6374657879148338,0.903,0.0,0.31558566912453334,0.8241262351987908,5.283314151737947,23,0.624330180669456,-102.22,2,"[635.2000122070312, 469.6000061035156]"
1779197263.0213578,31.122681651,0.6893288404593039,0.903,0.0,0.3163127902485333,0.8214278253535301,5.541534704096442,23,0.6151262959421421,-142.57,2,"[635.2000122070312, 469.6000061035156]"
1779197263.0710664,31.172390396,0.7550208489329204,0.903,0.0,0.3170361043222667,0.8187435438035171,5.797563867763266,23,0.6166602767300278,-142.57,2,"[626.2000122070312, 447.3999938964844]"
1779197263.1210577,31.222381681,0.8308463278804616,0.903,0.0,0.31776330408613335,0.8160448421188592,6.054119992590749,23,0.6320000846088841,-40.35,2,"[626.2000122070312, 447.3999938964844]"
1779197263.17111,31.272433902000003,0.9114403814109812,0.903,0.0,0.31849011001120003,0.8133476020043031,0.026504338522414628,24,0.6657476619423682,5.38,2,"[618.2000122070312, 442.20001220703125]"
1779197263.220951,31.322275131,0.9913838889705228,0.903,0.0,0.3192149635864,0.8106576072302107,0.2805445008756067,24,0.7163690279425944,2.69,2,"[618.2000122070312, 442.20001220703125]"
1779197263.2711575,31.372481442,1.0661571737579962,0.903,0.0,0.3199438144532,0.8079527781587064,0.5351332967738074,24,0.7807962210337913,2.69,2,"[586.4000244140625, 482.6000061035156]"
1779197263.3211594,31.422483256000003,1.1303553269533089,0.903,0.0,0.3206703869584,0.8052564042856136,0.7880792761820032,24,0.859029241215959,2.69,2,"[586.4000244140625, 482.6000061035156]"
1779197263.3711808,31.472504657,1.1802267826086061,0.903,0.0,0.321397374274,0.8025584910149839,1.040321717533999,24,0.9326603190344698,56.49,2,"[545.4000244140625, 564.4000244140625]"
1779197263.4213436,31.522667483000003,1.2127090557298525,0.903,0.0,0.3221258824012,0.7998549338799981,1.292240334287868,24,1.0078253776408663,72.63,2,"[545.4000244140625, 564.4000244140625]"
1779197263.471127,31.572451005,1.22571452444142,0.903,0.0,0.32285005796733335,0.7971674552566269,1.5418193464525132,24,1.0737865515199487,72.63,2,"[489.6000061035156, 634.2000122070312]"
1779197263.5211337,31.622457488000002,1.2187342119599838,0.903,0.0,0.32357672966253337,0.7944707132808015,1.7914114092511682,24,1.1336118022474888,112.98,2,"[489.6000061035156, 634.2000122070312]"
1779197263.5710163,31.672340299000002,1.1922751244942151,0.903,0.0,0.3243025354326667,0.7917771848283468,2.0398608558088256,24,1.1734953027325155,131.81,2,"[453.0, 678.5999755859375]"
1779197263.6209934,31.722317202000003,1.1480478618584424,0.903,0.0,0.3250286598752,0.7890824737548495,2.2875734498623217,24,1.1949710337629145,177.54,2,"[453.0, 678.5999755859375]"
1779197263.6711354,31.772459338,1.0886691014476486,0.903,0.0,0.3257568285618667,0.7863801763132584,2.535132717840156,24,1.1995729761265714,91.46,2,"[442.6000061035156, 684.4000244140625]"
1779197263.7212343,31.822558188000002,1.0179611546874752,0.903,0.0,0.32648475532666665,0.7836787766647934,2.7817595970017237,24,1.1903690913992575,-2.69,2,"[442.6000061035156, 684.4000244140625]"
1779197263.7713206,31.872644485000002,0.9402627540041004,0.903,0.0,0.32721247211386667,0.7809781562614971,3.027465683228371,24,1.158155494853659,-2.69,2,"[429.0, 684.0]"
1779197263.8212805,31.922604311,0.860424680910557,0.903,0.0,0.32793859378053336,0.778283455489483,3.271787263127038,24,1.1090681096413186,-2.69,2,"[429.0, 684.0]"
1779197263.8711045,31.97242827,0.783150189908794,0.903,0.0,0.32866350441360004,0.7755932489686759,3.5148582499012946,24,1.0507768397016641,-2.69,2,"[437.79998779296875, 658.4000244140625]"
1779197263.9210582,32.022382087000004,0.7126837423791,0.903,0.0,0.32938996935760007,0.7728972742645678,3.7576036849378625,24,0.9802137234589247,-2.69,2,"[437.79998779296875, 658.4000244140625]"
1779197263.9710467,32.072370685,0.653286777137728,0.903,0.0,0.330116264218,0.7702019307555192,3.999445953321299,24,0.9065826456404139,-24.21,2,"[476.6000061035156, 623.2000122070312]"
1779197264.020966,32.122289896000005,0.608373146884619,0.903,0.0,0.3308415799677334,0.767510220811464,4.240118143068514,24,0.8329515678219032,-75.32,2,"[476.6000061035156, 623.2000122070312]"
1779197264.071228,32.172552038,0.5802337944371148,0.903,0.0,0.3315713571601333,0.7648019540649476,4.481416246822022,24,0.7593204900033924,-94.14999999999999,2,"[547.0, 566.2000122070312]"
1779197264.1214147,32.222738702,0.5707137554817849,0.903,0.0,0.33229986881893336,0.7620983838238864,4.721444398488444,24,0.6964272777000811,-129.12,2,"[547.0, 566.2000122070312]"
1779197264.1712778,32.272601567,0.5800985465227528,0.903,0.0,0.3330252356969333,0.7594064841383792,4.959592243297294,24,0.6442719309119693,-139.88,2,"[608.5999755859375, 492.20001220703125]"
1779197264.2211874,32.322511466,0.6076710168734216,0.903,0.0,0.3337507732398666,0.7567139511004342,5.196951549900291,24,0.607456392002714,-131.81,2,"[608.5999755859375, 492.20001220703125]"
1779197264.2711873,32.372511283,0.6518739743008508,0.903,0.0,0.3344776832526667,0.7540163247072305,5.433912091320138,24,0.5936505649117432,-131.81,2,"[632.2000122070312, 451.0]"
1779197264.3210912,32.422415203,0.710016958125869,0.903,0.0,0.33520359636600006,0.7513223978948076,5.669702215706934,24,0.5936505649117432,-139.88,2,"[632.2000122070312, 451.0]"
1779197264.3710518,32.472375809,0.7788877380226453,0.903,0.0,0.3359298561574666,0.7486271845296261,5.904758695468445,24,0.602854449639057,-40.35,2,"[632.4000244140625, 437.3999938964844]"
1779197264.4209516,32.522275605000004,0.8544886835583796,0.903,0.0,0.33665491758840005,0.7459364183847965,6.138583859971618,24,0.6335340653967698,5.38,2,"[632.4000244140625, 437.3999938964844]"
1779197264.4711795,32.572503264000005,0.9332280861728295,0.903,0.0,0.3373841504202667,0.7432301718076492,0.08971575815534294,25,0.679553489033339,2.69,2,"[628.7999877929688, 439.6000061035156]"
1779197264.5212922,32.622616127,1.0102668651636688,0.903,0.0,0.3381122885869333,0.7405279876284374,0.3228305902768014,25,0.7378447589729934,2.69,2,"[628.7999877929688, 439.6000061035156]"
1779197264.57134,32.672664098,1.0814595001277774,0.903,0.0,0.3388391505089334,0.7378305397043826,0.5546891742556355,25,0.8068738944278473,2.69,2,"[592.2000122070312, 491.79998779296875]"
1779197264.6211836,32.722507395,1.1430313440341766,0.903,0.0,0.33956405030013337,0.7351403734186874,0.7850787807789246,25,0.8820389530342436,10.76,2,"[592.2000122070312, 491.79998779296875]"
1779197264.6711042,32.772427929,1.1920747534944456,0.903,0.0,0.34029022296426664,0.7324454833906313,1.015026886091455,25,0.9541360500648688,10.76,2,"[532.0, 576.7999877929688]"
1779197264.7210636,32.822387496000005,1.225994920974836,0.903,0.0,0.3410167492389333,0.7297492810830757,1.2442400915841247,25,1.026233147095494,29.59,2,"[532.0, 576.7999877929688]"
1779197264.771053,32.872377094,1.2430975724228155,0.903,0.0,0.3417433095652,0.7270529524070656,1.472617087408345,25,1.0906603401866908,110.28999999999999,2,"[478.79998779296875, 645.7999877929688]"
1779197264.820957,32.922281005,1.2426281851820051,0.903,0.0,0.3424683531492,0.7243622524937607,1.699673911068949,25,1.1428156869748027,145.26,2,"[478.79998779296875, 645.7999877929688]"
1779197264.871133,32.972456857000005,1.2246560402204771,0.903,0.0,0.3431969096578667,0.7216585158109367,1.926979239780998,25,1.184233168247715,169.47,2,"[441.6000061035156, 673.7999877929688]"
1779197264.9212792,33.022602895,1.1901893808095179,0.903,0.0,0.34392535322800005,0.71895519825285,2.1533979833709864,25,1.2087768608538851,166.78,2,"[441.6000061035156, 673.7999877929688]"
1779197264.97111,33.072433881,1.141377726852457,0.903,0.0,0.3446500824124,0.7162656651038546,2.377819512710211,25,1.217980745581199,161.4,2,"[428.79998779296875, 701.4000244140625]"
1779197265.0214126,33.122736516,1.0801400618212071,0.903,0.0,0.34538019039800005,0.7135561707549508,2.6030514117635235,25,1.217980745581199,43.04,2,"[428.79998779296875, 701.4000244140625]"
1779197265.0712588,33.172582648,1.0104989079849545,0.903,0.0,0.3461048902541334,0.7108667464457082,2.8257723296690145,25,1.1965050145508,43.04,2,"[419.0, 698.5999755859375]"
1779197265.1214075,33.222731639,0.9353013548841452,0.903,0.0,0.3468318007465333,0.7081691182726675,3.0483248698466596,25,1.1566215140657734,-5.38,2,"[419.0, 698.5999755859375]"
1779197265.1711082,33.272432242,0.8587516985602781,0.903,0.0,0.3475561510905334,0.7054809910334044,3.269251781120893,25,1.1044661672776617,-2.69,2,"[437.20001220703125, 667.7999877929688]"
1779197265.2209601,33.322283955,0.7841973216972954,0.903,0.0,0.3482816716876,0.7027885208830474,3.4896910892906376,25,1.0461748973380072,-2.69,2,"[437.20001220703125, 667.7999877929688]"
1779197265.2710116,33.372335639,0.715173400089512,0.903,0.0,0.3490090908612,0.7000890049497517,3.7098582972657894,25,0.9771457618831534,-8.07,2,"[470.0, 634.7999877929688]"
1779197265.3210065,33.422330482,0.6552176788945698,0.903,0.0,0.3497357258452001,0.6973923992123882,3.928941028645717,25,0.9035146840646426,-21.52,2,"[470.0, 634.7999877929688]"
1779197265.3710442,33.47236805,0.6070199435830219,0.903,0.0,0.35046277127959996,0.694694270257828,4.147299428076003,25,0.8283496254582462,-72.63,2,"[518.7999877929688, 596.0]"
1779197265.421245,33.522568948,0.5727525350324209,0.903,0.0,0.35119142447853335,0.6919901747489996,4.36528885910753,25,0.7562525284276211,-72.63,2,"[518.7999877929688, 596.0]"
1779197265.4710085,33.572332451,0.5541111928797686,0.903,0.0,0.3519157313097333,0.6893022089895291,4.581136290706048,25,0.6948932969121955,-72.63,2,"[582.2000122070312, 523.2000122070312]"
1779197265.5211012,33.622425181000004,0.5516235563760552,0.903,0.0,0.35264357370853333,0.6866011224306406,4.797187396614085,25,0.6427379501240836,-134.5,2,"[582.2000122070312, 523.2000122070312]"
1779197265.5711129,33.672436754,0.5653902071055728,0.903,0.0,0.35337070641560003,0.6839026695996099,5.012179551567961,25,0.602854449639057,-147.95,2,"[620.0, 466.0]"
1779197265.6209552,33.722279141,0.5945032695525998,0.903,0.0,0.35409500207066663,0.6812147453157441,5.2254911910876345,25,0.5767767762450011,-166.78,2,"[620.0, 466.0]"
1779197265.6710105,33.772334447,0.6377663467655594,0.903,0.0,0.35482243688213333,0.6785151713489628,5.438878347958429,25,0.5675728915176872,-182.92,2,"[637.2000122070312, 441.6000061035156]"
1779197265.7211113,33.822435216,0.6930670347242385,0.903,0.0,0.3555504170278667,0.6758135735992027,5.651575208173178,25,0.5675728915176872,-53.8,2,"[637.2000122070312, 441.6000061035156]"
1779197265.771216,33.872539884000005,0.7577400278514836,0.903,0.0,0.3562777509634667,0.673114373991552,5.86323450536748,25,0.5859806609723149,5.38,2,"[636.2000122070312, 424.0]"
1779197265.821033,33.922356993,0.8286234635272605,0.903,0.0,0.35700254499559997,0.6704246001869681,6.073311833031035,25,0.619728238305799,5.38,2,"[636.2000122070312, 424.0]"
1779197265.8710527,33.972376496,0.9029887106066384,0.903,0.0,0.35772945170933335,0.6677269860368882,6.283153748711847,25,0.6657476619423682,5.38,2,"[627.2000122070312, 433.6000061035156]"
1779197265.9211473,34.022471045,0.9774558958110648,0.903,0.0,0.35845731111213336,0.6650258363746744,0.20923539345388065,26,0.722504951094137,2.69,2,"[627.2000122070312, 433.6000061035156]"
1779197265.9710426,34.072366604,1.0484407456477731,0.903,0.0,0.3591825079501334,0.6623345677224225,0.4168930542060849,26,0.7838641826095626,2.69,2,"[591.5999755859375, 493.20001220703125]"
1779197266.0209765,34.122300356000004,1.1132667101018325,0.903,0.0,0.3599084621346667,0.6596404884911979,0.6239220384722302,26,0.8528933180644165,2.69,2,"[591.5999755859375, 493.20001220703125]"
1779197266.0711522,34.172476221000004,1.1693218691671985,0.903,0.0,0.3606369003129334,0.6569371909427982,0.8308080763953143,26,0.9203884727313847,48.42,2,"[548.0, 567.0]"
1779197266.1210654,34.222389298,1.213929555183923,0.903,0.0,0.3613627892573334,0.6542433538233928,1.036124710184751,26,0.9924855697620099,75.32,2,"[548.0, 567.0]"
1779197266.1710296,34.272353638000006,1.245544737175539,0.903,0.0,0.36208918104053334,0.6515476506253886,1.2407370114200518,26,1.0584467436410925,118.36,2,"[507.79998779296875, 616.7999877929688]"
1779197266.2213526,34.322676543,1.2629747546490877,0.903,0.0,0.3628191330544,0.6488387351011768,1.445497291000848,26,1.1167380135807468,137.19,2,"[507.79998779296875, 616.7999877929688]"
1779197266.2712696,34.372593393,1.2654563761167745,0.903,0.0,0.36354474268266673,0.6461459345482788,1.64819474176538,26,1.1688933603688585,137.19,2,"[451.0, 671.5999755859375]"
1779197266.3212428,34.422566736,1.2531350316704668,0.903,0.0,0.3642712553686667,0.6434497826694493,1.85029761810803,26,1.2072428800659996,158.71,2,"[451.0, 671.5999755859375]"
