t_ros_sec,t_rel_sec,tail_target_rad,tail_bias_rad,tail_bias_offset_rad,tail_amp_rad,tail_freq_hz,phase_rad,cycle_idx,present_position_rad,present_current_ma,sensor_len,sensor_values
1779196381.3226593,0.024836925000000003,0.9166376969718725,0.903,0.0,0.30035020839626664,0.3,0.04542160148821747,0,1.2363885150358267,61.87,2,"[426.3999938964844, 710.0]"
1779196381.37116,0.07333767000000001,0.9443466160937364,0.903,0.0,0.3010622397492,0.3,0.13777119877036725,0,1.2164467647933135,61.87,2,"[422.6000061035156, 689.0]"
1779196381.421172,0.12334966400000001,0.9724231634724092,0.903,0.0,0.30178966201839996,0.3,0.23211697910425272,0,1.1535535524900022,-2.69,2,"[422.6000061035156, 689.0]"
1779196381.4711366,0.173314283,0.9999655887580863,0.903,0.0,0.30251575002586667,0.3,0.32628970732008933,0,1.055378782065321,-2.69,2,"[431.6000061035156, 675.0]"
1779196381.5211067,0.22328467100000002,1.026809054143567,0.903,0.0,0.3032426916341333,0.3,0.4205731465176755,0,0.9863496466104673,-5.38,2,"[431.6000061035156, 675.0]"
1779196381.5711315,0.27330929800000003,1.0526810742341108,0.903,0.0,0.3039697302814667,0.3,0.5148691715637506,0,0.9633399347921826,-5.38,2,"[474.0, 636.5999755859375]"
1779196381.6211412,0.323318895,1.0773170690630942,0.903,0.0,0.3046960034872,0.3,0.609065919768698,0,0.9694758579437253,40.35,2,"[474.0, 636.5999755859375]"
1779196381.671435,0.373612904,1.1006035702560708,0.903,0.0,0.3054249998472,0.3,0.703615857757814,0,0.9909515889741242,51.11,2,"[505.79998779296875, 613.4000244140625]"
1779196381.7214234,0.423601361,1.12221891995346,0.903,0.0,0.30615361251266665,0.3,0.7981160310343416,0,1.01702926236818,86.08,2,"[505.79998779296875, 613.4000244140625]"
1779196381.77096,0.47313768,1.1417675297163667,0.903,0.0,0.3068742106988,0.3,0.8915767361247979,0,1.0461748973380072,107.6,2,"[488.6000061035156, 618.0]"
1779196381.8210576,0.5232355120000001,1.159477845168794,0.903,0.0,0.30760186105413334,0.3,0.9859520989517466,0,1.0707185899441776,121.05,2,"[488.6000061035156, 618.0]"
1779196381.8713555,0.573533257,1.1750099694434772,0.903,0.0,0.30833097096306666,0.3,1.0805167640989042,0,1.0937283017624622,129.12,2,"[466.3999938964844, 636.5999755859375]"
1779196381.921372,0.6235498620000001,1.1881437979680016,0.903,0.0,0.30905809659239997,0.3,1.1748240706041981,0,1.1152040327928612,131.81,2,"[466.3999938964844, 636.5999755859375]"
1779196381.9712732,0.6734509390000001,1.1987835274396255,0.903,0.0,0.30978423216746664,0.3,1.269002968279688,0,1.1366797638232602,131.81,2,"[453.0, 651.4000244140625]"
1779196382.0212624,0.723440313,1.2068422056637726,0.903,0.0,0.3105103588481333,0.3,1.3631807123623552,0,1.1520195717021164,145.26,2,"[453.0, 651.4000244140625]"
1779196382.0710952,0.7732729490000001,1.2122328724437064,0.903,0.0,0.3112359031490667,0.3,1.4572829225045336,0,1.1658253987930873,150.64,2,"[439.79998779296875, 662.4000244140625]"
1779196382.1211061,0.8232837810000001,1.214905405597719,0.903,0.0,0.3119629795976,0.3,1.5515838503201038,0,1.1765632643082868,169.47,2,"[439.79998779296875, 662.4000244140625]"
1779196382.171089,0.873266764,1.214811370019009,0.903,0.0,0.31268887284386665,0.3,1.64573131824605,0,1.184233168247715,185.60999999999999,2,"[442.0, 659.0]"
1779196382.2210534,0.923231188,1.2119445658515806,0.903,0.0,0.3134148984888,0.3,1.7398959581174407,0,1.1903690913992575,193.68,2,"[442.0, 659.0]"
1779196382.2714505,0.973628314,1.2062768158701154,0.903,0.0,0.3141451308216,0.3,1.834606200269936,0,1.1949710337629145,185.60999999999999,2,"[436.20001220703125, 669.5999755859375]"
1779196382.3214762,1.0236540760000001,1.197896672978723,0.903,0.0,0.31487222611986665,0.3,1.928909572872909,0,1.1949710337629145,180.23,2,"[436.20001220703125, 669.5999755859375]"
1779196382.3714476,1.0736253660000001,1.1868638925977344,0.903,0.0,0.31559838163466664,0.3,2.023091056707471,0,1.1965050145508,180.23,2,"[429.79998779296875, 661.0]"
1779196382.4214556,1.123633434,1.1732431087362662,0.903,0.0,0.3163251360972,0.3,2.117350223331897,0,1.1949710337629145,131.81,2,"[429.79998779296875, 661.0]"
1779196382.4712317,1.173409272,1.1571976724350725,0.903,0.0,0.31704996750906667,0.3,2.211359972632369,0,1.191903072187143,75.32,2,"[427.20001220703125, 671.4000244140625]"
1779196382.5214777,1.2236554160000002,1.1386722399948446,0.903,0.0,0.31778051615986663,0.3,2.3061112408433275,0,1.1826991874598294,43.04,2,"[427.20001220703125, 671.4000244140625]"
1779196382.571273,1.273450964,1.1181682805180684,0.903,0.0,0.3185033982157333,0.3,2.399868161050224,0,1.1719613219446299,-5.38,2,"[428.0, 660.7999877929688]"
1779196382.6213708,1.323548597,1.095521705722946,0.903,0.0,0.3192309939548,0.3,2.4942364402140575,0,1.1550875332778878,-5.38,2,"[428.0, 660.7999877929688]"
1779196382.6711912,1.373369046,1.071133162466737,0.903,0.0,0.31995627213586664,0.3,2.588304134934388,0,1.1397477253990314,-5.38,2,"[435.20001220703125, 659.5999755859375]"
1779196382.7214327,1.4236105060000002,1.045025706474941,0.903,0.0,0.3206847075092,0.3,2.682781313637647,0,1.1198059751565181,-2.69,2,"[435.20001220703125, 659.5999755859375]"
1779196382.771331,1.473508888,1.0175989192245685,0.903,0.0,0.32141131191506667,0.3,2.7770210180955837,0,1.0983302441261191,-2.69,2,"[437.20001220703125, 665.7999877929688]"
1779196382.8212137,1.523391696,0.9890730516375243,0.903,0.0,0.32213677385559997,0.3,2.8711125461944214,0,1.0737865515199487,-2.69,2,"[437.20001220703125, 665.7999877929688]"
1779196382.8713608,1.573538542,0.9595710482527453,0.903,0.0,0.3228642652889333,0.3,2.96546729703197,0,1.0507768397016641,-2.69,2,"[462.6000061035156, 641.4000244140625]"
1779196382.9218295,1.6240072470000002,0.9291458324071957,0.903,0.0,0.3235985826946667,0.3,3.0607073681571744,0,1.0246991663076084,-2.69,2,"[462.6000061035156, 641.4000244140625]"
1779196382.9712806,1.6734581620000002,0.8990134841044157,0.903,0.0,0.3243169983229333,0.3,3.1538849981566233,0,0.9986214929135524,-2.69,2,"[465.79998779296875, 618.2000122070312]"
1779196383.0211127,1.723290537,0.8684903866111902,0.903,0.0,0.3250423538068,0.3,3.2479627189557485,0,0.9694758579437253,-2.69,2,"[465.79998779296875, 618.2000122070312]"
1779196383.0713327,1.773510554,0.8380066122682536,0.903,0.0,0.32577084304066667,0.3,3.342446883304432,0,0.940330222973898,-2.69,2,"[491.79998779296875, 607.7999877929688]"
1779196383.1211898,1.823367503,0.8080906053594662,0.903,0.0,0.32649632588013333,0.3,3.4365411219694115,0,0.9127185687919565,-2.69,2,"[491.79998779296875, 607.7999877929688]"
1779196383.1711586,1.873336536,0.7788464154430845,0.903,0.0,0.3272227526886667,0.3,3.5307577922700126,0,0.8835729338221293,-2.69,2,"[530.2000122070312, 591.7999877929688]"
1779196383.221217,1.9233947610000002,0.750569166062324,0.903,0.0,0.32794938587053335,0.3,3.625001228940022,0,0.8513593372765309,-24.21,2,"[530.2000122070312, 591.7999877929688]"
1779196383.2714088,1.9735866030000002,0.7234542880347924,0.903,0.0,0.32867793332493334,0.3,3.719492944420808,0,0.8237476830945893,-18.83,2,"[543.0, 572.4000244140625]"
1779196383.3211946,2.023372397,0.6979519288421878,0.903,0.0,0.32940278777213333,0.3,3.8135056813758936,0,0.7961360289126478,-51.11,2,"[543.0, 572.4000244140625]"
1779196383.3711984,2.0733760180000003,0.6741060724547722,0.903,0.0,0.33012916199906667,0.3,3.907715531907162,0,0.7685243747307062,-78.01,2,"[564.4000244140625, 544.5999755859375]"
1779196383.421105,2.1232826890000003,0.6521900013786399,0.903,0.0,0.3308555981961333,0.3,4.001933419889076,0,0.7439806821245359,-91.46,2,"[564.4000244140625, 544.5999755859375]"
1779196383.471183,2.1733607260000003,0.6323901592243972,0.903,0.0,0.33158279110026667,0.3,4.096249451853806,0,0.7163690279425944,-118.36,2,"[581.0, 520.7999877929688]"
1779196383.521396,2.223573633,0.614888505198564,0.903,0.0,0.3323112409052,0.3,4.190728502317969,0,0.6918253353364242,-129.12,2,"[581.0, 520.7999877929688]"
1779196383.5711558,2.273333537,0.5999601673368886,0.903,0.0,0.33303586667039997,0.3,4.284711579496812,0,0.6688156235181395,-129.12,2,"[595.0, 496.0]"
1779196383.6211812,2.3233591010000003,0.5876122943576721,0.903,0.0,0.3337629964272,0.3,4.379019421329494,0,0.6488738732756262,-153.32999999999998,2,"[595.0, 496.0]"
1779196383.671198,2.373375643,0.5780261231151316,0.903,0.0,0.33448981102866665,0.3,4.473286387900161,0,0.6304661038209985,-137.19,2,"[640.2000122070312, 471.0]"
1779196383.7213473,2.423525332,0.5712832345720953,0.903,0.0,0.33521799978586664,0.3,4.5677315807919765,0,0.6151262959421421,-158.71,2,"[640.2000122070312, 471.0]"
1779196383.7710671,2.473245062,0.567490392837276,0.903,0.0,0.3359420707701333,0.3,4.661642703561,0,0.6013204688511713,-169.47,2,"[622.4000244140625, 469.20001220703125]"
1779196383.8211207,2.5232983250000003,0.5666500927798575,0.903,0.0,0.3366691012206667,0.3,4.755937665492121,0,0.5921165841238575,-177.54,2,"[622.4000244140625, 469.20001220703125]"
1779196383.8711555,2.573333433,0.5688038732891878,0.903,0.0,0.33739606537013334,0.3,4.85022402825583,0,0.5859806609723149,-182.92,2,"[623.4000244140625, 464.6000061035156]"
1779196383.921246,2.623423727,0.573953268351579,0.903,0.0,0.33812391035586664,0.3,4.944624634408069,0,0.581378718608658,-190.99,2,"[623.4000244140625, 464.6000061035156]"
1779196383.9710228,2.6732007020000004,0.5820165770821384,0.903,0.0,0.3388481201916,0.3,5.038553766042821,0,0.581378718608658,-190.99,2,"[654.5999755859375, 435.20001220703125]"
1779196384.0212548,2.723432491,0.5930355049509041,0.903,0.0,0.3395771499492,0.3,5.1331080356598875,0,0.581378718608658,-199.06,2,"[654.5999755859375, 435.20001220703125]"
1779196384.0711856,2.7733634150000004,0.6068208446005801,0.903,0.0,0.34030335358386665,0.3,5.2272957605824155,0,0.581378718608658,-164.09,2,"[633.2000122070312, 431.0]"
1779196384.1216578,2.8238357790000004,0.6234694045959435,0.903,0.0,0.3410365113168,0.3,5.3223854235611,0,0.581378718608658,-69.94,2,"[633.2000122070312, 431.0]"
1779196384.1710253,2.8732030660000003,0.6423005081962194,0.903,0.0,0.34175453123146665,0.3,5.415511729989686,0,0.5890486225480862,-61.87,2,"[627.4000244140625, 428.20001220703125]"
1779196384.2211063,2.9232840110000002,0.6637745209920387,0.903,0.0,0.3424821196748,0.3,5.509879062905812,0,0.5997864880632857,8.07,2,"[627.4000244140625, 428.20001220703125]"
1779196384.2714744,2.9736519560000003,0.687554136731226,0.903,0.0,0.3432120218974667,0.3,5.604546490176987,0,0.6181942575179133,2.69,2,"[612.5999755859375, 461.6000061035156]"
1779196384.3214746,3.023652331,0.7132311331214323,0.903,0.0,0.3439381214008,0.3,5.698720709392697,0,0.6350680461846554,5.38,2,"[612.5999755859375, 461.6000061035156]"
1779196384.3711498,3.073327586,0.7406569400187415,0.903,0.0,0.3446630183725333,0.3,5.792738961727846,0,0.6550097964271688,5.38,2,"[601.4000244140625, 465.0]"
1779196384.4212735,3.1234511690000004,0.7697439734330405,0.903,0.0,0.34539053385853336,0.3,5.8870968321668995,0,0.6780195082454534,5.38,2,"[601.4000244140625, 465.0]"
1779196384.4715712,3.173749071,0.8002308826773549,0.903,0.0,0.34612011303426665,0.3,5.981722360645172,0,0.6994952392758523,2.69,2,"[615.5999755859375, 460.3999938964844]"
1779196384.5212052,3.2233828840000003,0.8314796432553327,0.903,0.0,0.3468430896004,0.3,6.075491538718285,0,0.7240389318820226,2.69,2,"[615.5999755859375, 460.3999938964844]"
1779196384.5712876,3.2734653280000003,0.8636872694112447,0.903,0.0,0.3475704980484,0.3,6.169835526459402,0,0.7501166052760785,2.69,2,"[586.0, 487.6000061035156]"
1779196384.6211107,3.323288523,0.8962659841301008,0.903,0.0,0.3482953650524,0.3,6.26384989201612,0,0.7792622402459057,2.69,2,"[586.0, 487.6000061035156]"
1779196384.671165,3.373342698,0.9291652119724605,0.903,0.0,0.3490229958604,0.3,0.07503741239821071,1,0.8114758367915041,2.69,2,"[556.0, 545.0]"
1779196384.721168,3.4233457,0.9619259173809023,0.903,0.0,0.34974968175466664,0.3,0.1692876858021526,1,0.8436894333371027,2.69,2,"[556.0, 545.0]"
1779196384.7711537,3.473331673,0.994299410621939,0.903,0.0,0.3504763908296,0.3,0.26354096571026453,1,0.8728350683069298,2.69,2,"[545.4000244140625, 561.7999877929688]"
1779196384.8211763,3.523353832,1.0259945351354036,0.903,0.0,0.35120310087826667,0.3,0.3577943719104013,1,0.9081166264282996,26.9,2,"[545.4000244140625, 561.7999877929688]"
1779196384.8712308,3.5734087370000003,1.0567474901159861,0.903,0.0,0.3519303301157333,0.3,0.45211511626411216,1,0.9372622613981267,26.9,2,"[525.4000244140625, 567.7999877929688]"
1779196384.9212604,3.6234383,1.0862813415083619,0.903,0.0,0.35265817715066666,0.3,0.5465159881950896,1,0.966407896367954,75.32,2,"[525.4000244140625, 567.7999877929688]"
1779196384.9710443,3.6732220790000003,1.1141388718928382,0.903,0.0,0.35338170088226667,0.3,0.6403561329612906,1,0.9970875121256667,88.77,2,"[512.4000244140625, 599.2000122070312]"
1779196385.0211895,3.7233672770000004,1.1404087256926858,0.903,0.0,0.3541098716908,0.3,0.7347989979329501,1,1.026233147095494,104.91,2,"[512.4000244140625, 599.2000122070312]"
1779196385.0711718,3.7733494160000003,1.1646039848999434,0.903,0.0,0.3548361412196,0.3,0.8289952692441327,1,1.0569127628532067,126.42999999999999,2,"[497.20001220703125, 643.5999755859375]"
1779196385.1211782,3.823355937,1.186590795341466,0.903,0.0,0.3555630651698667,0.3,0.9232764182206745,1,1.0845244170351482,134.5,2,"[497.20001220703125, 643.5999755859375]"
1779196385.1712437,3.87342142,1.2061692329106881,0.903,0.0,0.3562911041901333,0.3,1.017702190415024,1,1.1090681096413186,134.5,2,"[473.20001220703125, 653.0]"
1779196385.221403,3.92358077,1.223101893616469,0.903,0.0,0.3570183591516,0.3,1.1120262711401327,1,1.1366797638232602,139.88,2,"[473.20001220703125, 653.0]"
1779196385.2712774,3.97345526,1.2372172067144718,0.903,0.0,0.3577437735826667,0.3,1.2061116373191396,1,1.158155494853659,147.95,2,"[458.6000061035156, 677.4000244140625]"
1779196385.321566,4.023743852,1.2485126061791645,0.903,0.0,0.3584757537377333,0.3,1.3010485698860137,1,1.1765632643082868,180.23,2,"[458.6000061035156, 677.4000244140625]"
1779196385.371134,4.073311794,1.256624204398976,0.903,0.0,0.3591957848768,0.3,1.3944357296641314,1,1.193437052975029,188.29999999999998,2,"[433.3999938964844, 687.0]"
1779196385.4211888,4.123366401,1.2617129335101565,0.903,0.0,0.35992311321706666,0.3,1.4887693275300249,1,1.2087768608538851,190.99,2,"[433.3999938964844, 687.0]"
1779196385.471387,4.173564881,1.2636234072098746,0.903,0.0,0.36065109509226667,0.3,1.5831876880789864,1,1.222582687944856,204.44,2,"[451.0, 692.4000244140625]"
1779196385.5213814,4.223559371,1.2623244858570941,0.903,0.0,0.36137787324413334,0.3,1.6774499271810273,1,1.23178657267217,196.37,2,"[451.0, 692.4000244140625]"
1779196385.571151,4.273328706,1.257839104866791,0.903,0.0,0.3621024487094667,0.3,1.7714264805285662,1,1.2379224958237125,196.37,2,"[435.0, 688.7999877929688]"
1779196385.6212504,4.323428303,1.2501580865338766,0.903,0.0,0.3628299377738667,0.3,1.8657809241183525,1,1.2425244381873692,199.06,2,"[435.0, 688.7999877929688]"
1779196385.6711524,4.373329906,1.2393790762795176,0.903,0.0,0.363555645008,0.3,1.9599042664976754,1,1.244058418975255,201.75,2,"[432.0, 686.5999755859375]"
1779196385.7214713,4.423649087,1.225441995015834,0.903,0.0,0.36428744542933333,0.3,2.054817887818741,1,1.244058418975255,94.14999999999999,2,"[432.0, 686.5999755859375]"
1779196385.771012,4.473189723,1.2088145598412365,0.903,0.0,0.3650081914776,0.3,2.1482977704473925,1,1.2425244381873692,59.18,2,"[416.6000061035156, 691.2000122070312]"
1779196385.8212464,4.523424086,1.1892133618030218,0.903,0.0,0.3657369395646667,0.3,2.2428155077401275,1,1.2348545342479411,61.87,2,"[416.6000061035156, 691.2000122070312]"
1779196385.871133,4.573310854000001,1.1670717969801825,0.903,0.0,0.36646257727133336,0.3,2.3369298324918972,1,1.2241166687327416,56.49,2,"[421.6000061035156, 685.0]"
1779196385.9210196,4.6231974000000005,1.1425043192614601,0.903,0.0,0.36718804736506666,0.3,2.431022418050823,1,1.2072428800659996,-8.07,2,"[421.6000061035156, 685.0]"
1779196385.9711416,4.673319297,1.1156186124694987,0.903,0.0,0.36791602085453334,0.3,2.5254396909804075,1,1.188835110611372,-8.07,2,"[416.6000061035156, 690.5999755859375]"
1779196386.021119,4.723296993,1.0867915793662604,0.903,0.0,0.36864241435266665,0.3,2.619652040962791,1,1.167359379580973,-5.38,2,"[416.6000061035156, 690.5999755859375]"
1779196386.0712135,4.773391108,1.056187014121463,0.903,0.0,0.3693694780990667,0.3,2.7139513213271726,1,1.145883648550574,-5.38,2,"[431.0, 664.0]"
1779196386.1213953,4.823573127,1.0239365365272126,0.903,0.0,0.370100097658,0.3,2.808711786236465,1,1.1213399559444037,-5.38,2,"[431.0, 664.0]"
1779196386.1709766,4.873154286,0.9909258603071365,0.903,0.0,0.3708209179570667,0.3,2.902201299103236,1,1.0921943209745766,-2.69,2,"[442.3999938964844, 659.0]"
1779196386.2211795,4.923357215,0.9566367877626198,0.903,0.0,0.37154972622666665,0.3,2.996726841997079,1,1.064582666792635,-2.69,2,"[442.3999938964844, 659.0]"
1779196386.271188,4.9733658400000005,0.9218324269238881,0.903,0.0,0.37227646400493336,0.3,3.0909838446924844,1,1.033903051034922,-2.69,2,"[462.20001220703125, 650.5999755859375]"
1779196386.3213508,5.023528516000001,0.8866329545985429,0.903,0.0,0.3730050890673333,0.3,3.185485625836133,1,1.0016894544893238,-2.69,2,"[462.20001220703125, 650.5999755859375]"
1779196386.3711092,5.073287087000001,0.8516881462424634,0.903,0.0,0.3737286053724,0.3,3.2793248073900276,1,0.9694758579437253,-2.69,2,"[482.3999938964844, 623.4000244140625]"
1779196386.421097,5.1232748180000005,0.8169137249394168,0.903,0.0,0.3744552127576,0.3,3.3735648982638615,1,0.9357282806102412,-2.69,2,"[482.3999938964844, 623.4000244140625]"
1779196386.4711144,5.173292036,0.7827174421952277,0.903,0.0,0.37518295685293335,0.3,3.467952419054379,1,0.9050486648525283,-2.69,2,"[508.20001220703125, 607.7999877929688]"
1779196386.5210357,5.223213428,0.7495490094625705,0.903,0.0,0.3759087642798667,0.3,3.5620887563175536,1,0.8713010875190442,-29.59,2,"[508.20001220703125, 607.7999877929688]"
1779196386.570975,5.273152956000001,0.7176303182434453,0.903,0.0,0.376634211876,0.3,3.6561784239652226,1,0.8360195293976744,-37.66,2,"[536.4000244140625, 574.2000122070312]"
1779196386.6211977,5.323375521,0.6870934206521528,0.903,0.0,0.3773630826534667,0.3,3.7507120740530677,1,0.8022719520641903,-59.18,2,"[536.4000244140625, 574.2000122070312]"
1779196386.6711898,5.373367592,0.6584528784842006,0.903,0.0,0.37808981967599997,0.3,3.8449689787307832,1,0.7685243747307062,-72.63,2,"[547.4000244140625, 555.0]"
1779196386.7212079,5.423385602000001,0.6318762142324583,0.903,0.0,0.3788166374748,0.3,3.93923635999168,1,0.7363107781851077,-94.14999999999999,2,"[547.4000244140625, 555.0]"
1779196386.7711895,5.473367166,0.6076270038134486,0.903,0.0,0.37954296618333333,0.3,4.033440306842033,1,0.7071651432152806,-94.14999999999999,2,"[602.0, 521.5999755859375]"
1779196386.8213727,5.523550546,0.585855462564756,0.903,0.0,0.3802712853190667,0.3,4.127902409670465,1,0.679553489033339,-131.81,2,"[602.0, 521.5999755859375]"
1779196386.8711674,5.573345114,0.5669270003569014,0.903,0.0,0.3809958328804,0.3,4.2218753439032675,1,0.6534758156392831,-139.88,2,"[609.5999755859375, 492.79998779296875]"
1779196386.9212062,5.623383968000001,0.5508191577612871,0.903,0.0,0.38172442255413336,0.3,4.316372535180049,1,0.6289321230331129,-166.78,2,"[609.5999755859375, 492.79998779296875]"
1779196386.970972,5.673149846,0.5378881408261529,0.903,0.0,0.38244745091706667,0.3,4.410148431234893,1,0.6059224112148283,-153.32999999999998,2,"[625.2000122070312, 466.6000061035156]"
1779196387.0211692,5.723347069000001,0.5280579730949923,0.903,0.0,0.3831764604878667,0.3,4.504700082648641,1,0.5875146417602005,-174.85,2,"[625.2000122070312, 466.6000061035156]"
1779196387.0711021,5.773279871000001,0.5215691546088574,0.903,0.0,0.38390241446893336,0.3,4.598855427804008,1,0.5691068723055729,-196.37,2,"[630.4000244140625, 471.20001220703125]"
1779196387.121125,5.823302735,0.5184422037572401,0.903,0.0,0.38462920479973334,0.3,4.693119246498835,1,0.5553010452146021,-201.75,2,"[630.4000244140625, 471.20001220703125]"
1779196387.1710312,5.873208864,0.5187243467703265,0.903,0.0,0.3853549773176,0.3,4.787251056098677,1,0.5445631796994026,-201.75,2,"[664.4000244140625, 434.20001220703125]"
1779196387.2210507,5.923228471000001,0.5224267250450978,0.903,0.0,0.3860817654538667,0.3,4.88151459016521,1,0.5384272565478601,-220.57999999999998,2,"[664.4000244140625, 434.20001220703125]"
1779196387.2714922,5.97366997,0.5295631060281236,0.903,0.0,0.3868111848356,0.3,4.976119393556747,1,0.5368932757599744,-225.96,2,"[643.5999755859375, 426.3999938964844]"
1779196387.3210073,6.023185048,0.539975004231545,0.903,0.0,0.38753459449506666,0.3,5.069944743306506,1,0.5368932757599744,-228.65,2,"[643.5999755859375, 426.3999938964844]"
1779196387.3711607,6.073338412,0.5537291195707257,0.903,0.0,0.3882628114469333,0.3,5.16439359301217,1,0.5368932757599744,-190.99,2,"[645.5999755859375, 415.79998779296875]"
1779196387.4211752,6.123352947000001,0.5706239658338018,0.903,0.0,0.3889897410652,0.3,5.2586754771213915,1,0.5368932757599744,-107.6,2,"[645.5999755859375, 415.79998779296875]"
1779196387.4711838,6.17336154,0.5905431467671827,0.903,0.0,0.38971670133426667,0.3,5.3529613366019575,1,0.5384272565478601,-59.18,2,"[640.4000244140625, 413.20001220703125]"
1779196387.5212512,6.223429043,0.6133239216619908,0.903,0.0,0.3904437867789333,0.3,5.447263431205039,1,0.5506991028509451,-69.94,2,"[640.4000244140625, 413.20001220703125]"
1779196387.5714335,6.273611375000001,0.6388508533725576,0.903,0.0,0.3911730551302667,0.3,5.541848646138062,1,0.5629709491540303,-69.94,2,"[636.2000122070312, 426.0]"
1779196387.6210976,6.323275269000001,0.6665579976706993,0.903,0.0,0.3918952440333333,0.3,5.635515665272946,1,0.5829126993965437,8.07,2,"[636.2000122070312, 426.0]"
1779196387.6711564,6.373334236000001,0.6966758750523623,0.903,0.0,0.392622810168,0.3,5.729880104782238,1,0.6043884304269426,8.07,2,"[620.2000122070312, 424.3999938964844]"
1779196387.721213,6.423390714000001,0.7287705697106888,0.903,0.0,0.39335091245186665,0.3,5.82431408218828,1,0.6258641614573416,5.38,2,"[620.2000122070312, 424.3999938964844]"
1779196387.7710218,6.473199683000001,0.7623251026643686,0.903,0.0,0.3940744601489333,0.3,5.918157335246253,1,0.6519418348513975,5.38,2,"[612.7999877929688, 444.20001220703125]"
1779196387.8211746,6.523352515,0.7974940476366039,0.903,0.0,0.3948030983058667,0.3,6.01266081473489,1,0.6810874698212247,2.69,2,"[612.7999877929688, 444.20001220703125]"
1779196387.8712156,6.573393165000001,0.8336601747020809,0.903,0.0,0.39553020873333333,0.3,6.106966149576634,1,0.7102331047910518,2.69,2,"[607.2000122070312, 471.0]"
1779196387.9211848,6.623362664,0.8705360815883101,0.903,0.0,0.3962565124736,0.3,6.201166858073281,1,0.7439806821245359,2.69,2,"[607.2000122070312, 471.0]"
1779196387.9710033,6.673180996,0.9077589495546243,0.903,0.0,0.39698131944040005,0.3,0.011988129698860206,2,0.7761942786701345,2.69,2,"[583.5999755859375, 504.79998779296875]"
1779196388.0211637,6.723341385,0.945272446802382,0.903,0.0,0.39770995133346665,0.3,0.1064907967716362,2,0.8145437983672754,2.69,2,"[583.5999755859375, 504.79998779296875]"
1779196388.0711746,6.773352329000001,0.9824403119886186,0.903,0.0,0.39843651546746667,0.3,0.20072527801762696,2,0.8467573949128739,2.69,2,"[561.0, 540.5999755859375]"
1779196388.1210449,6.823222593000001,1.0189836218361201,0.903,0.0,0.39916200340813335,0.3,0.2948201783020199,2,0.8789709914584724,24.21,2,"[561.0, 540.5999755859375]"
1779196388.1713269,6.8735046120000005,1.0547238855795988,0.903,0.0,0.3998894068857333,0.3,0.38916352138832444,2,0.9173205111556134,21.52,2,"[537.5999755859375, 570.2000122070312]"
1779196388.2212682,6.923445764,1.0892277957828562,0.903,0.0,0.4006165152930667,0.3,0.48346859422124133,2,0.9510680884890975,61.87,2,"[537.5999755859375, 570.2000122070312]"
1779196388.2711582,6.973335871000001,1.1221610680496612,0.903,0.0,0.40134278794653333,0.3,0.5776652707978762,2,0.9878836273983529,78.01,2,"[516.7999877929688, 602.0]"
1779196388.3213375,7.023515201,1.153378494329791,0.903,0.0,0.4020717851494667,0.3,0.6722153181144161,2,1.0231651855197226,99.53,2,"[516.7999877929688, 602.0]"
1779196388.3710833,7.0732612,1.1822570715015635,0.903,0.0,0.4027953059453333,0.3,0.7660550821195873,2,1.0584467436410925,99.53,2,"[489.79998779296875, 635.4000244140625]"
1779196388.4210374,7.123215237,1.2088697791663807,0.903,0.0,0.4035215121233333,0.3,0.8602431369093431,2,1.0906603401866908,129.12,2,"[489.79998779296875, 635.4000244140625]"
1779196388.4712167,7.173394658,1.2329433345703922,0.903,0.0,0.40425039320493333,0.3,0.9547781234307013,2,1.1182719943686323,134.5,2,"[470.0, 659.7999877929688]"
1779196388.521285,7.223462639,1.2541307804158928,0.903,0.0,0.4049785658592,0.3,1.0492212277917208,2,1.1489516101263453,161.4,2,"[470.0, 659.7999877929688]"
1779196388.5710375,7.273215412000001,1.272138149880396,0.903,0.0,0.40570150536533334,0.3,1.1429855992280729,2,1.175029283520401,174.85,2,"[451.20001220703125, 676.7999877929688]"
1779196388.621198,7.32337559,1.2870570700945207,0.903,0.0,0.40642984746373334,0.3,1.2374506802863419,2,1.1995729761265714,169.47,2,"[451.20001220703125, 676.7999877929688]"
1779196388.6712675,7.373445224,1.2985901055865638,0.903,0.0,0.40715772924786664,0.3,1.3318560591461406,2,1.222582687944856,193.68,2,"[443.20001220703125, 693.5999755859375]"
1779196388.721198,7.4233758850000005,1.3066119522741544,0.903,0.0,0.4078832161857333,0.3,1.4259508293685972,2,1.2425244381873692,180.23,2,"[443.20001220703125, 693.5999755859375]"
1779196388.7710886,7.473266274,1.3110842620357157,0.903,0.0,0.40860915343893334,0.3,1.5201040049400767,2,1.2593982268541113,180.23,2,"[434.3999938964844, 698.2000122070312]"
1779196388.821215,7.523392702000001,1.3119460434730965,0.903,0.0,0.4093370102402667,0.3,1.6145061435612114,2,1.2732040539450822,190.99,2,"[434.3999938964844, 698.2000122070312]"
1779196388.8711092,7.573287034000001,1.3091735501387862,0.903,0.0,0.4100627409893333,0.3,1.7086325357986816,2,1.282407938672396,193.68,2,"[431.0, 703.7999877929688]"
1779196388.9210713,7.62324887,1.3027790597207165,0.903,0.0,0.4107891192274667,0.3,1.802842906577693,2,1.2870098810360528,209.82,2,"[431.0, 703.7999877929688]"
1779196388.971045,7.673222851,1.292812062340101,0.903,0.0,0.4115152143708,0.3,1.8970165603067262,2,1.2885438618239387,196.37,2,"[420.3999938964844, 702.2000122070312]"
1779196389.0210676,7.723245400000001,1.2793331062578133,0.903,0.0,0.41224196155213333,0.3,1.9912747825684,2,1.2885438618239387,169.47,2,"[420.3999938964844, 702.2000122070312]"
1779196389.0713606,7.773538338000001,1.2623760419945196,0.903,0.0,0.4129718907632,0.3,2.0859457102021093,2,1.2885438618239387,107.6,2,"[417.79998779296875, 702.2000122070312]"
1779196389.1212416,7.823419331,1.2422962526691035,0.903,0.0,0.41369634083493334,0.3,2.1799060001527995,2,1.2870098810360528,59.18,2,"[417.79998779296875, 702.2000122070312]"
1779196389.171197,7.873374938,1.2190680308003221,0.903,0.0,0.4144230667830667,0.3,2.274161468494354,2,1.2762720155208536,59.18,2,"[416.20001220703125, 701.5999755859375]"
1779196389.2210894,7.923267194,1.1929894248051465,0.903,0.0,0.4151486300064,0.3,2.3682661328487136,2,1.260932207641997,64.56,2,"[416.20001220703125, 701.5999755859375]"
1779196389.2711234,7.973301142,1.1641632286477326,0.903,0.0,0.41587622142906666,0.3,2.462633852180737,2,1.2425244381873692,-8.07,2,"[417.79998779296875, 693.5999755859375]"
1779196389.321463,8.023640977000001,1.1327415082882641,0.903,0.0,0.4166075151748,0.3,2.557481758294994,2,1.2210487071569704,-2.69,2,"[417.79998779296875, 693.5999755859375]"
1779196389.370995,8.073172778,1.0996569226425534,0.903,0.0,0.41732785662960004,0.3,2.650909165644915,2,1.1965050145508,-5.38,2,"[419.0, 694.4000244140625]"
1779196389.4209957,8.123173566,1.0644290820493214,0.903,0.0,0.41805443348026666,0.3,2.745145296227049,2,1.1688933603688585,-5.38,2,"[419.0, 694.4000244140625]"
1779196389.4711747,8.173352527,1.0275377101032377,0.903,0.0,0.4187830448668,0.3,2.839645303627485,2,1.1397477253990314,-2.69,2,"[426.20001220703125, 672.7999877929688]"
1779196389.5213687,8.223546528,0.9893778040242781,0.903,0.0,0.419512145082,0.3,2.934208711509262,2,1.1075341288534328,-2.69,2,"[426.20001220703125, 672.7999877929688]"
1779196389.571087,8.273264716,0.9506276650113348,0.903,0.0,0.42023539177920005,0.3,3.028012925251966,2,1.0753205323078345,-2.69,2,"[449.20001220703125, 655.7999877929688]"
1779196389.6211958,8.323373635000001,0.911066948290509,0.903,0.0,0.42096335152013337,0.3,3.1224284150135606,2,1.0400389741864646,-2.69,2,"[449.20001220703125, 655.7999877929688]"
1779196389.6710472,8.373225153,0.8714417406002084,0.903,0.0,0.42168866359293333,0.3,3.216500505450332,2,1.004757416065095,-2.69,2,"[469.6000061035156, 641.0]"
1779196389.7215557,8.423733661,0.8315865343634496,0.903,0.0,0.4224208647418667,0.3,3.3114661006519412,2,0.9679418771558396,-2.69,2,"[469.6000061035156, 641.0]"
1779196389.7710161,8.473193726,0.7928519235885562,0.903,0.0,0.423141535086,0.3,3.4049361645469123,2,0.9326603190344698,-8.07,2,"[496.0, 615.4000244140625]"
1779196389.8211823,8.523359992000001,0.7545545117922288,0.903,0.0,0.4238698142696,0.3,3.4993930856324234,2,0.8927768185494431,-18.83,2,"[496.0, 615.4000244140625]"
1779196389.8711169,8.573294811,0.7175733659487014,0.903,0.0,0.4245956625642667,0.3,3.5935347233907216,2,0.8528933180644165,-40.35,2,"[531.2000122070312, 583.4000244140625]"
1779196389.921257,8.623434928,0.6820098689367294,0.903,0.0,0.4253236458492,0.3,3.687953266780376,2,0.8114758367915041,-51.11,2,"[531.2000122070312, 583.4000244140625]"
1779196389.9712024,8.673380197,0.648382911776965,0.903,0.0,0.42604973174933336,0.3,3.7821257216776516,2,0.7761942786701345,-51.11,2,"[557.2000122070312, 558.0]"
1779196390.021062,8.723239813000001,0.6169324832557661,0.903,0.0,0.42677510804493335,0.3,3.876206141733185,2,0.7393787397608791,-80.7,2,"[557.2000122070312, 558.0]"
1779196390.071202,8.773379988,0.5878087697667628,0.903,0.0,0.42750316216533335,0.3,3.9706338723963945,2,0.7071651432152806,-104.91,2,"[585.7999877929688, 519.2000122070312]"
1779196390.121308,8.823485765000001,0.5613796368369777,0.903,0.0,0.42823182905466667,0.3,4.065141078442238,2,0.6749515466696822,-137.19,2,"[585.7999877929688, 519.2000122070312]"
1779196390.1710417,8.873219363,0.5380855086191032,0.903,0.0,0.4289548778514667,0.3,4.1589196247446445,2,0.641203969336198,-147.95,2,"[603.2000122070312, 488.6000061035156]"
1779196390.2209888,8.923166608,0.5178508148403513,0.903,0.0,0.4296809035690667,0.3,4.253084274040813,2,0.6120583343663708,-153.32999999999998,2,"[603.2000122070312, 488.6000061035156]"
1779196390.271107,8.97328467,0.5009263240394628,0.903,0.0,0.4304089358168,0.3,4.347509167845857,2,0.5859806609723149,-185.60999999999999,2,"[632.2000122070312, 466.3999938964844]"
1779196390.3212483,9.023426232,0.48753895595944463,0.903,0.0,0.4311367253288,0.3,4.441902579122601,2,0.5614369683661447,-190.99,2,"[632.2000122070312, 466.3999938964844]"
1779196390.3710544,9.073232179000001,0.47784335656517607,0.903,0.0,0.43186179722373336,0.3,4.535943518783256,2,0.5399612373357456,-190.99,2,"[649.5999755859375, 442.20001220703125]"
1779196390.4212077,9.123385471,0.4718616118179475,0.903,0.0,0.43259033735333335,0.3,4.630434284246423,2,0.521553467881118,-209.82,2,"[649.5999755859375, 442.20001220703125]"
1779196390.471139,9.173316685000001,0.46971592467913303,0.903,0.0,0.4333164009884,0.3,4.724603851391731,2,0.5077476407901472,-199.06,2,"[654.7999877929688, 422.79998779296875]"
1779196390.521049,9.223226733,0.47140814671857983,0.903,0.0,0.4340418135156,0.3,4.818688970641556,2,0.49854375606283335,-242.1,2,"[654.7999877929688, 422.79998779296875]"
1779196390.5709867,9.273164748000001,0.4769383429474462,0.903,0.0,0.4347677994264,0.3,4.912848457044358,2,0.4924078329112908,-236.72,2,"[655.5999755859375, 415.0]"
1779196390.621189,9.323366980000001,0.4863133292374839,0.903,0.0,0.4354965632821334,0.3,5.007368239513912,2,0.48933987133551954,-234.03,2,"[655.5999755859375, 415.0]"
1779196390.6712074,9.37338538,0.49940869487696704,0.903,0.0,0.43622340445053337,0.3,5.1016386517834,2,0.48933987133551954,-231.34,2,"[654.4000244140625, 409.6000061035156]"
1779196390.7213335,9.423511304,0.5161777425176901,0.903,0.0,0.4369517271469333,0.3,5.1961012164259515,2,0.48933987133551954,-177.54,2,"[654.4000244140625, 409.6000061035156]"
1779196390.771115,9.473292814,0.5363410866281426,0.903,0.0,0.437676115234,0.3,5.290053467041041,2,0.4908738521234052,-177.54,2,"[650.5999755859375, 402.3999938964844]"
1779196390.821178,9.523355738000001,0.5599018988674809,0.903,0.0,0.4384030786277333,0.3,5.384339731787058,2,0.500077736850719,-59.18,2,"[650.5999755859375, 402.3999938964844]"
1779196390.8710587,9.573236528,0.5865371482939572,0.903,0.0,0.43912852992986673,0.3,5.478429880098403,2,0.5108156023659185,-75.32,2,"[649.7999877929688, 408.3999938964844]"
1779196390.9211795,9.623357236,0.6161981515968216,0.903,0.0,0.4398570728208,0.3,5.572921003703133,2,0.5276893910326605,-72.63,2,"[649.7999877929688, 408.3999938964844]"
1779196390.9711716,9.673349393,0.6484042369438976,0.903,0.0,0.44058305456053337,0.3,5.6670799491236785,2,0.5491651220630596,-56.49,2,"[640.7999877929688, 404.79998779296875]"
1779196391.021123,9.723300686,0.682985587183988,0.903,0.0,0.44130920520666667,0.3,5.761260801498118,2,0.5752427954571154,-51.11,2,"[640.7999877929688, 404.79998779296875]"
1779196391.0713868,9.773564513,0.7198227011308209,0.903,0.0,0.4420389742313333,0.3,5.855910953151291,2,0.6013204688511713,-48.42,2,"[626.4000244140625, 428.0]"
1779196391.1213546,9.823532405,0.758240256733223,0.903,0.0,0.44276531599080005,0.3,5.950116592691767,2,0.6320000846088841,-48.42,2,"[626.4000244140625, 428.0]"
1779196391.1712468,9.873424567,0.7978778033908156,0.903,0.0,0.44348819130320005,0.3,6.043872638279268,2,0.6657476619423682,-48.42,2,"[611.2000122070312, 454.3999938964844]"
1779196391.2210732,9.923250964000001,0.8388471114145106,0.903,0.0,0.44421593627053335,0.3,6.138260272167123,2,0.701029220063738,5.38,2,"[611.2000122070312, 454.3999938964844]"
1779196391.2711506,9.97332858,0.8804835092218213,0.903,0.0,0.4449429907010667,0.3,6.23255834427497,2,0.7363107781851077,2.69,2,"[601.5999755859375, 484.20001220703125]"
1779196391.32111,10.023287997,0.9224202793094639,0.903,0.0,0.44566941458840004,0.3,0.04358932851991071,3,0.7715923363064775,2.69,2,"[601.5999755859375, 484.20001220703125]"
1779196391.3709948,10.073172551,0.9642387360672284,0.903,0.0,0.4463944015650667,0.3,0.13761925438504008,3,0.8099418560036186,2.69,2,"[577.7999877929688, 523.5999755859375]"
1779196391.4212272,10.123405002,1.005893838324825,0.903,0.0,0.44712367389853336,0.3,0.23220498579589588,3,0.8513593372765309,2.69,2,"[577.7999877929688, 523.5999755859375]"
1779196391.471265,10.173442919000001,1.0466434630887005,0.903,0.0,0.44785078336680006,0.3,0.3265101962305721,3,0.8897088569736719,16.14,2,"[549.7999877929688, 564.5999755859375]"
1779196391.5213528,10.223530496,1.0862868607554876,0.903,0.0,0.44857865179480005,0.3,0.42091384281618005,3,0.9326603190344698,34.97,2,"[549.7999877929688, 564.5999755859375]"
1779196391.5712013,10.273379148,1.1242563423762637,0.903,0.0,0.4493032605414667,0.3,0.5148947127120245,3,0.9725438195194965,34.97,2,"[524.4000244140625, 600.4000244140625]"
1779196391.6210322,10.32321008,1.1604152405086157,0.903,0.0,0.4500283613141334,0.3,0.6089393977794408,3,1.0139613007924089,75.32,2,"[524.4000244140625, 600.4000244140625]"
1779196391.6712778,10.373455537,1.194598618184114,0.903,0.0,0.45075761301026673,0.3,0.7035224525533543,3,1.0507768397016641,96.84,2,"[500.0, 626.0]"
1779196391.7213845,10.42356243,1.2262660000681183,0.903,0.0,0.4514865196705333,0.3,0.7980607565965556,3,1.0845244170351482,129.12,2,"[500.0, 626.0]"
1779196391.7711575,10.473335403,1.2549206599302287,0.903,0.0,0.45220952755599997,0.3,0.8918339967489679,3,1.1213399559444037,139.88,2,"[465.79998779296875, 658.2000122070312]"
1779196391.821202,10.523379748,1.280710775816984,0.903,0.0,0.4529368262046667,0.3,0.9861637436505859,3,1.1566215140657734,158.71,2,"[465.79998779296875, 658.2000122070312]"
1779196391.8712237,10.573401404,1.3032164517353113,0.903,0.0,0.4536640676065333,0.3,1.080486065712126,3,1.188835110611372,182.92,2,"[447.79998779296875, 686.4000244140625]"
1779196391.9211395,10.623317279,1.3221836739975426,0.903,0.0,0.4543894074234667,0.3,1.1745617545291225,3,1.2195147263690846,180.23,2,"[447.79998779296875, 686.4000244140625]"
1779196391.9711607,10.673338461,1.3375151470631659,0.903,0.0,0.45511576230653333,0.3,1.2687690961844993,3,1.2455923997631406,180.23,2,"[439.20001220703125, 701.0]"
1779196392.021247,10.723424599000001,1.3490590000555134,0.903,0.0,0.45584403157840003,0.3,1.3632247317302948,3,1.2701360923693108,169.47,2,"[439.20001220703125, 701.0]"
1779196392.071323,10.773500847000001,1.3566423847535811,0.903,0.0,0.4565707315845333,0.3,1.4574768354261174,3,1.2900778426118242,193.68,2,"[426.3999938964844, 717.0]"
1779196392.1210093,10.823186979,1.3602091068135056,0.903,0.0,0.457295002344,0.3,1.551413868794711,3,1.3069516312785663,220.57999999999998,2,"[426.3999938964844, 717.0]"
1779196392.171172,10.873349659,1.3597342956860685,0.903,0.0,0.45802294665053334,0.3,1.6458273567334665,3,1.3192234775816514,234.03,2,"[424.3999938964844, 711.7999877929688]"
1779196392.2211494,10.92332732,1.3551951776681699,0.903,0.0,0.4587493155146667,0.3,1.74003651171612,3,1.3284273623089653,242.1,2,"[424.3999938964844, 711.7999877929688]"
1779196392.2712073,10.973385124,1.3466034451013595,0.903,0.0,0.4594770009389334,0.3,1.8344164229409117,3,1.3330293046726223,244.79,2,"[415.0, 716.7999877929688]"
1779196392.3213646,11.023542397,1.334012430491523,0.903,0.0,0.4602054394514667,0.3,1.928894008794579,3,1.3330293046726223,242.1,2,"[415.0, 716.7999877929688]"
1779196392.3711262,11.073304004,1.3176411505392687,0.903,0.0,0.46092942762480005,0.3,2.022794391086638,3,1.3330293046726223,242.1,2,"[411.20001220703125, 722.5999755859375]"
1779196392.42135,11.123527690000001,1.297425067068429,0.903,0.0,0.46165778595693335,0.3,2.1172615776403028,3,1.3330293046726223,174.85,2,"[411.20001220703125, 722.5999755859375]"
1779196392.4713705,11.173548103,1.2736792092559053,0.903,0.0,0.4623844643956,0.3,2.211510884062026,3,1.3284273623089653,91.46,2,"[409.20001220703125, 715.4000244140625]"
1779196392.5210812,11.22325889,1.2466483698418858,0.903,0.0,0.4631089403948,0.3,2.3054745367734917,3,1.3146215352179944,64.56,2,"[409.20001220703125, 715.4000244140625]"
1779196392.570985,11.27316283,1.21645639754356,0.903,0.0,0.46383428901893337,0.3,2.3995513678735776,3,1.2977477465512524,56.49,2,"[413.79998779296875, 701.5999755859375]"
1779196392.6210682,11.323245867,1.183279058889338,0.903,0.0,0.4645620138576,0.3,2.493936391097936,3,1.2747380347329678,-8.07,2,"[413.79998779296875, 701.5999755859375]"
1779196392.6711845,11.373362403000002,1.1475034715939043,0.903,0.0,0.46528961737200003,0.3,2.5883056787130094,3,1.2501943421267976,-8.07,2,"[415.20001220703125, 695.7999877929688]"
1779196392.7213616,11.423539346,1.1093699169163371,0.903,0.0,0.46601843912853336,0.3,2.6828329708456415,3,1.2210487071569704,-8.07,2,"[415.20001220703125, 695.7999877929688]"
1779196392.7710385,11.473216405,1.0695889633651332,0.903,0.0,0.4667415921584,0.3,2.7766250360495555,3,1.1903690913992575,-8.07,2,"[412.79998779296875, 702.0]"
1779196392.8212056,11.523383326000001,1.027911956265743,0.903,0.0,0.46746999211400003,0.3,2.8710976211160357,3,1.1566215140657734,-2.69,2,"[412.79998779296875, 702.0]"
1779196392.8710911,11.573268733,0.9851328541973523,0.903,0.0,0.46819597046746675,0.3,2.965256127341931,3,1.1198059751565181,-5.38,2,"[432.6000061035156, 672.2000122070312]"
1779196392.9210174,11.623195307000001,0.9415425113969514,0.903,0.0,0.46892110970986667,0.3,3.0593058018868007,3,1.0829904362472627,-2.69,2,"[432.6000061035156, 672.2000122070312]"
1779196392.971191,11.673368669,0.8972630005512822,0.903,0.0,0.4696497413994667,0.3,3.153808442570199,3,1.0461748973380072,-2.69,2,"[457.3999938964844, 650.5999755859375]"
1779196393.021199,11.723376614000001,0.8530137397388271,0.903,0.0,0.47037645508146664,0.3,3.2480623200092325,3,1.0032234352772094,-2.69,2,"[457.3999938964844, 650.5999755859375]"
1779196393.0712862,11.773463951,0.8089945763478215,0.903,0.0,0.4711044609802667,0.3,3.3424837963897893,3,0.961805954004297,-8.07,2,"[489.20001220703125, 630.2000122070312]"
1779196393.1213815,11.823559301000001,0.7657055582264701,0.903,0.0,0.4718320048644,0.3,3.436845350032069,3,0.9188544919434991,-8.07,2,"[489.20001220703125, 630.2000122070312]"
1779196393.1710548,11.873232738,0.7237604095612045,0.903,0.0,0.4725551085390667,0.3,3.53063101392679,3,0.8774370106705868,-8.07,2,"[523.4000244140625, 603.5999755859375]"
1779196393.22114,11.923317518000001,0.683001790513061,0.903,0.0,0.4732830194916,0.3,3.6250401758924617,3,0.8283496254582462,-45.73,2,"[523.4000244140625, 603.5999755859375]"
1779196393.2711675,11.973345288,0.6441658182981354,0.903,0.0,0.47400930208586667,0.3,3.719238141778721,3,0.7900001057611052,-45.73,2,"[555.2000122070312, 564.7999877929688]"
1779196393.3211837,12.023361481,0.6074329238608682,0.903,0.0,0.4747371718073333,0.3,3.8136419561253767,3,0.7501166052760785,-96.84,2,"[555.2000122070312, 564.7999877929688]"
1779196393.3711686,12.073346465,0.573317760684469,0.903,0.0,0.475462981516,0.3,3.907778589326579,3,0.7117670855789375,-134.5,2,"[588.0, 518.5999755859375]"
1779196393.4211764,12.123354301,0.5419861364343205,0.903,0.0,0.4761897058364,0.3,4.002033846553108,3,0.6734175658817965,-147.95,2,"[588.0, 518.5999755859375]"
1779196393.471129,12.173306835,0.5137920735699468,0.903,0.0,0.4769158319502667,0.3,4.096211517122505,3,0.6366020269725411,-150.64,2,"[613.4000244140625, 487.3999938964844]"
1779196393.5213695,12.223547118,0.4888625590461855,0.903,0.0,0.47764529817293333,0.3,4.190822395725917,3,0.602854449639057,-169.47,2,"[613.4000244140625, 487.3999938964844]"
1779196393.5711348,12.273312519000001,0.4677059712358725,0.903,0.0,0.47836960594880007,0.3,4.284764230076405,3,0.5706408530934585,-169.47,2,"[623.0, 458.0]"
1779196393.6211314,12.323309163000001,0.45028719644158444,0.903,0.0,0.47909600446093337,0.3,4.378977230368466,3,0.5399612373357456,-193.68,2,"[623.0, 458.0]"
1779196393.671012,12.373189852000001,0.4368563382996818,0.903,0.0,0.47982130269800005,0.3,4.4730475263275125,3,0.5154175447295755,-209.82,2,"[654.7999877929688, 432.3999938964844]"
1779196393.7210658,12.423243696,0.42749180023103217,0.903,0.0,0.48054893488666667,0.3,4.5674205329599715,3,0.49394181369917645,-220.57999999999998,2,"[654.7999877929688, 432.3999938964844]"
1779196393.7711756,12.473353266,0.42233924470479955,0.903,0.0,0.48127658306200005,0.3,4.66179561304358,3,0.4740000634566631,-220.57999999999998,2,"[660.7999877929688, 417.79998779296875]"
1779196393.8210692,12.523246861,0.421453616717197,0.903,0.0,0.4820018925624,0.3,4.755867369843212,3,0.46019423636569234,-252.85999999999999,2,"[660.7999877929688, 417.79998779296875]"
1779196393.8712053,12.573382918,0.42485331708289187,0.903,0.0,0.4827299770574667,0.3,4.850299040063611,3,0.44945637085049284,-242.1,2,"[672.4000244140625, 405.6000061035156]"
1779196393.921268,12.623445799,0.43252806529849636,0.903,0.0,0.4834577305122667,0.3,4.94468777476553,3,0.4433204476989503,-244.79,2,"[672.4000244140625, 405.6000061035156]"
1779196393.9711483,12.673325925,0.44437516432809326,0.903,0.0,0.4841830009470667,0.3,5.03875446480453,3,0.4433204476989503,-244.79,2,"[680.2000122070312, 396.79998779296875]"
1779196394.0211422,12.723319792000002,0.4603492594278919,0.903,0.0,0.48490940806293337,0.3,5.132968580990305,3,0.4433204476989503,-247.48,2,"[680.2000122070312, 396.79998779296875]"
1779196394.0710895,12.773267273,0.4802858434453322,0.903,0.0,0.48563516789320005,0.3,5.227098745023916,3,0.44485442848683593,-204.44,2,"[661.0, 395.79998779296875]"
1779196394.1212308,12.823408664,0.5041558954594247,0.903,0.0,0.4863644327565334,0.3,5.321683507567599,3,0.44485442848683593,-83.39,2,"[661.0, 395.79998779296875]"
1779196394.1710434,12.873221321,0.5314583950612063,0.903,0.0,0.4870884143172,0.3,5.415583032204864,3,0.45712627478992107,-72.63,2,"[664.4000244140625, 392.20001220703125]"
1779196394.2211835,12.923361503,0.5623066661897915,0.903,0.0,0.48781653437533334,0.3,5.510019314911595,3,0.4740000634566631,-80.7,2,"[664.4000244140625, 392.20001220703125]"
1779196394.2712336,12.97341134,0.5962138407295086,0.903,0.0,0.48854310390120004,0.3,5.604254495476113,3,0.4970097752749477,-72.63,2,"[656.2000122070312, 392.79998779296875]"
1779196394.3211977,13.023375415,0.632960556745108,0.903,0.0,0.4892698796841334,0.3,5.698516427330393,3,0.5230874486690036,-78.01,2,"[656.2000122070312, 392.79998779296875]"
1779196394.3711407,13.073318591000001,0.672154437311508,0.903,0.0,0.48999549460253333,0.3,5.792627796471795,3,0.5506991028509451,-78.01,2,"[639.2000122070312, 414.0]"
1779196394.4211628,13.123340611000001,0.7135902336887522,0.903,0.0,0.4907224561650667,0.3,5.88691382371341,3,0.5829126993965437,-59.18,2,"[639.2000122070312, 414.0]"
1779196394.4711494,13.1733273,0.7567934833103017,0.903,0.0,0.49144873409413337,0.3,5.981111184528924,3,0.6135923151542565,-51.11,2,"[624.4000244140625, 431.6000061035156]"
1779196394.521005,13.223182787,0.8014269509722297,0.903,0.0,0.4921750670754667,0.3,6.075315685556223,3,0.6504078540635119,-45.73,2,"[624.4000244140625, 431.6000061035156]"
1779196394.571114,13.273291785000001,0.8471529325053297,0.903,0.0,0.4929023159038667,0.3,6.169638970830071,3,0.6887573737606529,2.69,2,"[612.5999755859375, 457.0]"
1779196394.621155,13.323332762000001,0.8935109265710891,0.903,0.0,0.49362955548906673,0.3,6.263961057272162,3,0.7301748550335652,2.69,2,"[612.5999755859375, 457.0]"
1779196394.6713457,13.373523460000001,0.940202228532111,0.903,0.0,0.49435854458240003,0.3,0.07532474560389701,4,0.7715923363064775,2.69,2,"[594.2000122070312, 509.20001220703125]"
1779196394.7213192,13.423497083,0.9865204723096149,0.903,0.0,0.49508472884413335,0.3,0.16950995788062073,4,0.8176117599430467,2.69,2,"[594.2000122070312, 509.20001220703125]"
1779196394.7710547,13.473232517000001,1.0320747526137353,0.903,0.0,0.4958083749464,0.3,0.26336597397290973,4,0.8620972027917303,2.69,2,"[568.0, 557.0]"
1779196394.821032,13.523209825,1.0768052608871137,0.903,0.0,0.4965350112674667,0.3,0.35760981779332823,4,0.9065826456404139,24.21,2,"[568.0, 557.0]"
1779196394.8711276,13.573305546,1.1201703373337242,0.903,0.0,0.49726248649613336,0.3,0.45196246690539255,4,0.9510680884890975,18.83,2,"[535.7999877929688, 598.2000122070312]"
1779196394.9209037,13.623081456000001,1.1615504546191722,0.903,0.0,0.49798679620493336,0.3,0.5459045519549726,4,0.9940195505498954,86.08,2,"[535.7999877929688, 598.2000122070312]"
1779196394.9711103,13.673288020000001,1.2010176833380466,0.903,0.0,0.49871589001093336,0.3,0.6404671285713341,4,1.0369710126106935,121.05,2,"[497.79998779296875, 634.0]"
1779196395.021224,13.723401911000002,1.2378618116353794,0.903,0.0,0.49944353523600005,0.3,0.7348418260089602,4,1.0799224746714913,134.5,2,"[497.79998779296875, 634.0]"
1779196395.071306,13.773483996000001,1.2717995677738567,0.903,0.0,0.5001705552225333,0.3,0.8291354307720553,4,1.1213399559444037,142.57,2,"[476.3999938964844, 656.7999877929688]"
1779196395.1213372,13.823514902000001,1.3025837667196072,0.903,0.0,0.5008983415662667,0.3,0.9235284311284815,4,1.1612234564294304,158.71,2,"[476.3999938964844, 656.7999877929688]"
1779196395.1711066,13.873284569,1.329777445043652,0.903,0.0,0.5016228281457333,0.3,1.0174934560876174,4,1.1980389953386859,158.71,2,"[447.3999938964844, 687.5999755859375]"
1779196395.221114,13.923291636,1.3533427267811389,0.903,0.0,0.5023495175716001,0.3,1.1117441875357699,4,1.2333205534600555,180.23,2,"[447.3999938964844, 687.5999755859375]"
1779196395.270981,13.973158710000002,1.3729336159225178,0.903,0.0,0.5030746596189334,0.3,1.2057942258770673,4,1.2640001692177683,185.60999999999999,2,"[432.3999938964844, 710.0]"
1779196395.3208966,14.023074332,1.3884273693511744,0.903,0.0,0.5038002320273334,0.3,1.2999000815233615,4,1.2900778426118242,201.75,2,"[432.3999938964844, 710.0]"
1779196395.3710153,14.07319305,1.3996918085668288,0.903,0.0,0.504528201898,0.3,1.394316885099002,4,1.3146215352179944,234.03,2,"[428.3999938964844, 716.0]"
1779196395.4212728,14.123450388,1.4065595091370615,0.903,0.0,0.5052567451813333,0.3,1.488808059597531,4,1.3360972662483934,242.1,2,"[428.3999938964844, 716.0]"
1779196395.4711804,14.173358304,1.4089452856103883,0.903,0.0,0.5059828898542666,0.3,1.5829881372552208,4,1.354505035703021,266.31,2,"[419.20001220703125, 730.5999755859375]"
1779196395.521177,14.223354602,1.4068405342232118,0.903,0.0,0.5067097864673333,0.3,1.6772657406302933,4,1.3667768820061064,258.24,2,"[419.20001220703125, 730.5999755859375]"
1779196395.571037,14.273214722,1.4002672165885857,0.903,0.0,0.5074349584678667,0.3,1.771319663865068,4,1.37598076673342,258.24,2,"[411.3999938964844, 742.2000122070312]"
1779196395.6210127,14.323190495,1.389247438283411,0.903,0.0,0.5081614325242667,0.3,1.8655424621562986,4,1.3836506706728484,260.93,2,"[411.3999938964844, 742.2000122070312]"
1779196395.6711736,14.373351394,1.373832510910916,0.903,0.0,0.5088896384162667,0.3,1.9599898774107558,4,1.3836506706728484,250.17,2,"[414.0, 734.4000244140625]"
1779196395.7210832,14.423260987,1.3542318299729947,0.903,0.0,0.5096157259586667,0.3,2.0541625453080137,4,1.3836506706728484,129.12,2,"[414.0, 734.4000244140625]"
1779196395.7710588,14.473236597000001,1.3305690152998746,0.903,0.0,0.5103418101002667,0.3,2.1483347721256614,4,1.3821166898849626,94.14999999999999,2,"[404.20001220703125, 734.7999877929688]"
1779196395.8212097,14.523387568,1.3029670740019113,0.903,0.0,0.5110697600893334,0.3,2.242748997082053,4,1.368310862793992,86.08,2,"[404.20001220703125, 734.7999877929688]"
1779196395.871355,14.573532738,1.2716733823812416,0.903,0.0,0.5117986728390667,0.3,2.3372880909216462,4,1.3529710549151355,51.11,2,"[405.6000061035156, 727.7999877929688]"
1779196395.921228,14.623405649,1.2371987270759646,0.903,0.0,0.5125234233293334,0.3,2.431287344789382,4,1.3314953238847365,67.25,2,"[405.6000061035156, 727.7999877929688]"
1779196395.971167,14.673344837,1.1996006955493081,0.903,0.0,0.5132494663416001,0.3,2.525454237182707,4,1.3054176504906807,67.25,2,"[406.79998779296875, 716.7999877929688]"
1779196396.0210268,14.723204812,1.159295718427404,0.903,0.0,0.5139749399378667,0.3,2.619547277015929,4,1.2762720155208536,51.11,2,"[406.79998779296875, 716.7999877929688]"
1779196396.0711503,14.773327918000001,1.11647881652467,0.903,0.0,0.5147025075258667,0.3,2.7139119050207796,4,1.2471263805510262,59.18,2,"[408.6000061035156, 702.5999755859375]"
1779196396.120933,14.823110804,1.0718258408842307,0.903,0.0,0.5154270795904,0.3,2.807888017288711,4,1.2118448224296565,48.42,2,"[408.6000061035156, 702.5999755859375]"
1779196396.1711736,14.873351187,1.0252918416054475,0.903,0.0,0.5161557050888,0.3,2.9023898549810276,4,1.175029283520401,-5.38,2,"[417.79998779296875, 698.0]"
1779196396.221165,14.923342810000001,0.9776213702287584,0.903,0.0,0.5168829943925334,0.3,2.996718389856202,4,1.1336118022474888,-2.69,2,"[417.79998779296875, 698.0]"
1779196396.271333,14.973510656,0.9290558101116646,0.903,0.0,0.5176117171770667,0.3,3.091232845441251,4,1.0875923786109196,-2.69,2,"[442.20001220703125, 668.4000244140625]"
1779196396.320981,15.023158938000002,0.8805652284417517,0.903,0.0,0.5176657492618667,0.3,3.184944566298004,4,1.043106935762236,-2.69,2,"[442.20001220703125, 668.4000244140625]"
1779196396.3711865,15.073364245,0.8319366782373614,0.903,0.0,0.5169367149698667,0.3,3.279499424021214,4,0.9986214929135524,-2.69,2,"[474.20001220703125, 645.2000122070312]"
1779196396.4213316,15.123509455,0.7841707223154079,0.903,0.0,0.5162090879405333,0.3,3.3738717614944385,4,0.9495341077012119,-2.69,2,"[474.20001220703125, 645.2000122070312]"
1779196396.471029,15.173206882,0.7378193686129106,0.903,0.0,0.5154850101982666,0.3,3.467783760767812,4,0.9050486648525283,-10.76,2,"[518.0, 614.5999755859375]"
1779196396.5210416,15.223219284,0.6928787037889905,0.903,0.0,0.514758063794,0.3,3.562067822000742,4,0.8620972027917303,-48.42,2,"[518.0, 614.5999755859375]"
1779196396.5709562,15.27313395,0.6500141541486326,0.903,0.0,0.5140325889624,0.3,3.6561610220551906,4,0.8114758367915041,-64.56,2,"[554.0, 576.5999755859375]"
1779196396.6212103,15.323388011,0.6092877397648517,0.903,0.0,0.5133030669026667,0.3,3.7507791426579864,4,0.7669903939428205,-91.46,2,"[554.0, 576.5999755859375]"
1779196396.6714814,15.373659246,0.5712890800018665,0.903,0.0,0.5125732886493334,0.3,3.845430491257961,4,0.722504951094137,-112.98,2,"[590.0, 526.7999877929688]"
1779196396.7215612,15.423738894000001,0.5365133576802985,0.903,0.0,0.5118467599476,0.3,3.939660376982218,4,0.679553489033339,-147.95,2,"[590.0, 526.7999877929688]"
1779196396.7710001,15.473177962000001,0.5052914835384087,0.903,0.0,0.511125291302,0.3,4.033233979602912,4,0.6381360077604268,-147.95,2,"[608.7999877929688, 491.6000061035156]"
1779196396.8210187,15.523196418000001,0.47744268485207764,0.903,0.0,0.5103984659894667,0.3,4.127502335385849,4,0.5997864880632857,-158.71,2,"[608.7999877929688, 491.6000061035156]"
1779196396.8710997,15.573277452000001,0.45341949681619215,0.903,0.0,0.5096706869850667,0.3,4.2218943838397,4,0.5645049299419159,-177.54,2,"[633.2000122070312, 456.0]"
1779196396.9209464,15.623124086,0.4335476434004246,0.903,0.0,0.5089463276594667,0.3,4.315842904127674,4,0.5338253141842031,-204.44,2,"[633.2000122070312, 456.0]"
1779196396.9710433,15.673221303000002,0.4177995632971979,0.903,0.0,0.5082182619414667,0.3,4.410272138985448,4,0.504679679214376,-207.13,2,"[659.5999755859375, 427.3999938964844]"
1779196397.0212286,15.723406484000002,0.4064086481860883,0.903,0.0,0.5074896444945334,0.3,4.504772932412365,4,0.4816699673960913,-231.34,2,"[659.5999755859375, 427.3999938964844]"
1779196397.0712094,15.773387048000002,0.39949135103548106,0.903,0.0,0.5067631740278666,0.3,4.598995265119566,4,0.46019423636569234,-236.72,2,"[668.5999755859375, 416.6000061035156]"
1779196397.1212747,15.823452626000002,0.39705601353293485,0.903,0.0,0.5060356202174666,0.3,4.6933581061865155,4,0.44485442848683593,-242.1,2,"[668.5999755859375, 416.6000061035156]"
1779196397.1711018,15.873279533000002,0.39910711717852654,0.903,0.0,0.5053110961274667,0.3,4.787327996216035,4,0.4295146206079795,-242.1,2,"[677.2000122070312, 409.20001220703125]"
1779196397.221119,15.923296586000001,0.405626517295263,0.903,0.0,0.5045838880650666,0.3,4.881645994189448,4,0.42184471666855133,-255.54999999999998,2,"[677.2000122070312, 409.20001220703125]"
1779196397.2711446,15.973322443,0.41653299324356935,0.903,0.0,0.5038572997766667,0.3,4.975883608231634,4,0.42184471666855133,-279.76,2,"[678.4000244140625, 394.79998779296875]"
1779196397.3212094,16.023387185,0.43174370333679185,0.903,0.0,0.5031297503844,0.3,5.070245876272082,4,0.42184471666855133,-266.31,2,"[678.4000244140625, 394.79998779296875]"
1779196397.3711085,16.07328617,0.4510144464217403,0.903,0.0,0.5024050962646667,0.3,5.164232630999287,4,0.42184471666855133,-204.44,2,"[681.5999755859375, 389.0]"
1779196397.4213474,16.123525143000002,0.474368174810726,0.903,0.0,0.5016760352603999,0.3,5.258790953270875,4,0.42337869745643697,-104.91,2,"[681.5999755859375, 389.0]"
1779196397.4711814,16.173359191,0.5013526204730943,0.903,0.0,0.5009501881865334,0.3,5.352932432692906,4,0.4279806398200939,-86.08,2,"[679.2000122070312, 386.79998779296875]"
1779196397.521417,16.223594545,0.5319179933382576,0.903,0.0,0.5002219572826666,0.3,5.447383091955938,4,0.44485442848683593,-83.39,2,"[679.2000122070312, 386.79998779296875]"
1779196397.5712018,16.273379764,0.5655434359576108,0.903,0.0,0.4994969412538667,0.3,5.5414167858472965,4,0.4663301595172349,-83.39,2,"[658.7999877929688, 392.79998779296875]"
1779196397.6213086,16.32348631,0.6021289210125136,0.903,0.0,0.498770417072,0.3,5.635646085350366,4,0.49394181369917645,-75.32,2,"[658.7999877929688, 392.79998779296875]"
1779196397.6712916,16.373469218,0.6413000062297629,0.903,0.0,0.49804343987159994,0.3,5.729934140804197,4,0.5200194870932323,-80.7,2,"[638.7999877929688, 403.6000061035156]"
1779196397.7213366,16.423514565,0.6827692236667207,0.903,0.0,0.49731492253026666,0.3,5.824421950656994,4,0.5506991028509451,-56.49,2,"[638.7999877929688, 403.6000061035156]"
1779196397.7710545,16.473232263,0.7257494453312581,0.903,0.0,0.4965918651733333,0.3,5.918201607198242,4,0.5844466801844292,-45.73,2,"[643.7999877929688, 404.3999938964844]"
1779196397.8210316,16.523209408,0.7703935571746907,0.903,0.0,0.49586506908733335,0.3,6.012466172335483,4,0.619728238305799,-48.42,2,"[643.7999877929688, 404.3999938964844]"
1779196397.871285,16.573462533,0.8162263847171161,0.903,0.0,0.49513601571306665,0.3,6.107023505005387,4,0.6611457195787114,-43.04,2,"[622.0, 450.0]"
1779196397.921323,16.62350103,0.8625764431583114,0.903,0.0,0.4944088766985333,0.3,6.201332547554781,4,0.701029220063738,2.69,2,"[622.0, 450.0]"
1779196397.9710248,16.673202562,0.9089223389407353,0.903,0.0,0.4936852829162667,0.3,0.011996470627348543,5,0.7439806821245359,2.69,2,"[583.7999877929688, 510.20001220703125]"
1779196398.02112,16.723298007,0.9553338088878718,0.903,0.0,0.4929576982225333,0.3,0.10636331722493253,5,0.7884661249732196,2.69,2,"[583.7999877929688, 510.20001220703125]"
1779196398.0710974,16.773275272,1.0010732767190798,0.903,0.0,0.4922312355166667,0.3,0.20058464336584692,5,0.8314175870340175,2.69,2,"[582.2000122070312, 541.0]"
1779196398.1212375,16.823415322000002,1.045972448950994,0.903,0.0,0.4915020764996,0.3,0.2951556777779487,5,0.8743690490948155,34.97,2,"[582.2000122070312, 541.0]"
1779196398.1710782,16.873256067,1.0891829567691158,0.903,0.0,0.4907776888776,0.3,0.38910786807445774,5,0.9203884727313847,29.59,2,"[551.0, 583.0]"
1779196398.2210584,16.923236295000002,1.130726960418545,0.903,0.0,0.4900514831792,0.3,0.48329586066067876,5,0.9648739155800683,72.63,2,"[551.0, 583.0]"
1779196398.2711883,16.973366045000002,1.1702238144544201,0.903,0.0,0.48932351852600003,0.3,0.5777119875372634,5,1.0078253776408663,88.77,2,"[509.3999938964844, 628.7999877929688]"
1779196398.3212395,17.023417073,1.2071987334196987,0.903,0.0,0.48859609667826664,0.3,0.6720577132074368,5,1.0507768397016641,115.67,2,"[509.3999938964844, 628.7999877929688]"
1779196398.3711574,17.0733351,1.2412685966481756,0.903,0.0,0.4878707262832,0.3,0.7661373679709982,5,1.0921943209745766,115.67,2,"[490.20001220703125, 644.0]"
1779196398.4214022,17.12358004,1.2723834754503518,0.903,0.0,0.4871420173344,0.3,0.8606500290783217,5,1.1336118022474888,139.88,2,"[490.20001220703125, 644.0]"
1779196398.4713738,17.17355157,1.300000119536799,0.903,0.0,0.4864164367873334,0.3,0.9547569402997453,5,1.1688933603688585,142.57,2,"[469.3999938964844, 672.4000244140625]"
1779196398.5211983,17.223375995,1.3240659483903867,0.903,0.0,0.4856895049890667,0.3,1.0490391071523035,5,1.201106956914457,182.92,2,"[469.3999938964844, 672.4000244140625]"
1779196398.5712214,17.273399032,1.3442991883313287,0.903,0.0,0.48496353605320003,0.3,1.1431963919269705,5,1.2333205534600555,185.60999999999999,2,"[434.79998779296875, 703.4000244140625]"
1779196398.6211135,17.32329116,1.36056154023375,0.903,0.0,0.4842378113354666,0.3,1.2373220019078701,5,1.2624661884298827,188.29999999999998,2,"[434.79998779296875, 703.4000244140625]"
1779196398.6714773,17.373655249000002,1.3727910042380844,0.903,0.0,0.48350757574720005,0.3,1.3320326662904165,5,1.2885438618239387,185.60999999999999,2,"[427.20001220703125, 711.2000122070312]"
1779196398.7211676,17.423345237,1.3807211847947878,0.903,0.0,0.48278427797986667,0.3,1.4258435037670694,5,1.3115535736422232,215.2,2,"[427.20001220703125, 711.2000122070312]"
1779196398.771273,17.473450604,1.3844398405319027,0.903,0.0,0.4820567889590667,0.3,1.520197941701987,5,1.3268933815210797,215.2,2,"[417.6000061035156, 721.0]"
1779196398.821324,17.523501971,1.3838708826038122,0.903,0.0,0.48132991266360003,0.3,1.6144729099091393,5,1.342233189399936,228.65,2,"[417.6000061035156, 721.0]"
1779196398.8710468,17.573224439,1.3790558862086308,0.903,0.0,0.4806049926710667,0.3,1.7084941480139477,5,1.35143707412725,266.31,2,"[422.20001220703125, 741.4000244140625]"
1779196398.9209867,17.623164594000002,1.370032805387386,0.903,0.0,0.47987866250919997,0.3,1.8026982833598595,5,1.3560390164909069,271.69,2,"[422.20001220703125, 741.4000244140625]"
1779196398.9711385,17.67331614,1.3568634094124778,0.903,0.0,0.47915060009026667,0.3,1.8971270903327095,5,1.359106978066678,236.72,2,"[417.0, 722.4000244140625]"
1779196399.0211678,17.72334558,1.339732034792556,0.903,0.0,0.47842398558373334,0.3,1.991368104834784,5,1.3575729972787924,174.85,2,"[417.0, 722.4000244140625]"
1779196399.071321,17.773498844000002,1.3187686339883138,0.903,0.0,0.4776969902021333,0.3,2.0856585183680636,5,1.3575729972787924,94.14999999999999,2,"[390.3999938964844, 728.5999755859375]"
1779196399.1212125,17.823390205000003,1.2941768930067645,0.903,0.0,0.47696993904159996,0.3,2.1799561663609026,5,1.3529710549151355,61.87,2,"[390.3999938964844, 728.5999755859375]"
1779196399.1712022,17.873380008,1.2662369847510597,0.903,0.0,0.47624409824613334,0.3,2.274096831482119,5,1.3360972662483934,61.87,2,"[409.6000061035156, 721.4000244140625]"
1779196399.2211373,17.923314963000003,1.2351382372830728,0.903,0.0,0.4755175817088,0.3,2.3683251394985447,5,1.3176894967937658,67.25,2,"[409.6000061035156, 721.4000244140625]"
1779196399.2710724,17.973250221,1.2012168052605088,0.903,0.0,0.4747916078170667,0.3,2.462483067043074,5,1.2931458041875956,-8.07,2,"[436.20001220703125, 720.0]"
1779196399.3211403,18.023318223,1.1646299417014805,0.903,0.0,0.4740631310092,0.3,2.5569656197547275,5,1.2686021115814252,-5.38,2,"[436.20001220703125, 720.0]"
1779196399.3711367,18.073314286000002,1.125972018291676,0.903,0.0,0.4733373659033333,0.3,2.6510964680272195,5,1.2409904573994837,-8.07,2,"[416.20001220703125, 699.7999877929688]"
1779196399.4210744,18.123252014000002,1.08544352922984,0.903,0.0,0.4726113074421333,0.3,2.745265364128336,5,1.2087768608538851,-5.38,2,"[416.20001220703125, 699.7999877929688]"
1779196399.471336,18.173513555,1.0432119032033556,0.903,0.0,0.47188163217199997,0.3,2.8399033559329823,5,1.1734953027325155,-5.38,2,"[418.0, 711.7999877929688]"
1779196399.5214741,18.223651976000003,0.9999345730985121,0.903,0.0,0.4711532479124,0.3,2.9343739052474263,5,1.1366797638232602,-2.69,2,"[418.0, 711.7999877929688]"
1779196399.571245,18.273422574,0.9561855064243111,0.903,0.0,0.47042911562653333,0.3,3.02829297875914,5,1.0998642249140047,-2.69,2,"[455.0, 678.0]"
1779196399.6212072,18.323385043000002,0.9119721673901192,0.903,0.0,0.46970284265333334,0.3,3.1224896968047986,5,1.0584467436410925,-2.69,2,"[455.0, 678.0]"
1779196399.6711648,18.373342665000003,0.8678297819600516,0.903,0.0,0.46897679924866664,0.3,3.2166566400919194,5,1.01702926236818,-2.69,2,"[459.20001220703125, 659.2000122070312]"
1779196399.7211535,18.423331299,0.8240698422662784,0.903,0.0,0.46824966119333333,0.3,3.310965558234244,5,0.9756117810952678,-2.69,2,"[459.20001220703125, 659.2000122070312]"
1779196399.771164,18.473341709,0.7812179608872868,0.903,0.0,0.4675237511610667,0.3,3.4051152032838985,5,0.9341942998223555,-18.83,2,"[510.6000061035156, 615.4000244140625]"
1779196399.8212633,18.523440959000002,0.7395093715582471,0.903,0.0,0.46679664913386665,0.3,3.4994194486213104,5,0.8912428377615575,-21.52,2,"[510.6000061035156, 615.4000244140625]"
1779196399.8710322,18.573210002,0.6995001661615663,0.903,0.0,0.4660717389222666,0.3,3.593439418151,5,0.8498253564886452,-26.9,2,"[558.0, 595.7999877929688]"
1779196399.9214494,18.623627168000002,0.6611272345076273,0.903,0.0,0.46534127091693334,0.3,3.688180226743377,5,0.803805932852076,-61.87,2,"[558.0, 595.7999877929688]"
1779196399.971127,18.673304830000003,0.625371896854781,0.903,0.0,0.4646177234814667,0.3,3.7820234458721487,5,0.7623884515791637,-61.87,2,"[566.4000244140625, 586.2000122070312]"
1779196400.0211093,18.723287228,0.5920346879337101,0.903,0.0,0.4638911351203999,0.3,3.8762610693391153,5,0.722504951094137,-94.14999999999999,2,"[566.4000244140625, 586.2000122070312]"
1779196400.0712373,18.773415101,0.5615087947070165,0.903,0.0,0.46316329930519995,0.3,3.970660486084377,5,0.6872233929727672,-112.98,2,"[596.5999755859375, 503.79998779296875]"
1779196400.121069,18.823246668,0.5341992320766358,0.903,0.0,0.4624378033130666,0.3,4.064756430634169,5,0.6534758156392831,-139.88,2,"[596.5999755859375, 503.79998779296875]"
1779196400.170943,18.873120782,0.5102439977215082,0.903,0.0,0.46171260470200004,0.3,4.1588138052226356,5,0.6212622190936846,-158.71,2,"[618.4000244140625, 478.3999938964844]"
1779196400.2211893,18.923367023,0.4897315453969042,0.903,0.0,0.46098346575546667,0.3,4.253382236511065,5,0.5890486225480862,-177.54,2,"[618.4000244140625, 478.3999938964844]"
1779196400.2710135,18.973191208000003,0.47306071106060094,0.903,0.0,0.4602586211618666,0.3,4.347393695466259,5,0.5599029875782591,-199.06,2,"[633.2000122070312, 439.20001220703125]"
1779196400.3213573,19.023534986,0.46014908217598643,0.903,0.0,0.4595280017337333,0.3,4.442154143410953,5,0.5338253141842031,-204.44,2,"[633.2000122070312, 439.20001220703125]"
1779196400.371173,19.073350846,0.45130706735641685,0.903,0.0,0.45880364913706667,0.3,4.536101790964487,5,0.5108156023659185,-204.44,2,"[647.7999877929688, 428.79998779296875]"
1779196400.4213371,19.123515104000003,0.44646088158322206,0.903,0.0,0.4580762569954666,0.3,4.630443663785428,5,0.49394181369917645,-223.26999999999998,2,"[647.7999877929688, 428.79998779296875]"
1779196400.4711664,19.173343999,0.4456830915884185,0.903,0.0,0.45735070760786667,0.3,4.724546533662064,5,0.48013598660820567,-225.96,2,"[672.0, 420.79998779296875]"
1779196400.521159,19.223336856,0.4489650143446515,0.903,0.0,0.45662314586226666,0.3,4.818910403914771,5,0.4693981210930062,-223.26999999999998,2,"[672.0, 420.79998779296875]"
1779196400.571026,19.273203885,0.45623524033434576,0.903,0.0,0.4558984893881333,0.3,4.912897464004779,5,0.4663301595172349,-244.79,2,"[653.2000122070312, 426.6000061035156]"
1779196400.6212142,19.323391758,0.46748966169755446,0.903,0.0,0.45517009585626667,0.3,5.007369215920889,5,0.4663301595172349,-244.79,2,"[653.2000122070312, 426.6000061035156]"
1779196400.671206,19.373383796000002,0.4825500194617655,0.903,0.0,0.4544433382545333,0.3,5.101628789695724,5,0.4663301595172349,-207.13,2,"[667.2000122070312, 384.3999938964844]"
1779196400.7211978,19.423375619,0.5012873392050219,0.903,0.0,0.4537167222801334,0.3,5.19586999457831,5,0.4663301595172349,-137.19,2,"[667.2000122070312, 384.3999938964844]"
1779196400.771286,19.473463806,0.5235367924390766,0.903,0.0,0.45298978522079997,0.3,5.290152843784796,5,0.4663301595172349,-137.19,2,"[671.0, 394.20001220703125]"
1779196400.8213363,19.523513961000003,0.5490904059511308,0.903,0.0,0.45226262657173333,0.3,5.384464432909198,5,0.48013598660820567,-75.32,2,"[671.0, 394.20001220703125]"
1779196400.8710651,19.573243005000002,0.5775957419148234,0.903,0.0,0.45153809524413324,0.3,5.478435261646602,5,0.4954757944870621,-91.46,2,"[648.4000244140625, 388.20001220703125]"
1779196400.920923,19.623100732,0.6089048592078481,0.903,0.0,0.45081297070946663,0.3,5.572483028616411,5,0.5138835639416898,-72.63,2,"[648.4000244140625, 388.20001220703125]"
1779196400.9711566,19.673334425,0.6429099674520392,0.903,0.0,0.45008370061413333,0.3,5.667068469744102,5,0.5384272565478601,-72.63,2,"[665.7999877929688, 416.0]"
1779196401.0211868,19.723364785,0.6790097249921634,0.903,0.0,0.4493567442981333,0.3,5.7613538165167455,5,0.5660389107298016,-56.49,2,"[665.7999877929688, 416.0]"
1779196401.071183,19.773360795000002,0.7169708940318524,0.903,0.0,0.448629969082,0.3,5.855615674857759,5,0.5951845456996288,-51.11,2,"[638.4000244140625, 410.3999938964844]"
1779196401.1211634,19.823341276,0.7564528341410952,0.903,0.0,0.44790331037959996,0.3,5.949862421509792,5,0.6258641614573416,-45.73,2,"[638.4000244140625, 410.3999938964844]"
1779196401.1712916,19.873469237000002,0.7971273339115219,0.903,0.0,0.44717627940586663,0.3,6.044157451299313,5,0.6596117387908257,-45.73,2,"[624.0, 442.0]"
1779196401.2211182,19.92329617,0.8384917151426535,0.903,0.0,0.44645129882386664,0.3,6.138186547783981,5,0.6979612584879668,5.38,2,"[624.0, 442.0]"
1779196401.2712631,19.973440952,0.8804789048263997,0.903,0.0,0.4457230719748,0.3,6.232636681144406,5,0.7332428166093364,2.69,2,"[576.2000122070312, 507.0]"
1779196401.3209934,20.023171167,0.9222990647618715,0.903,0.0,0.444998847504,0.3,0.04338240374985247,6,0.7700583555185919,2.69,2,"[576.2000122070312, 507.0]"
1779196401.3711789,20.073356750000002,0.964062312101177,0.903,0.0,0.4442702506072,0.3,0.13788053184956084,6,0.8099418560036186,2.69,2,"[581.4000244140625, 530.4000244140625]"
1779196401.4210684,20.123246197,1.0049562308926472,0.903,0.0,0.44354503038506665,0.3,0.23194070936698807,6,0.8513593372765309,2.69,2,"[581.4000244140625, 530.4000244140625]"
1779196401.471174,20.173351791,1.0449721191625376,0.903,0.0,0.4428169271856,0.3,0.32637480552523357,6,0.8897088569736719,26.9,2,"[555.7999877929688, 566.7999877929688]"
1779196401.5213153,20.223493221000002,1.0835988176074374,0.903,0.0,0.4420887082281333,0.3,0.4208239153547666,6,0.9341942998223555,40.35,2,"[555.7999877929688, 566.7999877929688]"
1779196401.5711162,20.273293906000003,1.1203218224347293,0.903,0.0,0.4413639046476,0.3,0.5148300549652802,6,0.9725438195194965,40.35,2,"[512.4000244140625, 641.5999755859375]"
1779196401.6210883,20.323266114000003,1.1550549743856806,0.903,0.0,0.4406380715693333,0.3,0.6089697191750716,6,1.012427320004523,80.7,2,"[512.4000244140625, 641.5999755859375]"
1779196401.6711204,20.37329836,1.1875207884134116,0.903,0.0,0.43991044900173326,0.3,0.70334147796693,6,1.047708878125893,107.6,2,"[501.3999938964844, 637.5999755859375]"
1779196401.7211466,20.423324263,1.2173395697008944,0.903,0.0,0.43918309203079997,0.3,0.7976787891953379,6,1.0829904362472627,134.5,2,"[501.3999938964844, 637.5999755859375]"
1779196401.7709696,20.473147431,1.2441411532477233,0.903,0.0,0.43845934451493335,0.3,0.8915479585077506,6,1.1167380135807468,139.88,2,"[468.6000061035156, 649.5999755859375]"
1779196401.8211527,20.523330347,1.2679865384679276,0.903,0.0,0.4377312470416,0.3,0.9859813119934913,6,1.1520195717021164,150.64,2,"[468.6000061035156, 649.5999755859375]"
1779196401.87126,20.573437796,1.2885064057199256,0.903,0.0,0.43700304534973333,0.3,1.0804281824957869,6,1.1826991874598294,172.16,2,"[450.0, 677.4000244140625]"
1779196401.9213426,20.623520335000002,1.3055209144200304,0.903,0.0,0.43627505567013325,0.3,1.1748475552658988,6,1.210310841641771,182.92,2,"[450.0, 677.4000244140625]"
1779196401.9711702,20.673347959,1.318839940933433,0.903,0.0,0.43555064835546664,0.3,1.2688022996772332,6,1.2348545342479411,182.92,2,"[468.6000061035156, 700.2000122070312]"
1779196402.0213273,20.723505055,1.3284933839056803,0.903,0.0,0.43482220844773334,0.3,1.363280066486638,6,1.2578642460662257,185.60999999999999,2,"[468.6000061035156, 700.2000122070312]"
1779196402.0710828,20.773260523,1.3343034497518702,0.903,0.0,0.43409747586253333,0.3,1.4572769980890854,6,1.2747380347329678,185.60999999999999,2,"[418.0, 726.0]"
1779196402.1214077,20.823585658000002,1.336290557991117,0.903,0.0,0.43336773562840003,0.3,1.551923415645227,6,1.2885438618239387,204.44,2,"[418.0, 726.0]"
1779196402.1713245,20.873502220000002,1.3344202957992997,0.903,0.0,0.4326425337327999,0.3,1.6459812162336576,6,1.2992817273391382,217.89,2,"[423.3999938964844, 708.0]"
1779196402.2212477,20.923425447,1.3287312607141857,0.903,0.0,0.4319158837213334,0.3,1.7402268356822432,6,1.3100195928543377,217.89,2,"[423.3999938964844, 708.0]"
1779196402.2712803,20.973457953,1.3192933852172344,0.903,0.0,0.43118966782053336,0.3,1.8344161515072912,6,1.3115535736422232,239.41,2,"[416.3999938964844, 721.0]"
1779196402.3212528,21.023430399000002,1.3061866500897958,0.903,0.0,0.430462769478,0.3,1.928693979192083,6,1.3115535736422232,217.89,2,"[416.3999938964844, 721.0]"
1779196402.3713946,21.073572581,1.2895356384065857,0.903,0.0,0.429735426648,0.3,2.0230294563586995,6,1.3115535736422232,217.89,2,"[411.0, 713.5999755859375]"
1779196402.421365,21.123542846000003,1.2695327231641067,0.903,0.0,0.42900894102306664,0.3,2.1172537550745787,6,1.3100195928543377,121.05,2,"[411.0, 713.5999755859375]"
1779196402.4713433,21.173521095,1.2463534673608252,0.903,0.0,0.4282825839309333,0.3,2.211461383243204,6,1.2992817273391382,83.39,2,"[413.79998779296875, 708.7999877929688]"
1779196402.5211096,21.223287387000003,1.2202593144864595,0.903,0.0,0.42755750469666665,0.3,2.3055032748064335,6,1.2854759002481673,69.94,2,"[413.79998779296875, 708.7999877929688]"
1779196402.5711064,21.273284109000002,1.1914023872906048,0.903,0.0,0.4268312122924,0.3,2.3997025130377168,6,1.2701360923693108,-8.07,2,"[416.20001220703125, 703.7999877929688]"
1779196402.6212094,21.323387186,1.1600241824491555,0.903,0.0,0.426103470566,0.3,2.4940897265804765,6,1.2471263805510262,-5.38,2,"[416.20001220703125, 703.7999877929688]"
1779196402.6713107,21.373488607000002,1.1264588466564296,0.903,0.0,0.42537555134399996,0.3,2.58849996108588,6,1.222582687944856,-5.38,2,"[415.20001220703125, 692.2000122070312]"
1779196402.7214224,21.423600301,1.0910724815057242,0.903,0.0,0.42464868513466664,0.3,2.6827736211338546,6,1.1949710337629145,-5.38,2,"[415.20001220703125, 692.2000122070312]"
1779196402.7713246,21.473502240000002,1.0541870601865608,0.903,0.0,0.4239227568194666,0.3,2.7769256374576443,6,1.167359379580973,-5.38,2,"[416.6000061035156, 697.4000244140625]"
1779196402.8212662,21.523444049000002,1.016049896986903,0.903,0.0,0.4231960753724,0.3,2.871175334065178,6,1.1351457830353744,-2.69,2,"[416.6000061035156, 697.4000244140625]"
1779196402.8712285,21.573406415,0.9770579684800942,0.903,0.0,0.4224697063484,0.3,2.9653845097823464,6,1.1013982057018903,-2.69,2,"[430.20001220703125, 682.7999877929688]"
1779196402.9209647,21.623142442000002,0.9377054413477848,0.903,0.0,0.4217462983602666,0.3,3.0592096427622124,6,1.0676506283684062,-2.69,2,"[430.20001220703125, 682.7999877929688]"
1779196402.971184,21.673361753000002,0.897875049998076,0.903,0.0,0.4210172545634666,0.3,3.153765733246381,6,1.0323690702470365,-2.69,2,"[455.79998779296875, 658.7999877929688]"
1779196403.021272,21.72344966,0.8583052350520628,0.903,0.0,0.42028963666106667,0.3,3.248136886967494,6,0.9924855697620099,-2.69,2,"[455.79998779296875, 658.7999877929688]"
1779196403.0711894,21.773367108000002,0.8193498259718928,0.903,0.0,0.4195635303706666,0.3,3.3423119864574673,6,0.9556700308527545,-10.76,2,"[515.5999755859375, 623.7999877929688]"
1779196403.1212122,21.823390155000002,0.7812270525726448,0.903,0.0,0.41883660134826667,0.3,3.4365937932835138,6,0.9157865303677277,-5.38,2,"[515.5999755859375, 623.7999877929688]"
1779196403.171129,21.873306634000002,0.7443580124252137,0.903,0.0,0.41811049837146663,0.3,3.5307684630036107,6,0.8774370106705868,-5.38,2,"[552.2000122070312, 598.5999755859375]"
1779196403.2214131,21.923590903,0.7088914768577177,0.903,0.0,0.4173816611078667,0.3,3.6252977663838593,6,0.8375535101855601,-40.35,2,"[552.2000122070312, 598.5999755859375]"
1779196403.2714348,21.973612673,0.6753771239832073,0.903,0.0,0.4166549968101333,0.3,3.719545238743791,6,0.7992039904884191,-37.66,2,"[567.7999877929688, 568.0]"
1779196403.3211327,22.023310478000003,0.6441179779869972,0.903,0.0,0.4159312239917333,0.3,3.813417689763888,6,0.765456413154935,-88.77,2,"[567.7999877929688, 568.0]"
1779196403.3711562,22.073334205000002,0.6151060249890794,0.903,0.0,0.415203815006,0.3,3.9077617472483652,6,0.7317088358214509,-102.22,2,"[587.5999755859375, 531.2000122070312]"
1779196403.4213724,22.123550378,0.5887234351810411,0.903,0.0,0.4144755318112,0.3,4.00221918858162,6,0.6994952392758523,-121.05,2,"[587.5999755859375, 531.2000122070312]"
1779196403.471265,22.173442899,0.5652849383376608,0.903,0.0,0.41374899045093333,0.3,4.096450716102197,6,0.6657476619423682,-134.5,2,"[608.5999755859375, 482.0]"
1779196403.5212333,22.223411089000003,0.5449299358510387,0.903,0.0,0.4130227570956,0.3,4.190642295758913,6,0.6366020269725411,-137.19,2,"[608.5999755859375, 482.0]"
1779196403.5714226,22.273600252,0.5277715128669198,0.903,0.0,0.4122943608750666,0.3,4.285114396391805,6,0.6120583343663708,-137.19,2,"[622.4000244140625, 458.20001220703125]"
1779196403.6214335,22.323611112000002,0.5140535480621841,0.903,0.0,0.4115682127432,0.3,4.379294922668926,6,0.5875146417602005,-150.64,2,"[622.4000244140625, 458.20001220703125]"
1779196403.6713367,22.373514248000003,0.503835842622582,0.903,0.0,0.41084276978319995,0.3,4.473383989015758,6,0.5675728915176872,-188.29999999999998,2,"[631.0, 440.79998779296875]"
1779196403.7209783,22.423156112,0.49719291497922513,0.903,0.0,0.4101190307984,0.3,4.567252051859235,6,0.5476311412751739,-185.60999999999999,2,"[631.0, 440.79998779296875]"
1779196403.7710087,22.473186524000003,0.49413747260432006,0.903,0.0,0.40939227499880004,0.3,4.661511391899573,6,0.5338253141842031,-204.44,2,"[657.2000122070312, 432.0]"
1779196403.8212132,22.52339117,0.494726655309123,0.903,0.0,0.40866319430186665,0.3,4.75607226828599,6,0.5200194870932323,-201.75,2,"[657.2000122070312, 432.0]"
1779196403.871439,22.573616859,0.4989537173810966,0.903,0.0,0.40793460525306663,0.3,4.850569378509682,6,0.5123495831538042,-207.13,2,"[665.7999877929688, 426.6000061035156]"
1779196403.9213958,22.623573585000003,0.5067316421223941,0.903,0.0,0.40720871957866667,0.3,4.944715864373762,6,0.5092816215780329,-223.26999999999998,2,"[665.7999877929688, 426.6000061035156]"
1779196403.9711933,22.673370948000002,0.517974080044034,0.903,0.0,0.4064836079786667,0.3,5.038761953733093,6,0.5077476407901472,-223.26999999999998,2,"[691.4000244140625, 413.0]"
1779196404.0212193,22.72339699,0.5326182291609811,0.903,0.0,0.40575660078146664,0.3,5.133053899735266,6,0.5077476407901472,-199.06,2,"[691.4000244140625, 413.0]"
1779196404.0712457,22.773423412,0.5504874316663575,0.903,0.0,0.4050299546794666,0.3,5.2272990121308,6,0.5092816215780329,-134.5,2,"[645.7999877929688, 415.3999938964844]"
1779196404.1212618,22.823439822,0.57146384301925,0.903,0.0,0.40430182260226666,0.3,5.321736853695803,6,0.5154175447295755,-75.32,2,"[645.7999877929688, 415.3999938964844]"
1779196404.1711724,22.873350255000002,0.5951942838056221,0.903,0.0,0.40357721359399995,0.3,5.415717757520852,6,0.5292233718205462,-83.39,2,"[644.4000244140625, 409.3999938964844]"
1779196404.2211087,22.923286487000002,0.6216037306390774,0.903,0.0,0.40285128389813335,0.3,5.509869952915423,6,0.5445631796994026,-45.73,2,"[644.4000244140625, 409.3999938964844]"
1779196404.2711954,22.973373169000002,0.6504911782279255,0.903,0.0,0.4021233393009333,0.3,5.604283478553292,6,0.5645049299419159,-53.8,2,"[632.0, 415.6000061035156]"
1779196404.3213584,23.023536253000003,0.6815467607241537,0.903,0.0,0.40139480835639996,0.3,5.698773052724526,6,0.5859806609723149,-45.73,2,"[632.0, 415.6000061035156]"
1779196404.3711567,23.073334501,0.7142604174129713,0.903,0.0,0.40067066011293334,0.3,5.792694195917477,6,0.6105243535784852,-45.73,2,"[624.7999877929688, 426.79998779296875]"
1779196404.4210541,23.123231760000003,0.748595028079917,0.903,0.0,0.3999449137841333,0.3,5.8868226088273445,6,0.6381360077604268,-48.42,2,"[624.7999877929688, 426.79998779296875]"
1779196404.4711032,23.173280762,0.7842285102626952,0.903,0.0,0.3992180076517333,0.3,5.981101446848328,6,0.6657476619423682,-37.66,2,"[612.0, 440.0]"
1779196404.520959,23.223136495000002,0.8207094586318527,0.903,0.0,0.39849261378533335,0.3,6.075184145815172,6,0.6948932969121955,2.69,2,"[612.0, 440.0]"
1779196404.5710547,23.273232376000003,0.8578916583271501,0.903,0.0,0.39776514195746665,0.3,6.169536353847626,6,0.7286408742456796,2.69,2,"[602.7999877929688, 489.6000061035156]"
1779196404.6211388,23.323316668,0.8953617269540468,0.903,0.0,0.3970372277204,0.3,6.263945941813262,6,0.7623884515791637,2.69,2,"[602.7999877929688, 489.6000061035156]"
1779196404.6714456,23.373623274,0.9328862471134236,0.903,0.0,0.39630689776719996,0.3,0.07548353803288421,7,0.7976700097005334,2.69,2,"[573.4000244140625, 519.0]"
1779196404.7211053,23.423282965000002,0.969611769838745,0.903,0.0,0.39558437108039995,0.3,0.16919436730564286,7,0.8360195293976744,2.69,2,"[573.4000244140625, 519.0]"
1779196404.7710142,23.473191954,1.0057836154296893,0.903,0.0,0.3948585073658667,0.3,0.26333800500182747,7,0.8697671067311585,2.69,2,"[550.7999877929688, 560.5999755859375]"
1779196404.821023,23.523200980000002,1.0409589737157712,0.903,0.0,0.3941316848292,0.3,0.35760600075824556,7,0.9065826456404139,13.45,2,"[550.7999877929688, 560.5999755859375]"
1779196404.8712003,23.573378188000003,1.0748615870342468,0.903,0.0,0.39340309192906664,0.3,0.4521036104951648,7,0.940330222973898,26.9,2,"[534.2000122070312, 597.0]"
1779196404.9210172,23.623194872000003,1.1069453408441272,0.903,0.0,0.39267825823546665,0.3,0.546113655733663,7,0.9756117810952678,83.39,2,"[534.2000122070312, 597.0]"
1779196404.9710376,23.673215260000003,1.1371911607882979,0.903,0.0,0.3919514460901333,0.3,0.6403803037468307,7,1.0078253776408663,99.53,2,"[516.5999755859375, 623.4000244140625]"
1779196405.0211446,23.723322441,1.1652819775991443,0.903,0.0,0.3912237080116,0.3,0.7347670441657357,7,1.0415729549743504,118.36,2,"[516.5999755859375, 623.4000244140625]"
1779196405.0713642,23.773541998000002,1.1909826678486393,0.903,0.0,0.3904945790930666,0.3,0.8293341748348055,7,1.0737865515199487,129.12,2,"[484.6000061035156, 641.4000244140625]"
1779196405.1213508,23.823528586000002,1.213938296039076,0.903,0.0,0.38976809769733334,0.3,0.9235579250286108,7,1.1044661672776617,142.57,2,"[484.6000061035156, 641.4000244140625]"
1779196405.1710832,23.873260791,1.233979043673572,0.903,0.0,0.3890444980436,0.3,1.0174079168028243,7,1.1351457830353744,142.57,2,"[466.79998779296875, 658.4000244140625]"
1779196405.2210782,23.923255799000003,1.2511116428796778,0.903,0.0,0.3883173431296,0.3,1.1117190214936343,7,1.1596894756415448,156.02,2,"[466.79998779296875, 658.4000244140625]"
1779196405.2710419,23.973219668000002,1.265067437089367,0.903,0.0,0.38759148822226663,0.3,1.2058615169067295,7,1.1826991874598294,166.78,2,"[454.20001220703125, 671.4000244140625]"
1779196405.3211303,24.023308154000002,1.2757929011339462,0.903,0.0,0.3868636305489333,0.3,1.3002637686252,7,1.201106956914457,180.23,2,"[454.20001220703125, 671.4000244140625]"
1779196405.3713198,24.073497364,1.2831572799971167,0.903,0.0,0.3861363670854666,0.3,1.3945889520493324,7,1.2210487071569704,190.99,2,"[441.79998779296875, 696.4000244140625]"
1779196405.4215286,24.12370654,1.287115413109818,0.903,0.0,0.3854098751385333,0.3,1.488814070720899,7,1.2379224958237125,190.99,2,"[441.79998779296875, 696.4000244140625]"
1779196405.4712281,24.173405915,1.2876544631555769,0.903,0.0,0.38468332686039997,0.3,1.583046495480339,7,1.2517283229146832,193.68,2,"[424.6000061035156, 702.5999755859375]"
1779196405.5210848,24.223262659000003,1.284789435900358,0.903,0.0,0.38395794938760003,0.3,1.677127068217274,7,1.2593982268541113,193.68,2,"[424.6000061035156, 702.5999755859375]"
1779196405.5710952,24.273273051,1.2785408663356364,0.903,0.0,0.3832306216141333,0.3,1.7714605925699018,7,1.265534150005654,182.92,2,"[424.0, 708.4000244140625]"
1779196405.6210518,24.323229439000002,1.2689966425825963,0.903,0.0,0.3825043620406666,0.3,1.8656555726865065,7,1.2670681307935396,201.75,2,"[424.0, 708.4000244140625]"
1779196405.6711683,24.373346161,1.256211688616785,0.903,0.0,0.38177630382186667,0.3,1.960083834907195,7,1.2670681307935396,199.06,2,"[429.0, 697.5999755859375]"
1779196405.7212167,24.423394321,1.2403496053971899,0.903,0.0,0.3810489957992,0.3,2.054414797605169,7,1.2670681307935396,78.01,2,"[429.0, 697.5999755859375]"
1779196405.771145,24.473322755,1.221614061943138,0.903,0.0,0.38032393598146663,0.3,2.14845417086773,7,1.2624661884298827,59.18,2,"[425.3999938964844, 699.5999755859375]"
1779196405.8211987,24.523376486,1.20007692591932,0.903,0.0,0.3795969544646666,0.3,2.2427427861533715,7,1.2501943421267976,64.56,2,"[425.3999938964844, 699.5999755859375]"
1779196405.8713555,24.573533215,1.1759487041393428,0.903,0.0,0.3788689055908,0.3,2.3371698363476128,7,1.2363885150358267,-5.38,2,"[415.0, 696.5999755859375]"
1779196405.9211917,24.623369519,1.149595823576715,0.903,0.0,0.37814381808706665,0.3,2.4312128004505738,7,1.2195147263690846,-5.38,2,"[415.0, 696.5999755859375]"
1779196405.9710176,24.673195306,1.1211558293737418,0.903,0.0,0.37741845799613327,0.3,2.525291118780622,7,1.201106956914457,-5.38,2,"[418.6000061035156, 689.2000122070312]"
1779196406.021166,24.723344063000003,1.0907796817095485,0.903,0.0,0.3766903452046666,0.3,2.6197264590095557,7,1.1780972450961724,-5.38,2,"[418.6000061035156, 689.2000122070312]"
1779196406.071197,24.773374704000002,1.0588838632032587,0.903,0.0,0.3759630065748,0.3,2.7140613914240106,7,1.1550875332778878,-2.69,2,"[426.0, 673.5999755859375]"
1779196406.1211133,24.823291039,1.0257907093291676,0.903,0.0,0.3752370533785333,0.3,2.8082166347917763,7,1.1259418983080607,-5.38,2,"[426.0, 673.5999755859375]"
1779196406.1710663,24.873243979,0.991743201609536,0.903,0.0,0.3745111933845333,0.3,2.902359789939325,7,1.0998642249140047,-2.69,2,"[439.3999938964844, 654.0]"
1779196406.2211778,24.923355437,0.9569570938499327,0.903,0.0,0.3737835618789333,0.3,2.9967327079788717,7,1.069184609156292,-2.69,2,"[439.3999938964844, 654.0]"
1779196406.271175,24.973352898,0.9218802694032469,0.903,0.0,0.37305704223146663,0.3,3.0909614193757946,7,1.0369710126106935,-2.69,2,"[453.3999938964844, 650.0]"
1779196406.3213863,25.023564235000002,0.88666402258402,0.903,0.0,0.3723282726641333,0.3,3.1854819426328973,7,1.004757416065095,-2.69,2,"[453.3999938964844, 650.0]"
1779196406.3710968,25.07327467,0.8519426383582711,0.903,0.0,0.37160394837839994,0.3,3.2794259182929366,7,0.9710098387316108,-2.69,2,"[472.6000061035156, 631.7999877929688]"
1779196406.4211671,25.123344969,0.8176903374008295,0.903,0.0,0.3708771384276,0.3,3.373692281677812,7,0.9357282806102412,-2.69,2,"[472.6000061035156, 631.7999877929688]"
1779196406.4710114,25.173189212,0.7843913921977174,0.903,0.0,0.37015171674439995,0.3,3.4677785884496615,7,0.9035146840646426,-2.69,2,"[508.6000061035156, 616.2000122070312]"
1779196406.5209816,25.223159476000003,0.752238677502946,0.903,0.0,0.36942555519826664,0.3,3.561960854540793,7,0.8713010875190442,-29.59,2,"[508.6000061035156, 616.2000122070312]"
1779196406.5711558,25.273333595,0.7214539508754603,0.903,0.0,0.36869713235266666,0.3,3.6564364084123326,7,0.8360195293976744,-34.97,2,"[535.2000122070312, 579.2000122070312]"
1779196406.6210272,25.323205086,0.6925254115384292,0.903,0.0,0.3679717523801333,0.3,3.750517305361633,7,0.8007379712763046,-53.8,2,"[535.2000122070312, 579.2000122070312]"
1779196406.6711905,25.373368199,0.6654631932310454,0.903,0.0,0.36724337249506667,0.3,3.8449872873044413,7,0.7685243747307062,-72.63,2,"[571.5999755859375, 549.4000244140625]"
1779196406.721416,25.423593906,0.6406149878856982,0.903,0.0,0.36651471157893334,0.3,3.9394937186335355,7,0.7393787397608791,-83.39,2,"[571.5999755859375, 549.4000244140625]"
1779196406.7713387,25.473516487,0.6183073560377297,0.903,0.0,0.36578959579333337,0.3,4.033540350860079,7,0.7117670855789375,-83.39,2,"[578.7999877929688, 517.7999877929688]"
1779196406.8209877,25.523165577,0.5986216065250141,0.903,0.0,0.36506527762613333,0.3,4.127483532953818,7,0.6856894121848816,-118.36,2,"[578.7999877929688, 517.7999877929688]"
1779196406.8713405,25.573518167000003,0.581591937515948,0.903,0.0,0.3643361330261333,0.3,4.222052697489971,7,0.6611457195787114,-131.81,2,"[608.7999877929688, 491.20001220703125]"
1779196406.9211931,25.623370899,0.5675384468762723,0.903,0.0,0.3636092482577333,0.3,4.316328764626235,7,0.6381360077604268,-139.88,2,"[608.7999877929688, 491.20001220703125]"
1779196406.9709618,25.673139504,0.5565622784897759,0.903,0.0,0.36288582547466663,0.3,4.410155816490892,7,0.6166602767300278,-147.95,2,"[631.2000122070312, 461.79998779296875]"
1779196407.0210528,25.723230669000003,0.5486373126777251,0.903,0.0,0.36215818859173327,0.3,4.504529431964009,7,0.5982525072754,-172.16,2,"[631.2000122070312, 461.79998779296875]"
1779196407.071399,25.773576745000003,0.54388409005184,0.903,0.0,0.36142815975466663,0.3,4.5992132809683,7,0.5844466801844292,-188.29999999999998,2,"[629.5999755859375, 452.20001220703125]"
1779196407.1213136,25.823491540000003,0.542363082952198,0.903,0.0,0.3607018069353333,0.3,4.693420354959983,7,0.5737088146692298,-180.23,2,"[629.5999755859375, 452.20001220703125]"
1779196407.171419,25.873596676000002,0.5440437335911631,0.903,0.0,0.35997527897480003,0.3,4.787650144551506,7,0.5629709491540303,-180.23,2,"[624.7999877929688, 445.0]"
1779196407.2210953,25.923273113,0.5488756354458972,0.903,0.0,0.35925139600826667,0.3,4.881536881650035,7,0.5599029875782591,-193.68,2,"[624.7999877929688, 445.0]"
1779196407.271081,25.973258951000002,0.5568389162241438,0.903,0.0,0.3585248329497333,0.3,4.9757712234093106,7,0.5583690067903734,-190.99,2,"[638.2000122070312, 437.79998779296875]"
1779196407.321115,26.023292894,0.5678585698143717,0.903,0.0,0.35779708881079997,0.3,5.0701587498546985,7,0.5583690067903734,-193.68,2,"[638.2000122070312, 437.79998779296875]"
1779196407.371029,26.073206531,0.5817640394258858,0.903,0.0,0.3570716974586666,0.3,5.164241122724228,7,0.5583690067903734,-139.88,2,"[634.0, 436.0]"
1779196407.4211535,26.123331334000003,0.5985152763856798,0.903,0.0,0.3563437332705333,0.3,5.258657189282232,7,0.5583690067903734,-78.01,2,"[634.0, 436.0]"
1779196407.4713306,26.173508431000002,0.6179173334831557,0.903,0.0,0.3556154220699999,0.3,5.353118262924909,7,0.5645049299419159,-64.56,2,"[635.2000122070312, 426.6000061035156]"
1779196407.5213668,26.223544769,0.6397435573161143,0.903,0.0,0.35488823627266664,0.3,5.447433373146353,7,0.5752427954571154,5.38,2,"[635.2000122070312, 426.6000061035156]"
1779196407.571291,26.273468755000003,0.6637631927435589,0.903,0.0,0.3541626353789333,0.3,5.541542923305606,7,0.5905826033359719,5.38,2,"[629.0, 427.3999938964844]"
1779196407.621115,26.323292889,0.6897667099312313,0.903,0.0,0.3534379178212,0.3,5.63553790586397,7,0.6089903727905995,5.38,2,"[629.0, 427.3999938964844]"
1779196407.6711411,26.373318893,0.7176291313277663,0.903,0.0,0.3527110488505333,0.3,5.729811924053507,7,0.6289321230331129,5.38,2,"[613.4000244140625, 435.79998779296875]"
1779196407.7209907,26.423168447000002,0.7469633663726531,0.903,0.0,0.3519855830441333,0.3,5.823903953550534,7,0.6519418348513975,5.38,2,"[613.4000244140625, 435.79998779296875]"
1779196407.7710488,26.473226705000002,0.777627622798019,0.903,0.0,0.3512584442330666,0.3,5.918212969710552,7,0.6764855274575677,2.69,2,"[605.4000244140625, 452.0]"
1779196407.8212235,26.523401301000003,0.8093417192596603,0.903,0.0,0.3505298645582666,0.3,6.012708864137885,7,0.7025632008516236,2.69,2,"[605.4000244140625, 452.0]"
1779196407.871213,26.573390661,0.8416554213180971,0.903,0.0,0.34980359518933335,0.3,6.106905114714557,7,0.7301748550335652,2.69,2,"[587.7999877929688, 484.20001220703125]"
1779196407.921208,26.623385761,0.8744153024977587,0.903,0.0,0.34907651220079994,0.3,6.20120689076014,7,0.760854470791278,2.69,2,"[587.7999877929688, 484.20001220703125]"
1779196407.971171,26.673348636,0.9072401768019839,0.903,0.0,0.34835059272186664,0.3,0.012172453851341913,8,0.7915340865489908,2.69,2,"[570.5999755859375, 518.0]"
1779196408.021244,26.723421794,0.9399679188342983,0.903,0.0,0.3476229537025334,0.3,0.1065463464129266,8,0.8237476830945893,2.69,2,"[570.5999755859375, 518.0]"
1779196408.071169,26.773346655,0.972170724779196,0.903,0.0,0.34689667198026664,0.3,0.20074419920184994,8,0.8513593372765309,2.69,2,"[549.2000122070312, 549.0]"
1779196408.1209443,26.82312212,1.0035222356087878,0.903,0.0,0.3461728298233333,0.3,0.29462564334507846,8,0.880504972246358,10.76,2,"[549.2000122070312, 549.0]"
1779196408.1711442,26.873322068,1.0340643649470354,0.903,0.0,0.34544397780839997,0.3,0.38915685995524996,8,0.9142525495798421,24.21,2,"[541.0, 580.2000122070312]"
1779196408.2212038,26.923381638000002,1.0632299212206378,0.903,0.0,0.3447171434852,0.3,0.4834263844106559,8,0.9464661461254406,48.42,2,"[541.0, 580.2000122070312]"
1779196408.2713141,26.973491812000002,1.0908611442834992,0.903,0.0,0.3439900460941333,0.3,0.5777300284472346,8,0.9771457618831534,67.25,2,"[520.5999755859375, 609.5999755859375]"
1779196408.321195,27.023372756,1.1166872588307926,0.903,0.0,0.3432635610796,0.3,0.6719542479949823,8,1.0062913968529805,83.39,2,"[520.5999755859375, 609.5999755859375]"
1779196408.3711963,27.073374167,1.1405078426791873,0.903,0.0,0.34253716516893334,0.3,0.7661669108799956,8,1.0354370318228079,83.39,2,"[506.3999938964844, 628.2000122070312]"
1779196408.4211118,27.123289665,1.162107805350744,0.903,0.0,0.341811322426,0.3,0.8603078285852561,8,1.0630486860047492,118.36,2,"[506.3999938964844, 628.2000122070312]"
1779196408.4712074,27.173385116000002,1.1813536850298958,0.903,0.0,0.3410842851738667,0.3,0.9546036726755958,8,1.0875923786109196,131.81,2,"[485.20001220703125, 643.0]"
1779196408.5209734,27.223151243,1.1980091079250408,0.903,0.0,0.3403590510433333,0.3,1.0486656540955295,8,1.1106020904292042,137.19,2,"[485.20001220703125, 643.0]"
1779196408.5711808,27.273358780000002,1.2120452760122382,0.903,0.0,0.33963054044546664,0.3,1.1431525893289347,8,1.1336118022474888,156.02,2,"[459.20001220703125, 661.7999877929688]"
1779196408.6212006,27.323378241,1.2232474756288787,0.903,0.0,0.3389035128144,0.3,1.2374471855786737,8,1.1520195717021164,158.71,2,"[459.20001220703125, 661.7999877929688]"
1779196408.6712346,27.373412455,1.2315602291933825,0.903,0.0,0.3381764094501333,0.3,1.3317516043319984,8,1.1719613219446299,156.02,2,"[452.6000061035156, 671.5999755859375]"
1779196408.7214854,27.423663171,1.23692825783187,0.903,0.0,0.33744789133853326,0.3,1.4262395140874418,8,1.1857671490356005,180.23,2,"[452.6000061035156, 671.5999755859375]"
1779196408.7710586,27.473236435,1.2392908218670096,0.903,0.0,0.33672484486706666,0.3,1.5200177587969534,8,1.1995729761265714,180.23,2,"[437.20001220703125, 683.0]"
1779196408.821121,27.523298627000003,1.238677950819667,0.903,0.0,0.33599720051399995,0.3,1.61439234313724,8,1.2087768608538851,188.29999999999998,2,"[437.20001220703125, 683.0]"
1779196408.8711307,27.573308578000002,1.2350962826532381,0.903,0.0,0.3352713856750666,0.3,1.7085296417277647,8,1.214912784005428,185.60999999999999,2,"[430.3999938964844, 693.7999877929688]"
1779196408.9210837,27.623261624,1.228579523510005,0.903,0.0,0.33454438179146667,0.3,1.8028211579600608,8,1.217980745581199,174.85,2,"[430.3999938964844, 693.7999877929688]"
1779196408.9711401,27.673318099000003,1.2191997050887777,0.903,0.0,0.3338172436198666,0.3,1.897130091182028,8,1.2195147263690846,169.47,2,"[435.0, 691.7999877929688]"
1779196409.0211706,27.723348268000002,1.2070556179272154,0.903,0.0,0.3330902176165333,0.3,1.9914244763167375,8,1.2195147263690846,123.74,2,"[435.0, 691.7999877929688]"
1779196409.0712874,27.773465108000003,1.192253942141691,0.903,0.0,0.3323626484153333,0.3,2.0857893135516576,8,1.217980745581199,75.32,2,"[440.20001220703125, 682.0]"
1779196409.12127,27.823447757,1.174962013196994,0.903,0.0,0.3316357094666666,0.3,2.1800724078023705,8,1.214912784005428,59.18,2,"[440.20001220703125, 682.0]"
1779196409.1711023,27.873280106000003,1.1553987144654216,0.903,0.0,0.3309110866371999,0.3,2.2740551042201815,8,1.2041749184902284,59.18,2,"[427.3999938964844, 685.7999877929688]"
1779196409.2212405,27.923418129,1.133596908977576,0.903,0.0,0.33018331386759997,0.3,2.3684463440280865,8,1.191903072187143,53.8,2,"[427.3999938964844, 685.7999877929688]"
1779196409.2710323,27.973210092000002,1.1099355066845682,0.903,0.0,0.32945835206266666,0.3,2.4624730051501302,8,1.175029283520401,-5.38,2,"[427.20001220703125, 676.2000122070312]"
1779196409.3209314,28.023109292,1.0845337904932077,0.903,0.0,0.32873288970066666,0.3,2.556564587912682,8,1.1566215140657734,-2.69,2,"[427.20001220703125, 676.2000122070312]"
1779196409.371095,28.073272792,1.0575287258880839,0.903,0.0,0.32800450512133333,0.3,2.651035178696148,8,1.1366797638232602,-2.69,2,"[430.0, 663.5999755859375]"
1779196409.4211595,28.123337328,1.0293082157073163,0.903,0.0,0.32727716840986665,0.3,2.7453698622964637,8,1.1121360712170898,-5.38,2,"[430.0, 663.5999755859375]"
1779196409.4714193,28.173597117000003,1.0000091734280934,0.903,0.0,0.32654782486306666,0.3,2.839964829989718,8,1.0891263593988052,-2.69,2,"[443.0, 657.7999877929688]"
1779196409.5212173,28.22339522,0.970180088439356,0.903,0.0,0.32582343352053333,0.3,2.933917502834859,8,1.0630486860047492,-2.69,2,"[443.0, 657.7999877929688]"
1779196409.5712478,28.273425576,0.9397972285660765,0.903,0.0,0.32509679962653326,0.3,3.0281610318676897,8,1.038504993398579,-2.69,2,"[450.0, 641.4000244140625]"
1779196409.621392,28.323569758,0.9091535480125995,0.903,0.0,0.3243684995730666,0.3,3.1226206597494297,8,1.0078253776408663,-2.69,2,"[450.0, 641.4000244140625]"
1779196409.6714458,28.373623570000003,0.8786583578324488,0.903,0.0,0.3236417790458666,0.3,3.2168754250025486,8,0.9802137234589247,-2.69,2,"[480.0, 627.5999755859375]"
1779196409.721462,28.423639818,0.8484259791325425,0.903,0.0,0.32291287706533334,0.3,3.311413122090052,8,0.9510680884890975,-2.69,2,"[480.0, 627.5999755859375]"
1779196409.7710226,28.473200236,0.8191467964689524,0.903,0.0,0.32219221289786665,0.3,3.4048823848788956,8,0.9219224535192704,-5.38,2,"[487.6000061035156, 618.7999877929688]"
1779196409.8211653,28.523343271,0.7904315915250425,0.903,0.0,0.3214638518044,0.3,3.499349929574123,8,0.8912428377615575,-21.52,2,"[487.6000061035156, 618.7999877929688]"
1779196409.8711832,28.573361010000003,0.7629135355088734,0.903,0.0,0.32073723785013325,0.3,3.5935908724478836,8,0.8620972027917303,-10.76,2,"[518.0, 591.5999755859375]"
1779196409.9212604,28.62343822,0.7367280405908395,0.903,0.0,0.3200096596818666,0.3,3.687956872700404,8,0.8314175870340175,-40.35,2,"[518.0, 591.5999755859375]"
1779196409.9711788,28.673356587,0.7122066425412461,0.903,0.0,0.31928414883666667,0.3,3.782054743674813,8,0.803805932852076,-40.35,2,"[548.7999877929688, 571.5999755859375]"
1779196410.0212305,28.723408242,0.6894265074831116,0.903,0.0,0.31855676490639995,0.3,3.876395551495847,8,0.7761942786701345,-59.18,2,"[548.7999877929688, 571.5999755859375]"
1779196410.0711985,28.773376247,0.6686831407019793,0.903,0.0,0.31783069609746667,0.3,3.9705657896853452,8,0.7516505860639642,-67.25,2,"[578.4000244140625, 531.0]"
1779196410.1211843,28.823362268,0.6500674684334549,0.903,0.0,0.31710292167106663,0.3,4.064957244378185,8,0.7286408742456796,-96.84,2,"[578.4000244140625, 531.0]"
1779196410.1709971,28.873174823000003,0.6338675191992528,0.903,0.0,0.316379062234,0.3,4.158840929733607,8,0.705631162427395,-123.74,2,"[584.0, 506.0]"
1779196410.2212338,28.923411461,0.6200235723067842,0.903,0.0,0.31565023156853333,0.3,4.253369377344015,8,0.6856894121848816,-126.42999999999999,2,"[584.0, 506.0]"
1779196410.2712553,28.973433019,0.6087935012746055,0.903,0.0,0.3149233249710667,0.3,4.347648275683582,8,0.6657476619423682,-142.57,2,"[593.5999755859375, 485.3999938964844]"
1779196410.3212898,29.023467697,0.6002196615078251,0.903,0.0,0.3141958429989333,0.3,4.4420017994150385,8,0.6488738732756262,-134.5,2,"[593.5999755859375, 485.3999938964844]"
1779196410.3710785,29.073256246000003,0.5943962037445383,0.903,0.0,0.3134716550503999,0.3,4.535928092306669,8,0.6350680461846554,-134.5,2,"[610.0, 470.79998779296875]"
1779196410.4211745,29.123352330000003,0.591308016484948,0.903,0.0,0.3127435635066666,0.3,4.630360676730525,8,0.6227961998815703,-145.26,2,"[610.0, 470.79998779296875]"
1779196410.4712596,29.173437207000003,0.5910064355908893,0.903,0.0,0.31201687126133326,0.3,4.724611773860062,8,0.6120583343663708,-153.32999999999998,2,"[626.7999877929688, 451.79998779296875]"
1779196410.521122,29.223299677000004,0.5934720256561488,0.903,0.0,0.311290298044,0.3,4.818847433203295,8,0.6059224112148283,-142.57,2,"[626.7999877929688, 451.79998779296875]"
1779196410.5711591,29.273337045,0.5986700288127605,0.903,0.0,0.3105636963994667,0.3,4.913086779519666,8,0.602854449639057,-131.81,2,"[623.0, 452.20001220703125]"
1779196410.621058,29.323235591000003,0.6065290462499595,0.903,0.0,0.3098380837337333,0.3,5.007197856492951,8,0.602854449639057,-131.81,2,"[623.0, 452.20001220703125]"
1779196410.6711528,29.373330657,0.6170024758036131,0.903,0.0,0.30911060135466667,0.3,5.101551433003166,8,0.602854449639057,-139.88,2,"[624.5999755859375, 452.0]"
1779196410.7211587,29.423336573,0.6299531656602901,0.903,0.0,0.30838388717853327,0.3,5.195805374530693,8,0.602854449639057,-80.7,2,"[624.5999755859375, 452.0]"
1779196410.7711535,29.473331422,0.6452556622036998,0.903,0.0,0.3076575492268,0.3,5.290010520212803,8,0.6043884304269426,-80.7,2,"[622.5999755859375, 441.79998779296875]"
1779196410.8210967,29.523274466,0.6627646805951175,0.903,0.0,0.30693138942466663,0.3,5.384192560109263,8,0.6151262959421421,-59.18,2,"[622.5999755859375, 441.79998779296875]"
1779196410.871202,29.573379627,0.6823734090284735,0.903,0.0,0.3062032709942666,0.3,5.478628631700971,8,0.6227961998815703,-59.18,2,"[615.4000244140625, 442.0]"
1779196410.921172,29.623349645,0.7038150622253588,0.903,0.0,0.3054763899609333,0.3,5.57290421440365,8,0.6381360077604268,5.38,2,"[615.4000244140625, 442.0]"
1779196410.9709907,29.673168514,0.7268289279493246,0.903,0.0,0.30475234289853326,0.3,5.666812234535769,8,0.6550097964271688,5.38,2,"[604.2000122070312, 451.0]"
1779196411.0210338,29.723211601000003,0.7513964800935002,0.903,0.0,0.3040250650470666,0.3,5.7611392840659335,8,0.6734175658817965,2.69,2,"[604.2000122070312, 451.0]"
1779196411.071227,29.773404879,0.7772401134694357,0.903,0.0,0.3032964912146666,0.3,5.855634420741119,8,0.6933593161243098,2.69,2,"[600.5999755859375, 462.20001220703125]"
1779196411.1212676,29.823445437,0.8040206744612861,0.903,0.0,0.30256952318479996,0.3,5.949921286787969,8,0.7148350471547088,2.69,2,"[600.5999755859375, 462.20001220703125]"
1779196411.1713274,29.873505177000002,0.8315444087898439,0.903,0.0,0.3018427315169333,0.3,6.044185278898709,8,0.7393787397608791,2.69,2,"[583.2000122070312, 483.3999938964844]"
1779196411.221093,29.923270775000002,0.8594832914818631,0.903,0.0,0.3011181668789333,0.3,6.1381604279543325,8,0.7639224323670493,2.69,2,"[583.2000122070312, 483.3999938964844]"
1779196411.2711406,29.973318151,0.8877885371322431,0.903,0.0,0.30039060206679996,0.3,6.232524695932668,8,0.7884661249732196,2.69,2,"[578.2000122070312, 502.20001220703125]"
1779196411.320938,30.023115755000003,0.915996485883071,0.903,0.0,0.3003337502101333,0.3,0.043286994837593795,9,0.8130098175793898,2.69,2,"[578.2000122070312, 502.20001220703125]"
1779196411.3711767,30.073354599,0.9443848905868865,0.903,0.0,0.3010632258358667,0.3,0.13789909300727032,9,0.8406214717613314,2.69,2,"[549.0, 545.7999877929688]"
1779196411.4212172,30.123394915000002,0.9724336630106114,0.903,0.0,0.3017899360008,0.3,0.2321525142870513,9,0.8666991451553873,16.14,2,"[549.0, 545.7999877929688]"
1779196411.4712126,30.173390494000003,0.9999998065739477,0.903,0.0,0.30251666285,0.3,0.3264080994958505,9,0.8943107993373288,10.76,2,"[528.2000122070312, 566.5999755859375]"
1779196411.5212677,30.223445312000003,1.0268739508242235,0.903,0.0,0.303244478958,0.3,0.42080496024132685,9,0.9219224535192704,34.97,2,"[528.2000122070312, 566.5999755859375]"
1779196411.5710812,30.273258842,1.0526599826239023,0.903,0.0,0.30396912431413337,0.3,0.5147905783403104,9,0.9495341077012119,34.97,2,"[526.7999877929688, 588.7999877929688]"
1779196411.621067,30.323244870000003,1.0772871107122333,0.903,0.0,0.3046950952701334,0.3,0.6089481251238098,9,0.9771457618831534,56.49,2,"[526.7999877929688, 588.7999877929688]"
1779196411.671035,30.373212667,1.1005010941028102,0.903,0.0,0.30542167890786664,0.3,0.7031851359802062,9,1.0016894544893238,78.01,2,"[510.6000061035156, 604.4000244140625]"
1779196411.720991,30.423168579000002,1.1220452101303795,0.903,0.0,0.3061475056496,0.3,0.7973239783493611,9,1.026233147095494,115.67,2,"[510.6000061035156, 604.4000244140625]"
1779196411.771072,30.473249717,1.1417889543721762,0.903,0.0,0.3068750417874667,0.3,0.8916845273103107,9,1.0507768397016641,121.05,2,"[488.3999938964844, 629.7999877929688]"
1779196411.8212054,30.523383157,1.1595066882073777,0.903,0.0,0.3076031229834667,0.3,0.9861157696457923,9,1.0722525707320631,139.88,2,"[488.3999938964844, 629.7999877929688]"
1779196411.8712692,30.573447025000004,1.1749946183622275,0.903,0.0,0.3083301922816,0.3,1.0804157700632118,9,1.0937283017624622,139.88,2,"[472.6000061035156, 645.4000244140625]"
1779196411.9213886,30.623566524,1.188157127946298,0.903,0.0,0.30905891031373334,0.3,1.1749296092677852,9,1.1136700520049756,139.88,2,"[472.6000061035156, 645.4000244140625]"
1779196411.9711308,30.673308589,1.1987599727364269,0.903,0.0,0.30978240646106664,0.3,1.2687661763882758,9,1.1336118022474888,139.88,2,"[460.6000061035156, 658.2000122070312]"
1779196412.021213,30.723390877000003,1.2068449912523798,0.903,0.0,0.3105106590486667,0.3,1.3632196480050496,9,1.1504855909142309,145.26,2,"[460.6000061035156, 658.2000122070312]"
1779196412.0712447,30.773422473000004,1.2122405955714832,0.903,0.0,0.31123729162013336,0.3,1.4574630055069235,9,1.1642914180052018,164.09,2,"[458.3999938964844, 664.0]"
1779196412.1210086,30.823186497000002,1.2149024119595113,0.903,0.0,0.31196129922453336,0.3,1.5513659079846107,9,1.1765632643082868,174.85,2,"[458.3999938964844, 664.0]"
1779196412.1711047,30.873282407,1.2148113504608815,0.903,0.0,0.3126888824358667,0.3,1.6457325623167236,9,1.184233168247715,190.99,2,"[439.20001220703125, 674.2000122070312]"
1779196412.2211926,30.923370334,1.2119353370187513,0.903,0.0,0.3134164735097334,0.3,1.740100236409809,9,1.191903072187143,185.60999999999999,2,"[439.20001220703125, 674.2000122070312]"
1779196412.2711072,30.973285018000002,1.2063044389147597,0.903,0.0,0.31414226883040003,0.3,1.834235003504972,9,1.1949710337629145,193.68,2,"[431.6000061035156, 685.7999877929688]"
1779196412.3214355,31.023613294,1.1978918873441187,0.903,0.0,0.3148725838288,0.3,1.9289559672848782,9,1.1949710337629145,182.92,2,"[431.6000061035156, 685.7999877929688]"
1779196412.3711624,31.073340307000002,1.1868976591197766,0.903,0.0,0.3155963935618667,0.3,2.02283320609218,9,1.1949710337629145,182.92,2,"[426.3999938964844, 693.5999755859375]"
1779196412.4212177,31.123395462,1.1732764886016778,0.903,0.0,0.3163235050648,0.3,2.117138680420638,9,1.1949710337629145,134.5,2,"[426.3999938964844, 693.5999755859375]"
1779196412.4711196,31.173297601,1.157221280109978,0.903,0.0,0.3170489744173334,0.3,2.211231169846826,9,1.191903072187143,78.01,2,"[439.0, 672.0]"
1779196412.5209885,31.223166312000004,1.1388496092550728,0.903,0.0,0.31777392081693334,0.3,2.3052558329159467,9,1.184233168247715,59.18,2,"[439.0, 672.0]"
1779196412.5712252,31.273402903,1.1181519209976614,0.903,0.0,0.31850394750306665,0.3,2.3999394029468135,9,1.1719613219446299,-5.38,2,"[437.6000061035156, 668.2000122070312]"
1779196412.6211543,31.323332295000004,1.0955893002478077,0.903,0.0,0.31922890901733336,0.3,2.4939660263697476,9,1.1550875332778878,-5.38,2,"[437.6000061035156, 668.2000122070312]"
1779196412.6712005,31.373378318,1.0711192229983153,0.903,0.0,0.3199566729070667,0.3,2.588356114469782,9,1.1382137446111458,-2.69,2,"[433.20001220703125, 662.0]"
1779196412.7214043,31.423581927,1.045000172565445,0.903,0.0,0.32068540044400007,0.3,2.6828711864353068,9,1.1167380135807468,-5.38,2,"[433.20001220703125, 662.0]"
1779196412.771395,31.473572618000002,1.0176032921263434,0.903,0.0,0.3214111985986667,0.3,2.7770063210968132,9,1.0967962633382335,-5.38,2,"[442.6000061035156, 657.7999877929688]"
1779196412.8210564,31.523234256000002,0.9891386240682167,0.903,0.0,0.32213513426306667,0.3,2.8708998930443173,9,1.0753205323078345,-2.69,2,"[442.6000061035156, 657.7999877929688]"
1779196412.8713288,31.573506631,0.9595739621589289,0.903,0.0,0.32286419430813335,0.3,2.9654580909088395,9,1.0507768397016641,-2.69,2,"[445.3999938964844, 637.0]"
1779196412.9209766,31.623154429000003,0.9296141084066945,0.903,0.0,0.32358736607146665,0.3,3.0592525858205093,9,1.0231651855197226,-2.69,2,"[445.3999938964844, 637.0]"
1779196412.9710217,31.673199377000003,0.899104868746008,0.903,0.0,0.3243148262436,0.3,3.1536032821185813,9,0.9970875121256667,-2.69,2,"[463.20001220703125, 631.2000122070312]"
1779196413.0212357,31.723413566,0.8684266671287741,0.903,0.0,0.3250438700258667,0.3,3.2481593707177936,9,0.9694758579437253,-2.69,2,"[463.20001220703125, 631.2000122070312]"
1779196413.0712419,31.773419608,0.8380302614418892,0.903,0.0,0.3257702745838667,0.3,3.3423731551513853,9,0.940330222973898,-2.69,2,"[472.3999938964844, 623.7999877929688]"
1779196413.1212158,31.823393703,0.808070956785529,0.903,0.0,0.3264968073694667,0.3,3.436603570548165,9,0.9127185687919565,-2.69,2,"[472.3999938964844, 623.7999877929688]"
1779196413.1710563,31.873233925,0.7788826248208185,0.903,0.0,0.3272218393994667,0.3,3.5306393397756324,9,0.8820389530342436,-2.69,2,"[509.79998779296875, 609.4000244140625]"
1779196413.2210193,31.923196946,0.7506070477537281,0.903,0.0,0.32794839229920003,0.3,3.6248723639509493,9,0.8513593372765309,-29.59,2,"[509.79998779296875, 609.4000244140625]"
1779196413.2710464,31.973224197,0.7235571212007722,0.903,0.0,0.32867509708680004,0.3,3.71912508779716,9,0.8222137023067037,-13.45,2,"[546.2000122070312, 578.2000122070312]"
1779196413.321067,32.023245022000005,0.6979813508144567,0.903,0.0,0.3294019239544,0.3,3.813393645270345,9,0.7946020481247621,-67.25,2,"[546.2000122070312, 578.2000122070312]"
1779196413.371082,32.073259815,0.6741230766732502,0.903,0.0,0.3301286230158667,0.3,3.907645626444051,9,0.7685243747307062,-83.39,2,"[566.5999755859375, 545.5999755859375]"
1779196413.421092,32.123269772,0.6521911109190854,0.903,0.0,0.3308555595956,0.3,4.001928413447004,9,0.7409127205487647,-80.7,2,"[566.5999755859375, 545.5999755859375]"
1779196413.4711478,32.173325581,0.6323874266411325,0.903,0.0,0.3315828975569334,0.3,4.096263259153503,9,0.7148350471547088,-110.28999999999999,2,"[601.4000244140625, 505.6000061035156]"
1779196413.5210912,32.223269087,0.6149417873683978,0.903,0.0,0.3323088569589333,0.3,4.190419307397306,9,0.6918253353364242,-126.42999999999999,2,"[601.4000244140625, 505.6000061035156]"
1779196413.5711465,32.27332434,0.5999464975221223,0.903,0.0,0.3330365928865333,0.3,4.28480576884278,9,0.6703496043060252,-126.42999999999999,2,"[590.7999877929688, 496.3999938964844]"
1779196413.6213279,32.323505774000004,0.5875914564381746,0.903,0.0,0.33376437581493335,0.3,4.3791983262346434,9,0.6488738732756262,-137.19,2,"[590.7999877929688, 496.3999938964844]"
1779196413.6710794,32.373257047,0.5780392431232739,0.903,0.0,0.3344886447141334,0.3,4.473135118328919,9,0.6304661038209985,-142.57,2,"[616.7999877929688, 467.6000061035156]"
1779196413.7209532,32.423131083,0.5713125531266465,0.903,0.0,0.33521396594293335,0.3,4.567208396287711,9,0.6151262959421421,-147.95,2,"[616.7999877929688, 467.6000061035156]"
1779196413.7710786,32.473256239,0.5674908286484823,0.903,0.0,0.3359419349706667,0.3,4.661625090535928,9,0.6013204688511713,-172.16,2,"[621.5999755859375, 441.20001220703125]"
1779196413.8213582,32.523535939,0.5666520292966526,0.903,0.0,0.3366712340164001,0.3,4.756214286495165,9,0.5905826033359719,-174.85,2,"[621.5999755859375, 441.20001220703125]"
1779196413.8710756,32.573253583,0.5687995479864068,0.903,0.0,0.3373952036888,0.3,4.850112269238757,9,0.5859806609723149,-190.99,2,"[620.7999877929688, 446.79998779296875]"
1779196413.9211912,32.623369021,0.5739455591499938,0.903,0.0,0.3381230648356,0.3,4.944514971461615,9,0.5829126993965437,-190.99,2,"[620.7999877929688, 446.79998779296875]"
1779196413.9711277,32.67330552,0.582031762946737,0.903,0.0,0.3388492761148001,0.3,5.038703687870786,9,0.5798447378207724,-190.99,2,"[620.7999877929688, 445.3999938964844]"
1779196414.0211008,32.723278519000004,0.5930084121909247,0.903,0.0,0.33957556286560003,0.3,5.1329021928543455,9,0.581378718608658,-196.37,2,"[620.7999877929688, 445.3999938964844]"
1779196414.071415,32.77359272,0.6068569325048117,0.903,0.0,0.34030508280346666,0.3,5.227520038253623,9,0.581378718608658,-142.57,2,"[629.7999877929688, 444.20001220703125]"
1779196414.1211352,32.823312916,0.6232965839054859,0.903,0.0,0.34102945804306667,0.3,5.321470622567965,9,0.581378718608658,-48.42,2,"[629.7999877929688, 444.20001220703125]"
1779196414.1712365,32.873414231000005,0.6423452007207173,0.903,0.0,0.34175613302280006,0.3,5.415719480370257,9,0.5890486225480862,-59.18,2,"[635.4000244140625, 438.6000061035156]"
1779196414.2212,32.923377865,0.6638057590351318,0.903,0.0,0.3424831244222667,0.3,5.510009377425703,9,0.6013204688511713,5.38,2,"[635.4000244140625, 438.6000061035156]"
1779196414.2712348,32.973412441,0.6874868771426148,0.903,0.0,0.3432100448118667,0.3,5.6042900645881275,9,0.6166602767300278,2.69,2,"[621.4000244140625, 438.20001220703125]"
1779196414.3211741,33.023351792,0.7131564564901975,0.903,0.0,0.3439360837548,0.3,5.698456429193882,9,0.6350680461846554,5.38,2,"[621.4000244140625, 438.20001220703125]"
1779196414.3714833,33.073661091000005,0.7407474461839075,0.903,0.0,0.3446653411044,0.3,5.79304021721552,9,0.6550097964271688,5.38,2,"[608.2000122070312, 455.6000061035156]"
1779196414.4211934,33.123370994000005,0.7697113461889853,0.903,0.0,0.34538973693773334,0.3,5.886993472511939,9,0.6764855274575677,5.38,2,"[608.2000122070312, 455.6000061035156]"
1779196414.4712296,33.173407457,0.8000862402756153,0.903,0.0,0.3461167150101333,0.3,5.981281641063106,9,0.6994952392758523,2.69,2,"[593.2000122070312, 464.20001220703125]"
1779196414.5216756,33.223853312,0.8317466290853808,0.903,0.0,0.3468491828602667,0.3,6.0762818270847845,9,0.7240389318820226,2.69,2,"[593.2000122070312, 464.20001220703125]"
1779196414.5713184,33.273496215,0.8636818996501303,0.903,0.0,0.34757037785773337,0.3,6.169819937876632,9,0.7516505860639642,2.69,2,"[576.0, 492.6000061035156]"
1779196414.6213675,33.323545145000004,0.896383818210547,0.903,0.0,0.3482979751082667,0.3,6.26418841307585,9,0.7807962210337913,2.69,2,"[576.0, 492.6000061035156]"
1779196414.6712074,33.373385427,0.9291730535147477,0.903,0.0,0.34902316928666666,0.3,0.07505990557326925,10,0.8114758367915041,2.69,2,"[560.2000122070312, 516.5999755859375]"
1779196414.721207,33.423384689,0.961938209050618,0.903,0.0,0.3497499556208001,0.3,0.16932320590530736,10,0.842155452549217,2.69,2,"[560.2000122070312, 516.5999755859375]"
1779196414.771328,33.473505655000004,0.9943401978069109,0.903,0.0,0.35047731472813337,0.3,0.26366079422219,10,0.8713010875190442,2.69,2,"[543.7999877929688, 558.0]"
1779196414.821229,33.523406729,1.0260099022825042,0.903,0.0,0.3512034581221334,0.3,0.3578407060037918,10,0.9065826456404139,16.14,2,"[543.7999877929688, 558.0]"
1779196414.8712344,33.573412317,1.0567412736454702,0.903,0.0,0.3519301803061334,0.3,0.4520956861418455,10,0.9372622613981267,21.52,2,"[518.0, 577.7999877929688]"
1779196414.9213862,33.623564085000005,1.0863362962975178,0.903,0.0,0.352659565084,0.3,0.5466960014541158,10,0.966407896367954,64.56,2,"[518.0, 577.7999877929688]"
1779196414.9710276,33.673205307,1.1141220000158978,0.903,0.0,0.35338124917173336,0.3,0.6402975466565053,10,0.9970875121256667,78.01,2,"[516.0, 606.0]"
1779196415.0211475,33.723325383,1.1403905308192925,0.903,0.0,0.35410934806933336,0.3,0.7347310848678958,10,1.026233147095494,107.6,2,"[516.0, 606.0]"
1779196415.0710409,33.773218575,1.164564626326046,0.903,0.0,0.35483490481080004,0.3,0.828834908532059,10,1.0569127628532067,126.42999999999999,2,"[492.6000061035156, 619.2000122070312]"
1779196415.1214385,33.82361628,1.186639523425729,0.903,0.0,0.35556476827306677,0.3,0.923497308626672,10,1.0845244170351482,131.81,2,"[492.6000061035156, 619.2000122070312]"
1779196415.1712224,33.873400134,1.2061324886461255,0.903,0.0,0.3562896420205333,0.3,1.0175125488027845,10,1.1106020904292042,131.81,2,"[469.20001220703125, 659.2000122070312]"
1779196415.2212307,33.923408557,1.2230694158349518,0.903,0.0,0.3570168419588,0.3,1.1118294930860202,10,1.1366797638232602,137.19,2,"[469.20001220703125, 659.2000122070312]"
1779196415.2714312,33.973609056,1.237247035388194,0.903,0.0,0.357745480232,0.3,1.2063329876543065,10,1.158155494853659,145.26,2,"[456.6000061035156, 668.7999877929688]"
1779196415.320971,34.023149013,1.2483992641684944,0.903,0.0,0.35846728161826663,0.3,1.299949746333283,10,1.1780972450961724,180.23,2,"[456.6000061035156, 668.7999877929688]"
1779196415.371004,34.073181694,1.256611090594818,0.903,0.0,0.35919435360506674,0.3,1.3942500954674841,10,1.193437052975029,185.60999999999999,2,"[443.20001220703125, 671.4000244140625]"
1779196415.4211211,34.123298927,1.2617084819131672,0.903,0.0,0.3599221904666666,0.3,1.4886496479295488,10,1.2087768608538851,190.99,2,"[443.20001220703125, 671.4000244140625]"
1779196415.4714544,34.173632079,1.2636236569986432,0.903,0.0,0.3606516919472,0.3,1.5832650994352235,10,1.222582687944856,196.37,2,"[432.0, 683.5999755859375]"
1779196415.5212061,34.223383921,1.2623290979668713,0.903,0.0,0.361376717786,0.3,1.6773000656716022,10,1.23178657267217,193.68,2,"[432.0, 683.5999755859375]"
1779196415.57205,34.274227776000004,1.257744183226712,0.903,0.0,0.3621137309361333,0.3,1.7728897715547305,10,1.239456476611598,193.68,2,"[426.20001220703125, 692.2000122070312]"
1779196415.621427,34.323604937,1.2501410914957638,0.903,0.0,0.36283127299480006,0.3,1.8659541006434495,10,1.2409904573994837,212.51,2,"[426.20001220703125, 692.2000122070312]"
1779196415.6714206,34.373598257000005,1.2393406955401436,0.903,0.0,0.36355790678706673,0.3,1.9601976164815937,10,1.2425244381873692,190.99,2,"[424.3999938964844, 709.5999755859375]"
1779196415.7212174,34.423395125,1.2255612322803473,0.903,0.0,0.36428179049480003,0.3,2.0540844497128603,10,1.2425244381873692,121.05,2,"[424.3999938964844, 709.5999755859375]"
1779196415.771199,34.473376804000004,1.2087629716325037,0.903,0.0,0.3650102539610667,0.3,2.1485652720352846,10,1.2409904573994837,61.87,2,"[420.0, 683.7999877929688]"
1779196415.8214374,34.523615132,1.189161434541105,0.903,0.0,0.3657387454912,0.3,2.2430497342069486,10,1.2348545342479411,61.87,2,"[420.0, 683.7999877929688]"
1779196415.8710608,34.573238572,1.1670952437500912,0.903,0.0,0.3664618498489333,0.3,2.336835486694582,10,1.222582687944856,56.49,2,"[425.20001220703125, 687.0]"
1779196415.9212418,34.623419614,1.1424109485276221,0.903,0.0,0.36719068111026665,0.3,2.4313640115881725,10,1.2087768608538851,-5.38,2,"[425.20001220703125, 687.0]"
1779196415.971062,34.673239626000004,1.1156477971444487,0.903,0.0,0.3679152601217334,0.3,2.525341024864872,10,1.188835110611372,-5.38,2,"[426.0, 676.4000244140625]"
1779196416.0210788,34.723256597,1.086802259666283,0.903,0.0,0.3686421535229334,0.3,2.6196182116647577,10,1.167359379580973,-5.38,2,"[426.0, 676.4000244140625]"
1779196416.0710397,34.773217424,1.0562400454618062,0.903,0.0,0.36936824984346667,0.3,2.713792018075196,10,1.145883648550574,-2.69,2,"[428.0, 670.5999755859375]"
1779196416.1209493,34.823127046,1.0242098158488324,0.903,0.0,0.37009402920653334,0.3,2.807924715489122,10,1.1198059751565181,-5.38,2,"[428.0, 670.5999755859375]"
1779196416.171044,34.873222117000005,0.9908855917675744,0.903,0.0,0.3708217841873333,0.3,2.902313648111374,10,1.0921943209745766,-2.69,2,"[446.79998779296875, 648.0]"
1779196416.2210636,34.923241344000004,0.9566896922240333,0.903,0.0,0.3715486133802667,0.3,2.9965825071774503,10,1.064582666792635,-2.69,2,"[446.79998779296875, 648.0]"
1779196416.2711768,34.973354671,0.9218332873355792,0.903,0.0,0.37227644614346667,0.3,3.0909815280820396,10,1.0354370318228079,-2.69,2,"[450.3999938964844, 642.7999877929688]"
1779196416.3215067,35.023684384,0.8866696936308376,0.903,0.0,0.3730043296134667,0.3,3.185387125596691,10,1.0032234352772094,-2.69,2,"[450.3999938964844, 642.7999877929688]"
1779196416.3713353,35.073513009,0.8285368525677824,0.903,0.0,0.3737296621928,0.5,3.342178375778545,10,0.9694758579437253,-2.69,2,"[477.20001220703125, 618.7999877929688]"
1779196416.421704,35.123881941,0.7716069947682358,0.903,0.0,0.3744602709244,0.5,3.500110143474174,10,0.9341942998223555,-2.69,2,"[477.20001220703125, 618.7999877929688]"
1779196416.471278,35.173455749000006,0.7182919308137454,0.903,0.0,0.37518300455133335,0.5,3.6563395920665585,10,0.9004467224888714,-13.45,2,"[505.79998779296875, 596.7999877929688]"
1779196416.5209956,35.223173404,0.6691736598992754,0.903,0.0,0.3759073967222667,0.5,3.812927559212582,10,0.859029241215959,-53.8,2,"[505.79998779296875, 596.7999877929688]"
1779196416.5713243,35.273502052000005,0.6252968673438554,0.903,0.0,0.3766372268596001,0.5,3.9706910223649743,10,0.8053399136399616,-67.25,2,"[534.5999755859375, 588.5999755859375]"
1779196416.6213493,35.323526977,0.5882642746626586,0.903,0.0,0.3773648396608,0.5,4.127975175867803,10,0.7547185476397354,-110.28999999999999,2,"[534.5999755859375, 588.5999755859375]"
1779196416.671261,35.373438812,0.5589493442219429,0.903,0.0,0.3780903414808,0.5,4.284803009896109,10,0.7040971816395093,-131.81,2,"[592.7999877929688, 531.7999877929688]"
1779196416.7213717,35.423549612,0.5379380239502918,0.903,0.0,0.37881790039240004,0.5,4.442075514373386,10,0.6565437772150544,-139.88,2,"[592.7999877929688, 531.7999877929688]"
1779196416.7716885,35.473866411,0.5258442407518782,0.903,0.0,0.37954865729133336,0.5,4.600039310606121,10,0.6166602767300278,-139.88,2,"[631.2000122070312, 480.79998779296875]"
1779196416.822052,35.524229741,0.5231195566807715,0.903,0.0,0.38028065516253334,0.5,4.758271361152353,10,0.5829126993965437,-147.95,2,"[631.2000122070312, 480.79998779296875]"
1779196416.871751,35.57392884,0.5297447284800375,0.903,0.0,0.3810029213102667,0.5,4.914399757275447,10,0.5614369683661447,-185.60999999999999,2,"[649.0, 451.20001220703125]"
1779196416.9227247,35.624902481,0.5460031866563153,0.903,0.0,0.38174324676693333,0.5,5.074431937270603,10,0.5460971604872883,-199.06,2,"[649.0, 451.20001220703125]"
1779196416.971536,35.673713666000005,0.5702101305465965,0.903,0.0,0.3824522045669334,0.5,5.227683539301694,10,0.5399612373357456,-217.89,2,"[655.0, 434.6000061035156]"
1779196417.021384,35.723561795,0.6031681223082384,0.903,0.0,0.3831778130034667,0.5,5.384534420053711,10,0.5384272565478601,-134.5,2,"[655.0, 434.6000061035156]"
1779196417.071553,35.773730674,0.6437258463021638,0.903,0.0,0.3839050270536001,0.5,5.541732377678912,10,0.543029198911517,-72.63,2,"[643.0, 426.20001220703125]"
1779196417.121236,35.823413890000005,0.6907117513323332,0.903,0.0,0.38463029997360004,0.5,5.6985107316229175,10,0.5614369683661447,-69.94,2,"[643.0, 426.20001220703125]"
1779196417.17123,35.873407803,0.7432046184882101,0.903,0.0,0.38535704341986665,0.5,5.855606961336392,10,0.5890486225480862,-69.94,2,"[637.5999755859375, 419.79998779296875]"
1779196417.2211745,35.923352195,0.799781962365846,0.903,0.0,0.3860830636002667,0.5,6.012546846549867,10,0.624330180669456,-48.42,2,"[637.5999755859375, 419.79998779296875]"
1779196417.2711103,35.973287991,0.8591086889174165,0.903,0.0,0.3868090070592,0.5,6.169470147295726,10,0.6657476619423682,-51.11,2,"[620.7999877929688, 434.0]"
1779196417.320977,36.023154703,0.9196757417282245,0.903,0.0,0.3875341896400001,0.5,0.0430436659202158,11,0.7117670855789375,2.69,2,"[620.7999877929688, 434.0]"
1779196417.3710353,36.073213033,0.9802294949107287,0.903,0.0,0.38826142698706667,0.5,0.20024665951843446,11,0.7623884515791637,2.69,2,"[590.2000122070312, 490.0]"
1779196417.4210904,36.123268127,1.0391064372388217,0.903,0.0,0.38898872323773337,0.5,0.3574623859916741,11,0.8191457407309324,2.69,2,"[590.2000122070312, 490.0]"
1779196417.4711628,36.173340540000005,1.0948537086668881,0.903,0.0,0.38971621145920005,0.5,0.5147196097622739,11,0.8789709914584724,18.83,2,"[560.7999877929688, 564.4000244140625]"
1779196417.5211892,36.223366909,1.1460214099650998,0.903,0.0,0.39044305224973336,0.5,0.6718368818633493,11,0.9357282806102412,32.28,2,"[560.7999877929688, 564.4000244140625]"
1779196417.5712087,36.273386486,1.1913711803632159,0.903,0.0,0.39116973573146674,0.5,0.8289201493655369,11,0.9924855697620099,32.28,2,"[537.5999755859375, 609.2000122070312]"
1779196417.6212263,36.323404105,1.2297886144384886,0.903,0.0,0.3918967348917334,0.5,0.9860716554017515,11,1.0492428589137786,86.08,2,"[537.5999755859375, 609.2000122070312]"
1779196417.6712155,36.373393229,1.260268530293062,0.903,0.0,0.3926234805325334,0.5,1.143168359495725,11,1.0998642249140047,126.42999999999999,2,"[489.20001220703125, 641.5999755859375]"
1779196417.7209878,36.423165498,1.2819784429182988,0.903,0.0,0.39334747370533335,0.5,1.2996700773570282,11,1.1474176293384597,156.02,2,"[489.20001220703125, 641.5999755859375]"
1779196417.771317,36.473494841000004,1.2945466190043073,0.903,0.0,0.3940771883462667,0.5,1.4574085742726126,11,1.1873011298234863,182.92,2,"[466.0, 674.0]"
1779196417.8211591,36.523336784,1.2974297044216412,0.903,0.0,0.39480288949093345,0.5,1.6142794952441548,11,1.2210487071569704,188.29999999999998,2,"[466.0, 674.0]"
1779196417.8711905,36.57336834,1.290598068973696,0.903,0.0,0.3955297394956001,0.5,1.771398759114966,11,1.248660361338912,185.60999999999999,2,"[438.6000061035156, 695.2000122070312]"
1779196417.921204,36.623381888000004,1.2741690343441423,0.903,0.0,0.3962567036596001,0.5,1.9285427001960684,11,1.2670681307935396,199.06,2,"[438.6000061035156, 695.2000122070312]"
1779196417.9712238,36.673401721000005,1.2485240460689,0.903,0.0,0.3969834115864,0.5,2.0856312518571016,11,1.2732040539450822,199.06,2,"[435.20001220703125, 695.5999755859375]"
1779196418.0210943,36.723272126000005,1.2143288959471592,0.903,0.0,0.3977087783772001,0.5,2.2424298973480674,11,1.2716700731571966,193.68,2,"[435.20001220703125, 695.5999755859375]"
1779196418.0711377,36.773315350000004,1.1722486843830857,0.903,0.0,0.3984358249016,0.5,2.399591641834739,11,1.2686021115814252,121.05,2,"[420.6000061035156, 703.0]"
1779196418.1212041,36.823381783,1.1233036932267009,0.903,0.0,0.3991637160742667,0.5,2.5569359694032627,11,1.2501943421267976,51.11,2,"[420.6000061035156, 703.0]"
1779196418.1713903,36.873568191000004,1.0686829026778975,0.903,0.0,0.39989215295906666,0.5,2.714398260634333,11,1.2210487071569704,-5.38,2,"[427.0, 687.5999755859375]"
1779196418.2211552,36.923332948,1.0101273020409798,0.903,0.0,0.4006161104961333,0.5,2.870892275310446,11,1.184233168247715,-5.38,2,"[427.0, 687.5999755859375]"
1779196418.2712228,36.973400691,0.9484434993007156,0.903,0.0,0.40134346618813344,0.5,3.0281208508976434,11,1.1397477253990314,-2.69,2,"[419.20001220703125, 688.0]"
1779196418.3210895,37.023267059000005,0.8855827307916205,0.903,0.0,0.4020688599818667,0.5,3.1849253334677528,11,1.0906603401866908,-2.69,2,"[419.20001220703125, 688.0]"
1779196418.3711903,37.073368114000004,0.8227313108637467,0.903,0.0,0.4027964949173334,0.5,3.342214271616193,11,1.0369710126106935,-2.69,2,"[450.20001220703125, 671.0]"
1779196418.4210858,37.12326358,0.7617986764150046,0.903,0.0,0.4035221747706667,0.5,3.499080590154499,11,0.9771457618831534,-2.69,2,"[450.20001220703125, 671.0]"
