mode,t_ros_sec,t_rel_sec,tail_target_rad,tail_bias_rad,tail_bias_offset_rad,tail_amp_rad,tail_freq_hz,phase_rad,cycle_idx,present_position_rad,present_current_ma,sensor_len,sensor_values
chaotic_stop,1788870812.9206624,0.041859715000000006,0.903,0.903,0.0,0.3436158322122369,0.0,0.0,0,0.9050486648525283,-2.69,2,"[401.3999938964844, 532.0]"
chaotic_stop,1788870812.9705176,0.09171501200000001,0.903,0.903,0.0,0.3436158322122369,0.0,0.0,0,0.9050486648525283,-2.69,2,"[401.3999938964844, 532.0]"
chaotic_stop,1788870813.0205119,0.141709313,0.903,0.903,0.0,0.3436158322122369,0.0,0.0,0,0.9050486648525283,-2.69,2,"[498.5, 443.8333435058594]"
chaotic_stop,1788870813.07051,0.19170736900000002,0.903,0.903,0.0,0.3436158322122369,0.0,0.0,0,0.9050486648525283,-2.69,2,"[498.5, 443.8333435058594]"
chaotic_stop,1788870813.1204755,0.24167284600000002,0.903,0.903,0.0,0.3436158322122369,0.0,0.0,0,0.9050486648525283,-2.69,2,"[485.25, 535.75]"
chaotic_stop,1788870813.1704235,0.29162097600000003,0.903,0.903,0.0,0.3436158322122369,0.0,0.0,0,0.9050486648525283,-2.69,2,"[485.25, 535.75]"
chaotic_stop,1788870813.220575,0.34177256,0.903,0.903,0.0,0.3436158322122369,0.0,0.0,0,0.9050486648525283,-2.69,2,"[501.1666564941406, 531.6666870117188]"
chaotic_stop,1788870813.2706456,0.391843039,0.903,0.903,0.0,0.3436158322122369,0.0,0.0,0,0.9050486648525283,-2.69,2,"[501.1666564941406, 531.6666870117188]"
chaotic_stop,1788870813.3206995,0.44189684500000004,0.903,0.903,0.0,0.3436158322122369,0.0,0.0,0,0.9050486648525283,-2.69,2,"[499.75, 524.5]"
chaotic_stop,1788870813.370765,0.49196242700000004,0.903,0.903,0.0,0.3436158322122369,0.0,0.0,0,0.9050486648525283,-2.69,2,"[499.75, 524.5]"
chaotic_stop,1788870813.420557,0.5417542790000001,0.903,0.903,0.0,0.3436158322122369,0.0,0.0,0,0.9050486648525283,-2.69,2,"[502.3999938964844, 534.5999755859375]"
chaotic_stop,1788870813.4705782,0.5917756780000001,0.903,0.903,0.0,0.3436158322122369,0.0,0.0,0,0.9050486648525283,-2.69,2,"[502.3999938964844, 534.5999755859375]"
chaotic_stop,1788870813.5205638,0.641761331,0.903,0.903,0.0,0.3436158322122369,0.0,0.0,0,0.9050486648525283,-2.69,2,"[501.0, 526.7999877929688]"
chaotic_stop,1788870813.5705245,0.691722088,0.903,0.903,0.0,0.3436158322122369,0.0,0.0,0,0.9050486648525283,-2.69,2,"[501.0, 526.7999877929688]"
chaotic_stop,1788870813.6205072,0.741704647,0.903,0.903,0.0,0.3436158322122369,0.0,0.0,0,0.9050486648525283,-2.69,2,"[496.5, 532.0]"
chaotic_stop,1788870813.6706054,0.791802984,0.903,0.903,0.0,0.3436158322122369,0.0,0.0,0,0.9050486648525283,-2.69,2,"[496.5, 532.0]"
chaotic_stop,1788870813.7205815,0.8417788730000001,0.903,0.903,0.0,0.3436158322122369,0.0,0.0,0,0.9050486648525283,-2.69,2,"[502.8333435058594, 525.6666870117188]"
chaotic_stop,1788870813.770615,0.89181253,0.903,0.903,0.0,0.3436158322122369,0.0,0.0,0,0.9050486648525283,-2.69,2,"[502.8333435058594, 525.6666870117188]"
chaotic_stop,1788870813.8204772,0.941674797,0.903,0.903,0.0,0.3436158322122369,0.0,0.0,0,0.9050486648525283,-2.69,2,"[498.25, 534.25]"
chaotic_stop,1788870813.8707411,0.991938658,0.903,0.903,0.0,0.3436158322122369,0.0,0.0,0,0.9050486648525283,-2.69,2,"[498.25, 534.25]"
chaotic_stop,1788870813.920538,1.041735418,0.903,0.903,0.0,0.3436158322122369,0.0,0.0,0,0.9050486648525283,-2.69,2,"[495.1666564941406, 530.1666870117188]"
chaotic_stop,1788870813.9705918,1.091789237,0.903,0.903,0.0,0.3436158322122369,0.0,0.0,0,0.9050486648525283,-2.69,2,"[495.1666564941406, 530.1666870117188]"
chaotic_stop,1788870814.0204515,1.141648809,0.903,0.903,0.0,0.3436158322122369,0.0,0.0,0,0.9050486648525283,-2.69,2,"[498.25, 537.25]"
chaotic_stop,1788870814.0705776,1.191775017,0.903,0.903,0.0,0.3436158322122369,0.0,0.0,0,0.9050486648525283,-2.69,2,"[498.25, 537.25]"
chaotic_stop,1788870814.1205986,1.2417959980000002,0.903,0.903,0.0,0.3436158322122369,0.0,0.0,0,0.9050486648525283,-2.69,2,"[395.0, 532.0]"
chaotic_stop,1788870814.1706426,1.291839935,0.903,0.903,0.0,0.3436158322122369,0.0,0.0,0,0.9050486648525283,-2.69,2,"[395.0, 532.0]"
chaotic_stop,1788870814.220585,1.3417824520000001,0.903,0.903,0.0,0.3436158322122369,0.0,0.0,0,0.9050486648525283,-2.69,2,"[502.1666564941406, 439.0]"
chaotic_stop,1788870814.2706268,1.391824085,0.903,0.903,0.0,0.3436158322122369,0.0,0.0,0,0.9050486648525283,-2.69,2,"[502.1666564941406, 439.0]"
chaotic_stop,1788870814.3206027,1.44180029,0.903,0.903,0.0,0.3436158322122369,0.0,0.0,0,0.9050486648525283,-2.69,2,"[493.5, 530.75]"
chaotic_stop,1788870814.370586,1.4917833070000002,0.903,0.903,0.0,0.3436158322122369,0.0,0.0,0,0.9050486648525283,-2.69,2,"[493.5, 530.75]"
chaotic_stop,1788870814.4205015,1.5416987450000001,0.903,0.903,0.0,0.3436158322122369,0.0,0.0,0,0.9050486648525283,-2.69,2,"[499.6666564941406, 525.6666870117188]"
chaotic_stop,1788870814.470613,1.591810559,0.903,0.903,0.0,0.3436158322122369,0.0,0.0,0,0.9050486648525283,-2.69,2,"[499.6666564941406, 525.6666870117188]"
chaotic_stop,1788870814.5205333,1.641730769,0.903,0.903,0.0,0.3436158322122369,0.0,0.0,0,0.9050486648525283,-2.69,2,"[498.0, 532.75]"
chaotic_stop,1788870814.5705886,1.6917861010000002,0.903,0.903,0.0,0.3436158322122369,0.0,0.0,0,0.9050486648525283,-2.69,2,"[498.0, 532.75]"
chaotic_stop,1788870814.6205359,1.7417334020000002,0.903,0.903,0.0,0.3436158322122369,0.0,0.0,0,0.9050486648525283,-2.69,2,"[495.79998779296875, 528.0]"
chaotic_stop,1788870814.6707382,1.791935824,0.903,0.903,0.0,0.3436158322122369,0.0,0.0,0,0.9050486648525283,-2.69,2,"[495.79998779296875, 528.0]"
chaotic_stop,1788870814.7205205,1.8417180690000001,0.903,0.903,0.0,0.3436158322122369,0.0,0.0,0,0.9050486648525283,-2.69,2,"[501.0, 527.5999755859375]"
chaotic_stop,1788870814.7704775,1.8916748810000001,0.903,0.903,0.0,0.3436158322122369,0.0,0.0,0,0.9050486648525283,-2.69,2,"[501.0, 527.5999755859375]"
chaotic_stop,1788870814.8204885,1.9416858830000001,0.903,0.903,0.0,0.3436158322122369,0.0,0.0,0,0.9050486648525283,-2.69,2,"[494.75, 551.25]"
chaotic_stop,1788870814.870724,1.9919213990000002,0.903,0.903,0.0,0.3436158322122369,0.0,0.0,0,0.9050486648525283,-2.69,2,"[494.75, 551.25]"
chaotic_stop,1788870814.9207551,2.041952477,0.903,0.903,0.0,0.3436158322122369,0.0,0.0,0,0.9050486648525283,-2.69,2,"[515.3333129882812, 533.1666870117188]"
chaotic_stop,1788870814.9707236,2.0919211250000003,0.903,0.903,0.0,0.3436158322122369,0.0,0.0,0,0.9050486648525283,-2.69,2,"[515.3333129882812, 533.1666870117188]"
chaotic_stop,1788870815.0205164,2.141714041,0.903,0.903,0.0,0.3436158322122369,0.0,0.0,0,0.9050486648525283,-2.69,2,"[510.5, 518.25]"
chaotic_stop,1788870815.0706253,2.191822872,0.903,0.903,0.0,0.3436158322122369,0.0,0.0,0,0.9050486648525283,-2.69,2,"[510.5, 518.25]"
chaotic_stop,1788870815.1207035,2.2419007580000003,0.903,0.903,0.0,0.3436158322122369,0.0,0.0,0,0.9050486648525283,-2.69,2,"[495.3999938964844, 540.5999755859375]"
chaotic_stop,1788870815.1705844,2.2917818540000003,0.903,0.903,0.0,0.3436158322122369,0.0,0.0,0,0.9050486648525283,-2.69,2,"[495.3999938964844, 540.5999755859375]"
chaotic_stop,1788870815.2204723,2.3416697710000003,0.903,0.903,0.0,0.3436158322122369,0.0,0.0,0,0.9050486648525283,-2.69,2,"[510.79998779296875, 552.5999755859375]"
chaotic_stop,1788870815.2705607,2.391758009,0.903,0.903,0.0,0.3436158322122369,0.0,0.0,0,0.9050486648525283,-2.69,2,"[510.79998779296875, 552.5999755859375]"
chaotic_stop,1788870815.3206255,2.4418229350000002,0.903,0.903,0.0,0.3436158322122369,0.0,0.0,0,0.9050486648525283,-2.69,2,"[403.0, 521.5999755859375]"
chaotic_stop,1788870815.3706803,2.491877982,0.903,0.903,0.0,0.3436158322122369,0.0,0.0,0,0.9050486648525283,-2.69,2,"[403.0, 521.5999755859375]"
chaotic_stop,1788870815.4205654,2.541762935,0.903,0.903,0.0,0.3436158322122369,0.0,0.0,0,0.9050486648525283,-2.69,2,"[500.1666564941406, 468.1666564941406]"
chaotic_stop,1788870815.4706268,2.591824403,0.903,0.903,0.0,0.3436158322122369,0.0,0.0,0,0.9050486648525283,-2.69,2,"[500.1666564941406, 468.1666564941406]"
chaotic_stop,1788870815.5205903,2.6417876540000003,0.903,0.903,0.0,0.3436158322122369,0.0,0.0,0,0.9050486648525283,-2.69,2,"[494.0, 536.0]"
chaotic_stop,1788870815.570586,2.691783509,0.903,0.903,0.0,0.3436158322122369,0.0,0.0,0,0.9050486648525283,-2.69,2,"[494.0, 536.0]"
chaotic_stop,1788870815.6205206,2.7417179870000004,0.903,0.903,0.0,0.3436158322122369,0.0,0.0,0,0.9050486648525283,-2.69,2,"[499.0, 536.8333129882812]"
chaotic_stop,1788870815.6706464,2.7918438340000002,0.903,0.903,0.0,0.3436158322122369,0.0,0.0,0,0.9050486648525283,-2.69,2,"[499.0, 536.8333129882812]"
chaotic_stop,1788870815.7206233,2.8418207890000002,0.903,0.903,0.0,0.3436158322122369,0.0,0.0,0,0.9050486648525283,-2.69,2,"[500.75, 531.75]"
chaotic_stop,1788870815.7706184,2.8918160150000003,0.903,0.903,0.0,0.3436158322122369,0.0,0.0,0,0.9050486648525283,-2.69,2,"[500.75, 531.75]"
chaotic_stop,1788870815.8205469,2.941744432,0.903,0.903,0.0,0.3436158322122369,0.0,0.0,0,0.9050486648525283,-2.69,2,"[499.79998779296875, 533.7999877929688]"
chaotic_stop,1788870815.8706381,2.9918355930000002,0.903,0.903,0.0,0.3436158322122369,0.0,0.0,0,0.9050486648525283,-2.69,2,"[499.79998779296875, 533.7999877929688]"
chaotic_stop,1788870815.9204965,3.0416939220000003,0.903,0.903,0.0,0.3436158322122369,0.0,0.0,0,0.9050486648525283,-2.69,2,"[500.3999938964844, 535.4000244140625]"
chaotic_stop,1788870815.9704287,3.0916262050000003,0.903,0.903,0.0,0.3436158322122369,0.0,0.0,0,0.9050486648525283,-2.69,2,"[500.3999938964844, 535.4000244140625]"
chaotic_stop,1788870816.020523,3.1417205530000003,0.903,0.903,0.0,0.3436158322122369,0.0,0.0,0,0.9050486648525283,-2.69,2,"[500.25, 546.25]"
chaotic_stop,1788870816.0704918,3.191689311,0.903,0.903,0.0,0.3436158322122369,0.0,0.0,0,0.9050486648525283,-2.69,2,"[500.25, 546.25]"
chaotic_stop,1788870816.1205451,3.241742497,0.903,0.903,0.0,0.3436158322122369,0.0,0.0,0,0.9050486648525283,-2.69,2,"[491.3333435058594, 531.0]"
chaotic_stop,1788870816.170626,3.2918234600000003,0.903,0.903,0.0,0.3436158322122369,0.0,0.0,0,0.9050486648525283,-2.69,2,"[491.3333435058594, 531.0]"
chaotic_stop,1788870816.2205896,3.341787232,0.903,0.903,0.0,0.3436158322122369,0.0,0.0,0,0.9050486648525283,-2.69,2,"[503.25, 562.5]"
chaotic_stop,1788870816.270603,3.3918004130000003,0.903,0.903,0.0,0.3436158322122369,0.0,0.0,0,0.9050486648525283,-2.69,2,"[503.25, 562.5]"
chaotic_stop,1788870816.3204937,3.4416911690000003,0.903,0.903,0.0,0.3436158322122369,0.0,0.0,0,0.9050486648525283,-2.69,2,"[500.6000061035156, 531.7999877929688]"
chaotic_stop,1788870816.3705268,3.491724206,0.903,0.903,0.0,0.3436158322122369,0.0,0.0,0,0.9050486648525283,-2.69,2,"[500.6000061035156, 531.7999877929688]"
chaotic_stop,1788870816.4204786,3.5416760650000003,0.903,0.903,0.0,0.3436158322122369,0.0,0.0,0,0.9050486648525283,-2.69,2,"[501.6000061035156, 551.4000244140625]"
chaotic_stop,1788870816.470668,3.591865642,0.903,0.903,0.0,0.3436158322122369,0.0,0.0,0,0.9050486648525283,-2.69,2,"[501.6000061035156, 551.4000244140625]"
chaotic_stop,1788870816.5205073,3.6417047670000002,0.903,0.903,0.0,0.3436158322122369,0.0,0.0,0,0.9050486648525283,-2.69,2,"[505.75, 528.25]"
chaotic_stop,1788870816.5706036,3.6918011450000003,0.903,0.903,0.0,0.3436158322122369,0.0,0.0,0,0.9050486648525283,-2.69,2,"[505.75, 528.25]"
chaotic_stop,1788870816.62053,3.7417271660000004,0.903,0.903,0.0,0.3436158322122369,0.0,0.0,0,0.9050486648525283,-2.69,2,"[504.5, 533.0]"
chaotic_stop,1788870816.6705008,3.791698047,0.903,0.903,0.0,0.3436158322122369,0.0,0.0,0,0.9050486648525283,-2.69,2,"[504.5, 533.0]"
chaotic_stop,1788870816.7204802,3.841677519,0.903,0.903,0.0,0.3436158322122369,0.0,0.0,0,0.9050486648525283,-2.69,2,"[480.25, 531.5]"
chaotic_stop,1788870816.7704377,3.8916352560000003,0.903,0.903,0.0,0.3436158322122369,0.0,0.0,0,0.9050486648525283,-2.69,2,"[480.25, 531.5]"
chaotic_stop,1788870816.8204496,3.941647021,0.903,0.903,0.0,0.3436158322122369,0.0,0.0,0,0.9050486648525283,-2.69,2,"[500.20001220703125, 522.5999755859375]"
chaotic_stop,1788870816.8704653,3.9916628070000004,0.903,0.903,0.0,0.3436158322122369,0.0,0.0,0,0.9050486648525283,-2.69,2,"[500.20001220703125, 522.5999755859375]"
chaotic_stop,1788870816.9205954,4.041792852,0.903,0.903,0.0,0.3436158322122369,0.0,0.0,0,0.9050486648525283,-2.69,2,"[500.0, 535.5999755859375]"
chaotic_stop,1788870816.9705286,4.091725970000001,0.903,0.903,0.0,0.3436158322122369,0.0,0.0,0,0.9050486648525283,-2.69,2,"[500.0, 535.5999755859375]"
chaotic_stop,1788870817.0205405,4.1417381010000005,0.903,0.903,0.0,0.3436158322122369,0.0,0.0,0,0.9050486648525283,-2.69,2,"[399.6000061035156, 528.5999755859375]"
chaotic_stop,1788870817.0707,4.191897269,0.903,0.903,0.0,0.3436158322122369,0.0,0.0,0,0.9050486648525283,-2.69,2,"[399.6000061035156, 528.5999755859375]"
chaotic_stop,1788870817.1204853,4.2416828010000005,0.903,0.903,0.0,0.3436158322122369,0.0,0.0,0,0.9050486648525283,-2.69,2,"[492.3333435058594, 448.3333435058594]"
chaotic_stop,1788870817.1705096,4.291707237000001,0.903,0.903,0.0,0.3436158322122369,0.0,0.0,0,0.9050486648525283,-2.69,2,"[492.3333435058594, 448.3333435058594]"
chaotic_stop,1788870817.220657,4.3418544400000005,0.903,0.903,0.0,0.3436158322122369,0.0,0.0,0,0.9050486648525283,-2.69,2,"[494.25, 530.75]"
chaotic_stop,1788870817.2704852,4.3916824850000005,0.903,0.903,0.0,0.3436158322122369,0.0,0.0,0,0.9050486648525283,-2.69,2,"[494.25, 530.75]"
chaotic_stop,1788870817.3205001,4.4416976440000004,0.903,0.903,0.0,0.3436158322122369,0.0,0.0,0,0.9050486648525283,-2.69,2,"[492.3333435058594, 542.0]"
chaotic_stop,1788870817.3706095,4.491806983,0.903,0.903,0.0,0.3436158322122369,0.0,0.0,0,0.9050486648525283,-2.69,2,"[492.3333435058594, 542.0]"
chaotic_stop,1788870817.4204679,4.541665304,0.903,0.903,0.0,0.3436158322122369,0.0,0.0,0,0.9050486648525283,-2.69,2,"[500.25, 526.75]"
chaotic_stop,1788870817.4706438,4.591841151000001,0.903,0.903,0.0,0.3436158322122369,0.0,0.0,0,0.9050486648525283,-2.69,2,"[500.25, 526.75]"
chaotic_stop,1788870817.5204875,4.641684919,0.903,0.903,0.0,0.3436158322122369,0.0,0.0,0,0.9050486648525283,-2.69,2,"[497.20001220703125, 532.7999877929688]"
chaotic_stop,1788870817.570504,4.691701506,0.903,0.903,0.0,0.3436158322122369,0.0,0.0,0,0.9050486648525283,-2.69,2,"[497.20001220703125, 532.7999877929688]"
chaotic_stop,1788870817.62046,4.741657514,0.903,0.903,0.0,0.3436158322122369,0.0,0.0,0,0.9050486648525283,-2.69,2,"[491.79998779296875, 532.5999755859375]"
chaotic_stop,1788870817.6706054,4.7918029760000005,0.903,0.903,0.0,0.3436158322122369,0.0,0.0,0,0.9050486648525283,-2.69,2,"[491.79998779296875, 532.5999755859375]"
chaotic_stop,1788870817.720552,4.8417495740000005,0.903,0.903,0.0,0.3436158322122369,0.0,0.0,0,0.9050486648525283,-2.69,2,"[504.0, 529.75]"
chaotic_stop,1788870817.7707264,4.891924063,0.903,0.903,0.0,0.3436158322122369,0.0,0.0,0,0.9050486648525283,-2.69,2,"[504.0, 529.75]"
chaotic_stop,1788870817.8205917,4.941789198,0.903,0.903,0.0,0.3436158322122369,0.0,0.0,0,0.9050486648525283,-2.69,2,"[498.5, 539.3333129882812]"
chaotic_stop,1788870817.8706348,4.991832270000001,0.903,0.903,0.0,0.3436158322122369,0.0,0.0,0,0.9050486648525283,-2.69,2,"[498.5, 539.3333129882812]"
chaotic_stop,1788870817.9206026,5.041799955,0.903,0.903,0.0,0.3436158322122369,0.0,0.0,0,0.9050486648525283,-2.69,2,"[510.25, 522.25]"
chaotic_stop,1788870817.9706163,5.091813867,0.903,0.903,0.0,0.3436158322122369,0.0,0.0,0,0.9050486648525283,-2.69,2,"[510.25, 522.25]"
chaotic_stop,1788870818.020471,5.141668614,0.903,0.903,0.0,0.3436158322122369,0.0,0.0,0,0.9050486648525283,-2.69,2,"[509.0, 555.2000122070312]"
chaotic_stop,1788870818.070743,5.191940557000001,0.903,0.903,0.0,0.3436158322122369,0.0,0.0,0,0.9050486648525283,-2.69,2,"[509.0, 555.2000122070312]"
chaotic_stop,1788870818.1208043,5.242001748000001,0.903,0.903,0.0,0.3436158322122369,0.0,0.0,0,0.9050486648525283,-2.69,2,"[503.79998779296875, 543.4000244140625]"
chaotic_stop,1788870818.1706185,5.2918159220000005,0.903,0.903,0.0,0.3436158322122369,0.0,0.0,0,0.9050486648525283,-2.69,2,"[503.79998779296875, 543.4000244140625]"
chaotic_stop,1788870818.2206166,5.341814133000001,0.903,0.903,0.0,0.3436158322122369,0.0,0.0,0,0.9050486648525283,-2.69,2,"[401.20001220703125, 523.0]"
chaotic_stop,1788870818.270624,5.391821425000001,0.903,0.903,0.0,0.3436158322122369,0.0,0.0,0,0.9050486648525283,-2.69,2,"[401.20001220703125, 523.0]"
chaotic_stop,1788870818.320709,5.441906551000001,0.903,0.903,0.0,0.3436158322122369,0.0,0.0,0,0.9050486648525283,-2.69,2,"[500.3333435058594, 449.3333435058594]"
chaotic_stop,1788870818.3704681,5.4916655510000005,0.903,0.903,0.0,0.3436158322122369,0.0,0.0,0,0.9050486648525283,-2.69,2,"[500.3333435058594, 449.3333435058594]"
chaotic_stop,1788870818.420484,5.541681439,0.903,0.903,0.0,0.3436158322122369,0.0,0.0,0,0.9050486648525283,-2.69,2,"[492.0, 530.5]"
chaotic_stop,1788870818.4705992,5.591796759,0.903,0.903,0.0,0.3436158322122369,0.0,0.0,0,0.9050486648525283,-2.69,2,"[492.0, 530.5]"
chaotic_stop,1788870818.5204835,5.641680784,0.903,0.903,0.0,0.3436158322122369,0.0,0.0,0,0.9050486648525283,-2.69,2,"[504.20001220703125, 528.7999877929688]"
chaotic_stop,1788870818.5706122,5.691809463,0.903,0.903,0.0,0.3436158322122369,0.0,0.0,0,0.9050486648525283,-2.69,2,"[504.20001220703125, 528.7999877929688]"
chaotic_stop,1788870818.6205857,5.741783085000001,0.903,0.903,0.0,0.3436158322122369,0.0,0.0,0,0.9050486648525283,-2.69,2,"[498.20001220703125, 528.7999877929688]"
chaotic_stop,1788870818.67073,5.791927537,0.903,0.903,0.0,0.3436158322122369,0.0,0.0,0,0.9050486648525283,-2.69,2,"[498.20001220703125, 528.7999877929688]"
chaotic_stop,1788870818.7204504,5.841647956,0.903,0.903,0.0,0.3436158322122369,0.0,0.0,0,0.9050486648525283,-2.69,2,"[511.6000061035156, 526.0]"
chaotic_stop,1788870818.7705317,5.8917292340000005,0.903,0.903,0.0,0.3436158322122369,0.0,0.0,0,0.9050486648525283,-2.69,2,"[511.6000061035156, 526.0]"
chaotic_stop,1788870818.8205154,5.941712801,0.903,0.903,0.0,0.3436158322122369,0.0,0.0,0,0.9050486648525283,-2.69,2,"[505.3999938964844, 532.0]"
chaotic_stop,1788870818.8705685,5.991765891,0.903,0.903,0.0,0.3436158322122369,0.0,0.0,0,0.9050486648525283,-2.69,2,"[505.3999938964844, 532.0]"
chaotic_stop,1788870818.9204957,6.041693187000001,0.903,0.903,0.0,0.3436158322122369,0.0,0.0,0,0.9050486648525283,-2.69,2,"[484.5, 539.25]"
chaotic_stop,1788870818.9706764,6.091873767,0.903,0.903,0.0,0.3436158322122369,0.0,0.0,0,0.9050486648525283,-2.69,2,"[484.5, 539.25]"
chaotic_stop,1788870819.0205019,6.1416993070000006,0.903,0.903,0.0,0.3436158322122369,0.0,0.0,0,0.9050486648525283,-2.69,2,"[502.3333435058594, 529.6666870117188]"
chaotic_stop,1788870819.0706444,6.191841673000001,0.903,0.903,0.0,0.3436158322122369,0.0,0.0,0,0.9050486648525283,-2.69,2,"[502.3333435058594, 529.6666870117188]"
chaotic_stop,1788870819.1205254,6.241722956,0.903,0.903,0.0,0.3436158322122369,0.0,0.0,0,0.9050486648525283,-2.69,2,"[490.5, 525.75]"
chaotic_stop,1788870819.1704416,6.291639044,0.903,0.903,0.0,0.3436158322122369,0.0,0.0,0,0.9050486648525283,-2.69,2,"[490.5, 525.75]"
chaotic_stop,1788870819.2204974,6.341694704,0.903,0.903,0.0,0.3436158322122369,0.0,0.0,0,0.9050486648525283,-2.69,2,"[497.79998779296875, 523.7999877929688]"
chaotic_stop,1788870819.270664,6.391861585,0.903,0.903,0.0,0.3436158322122369,0.0,0.0,0,0.9050486648525283,-2.69,2,"[497.79998779296875, 523.7999877929688]"
chaotic_stop,1788870819.3204737,6.441671056000001,0.903,0.903,0.0,0.3436158322122369,0.0,0.0,0,0.9050486648525283,-2.69,2,"[509.0, 529.5999755859375]"
chaotic_stop,1788870819.3705926,6.49179008,0.903,0.903,0.0,0.3436158322122369,0.0,0.0,0,0.9050486648525283,-2.69,2,"[509.0, 529.5999755859375]"
chaotic_stop,1788870819.420495,6.541692448,0.903,0.903,0.0,0.3436158322122369,0.0,0.0,0,0.9050486648525283,-2.69,2,"[402.3999938964844, 544.2000122070312]"
chaotic_stop,1788870819.4706001,6.591797566,0.903,0.903,0.0,0.3436158322122369,0.0,0.0,0,0.9050486648525283,-2.69,2,"[402.3999938964844, 544.2000122070312]"
chaotic_stop,1788870819.5204942,6.641691549000001,0.903,0.903,0.0,0.3436158322122369,0.0,0.0,0,0.9050486648525283,-2.69,2,"[500.3333435058594, 455.8333435058594]"
chaotic_stop,1788870819.5704925,6.691690101000001,0.903,0.903,0.0,0.3436158322122369,0.0,0.0,0,0.9050486648525283,-2.69,2,"[500.3333435058594, 455.8333435058594]"
chaotic_stop,1788870819.6204717,6.741669109,0.903,0.903,0.0,0.3436158322122369,0.0,0.0,0,0.9050486648525283,-2.69,2,"[500.75, 532.5]"
chaotic_stop,1788870819.6705093,6.791706978000001,0.903,0.903,0.0,0.3436158322122369,0.0,0.0,0,0.9050486648525283,-2.69,2,"[500.75, 532.5]"
chaotic_stop,1788870819.7206051,6.841802578,0.903,0.903,0.0,0.3436158322122369,0.0,0.0,0,0.9050486648525283,-2.69,2,"[515.4000244140625, 533.7999877929688]"
chaotic_stop,1788870819.7706666,6.89186411,0.903,0.903,0.0,0.3436158322122369,0.0,0.0,0,0.9050486648525283,-2.69,2,"[515.4000244140625, 533.7999877929688]"
chaotic_stop,1788870819.8206353,6.9418326310000005,0.903,0.903,0.0,0.3436158322122369,0.0,0.0,0,0.9050486648525283,-2.69,2,"[502.79998779296875, 528.2000122070312]"
chaotic_stop,1788870819.8706381,6.991835716000001,0.903,0.903,0.0,0.3436158322122369,0.0,0.0,0,0.9050486648525283,-2.69,2,"[502.79998779296875, 528.2000122070312]"
chaotic_stop,1788870819.9205751,7.041772419000001,0.903,0.903,0.0,0.3436158322122369,0.0,0.0,0,0.9050486648525283,-2.69,2,"[526.4000244140625, 530.0]"
chaotic_stop,1788870819.9706075,7.0918048140000005,0.903,0.903,0.0,0.3436158322122369,0.0,0.0,0,0.9050486648525283,-2.69,2,"[526.4000244140625, 530.0]"
chaotic_stop,1788870820.0204878,7.141685225000001,0.903,0.903,0.0,0.3436158322122369,0.0,0.0,0,0.9050486648525283,-2.69,2,"[509.3333435058594, 438.6666564941406]"
chaotic_stop,1788870820.0704937,7.191691275,0.903,0.903,0.0,0.3436158322122369,0.0,0.0,0,0.9050486648525283,-2.69,2,"[509.3333435058594, 438.6666564941406]"
chaotic_stop,1788870820.1205113,7.2417089070000005,0.903,0.903,0.0,0.3436158322122369,0.0,0.0,0,0.9050486648525283,-2.69,2,"[497.5, 535.0]"
chaotic_stop,1788870820.1706316,7.291829091,0.903,0.903,0.0,0.3436158322122369,0.0,0.0,0,0.9050486648525283,-2.69,2,"[497.5, 535.0]"
chaotic_stop,1788870820.2205822,7.341779741000001,0.903,0.903,0.0,0.3436158322122369,0.0,0.0,0,0.9050486648525283,-2.69,2,"[493.0, 536.7999877929688]"
chaotic_stop,1788870820.2708225,7.392019869,0.903,0.903,0.0,0.3436158322122369,0.0,0.0,0,0.9050486648525283,-2.69,2,"[493.0, 536.7999877929688]"
chaotic_stop,1788870820.3204472,7.4416446160000005,0.903,0.903,0.0,0.3436158322122369,0.0,0.0,0,0.9050486648525283,-2.69,2,"[528.4000244140625, 532.7999877929688]"
chaotic_stop,1788870820.3704178,7.4916150990000006,0.903,0.903,0.0,0.3436158322122369,0.0,0.0,0,0.9050486648525283,-2.69,2,"[528.4000244140625, 532.7999877929688]"
chaotic_stop,1788870820.4204412,7.541638568000001,0.903,0.903,0.0,0.3436158322122369,0.0,0.0,0,0.9050486648525283,-2.69,2,"[502.0, 532.2000122070312]"
chaotic_stop,1788870820.470607,7.591804336,0.903,0.903,0.0,0.3436158322122369,0.0,0.0,0,0.9050486648525283,-2.69,2,"[502.0, 532.2000122070312]"
chaotic_stop,1788870820.5205822,7.64177975,0.903,0.903,0.0,0.3436158322122369,0.0,0.0,0,0.9050486648525283,-2.69,2,"[502.6000061035156, 538.2000122070312]"
chaotic_stop,1788870820.5706391,7.691836778000001,0.903,0.903,0.0,0.3436158322122369,0.0,0.0,0,0.9050486648525283,-2.69,2,"[502.6000061035156, 538.2000122070312]"
chaotic_stop,1788870820.6205525,7.741749958000001,0.903,0.903,0.0,0.3436158322122369,0.0,0.0,0,0.9050486648525283,-2.69,2,"[495.75, 535.25]"
chaotic_stop,1788870820.670738,7.791935434000001,0.903,0.903,0.0,0.3436158322122369,0.0,0.0,0,0.9050486648525283,-2.69,2,"[495.75, 535.25]"
chaotic_stop,1788870820.720475,7.841672419000001,0.903,0.903,0.0,0.3436158322122369,0.0,0.0,0,0.9050486648525283,-2.69,2,"[516.1666870117188, 532.3333129882812]"
chaotic_stop,1788870820.7704678,7.891665218000001,0.903,0.903,0.0,0.3436158322122369,0.0,0.0,0,0.9050486648525283,-2.69,2,"[516.1666870117188, 532.3333129882812]"
chaotic_stop,1788870820.8204484,7.941645691000001,0.903,0.903,0.0,0.3436158322122369,0.0,0.0,0,0.9050486648525283,-2.69,2,"[487.0, 524.25]"
chaotic_stop,1788870820.870484,7.991681531,0.903,0.903,0.0,0.3436158322122369,0.0,0.0,0,0.9050486648525283,-2.69,2,"[487.0, 524.25]"
chaotic_stop,1788870820.9205043,8.041701912,0.903,0.903,0.0,0.3436158322122369,0.0,0.0,0,0.9050486648525283,-2.69,2,"[497.79998779296875, 533.5999755859375]"
chaotic_stop,1788870820.9707391,8.091936607000001,0.903,0.903,0.0,0.3436158322122369,0.0,0.0,0,0.9050486648525283,-2.69,2,"[497.79998779296875, 533.5999755859375]"
chaotic_stop,1788870821.0205526,8.141750073,0.903,0.903,0.0,0.3436158322122369,0.0,0.0,0,0.9050486648525283,-2.69,2,"[499.79998779296875, 527.0]"
chaotic_stop,1788870821.0705657,8.191763270000001,0.903,0.903,0.0,0.3436158322122369,0.0,0.0,0,0.9050486648525283,-2.69,2,"[499.79998779296875, 527.0]"
chaotic_stop,1788870821.1204762,8.241673654000001,0.903,0.903,0.0,0.3436158322122369,0.0,0.0,0,0.9050486648525283,-2.69,2,"[414.6000061035156, 531.0]"
chaotic_stop,1788870821.1704628,8.291660255,0.903,0.903,0.0,0.3436158322122369,0.0,0.0,0,0.9050486648525283,-2.69,2,"[414.6000061035156, 531.0]"
chaotic_stop,1788870821.2204392,8.341636713,0.903,0.903,0.0,0.3436158322122369,0.0,0.0,0,0.9050486648525283,-2.69,2,"[498.3333435058594, 455.6666564941406]"
chaotic_stop,1788870821.270493,8.391690496,0.903,0.903,0.0,0.3436158322122369,0.0,0.0,0,0.9050486648525283,-2.69,2,"[498.3333435058594, 455.6666564941406]"
chaotic_stop,1788870821.3204825,8.441679799000001,0.903,0.903,0.0,0.3436158322122369,0.0,0.0,0,0.9050486648525283,-2.69,2,"[498.5, 526.0]"
chaotic_stop,1788870821.3706067,8.491804122000001,0.903,0.903,0.0,0.3436158322122369,0.0,0.0,0,0.9050486648525283,-2.69,2,"[498.5, 526.0]"
chaotic_stop,1788870821.420701,8.541898595000001,0.903,0.903,0.0,0.3436158322122369,0.0,0.0,0,0.9050486648525283,-2.69,2,"[502.0, 530.2000122070312]"
chaotic_stop,1788870821.4705985,8.591795863,0.903,0.903,0.0,0.3436158322122369,0.0,0.0,0,0.9050486648525283,-2.69,2,"[502.0, 530.2000122070312]"
chaotic_stop,1788870821.5204806,8.641678162,0.903,0.903,0.0,0.3436158322122369,0.0,0.0,0,0.9050486648525283,-2.69,2,"[495.20001220703125, 533.0]"
chaotic_stop,1788870821.570472,8.691669555,0.903,0.903,0.0,0.3436158322122369,0.0,0.0,0,0.9050486648525283,-2.69,2,"[495.20001220703125, 533.0]"
chaotic_stop,1788870821.62044,8.741637478000001,0.903,0.903,0.0,0.3436158322122369,0.0,0.0,0,0.9050486648525283,-2.69,2,"[499.79998779296875, 527.2000122070312]"
chaotic_stop,1788870821.6706123,8.791809865000001,0.903,0.903,0.0,0.3436158322122369,0.0,0.0,0,0.9050486648525283,-2.69,2,"[499.79998779296875, 527.2000122070312]"
chaotic_stop,1788870821.7210152,8.842212715,0.903,0.903,0.0,0.3436158322122369,0.0,0.0,0,0.9050486648525283,-2.69,2,"[496.6000061035156, 531.4000244140625]"
chaotic_stop,1788870821.7706194,8.891816846000001,0.903,0.903,0.0,0.3436158322122369,0.0,0.0,0,0.9050486648525283,-2.69,2,"[496.6000061035156, 531.4000244140625]"
chaotic_stop,1788870821.820549,8.941746425,0.903,0.903,0.0,0.3436158322122369,0.0,0.0,0,0.9050486648525283,-2.69,2,"[500.25, 530.5]"
chaotic_stop,1788870821.870623,8.991820502000001,0.903,0.903,0.0,0.3436158322122369,0.0,0.0,0,0.9050486648525283,-2.69,2,"[500.25, 530.5]"
chaotic_stop,1788870821.920569,9.041766432000001,0.903,0.903,0.0,0.3436158322122369,0.0,0.0,0,0.9050486648525283,-2.69,2,"[499.3999938964844, 532.7999877929688]"
chaotic_stop,1788870821.9705362,9.091733658,0.903,0.903,0.0,0.3436158322122369,0.0,0.0,0,0.9050486648525283,-2.69,2,"[499.3999938964844, 532.7999877929688]"
chaotic_stop,1788870822.0204418,9.141639095,0.903,0.903,0.0,0.3436158322122369,0.0,0.0,0,0.9050486648525283,-2.69,2,"[499.0, 535.2000122070312]"
chaotic_stop,1788870822.0706303,9.191827727,0.903,0.903,0.0,0.3436158322122369,0.0,0.0,0,0.9050486648525283,-2.69,2,"[499.0, 535.2000122070312]"
chaotic_stop,1788870822.120484,9.241681684000001,0.903,0.903,0.0,0.3436158322122369,0.0,0.0,0,0.9050486648525283,-2.69,2,"[501.0, 533.2000122070312]"
chaotic_stop,1788870822.1706777,9.291875022000001,0.903,0.903,0.0,0.3436158322122369,0.0,0.0,0,0.9050486648525283,-2.69,2,"[501.0, 533.2000122070312]"
chaotic_stop,1788870822.2204788,9.341676395,0.903,0.903,0.0,0.3436158322122369,0.0,0.0,0,0.9050486648525283,-2.69,2,"[504.0, 532.0]"
chaotic_stop,1788870822.2705529,9.391750477,0.903,0.903,0.0,0.3436158322122369,0.0,0.0,0,0.9050486648525283,-2.69,2,"[504.0, 532.0]"
chaotic_stop,1788870822.3205037,9.441701017,0.903,0.903,0.0,0.3436158322122369,0.0,0.0,0,0.9050486648525283,-2.69,2,"[401.79998779296875, 531.5999755859375]"
chaotic_stop,1788870822.3704684,9.491665934,0.903,0.903,0.0,0.3436158322122369,0.0,0.0,0,0.9050486648525283,-2.69,2,"[401.79998779296875, 531.5999755859375]"
chaotic_stop,1788870822.4204547,9.541652102,0.903,0.903,0.0,0.3436158322122369,0.0,0.0,0,0.9050486648525283,-2.69,2,"[500.1666564941406, 454.8333435058594]"
chaotic_stop,1788870822.4704773,9.591674976,0.903,0.903,0.0,0.3436158322122369,0.0,0.0,0,0.9050486648525283,-2.69,2,"[500.1666564941406, 454.8333435058594]"
chaotic_stop,1788870822.5204632,9.641660662000001,0.903,0.903,0.0,0.3436158322122369,0.0,0.0,0,0.9050486648525283,-2.69,2,"[499.75, 531.5]"
chaotic_stop,1788870822.57067,9.691867431,0.903,0.903,0.0,0.3436158322122369,0.0,0.0,0,0.9050486648525283,-2.69,2,"[499.75, 531.5]"
chaotic_stop,1788870822.6206505,9.741847959000001,0.903,0.903,0.0,0.3436158322122369,0.0,0.0,0,0.9050486648525283,-2.69,2,"[499.0, 534.4000244140625]"
chaotic_stop,1788870822.670681,9.791878401,0.903,0.903,0.0,0.3436158322122369,0.0,0.0,0,0.9050486648525283,-2.69,2,"[499.0, 534.4000244140625]"
chaotic_stop,1788870822.7204897,9.841687413,0.903,0.903,0.0,0.3436158322122369,0.0,0.0,0,0.9050486648525283,-2.69,2,"[498.3999938964844, 534.0]"
chaotic_stop,1788870822.7705755,9.891773039,0.903,0.903,0.0,0.3436158322122369,0.0,0.0,0,0.9050486648525283,-2.69,2,"[498.3999938964844, 534.0]"
chaotic_stop,1788870822.8204725,9.941669869,0.903,0.903,0.0,0.3436158322122369,0.0,0.0,0,0.9050486648525283,-2.69,2,"[501.20001220703125, 531.4000244140625]"
chaotic_stop,1788870822.8704808,9.991678127,0.903,0.903,0.0,0.3436158322122369,0.0,0.0,0,0.9050486648525283,-2.69,2,"[501.20001220703125, 531.4000244140625]"
chaotic_stop,1788870822.9206405,10.041837729000001,0.903,0.903,0.0,0.3436158322122369,0.0,0.0,0,0.9050486648525283,-2.69,2,"[499.3999938964844, 531.2000122070312]"
chaotic_stop,1788870822.9706037,10.091801136,0.903,0.903,0.0,0.3436158322122369,0.0,0.0,0,0.9050486648525283,-2.69,2,"[499.3999938964844, 531.2000122070312]"
chaotic_stop,1788870823.0204694,10.141666841000001,0.903,0.903,0.0,0.3436158322122369,0.0,0.0,0,0.9050486648525283,-2.69,2,"[498.0, 533.25]"
chaotic_stop,1788870823.0706372,10.191834629,0.903,0.903,0.0,0.3436158322122369,0.0,0.0,0,0.9050486648525283,-2.69,2,"[498.0, 533.25]"
chaotic_stop,1788870823.1204705,10.241668055,0.903,0.903,0.0,0.3436158322122369,0.0,0.0,0,0.9050486648525283,-2.69,2,"[498.79998779296875, 533.2000122070312]"
chaotic_stop,1788870823.1705036,10.291701055,0.903,0.903,0.0,0.3436158322122369,0.0,0.0,0,0.9050486648525283,-2.69,2,"[498.79998779296875, 533.2000122070312]"
chaotic_stop,1788870823.2206469,10.341844288,0.903,0.903,0.0,0.3436158322122369,0.0,0.0,0,0.9050486648525283,-2.69,2,"[501.3999938964844, 531.0]"
chaotic_stop,1788870823.27047,10.391667538,0.903,0.903,0.0,0.3436158322122369,0.0,0.0,0,0.9050486648525283,-2.69,2,"[501.3999938964844, 531.0]"
chaotic_stop,1788870823.3204815,10.441679213,0.903,0.903,0.0,0.3436158322122369,0.0,0.0,0,0.9050486648525283,-2.69,2,"[500.79998779296875, 532.4000244140625]"
chaotic_stop,1788870823.3706102,10.491807754,0.903,0.903,0.0,0.3436158322122369,0.0,0.0,0,0.9050486648525283,-2.69,2,"[500.79998779296875, 532.4000244140625]"
chaotic_stop,1788870823.4206855,10.541882774000001,0.903,0.903,0.0,0.3436158322122369,0.0,0.0,0,0.9050486648525283,-2.69,2,"[502.3999938964844, 530.5999755859375]"
chaotic_stop,1788870823.470618,10.591815539,0.903,0.903,0.0,0.3436158322122369,0.0,0.0,0,0.9050486648525283,-2.69,2,"[502.3999938964844, 530.5999755859375]"
chaotic_stop,1788870823.5204573,10.641654767,0.903,0.903,0.0,0.3436158322122369,0.0,0.0,0,0.9050486648525283,-2.69,2,"[400.0, 530.5999755859375]"
chaotic_stop,1788870823.5704668,10.691664219000002,0.903,0.903,0.0,0.3436158322122369,0.0,0.0,0,0.9050486648525283,-2.69,2,"[400.0, 530.5999755859375]"
chaotic_stop,1788870823.6205006,10.741697946,0.903,0.903,0.0,0.3436158322122369,0.0,0.0,0,0.9050486648525283,-2.69,2,"[498.3333435058594, 450.5]"
chaotic_stop,1788870823.6707242,10.791921639,0.903,0.903,0.0,0.3436158322122369,0.0,0.0,0,0.9050486648525283,-2.69,2,"[498.3333435058594, 450.5]"
chaotic_stop,1788870823.720558,10.841755494000001,0.903,0.903,0.0,0.3436158322122369,0.0,0.0,0,0.9050486648525283,-2.69,2,"[498.5, 530.5]"
chaotic_stop,1788870823.7706366,10.891834233,0.903,0.903,0.0,0.3436158322122369,0.0,0.0,0,0.9050486648525283,-2.69,2,"[498.5, 530.5]"
chaotic_stop,1788870823.820496,10.941693387,0.903,0.903,0.0,0.3436158322122369,0.0,0.0,0,0.9050486648525283,-2.69,2,"[497.6000061035156, 531.7999877929688]"
chaotic_stop,1788870823.8706143,10.991811954000001,0.903,0.903,0.0,0.3436158322122369,0.0,0.0,0,0.9050486648525283,-2.69,2,"[497.6000061035156, 531.7999877929688]"
chaotic_stop,1788870823.92049,11.041687459,0.903,0.903,0.0,0.3436158322122369,0.0,0.0,0,0.9050486648525283,-2.69,2,"[498.3999938964844, 532.2000122070312]"
chaotic_stop,1788870823.9704957,11.091693066000001,0.903,0.903,0.0,0.3436158322122369,0.0,0.0,0,0.9050486648525283,-2.69,2,"[498.3999938964844, 532.2000122070312]"
chaotic_stop,1788870824.0205448,11.141742255,0.903,0.903,0.0,0.3436158322122369,0.0,0.0,0,0.9050486648525283,-2.69,2,"[400.0, 530.2000122070312]"
chaotic_stop,1788870824.0705993,11.191796732,0.903,0.903,0.0,0.3436158322122369,0.0,0.0,0,0.9050486648525283,-2.69,2,"[400.0, 530.2000122070312]"
chaotic_stop,1788870824.1204891,11.241686514000001,0.903,0.903,0.0,0.3436158322122369,0.0,0.0,0,0.9050486648525283,-2.69,2,"[498.6666564941406, 443.3333435058594]"
chaotic_stop,1788870824.170669,11.291866599,0.903,0.903,0.0,0.3436158322122369,0.0,0.0,0,0.9050486648525283,-2.69,2,"[498.6666564941406, 443.3333435058594]"
chaotic_stop,1788870824.2204838,11.341681189,0.903,0.903,0.0,0.3436158322122369,0.0,0.0,0,0.9050486648525283,-2.69,2,"[499.5, 532.0]"
chaotic_stop,1788870824.270729,11.391926434,0.903,0.903,0.0,0.3436158322122369,0.0,0.0,0,0.9050486648525283,-2.69,2,"[499.5, 532.0]"
chaotic_stop,1788870824.320466,11.441663388,0.903,0.903,0.0,0.3436158322122369,0.0,0.0,0,0.9050486648525283,-2.69,2,"[499.3999938964844, 531.5999755859375]"
chaotic_stop,1788870824.3704352,11.491632642,0.903,0.903,0.0,0.3436158322122369,0.0,0.0,0,0.9050486648525283,-2.69,2,"[499.3999938964844, 531.5999755859375]"
chaotic_stop,1788870824.4205866,11.541783947,0.903,0.903,0.0,0.3436158322122369,0.0,0.0,0,0.9050486648525283,-2.69,2,"[498.6000061035156, 530.4000244140625]"
chaotic_stop,1788870824.470587,11.591784475,0.903,0.903,0.0,0.3436158322122369,0.0,0.0,0,0.9050486648525283,-2.69,2,"[498.6000061035156, 530.4000244140625]"
chaotic_stop,1788870824.5205898,11.641787316,0.903,0.903,0.0,0.3436158322122369,0.0,0.0,0,0.9050486648525283,-2.69,2,"[499.6000061035156, 531.7999877929688]"
chaotic_stop,1788870824.5707383,11.691935812,0.903,0.903,0.0,0.3436158322122369,0.0,0.0,0,0.9050486648525283,-2.69,2,"[499.6000061035156, 531.7999877929688]"
chaotic_stop,1788870824.6206334,11.74183095,0.903,0.903,0.0,0.3436158322122369,0.0,0.0,0,0.9050486648525283,-2.69,2,"[497.20001220703125, 532.2000122070312]"
chaotic_stop,1788870824.6707408,11.791938334000001,0.903,0.903,0.0,0.3436158322122369,0.0,0.0,0,0.9050486648525283,-2.69,2,"[497.20001220703125, 532.2000122070312]"
chaotic_stop,1788870824.72051,11.841707469000001,0.903,0.903,0.0,0.3436158322122369,0.0,0.0,0,0.9050486648525283,-2.69,2,"[499.25, 530.75]"
chaotic_stop,1788870824.7704477,11.891645298,0.903,0.903,0.0,0.3436158322122369,0.0,0.0,0,0.9050486648525283,-2.69,2,"[499.25, 530.75]"
chaotic_stop,1788870824.8204703,11.941667751,0.903,0.903,0.0,0.3436158322122369,0.0,0.0,0,0.9050486648525283,-2.69,2,"[500.6000061035156, 532.0]"
chaotic_stop,1788870824.8706436,11.991841092000001,0.903,0.903,0.0,0.3436158322122369,0.0,0.0,0,0.9050486648525283,-2.69,2,"[500.6000061035156, 532.0]"
chaotic_stop,1788870824.9206245,12.041821973000001,0.903,0.903,0.0,0.3436158322122369,0.0,0.0,0,0.9050486648525283,-2.69,2,"[499.79998779296875, 531.0]"
chaotic_stop,1788870824.9706044,12.091801884,0.903,0.903,0.0,0.3436158322122369,0.0,0.0,0,0.9050486648525283,-2.69,2,"[499.79998779296875, 531.0]"
chaotic_stop,1788870825.0205095,12.141707002,0.903,0.903,0.0,0.3436158322122369,0.0,0.0,0,0.9050486648525283,-2.69,2,"[499.20001220703125, 530.4000244140625]"
chaotic_stop,1788870825.070677,12.191874542,0.903,0.903,0.0,0.3436158322122369,0.0,0.0,0,0.9050486648525283,-2.69,2,"[499.20001220703125, 530.4000244140625]"
chaotic_stop,1788870825.1204958,12.241693103000001,0.903,0.903,0.0,0.3436158322122369,0.0,0.0,0,0.9050486648525283,-2.69,2,"[498.6000061035156, 533.0]"
chaotic_stop,1788870825.170498,12.291695408,0.903,0.903,0.0,0.3436158322122369,0.0,0.0,0,0.9050486648525283,-2.69,2,"[498.6000061035156, 533.0]"
chaotic_stop,1788870825.2204738,12.341671255000001,0.903,0.903,0.0,0.3436158322122369,0.0,0.0,0,0.9050486648525283,-2.69,2,"[419.6000061035156, 533.0]"
chaotic_stop,1788870825.2704957,12.391692972000001,0.903,0.903,0.0,0.3436158322122369,0.0,0.0,0,0.9050486648525283,-2.69,2,"[419.6000061035156, 533.0]"
chaotic_stop,1788870825.320472,12.441669306000001,0.903,0.903,0.0,0.3436158322122369,0.0,0.0,0,0.9050486648525283,-2.69,2,"[501.6000061035156, 532.2000122070312]"
chaotic_stop,1788870825.3707116,12.491909099,0.903,0.903,0.0,0.3436158322122369,0.0,0.0,0,0.9050486648525283,-2.69,2,"[501.6000061035156, 532.2000122070312]"
chaotic_stop,1788870825.420479,12.541676612000002,0.903,0.903,0.0,0.3436158322122369,0.0,0.0,0,0.9050486648525283,-2.69,2,"[494.0, 538.5999755859375]"
chaotic_stop,1788870825.470647,12.591844675,0.903,0.903,0.0,0.3436158322122369,0.0,0.0,0,0.9050486648525283,-2.69,2,"[494.0, 538.5999755859375]"
chaotic_stop,1788870825.5205364,12.641733939000002,0.903,0.903,0.0,0.3436158322122369,0.0,0.0,0,0.9050486648525283,-2.69,2,"[508.20001220703125, 526.7999877929688]"
chaotic_stop,1788870825.5705755,12.691773002000001,0.903,0.903,0.0,0.3436158322122369,0.0,0.0,0,0.9050486648525283,-2.69,2,"[508.20001220703125, 526.7999877929688]"
chaotic_stop,1788870825.6206517,12.741848962,0.903,0.903,0.0,0.3436158322122369,0.0,0.0,0,0.9050486648525283,-2.69,2,"[494.0, 537.5999755859375]"
chaotic_stop,1788870825.6706235,12.791821041,0.903,0.903,0.0,0.3436158322122369,0.0,0.0,0,0.9050486648525283,-2.69,2,"[494.0, 537.5999755859375]"
chaotic_stop,1788870825.72047,12.841667437000002,0.903,0.903,0.0,0.3436158322122369,0.0,0.0,0,0.9050486648525283,-2.69,2,"[506.20001220703125, 528.5999755859375]"
chaotic_stop,1788870825.7706313,12.891828685,0.903,0.903,0.0,0.3436158322122369,0.0,0.0,0,0.9050486648525283,-2.69,2,"[506.20001220703125, 528.5999755859375]"
chaotic_stop,1788870825.8204722,12.941669547,0.903,0.903,0.0,0.3436158322122369,0.0,0.0,0,0.9050486648525283,-2.69,2,"[505.0, 524.4000244140625]"
chaotic_stop,1788870825.8706264,12.991823906,0.903,0.903,0.0,0.3436158322122369,0.0,0.0,0,0.9050486648525283,-2.69,2,"[505.0, 524.4000244140625]"
chaotic_stop,1788870825.9204834,13.041680813000001,0.903,0.903,0.0,0.3436158322122369,0.0,0.0,0,0.9050486648525283,-2.69,2,"[499.5, 532.0]"
chaotic_stop,1788870825.9704196,13.091616972,0.903,0.903,0.0,0.3436158322122369,0.0,0.0,0,0.9050486648525283,-2.69,2,"[499.5, 532.0]"
chaotic_stop,1788870826.0204515,13.141649005000001,0.903,0.903,0.0,0.3436158322122369,0.0,0.0,0,0.9050486648525283,-2.69,2,"[495.6000061035156, 536.4000244140625]"
chaotic_stop,1788870826.0704832,13.191680673,0.903,0.903,0.0,0.3436158322122369,0.0,0.0,0,0.9050486648525283,-2.69,2,"[495.6000061035156, 536.4000244140625]"
chaotic_stop,1788870826.1204803,13.241677835,0.903,0.903,0.0,0.3436158322122369,0.0,0.0,0,0.9050486648525283,-2.69,2,"[501.3999938964844, 529.0]"
chaotic_stop,1788870826.1706152,13.291812569000001,0.903,0.903,0.0,0.3436158322122369,0.0,0.0,0,0.9050486648525283,-2.69,2,"[501.3999938964844, 529.0]"
chaotic_stop,1788870826.2206366,13.341834081,0.903,0.903,0.0,0.3436158322122369,0.0,0.0,0,0.9050486648525283,-2.69,2,"[494.79998779296875, 535.0]"
chaotic_stop,1788870826.2706168,13.391814187000001,0.903,0.903,0.0,0.3436158322122369,0.0,0.0,0,0.9050486648525283,-2.69,2,"[494.79998779296875, 535.0]"
chaotic_stop,1788870826.320483,13.441680494000002,0.903,0.903,0.0,0.3436158322122369,0.0,0.0,0,0.9050486648525283,-2.69,2,"[496.0, 534.2000122070312]"
chaotic_stop,1788870826.3704975,13.491694887000001,0.903,0.903,0.0,0.3436158322122369,0.0,0.0,0,0.9050486648525283,-2.69,2,"[496.0, 534.2000122070312]"
chaotic_stop,1788870826.420467,13.541664345000001,0.903,0.903,0.0,0.3436158322122369,0.0,0.0,0,0.9050486648525283,-2.69,2,"[401.20001220703125, 530.2000122070312]"
chaotic_stop,1788870826.4704492,13.591646632000002,0.903,0.903,0.0,0.3436158322122369,0.0,0.0,0,0.9050486648525283,-2.69,2,"[401.20001220703125, 530.2000122070312]"
chaotic_stop,1788870826.5206103,13.641807766000001,0.903,0.903,0.0,0.3436158322122369,0.0,0.0,0,0.9050486648525283,-2.69,2,"[494.20001220703125, 536.4000244140625]"
chaotic_stop,1788870826.5706546,13.691851943000001,0.903,0.903,0.0,0.3436158322122369,0.0,0.0,0,0.9050486648525283,-2.69,2,"[494.20001220703125, 536.4000244140625]"
chaotic_stop,1788870826.6204898,13.741687375000001,0.903,0.903,0.0,0.3436158322122369,0.0,0.0,0,0.9050486648525283,-2.69,2,"[497.79998779296875, 535.5999755859375]"
chaotic_stop,1788870826.6706147,13.791812209000001,0.903,0.903,0.0,0.3436158322122369,0.0,0.0,0,0.9050486648525283,-2.69,2,"[497.79998779296875, 535.5999755859375]"
chaotic_stop,1788870826.7204766,13.841673978000001,0.903,0.903,0.0,0.3436158322122369,0.0,0.0,0,0.9050486648525283,-2.69,2,"[502.3999938964844, 526.7999877929688]"
chaotic_stop,1788870826.7703872,13.891584521,0.903,0.903,0.0,0.3436158322122369,0.0,0.0,0,0.9050486648525283,0.0,2,"[502.3999938964844, 526.7999877929688]"
chaotic_stop,1788870826.8204653,13.941662748,0.903,0.903,0.0,0.3436158322122369,0.0,0.0,0,0.9050486648525283,0.0,2,"[500.3999938964844, 530.5999755859375]"
chaotic_stop,1788870826.870609,13.991806380000002,0.903,0.903,0.0,0.3436158322122369,0.0,0.0,0,0.9050486648525283,0.0,2,"[500.3999938964844, 530.5999755859375]"
chaotic_stop,1788870826.9204643,14.041661664000001,0.903,0.903,0.0,0.3436158322122369,0.0,0.0,0,0.9050486648525283,0.0,2,"[501.0, 522.4000244140625]"
chaotic_stop,1788870826.9705253,14.091722648000001,0.903,0.903,0.0,0.3436158322122369,0.0,0.0,0,0.9050486648525283,0.0,2,"[501.0, 522.4000244140625]"
chaotic_stop,1788870827.0204833,14.141680712000001,0.903,0.903,0.0,0.3436158322122369,0.0,0.0,0,0.9050486648525283,0.0,2,"[497.3999938964844, 531.7999877929688]"
chaotic_stop,1788870827.0706348,14.191832239,0.903,0.903,0.0,0.3436158322122369,0.0,0.0,0,0.9050486648525283,0.0,2,"[497.3999938964844, 531.7999877929688]"
chaotic_stop,1788870827.1204855,14.241682979,0.903,0.903,0.0,0.3436158322122369,0.0,0.0,0,0.9050486648525283,0.0,2,"[500.0, 529.5]"
chaotic_stop,1788870827.1704228,14.291620305,0.903,0.903,0.0,0.3436158322122369,0.0,0.0,0,0.9050486648525283,0.0,2,"[500.0, 529.5]"
chaotic_stop,1788870827.2204123,14.341609788000001,0.903,0.903,0.0,0.3436158322122369,0.0,0.0,0,0.9050486648525283,0.0,2,"[497.3999938964844, 531.5999755859375]"
chaotic_stop,1788870827.2705812,14.391778696000001,0.903,0.903,0.0,0.3436158322122369,0.0,0.0,0,0.9050486648525283,0.0,2,"[497.3999938964844, 531.5999755859375]"
chaotic_stop,1788870827.3205106,14.441707925000001,0.903,0.903,0.0,0.3436158322122369,0.0,0.0,0,0.9050486648525283,0.0,2,"[498.0, 531.0]"
chaotic_stop,1788870827.3705182,14.491715464,0.903,0.903,0.0,0.3436158322122369,0.0,0.0,0,0.9050486648525283,0.0,2,"[498.0, 531.0]"
chaotic_stop,1788870827.420464,14.541661401,0.903,0.903,0.0,0.3436158322122369,0.0,0.0,0,0.9050486648525283,0.0,2,"[498.3999938964844, 528.4000244140625]"
chaotic_stop,1788870827.4706497,14.591847280000001,0.903,0.903,0.0,0.3436158322122369,0.0,0.0,0,0.9050486648525283,0.0,2,"[498.3999938964844, 528.4000244140625]"
chaotic_stop,1788870827.5204637,14.641661089000001,0.903,0.903,0.0,0.3436158322122369,0.0,0.0,0,0.9050486648525283,0.0,2,"[499.6000061035156, 530.4000244140625]"
chaotic_stop,1788870827.5704033,14.691600993000002,0.903,0.903,0.0,0.3436158322122369,0.0,0.0,0,0.9050486648525283,0.0,2,"[499.6000061035156, 530.4000244140625]"
chaotic_stop,1788870827.6204593,14.741656903,0.903,0.903,0.0,0.3436158322122369,0.0,0.0,0,0.9050486648525283,0.0,2,"[496.25, 534.75]"
chaotic_stop,1788870827.6704693,14.791666728000001,0.903,0.903,0.0,0.3436158322122369,0.0,0.0,0,0.9050486648525283,0.0,2,"[496.25, 534.75]"
chaotic_stop,1788870827.720507,14.841704457,0.903,0.903,0.0,0.3436158322122369,0.0,0.0,0,0.9050486648525283,0.0,2,"[500.79998779296875, 531.0]"
chaotic_stop,1788870827.7706115,14.891809046,0.903,0.903,0.0,0.3436158322122369,0.0,0.0,0,0.9050486648525283,0.0,2,"[500.79998779296875, 531.0]"
chaotic_stop,1788870827.8205256,14.941723042000001,0.903,0.903,0.0,0.3436158322122369,0.0,0.0,0,0.9050486648525283,0.0,2,"[495.79998779296875, 533.4000244140625]"
chaotic_stop,1788870827.8708377,14.992035007,0.903,0.903,0.0,0.3436158322122369,0.0,0.0,0,0.9050486648525283,0.0,2,"[495.79998779296875, 533.4000244140625]"
chaotic_stop,1788870827.920559,15.041756288,0.903,0.903,0.0,0.3436158322122369,0.0,0.0,0,0.9050486648525283,0.0,2,"[496.0, 535.5999755859375]"
chaotic_stop,1788870827.9704366,15.09163402,0.903,0.903,0.0,0.3436158322122369,0.0,0.0,0,0.9050486648525283,0.0,2,"[496.0, 535.5999755859375]"
chaotic_stop,1788870828.020516,15.141713416000002,0.903,0.903,0.0,0.3436158322122369,0.0,0.0,0,0.9050486648525283,0.0,2,"[503.20001220703125, 527.2000122070312]"
chaotic_stop,1788870828.070742,15.191939252000001,0.903,0.903,0.0,0.3436158322122369,0.0,0.0,0,0.9050486648525283,0.0,2,"[503.20001220703125, 527.2000122070312]"
chaotic_stop,1788870828.1206863,15.241883733000002,0.903,0.903,0.0,0.3436158322122369,0.0,0.0,0,0.9050486648525283,0.0,2,"[400.3999938964844, 530.7999877929688]"
chaotic_stop,1788870828.1706202,15.291817803,0.903,0.903,0.0,0.3436158322122369,0.0,0.0,0,0.9050486648525283,0.0,2,"[400.3999938964844, 530.7999877929688]"
chaotic_stop,1788870828.2205787,15.341776058,0.903,0.903,0.0,0.3436158322122369,0.0,0.0,0,0.9050486648525283,0.0,2,"[496.3999938964844, 532.7999877929688]"
chaotic_stop,1788870828.2707224,15.391919937,0.903,0.903,0.0,0.3436158322122369,0.0,0.0,0,0.9050486648525283,0.0,2,"[496.3999938964844, 532.7999877929688]"
chaotic_stop,1788870828.3204803,15.441677813,0.903,0.903,0.0,0.3436158322122369,0.0,0.0,0,0.9050486648525283,0.0,2,"[496.79998779296875, 532.4000244140625]"
chaotic_stop,1788870828.3705692,15.491766838,0.903,0.903,0.0,0.3436158322122369,0.0,0.0,0,0.9050486648525283,0.0,2,"[496.79998779296875, 532.4000244140625]"
chaotic_stop,1788870828.4204807,15.541677997,0.903,0.903,0.0,0.3436158322122369,0.0,0.0,0,0.9050486648525283,0.0,2,"[498.0, 537.7999877929688]"
chaotic_stop,1788870828.4705222,15.591719753000001,0.903,0.903,0.0,0.3436158322122369,0.0,0.0,0,0.9050486648525283,0.0,2,"[498.0, 537.7999877929688]"
chaotic_stop,1788870828.5204744,15.641671965,0.903,0.903,0.0,0.3436158322122369,0.0,0.0,0,0.9050486648525283,0.0,2,"[503.0, 528.5999755859375]"
chaotic_stop,1788870828.5706322,15.691829812000002,0.903,0.903,0.0,0.3436158322122369,0.0,0.0,0,0.9050486648525283,0.0,2,"[503.0, 528.5999755859375]"
chaotic_stop,1788870828.6205056,15.741702948,0.903,0.903,0.0,0.3436158322122369,0.0,0.0,0,0.9050486648525283,0.0,2,"[501.0, 534.0]"
chaotic_stop,1788870828.6705945,15.791791959000001,0.903,0.903,0.0,0.3436158322122369,0.0,0.0,0,0.9050486648525283,0.0,2,"[501.0, 534.0]"
chaotic_stop,1788870828.7205431,15.841740621000001,0.903,0.903,0.0,0.3436158322122369,0.0,0.0,0,0.9050486648525283,0.0,2,"[502.3999938964844, 529.7999877929688]"
chaotic_stop,1788870828.7706468,15.891844391000001,0.903,0.903,0.0,0.3436158322122369,0.0,0.0,0,0.9050486648525283,0.0,2,"[502.3999938964844, 529.7999877929688]"
chaotic_stop,1788870828.820498,15.941695598,0.903,0.903,0.0,0.3436158322122369,0.0,0.0,0,0.9050486648525283,0.0,2,"[500.5, 527.5]"
chaotic_stop,1788870828.870486,15.991683676000001,0.903,0.903,0.0,0.3436158322122369,0.0,0.0,0,0.9050486648525283,-13.45,2,"[500.5, 527.5]"
chaotic_stop,1788870828.9205854,16.041782905,0.903,0.903,0.0,0.3436158322122369,0.0,0.0,0,0.9050486648525283,-5.38,2,"[503.0, 529.2000122070312]"
chaotic_stop,1788870828.9705584,16.091755803,0.903,0.903,0.0,0.3436158322122369,0.0,0.0,0,0.9050486648525283,-5.38,2,"[503.0, 529.2000122070312]"
chaotic_stop,1788870829.0206347,16.14183225,0.903,0.903,0.0,0.3436158322122369,0.0,0.0,0,0.9050486648525283,-5.38,2,"[494.6000061035156, 528.0]"
chaotic_stop,1788870829.070739,16.191936415,0.903,0.903,0.0,0.3436158322122369,0.0,0.0,0,0.9050486648525283,-5.38,2,"[494.6000061035156, 528.0]"
chaotic_stop,1788870829.120478,16.241675135,0.903,0.903,0.0,0.3436158322122369,0.0,0.0,0,0.9050486648525283,-5.38,2,"[492.20001220703125, 526.4000244140625]"
chaotic_stop,1788870829.1704528,16.29165042,0.903,0.903,0.0,0.3436158322122369,0.0,0.0,0,0.9050486648525283,-5.38,2,"[492.20001220703125, 526.4000244140625]"
chaotic_stop,1788870829.220551,16.341748503,0.903,0.903,0.0,0.3436158322122369,0.0,0.0,0,0.9050486648525283,-5.38,2,"[495.0, 534.4000244140625]"
chaotic_stop,1788870829.2706282,16.391825623000003,0.903,0.903,0.0,0.3436158322122369,0.0,0.0,0,0.9050486648525283,-5.38,2,"[495.0, 534.4000244140625]"
chaotic_stop,1788870829.3204746,16.441672263,0.903,0.903,0.0,0.3436158322122369,0.0,0.0,0,0.9050486648525283,-5.38,2,"[400.3999938964844, 527.4000244140625]"
chaotic_stop,1788870829.3705482,16.491745662,0.903,0.903,0.0,0.3436158322122369,0.0,0.0,0,0.9050486648525283,-5.38,2,"[400.3999938964844, 527.4000244140625]"
chaotic_stop,1788870829.4206688,16.541866340000002,0.903,0.903,0.0,0.3436158322122369,0.0,0.0,0,0.9050486648525283,-5.38,2,"[496.6000061035156, 534.0]"
chaotic_stop,1788870829.4705992,16.591796729000002,0.903,0.903,0.0,0.3436158322122369,0.0,0.0,0,0.9050486648525283,-5.38,2,"[496.6000061035156, 534.0]"
chaotic_stop,1788870829.5204902,16.641687619000002,0.903,0.903,0.0,0.3436158322122369,0.0,0.0,0,0.9050486648525283,-5.38,2,"[499.3999938964844, 529.5999755859375]"
chaotic_stop,1788870829.5705416,16.691739002000002,0.903,0.903,0.0,0.3436158322122369,0.0,0.0,0,0.9050486648525283,-5.38,2,"[499.3999938964844, 529.5999755859375]"
chaotic_stop,1788870829.6205873,16.741784733,0.903,0.903,0.0,0.3436158322122369,0.0,0.0,0,0.9050486648525283,-5.38,2,"[499.3999938964844, 529.7999877929688]"
chaotic_stop,1788870829.6705678,16.791765351000002,0.903,0.903,0.0,0.3436158322122369,0.0,0.0,0,0.9050486648525283,-5.38,2,"[499.3999938964844, 529.7999877929688]"
chaotic_stop,1788870829.7204752,16.841672714,0.903,0.903,0.0,0.3436158322122369,0.0,0.0,0,0.9050486648525283,-5.38,2,"[498.79998779296875, 530.5999755859375]"
chaotic_stop,1788870829.7706263,16.891823898000002,0.903,0.903,0.0,0.3436158322122369,0.0,0.0,0,0.9050486648525283,-5.38,2,"[498.79998779296875, 530.5999755859375]"
chaotic_stop,1788870829.820463,16.941660399,0.903,0.903,0.0,0.3436158322122369,0.0,0.0,0,0.9050486648525283,-5.38,2,"[498.0, 531.5999755859375]"
chaotic_stop,1788870829.8705828,16.991780245,0.903,0.903,0.0,0.3436158322122369,0.0,0.0,0,0.9050486648525283,-5.38,2,"[498.0, 531.5999755859375]"
chaotic_stop,1788870829.9204798,17.041677299,0.903,0.903,0.0,0.3436158322122369,0.0,0.0,0,0.9050486648525283,-5.38,2,"[497.6000061035156, 530.2000122070312]"
chaotic_stop,1788870829.9704087,17.091605895,0.903,0.903,0.0,0.3436158322122369,0.0,0.0,0,0.9050486648525283,-5.38,2,"[497.6000061035156, 530.2000122070312]"
chaotic_stop,1788870830.0204453,17.141642790000002,0.903,0.903,0.0,0.3436158322122369,0.0,0.0,0,0.9050486648525283,-5.38,2,"[497.20001220703125, 531.0]"
chaotic_stop,1788870830.0705717,17.191769197000003,0.903,0.903,0.0,0.3436158322122369,0.0,0.0,0,0.9050486648525283,-5.38,2,"[497.20001220703125, 531.0]"
chaotic_stop,1788870830.1204772,17.241674769,0.903,0.903,0.0,0.3436158322122369,0.0,0.0,0,0.9050486648525283,-5.38,2,"[497.79998779296875, 532.0]"
chaotic_stop,1788870830.1705816,17.291778946,0.903,0.903,0.0,0.3436158322122369,0.0,0.0,0,0.9050486648525283,-5.38,2,"[497.79998779296875, 532.0]"
chaotic_stop,1788870830.2204502,17.341647622,0.903,0.903,0.0,0.3436158322122369,0.0,0.0,0,0.9050486648525283,-5.38,2,"[498.3999938964844, 531.7999877929688]"
chaotic_stop,1788870830.2705977,17.391795247,0.903,0.903,0.0,0.3436158322122369,0.0,0.0,0,0.9050486648525283,-5.38,2,"[498.3999938964844, 531.7999877929688]"
chaotic_stop,1788870830.3205035,17.441700853,0.903,0.903,0.0,0.3436158322122369,0.0,0.0,0,0.9050486648525283,-5.38,2,"[497.6000061035156, 531.4000244140625]"
chaotic_stop,1788870830.3704007,17.49159813,0.903,0.903,0.0,0.3436158322122369,0.0,0.0,0,0.9050486648525283,-5.38,2,"[497.6000061035156, 531.4000244140625]"
chaotic_stop,1788870830.420441,17.541638478,0.903,0.903,0.0,0.3436158322122369,0.0,0.0,0,0.9050486648525283,-5.38,2,"[497.6000061035156, 530.7999877929688]"
chaotic_stop,1788870830.4706323,17.591829678,0.903,0.903,0.0,0.3436158322122369,0.0,0.0,0,0.9050486648525283,-5.38,2,"[497.6000061035156, 530.7999877929688]"
chaotic_stop,1788870830.5205169,17.641714428,0.903,0.903,0.0,0.3436158322122369,0.0,0.0,0,0.9050486648525283,-5.38,2,"[400.20001220703125, 530.7999877929688]"
chaotic_stop,1788870830.5705314,17.691728846,0.903,0.903,0.0,0.3436158322122369,0.0,0.0,0,0.9050486648525283,-5.38,2,"[400.20001220703125, 530.7999877929688]"
chaotic_stop,1788870830.6205955,17.741792997,0.903,0.903,0.0,0.3436158322122369,0.0,0.0,0,0.9050486648525283,-5.38,2,"[498.0, 530.7999877929688]"
chaotic_stop,1788870830.6705978,17.791795261,0.903,0.903,0.0,0.3436158322122369,0.0,0.0,0,0.9050486648525283,-5.38,2,"[498.0, 530.7999877929688]"
chaotic_stop,1788870830.7204983,17.841695709,0.903,0.903,0.0,0.3436158322122369,0.0,0.0,0,0.9050486648525283,-5.38,2,"[498.20001220703125, 529.5999755859375]"
chaotic_stop,1788870830.7704623,17.891659661000002,0.903,0.903,0.0,0.3436158322122369,0.0,0.0,0,0.9050486648525283,-5.38,2,"[498.20001220703125, 529.5999755859375]"
chaotic_stop,1788870830.8204706,17.941668124,0.903,0.903,0.0,0.3436158322122369,0.0,0.0,0,0.9050486648525283,-2.69,2,"[497.6000061035156, 531.2000122070312]"
chaotic_stop,1788870830.8706002,17.991797757,0.903,0.903,0.0,0.3436158322122369,0.0,0.0,0,0.9050486648525283,-2.69,2,"[497.6000061035156, 531.2000122070312]"
chaotic_stop,1788870830.9205835,18.041780895000002,0.903,0.903,0.0,0.3436158322122369,0.0,0.0,0,0.9050486648525283,-2.69,2,"[497.6000061035156, 530.2000122070312]"
chaotic_stop,1788870830.9706554,18.091852852000002,0.903,0.903,0.0,0.3436158322122369,0.0,0.0,0,0.9050486648525283,-2.69,2,"[497.6000061035156, 530.2000122070312]"
chaotic_stop,1788870831.0204775,18.141675033000002,0.903,0.903,0.0,0.3436158322122369,0.0,0.0,0,0.9050486648525283,-2.69,2,"[498.3999938964844, 530.5999755859375]"
chaotic_stop,1788870831.0705857,18.191783134,0.903,0.903,0.0,0.3436158322122369,0.0,0.0,0,0.9050486648525283,-2.69,2,"[498.3999938964844, 530.5999755859375]"
chaotic_stop,1788870831.1205127,18.241710053000002,0.903,0.903,0.0,0.3436158322122369,0.0,0.0,0,0.9050486648525283,-2.69,2,"[497.6000061035156, 530.7999877929688]"
chaotic_stop,1788870831.1704562,18.291653548000003,0.903,0.903,0.0,0.3436158322122369,0.0,0.0,0,0.9050486648525283,-2.69,2,"[497.6000061035156, 530.7999877929688]"
chaotic_stop,1788870831.2204769,18.341674308,0.903,0.903,0.0,0.3436158322122369,0.0,0.0,0,0.9050486648525283,-2.69,2,"[499.3999938964844, 531.0]"
chaotic_stop,1788870831.2705643,18.391761623,0.903,0.903,0.0,0.3436158322122369,0.0,0.0,0,0.9050486648525283,-2.69,2,"[499.3999938964844, 531.0]"
chaotic_stop,1788870831.320458,18.441655385,0.903,0.903,0.0,0.3436158322122369,0.0,0.0,0,0.9050486648525283,-2.69,2,"[500.6000061035156, 530.4000244140625]"
chaotic_stop,1788870831.3706224,18.491819827,0.903,0.903,0.0,0.3436158322122369,0.0,0.0,0,0.9050486648525283,-2.69,2,"[500.6000061035156, 530.4000244140625]"
chaotic_stop,1788870831.4205372,18.54173464,0.903,0.903,0.0,0.3436158322122369,0.0,0.0,0,0.9050486648525283,-2.69,2,"[497.20001220703125, 531.2000122070312]"
chaotic_stop,1788870831.4706032,18.591800551000002,0.903,0.903,0.0,0.3436158322122369,0.0,0.0,0,0.9050486648525283,-2.69,2,"[497.20001220703125, 531.2000122070312]"
chaotic_stop,1788870831.5204797,18.641677103000003,0.903,0.903,0.0,0.3436158322122369,0.0,0.0,0,0.9050486648525283,-2.69,2,"[498.20001220703125, 530.2000122070312]"
chaotic_stop,1788870831.5704653,18.691662938,0.903,0.903,0.0,0.3436158322122369,0.0,0.0,0,0.9050486648525283,-2.69,2,"[498.20001220703125, 530.2000122070312]"
chaotic_stop,1788870831.6205626,18.741759875,0.903,0.903,0.0,0.3436158322122369,0.0,0.0,0,0.9050486648525283,-2.69,2,"[499.0, 529.5999755859375]"
chaotic_stop,1788870831.670508,18.791705231,0.903,0.903,0.0,0.3436158322122369,0.0,0.0,0,0.9050486648525283,-2.69,2,"[499.0, 529.5999755859375]"
chaotic_stop,1788870831.7206125,18.841809975,0.903,0.903,0.0,0.3436158322122369,0.0,0.0,0,0.9050486648525283,-2.69,2,"[497.5, 531.5]"
chaotic_stop,1788870831.7706108,18.891808278000003,0.903,0.903,0.0,0.3436158322122369,0.0,0.0,0,0.9050486648525283,-2.69,2,"[497.5, 531.5]"
chaotic_stop,1788870831.8207488,18.941946413,0.903,0.903,0.0,0.3436158322122369,0.0,0.0,0,0.9050486648525283,-2.69,2,"[498.3999938964844, 531.7999877929688]"
chaotic_stop,1788870831.8713982,18.992595660000003,0.903,0.903,0.0,0.3436158322122369,0.0,0.0,0,0.9050486648525283,-2.69,2,"[498.3999938964844, 531.7999877929688]"
chaotic_stop,1788870831.9205055,19.041702925000003,0.903,0.903,0.0,0.3436158322122369,0.0,0.0,0,0.9050486648525283,-2.69,2,"[497.79998779296875, 531.4000244140625]"
chaotic_stop,1788870831.9705312,19.091728534,0.903,0.903,0.0,0.3436158322122369,0.0,0.0,0,0.9050486648525283,-2.69,2,"[497.79998779296875, 531.4000244140625]"
chaotic_stop,1788870832.0208404,19.142037841,0.903,0.903,0.0,0.3436158322122369,0.0,0.0,0,0.9050486648525283,-2.69,2,"[498.79998779296875, 531.0]"
chaotic_stop,1788870832.070941,19.192138538000002,0.903,0.903,0.0,0.3436158322122369,0.0,0.0,0,0.9050486648525283,-2.69,2,"[498.79998779296875, 531.0]"
chaotic_stop,1788870832.1205683,19.241765542,0.903,0.903,0.0,0.3436158322122369,0.0,0.0,0,0.9050486648525283,-2.69,2,"[498.3999938964844, 531.2000122070312]"
chaotic_stop,1788870832.1707897,19.29198712,0.903,0.903,0.0,0.3436158322122369,0.0,0.0,0,0.9050486648525283,-2.69,2,"[498.3999938964844, 531.2000122070312]"
chaotic_stop,1788870832.2206662,19.341863559,0.903,0.903,0.0,0.3436158322122369,0.0,0.0,0,0.9050486648525283,-2.69,2,"[418.79998779296875, 533.7999877929688]"
chaotic_stop,1788870832.2706227,19.391820248000002,0.903,0.903,0.0,0.3436158322122369,0.0,0.0,0,0.9050486648525283,-2.69,2,"[418.79998779296875, 533.7999877929688]"
chaotic_stop,1788870832.3205328,19.441730231,0.903,0.903,0.0,0.3436158322122369,0.0,0.0,0,0.9050486648525283,-2.69,2,"[498.79998779296875, 532.7999877929688]"
chaotic_stop,1788870832.370551,19.491748609000002,0.903,0.903,0.0,0.3436158322122369,0.0,0.0,0,0.9050486648525283,-2.69,2,"[498.79998779296875, 532.7999877929688]"
chaotic_stop,1788870832.4205396,19.541736884000002,0.903,0.903,0.0,0.3436158322122369,0.0,0.0,0,0.9050486648525283,-2.69,2,"[501.20001220703125, 531.7999877929688]"
chaotic_stop,1788870832.4704719,19.591669246000002,0.903,0.903,0.0,0.3436158322122369,0.0,0.0,0,0.9050486648525283,-2.69,2,"[501.20001220703125, 531.7999877929688]"
chaotic_stop,1788870832.520687,19.641884547,0.903,0.903,0.0,0.3436158322122369,0.0,0.0,0,0.9050486648525283,-2.69,2,"[498.0, 539.0]"
chaotic_stop,1788870832.5708423,19.692039685,0.903,0.903,0.0,0.3436158322122369,0.0,0.0,0,0.9050486648525283,-2.69,2,"[498.0, 539.0]"
chaotic_stop,1788870832.6205006,19.741698031000002,0.903,0.903,0.0,0.3436158322122369,0.0,0.0,0,0.9050486648525283,-2.69,2,"[498.6000061035156, 531.0]"
chaotic_stop,1788870832.6706207,19.791818249000002,0.903,0.903,0.0,0.3436158322122369,0.0,0.0,0,0.9050486648525283,-2.69,2,"[498.6000061035156, 531.0]"
chaotic_stop,1788870832.720476,19.841673561,0.903,0.903,0.0,0.3436158322122369,0.0,0.0,0,0.9050486648525283,-2.69,2,"[496.20001220703125, 530.7999877929688]"
chaotic_stop,1788870832.7704308,19.891628265,0.903,0.903,0.0,0.3436158322122369,0.0,0.0,0,0.9050486648525283,-2.69,2,"[496.20001220703125, 530.7999877929688]"
chaotic_stop,1788870832.8204691,19.941666635,0.903,0.903,0.0,0.3436158322122369,0.0,0.0,0,0.9050486648525283,-2.69,2,"[498.6000061035156, 530.4000244140625]"
chaotic_stop,1788870832.87056,19.991757433,0.903,0.903,0.0,0.3436158322122369,0.0,0.0,0,0.9050486648525283,-2.69,2,"[498.6000061035156, 530.4000244140625]"
chaotic_stop,1788870832.9205203,20.04171776,0.903,0.903,0.0,0.3436158322122369,0.0,0.0,0,0.9050486648525283,-2.69,2,"[498.0, 531.2000122070312]"
chaotic_stop,1788870832.9706082,20.091805681,0.903,0.903,0.0,0.3436158322122369,0.0,0.0,0,0.9050486648525283,-2.69,2,"[498.0, 531.2000122070312]"
chaotic_stop,1788870833.0205195,20.141717081000003,0.903,0.903,0.0,0.3436158322122369,0.0,0.0,0,0.9050486648525283,-2.69,2,"[498.0, 529.0]"
chaotic_stop,1788870833.0706255,20.191823164000002,0.903,0.903,0.0,0.3436158322122369,0.0,0.0,0,0.9050486648525283,-2.69,2,"[498.0, 529.0]"
chaotic_stop,1788870833.120637,20.241834568,0.903,0.903,0.0,0.3436158322122369,0.0,0.0,0,0.9050486648525283,-2.69,2,"[498.3999938964844, 529.5999755859375]"
chaotic_stop,1788870833.170548,20.291745413,0.903,0.903,0.0,0.3436158322122369,0.0,0.0,0,0.9050486648525283,-2.69,2,"[498.3999938964844, 529.5999755859375]"
chaotic_stop,1788870833.2205443,20.34174175,0.903,0.903,0.0,0.3436158322122369,0.0,0.0,0,0.9050486648525283,-2.69,2,"[495.79998779296875, 530.5999755859375]"
chaotic_stop,1788870833.2705545,20.391751989000003,0.903,0.903,0.0,0.3436158322122369,0.0,0.0,0,0.9050486648525283,-2.69,2,"[495.79998779296875, 530.5999755859375]"
chaotic_stop,1788870833.3205469,20.441744457000002,0.903,0.903,0.0,0.3436158322122369,0.0,0.0,0,0.9050486648525283,-2.69,2,"[496.6000061035156, 530.2000122070312]"
chaotic_stop,1788870833.3706062,20.491803759,0.903,0.903,0.0,0.3436158322122369,0.0,0.0,0,0.9050486648525283,-2.69,2,"[496.6000061035156, 530.2000122070312]"
chaotic_stop,1788870833.4205399,20.541737198,0.903,0.903,0.0,0.3436158322122369,0.0,0.0,0,0.9050486648525283,-2.69,2,"[400.79998779296875, 529.7999877929688]"
chaotic_stop,1788870833.4706259,20.591823401000003,0.903,0.903,0.0,0.3436158322122369,0.0,0.0,0,0.9050486648525283,-2.69,2,"[400.79998779296875, 529.7999877929688]"
chaotic_stop,1788870833.5205228,20.641720225,0.903,0.903,0.0,0.3436158322122369,0.0,0.0,0,0.9050486648525283,-2.69,2,"[500.0, 530.5999755859375]"
chaotic_stop,1788870833.5705118,20.691709281,0.903,0.903,0.0,0.3436158322122369,0.0,0.0,0,0.9050486648525283,-2.69,2,"[500.0, 530.5999755859375]"
chaotic_stop,1788870833.6205032,20.741700484000003,0.903,0.903,0.0,0.3436158322122369,0.0,0.0,0,0.9050486648525283,-2.69,2,"[493.3999938964844, 533.7999877929688]"
chaotic_stop,1788870833.6705408,20.791738390000003,0.903,0.903,0.0,0.3436158322122369,0.0,0.0,0,0.9050486648525283,-2.69,2,"[493.3999938964844, 533.7999877929688]"
chaotic_stop,1788870833.7205153,20.841712683,0.903,0.903,0.0,0.3436158322122369,0.0,0.0,0,0.9050486648525283,-2.69,2,"[502.79998779296875, 525.7999877929688]"
chaotic_stop,1788870833.7706,20.891797403,0.903,0.903,0.0,0.3436158322122369,0.0,0.0,0,0.9050486648525283,-2.69,2,"[502.79998779296875, 525.7999877929688]"
chaotic_stop,1788870833.820531,20.941728267000002,0.903,0.903,0.0,0.3436158322122369,0.0,0.0,0,0.9050486648525283,-2.69,2,"[495.6000061035156, 532.7999877929688]"
chaotic_stop,1788870833.8705947,20.991792086,0.903,0.903,0.0,0.3436158322122369,0.0,0.0,0,0.9050486648525283,-2.69,2,"[495.6000061035156, 532.7999877929688]"
chaotic_stop,1788870833.9205055,21.041702978,0.903,0.903,0.0,0.3436158322122369,0.0,0.0,0,0.9050486648525283,-2.69,2,"[495.0, 533.7999877929688]"
chaotic_stop,1788870833.9704616,21.091658922,0.903,0.903,0.0,0.3436158322122369,0.0,0.0,0,0.9050486648525283,-2.69,2,"[495.0, 533.7999877929688]"
chaotic_stop,1788870834.0204828,21.141680246,0.903,0.903,0.0,0.3436158322122369,0.0,0.0,0,0.9050486648525283,-2.69,2,"[488.3999938964844, 539.5999755859375]"
chaotic_stop,1788870834.070574,21.191771335000002,0.903,0.903,0.0,0.3436158322122369,0.0,0.0,0,0.9050486648525283,-2.69,2,"[488.3999938964844, 539.5999755859375]"
chaotic_stop,1788870834.120525,21.241722312,0.903,0.903,0.0,0.3436158322122369,0.0,0.0,0,0.9050486648525283,-2.69,2,"[496.0, 533.2000122070312]"
chaotic_stop,1788870834.1706066,21.291804204,0.903,0.903,0.0,0.3436158322122369,0.0,0.0,0,0.9050486648525283,-2.69,2,"[496.0, 533.2000122070312]"
chaotic_stop,1788870834.2205791,21.341776695,0.903,0.903,0.0,0.3436158322122369,0.0,0.0,0,0.9050486648525283,-2.69,2,"[500.0, 531.5999755859375]"
chaotic_stop,1788870834.2706103,21.391807729,0.903,0.903,0.0,0.3436158322122369,0.0,0.0,0,0.9050486648525283,-2.69,2,"[500.0, 531.5999755859375]"
chaotic_stop,1788870834.3205085,21.441706023000002,0.903,0.903,0.0,0.3436158322122369,0.0,0.0,0,0.9050486648525283,-2.69,2,"[505.20001220703125, 526.2000122070312]"
chaotic_stop,1788870834.3704867,21.491684064,0.903,0.903,0.0,0.3436158322122369,0.0,0.0,0,0.9050486648525283,-2.69,2,"[505.20001220703125, 526.2000122070312]"
chaotic_stop,1788870834.4205122,21.541709489000002,0.903,0.903,0.0,0.3436158322122369,0.0,0.0,0,0.9050486648525283,-2.69,2,"[494.6000061035156, 534.0]"
chaotic_stop,1788870834.470546,21.591743603,0.903,0.903,0.0,0.3436158322122369,0.0,0.0,0,0.9050486648525283,-2.69,2,"[494.6000061035156, 534.0]"
chaotic_stop,1788870834.520516,21.641713405,0.903,0.903,0.0,0.3436158322122369,0.0,0.0,0,0.9050486648525283,-2.69,2,"[498.20001220703125, 530.0]"
chaotic_stop,1788870834.570606,21.691803375000003,0.903,0.903,0.0,0.3436158322122369,0.0,0.0,0,0.9050486648525283,-2.69,2,"[498.20001220703125, 530.0]"
chaotic_stop,1788870834.6205146,21.741712027000002,0.903,0.903,0.0,0.3436158322122369,0.0,0.0,0,0.9050486648525283,-2.69,2,"[498.0, 529.0]"
chaotic_stop,1788870834.6706486,21.791846138,0.903,0.903,0.0,0.3436158322122369,0.0,0.0,0,0.9050486648525283,-2.69,2,"[498.0, 529.0]"
chaotic_stop,1788870834.7206078,21.841805244,0.903,0.903,0.0,0.3436158322122369,0.0,0.0,0,0.9050486648525283,-2.69,2,"[497.0, 528.7999877929688]"
chaotic_stop,1788870834.7704651,21.891662471,0.903,0.903,0.0,0.3436158322122369,0.0,0.0,0,0.9050486648525283,-2.69,2,"[497.0, 528.7999877929688]"
chaotic_stop,1788870834.8205135,21.941710746000002,0.903,0.903,0.0,0.3436158322122369,0.0,0.0,0,0.9050486648525283,-2.69,2,"[494.0, 524.5999755859375]"
chaotic_stop,1788870834.8705602,21.991757577,0.903,0.903,0.0,0.3436158322122369,0.0,0.0,0,0.9050486648525283,-2.69,2,"[494.0, 524.5999755859375]"
chaotic_stop,1788870834.920508,22.041705404000002,0.903,0.903,0.0,0.3436158322122369,0.0,0.0,0,0.9050486648525283,-2.69,2,"[494.6000061035156, 531.4000244140625]"
chaotic_stop,1788870834.970605,22.091802411,0.903,0.903,0.0,0.3436158322122369,0.0,0.0,0,0.9050486648525283,-2.69,2,"[494.6000061035156, 531.4000244140625]"
chaotic_stop,1788870835.020652,22.141849554,0.903,0.903,0.0,0.3436158322122369,0.0,0.0,0,0.9050486648525283,-2.69,2,"[500.79998779296875, 535.0]"
chaotic_stop,1788870835.0706246,22.191822099000003,0.903,0.903,0.0,0.3436158322122369,0.0,0.0,0,0.9050486648525283,-2.69,2,"[500.79998779296875, 535.0]"
chaotic_stop,1788870835.1205723,22.241769780000002,0.903,0.903,0.0,0.3436158322122369,0.0,0.0,0,0.9050486648525283,-2.69,2,"[398.6000061035156, 529.4000244140625]"
chaotic_stop,1788870835.1704469,22.291644401000003,0.903,0.903,0.0,0.3436158322122369,0.0,0.0,0,0.9050486648525283,-2.69,2,"[398.6000061035156, 529.4000244140625]"
chaotic_stop,1788870835.2204576,22.341655114,0.903,0.903,0.0,0.3436158322122369,0.0,0.0,0,0.9050486648525283,-2.69,2,"[492.0, 531.4000244140625]"
chaotic_stop,1788870835.270468,22.391665432,0.903,0.903,0.0,0.3436158322122369,0.0,0.0,0,0.9050486648525283,-2.69,2,"[492.0, 531.4000244140625]"
chaotic_stop,1788870835.320589,22.44178657,0.903,0.903,0.0,0.3436158322122369,0.0,0.0,0,0.9050486648525283,-2.69,2,"[497.79998779296875, 522.5999755859375]"
chaotic_stop,1788870835.370689,22.49188634,0.903,0.903,0.0,0.3436158322122369,0.0,0.0,0,0.9050486648525283,-2.69,2,"[497.79998779296875, 522.5999755859375]"
chaotic_stop,1788870835.4204524,22.541649998,0.903,0.903,0.0,0.3436158322122369,0.0,0.0,0,0.9050486648525283,-2.69,2,"[494.20001220703125, 533.4000244140625]"
chaotic_stop,1788870835.4705997,22.591797092,0.903,0.903,0.0,0.3436158322122369,0.0,0.0,0,0.9050486648525283,-2.69,2,"[494.20001220703125, 533.4000244140625]"
chaotic_stop,1788870835.520476,22.641673482,0.903,0.903,0.0,0.3436158322122369,0.0,0.0,0,0.9050486648525283,-2.69,2,"[497.20001220703125, 526.2000122070312]"
chaotic_stop,1788870835.570464,22.691661370000002,0.903,0.903,0.0,0.3436158322122369,0.0,0.0,0,0.9050486648525283,-2.69,2,"[497.20001220703125, 526.2000122070312]"
chaotic_stop,1788870835.6204438,22.741641311000002,0.903,0.903,0.0,0.3436158322122369,0.0,0.0,0,0.9050486648525283,-2.69,2,"[495.79998779296875, 535.7999877929688]"
chaotic_stop,1788870835.6704762,22.791673716000002,0.903,0.903,0.0,0.3436158322122369,0.0,0.0,0,0.9050486648525283,-2.69,2,"[495.79998779296875, 535.7999877929688]"
chaotic_stop,1788870835.720672,22.84186923,0.903,0.903,0.0,0.3436158322122369,0.0,0.0,0,0.9050486648525283,-2.69,2,"[493.3999938964844, 536.0]"
chaotic_stop,1788870835.7706332,22.8918307,0.903,0.903,0.0,0.3436158322122369,0.0,0.0,0,0.9050486648525283,-2.69,2,"[493.3999938964844, 536.0]"
chaotic_stop,1788870835.821088,22.942285456,0.903,0.903,0.0,0.3436158322122369,0.0,0.0,0,0.9050486648525283,-2.69,2,"[496.3999938964844, 535.5999755859375]"
chaotic_stop,1788870835.870619,22.991816391,0.903,0.903,0.0,0.3436158322122369,0.0,0.0,0,0.9050486648525283,-2.69,2,"[496.3999938964844, 535.5999755859375]"
chaotic_stop,1788870835.9205556,23.041753070000002,0.903,0.903,0.0,0.3436158322122369,0.0,0.0,0,0.9050486648525283,-2.69,2,"[497.3999938964844, 529.0]"
chaotic_stop,1788870835.9704692,23.091666656,0.903,0.903,0.0,0.3436158322122369,0.0,0.0,0,0.9050486648525283,-2.69,2,"[497.3999938964844, 529.0]"
chaotic_stop,1788870836.0206368,23.141834177,0.903,0.903,0.0,0.3436158322122369,0.0,0.0,0,0.9050486648525283,-2.69,2,"[499.0, 532.0]"
chaotic_stop,1788870836.070636,23.191833497,0.903,0.903,0.0,0.3436158322122369,0.0,0.0,0,0.9050486648525283,-2.69,2,"[499.0, 532.0]"
chaotic_stop,1788870836.120617,23.241814163,0.903,0.903,0.0,0.3436158322122369,0.0,0.0,0,0.9050486648525283,-2.69,2,"[500.79998779296875, 529.5999755859375]"
chaotic_stop,1788870836.1706197,23.291817221000002,0.903,0.903,0.0,0.3436158322122369,0.0,0.0,0,0.9050486648525283,-2.69,2,"[500.79998779296875, 529.5999755859375]"
chaotic_stop,1788870836.2205195,23.341716957000003,0.903,0.903,0.0,0.3436158322122369,0.0,0.0,0,0.9050486648525283,-2.69,2,"[492.6000061035156, 533.7999877929688]"
chaotic_stop,1788870836.270612,23.391809414,0.903,0.903,0.0,0.3436158322122369,0.0,0.0,0,0.9050486648525283,-2.69,2,"[492.6000061035156, 533.7999877929688]"
chaotic_stop,1788870836.3204865,23.441683978,0.903,0.903,0.0,0.3436158322122369,0.0,0.0,0,0.9050486648525283,-2.69,2,"[419.79998779296875, 532.5999755859375]"
chaotic_stop,1788870836.3705068,23.491704335,0.903,0.903,0.0,0.3436158322122369,0.0,0.0,0,0.9050486648525283,-2.69,2,"[419.79998779296875, 532.5999755859375]"
chaotic_stop,1788870836.4204845,23.541681862,0.903,0.903,0.0,0.3436158322122369,0.0,0.0,0,0.9050486648525283,-2.69,2,"[491.79998779296875, 533.0]"
chaotic_stop,1788870836.4705393,23.59173695,0.903,0.903,0.0,0.3436158322122369,0.0,0.0,0,0.9050486648525283,-2.69,2,"[491.79998779296875, 533.0]"
chaotic_stop,1788870836.520639,23.64183617,0.903,0.903,0.0,0.3436158322122369,0.0,0.0,0,0.9050486648525283,-2.69,2,"[500.3999938964844, 534.4000244140625]"
chaotic_stop,1788870836.5705354,23.691732869000003,0.903,0.903,0.0,0.3436158322122369,0.0,0.0,0,0.9050486648525283,-2.69,2,"[500.3999938964844, 534.4000244140625]"
chaotic_stop,1788870836.62047,23.741667573,0.903,0.903,0.0,0.3436158322122369,0.0,0.0,0,0.9050486648525283,-2.69,2,"[502.6000061035156, 524.7999877929688]"
chaotic_stop,1788870836.6706235,23.791821043000002,0.903,0.903,0.0,0.3436158322122369,0.0,0.0,0,0.9050486648525283,-2.69,2,"[502.6000061035156, 524.7999877929688]"
chaotic_stop,1788870836.7204945,23.841691839000003,0.903,0.903,0.0,0.3436158322122369,0.0,0.0,0,0.9050486648525283,-2.69,2,"[495.0, 534.2000122070312]"
chaotic_stop,1788870836.7705698,23.891767325,0.903,0.903,0.0,0.3436158322122369,0.0,0.0,0,0.9050486648525283,-2.69,2,"[495.0, 534.2000122070312]"
chaotic_stop,1788870836.820563,23.941760479000003,0.903,0.903,0.0,0.3436158322122369,0.0,0.0,0,0.9050486648525283,-2.69,2,"[500.3999938964844, 529.2000122070312]"
chaotic_stop,1788870836.870546,23.991743437,0.903,0.903,0.0,0.3436158322122369,0.0,0.0,0,0.9050486648525283,-2.69,2,"[500.3999938964844, 529.2000122070312]"
chaotic_stop,1788870836.920475,24.04167237,0.903,0.903,0.0,0.3436158322122369,0.0,0.0,0,0.9050486648525283,-2.69,2,"[497.6000061035156, 533.4000244140625]"
chaotic_stop,1788870836.9705403,24.091737799,0.903,0.903,0.0,0.3436158322122369,0.0,0.0,0,0.9050486648525283,-2.69,2,"[497.6000061035156, 533.4000244140625]"
chaotic_stop,1788870837.0205193,24.141716834,0.903,0.903,0.0,0.3436158322122369,0.0,0.0,0,0.9050486648525283,-2.69,2,"[487.3999938964844, 532.4000244140625]"
chaotic_stop,1788870837.0706558,24.19185325,0.903,0.903,0.0,0.3436158322122369,0.0,0.0,0,0.9050486648525283,-2.69,2,"[487.3999938964844, 532.4000244140625]"
chaotic_stop,1788870837.120478,24.241675172,0.903,0.903,0.0,0.3436158322122369,0.0,0.0,0,0.9050486648525283,-2.69,2,"[494.3999938964844, 529.7999877929688]"
chaotic_stop,1788870837.170464,24.291661481000002,0.903,0.903,0.0,0.3436158322122369,0.0,0.0,0,0.9050486648525283,-2.69,2,"[494.3999938964844, 529.7999877929688]"
chaotic_stop,1788870837.2204714,24.341668908000003,0.903,0.903,0.0,0.3436158322122369,0.0,0.0,0,0.9050486648525283,-2.69,2,"[498.79998779296875, 528.5999755859375]"
chaotic_stop,1788870837.2705119,24.391709378,0.903,0.903,0.0,0.3436158322122369,0.0,0.0,0,0.9050486648525283,-2.69,2,"[498.79998779296875, 528.5999755859375]"
chaotic_stop,1788870837.3204603,24.441657903000003,0.903,0.903,0.0,0.3436158322122369,0.0,0.0,0,0.9050486648525283,-2.69,2,"[495.0, 534.5999755859375]"
chaotic_stop,1788870837.370685,24.491882407000002,0.903,0.903,0.0,0.3436158322122369,0.0,0.0,0,0.9050486648525283,-2.69,2,"[495.0, 534.5999755859375]"
chaotic_stop,1788870837.4205096,24.541707104,0.903,0.903,0.0,0.3436158322122369,0.0,0.0,0,0.9050486648525283,-2.69,2,"[496.6000061035156, 533.0]"
chaotic_stop,1788870837.4706178,24.591815043,0.903,0.903,0.0,0.3436158322122369,0.0,0.0,0,0.9050486648525283,-2.69,2,"[496.6000061035156, 533.0]"
chaotic_stop,1788870837.5204806,24.641678101,0.903,0.903,0.0,0.3436158322122369,0.0,0.0,0,0.9050486648525283,-2.69,2,"[497.79998779296875, 530.2000122070312]"
chaotic_stop,1788870837.5704722,24.691669852,0.903,0.903,0.0,0.3436158322122369,0.0,0.0,0,0.9050486648525283,-2.69,2,"[497.79998779296875, 530.2000122070312]"
chaotic_stop,1788870837.62048,24.741677605000003,0.903,0.903,0.0,0.3436158322122369,0.0,0.0,0,0.9050486648525283,-2.69,2,"[490.3999938964844, 541.5999755859375]"
chaotic_stop,1788870837.6704879,24.791685462,0.903,0.903,0.0,0.3436158322122369,0.0,0.0,0,0.9050486648525283,-2.69,2,"[490.3999938964844, 541.5999755859375]"
chaotic_stop,1788870837.7206473,24.841844849,0.903,0.903,0.0,0.3436158322122369,0.0,0.0,0,0.9050486648525283,-2.69,2,"[499.79998779296875, 534.0]"
chaotic_stop,1788870837.7706103,24.891807843000002,0.903,0.903,0.0,0.3436158322122369,0.0,0.0,0,0.9050486648525283,-2.69,2,"[499.79998779296875, 534.0]"
chaotic_stop,1788870837.8205013,24.941698699,0.903,0.903,0.0,0.3436158322122369,0.0,0.0,0,0.9050486648525283,-2.69,2,"[501.79998779296875, 526.4000244140625]"
chaotic_stop,1788870837.8705971,24.991794689000002,0.903,0.903,0.0,0.3436158322122369,0.0,0.0,0,0.9050486648525283,-2.69,2,"[501.79998779296875, 526.4000244140625]"
chaotic_stop,1788870837.9204762,25.041673637000002,0.903,0.903,0.0,0.3436158322122369,0.0,0.0,0,0.9050486648525283,-2.69,2,"[497.0, 527.0]"
chaotic_stop,1788870837.9704628,25.091660328000003,0.903,0.903,0.0,0.3436158322122369,0.0,0.0,0,0.9050486648525283,-2.69,2,"[497.0, 527.0]"
chaotic_stop,1788870838.0205643,25.141761664,0.903,0.903,0.0,0.3436158322122369,0.0,0.0,0,0.9050486648525283,-2.69,2,"[493.3999938964844, 530.0]"
chaotic_stop,1788870838.0706418,25.191839148000003,0.903,0.903,0.0,0.3436158322122369,0.0,0.0,0,0.9050486648525283,-2.69,2,"[493.3999938964844, 530.0]"
chaotic_stop,1788870838.120477,25.24167444,0.903,0.903,0.0,0.3436158322122369,0.0,0.0,0,0.9050486648525283,-2.69,2,"[490.79998779296875, 537.7999877929688]"
chaotic_stop,1788870838.170612,25.291809641,0.903,0.903,0.0,0.3436158322122369,0.0,0.0,0,0.9050486648525283,-2.69,2,"[490.79998779296875, 537.7999877929688]"
chaotic_stop,1788870838.2205086,25.341706000000002,0.903,0.903,0.0,0.3436158322122369,0.0,0.0,0,0.9050486648525283,-2.69,2,"[498.0, 528.0]"
chaotic_stop,1788870838.27063,25.391827565,0.903,0.903,0.0,0.3436158322122369,0.0,0.0,0,0.9050486648525283,-2.69,2,"[498.0, 528.0]"
chaotic_stop,1788870838.3204715,25.441668865,0.903,0.903,0.0,0.3436158322122369,0.0,0.0,0,0.9050486648525283,-2.69,2,"[505.6000061035156, 527.7999877929688]"
chaotic_stop,1788870838.3704515,25.491648978,0.903,0.903,0.0,0.3436158322122369,0.0,0.0,0,0.9050486648525283,-2.69,2,"[505.6000061035156, 527.7999877929688]"
chaotic_stop,1788870838.420583,25.541780554000002,0.903,0.903,0.0,0.3436158322122369,0.0,0.0,0,0.9050486648525283,-2.69,2,"[500.6000061035156, 527.2000122070312]"
chaotic_stop,1788870838.4705398,25.591737466,0.903,0.903,0.0,0.3436158322122369,0.0,0.0,0,0.9050486648525283,-2.69,2,"[500.6000061035156, 527.2000122070312]"
chaotic_stop,1788870838.5205104,25.641707714000002,0.903,0.903,0.0,0.3436158322122369,0.0,0.0,0,0.9050486648525283,-2.69,2,"[511.20001220703125, 523.4000244140625]"
chaotic_stop,1788870838.5706196,25.691816872,0.903,0.903,0.0,0.3436158322122369,0.0,0.0,0,0.9050486648525283,-2.69,2,"[511.20001220703125, 523.4000244140625]"
chaotic_stop,1788870838.6204848,25.741682114000003,0.903,0.903,0.0,0.3436158322122369,0.0,0.0,0,0.9050486648525283,-2.69,2,"[496.20001220703125, 532.0]"
chaotic_stop,1788870838.670749,25.791946386000003,0.903,0.903,0.0,0.3436158322122369,0.0,0.0,0,0.9050486648525283,-2.69,2,"[496.20001220703125, 532.0]"
chaotic_stop,1788870838.7204788,25.841676183,0.903,0.903,0.0,0.3436158322122369,0.0,0.0,0,0.9050486648525283,-2.69,2,"[496.79998779296875, 523.0]"
chaotic_stop,1788870838.7704597,25.891657270000003,0.903,0.903,0.0,0.3436158322122369,0.0,0.0,0,0.9050486648525283,-2.69,2,"[496.79998779296875, 523.0]"
chaotic_stop,1788870838.8204727,25.941670191,0.903,0.903,0.0,0.3436158322122369,0.0,0.0,0,0.9050486648525283,-2.69,2,"[491.3999938964844, 535.7999877929688]"
chaotic_stop,1788870838.87062,25.991817521,0.903,0.903,0.0,0.3436158322122369,0.0,0.0,0,0.9050486648525283,-2.69,2,"[491.3999938964844, 535.7999877929688]"
chaotic_stop,1788870838.920475,26.041672526000003,0.903,0.903,0.0,0.3436158322122369,0.0,0.0,0,0.9050486648525283,-2.69,2,"[497.79998779296875, 528.0]"
chaotic_stop,1788870838.9706268,26.091824309000003,0.903,0.903,0.0,0.3436158322122369,0.0,0.0,0,0.9050486648525283,-2.69,2,"[497.79998779296875, 528.0]"
chaotic_stop,1788870839.0204835,26.141680768,0.903,0.903,0.0,0.3436158322122369,0.0,0.0,0,0.9050486648525283,-2.69,2,"[509.20001220703125, 519.2000122070312]"
chaotic_stop,1788870839.0706053,26.191802685000003,0.903,0.903,0.0,0.3436158322122369,0.0,0.0,0,0.9050486648525283,-2.69,2,"[509.20001220703125, 519.2000122070312]"
chaotic_stop,1788870839.120488,26.241685622000002,0.903,0.903,0.0,0.3436158322122369,0.0,0.0,0,0.9050486648525283,-2.69,2,"[498.20001220703125, 518.5999755859375]"
chaotic_stop,1788870839.1704757,26.29167301,0.903,0.903,0.0,0.3436158322122369,0.0,0.0,0,0.9050486648525283,-2.69,2,"[498.20001220703125, 518.5999755859375]"
chaotic_stop,1788870839.22047,26.341667338,0.903,0.903,0.0,0.3436158322122369,0.0,0.0,0,0.9050486648525283,-2.69,2,"[487.0, 524.7999877929688]"
chaotic_stop,1788870839.2706258,26.391823253000002,0.903,0.903,0.0,0.3436158322122369,0.0,0.0,0,0.9050486648525283,-2.69,2,"[487.0, 524.7999877929688]"
chaotic_stop,1788870839.3204904,26.441687700000003,0.903,0.903,0.0,0.3436158322122369,0.0,0.0,0,0.9050486648525283,-2.69,2,"[498.3999938964844, 525.2000122070312]"
chaotic_stop,1788870839.3706,26.491797396000003,0.903,0.903,0.0,0.3436158322122369,0.0,0.0,0,0.9050486648525283,-2.69,2,"[498.3999938964844, 525.2000122070312]"
chaotic_stop,1788870839.420479,26.541676497,0.903,0.903,0.0,0.3436158322122369,0.0,0.0,0,0.9050486648525283,-2.69,2,"[498.0, 535.0]"
chaotic_stop,1788870839.4706223,26.591819848,0.903,0.903,0.0,0.3436158322122369,0.0,0.0,0,0.9050486648525283,-2.69,2,"[498.0, 535.0]"
chaotic_stop,1788870839.5204623,26.641659719000003,0.903,0.903,0.0,0.3436158322122369,0.0,0.0,0,0.9050486648525283,-2.69,2,"[497.3999938964844, 525.4000244140625]"
chaotic_stop,1788870839.570459,26.691656325,0.903,0.903,0.0,0.3436158322122369,0.0,0.0,0,0.9050486648525283,-2.69,2,"[497.3999938964844, 525.4000244140625]"
chaotic_stop,1788870839.6204607,26.741658164,0.903,0.903,0.0,0.3436158322122369,0.0,0.0,0,0.9050486648525283,-2.69,2,"[495.6000061035156, 530.0]"
chaotic_stop,1788870839.6705434,26.791741022,0.903,0.903,0.0,0.3436158322122369,0.0,0.0,0,0.9050486648525283,-2.69,2,"[495.6000061035156, 530.0]"
chaotic_stop,1788870839.7205162,26.841713661,0.903,0.903,0.0,0.3436158322122369,0.0,0.0,0,0.9050486648525283,-2.69,2,"[494.0, 528.2000122070312]"
chaotic_stop,1788870839.7706094,26.891806766000002,0.903,0.903,0.0,0.3436158322122369,0.0,0.0,0,0.9050486648525283,-2.69,2,"[494.0, 528.2000122070312]"
chaotic_stop,1788870839.820533,26.941730464000003,0.903,0.903,0.0,0.3436158322122369,0.0,0.0,0,0.9050486648525283,-2.69,2,"[487.6000061035156, 526.4000244140625]"
chaotic_stop,1788870839.870611,26.991808395000003,0.903,0.903,0.0,0.3436158322122369,0.0,0.0,0,0.9050486648525283,-2.69,2,"[487.6000061035156, 526.4000244140625]"
chaotic_stop,1788870839.920501,27.041698605,0.903,0.903,0.0,0.3436158322122369,0.0,0.0,0,0.9050486648525283,-2.69,2,"[502.6000061035156, 518.5999755859375]"
chaotic_stop,1788870839.9704857,27.091682985000002,0.903,0.903,0.0,0.3436158322122369,0.0,0.0,0,0.9050486648525283,-2.69,2,"[502.6000061035156, 518.5999755859375]"
chaotic_stop,1788870840.0204902,27.141687573000002,0.903,0.903,0.0,0.3436158322122369,0.0,0.0,0,0.9050486648525283,-2.69,2,"[505.3999938964844, 527.7999877929688]"
chaotic_stop,1788870840.0705261,27.191723573,0.903,0.903,0.0,0.3436158322122369,0.0,0.0,0,0.9050486648525283,-2.69,2,"[505.3999938964844, 527.7999877929688]"
chaotic_stop,1788870840.1205025,27.241699827,0.903,0.903,0.0,0.3436158322122369,0.0,0.0,0,0.9050486648525283,-2.69,2,"[496.6000061035156, 533.4000244140625]"
chaotic_stop,1788870840.1706061,27.291803563000002,0.903,0.903,0.0,0.3436158322122369,0.0,0.0,0,0.9050486648525283,-2.69,2,"[496.6000061035156, 533.4000244140625]"
chaotic_stop,1788870840.2204945,27.341691982,0.903,0.903,0.0,0.3436158322122369,0.0,0.0,0,0.9050486648525283,-2.69,2,"[486.79998779296875, 531.2000122070312]"
chaotic_stop,1788870840.2705965,27.391793795,0.903,0.903,0.0,0.3436158322122369,0.0,0.0,0,0.9050486648525283,-2.69,2,"[486.79998779296875, 531.2000122070312]"
chaotic_stop,1788870840.3204908,27.441688287,0.903,0.903,0.0,0.3436158322122369,0.0,0.0,0,0.9050486648525283,-2.69,2,"[499.0, 546.7999877929688]"
chaotic_stop,1788870840.370531,27.491728560000002,0.903,0.903,0.0,0.3436158322122369,0.0,0.0,0,0.9050486648525283,-2.69,2,"[499.0, 546.7999877929688]"
chaotic_stop,1788870840.4204865,27.541683847,0.903,0.903,0.0,0.3436158322122369,0.0,0.0,0,0.9050486648525283,-2.69,2,"[500.0, 527.5999755859375]"
chaotic_stop,1788870840.470515,27.591712524000002,0.903,0.903,0.0,0.3436158322122369,0.0,0.0,0,0.9050486648525283,-2.69,2,"[500.0, 527.5999755859375]"
chaotic_stop,1788870840.5204654,27.641662621000002,0.903,0.903,0.0,0.3436158322122369,0.0,0.0,0,0.9050486648525283,-2.69,2,"[483.79998779296875, 533.7999877929688]"
chaotic_stop,1788870840.5706284,27.691826008000003,0.903,0.903,0.0,0.3436158322122369,0.0,0.0,0,0.9050486648525283,-2.69,2,"[483.79998779296875, 533.7999877929688]"
chaotic_stop,1788870840.6204681,27.741665558,0.903,0.903,0.0,0.3436158322122369,0.0,0.0,0,0.9050486648525283,-2.69,2,"[491.79998779296875, 537.5999755859375]"
chaotic_stop,1788870840.6706147,27.791812047,0.903,0.903,0.0,0.3436158322122369,0.0,0.0,0,0.9050486648525283,-2.69,2,"[491.79998779296875, 537.5999755859375]"
chaotic_stop,1788870840.720492,27.841689319,0.903,0.903,0.0,0.3436158322122369,0.0,0.0,0,0.9050486648525283,-2.69,2,"[501.0, 562.5999755859375]"
chaotic_stop,1788870840.7704754,27.89167282,0.903,0.903,0.0,0.3436158322122369,0.0,0.0,0,0.9050486648525283,-2.69,2,"[501.0, 562.5999755859375]"
chaotic_stop,1788870840.820453,27.941650491,0.903,0.903,0.0,0.3436158322122369,0.0,0.0,0,0.9050486648525283,-2.69,2,"[490.6000061035156, 536.5999755859375]"
chaotic_stop,1788870840.870508,27.991705428000003,0.903,0.903,0.0,0.3436158322122369,0.0,0.0,0,0.9050486648525283,-2.69,2,"[490.6000061035156, 536.5999755859375]"
chaotic_stop,1788870840.9204757,28.041673092000003,0.903,0.903,0.0,0.3436158322122369,0.0,0.0,0,0.9050486648525283,-2.69,2,"[517.5999755859375, 528.7999877929688]"
chaotic_stop,1788870840.970589,28.091786520000003,0.903,0.903,0.0,0.3436158322122369,0.0,0.0,0,0.9050486648525283,-2.69,2,"[517.5999755859375, 528.7999877929688]"
chaotic_stop,1788870841.0204778,28.14167518,0.903,0.903,0.0,0.3436158322122369,0.0,0.0,0,0.9050486648525283,-2.69,2,"[503.6000061035156, 537.4000244140625]"
chaotic_stop,1788870841.070625,28.191822517000002,0.903,0.903,0.0,0.3436158322122369,0.0,0.0,0,0.9050486648525283,-2.69,2,"[503.6000061035156, 537.4000244140625]"
chaotic_stop,1788870841.1204736,28.241671252000003,0.903,0.903,0.0,0.3436158322122369,0.0,0.0,0,0.9050486648525283,-2.69,2,"[488.6000061035156, 520.0]"
chaotic_stop,1788870841.1704361,28.291633681,0.903,0.903,0.0,0.3436158322122369,0.0,0.0,0,0.9050486648525283,-2.69,2,"[488.6000061035156, 520.0]"
chaotic_stop,1788870841.220462,28.341659524,0.903,0.903,0.0,0.3436158322122369,0.0,0.0,0,0.9050486648525283,-2.69,2,"[503.6000061035156, 525.7999877929688]"
chaotic_stop,1788870841.2706182,28.391815586000003,0.903,0.903,0.0,0.3436158322122369,0.0,0.0,0,0.9050486648525283,-2.69,2,"[503.6000061035156, 525.7999877929688]"
chaotic_stop,1788870841.3204634,28.441660881,0.903,0.903,0.0,0.3436158322122369,0.0,0.0,0,0.9050486648525283,-2.69,2,"[495.3999938964844, 519.0]"
chaotic_stop,1788870841.3706226,28.491820152000003,0.903,0.903,0.0,0.3436158322122369,0.0,0.0,0,0.9050486648525283,-2.69,2,"[495.3999938964844, 519.0]"
chaotic_stop,1788870841.4205542,28.541751599,0.903,0.903,0.0,0.3436158322122369,0.0,0.0,0,0.9050486648525283,-2.69,2,"[498.3999938964844, 527.5999755859375]"
chaotic_stop,1788870841.4706206,28.591817868000003,0.903,0.903,0.0,0.3436158322122369,0.0,0.0,0,0.9050486648525283,-2.69,2,"[498.3999938964844, 527.5999755859375]"
chaotic_stop,1788870841.5205047,28.641702206,0.903,0.903,0.0,0.3436158322122369,0.0,0.0,0,0.9050486648525283,-2.69,2,"[510.6000061035156, 526.2000122070312]"
chaotic_stop,1788870841.570484,28.691681308000003,0.903,0.903,0.0,0.3436158322122369,0.0,0.0,0,0.9050486648525283,-2.69,2,"[510.6000061035156, 526.2000122070312]"
chaotic_stop,1788870841.6205187,28.741716232,0.903,0.903,0.0,0.3436158322122369,0.0,0.0,0,0.9050486648525283,-2.69,2,"[496.79998779296875, 531.2000122070312]"
chaotic_stop,1788870841.6705618,28.791759242,0.903,0.903,0.0,0.3436158322122369,0.0,0.0,0,0.9050486648525283,-2.69,2,"[496.79998779296875, 531.2000122070312]"
chaotic_stop,1788870841.7205663,28.841763827,0.903,0.903,0.0,0.3436158322122369,0.0,0.0,0,0.9050486648525283,-2.69,2,"[498.6000061035156, 527.5999755859375]"
chaotic_stop,1788870841.7706141,28.891811674000003,0.903,0.903,0.0,0.3436158322122369,0.0,0.0,0,0.9050486648525283,-2.69,2,"[498.6000061035156, 527.5999755859375]"
chaotic_stop,1788870841.8206222,28.941819717,0.903,0.903,0.0,0.3436158322122369,0.0,0.0,0,0.9050486648525283,-2.69,2,"[497.0, 532.2000122070312]"
chaotic_stop,1788870841.8706195,28.991816840000002,0.903,0.903,0.0,0.3436158322122369,0.0,0.0,0,0.9050486648525283,-2.69,2,"[497.0, 532.2000122070312]"
chaotic_stop,1788870841.9204962,29.041693599000002,0.903,0.903,0.0,0.3436158322122369,0.0,0.0,0,0.9050486648525283,-2.69,2,"[497.3999938964844, 528.4000244140625]"
chaotic_stop,1788870841.9704747,29.091671951000002,0.903,0.903,0.0,0.3436158322122369,0.0,0.0,0,0.9050486648525283,-2.69,2,"[497.3999938964844, 528.4000244140625]"
chaotic_stop,1788870842.0204875,29.141684932,0.903,0.903,0.0,0.3436158322122369,0.0,0.0,0,0.9050486648525283,-2.69,2,"[497.6000061035156, 529.2000122070312]"
chaotic_stop,1788870842.0705476,29.191744955,0.903,0.903,0.0,0.3436158322122369,0.0,0.0,0,0.9050486648525283,-2.69,2,"[497.6000061035156, 529.2000122070312]"
chaotic_stop,1788870842.120762,29.241959567000002,0.903,0.903,0.0,0.3436158322122369,0.0,0.0,0,0.9050486648525283,-2.69,2,"[497.6000061035156, 529.4000244140625]"
chaotic_stop,1788870842.1706061,29.291803561000002,0.903,0.903,0.0,0.3436158322122369,0.0,0.0,0,0.9050486648525283,-2.69,2,"[497.6000061035156, 529.4000244140625]"
chaotic_stop,1788870842.220478,29.341675522000003,0.903,0.903,0.0,0.3436158322122369,0.0,0.0,0,0.9050486648525283,-2.69,2,"[490.20001220703125, 535.7999877929688]"
chaotic_stop,1788870842.2706113,29.391808748000003,0.903,0.903,0.0,0.3436158322122369,0.0,0.0,0,0.9050486648525283,-2.69,2,"[490.20001220703125, 535.7999877929688]"
chaotic_stop,1788870842.3205554,29.44175294,0.903,0.903,0.0,0.3436158322122369,0.0,0.0,0,0.9050486648525283,-2.69,2,"[501.3999938964844, 524.4000244140625]"
chaotic_stop,1788870842.370472,29.491669478000002,0.903,0.903,0.0,0.3436158322122369,0.0,0.0,0,0.9050486648525283,-2.69,2,"[501.3999938964844, 524.4000244140625]"
chaotic_stop,1788870842.420483,29.541680669,0.903,0.903,0.0,0.3436158322122369,0.0,0.0,0,0.9050486648525283,-2.69,2,"[492.0, 536.7999877929688]"
chaotic_stop,1788870842.470542,29.591739409000002,0.903,0.903,0.0,0.3436158322122369,0.0,0.0,0,0.9050486648525283,-2.69,2,"[492.0, 536.7999877929688]"
chaotic_stop,1788870842.5206034,29.641800869,0.903,0.903,0.0,0.3436158322122369,0.0,0.0,0,0.9050486648525283,-2.69,2,"[495.6000061035156, 531.2000122070312]"
chaotic_stop,1788870842.5706298,29.691827225,0.903,0.903,0.0,0.3436158322122369,0.0,0.0,0,0.9050486648525283,-2.69,2,"[495.6000061035156, 531.2000122070312]"
chaotic_stop,1788870842.6206193,29.741816872,0.903,0.903,0.0,0.3436158322122369,0.0,0.0,0,0.9050486648525283,-2.69,2,"[500.6000061035156, 526.5999755859375]"
chaotic_stop,1788870842.670623,29.791820472,0.903,0.903,0.0,0.3436158322122369,0.0,0.0,0,0.9050486648525283,-2.69,2,"[500.6000061035156, 526.5999755859375]"
chaotic_stop,1788870842.7204776,29.841674949,0.903,0.903,0.0,0.3436158322122369,0.0,0.0,0,0.9050486648525283,-2.69,2,"[498.3999938964844, 529.4000244140625]"
chaotic_stop,1788870842.7704813,29.891678588,0.903,0.903,0.0,0.3436158322122369,0.0,0.0,0,0.9050486648525283,-2.69,2,"[498.3999938964844, 529.4000244140625]"
chaotic_stop,1788870842.8204756,29.941672960000002,0.903,0.903,0.0,0.3436158322122369,0.0,0.0,0,0.9050486648525283,-2.69,2,"[493.20001220703125, 533.5999755859375]"
chaotic_stop,1788870842.8704948,29.991692338000004,0.903,0.903,0.0,0.3436158322122369,0.0,0.0,0,0.9050486648525283,-2.69,2,"[493.20001220703125, 533.5999755859375]"
chaotic_stop,1788870842.9204698,30.041667337000003,0.903,0.903,0.0,0.3436158322122369,0.0,0.0,0,0.9050486648525283,-2.69,2,"[496.79998779296875, 532.7999877929688]"
chaotic_stop,1788870842.9706082,30.091805653,0.903,0.903,0.0,0.3436158322122369,0.0,0.0,0,0.9050486648525283,-2.69,2,"[496.79998779296875, 532.7999877929688]"
chaotic_stop,1788870843.020542,30.141739276000003,0.903,0.903,0.0,0.3436158322122369,0.0,0.0,0,0.9050486648525283,-2.69,2,"[496.6000061035156, 535.2000122070312]"
chaotic_stop,1788870843.0706477,30.191845179,0.903,0.903,0.0,0.3436158322122369,0.0,0.0,0,0.9050486648525283,-2.69,2,"[496.6000061035156, 535.2000122070312]"
chaotic_stop,1788870843.1210217,30.242219162,0.903,0.903,0.0,0.3436158322122369,0.0,0.0,0,0.9050486648525283,-2.69,2,"[502.20001220703125, 530.2000122070312]"
chaotic_stop,1788870843.1704502,30.291647695,0.903,0.903,0.0,0.3436158322122369,0.0,0.0,0,0.9050486648525283,-2.69,2,"[502.20001220703125, 530.2000122070312]"
chaotic_stop,1788870843.2204938,30.34169109,0.903,0.903,0.0,0.3436158322122369,0.0,0.0,0,0.9050486648525283,-2.69,2,"[496.6000061035156, 532.4000244140625]"
chaotic_stop,1788870843.2705498,30.391747402000004,0.903,0.903,0.0,0.3436158322122369,0.0,0.0,0,0.9050486648525283,-2.69,2,"[496.6000061035156, 532.4000244140625]"
chaotic_stop,1788870843.3205194,30.441717109000002,0.903,0.903,0.0,0.3436158322122369,0.0,0.0,0,0.9050486648525283,-2.69,2,"[491.0, 536.5999755859375]"
chaotic_stop,1788870843.3706062,30.491803661000002,0.903,0.903,0.0,0.3436158322122369,0.0,0.0,0,0.9050486648525283,-2.69,2,"[491.0, 536.5999755859375]"
chaotic_stop,1788870843.4204767,30.541674126,0.903,0.903,0.0,0.3436158322122369,0.0,0.0,0,0.9050486648525283,-2.69,2,"[499.0, 528.5999755859375]"
chaotic_stop,1788870843.4706886,30.591886123000002,0.903,0.903,0.0,0.3436158322122369,0.0,0.0,0,0.9050486648525283,-2.69,2,"[499.0, 528.5999755859375]"
chaotic_stop,1788870843.5205412,30.641738793000002,0.903,0.903,0.0,0.3436158322122369,0.0,0.0,0,0.9050486648525283,-2.69,2,"[495.20001220703125, 534.0]"
chaotic_stop,1788870843.5704687,30.691666056000003,0.903,0.903,0.0,0.3436158322122369,0.0,0.0,0,0.9050486648525283,-2.69,2,"[495.20001220703125, 534.0]"
chaotic_stop,1788870843.6204574,30.741654799000003,0.903,0.903,0.0,0.3436158322122369,0.0,0.0,0,0.9050486648525283,-2.69,2,"[499.6000061035156, 528.7999877929688]"
chaotic_stop,1788870843.6706896,30.791887224000003,0.903,0.903,0.0,0.3436158322122369,0.0,0.0,0,0.9050486648525283,-2.69,2,"[499.6000061035156, 528.7999877929688]"
chaotic_stop,1788870843.7205033,30.841700798,0.903,0.903,0.0,0.3436158322122369,0.0,0.0,0,0.9050486648525283,-2.69,2,"[499.3999938964844, 531.7999877929688]"
chaotic_stop,1788870843.770566,30.891763498000003,0.903,0.903,0.0,0.3436158322122369,0.0,0.0,0,0.9050486648525283,-2.69,2,"[499.3999938964844, 531.7999877929688]"
chaotic_stop,1788870843.82047,30.941667643000002,0.903,0.903,0.0,0.3436158322122369,0.0,0.0,0,0.9050486648525283,-2.69,2,"[494.20001220703125, 529.5999755859375]"
chaotic_stop,1788870843.8706505,30.991848055000002,0.903,0.903,0.0,0.3436158322122369,0.0,0.0,0,0.9050486648525283,-2.69,2,"[494.20001220703125, 529.5999755859375]"
chaotic_stop,1788870843.9204996,31.041697094000003,0.903,0.903,0.0,0.3436158322122369,0.0,0.0,0,0.9050486648525283,-2.69,2,"[498.20001220703125, 529.4000244140625]"
chaotic_stop,1788870843.9704497,31.091647262000002,0.903,0.903,0.0,0.3436158322122369,0.0,0.0,0,0.9050486648525283,-2.69,2,"[498.20001220703125, 529.4000244140625]"
chaotic_stop,1788870844.020458,31.141655534,0.903,0.903,0.0,0.3436158322122369,0.0,0.0,0,0.9050486648525283,-2.69,2,"[498.20001220703125, 531.2000122070312]"
chaotic_stop,1788870844.0704758,31.191673455000004,0.903,0.903,0.0,0.3436158322122369,0.0,0.0,0,0.9050486648525283,-2.69,2,"[498.20001220703125, 531.2000122070312]"
chaotic_stop,1788870844.1204684,31.241665734,0.903,0.903,0.0,0.3436158322122369,0.0,0.0,0,0.9050486648525283,-2.69,2,"[501.0, 530.2000122070312]"
chaotic_stop,1788870844.170582,31.291779483000003,0.903,0.903,0.0,0.3436158322122369,0.0,0.0,0,0.9050486648525283,-2.69,2,"[501.0, 530.2000122070312]"
chaotic_stop,1788870844.220597,31.341794458000003,0.903,0.903,0.0,0.3436158322122369,0.0,0.0,0,0.9050486648525283,-2.69,2,"[497.20001220703125, 532.4000244140625]"
chaotic_stop,1788870844.2706075,31.391805015000003,0.903,0.903,0.0,0.3436158322122369,0.0,0.0,0,0.9050486648525283,-2.69,2,"[497.20001220703125, 532.4000244140625]"
chaotic_stop,1788870844.3204494,31.441646762,0.903,0.903,0.0,0.3436158322122369,0.0,0.0,0,0.9050486648525283,-2.69,2,"[497.0, 532.2000122070312]"
chaotic_stop,1788870844.3704636,31.491661070000003,0.903,0.903,0.0,0.3436158322122369,0.0,0.0,0,0.9050486648525283,-2.69,2,"[497.0, 532.2000122070312]"
chaotic_stop,1788870844.420462,31.541659498,0.903,0.903,0.0,0.3436158322122369,0.0,0.0,0,0.9050486648525283,-2.69,2,"[498.79998779296875, 529.5999755859375]"
chaotic_stop,1788870844.4704807,31.591678162,0.903,0.903,0.0,0.3436158322122369,0.0,0.0,0,0.9050486648525283,-2.69,2,"[498.79998779296875, 529.5999755859375]"
chaotic_stop,1788870844.5206432,31.641840754,0.903,0.903,0.0,0.3436158322122369,0.0,0.0,0,0.9050486648525283,-2.69,2,"[498.0, 529.4000244140625]"
chaotic_stop,1788870844.5705948,31.691792145,0.903,0.903,0.0,0.3436158322122369,0.0,0.0,0,0.9050486648525283,-2.69,2,"[498.0, 529.4000244140625]"
chaotic_stop,1788870844.6204624,31.741659778000002,0.903,0.903,0.0,0.3436158322122369,0.0,0.0,0,0.9050486648525283,-2.69,2,"[491.3999938964844, 536.4000244140625]"
chaotic_stop,1788870844.670685,31.791882578000003,0.903,0.903,0.0,0.3436158322122369,0.0,0.0,0,0.9050486648525283,-2.69,2,"[491.3999938964844, 536.4000244140625]"
chaotic_stop,1788870844.720475,31.841672411,0.903,0.903,0.0,0.3436158322122369,0.0,0.0,0,0.9050486648525283,-2.69,2,"[495.79998779296875, 528.2000122070312]"
chaotic_stop,1788870844.77045,31.891647401000004,0.903,0.903,0.0,0.3436158322122369,0.0,0.0,0,0.9050486648525283,-2.69,2,"[495.79998779296875, 528.2000122070312]"
chaotic_stop,1788870844.8205135,31.941710812000004,0.903,0.903,0.0,0.3436158322122369,0.0,0.0,0,0.9050486648525283,-2.69,2,"[497.79998779296875, 527.7999877929688]"
chaotic_stop,1788870844.8706226,31.991819975000002,0.903,0.903,0.0,0.3436158322122369,0.0,0.0,0,0.9050486648525283,-2.69,2,"[497.79998779296875, 527.7999877929688]"
chaotic_stop,1788870844.9205132,32.041710609,0.903,0.903,0.0,0.3436158322122369,0.0,0.0,0,0.9050486648525283,-2.69,2,"[493.0, 533.5999755859375]"
chaotic_stop,1788870844.9705966,32.091793943,0.903,0.903,0.0,0.3436158322122369,0.0,0.0,0,0.9050486648525283,-2.69,2,"[493.0, 533.5999755859375]"
chaotic_stop,1788870845.0204997,32.14169734,0.903,0.903,0.0,0.3436158322122369,0.0,0.0,0,0.9050486648525283,-2.69,2,"[499.0, 529.2000122070312]"
chaotic_stop,1788870845.0705993,32.191796706000005,0.903,0.903,0.0,0.3436158322122369,0.0,0.0,0,0.9050486648525283,-2.69,2,"[499.0, 529.2000122070312]"
chaotic_stop,1788870845.120461,32.241658416,0.903,0.903,0.0,0.3436158322122369,0.0,0.0,0,0.9050486648525283,-2.69,2,"[495.20001220703125, 532.2000122070312]"
chaotic_stop,1788870845.1704528,32.291650272000005,0.903,0.903,0.0,0.3436158322122369,0.0,0.0,0,0.9050486648525283,-2.69,2,"[495.20001220703125, 532.2000122070312]"
chaotic_stop,1788870845.2205014,32.34169892,0.903,0.903,0.0,0.3436158322122369,0.0,0.0,0,0.9050486648525283,-2.69,2,"[499.0, 527.5999755859375]"
chaotic_stop,1788870845.2704785,32.391675885000005,0.903,0.903,0.0,0.3436158322122369,0.0,0.0,0,0.9050486648525283,-2.69,2,"[499.0, 527.5999755859375]"
chaotic_stop,1788870845.320582,32.441779575000005,0.903,0.903,0.0,0.3436158322122369,0.0,0.0,0,0.9050486648525283,-2.69,2,"[495.79998779296875, 529.5999755859375]"
chaotic_stop,1788870845.3706472,32.491844672,0.903,0.903,0.0,0.3436158322122369,0.0,0.0,0,0.9050486648525283,-2.69,2,"[495.79998779296875, 529.5999755859375]"
chaotic_stop,1788870845.420662,32.541859257,0.903,0.903,0.0,0.3436158322122369,0.0,0.0,0,0.9050486648525283,-2.69,2,"[502.0, 520.2000122070312]"
chaotic_stop,1788870845.4707496,32.591947097,0.903,0.903,0.0,0.3436158322122369,0.0,0.0,0,0.9050486648525283,-2.69,2,"[502.0, 520.2000122070312]"
chaotic_stop,1788870845.5204647,32.641662327,0.903,0.903,0.0,0.3436158322122369,0.0,0.0,0,0.9050486648525283,-2.69,2,"[501.6000061035156, 528.2000122070312]"
chaotic_stop,1788870845.570472,32.691669398,0.903,0.903,0.0,0.3436158322122369,0.0,0.0,0,0.9050486648525283,-2.69,2,"[501.6000061035156, 528.2000122070312]"
chaotic_stop,1788870845.6206133,32.741810617,0.903,0.903,0.0,0.3436158322122369,0.0,0.0,0,0.9050486648525283,-2.69,2,"[501.79998779296875, 524.4000244140625]"
chaotic_stop,1788870845.6706266,32.791824059,0.903,0.903,0.0,0.3436158322122369,0.0,0.0,0,0.9050486648525283,-2.69,2,"[501.79998779296875, 524.4000244140625]"
chaotic_stop,1788870845.7205997,32.841797184,0.903,0.903,0.0,0.3436158322122369,0.0,0.0,0,0.9050486648525283,-2.69,2,"[502.0, 524.5999755859375]"
chaotic_stop,1788870845.7707639,32.891961445,0.903,0.903,0.0,0.3436158322122369,0.0,0.0,0,0.9050486648525283,-2.69,2,"[502.0, 524.5999755859375]"
chaotic_stop,1788870845.820508,32.941705538,0.903,0.903,0.0,0.3436158322122369,0.0,0.0,0,0.9050486648525283,-2.69,2,"[500.79998779296875, 527.5999755859375]"
chaotic_stop,1788870845.8705828,32.991780325,0.903,0.903,0.0,0.3436158322122369,0.0,0.0,0,0.9050486648525283,-2.69,2,"[500.79998779296875, 527.5999755859375]"
chaotic_stop,1788870845.9204865,33.041683849,0.903,0.903,0.0,0.3436158322122369,0.0,0.0,0,0.9050486648525283,-2.69,2,"[491.6000061035156, 537.2000122070312]"
chaotic_stop,1788870845.970443,33.091640621,0.903,0.903,0.0,0.3436158322122369,0.0,0.0,0,0.9050486648525283,-2.69,2,"[491.6000061035156, 537.2000122070312]"
chaotic_stop,1788870846.020438,33.141635415,0.903,0.903,0.0,0.3436158322122369,0.0,0.0,0,0.9050486648525283,-2.69,2,"[496.0, 532.5999755859375]"
chaotic_stop,1788870846.0705578,33.19175519,0.903,0.903,0.0,0.3436158322122369,0.0,0.0,0,0.9050486648525283,-2.69,2,"[496.0, 532.5999755859375]"
chaotic_stop,1788870846.120577,33.241774674000006,0.903,0.903,0.0,0.3436158322122369,0.0,0.0,0,0.9050486648525283,-2.69,2,"[500.6000061035156, 527.2000122070312]"
chaotic_stop,1788870846.1706674,33.291864758,0.903,0.903,0.0,0.3436158322122369,0.0,0.0,0,0.9050486648525283,-2.69,2,"[500.6000061035156, 527.2000122070312]"
chaotic_stop,1788870846.220611,33.341808750000006,0.903,0.903,0.0,0.3436158322122369,0.0,0.0,0,0.9050486648525283,-2.69,2,"[497.3999938964844, 534.0]"
chaotic_stop,1788870846.2707021,33.391899675000005,0.903,0.903,0.0,0.3436158322122369,0.0,0.0,0,0.9050486648525283,-2.69,2,"[497.3999938964844, 534.0]"
chaotic_stop,1788870846.3206325,33.441829866,0.903,0.903,0.0,0.3436158322122369,0.0,0.0,0,0.9050486648525283,-2.69,2,"[499.0, 533.4000244140625]"
chaotic_stop,1788870846.3706226,33.491819962,0.903,0.903,0.0,0.3436158322122369,0.0,0.0,0,0.9050486648525283,-2.69,2,"[499.0, 533.4000244140625]"
chaotic_stop,1788870846.420628,33.541825625,0.903,0.903,0.0,0.3436158322122369,0.0,0.0,0,0.9050486648525283,-2.69,2,"[500.0, 533.7999877929688]"
chaotic_stop,1788870846.4705727,33.59177015,0.903,0.903,0.0,0.3436158322122369,0.0,0.0,0,0.9050486648525283,-2.69,2,"[500.0, 533.7999877929688]"
chaotic_stop,1788870846.520483,33.641680464000004,0.903,0.903,0.0,0.3436158322122369,0.0,0.0,0,0.9050486648525283,-2.69,2,"[499.3999938964844, 530.4000244140625]"
chaotic_stop,1788870846.5705833,33.691780934,0.903,0.903,0.0,0.3436158322122369,0.0,0.0,0,0.9050486648525283,-2.69,2,"[499.3999938964844, 530.4000244140625]"
chaotic_stop,1788870846.6204863,33.741683694,0.903,0.903,0.0,0.3436158322122369,0.0,0.0,0,0.9050486648525283,-2.69,2,"[498.6000061035156, 532.5999755859375]"
chaotic_stop,1788870846.6705973,33.791794677,0.903,0.903,0.0,0.3436158322122369,0.0,0.0,0,0.9050486648525283,-2.69,2,"[498.6000061035156, 532.5999755859375]"
chaotic_stop,1788870846.720468,33.841665418000005,0.903,0.903,0.0,0.3436158322122369,0.0,0.0,0,0.9050486648525283,-2.69,2,"[498.0, 534.0]"
chaotic_stop,1788870846.7704577,33.891655084,0.903,0.903,0.0,0.3436158322122369,0.0,0.0,0,0.9050486648525283,0.0,2,"[498.0, 534.0]"
chaotic_stop,1788870846.820454,33.941651325,0.903,0.903,0.0,0.3436158322122369,0.0,0.0,0,0.9050486648525283,0.0,2,"[499.3999938964844, 529.7999877929688]"
chaotic_stop,1788870846.8704917,33.991689225,0.903,0.903,0.0,0.3436158322122369,0.0,0.0,0,0.9050486648525283,0.0,2,"[499.3999938964844, 529.7999877929688]"
chaotic_stop,1788870846.920672,34.041869313,0.903,0.903,0.0,0.3436158322122369,0.0,0.0,0,0.9050486648525283,0.0,2,"[497.20001220703125, 532.0]"
chaotic_stop,1788870846.970782,34.091979418,0.903,0.903,0.0,0.3436158322122369,0.0,0.0,0,0.9050486648525283,0.0,2,"[497.20001220703125, 532.0]"
chaotic_stop,1788870847.0206003,34.141797757,0.903,0.903,0.0,0.3436158322122369,0.0,0.0,0,0.9050486648525283,0.0,2,"[496.3999938964844, 531.5999755859375]"
chaotic_stop,1788870847.070604,34.19180149,0.903,0.903,0.0,0.3436158322122369,0.0,0.0,0,0.9050486648525283,0.0,2,"[496.3999938964844, 531.5999755859375]"
chaotic_stop,1788870847.1205766,34.241774162,0.903,0.903,0.0,0.3436158322122369,0.0,0.0,0,0.9050486648525283,0.0,2,"[497.6000061035156, 531.2000122070312]"
chaotic_stop,1788870847.1704564,34.291653870000005,0.903,0.903,0.0,0.3436158322122369,0.0,0.0,0,0.9050486648525283,0.0,2,"[497.6000061035156, 531.2000122070312]"
chaotic_stop,1788870847.2204769,34.341674116,0.903,0.903,0.0,0.3436158322122369,0.0,0.0,0,0.9050486648525283,0.0,2,"[498.6000061035156, 532.7999877929688]"
chaotic_stop,1788870847.2704751,34.39167251,0.903,0.903,0.0,0.3436158322122369,0.0,0.0,0,0.9050486648525283,0.0,2,"[498.6000061035156, 532.7999877929688]"
chaotic_stop,1788870847.3204832,34.441680696,0.903,0.903,0.0,0.3436158322122369,0.0,0.0,0,0.9050486648525283,0.0,2,"[499.79998779296875, 530.5999755859375]"
chaotic_stop,1788870847.370612,34.491809180000004,0.903,0.903,0.0,0.3436158322122369,0.0,0.0,0,0.9050486648525283,0.0,2,"[499.79998779296875, 530.5999755859375]"
chaotic_stop,1788870847.420517,34.541714407,0.903,0.903,0.0,0.3436158322122369,0.0,0.0,0,0.9050486648525283,0.0,2,"[495.20001220703125, 530.2000122070312]"
chaotic_stop,1788870847.4707158,34.591913133000006,0.903,0.903,0.0,0.3436158322122369,0.0,0.0,0,0.9050486648525283,0.0,2,"[495.20001220703125, 530.2000122070312]"
chaotic_stop,1788870847.520527,34.641724305000004,0.903,0.903,0.0,0.3436158322122369,0.0,0.0,0,0.9050486648525283,0.0,2,"[498.20001220703125, 531.4000244140625]"
chaotic_stop,1788870847.5704796,34.691677068000004,0.903,0.903,0.0,0.3436158322122369,0.0,0.0,0,0.9050486648525283,0.0,2,"[498.20001220703125, 531.4000244140625]"
chaotic_stop,1788870847.6205416,34.741738894,0.903,0.903,0.0,0.3436158322122369,0.0,0.0,0,0.9050486648525283,0.0,2,"[506.6000061035156, 526.4000244140625]"
chaotic_stop,1788870847.6706955,34.791893107,0.903,0.903,0.0,0.3436158322122369,0.0,0.0,0,0.9050486648525283,0.0,2,"[506.6000061035156, 526.4000244140625]"
chaotic_stop,1788870847.7204807,34.841678062,0.903,0.903,0.0,0.3436158322122369,0.0,0.0,0,0.9050486648525283,0.0,2,"[490.6000061035156, 538.4000244140625]"
chaotic_stop,1788870847.7706347,34.891832141,0.903,0.903,0.0,0.3436158322122369,0.0,0.0,0,0.9050486648525283,0.0,2,"[490.6000061035156, 538.4000244140625]"
chaotic_stop,1788870847.8205404,34.941738014,0.903,0.903,0.0,0.3436158322122369,0.0,0.0,0,0.9050486648525283,0.0,2,"[493.20001220703125, 532.7999877929688]"
chaotic_stop,1788870847.8706207,34.991818137,0.903,0.903,0.0,0.3436158322122369,0.0,0.0,0,0.9050486648525283,0.0,2,"[493.20001220703125, 532.7999877929688]"
chaotic_stop,1788870847.920544,35.04174133,0.903,0.903,0.0,0.3436158322122369,0.0,0.0,0,0.9050486648525283,0.0,2,"[509.0, 520.4000244140625]"
chaotic_stop,1788870847.9705377,35.091735008,0.903,0.903,0.0,0.3436158322122369,0.0,0.0,0,0.9050486648525283,0.0,2,"[509.0, 520.4000244140625]"
chaotic_stop,1788870848.0204911,35.141688694,0.903,0.903,0.0,0.3436158322122369,0.0,0.0,0,0.9050486648525283,0.0,2,"[485.79998779296875, 540.7999877929688]"
chaotic_stop,1788870848.0706055,35.191802904,0.903,0.903,0.0,0.3436158322122369,0.0,0.0,0,0.9050486648525283,0.0,2,"[485.79998779296875, 540.7999877929688]"
chaotic_stop,1788870848.1205447,35.241742054,0.903,0.903,0.0,0.3436158322122369,0.0,0.0,0,0.9050486648525283,0.0,2,"[492.79998779296875, 537.0]"
chaotic_stop,1788870848.1706583,35.291855888,0.903,0.903,0.0,0.3436158322122369,0.0,0.0,0,0.9050486648525283,0.0,2,"[492.79998779296875, 537.0]"
chaotic_stop,1788870848.2206955,35.341892976000004,0.903,0.903,0.0,0.3436158322122369,0.0,0.0,0,0.9050486648525283,0.0,2,"[503.20001220703125, 522.4000244140625]"
chaotic_stop,1788870848.2706425,35.391840023,0.903,0.903,0.0,0.3436158322122369,0.0,0.0,0,0.9050486648525283,0.0,2,"[503.20001220703125, 522.4000244140625]"
chaotic_stop,1788870848.320536,35.441733415,0.903,0.903,0.0,0.3436158322122369,0.0,0.0,0,0.9050486648525283,0.0,2,"[494.6000061035156, 536.7999877929688]"
chaotic_stop,1788870848.3704944,35.491691776,0.903,0.903,0.0,0.3436158322122369,0.0,0.0,0,0.9050486648525283,0.0,2,"[494.6000061035156, 536.7999877929688]"
chaotic_stop,1788870848.4206178,35.541815174,0.903,0.903,0.0,0.3436158322122369,0.0,0.0,0,0.9050486648525283,0.0,2,"[490.6000061035156, 537.0]"
chaotic_stop,1788870848.4705791,35.591776589000006,0.903,0.903,0.0,0.3436158322122369,0.0,0.0,0,0.9050486648525283,0.0,2,"[490.6000061035156, 537.0]"
chaotic_stop,1788870848.5205956,35.641793021000005,0.903,0.903,0.0,0.3436158322122369,0.0,0.0,0,0.9050486648525283,0.0,2,"[496.3999938964844, 525.5999755859375]"
chaotic_stop,1788870848.570626,35.69182334,0.903,0.903,0.0,0.3436158322122369,0.0,0.0,0,0.9050486648525283,0.0,2,"[496.3999938964844, 525.5999755859375]"
chaotic_stop,1788870848.6205134,35.741710868000006,0.903,0.903,0.0,0.3436158322122369,0.0,0.0,0,0.9050486648525283,0.0,2,"[494.0, 533.0]"
chaotic_stop,1788870848.6705816,35.79177894,0.903,0.903,0.0,0.3436158322122369,0.0,0.0,0,0.9050486648525283,0.0,2,"[494.0, 533.0]"
chaotic_stop,1788870848.7205265,35.841723807,0.903,0.903,0.0,0.3436158322122369,0.0,0.0,0,0.9050486648525283,0.0,2,"[497.20001220703125, 531.0]"
chaotic_stop,1788870848.770485,35.891682238,0.903,0.903,0.0,0.3436158322122369,0.0,0.0,0,0.9050486648525283,0.0,2,"[497.20001220703125, 531.0]"
chaotic_stop,1788870848.8205287,35.941726281,0.903,0.903,0.0,0.3436158322122369,0.0,0.0,0,0.9050486648525283,0.0,2,"[497.6000061035156, 529.0]"
chaotic_stop,1788870848.8705351,35.991732435,0.903,0.903,0.0,0.3436158322122369,0.0,0.0,0,0.9050486648525283,0.0,2,"[497.6000061035156, 529.0]"
chaotic_stop,1788870848.9205015,36.041698739000005,0.903,0.903,0.0,0.3436158322122369,0.0,0.0,0,0.9050486648525283,0.0,2,"[494.20001220703125, 530.7999877929688]"
chaotic_stop,1788870848.9706323,36.091829647000004,0.903,0.903,0.0,0.3436158322122369,0.0,0.0,0,0.9050486648525283,0.0,2,"[494.20001220703125, 530.7999877929688]"
chaotic_stop,1788870849.0205534,36.141750759000004,0.903,0.903,0.0,0.3436158322122369,0.0,0.0,0,0.9050486648525283,0.0,2,"[500.79998779296875, 525.2000122070312]"
chaotic_stop,1788870849.0706565,36.191854031000005,0.903,0.903,0.0,0.3436158322122369,0.0,0.0,0,0.9050486648525283,0.0,2,"[500.79998779296875, 525.2000122070312]"
chaotic_stop,1788870849.1204865,36.241683888000004,0.903,0.903,0.0,0.3436158322122369,0.0,0.0,0,0.9050486648525283,0.0,2,"[496.6000061035156, 532.4000244140625]"
chaotic_stop,1788870849.1704636,36.291661053000006,0.903,0.903,0.0,0.3436158322122369,0.0,0.0,0,0.9050486648525283,0.0,2,"[496.6000061035156, 532.4000244140625]"
chaotic_stop,1788870849.2204652,36.341662817,0.903,0.903,0.0,0.3436158322122369,0.0,0.0,0,0.9050486648525283,0.0,2,"[491.3999938964844, 536.7999877929688]"
chaotic_stop,1788870849.2706525,36.391850066,0.903,0.903,0.0,0.3436158322122369,0.0,0.0,0,0.9050486648525283,0.0,2,"[491.3999938964844, 536.7999877929688]"
chaotic_stop,1788870849.3206296,36.441826992,0.903,0.903,0.0,0.3436158322122369,0.0,0.0,0,0.9050486648525283,0.0,2,"[496.79998779296875, 527.2000122070312]"
chaotic_stop,1788870849.370634,36.491831424000004,0.903,0.903,0.0,0.3436158322122369,0.0,0.0,0,0.9050486648525283,0.0,2,"[496.79998779296875, 527.2000122070312]"
chaotic_stop,1788870849.4206645,36.541861933,0.903,0.903,0.0,0.3436158322122369,0.0,0.0,0,0.9050486648525283,0.0,2,"[499.79998779296875, 529.2000122070312]"
chaotic_stop,1788870849.4706144,36.591811961000005,0.903,0.903,0.0,0.3436158322122369,0.0,0.0,0,0.9050486648525283,0.0,2,"[499.79998779296875, 529.2000122070312]"
chaotic_stop,1788870849.5206106,36.641808212,0.903,0.903,0.0,0.3436158322122369,0.0,0.0,0,0.9050486648525283,0.0,2,"[498.20001220703125, 529.5999755859375]"
chaotic_stop,1788870849.5705237,36.691721315,0.903,0.903,0.0,0.3436158322122369,0.0,0.0,0,0.9050486648525283,0.0,2,"[498.20001220703125, 529.5999755859375]"
chaotic_stop,1788870849.62054,36.741737539,0.903,0.903,0.0,0.3436158322122369,0.0,0.0,0,0.9050486648525283,0.0,2,"[499.3999938964844, 527.5999755859375]"
chaotic_stop,1788870849.6706572,36.791854465,0.903,0.903,0.0,0.3436158322122369,0.0,0.0,0,0.9050486648525283,0.0,2,"[499.3999938964844, 527.5999755859375]"
chaotic_stop,1788870849.7205184,36.841715664,0.903,0.903,0.0,0.3436158322122369,0.0,0.0,0,0.9050486648525283,0.0,2,"[498.3999938964844, 529.4000244140625]"
chaotic_stop,1788870849.770636,36.891833651,0.903,0.903,0.0,0.3436158322122369,0.0,0.0,0,0.9050486648525283,0.0,2,"[498.3999938964844, 529.4000244140625]"
chaotic_stop,1788870849.820526,36.941723454000005,0.903,0.903,0.0,0.3436158322122369,0.0,0.0,0,0.9050486648525283,0.0,2,"[498.6000061035156, 530.5999755859375]"
chaotic_stop,1788870849.870664,36.991861314000005,0.903,0.903,0.0,0.3436158322122369,0.0,0.0,0,0.9050486648525283,0.0,2,"[498.6000061035156, 530.5999755859375]"
chaotic_stop,1788870849.9205558,37.041753339,0.903,0.903,0.0,0.3436158322122369,0.0,0.0,0,0.9050486648525283,0.0,2,"[495.3999938964844, 534.5999755859375]"
chaotic_stop,1788870849.9704783,37.091675516,0.903,0.903,0.0,0.3436158322122369,0.0,0.0,0,0.9050486648525283,0.0,2,"[495.3999938964844, 534.5999755859375]"
chaotic_stop,1788870850.0205548,37.141752314,0.903,0.903,0.0,0.3436158322122369,0.0,0.0,0,0.9050486648525283,0.0,2,"[499.6000061035156, 532.0]"
chaotic_stop,1788870850.0705178,37.191715432,0.903,0.903,0.0,0.3436158322122369,0.0,0.0,0,0.9050486648525283,0.0,2,"[499.6000061035156, 532.0]"
chaotic_stop,1788870850.1204753,37.241672725,0.903,0.903,0.0,0.3436158322122369,0.0,0.0,0,0.9050486648525283,0.0,2,"[496.79998779296875, 528.7999877929688]"
chaotic_stop,1788870850.1705105,37.291707845000005,0.903,0.903,0.0,0.3436158322122369,0.0,0.0,0,0.9050486648525283,0.0,2,"[496.79998779296875, 528.7999877929688]"
chaotic_stop,1788870850.2205362,37.341733554,0.903,0.903,0.0,0.3436158322122369,0.0,0.0,0,0.9050486648525283,0.0,2,"[497.6000061035156, 534.0]"
chaotic_stop,1788870850.2706273,37.391824523000004,0.903,0.903,0.0,0.3436158322122369,0.0,0.0,0,0.9050486648525283,0.0,2,"[497.6000061035156, 534.0]"
chaotic_stop,1788870850.3205361,37.441733646,0.903,0.903,0.0,0.3436158322122369,0.0,0.0,0,0.9050486648525283,0.0,2,"[499.79998779296875, 530.5999755859375]"
chaotic_stop,1788870850.3704839,37.491681349000004,0.903,0.903,0.0,0.3436158322122369,0.0,0.0,0,0.9050486648525283,0.0,2,"[499.79998779296875, 530.5999755859375]"
chaotic_stop,1788870850.420614,37.54181151,0.903,0.903,0.0,0.3436158322122369,0.0,0.0,0,0.9050486648525283,0.0,2,"[498.20001220703125, 530.7999877929688]"
chaotic_stop,1788870850.4704838,37.591681257000005,0.903,0.903,0.0,0.3436158322122369,0.0,0.0,0,0.9050486648525283,0.0,2,"[498.20001220703125, 530.7999877929688]"
chaotic_stop,1788870850.5204866,37.641684036,0.903,0.903,0.0,0.3436158322122369,0.0,0.0,0,0.9050486648525283,0.0,2,"[497.6000061035156, 532.4000244140625]"
chaotic_stop,1788870850.5706148,37.691812363000004,0.903,0.903,0.0,0.3436158322122369,0.0,0.0,0,0.9050486648525283,0.0,2,"[497.6000061035156, 532.4000244140625]"
chaotic_stop,1788870850.6204996,37.741697031,0.903,0.903,0.0,0.3436158322122369,0.0,0.0,0,0.9050486648525283,0.0,2,"[498.3999938964844, 531.5999755859375]"
chaotic_stop,1788870850.670734,37.791931420000004,0.903,0.903,0.0,0.3436158322122369,0.0,0.0,0,0.9050486648525283,0.0,2,"[498.3999938964844, 531.5999755859375]"
chaotic_stop,1788870850.7206352,37.841832614000005,0.903,0.903,0.0,0.3436158322122369,0.0,0.0,0,0.9050486648525283,0.0,2,"[498.6000061035156, 531.5999755859375]"
chaotic_stop,1788870850.7704766,37.891674111,0.903,0.903,0.0,0.3436158322122369,0.0,0.0,0,0.9050486648525283,0.0,2,"[498.6000061035156, 531.5999755859375]"
chaotic_stop,1788870850.820511,37.941708644,0.903,0.903,0.0,0.3436158322122369,0.0,0.0,0,0.9050486648525283,0.0,2,"[496.79998779296875, 532.2000122070312]"
chaotic_stop,1788870850.870541,37.991738568,0.903,0.903,0.0,0.3436158322122369,0.0,0.0,0,0.9050486648525283,0.0,2,"[496.79998779296875, 532.2000122070312]"
chaotic_stop,1788870850.9206288,38.041826365000006,0.903,0.903,0.0,0.3436158322122369,0.0,0.0,0,0.9050486648525283,0.0,2,"[500.0, 531.7999877929688]"
chaotic_stop,1788870850.9706378,38.091835216,0.903,0.903,0.0,0.3436158322122369,0.0,0.0,0,0.9050486648525283,0.0,2,"[500.0, 531.7999877929688]"
chaotic_stop,1788870851.020567,38.141764342,0.903,0.903,0.0,0.3436158322122369,0.0,0.0,0,0.9050486648525283,0.0,2,"[499.6000061035156, 532.0]"
chaotic_stop,1788870851.0707862,38.191983703000005,0.903,0.903,0.0,0.3436158322122369,0.0,0.0,0,0.9050486648525283,0.0,2,"[499.6000061035156, 532.0]"
chaotic_stop,1788870851.1204872,38.241684765,0.903,0.903,0.0,0.3436158322122369,0.0,0.0,0,0.9050486648525283,0.0,2,"[497.79998779296875, 532.7999877929688]"
chaotic_stop,1788870851.1704895,38.291686838000004,0.903,0.903,0.0,0.3436158322122369,0.0,0.0,0,0.9050486648525283,0.0,2,"[497.79998779296875, 532.7999877929688]"
chaotic_stop,1788870851.2204673,38.341664774,0.903,0.903,0.0,0.3436158322122369,0.0,0.0,0,0.9050486648525283,0.0,2,"[500.3999938964844, 531.0]"
chaotic_stop,1788870851.2705643,38.391761664,0.903,0.903,0.0,0.3436158322122369,0.0,0.0,0,0.9050486648525283,0.0,2,"[500.3999938964844, 531.0]"
chaotic_stop,1788870851.320499,38.441696464,0.903,0.903,0.0,0.3436158322122369,0.0,0.0,0,0.9050486648525283,0.0,2,"[498.20001220703125, 531.0]"
chaotic_stop,1788870851.3706436,38.491841061,0.903,0.903,0.0,0.3436158322122369,0.0,0.0,0,0.9050486648525283,0.0,2,"[498.20001220703125, 531.0]"
chaotic_stop,1788870851.4204905,38.541688182,0.903,0.903,0.0,0.3436158322122369,0.0,0.0,0,0.9050486648525283,0.0,2,"[497.3999938964844, 533.2000122070312]"
chaotic_stop,1788870851.4706209,38.591818156,0.903,0.903,0.0,0.3436158322122369,0.0,0.0,0,0.9050486648525283,0.0,2,"[497.3999938964844, 533.2000122070312]"
chaotic_stop,1788870851.5205262,38.641723536,0.903,0.903,0.0,0.3436158322122369,0.0,0.0,0,0.9050486648525283,0.0,2,"[499.20001220703125, 532.7999877929688]"
chaotic_stop,1788870851.570479,38.691676293,0.903,0.903,0.0,0.3436158322122369,0.0,0.0,0,0.9050486648525283,0.0,2,"[499.20001220703125, 532.7999877929688]"
chaotic_stop,1788870851.620649,38.741846587000005,0.903,0.903,0.0,0.3436158322122369,0.0,0.0,0,0.9050486648525283,0.0,2,"[499.79998779296875, 529.5999755859375]"
chaotic_stop,1788870851.6706147,38.791812209,0.903,0.903,0.0,0.3436158322122369,0.0,0.0,0,0.9050486648525283,0.0,2,"[499.79998779296875, 529.5999755859375]"
chaotic_stop,1788870851.7205026,38.841700193,0.903,0.903,0.0,0.3436158322122369,0.0,0.0,0,0.9050486648525283,0.0,2,"[510.0, 530.5999755859375]"
chaotic_stop,1788870851.7706041,38.891801714,0.903,0.903,0.0,0.3436158322122369,0.0,0.0,0,0.9050486648525283,0.0,2,"[510.0, 530.5999755859375]"
chaotic_stop,1788870851.8205016,38.941699067,0.903,0.903,0.0,0.3436158322122369,0.0,0.0,0,0.9050486648525283,0.0,2,"[497.20001220703125, 531.0]"
chaotic_stop,1788870851.8706026,38.991800018,0.903,0.903,0.0,0.3436158322122369,0.0,0.0,0,0.9050486648525283,0.0,2,"[497.20001220703125, 531.0]"
chaotic_stop,1788870851.9205716,39.041768916,0.903,0.903,0.0,0.3436158322122369,0.0,0.0,0,0.9050486648525283,0.0,2,"[492.3999938964844, 525.2000122070312]"
chaotic_stop,1788870851.9704955,39.091692736000006,0.903,0.903,0.0,0.3436158322122369,0.0,0.0,0,0.9050486648525283,0.0,2,"[492.3999938964844, 525.2000122070312]"
chaotic_stop,1788870852.0204828,39.141680014,0.903,0.903,0.0,0.3436158322122369,0.0,0.0,0,0.9050486648525283,0.0,2,"[498.0, 531.0]"
chaotic_stop,1788870852.0705059,39.191703195,0.903,0.903,0.0,0.3436158322122369,0.0,0.0,0,0.9050486648525283,0.0,2,"[498.0, 531.0]"
chaotic_stop,1788870852.1204948,39.241692338,0.903,0.903,0.0,0.3436158322122369,0.0,0.0,0,0.9050486648525283,0.0,2,"[496.6000061035156, 530.5999755859375]"
chaotic_stop,1788870852.17056,39.291757278000006,0.903,0.903,0.0,0.3436158322122369,0.0,0.0,0,0.9050486648525283,0.0,2,"[496.6000061035156, 530.5999755859375]"
chaotic_stop,1788870852.220496,39.341693457000005,0.903,0.903,0.0,0.3436158322122369,0.0,0.0,0,0.9050486648525283,0.0,2,"[497.79998779296875, 529.7999877929688]"
chaotic_stop,1788870852.2706006,39.391798114000004,0.903,0.903,0.0,0.3436158322122369,0.0,0.0,0,0.9050486648525283,0.0,2,"[497.79998779296875, 529.7999877929688]"
chaotic_stop,1788870852.3204796,39.441676931,0.903,0.903,0.0,0.3436158322122369,0.0,0.0,0,0.9050486648525283,0.0,2,"[497.0, 532.5999755859375]"
chaotic_stop,1788870852.3704562,39.491653557,0.903,0.903,0.0,0.3436158322122369,0.0,0.0,0,0.9050486648525283,0.0,2,"[497.0, 532.5999755859375]"
chaotic_stop,1788870852.420468,39.541665562000006,0.903,0.903,0.0,0.3436158322122369,0.0,0.0,0,0.9050486648525283,0.0,2,"[498.3999938964844, 532.7999877929688]"
chaotic_stop,1788870852.470468,39.591665419,0.903,0.903,0.0,0.3436158322122369,0.0,0.0,0,0.9050486648525283,0.0,2,"[498.3999938964844, 532.7999877929688]"
chaotic_stop,1788870852.5206058,39.641803366000005,0.903,0.903,0.0,0.3436158322122369,0.0,0.0,0,0.9050486648525283,0.0,2,"[498.3999938964844, 529.5999755859375]"
chaotic_stop,1788870852.5706112,39.691808793,0.903,0.903,0.0,0.3436158322122369,0.0,0.0,0,0.9050486648525283,0.0,2,"[498.3999938964844, 529.5999755859375]"
chaotic_stop,1788870852.6204684,39.741665816,0.903,0.903,0.0,0.3436158322122369,0.0,0.0,0,0.9050486648525283,0.0,2,"[498.3999938964844, 532.4000244140625]"
chaotic_stop,1788870852.6706524,39.791849675,0.903,0.903,0.0,0.3436158322122369,0.0,0.0,0,0.9050486648525283,0.0,2,"[498.3999938964844, 532.4000244140625]"
chaotic_stop,1788870852.7206135,39.841810934,0.903,0.903,0.0,0.3436158322122369,0.0,0.0,0,0.9050486648525283,0.0,2,"[497.6000061035156, 527.7999877929688]"
chaotic_stop,1788870852.7704484,39.891645934,0.903,0.903,0.0,0.3436158322122369,0.0,0.0,0,0.9050486648525283,0.0,2,"[497.6000061035156, 527.7999877929688]"
chaotic_stop,1788870852.820473,39.941670498,0.903,0.903,0.0,0.3436158322122369,0.0,0.0,0,0.9050486648525283,0.0,2,"[503.3999938964844, 532.0]"
chaotic_stop,1788870852.8704758,39.991673339,0.903,0.903,0.0,0.3436158322122369,0.0,0.0,0,0.9050486648525283,0.0,2,"[503.3999938964844, 532.0]"
chaotic_stop,1788870852.9204683,40.041665753000004,0.903,0.903,0.0,0.3436158322122369,0.0,0.0,0,0.9050486648525283,0.0,2,"[491.79998779296875, 542.7999877929688]"
chaotic_stop,1788870852.9705849,40.091782473,0.903,0.903,0.0,0.3436158322122369,0.0,0.0,0,0.9050486648525283,0.0,2,"[491.79998779296875, 542.7999877929688]"
chaotic_stop,1788870853.0204773,40.141674782,0.903,0.903,0.0,0.3436158322122369,0.0,0.0,0,0.9050486648525283,0.0,2,"[501.79998779296875, 531.7999877929688]"
chaotic_stop,1788870853.0705557,40.191753097,0.903,0.903,0.0,0.3436158322122369,0.0,0.0,0,0.9050486648525283,0.0,2,"[501.79998779296875, 531.7999877929688]"
chaotic_stop,1788870853.1205175,40.241714865000006,0.903,0.903,0.0,0.3436158322122369,0.0,0.0,0,0.9050486648525283,0.0,2,"[499.3999938964844, 530.7999877929688]"
chaotic_stop,1788870853.1704605,40.291658053,0.903,0.903,0.0,0.3436158322122369,0.0,0.0,0,0.9050486648525283,0.0,2,"[499.3999938964844, 530.7999877929688]"
chaotic_stop,1788870853.2205238,40.341721388,0.903,0.903,0.0,0.3436158322122369,0.0,0.0,0,0.9050486648525283,0.0,2,"[503.20001220703125, 535.0]"
chaotic_stop,1788870853.2704945,40.391692143,0.903,0.903,0.0,0.3436158322122369,0.0,0.0,0,0.9050486648525283,0.0,2,"[503.20001220703125, 535.0]"
chaotic_stop,1788870853.6212325,40.742429929000004,0.903,0.903,0.0,0.3436158322122369,0.0,0.0,0,0.9050486648525283,0.0,2,"[503.20001220703125, 535.0]"
chaotic_stop,1788870853.6227665,40.743963900000004,0.903,0.903,0.0,0.3436158322122369,0.0,0.0,0,0.9050486648525283,0.0,2,"[503.20001220703125, 535.0]"
chaotic_stop,1788870853.6704345,40.791631771000006,0.903,0.903,0.0,0.3436158322122369,0.0,0.0,0,0.9050486648525283,0.0,2,"[498.9333190917969, 528.5333251953125]"
chaotic_stop,1788870853.7204466,40.841644011,0.903,0.903,0.0,0.3436158322122369,0.0,0.0,0,0.9050486648525283,0.0,2,"[489.79998779296875, 526.4000244140625]"
chaotic_stop,1788870853.7706368,40.891834444000004,0.903,0.903,0.0,0.3436158322122369,0.0,0.0,0,0.9050486648525283,0.0,2,"[489.79998779296875, 526.4000244140625]"
chaotic_stop,1788870853.8204608,40.941658423,0.903,0.903,0.0,0.3436158322122369,0.0,0.0,0,0.9050486648525283,0.0,2,"[496.79998779296875, 533.4000244140625]"
chaotic_stop,1788870853.8704362,40.991633777000004,0.903,0.903,0.0,0.3436158322122369,0.0,0.0,0,0.9050486648525283,0.0,2,"[496.79998779296875, 533.4000244140625]"
chaotic_stop,1788870853.9204462,41.041643514,0.903,0.903,0.0,0.3436158322122369,0.0,0.0,0,0.9050486648525283,0.0,2,"[496.79998779296875, 538.7999877929688]"
chaotic_stop,1788870853.970551,41.091748421000005,0.903,0.903,0.0,0.3436158322122369,0.0,0.0,0,0.9050486648525283,0.0,2,"[496.79998779296875, 538.7999877929688]"
chaotic_stop,1788870854.0204675,41.141664930000005,0.903,0.903,0.0,0.3436158322122369,0.0,0.0,0,0.9050486648525283,0.0,2,"[500.6000061035156, 529.5999755859375]"
chaotic_stop,1788870854.0705798,41.191777254,0.903,0.903,0.0,0.3436158322122369,0.0,0.0,0,0.9050486648525283,0.0,2,"[500.6000061035156, 529.5999755859375]"
chaotic_stop,1788870854.1204824,41.241679786000006,0.903,0.903,0.0,0.3436158322122369,0.0,0.0,0,0.9050486648525283,0.0,2,"[499.20001220703125, 529.7999877929688]"
chaotic_stop,1788870854.1706493,41.291846744000004,0.903,0.903,0.0,0.3436158322122369,0.0,0.0,0,0.9050486648525283,0.0,2,"[499.20001220703125, 529.7999877929688]"
chaotic_stop,1788870854.2204885,41.341686011,0.903,0.903,0.0,0.3436158322122369,0.0,0.0,0,0.9050486648525283,0.0,2,"[524.0, 530.0]"
chaotic_stop,1788870854.2705584,41.391755767,0.903,0.903,0.0,0.3436158322122369,0.0,0.0,0,0.9050486648525283,0.0,2,"[524.0, 530.0]"
chaotic_stop,1788870854.3205423,41.441739827,0.903,0.903,0.0,0.3436158322122369,0.0,0.0,0,0.9050486648525283,0.0,2,"[503.20001220703125, 537.5999755859375]"
chaotic_stop,1788870854.3705075,41.49170474,0.903,0.903,0.0,0.3436158322122369,0.0,0.0,0,0.9050486648525283,0.0,2,"[503.20001220703125, 537.5999755859375]"
chaotic_stop,1788870854.4205337,41.541731006,0.903,0.903,0.0,0.3436158322122369,0.0,0.0,0,0.9050486648525283,0.0,2,"[493.3999938964844, 537.7999877929688]"
chaotic_stop,1788870854.470638,41.591835504,0.903,0.903,0.0,0.3436158322122369,0.0,0.0,0,0.9050486648525283,0.0,2,"[493.3999938964844, 537.7999877929688]"
chaotic_stop,1788870854.5204809,41.641678227,0.903,0.903,0.0,0.3436158322122369,0.0,0.0,0,0.9050486648525283,0.0,2,"[502.79998779296875, 523.0]"
chaotic_stop,1788870854.5706046,41.691802147000004,0.903,0.903,0.0,0.3436158322122369,0.0,0.0,0,0.9050486648525283,0.0,2,"[502.79998779296875, 523.0]"
chaotic_stop,1788870854.6205525,41.741749911,0.903,0.903,0.0,0.3436158322122369,0.0,0.0,0,0.9050486648525283,0.0,2,"[508.6000061035156, 535.4000244140625]"
chaotic_stop,1788870854.6707647,41.791962221000006,0.903,0.903,0.0,0.3436158322122369,0.0,0.0,0,0.9050486648525283,0.0,2,"[508.6000061035156, 535.4000244140625]"
chaotic_stop,1788870854.7204711,41.841668670000004,0.903,0.903,0.0,0.3436158322122369,0.0,0.0,0,0.9050486648525283,0.0,2,"[500.79998779296875, 550.0]"
chaotic_stop,1788870854.770462,41.891659562,0.903,0.903,0.0,0.3436158322122369,0.0,0.0,0,0.9050486648525283,0.0,2,"[500.79998779296875, 550.0]"
chaotic_stop,1788870854.8205209,41.941718171000005,0.903,0.903,0.0,0.3436158322122369,0.0,0.0,0,0.9050486648525283,0.0,2,"[494.20001220703125, 537.5999755859375]"
chaotic_stop,1788870854.870486,41.991683455,0.903,0.903,0.0,0.3436158322122369,0.0,0.0,0,0.9050486648525283,0.0,2,"[494.20001220703125, 537.5999755859375]"
chaotic_stop,1788870854.9204555,42.041652879000004,0.903,0.903,0.0,0.3436158322122369,0.0,0.0,0,0.9050486648525283,0.0,2,"[497.79998779296875, 532.5999755859375]"
chaotic_stop,1788870854.9706545,42.091852074,0.903,0.903,0.0,0.3436158322122369,0.0,0.0,0,0.9050486648525283,0.0,2,"[497.79998779296875, 532.5999755859375]"
chaotic_stop,1788870855.0205274,42.141724965,0.903,0.903,0.0,0.3436158322122369,0.0,0.0,0,0.9050486648525283,0.0,2,"[497.20001220703125, 530.4000244140625]"
chaotic_stop,1788870855.0705578,42.191755189000006,0.903,0.903,0.0,0.3436158322122369,0.0,0.0,0,0.9050486648525283,0.0,2,"[497.20001220703125, 530.4000244140625]"
chaotic_stop,1788870855.1204615,42.241658943000004,0.903,0.903,0.0,0.3436158322122369,0.0,0.0,0,0.9050486648525283,0.0,2,"[495.6000061035156, 524.2000122070312]"
chaotic_stop,1788870855.170468,42.291665708000004,0.903,0.903,0.0,0.3436158322122369,0.0,0.0,0,0.9050486648525283,0.0,2,"[495.6000061035156, 524.2000122070312]"
chaotic_stop,1788870855.2204826,42.341680097,0.903,0.903,0.0,0.3436158322122369,0.0,0.0,0,0.9050486648525283,0.0,2,"[495.79998779296875, 529.0]"
chaotic_stop,1788870855.2705247,42.391722355000006,0.903,0.903,0.0,0.3436158322122369,0.0,0.0,0,0.9050486648525283,0.0,2,"[495.79998779296875, 529.0]"
chaotic_stop,1788870855.3205256,42.441723011,0.903,0.903,0.0,0.3436158322122369,0.0,0.0,0,0.9050486648525283,0.0,2,"[499.6000061035156, 538.7999877929688]"
chaotic_stop,1788870855.3707747,42.491972166000004,0.903,0.903,0.0,0.3436158322122369,0.0,0.0,0,0.9050486648525283,0.0,2,"[499.6000061035156, 538.7999877929688]"
chaotic_stop,1788870855.4204862,42.541683617000004,0.903,0.903,0.0,0.3436158322122369,0.0,0.0,0,0.9050486648525283,0.0,2,"[488.6000061035156, 527.0]"
chaotic_stop,1788870855.4706428,42.591840302,0.903,0.903,0.0,0.3436158322122369,0.0,0.0,0,0.9050486648525283,0.0,2,"[488.6000061035156, 527.0]"
chaotic_stop,1788870855.520504,42.641701395000005,0.903,0.903,0.0,0.3436158322122369,0.0,0.0,0,0.9050486648525283,0.0,2,"[497.6000061035156, 531.0]"
chaotic_stop,1788870855.5705087,42.691706205,0.903,0.903,0.0,0.3436158322122369,0.0,0.0,0,0.9050486648525283,0.0,2,"[497.6000061035156, 531.0]"
chaotic_stop,1788870855.6204798,42.741677431,0.903,0.903,0.0,0.3436158322122369,0.0,0.0,0,0.9050486648525283,0.0,2,"[498.6000061035156, 523.0]"
chaotic_stop,1788870855.6705434,42.791740937,0.903,0.903,0.0,0.3436158322122369,0.0,0.0,0,0.9050486648525283,0.0,2,"[498.6000061035156, 523.0]"
chaotic_stop,1788870855.7205296,42.841726873000006,0.903,0.903,0.0,0.3436158322122369,0.0,0.0,0,0.9050486648525283,0.0,2,"[496.3999938964844, 533.5999755859375]"
chaotic_stop,1788870855.770577,42.891774525,0.903,0.903,0.0,0.3436158322122369,0.0,0.0,0,0.9050486648525283,0.0,2,"[496.3999938964844, 533.5999755859375]"
chaotic_stop,1788870855.8204873,42.941684836,0.903,0.903,0.0,0.3436158322122369,0.0,0.0,0,0.9050486648525283,0.0,2,"[493.3999938964844, 530.5999755859375]"
chaotic_stop,1788870855.8706923,42.991889783000005,0.903,0.903,0.0,0.3436158322122369,0.0,0.0,0,0.9050486648525283,0.0,2,"[493.3999938964844, 530.5999755859375]"
chaotic_stop,1788870855.9205303,43.041727742000006,0.903,0.903,0.0,0.3436158322122369,0.0,0.0,0,0.9050486648525283,0.0,2,"[498.79998779296875, 531.5999755859375]"
chaotic_stop,1788870855.9704795,43.091676801000006,0.903,0.903,0.0,0.3436158322122369,0.0,0.0,0,0.9050486648525283,0.0,2,"[498.79998779296875, 531.5999755859375]"
chaotic_stop,1788870856.0205467,43.141744194000005,0.903,0.903,0.0,0.3436158322122369,0.0,0.0,0,0.9050486648525283,0.0,2,"[495.20001220703125, 530.0]"
chaotic_stop,1788870856.070471,43.191668527000004,0.903,0.903,0.0,0.3436158322122369,0.0,0.0,0,0.9050486648525283,0.0,2,"[495.20001220703125, 530.0]"
chaotic_stop,1788870856.1204975,43.241694969,0.903,0.903,0.0,0.3436158322122369,0.0,0.0,0,0.9050486648525283,0.0,2,"[502.6000061035156, 531.5999755859375]"
chaotic_stop,1788870856.1705468,43.291744378000004,0.903,0.903,0.0,0.3436158322122369,0.0,0.0,0,0.9050486648525283,0.0,2,"[502.6000061035156, 531.5999755859375]"
chaotic_stop,1788870856.220487,43.341684564000005,0.903,0.903,0.0,0.3436158322122369,0.0,0.0,0,0.9050486648525283,0.0,2,"[496.20001220703125, 529.4000244140625]"
chaotic_stop,1788870856.2705524,43.39174999,0.903,0.903,0.0,0.3436158322122369,0.0,0.0,0,0.9050486648525283,0.0,2,"[496.20001220703125, 529.4000244140625]"
chaotic_stop,1788870856.320607,43.441804408,0.903,0.903,0.0,0.3436158322122369,0.0,0.0,0,0.9050486648525283,0.0,2,"[501.0, 532.0]"
chaotic_stop,1788870856.3704891,43.491686559,0.903,0.903,0.0,0.3436158322122369,0.0,0.0,0,0.9050486648525283,0.0,2,"[501.0, 532.0]"
chaotic_stop,1788870856.4205348,43.541732465,0.903,0.903,0.0,0.3436158322122369,0.0,0.0,0,0.9050486648525283,0.0,2,"[494.79998779296875, 532.7999877929688]"
chaotic_stop,1788870856.470616,43.591813548000005,0.903,0.903,0.0,0.3436158322122369,0.0,0.0,0,0.9050486648525283,0.0,2,"[494.79998779296875, 532.7999877929688]"
chaotic_stop,1788870856.520497,43.641694378000004,0.903,0.903,0.0,0.3436158322122369,0.0,0.0,0,0.9050486648525283,0.0,2,"[496.6000061035156, 534.2000122070312]"
chaotic_stop,1788870856.5706024,43.691799804000006,0.903,0.903,0.0,0.3436158322122369,0.0,0.0,0,0.9050486648525283,0.0,2,"[496.6000061035156, 534.2000122070312]"
chaotic_stop,1788870856.6205416,43.741739071000005,0.903,0.903,0.0,0.3436158322122369,0.0,0.0,0,0.9050486648525283,0.0,2,"[504.6000061035156, 524.2000122070312]"
chaotic_stop,1788870856.6706147,43.791812146000005,0.903,0.903,0.0,0.3436158322122369,0.0,0.0,0,0.9050486648525283,0.0,2,"[504.6000061035156, 524.2000122070312]"
