t_ros_sec,t_rel_sec,tail_target_rad,tail_bias_rad,tail_bias_offset_rad,tail_amp_rad,tail_freq_hz,phase_rad,cycle_idx,present_position_rad,present_current_ma,sensor_len,sensor_values
1779197501.5213647,0.036303711,0.940427890046152,0.903,0.0,0.3,0.5,0.11295209027607915,0,0.9065826456404139,-2.69,2,"[494.3333435058594, 601.1666870117188]"
1779197501.5713785,0.086317658,0.9917462224032273,0.903,0.0,0.3,0.5,0.2702786709876969,0,0.8820389530342436,-2.69,2,"[506.0, 591.75]"
1779197501.6211562,0.136095283,1.0408903206332603,0.903,0.0,0.3,0.5,0.4269814350708693,0,0.8820389530342436,2.69,2,"[506.0, 591.75]"
1779197501.6709774,0.185916399,1.0869514657209474,0.903,0.0,0.3,0.5,0.5835783808886907,0,0.9065826456404139,5.38,2,"[514.7999877929688, 581.7999877929688]"
1779197501.7209873,0.23592623000000001,1.1290825896820391,0.903,0.0,0.3,0.5,0.7406772181240718,0,0.9480001269133262,56.49,2,"[514.7999877929688, 581.7999877929688]"
1779197501.771184,0.286123063,1.1663067819079704,0.903,0.0,0.3,0.5,0.8982054608097162,0,0.9940195505498954,78.01,2,"[505.3999938964844, 594.5999755859375]"
1779197501.8212564,0.33619533100000004,1.1976672550655432,0.903,0.0,0.3,0.5,1.0555421323169372,0,1.043106935762236,115.67,2,"[505.3999938964844, 594.5999755859375]"
1779197501.8712347,0.386173643,1.22251712741294,0.903,0.0,0.3,0.5,1.2125831799554554,0,1.0875923786109196,126.42999999999999,2,"[480.75, 629.75]"
1779197501.9212148,0.43615383100000005,1.2404281647894428,0.903,0.0,0.3,0.5,1.369626656045095,0,1.1274758790959463,123.74,2,"[480.75, 629.75]"
1779197501.9711149,0.486053936,1.251061691888785,0.903,0.0,0.3,0.5,1.526323683580082,0,1.162757437217316,123.74,2,"[452.1666564941406, 664.5]"
1779197502.0210617,0.536000885,1.254320107311566,0.903,0.0,0.3,0.5,1.6833272708677989,0,1.1903690913992575,161.4,2,"[452.1666564941406, 664.5]"
1779197502.0709672,0.585906272,1.250217456443264,0.903,0.0,0.3,0.5,1.8402151690060473,0,1.2118448224296565,172.16,2,"[443.25, 680.75]"
1779197502.1209483,0.635887431,1.2389605030887174,0.903,0.0,0.3,0.5,1.9972584031930525,0,1.2241166687327416,182.92,2,"[443.25, 680.75]"
1779197502.1711743,0.6861132120000001,1.220865181124919,0.903,0.0,0.3,0.5,2.1548668098984383,0,1.23178657267217,190.99,2,"[360.0, 680.1666870117188]"
1779197502.2212036,0.736142586,1.1966049629216335,0.903,0.0,0.3,0.5,2.3120007324405747,0,1.2333205534600555,134.5,2,"[360.0, 680.1666870117188]"
1779197502.2712042,0.7861432780000001,1.1668731670900976,0.903,0.0,0.3,0.5,2.469003301852272,0,1.23178657267217,40.35,2,"[425.20001220703125, 549.7999877929688]"
1779197502.3211792,0.836118388,1.1324847590919895,0.903,0.0,0.3,0.5,2.6260505321451326,0,1.217980745581199,-5.38,2,"[425.20001220703125, 549.7999877929688]"
1779197502.371558,0.886497049,1.0941705255764087,0.903,0.0,0.3,0.5,2.7840258894388286,0,1.1965050145508,-5.38,2,"[420.5, 689.0]"
1779197502.421261,0.9362003000000001,1.0536254704763428,0.903,0.0,0.3,0.5,2.9403470097048503,0,1.1719613219446299,-2.69,2,"[420.5, 689.0]"
1779197502.471361,0.9862998620000001,1.0112959039849165,0.903,0.0,0.3,0.5,3.097645514002923,0,1.141281706186917,-5.38,2,"[421.5, 679.1666870117188]"
1779197502.5213854,1.03632432,0.9685668966833366,0.903,0.0,0.3,0.5,3.2549949215267615,0,1.1060001480655473,-2.69,2,"[421.5, 679.1666870117188]"
1779197502.5711927,1.0861317430000001,0.9268356315516237,0.903,0.0,0.3,0.5,3.4114960644766117,0,1.069184609156292,-2.69,2,"[442.25, 655.75]"
1779197502.6212142,1.136153261,0.8868566209715802,0.903,0.0,0.3,0.5,3.5685571806090013,0,1.0277671278833795,-2.69,2,"[442.25, 655.75]"
1779197502.671316,1.1862549450000002,0.849784521246434,0.903,0.0,0.3,0.5,3.7259898529045308,0,0.9863496466104673,-2.69,2,"[474.0, 633.3333129882812]"
1779197502.7212572,1.2361963100000002,0.8168518609818978,0.903,0.0,0.3,0.5,3.882823159587238,0,0.9433981845496693,-2.69,2,"[474.0, 633.3333129882812]"
1779197502.771237,1.2861761550000002,0.7887951408365396,0.903,0.0,0.3,0.5,4.039797966744655,0,0.9050486648525283,-2.69,2,"[510.25, 607.25]"
1779197502.8212254,1.336164297,0.7664199127052127,0.903,0.0,0.3,0.5,4.1968787052647585,0,0.868233125943273,-10.76,2,"[510.25, 607.25]"
1779197502.8713772,1.386316276,0.7503639266113483,0.903,0.0,0.3,0.5,4.354322065258495,0,0.8314175870340175,-21.52,2,"[537.2000122070312, 572.2000122070312]"
1779197502.9209788,1.435917758,0.7412210422644063,0.903,0.0,0.3,0.5,4.510540094161589,0,0.8022719520641903,-45.73,2,"[537.2000122070312, 572.2000122070312]"
1779197502.9710941,1.486033281,0.7391652093731622,0.903,0.0,0.3,0.5,4.667919796063387,0,0.77772825945802,-53.8,2,"[562.2000122070312, 539.5999755859375]"
1779197503.0212188,1.536157741,0.7444350534645907,0.903,0.0,0.3,0.5,4.82536940154332,0,0.7593204900033924,-64.56,2,"[562.2000122070312, 539.5999755859375]"
1779197503.0711052,1.5860442030000002,0.7569135756802505,0.903,0.0,0.3,0.5,4.982064804874905,0,0.7485826244881929,-86.08,2,"[572.5, 529.75]"
1779197503.1211944,1.636133469,0.7764769573833815,0.903,0.0,0.3,0.5,5.139373456517249,0,0.7439806821245359,-80.7,2,"[572.5, 529.75]"
1779197503.1711156,1.6860546710000002,0.8026090137348691,0.903,0.0,0.3,0.5,5.296243450718965,0,0.7455146629124216,-80.7,2,"[575.8333129882812, 517.8333129882812]"
1779197503.221359,1.7362979740000002,0.8349510228412573,0.903,0.0,0.3,0.5,5.453819407913832,0,0.7516505860639642,-24.21,2,"[575.8333129882812, 517.8333129882812]"
1779197503.2711957,1.7861347070000002,0.872484992989127,0.903,0.0,0.3,0.5,5.610637559553578,0,0.765456413154935,0.0,2,"[572.5, 507.75]"
1779197503.3210309,1.8359697510000001,0.9144674335764573,0.903,0.0,0.3,0.5,5.767313833727496,0,0.786932144185334,2.69,2,"[572.5, 507.75]"
1779197503.3711433,1.8860822380000002,0.9601546017221838,0.903,0.0,0.3,0.5,5.924589746832797,0,0.8145437983672754,2.69,2,"[470.8333435058594, 518.8333129882812]"
1779197503.4210768,1.9360158790000002,1.0082447141224111,0.903,0.0,0.3,0.5,6.081566875627185,0,0.8482913757007595,2.69,2,"[470.8333435058594, 518.8333129882812]"
1779197503.4711337,1.986073001,1.057786371823147,0.903,0.0,0.3,0.5,6.238791514798786,0,0.8835729338221293,26.9,2,"[545.0, 450.3999938964844]"
1779197503.5211987,2.0361378400000003,1.1075438299466047,0.903,0.0,0.3,0.5,0.1128109542261182,1,0.9265243958829272,24.21,2,"[545.0, 450.3999938964844]"
1779197503.5712545,2.086193423,1.1563804637127975,0.903,0.0,0.3,0.5,0.2700815863141681,1,0.9710098387316108,24.21,2,"[532.25, 578.25]"
1779197503.6210775,2.136016674,1.2029484917041287,0.903,0.0,0.3,0.5,0.42671700721721795,1,1.0185632431560658,80.7,2,"[532.25, 578.25]"
1779197503.6711745,2.186113639,1.2465482813157263,0.903,0.0,0.3,0.5,0.5840406348317417,1,1.064582666792635,99.53,2,"[487.8333435058594, 616.3333129882812]"
1779197503.7209637,2.2359028970000003,1.2857801532711897,0.903,0.0,0.3,0.5,0.7406446209587001,1,1.1106020904292042,131.81,2,"[487.8333435058594, 616.3333129882812]"
1779197503.7711654,2.286104378,1.320121219254534,0.903,0.0,0.3,0.5,0.8981321266124054,1,1.158155494853659,145.26,2,"[455.25, 654.0]"
1779197503.8211992,2.3361382450000003,1.3484875076398883,0.903,0.0,0.3,0.5,1.0553006914967327,1,1.2026409377023426,172.16,2,"[455.25, 654.0]"
1779197503.8712711,2.386210127,1.3703207375141466,0.903,0.0,0.3,0.5,1.2126224969875166,1,1.2425244381873692,158.71,2,"[430.0, 686.5]"
1779197503.9212792,2.4362180340000004,1.3850797809145377,0.903,0.0,0.3,0.5,1.3697096066575218,1,1.2793399770966247,180.23,2,"[430.0, 686.5]"
1779197503.971051,2.485989885,1.3924679656850831,0.903,0.0,0.3,0.5,1.5262327596055032,1,1.3100195928543377,180.23,2,"[420.75, 703.5]"
1779197504.0212204,2.536159606,1.3923849146028884,0.903,0.0,0.3,0.5,1.683769069901082,1,1.3330293046726223,228.65,2,"[420.75, 703.5]"
1779197504.0710723,2.586011333,1.3848482860637166,0.903,0.0,0.3,0.5,1.8405989208318694,1,1.35143707412725,236.72,2,"[407.75, 723.0]"
1779197504.120954,2.635893042,1.3701126717377077,0.903,0.0,0.3,0.5,1.9972609447415106,1,1.3606409588545638,282.45,2,"[407.75, 723.0]"
1779197504.1711102,2.686049343,1.3484471346167635,0.903,0.0,0.3,0.5,2.154670510623072,1,1.3652429012182206,247.48,2,"[403.6666564941406, 724.8333129882812]"
1779197504.2213604,2.7362995100000003,1.3204082971073703,0.903,0.0,0.3,0.5,2.3123878489121292,1,1.3652429012182206,164.09,2,"[403.6666564941406, 724.8333129882812]"
1779197504.271331,2.786270179,1.2869107677272502,0.903,0.0,0.3,0.5,2.4694181648701434,1,1.3621749396424494,56.49,2,"[404.25, 722.0]"
1779197504.3213553,2.836294321,1.2486785479890898,0.903,0.0,0.3,0.5,2.6265005590095765,1,1.346835131763593,-5.38,2,"[404.25, 722.0]"
1779197504.3710365,2.885975561,1.2068822469100762,0.903,0.0,0.3,0.5,2.7828612413518847,1,1.3222914391574228,-5.38,2,"[400.3333435058594, 712.8333129882812]"
1779197504.4211094,2.9360483210000003,1.1621103444399143,0.903,0.0,0.3,0.5,2.940189707019094,1,1.2931458041875956,-5.38,2,"[400.3333435058594, 712.8333129882812]"
1779197504.4711077,2.986046644,1.1158317655838215,0.903,0.0,0.3,0.5,3.097175695104765,1,1.2578642460662257,-8.07,2,"[398.5, 702.75]"
1779197504.5209522,3.03589127,1.0691813584935632,0.903,0.0,0.3,0.5,3.2538864733907964,1,1.2210487071569704,-5.38,2,"[398.5, 702.75]"
1779197504.5711493,3.086088596,1.0230011284191858,0.903,0.0,0.3,0.5,3.4113878114769562,1,1.179631225884058,-2.69,2,"[345.5, 680.8333129882812]"
1779197504.6211648,3.1361039280000003,0.9787774338776204,0.903,0.0,0.3,0.5,3.568508275436164,1,1.1351457830353744,-2.69,2,"[345.5, 680.8333129882812]"
1779197504.6712203,3.1861593050000003,0.937484299114919,0.903,0.0,0.3,0.5,3.7256420220491115,1,1.0875923786109196,-2.69,2,"[435.3999938964844, 544.5999755859375]"
1779197504.7213404,3.2362795770000004,0.9000658845824785,0.903,0.0,0.3,0.5,3.883111865668919,1,1.0446409165501216,-2.69,2,"[435.3999938964844, 544.5999755859375]"
1779197504.7712748,3.2862139430000004,0.8676490730632468,0.903,0.0,0.3,0.5,4.03997791088867,1,0.9986214929135524,-2.69,2,"[456.0, 645.0]"
1779197504.8210769,3.3360158170000003,0.8408835187017494,0.903,0.0,0.3,0.5,4.196754803992096,1,0.9572040116406401,-2.69,2,"[456.0, 645.0]"
1779197504.8710651,3.386004153,0.8203718905955372,0.903,0.0,0.3,0.5,4.353739749069007,1,0.9188544919434991,-5.38,2,"[511.1666564941406, 621.5]"
1779197504.9209464,3.4358853710000004,0.8066561128614851,0.903,0.0,0.3,0.5,4.510535981816808,1,0.8835729338221293,-21.52,2,"[511.1666564941406, 621.5]"
1779197504.9710572,3.4859964640000003,0.8000169438415979,0.903,0.0,0.3,0.5,4.66785467084768,1,0.8544272988523022,-13.45,2,"[543.25, 583.25]"
1779197505.0211527,3.5360917890000003,0.8006547398849675,0.903,0.0,0.3,0.5,4.825154667402263,1,0.8283496254582462,-34.97,2,"[543.25, 583.25]"
1779197505.071124,3.586063257,0.8085117929715124,0.903,0.0,0.3,0.5,4.982215161499306,1,0.8145437983672754,-40.35,2,"[554.0, 560.8333129882812]"
1779197505.1213713,3.6363102350000003,0.8234281721880348,0.903,0.0,0.3,0.5,5.139828893204241,1,0.803805932852076,-45.73,2,"[554.0, 560.8333129882812]"
1779197505.1711476,3.6860867870000003,0.8448126967794822,0.903,0.0,0.3,0.5,5.296313005580316,1,0.803805932852076,-45.73,2,"[562.25, 545.0]"
1779197505.2212172,3.7361560820000004,0.872333682246682,0.903,0.0,0.3,0.5,5.4535254553724215,1,0.8053399136399616,-18.83,2,"[562.25, 545.0]"
1779197505.2710798,3.7860187450000002,0.9051040688541887,0.903,0.0,0.3,0.5,5.610342840463559,1,0.8176117599430467,0.0,2,"[557.75, 538.5]"
1779197505.3209286,3.835867683,0.9423427617794913,0.903,0.0,0.3,0.5,5.767156198032916,1,0.8314175870340175,2.69,2,"[557.75, 538.5]"
1779197505.371136,3.8860749830000003,0.9832883582120855,0.903,0.0,0.3,0.5,5.9246842113822975,1,0.8559612796401878,2.69,2,"[545.1666870117188, 544.6666870117188]"
1779197505.421157,3.9360960470000004,1.0266051856057945,0.903,0.0,0.3,0.5,6.081794210696376,1,0.8835729338221293,13.45,2,"[545.1666870117188, 544.6666870117188]"
1779197505.4710972,3.986036184,1.0712477194583183,0.903,0.0,0.3,0.5,6.238776774446055,1,0.9157865303677277,26.9,2,"[530.25, 564.25]"
1779197505.5213668,4.036305921,1.116306212871426,0.903,0.0,0.3,0.5,0.11328884073421186,2,0.9526020692769832,51.11,2,"[530.25, 564.25]"
1779197505.5712376,4.086176621,1.1601323424081749,0.903,0.0,0.3,0.5,0.26997785406634023,2,0.9924855697620099,51.11,2,"[512.8333129882812, 593.5]"
1779197505.621135,4.136074043000001,1.2019249912397307,0.903,0.0,0.3,0.5,0.4268154176070933,2,1.0354370318228079,80.7,2,"[512.8333129882812, 593.5]"
1779197505.6710808,4.186019818,1.2406297757423799,0.903,0.0,0.3,0.5,0.5839554285557931,2,1.0753205323078345,110.28999999999999,2,"[486.5, 625.5]"
1779197505.7211163,4.2360553990000005,1.275128437516382,0.903,0.0,0.3,0.5,0.7409903877877486,2,1.1167380135807468,137.19,2,"[486.5, 625.5]"
1779197505.771036,4.285975015,1.3045203187510634,0.903,0.0,0.3,0.5,0.8979298394614421,2,1.1596894756415448,142.57,2,"[459.20001220703125, 650.4000244140625]"
1779197505.8211222,4.336061325,1.328068782181412,0.903,0.0,0.3,0.5,1.0550886528421728,2,1.1980389953386859,166.78,2,"[459.20001220703125, 650.4000244140625]"
1779197505.8710315,4.385970386,1.3450622641758019,0.903,0.0,0.3,0.5,1.2120332598694112,2,1.2348545342479411,182.92,2,"[438.0, 677.5999755859375]"
1779197505.9213512,4.436290409000001,1.3550857723636394,0.903,0.0,0.3,0.5,1.3698801857138356,2,1.265534150005654,185.60999999999999,2,"[438.0, 677.5999755859375]"
1779197505.9710298,4.4859688360000005,1.3577099440287745,0.903,0.0,0.3,0.5,1.5262226279691973,2,1.2916118233997098,185.60999999999999,2,"[418.25, 690.0]"
1779197506.0210986,4.536037808000001,1.352875158836232,0.903,0.0,0.3,0.5,1.6835069134189204,2,1.3130875544301088,199.06,2,"[418.25, 690.0]"
1779197506.0711076,4.586046892000001,1.340596524398498,0.903,0.0,0.3,0.5,1.8406779256039254,2,1.3238254199453083,231.34,2,"[408.3333435058594, 702.6666870117188]"
1779197506.1211693,4.636108393000001,1.3211118928866579,0.903,0.0,0.3,0.5,1.9977412408511732,2,1.3284273623089653,223.26999999999998,2,"[408.3333435058594, 702.6666870117188]"
1779197506.1711543,4.686093325,1.2948165103314158,0.903,0.0,0.3,0.5,2.1547867401264824,2,1.3299613430968509,169.47,2,"[404.0, 705.0]"
1779197506.2213495,4.736288476,1.2621458001053723,0.903,0.0,0.3,0.5,2.312389934929657,2,1.3284273623089653,80.7,2,"[404.0, 705.0]"
1779197506.2711763,4.786115269000001,1.2241616664725075,0.903,0.0,0.3,0.5,2.468996157870585,2,1.3176894967937658,-8.07,2,"[333.1666564941406, 709.1666870117188]"
1779197506.3212135,4.836152747,1.181366271533925,0.903,0.0,0.3,0.5,2.626136599217478,2,1.2946797849754812,-5.38,2,"[333.1666564941406, 709.1666870117188]"
1779197506.371104,4.886043112,1.13490754989491,0.903,0.0,0.3,0.5,2.7830701289890207,2,1.265534150005654,-5.38,2,"[399.3999938964844, 559.2000122070312]"
1779197506.4211073,4.936046334,1.0857211661668509,0.903,0.0,0.3,0.5,2.940193511487804,2,1.2333205534600555,-5.38,2,"[399.3999938964844, 559.2000122070312]"
1779197506.4709177,4.985856736000001,1.0351697531488109,0.903,0.0,0.3,0.5,3.09672990624882,2,1.1949710337629145,-5.38,2,"[417.5, 684.25]"
1779197506.520934,5.035873125,0.9840247768913573,0.903,0.0,0.3,0.5,3.253852380827327,2,1.1520195717021164,-2.69,2,"[417.5, 684.25]"
1779197506.5710967,5.0860358340000005,0.9335227547543822,0.903,0.0,0.3,0.5,3.4113312816587538,2,1.1044661672776617,-2.69,2,"[432.1666564941406, 664.1666870117188]"
1779197506.621371,5.136310102,0.884838927427581,0.903,0.0,0.3,0.5,3.569110581579718,2,1.055378782065321,-2.69,2,"[432.1666564941406, 664.1666870117188]"
1779197506.6714776,5.186416758,0.8393570106699257,0.903,0.0,0.3,0.5,3.726243146953827,2,1.004757416065095,-2.69,2,"[468.25, 639.0]"
1779197506.7213898,5.236328858,0.7979349730544624,0.903,0.0,0.3,0.5,3.88319661327235,2,0.9572040116406401,-13.45,2,"[468.25, 639.0]"
1779197506.7711933,5.286132183,0.7614913314326293,0.903,0.0,0.3,0.5,4.03987950678199,2,0.9096506072161852,-13.45,2,"[506.5, 603.0]"
1779197506.8212042,5.336143036,0.7306593661040583,0.903,0.0,0.3,0.5,4.197011082554415,2,0.8651651643675016,-18.83,2,"[506.5, 603.0]"
1779197506.8714156,5.386354683,0.7061300927040071,0.903,0.0,0.3,0.5,4.354686612528436,2,0.8191457407309324,-43.04,2,"[544.0, 575.75]"
1779197506.9209774,5.435916381,0.6886814853049443,0.903,0.0,0.3,0.5,4.510543355134775,2,0.782330201821677,-69.94,2,"[544.0, 575.75]"
1779197506.9711587,5.486097644,0.6782357723112591,0.903,0.0,0.3,0.5,4.668080931492192,2,0.7501166052760785,-91.46,2,"[574.25, 538.75]"
1779197507.0213182,5.5362574140000005,0.6751651416635003,0.903,0.0,0.3,0.5,4.825604458647263,2,0.722504951094137,-102.22,2,"[574.25, 538.75]"
1779197507.0714624,5.586401578,0.6794218628609332,0.903,0.0,0.3,0.5,4.982944111525914,2,0.7025632008516236,-115.67,2,"[594.6666870117188, 511.1666564941406]"
1779197507.1213553,5.636294346000001,0.690735121458004,0.903,0.0,0.3,0.5,5.139817881921999,2,0.6902913545485385,-129.12,2,"[594.6666870117188, 511.1666564941406]"
1779197507.1712768,5.686216105000001,0.7087095227234488,0.903,0.0,0.3,0.5,5.296651295418858,2,0.684155431396996,-129.12,2,"[607.25, 483.75]"
1779197507.221037,5.735976051000001,0.7327655630788176,0.903,0.0,0.3,0.5,5.453336036184975,2,0.684155431396996,-134.5,2,"[607.25, 483.75]"
1779197507.271075,5.7860138800000005,0.7623055095880807,0.903,0.0,0.3,0.5,5.610477847266264,2,0.6872233929727672,-64.56,2,"[608.6666870117188, 477.3333435058594]"
1779197507.320962,5.8359008900000005,0.7963206588845849,0.903,0.0,0.3,0.5,5.7671751481198115,2,0.701029220063738,2.69,2,"[608.6666870117188, 477.3333435058594]"
1779197507.3711858,5.886124855,0.8341633017107587,0.903,0.0,0.3,0.5,5.924779822613125,2,0.722504951094137,2.69,2,"[594.5, 479.25]"
1779197507.4211822,5.936121099,0.8744507021381465,0.903,0.0,0.3,0.5,6.081848444010365,2,0.7470486437003072,2.69,2,"[594.5, 479.25]"
1779197507.4713244,5.986263653,0.9162933388576899,0.903,0.0,0.3,0.5,6.239282954137597,2,0.77772825945802,2.69,2,"[485.3333435058594, 497.0]"
1779197507.52119,6.036129185,0.9582592662580821,0.903,0.0,0.3,0.5,0.11283515705593317,3,0.8130098175793898,2.69,2,"[485.3333435058594, 497.0]"
1779197507.5711484,6.086087484,0.99947285856733,0.903,0.0,0.3,0.5,0.26991981314207436,3,0.8498253564886452,2.69,2,"[560.5999755859375, 432.3999938964844]"
1779197507.621212,6.136151000000001,1.0387328920537415,0.903,0.0,0.3,0.5,0.42711540514800106,3,0.8866408953979006,2.69,2,"[560.5999755859375, 432.3999938964844]"
1779197507.6711085,6.186047413000001,1.0748645620338153,0.903,0.0,0.3,0.5,0.5840518471759317,3,0.9280583766708129,29.59,2,"[538.25, 564.0]"
1779197507.7209542,6.235893264,1.1068534433392478,0.903,0.0,0.3,0.5,0.7406034472453911,3,0.9679418771558396,67.25,2,"[538.25, 564.0]"
1779197507.7710538,6.285992627000001,1.134012724695459,0.903,0.0,0.3,0.5,0.8979428990621123,3,1.004757416065095,78.01,2,"[506.5, 606.0]"
1779197507.821348,6.336287145,1.1554289008876653,0.903,0.0,0.3,0.5,1.0557196982753219,3,1.0415729549743504,107.6,2,"[506.5, 606.0]"
1779197507.8712282,6.386167406,1.170289434265086,0.903,0.0,0.3,0.5,1.2124641198770796,3,1.0737865515199487,121.05,2,"[480.0, 632.25]"
1779197507.921225,6.4361641,1.1782786615911958,0.903,0.0,0.3,0.5,1.3695092295949003,3,1.102932186489776,129.12,2,"[480.0, 632.25]"
1779197507.9711454,6.486084276000001,1.1790460008191446,0.903,0.0,0.3,0.5,1.5264999394943288,3,1.1259418983080607,129.12,2,"[457.5, 650.1666870117188]"
1779197508.0212004,6.536139605000001,1.172441045812108,0.903,0.0,0.3,0.5,1.6837321970281138,3,1.145883648550574,131.81,2,"[457.5, 650.1666870117188]"
1779197508.07101,6.585949212,1.1585682228643657,0.903,0.0,0.3,0.5,1.840353106914698,3,1.158155494853659,153.32999999999998,2,"[445.5, 662.0]"
1779197508.1209714,6.635910353000001,1.1375927662592715,0.903,0.0,0.3,0.5,1.9972630244758562,3,1.1612234564294304,139.88,2,"[445.5, 662.0]"
1779197508.1712031,6.686142174,1.1097947089392919,0.903,0.0,0.3,0.5,2.1548648872437433,3,1.1612234564294304,59.18,2,"[449.5, 665.0]"
1779197508.2209885,6.735927573000001,1.0760501136407667,0.903,0.0,0.3,0.5,2.311485561510878,3,1.1566215140657734,-5.38,2,"[449.5, 665.0]"
1779197508.2711592,6.786098343000001,1.0366906337129855,0.903,0.0,0.3,0.5,2.468955307741311,3,1.1382137446111458,-2.69,2,"[438.5, 659.1666870117188]"
1779197508.3211071,6.836046007,0.992911032549605,0.903,0.0,0.3,0.5,2.6258373091101497,3,1.1121360712170898,-2.69,2,"[438.5, 659.1666870117188]"
1779197508.371212,6.886150887,0.9453581059273947,0.903,0.0,0.3,0.5,2.7832841468469525,3,1.081456455459377,-2.69,2,"[454.75, 651.75]"
1779197508.4212077,6.936146842,0.895362199082416,0.903,0.0,0.3,0.5,2.940361351075321,3,1.0507768397016641,-2.69,2,"[454.75, 651.75]"
1779197508.4711628,6.986101717,0.8439184169467943,0.903,0.0,0.3,0.5,3.0974814474681907,3,1.0108933392166375,-2.69,2,"[462.6666564941406, 639.0]"
1779197508.521165,7.036103979000001,0.7922586061069636,0.903,0.0,0.3,0.5,3.254405631001589,3,0.9679418771558396,-10.76,2,"[462.6666564941406, 639.0]"
1779197508.5711212,7.086060283,0.7414931963412981,0.903,0.0,0.3,0.5,3.4112797438312725,3,0.9219224535192704,-8.07,2,"[481.75, 633.25]"
1779197508.6212075,7.136146460000001,0.6926150948550679,0.903,0.0,0.3,0.5,3.568574635297793,3,0.8728350683069298,-51.11,2,"[481.75, 633.25]"
1779197508.67134,7.186279047,0.6468022715825398,0.903,0.0,0.3,0.5,3.726073303030198,3,0.8191457407309324,-37.66,2,"[460.1666564941406, 582.0]"
1779197508.7211292,7.2360682160000005,0.605368167425935,0.903,0.0,0.3,0.5,3.882675668095345,3,0.7700583555185919,-37.66,2,"[460.1666564941406, 582.0]"
1779197508.771003,7.285942129,0.5689128692579121,0.903,0.0,0.3,0.5,4.039452972747409,3,0.7209709703062513,-86.08,2,"[583.2000122070312, 439.20001220703125]"
1779197508.821036,7.335975240000001,0.5382161245857169,0.903,0.0,0.3,0.5,4.1965636789198335,3,0.6780195082454534,-112.98,2,"[583.2000122070312, 439.20001220703125]"
1779197508.871285,7.386223855000001,0.5139043883128389,0.903,0.0,0.3,0.5,4.354499125420457,3,0.6366020269725411,-156.02,2,"[607.5, 486.25]"
1779197508.9210162,7.435955227000001,0.4968162287948463,0.903,0.0,0.3,0.5,4.51057948659188,3,0.5997864880632857,-166.78,2,"[607.5, 486.25]"
1779197508.971247,7.486185924000001,0.486880714496295,0.903,0.0,0.3,0.5,4.66825104559279,3,0.5675728915176872,-196.37,2,"[664.8333129882812, 452.0]"
1779197509.02137,7.536309168000001,0.48445316917247666,0.903,0.0,0.3,0.5,4.825741582883406,3,0.5399612373357456,-201.75,2,"[664.8333129882812, 452.0]"
1779197509.0713563,7.586295365000001,0.48945187518627636,0.903,0.0,0.3,0.5,4.982720697164353,3,0.5184855063053467,-190.99,2,"[648.75, 413.0]"
1779197509.1212711,7.636210131,0.5016204323728848,0.903,0.0,0.3,0.5,5.139516593761741,3,0.5062136600022615,-190.99,2,"[648.75, 413.0]"
1779197509.1711323,7.686071267000001,0.5205705480668138,0.903,0.0,0.3,0.5,5.296324287039543,3,0.5016117176386047,-215.2,2,"[569.3333129882812, 409.6666564941406]"
1779197509.2210703,7.7360093580000004,0.545775798643775,0.903,0.0,0.3,0.5,5.4533011048162585,3,0.500077736850719,-215.2,2,"[569.3333129882812, 409.6666564941406]"
1779197509.271186,7.786125027000001,0.5766318457463762,0.903,0.0,0.3,0.5,5.610852670685762,3,0.5016117176386047,-61.87,2,"[650.5999755859375, 319.79998779296875]"
1779197509.321163,7.836102017000001,0.6120224780589734,0.903,0.0,0.3,0.5,5.767640050425467,3,0.5138835639416898,-69.94,2,"[650.5999755859375, 319.79998779296875]"
1779197509.3712056,7.886144643000001,0.6512387052487904,0.903,0.0,0.3,0.5,5.924841159068091,3,0.5368932757599744,-67.25,2,"[646.25, 404.75]"
1779197509.4211912,7.9361304200000005,0.6930945822497675,0.903,0.0,0.3,0.5,6.081866838035349,3,0.5629709491540303,-51.11,2,"[646.25, 404.75]"
1779197509.4713192,7.986258151,0.7366166562477702,0.903,0.0,0.3,0.5,6.239234535911617,3,0.5936505649117432,-45.73,2,"[638.3333129882812, 431.5]"
1779197509.5211008,8.036039705,0.7803680038891971,0.903,0.0,0.3,0.5,0.11272087848156076,4,0.6304661038209985,-45.73,2,"[638.3333129882812, 431.5]"
1779197509.571119,8.08605795,0.8235047609000854,0.903,0.0,0.3,0.5,0.2698140828413145,4,0.6734175658817965,-43.04,2,"[628.25, 443.0]"
1779197509.6212075,8.136146427,0.8648256388596971,0.903,0.0,0.3,0.5,0.4271146197498332,4,0.7102331047910518,-34.97,2,"[628.25, 443.0]"
1779197509.671004,8.185943127,0.9030239460218842,0.903,0.0,0.3,0.5,0.583739899591798,4,0.7516505860639642,2.69,2,"[596.1666870117188, 488.1666564941406]"
1779197509.721127,8.236066157,0.9374145608685671,0.903,0.0,0.3,0.5,0.7410333710584389,4,0.7930680673368765,2.69,2,"[596.1666870117188, 488.1666564941406]"
1779197509.771188,8.28612724,0.9668944724041171,0.903,0.0,0.3,0.5,0.8982268958963999,4,0.8360195293976744,2.69,2,"[593.0, 533.25]"
1779197509.821316,8.336255105000001,0.9907262024004602,0.903,0.0,0.3,0.5,1.0556512995200649,4,0.8728350683069298,13.45,2,"[593.0, 533.25]"
1779197509.8711894,8.386128386000001,1.0081565794385643,0.903,0.0,0.3,0.5,1.2124658351866664,4,0.9111845880040709,8.07,2,"[535.0, 576.0]"
1779197509.9211094,8.436048328,1.0188077549849721,0.903,0.0,0.3,0.5,1.3693828213312926,4,0.9418642037617837,8.07,2,"[535.0, 576.0]"
1779197509.971084,8.486023289,1.0223484259126696,0.903,0.0,0.3,0.5,1.5264283897216409,4,0.9694758579437253,43.04,2,"[510.3333435058594, 593.6666870117188]"
1779197510.0210023,8.535941492000001,1.0186357371474388,0.903,0.0,0.3,0.5,1.6832751455624972,4,0.9894176081862386,56.49,2,"[510.3333435058594, 593.6666870117188]"
1779197510.071096,8.58603489,1.0076716737615334,0.903,0.0,0.3,0.5,1.840638592863904,4,1.0032234352772094,75.32,2,"[527.25, 648.25]"
1779197510.121158,8.636096974,0.9897148137239579,0.903,0.0,0.3,0.5,1.9977397077539578,4,1.009359358428752,80.7,2,"[527.25, 648.25]"
1779197510.171031,8.685969965,0.9652007229757982,0.903,0.0,0.3,0.5,2.1545527448808635,4,1.009359358428752,8.07,2,"[485.3333435058594, 622.5]"
1779197510.221366,8.73630486,0.9344306530515716,0.903,0.0,0.3,0.5,2.3124547836852116,4,1.0032234352772094,0.0,2,"[485.3333435058594, 622.5]"
1779197510.2713523,8.786291333000001,0.8984902918165552,0.903,0.0,0.3,0.5,2.4694867426961835,4,0.9894176081862386,0.0,2,"[477.0, 615.5]"
1779197510.3210366,8.835975803,0.8582725609647284,0.903,0.0,0.3,0.5,2.625782419203304,4,0.9694758579437253,0.0,2,"[477.0, 615.5]"
1779197510.3710406,8.885979775000001,0.8143061764881981,0.903,0.0,0.3,0.5,2.782985042093589,4,0.9433981845496693,0.0,2,"[430.1666564941406, 603.1666870117188]"
1779197510.4212034,8.936142328,0.7678051231557937,0.903,0.0,0.3,0.5,2.9403894054977187,4,0.9127185687919565,-5.38,2,"[430.1666564941406, 603.1666870117188]"
1779197510.4708977,8.985836855,0.7202837378033016,0.903,0.0,0.3,0.5,3.096688022535563,4,0.8789709914584724,-24.21,2,"[540.2000122070312, 489.79998779296875]"
1779197510.5211298,9.036068908,0.6721574007248577,0.903,0.0,0.3,0.5,3.2543021375148022,4,0.8406214717613314,-37.66,2,"[540.2000122070312, 489.79998779296875]"
1779197510.5712066,9.086145492,0.625108066313002,0.903,0.0,0.3,0.5,3.4115241346069816,4,0.7946020481247621,-72.63,2,"[548.5, 595.75]"
1779197510.6211996,9.136138911,0.5802092898472367,0.903,0.0,0.3,0.5,3.5685586320248177,4,0.7501166052760785,-94.14999999999999,2,"[548.5, 595.75]"
1779197510.6711848,9.186123812,0.5384835132812233,0.903,0.0,0.3,0.5,3.725631120722614,4,0.7040971816395093,-129.12,2,"[592.3333129882812, 519.6666870117188]"
1779197510.7211325,9.23607136,0.5009652406597516,0.903,0.0,0.3,0.5,3.882663528981336,4,0.6596117387908257,-129.12,2,"[592.3333129882812, 519.6666870117188]"
1779197510.771106,9.286045036,0.4685513454604261,0.903,0.0,0.3,0.5,4.039724453476573,4,0.6135923151542565,-147.95,2,"[593.5, 474.5]"
1779197510.8209927,9.33593158,0.44207950045009675,0.903,0.0,0.3,0.5,4.196520123879289,4,0.5737088146692298,-169.47,2,"[593.5, 474.5]"
1779197510.8709865,9.385925344,0.4221124926131065,0.903,0.0,0.3,0.5,4.35353940342231,4,0.5353592949720888,-185.60999999999999,2,"[623.1666870117188, 436.6666564941406]"
1779197510.9211388,9.436077820000001,0.4091613167524281,0.903,0.0,0.3,0.5,4.510923195677744,4,0.5016117176386047,-223.26999999999998,2,"[623.1666870117188, 436.6666564941406]"
1779197510.97102,9.48595893,0.4036083550277846,0.903,0.0,0.3,0.5,4.667796928374717,4,0.4740000634566631,-231.34,2,"[657.0, 413.5]"
1779197511.0211797,9.53611878,0.40556185434891673,0.903,0.0,0.3,0.5,4.825230307528592,4,0.45099035163837853,-244.79,2,"[657.0, 413.5]"
1779197511.0712395,9.586178553,0.4149952361238693,0.903,0.0,0.3,0.5,4.982428334268825,4,0.4341165629716365,-252.85999999999999,2,"[664.25, 421.25]"
1779197511.1212676,9.636206761,0.43167492279386754,0.903,0.0,0.3,0.5,5.139552367077286,4,0.4279806398200939,-252.85999999999999,2,"[664.25, 421.25]"
1779197511.17124,9.686179151000001,0.45519312363132297,0.903,0.0,0.3,0.5,5.296595302812989,4,0.4279806398200939,-279.76,2,"[699.8333129882812, 389.5]"
1779197511.2212062,9.736145274,0.4849952835737931,0.903,0.0,0.3,0.5,5.453639404079567,4,0.4279806398200939,-231.34,2,"[699.8333129882812, 389.5]"
1779197511.2709582,9.78589715,0.5202419943158538,0.903,0.0,0.3,0.5,5.610161036496706,4,0.4295146206079795,-137.19,2,"[672.0, 388.0]"
1779197511.3209512,9.835890254,0.5603107191036489,0.903,0.0,0.3,0.5,5.767156600156785,4,0.4479223900626072,-69.94,2,"[672.0, 388.0]"
1779197511.3710644,9.886003388,0.6042415204920051,0.903,0.0,0.3,0.5,5.924491886221645,4,0.4724660826687775,-75.32,2,"[662.0, 382.0]"
1779197511.4212086,9.936147834,0.6509208187753417,0.903,0.0,0.3,0.5,6.081907320598283,4,0.504679679214376,-67.25,2,"[662.0, 382.0]"
1779197511.4713376,9.98627663,0.6992042078045309,0.903,0.0,0.3,0.5,6.239319867851275,4,0.5445631796994026,-67.25,2,"[648.0, 418.75]"
1779197511.5210874,10.036026526,0.7476297416216036,0.903,0.0,0.3,0.5,0.11256150548624788,5,0.5829126993965437,-67.25,2,"[648.0, 418.75]"
1779197511.5711114,10.086050705,0.7955558779575116,0.903,0.0,0.3,0.5,0.2696710744021331,5,0.6273981422452273,-43.04,2,"[504.79998779296875, 411.6000061035156]"
1779197511.6211846,10.13612361,0.8417000676637391,0.903,0.0,0.3,0.5,0.4270206735631241,5,0.6718835850939109,5.38,2,"[504.79998779296875, 411.6000061035156]"
1779197511.6710398,10.185978879,0.8847157440749023,0.903,0.0,0.3,0.5,0.5837001867190672,5,0.7179030087304801,2.69,2,"[595.3333129882812, 396.5]"
1779197511.721033,10.235972054000001,0.9238994562416568,0.903,0.0,0.3,0.5,0.7408185709439365,5,0.7623884515791637,2.69,2,"[595.3333129882812, 396.5]"
1779197511.7711146,10.286053572,0.9582338683992386,0.903,0.0,0.3,0.5,0.8980555125923715,5,0.8099418560036186,2.69,2,"[566.25, 537.75]"
1779197511.8211632,10.336102091,0.9868850209044618,0.903,0.0,0.3,0.5,1.0552448151298037,5,0.8559612796401878,2.69,2,"[566.25, 537.75]"
1779197511.871216,10.386155181000001,1.0092174613047606,0.903,0.0,0.3,0.5,1.2124759919557206,5,0.8943107993373288,21.52,2,"[545.5, 578.1666870117188]"
1779197511.9212677,10.436206973,1.0247241857438885,0.903,0.0,0.3,0.5,1.3696397470616972,5,0.9326603190344698,21.52,2,"[545.5, 578.1666870117188]"
1779197511.9709954,10.485934325,1.0330744014317834,0.903,0.0,0.3,0.5,1.5261546941696693,5,0.9633399347921826,56.49,2,"[524.75, 600.75]"
1779197512.0212514,10.536190599000001,1.0341863886704632,0.903,0.0,0.3,0.5,1.6837813064044838,5,0.9863496466104673,56.49,2,"[524.75, 600.75]"
1779197512.0708945,10.585833446,1.0280993982829503,0.903,0.0,0.3,0.5,1.8400162150849084,5,1.004757416065095,75.32,2,"[492.6666564941406, 644.0]"
1779197512.1209583,10.635897438,1.014964253361208,0.903,0.0,0.3,0.5,1.9972606148742997,5,1.0154952815802945,96.84,2,"[492.6666564941406, 644.0]"
1779197512.1711578,10.686097042,0.9951440840457475,0.903,0.0,0.3,0.5,2.1548313476005845,5,1.0185632431560658,83.39,2,"[487.5, 631.5]"
1779197512.2211823,10.736121452,0.969307600648964,0.903,0.0,0.3,0.5,2.3119400588616728,5,1.0185632431560658,8.07,2,"[487.5, 631.5]"
1779197512.2713473,10.786286448,0.9380319555463703,0.903,0.0,0.3,0.5,2.4694495902214726,5,1.012427320004523,-2.69,2,"[478.5, 633.5]"
1779197512.321273,10.83621229,0.9023948745282206,0.903,0.0,0.3,0.5,2.6262624388528195,5,0.9970875121256667,-2.69,2,"[478.5, 633.5]"
1779197512.3711243,10.886063444000001,0.8632108975742296,0.903,0.0,0.3,0.5,2.7831224019491927,5,0.9740778003073821,0.0,2,"[482.0, 613.6666870117188]"
1779197512.4212012,10.936140226000001,0.8214251198668013,0.903,0.0,0.3,0.5,2.9403830469141994,5,0.9495341077012119,-2.69,2,"[482.0, 613.6666870117188]"
1779197512.4711938,10.986132835000001,0.7782531079892486,0.903,0.0,0.3,0.5,3.0976296301104895,5,0.9188544919434991,-8.07,2,"[476.25, 636.75]"
1779197512.5209596,11.035898691,0.7351118050380913,0.903,0.0,0.3,0.5,3.253896743257201,5,0.8820389530342436,-18.83,2,"[476.25, 636.75]"
1779197512.5712633,11.086202508000001,0.6924937607604288,0.903,0.0,0.3,0.5,3.4115981285387633,5,0.8452234141249882,-45.73,2,"[518.6666870117188, 594.6666870117188]"
1779197512.6211898,11.136128936,0.6521207350768836,0.903,0.0,0.3,0.5,3.5685906825530793,5,0.7992039904884191,-64.56,2,"[518.6666870117188, 594.6666870117188]"
1779197512.6713564,11.186295656,0.6147585495387541,0.903,0.0,0.3,0.5,3.7261385507680274,5,0.7593204900033924,-83.39,2,"[549.75, 545.25]"
1779197512.7211757,11.236114692000001,0.5817502395561014,0.903,0.0,0.3,0.5,3.88278936233349,5,0.7194369895183657,-83.39,2,"[549.75, 545.25]"
1779197512.77112,11.286059153,0.5537264837337139,0.903,0.0,0.3,0.5,4.039753481792701,5,0.6780195082454534,-123.74,2,"[467.79998779296875, 514.5999755859375]"
1779197512.8211513,11.336090310000001,0.531532371644684,0.903,0.0,0.3,0.5,4.196817774075264,5,0.641203969336198,-134.5,2,"[467.79998779296875, 514.5999755859375]"
1779197512.8712463,11.386185489,0.5158000346507238,0.903,0.0,0.3,0.5,4.354311050834674,5,0.607456392002714,-156.02,2,"[612.8333129882812, 486.1666564941406]"
1779197512.921167,11.436105909,0.5071153588571667,0.903,0.0,0.3,0.5,4.511020958899543,5,0.5798447378207724,-172.16,2,"[612.8333129882812, 486.1666564941406]"
1779197512.9712117,11.486150681000002,0.5057055693854096,0.903,0.0,0.3,0.5,4.668211756835078,5,0.5568350260024878,-201.75,2,"[619.75, 427.75]"
1779197513.0212085,11.53614757,0.5117399693630713,0.903,0.0,0.3,0.5,4.825277783276782,5,0.5384272565478601,-196.37,2,"[619.75, 427.75]"
1779197513.0713787,11.586317807,0.5252245378463081,0.903,0.0,0.3,0.5,4.982827668394215,5,0.5246214294568893,-201.75,2,"[635.5, 423.0]"
1779197513.1211023,11.636041437000001,0.5457554743271638,0.903,0.0,0.3,0.5,5.139262206438218,5,0.521553467881118,-201.75,2,"[635.5, 423.0]"
1779197513.171191,11.686129994,0.5731662464389868,0.903,0.0,0.3,0.5,5.296508230431016,5,0.521553467881118,-185.60999999999999,2,"[642.75, 419.0]"
1779197513.2210782,11.736017245000001,0.6067209176115272,0.903,0.0,0.3,0.5,5.453402339497941,5,0.5246214294568893,-96.84,2,"[642.75, 419.0]"
1779197513.2711387,11.786077859,0.6458650392317369,0.903,0.0,0.3,0.5,5.610693464194874,5,0.5384272565478601,-61.87,2,"[531.8333129882812, 404.5]"
1779197513.320944,11.835883054,0.6894297499075085,0.903,0.0,0.3,0.5,5.767167667987721,5,0.5629709491540303,-56.49,2,"[531.8333129882812, 404.5]"
1779197513.3711438,11.8860829,0.736982889937716,0.903,0.0,0.3,0.5,5.924703155186023,5,0.5905826033359719,-37.66,2,"[644.5999755859375, 330.0]"
1779197513.4212058,11.936144836,0.7870768202097698,0.903,0.0,0.3,0.5,6.0819164877656675,5,0.6258641614573416,-48.42,2,"[644.5999755859375, 330.0]"
1779197513.471368,11.986307036000001,0.8387879457814715,0.903,0.0,0.3,0.5,6.239439914389777,5,0.6657476619423682,2.69,2,"[614.25, 441.25]"
1779197513.521273,12.036211934,0.8906007219880404,0.903,0.0,0.3,0.5,0.11300140699758998,6,0.7102331047910518,2.69,2,"[614.25, 441.25]"
1779197513.5711834,12.086122490000001,0.9416857114852633,0.903,0.0,0.3,0.5,0.2699747156153123,6,0.7577865092155067,2.69,2,"[587.1666870117188, 483.3333435058594]"
1779197513.621246,12.136185151000001,0.9908851578979568,0.903,0.0,0.3,0.5,0.4271315655006376,6,0.8068738944278473,2.69,2,"[587.1666870117188, 483.3333435058594]"
1779197513.6711783,12.186117374,1.0370449343027595,0.903,0.0,0.3,0.5,0.5842900961380266,6,0.8544272988523022,2.69,2,"[551.5, 534.25]"
1779197513.7211237,12.236062694000001,1.0790372730029825,0.903,0.0,0.3,0.5,0.741019761679091,6,0.9019807032767571,26.9,2,"[551.5, 534.25]"
1779197513.7711782,12.286117327000001,1.116182963256062,0.903,0.0,0.3,0.5,0.8982114455437582,6,0.9526020692769832,59.18,2,"[513.6666870117188, 600.6666870117188]"
1779197513.8211932,12.336132303000001,1.147541156279517,0.903,0.0,0.3,0.5,1.0553216647693233,6,0.9986214929135524,78.01,2,"[513.6666870117188, 600.6666870117188]"
1779197513.871155,12.386094040000001,1.1724594275044036,0.903,0.0,0.3,0.5,1.2122808990519545,6,1.0415729549743504,110.28999999999999,2,"[485.75, 630.25]"
1779197513.9211388,12.436077911,1.190492738349452,0.903,0.0,0.3,0.5,1.3693982716839912,6,1.0799224746714913,110.28999999999999,2,"[485.75, 630.25]"
1779197513.9710684,12.486007333000002,1.2012841744778755,0.903,0.0,0.3,0.5,1.5264099642807523,6,1.1121360712170898,129.12,2,"[466.25, 655.5]"
1779197514.021176,12.536115142000002,1.2047025943681435,0.903,0.0,0.3,0.5,1.6837392499036454,6,1.1397477253990314,129.12,2,"[466.25, 655.5]"
1779197514.071281,12.58622015,1.2007551189062535,0.903,0.0,0.3,0.5,1.841076279552432,6,1.1612234564294304,158.71,2,"[456.3333435058594, 685.6666870117188]"
1779197514.121175,12.636114207,1.1897208908848125,0.903,0.0,0.3,0.5,1.9977547591243905,6,1.175029283520401,169.47,2,"[456.3333435058594, 685.6666870117188]"
1779197514.1712084,12.686147353,1.1719230727796055,0.903,0.0,0.3,0.5,2.154922896752119,6,1.1826991874598294,172.16,2,"[440.25, 680.5]"
1779197514.2211475,12.736086516,1.1479804360411854,0.903,0.0,0.3,0.5,2.3118796240438115,6,1.1826991874598294,121.05,2,"[440.25, 680.5]"
1779197514.2712176,12.786156571000001,1.1185331947214583,0.903,0.0,0.3,0.5,2.469075417111668,6,1.1811652066719438,59.18,2,"[437.6666564941406, 687.3333129882812]"
1779197514.3211656,12.836104716000001,1.084503303729801,0.903,0.0,0.3,0.5,2.6260792714347616,6,1.1688933603688585,59.18,2,"[437.6666564941406, 687.3333129882812]"
1779197514.3710861,12.886025324,1.0468235792361453,0.903,0.0,0.3,0.5,2.783044967973481,6,1.1474176293384597,-5.38,2,"[453.5, 675.0]"
1779197514.4211342,12.936073173,1.0064769492613357,0.903,0.0,0.3,0.5,2.940216752990281,6,1.1228739367322893,-2.69,2,"[453.5, 675.0]"
1779197514.4710019,12.985940949000002,0.9647213885836391,0.903,0.0,0.3,0.5,3.0970244305601184,6,1.0937283017624622,-2.69,2,"[357.20001220703125, 662.7999877929688]"
1779197514.5211637,13.036102678,0.9224634203158508,0.903,0.0,0.3,0.5,3.2543708818452686,6,1.059980724428978,-2.69,2,"[357.20001220703125, 662.7999877929688]"
1779197514.5709987,13.085937805,0.8811685468871846,0.903,0.0,0.3,0.5,3.411088072121906,6,1.0231651855197226,-2.69,2,"[453.1666564941406, 542.8333129882812]"
1779197514.6229084,13.137847245000001,0.8403435864415851,0.903,0.0,0.3,0.5,3.573792151536196,6,0.9817477042468103,-5.38,2,"[453.1666564941406, 542.8333129882812]"
1779197514.671375,13.186314037,0.805114728207694,0.903,0.0,0.3,0.5,3.72591613857454,6,0.9357282806102412,-5.38,2,"[517.7999877929688, 623.2000122070312]"
1779197514.7219727,13.236911675,0.7723462843419584,0.903,0.0,0.3,0.5,3.8849349004699008,6,0.8958447801252144,-10.76,2,"[517.7999877929688, 623.2000122070312]"
1779197514.7711813,13.286120469,0.7453059759502507,0.903,0.0,0.3,0.5,4.039798463116327,6,0.8620972027917303,-2.69,2,"[500.79998779296875, 618.2000122070312]"
1779197514.8212278,13.336166911000001,0.7235532843261564,0.903,0.0,0.3,0.5,4.197030796048338,6,0.8268156446703606,-29.59,2,"[500.79998779296875, 618.2000122070312]"
1779197514.8710992,13.386038332,0.708216465776177,0.903,0.0,0.3,0.5,4.353903045913576,6,0.7930680673368765,-53.8,2,"[552.25, 565.5]"
1779197514.9211636,13.436102781,0.6997172638121247,0.903,0.0,0.3,0.5,4.511006850006943,6,0.7639224323670493,-72.63,2,"[552.25, 565.5]"
1779197514.9712234,13.486162424000002,0.6984027808068195,0.903,0.0,0.3,0.5,4.668249028690326,6,0.7393787397608791,-75.32,2,"[613.6666870117188, 533.1666870117188]"
1779197515.0213141,13.536253214,0.7044294676978695,0.903,0.0,0.3,0.5,4.825593717541999,6,0.7194369895183657,-94.14999999999999,2,"[613.6666870117188, 533.1666870117188]"
1779197515.07118,13.586119335000001,0.7176876837730578,0.903,0.0,0.3,0.5,4.982288153263049,6,0.7086991240031663,-107.6,2,"[584.25, 501.25]"
1779197515.1212313,13.636170338000001,0.7380340130679515,0.903,0.0,0.3,0.5,5.139436571113691,6,0.7071651432152806,-107.6,2,"[584.25, 501.25]"
1779197515.1711152,13.686054234,0.7650070486040319,0.903,0.0,0.3,0.5,5.2964056040238106,6,0.7071651432152806,-94.14999999999999,2,"[586.0, 499.0]"
1779197515.2210991,13.736038220000001,0.7980558902807804,0.903,0.0,0.3,0.5,5.453342467025159,6,0.7102331047910518,-18.83,2,"[586.0, 499.0]"
1779197515.2710338,13.78597266,0.836504704478275,0.903,0.0,0.3,0.5,5.6104059142192995,6,0.7286408742456796,2.69,2,"[583.8333129882812, 493.1666564941406]"
1779197515.3211844,13.836123543000001,0.8795436981317959,0.903,0.0,0.3,0.5,5.7676927317927,6,0.7501166052760785,2.69,2,"[583.8333129882812, 493.1666564941406]"
1779197515.3710225,13.885961571000001,0.9259942259252233,0.903,0.0,0.3,0.5,5.9244532352072525,6,0.77772825945802,2.69,2,"[572.5, 498.75]"
1779197515.4213386,13.936277575,0.9752789249203323,0.903,0.0,0.3,0.5,6.082257655303074,6,0.8130098175793898,2.69,2,"[572.5, 498.75]"
1779197515.4712605,13.986199491,1.0256551811496437,0.903,0.0,0.3,0.5,6.239096422073814,6,0.8513593372765309,2.69,2,"[545.1666870117188, 531.6666870117188]"
1779197515.52108,14.036019027,1.076235617701752,0.903,0.0,0.3,0.5,0.11264134592197195,7,0.8927768185494431,2.69,2,"[545.1666870117188, 531.6666870117188]"
1779197515.5710208,14.085959921,1.125970016682014,0.903,0.0,0.3,0.5,0.26959091666560653,7,0.9418642037617837,26.9,2,"[520.5, 570.5]"
1779197515.621216,14.136155068,1.1738137301812717,0.903,0.0,0.3,0.5,0.42709569793731106,7,0.9878836273983529,45.73,2,"[520.5, 570.5]"
1779197515.6710439,14.185983041,1.2182841167937566,0.903,0.0,0.3,0.5,0.5838496071488848,7,1.0354370318228079,121.05,2,"[397.0, 608.2000122070312]"
1779197515.7211738,14.236113068000002,1.2587349517655348,0.903,0.0,0.3,0.5,0.7411404962263646,7,1.081456455459377,139.88,2,"[397.0, 608.2000122070312]"
1779197515.771198,14.286137188000001,1.2940553863245354,0.903,0.0,0.3,0.5,0.8982727819987275,7,1.1274758790959463,134.5,2,"[472.1666564941406, 546.8333129882812]"
1779197515.8213308,14.336269784,1.3235283953366892,0.903,0.0,0.3,0.5,1.055607119302607,7,1.175029283520401,164.09,2,"[472.1666564941406, 546.8333129882812]"
1779197515.8710842,14.386023123000001,1.3463574293483727,0.903,0.0,0.3,0.5,1.2121829410514238,7,1.2164467647933135,174.85,2,"[436.5, 677.0]"
1779197515.9210286,14.435967778,1.3622405193621636,0.903,0.0,0.3,0.5,1.369128013034377,7,1.2532623037025687,174.85,2,"[436.5, 677.0]"
1779197515.9709938,14.485932856000002,1.3707973322300329,0.903,0.0,0.3,0.5,1.5261669212482971,7,1.2870098810360528,188.29999999999998,2,"[424.8333435058594, 700.0]"
1779197516.021077,14.536015999000002,1.3718687517320036,0.903,0.0,0.3,0.5,1.6834086663918981,7,1.3115535736422232,201.75,2,"[424.8333435058594, 700.0]"
1779197516.0710652,14.586004342,1.365479554198495,0.903,0.0,0.3,0.5,1.8406066617162011,7,1.3284273623089653,242.1,2,"[412.0, 712.75]"
1779197516.1210217,14.635960766,1.3518887866163904,0.903,0.0,0.3,0.5,1.9974509325572711,7,1.3391652278241648,252.85999999999999,2,"[412.0, 712.75]"
1779197516.171147,14.686086299000001,1.3314070697104872,0.903,0.0,0.3,0.5,2.154796278001811,7,1.3406992086120504,234.03,2,"[409.20001220703125, 722.5999755859375]"
1779197516.2211468,14.736085796000001,1.3046740722342784,0.903,0.0,0.3,0.5,2.311902457139226,7,1.3406992086120504,169.47,2,"[409.20001220703125, 722.5999755859375]"
1779197516.271178,14.786117107,1.2723744366511447,0.903,0.0,0.3,0.5,2.469014470214198,7,1.3391652278241648,69.94,2,"[397.20001220703125, 721.4000244140625]"
1779197516.3210678,14.836006954,1.235445585564718,0.903,0.0,0.3,0.5,2.6257640440279104,7,1.3268933815210797,69.94,2,"[397.20001220703125, 721.4000244140625]"
1779197516.3711555,14.886094654,1.1946138776267858,0.903,0.0,0.3,0.5,2.783101921906713,7,1.303883669702795,-5.38,2,"[401.5, 715.25]"
1779197516.42121,14.936149059000002,1.151075176504907,0.903,0.0,0.3,0.5,2.940399449169469,7,1.2762720155208536,-5.38,2,"[401.5, 715.25]"
1779197516.4711258,14.986064843000001,1.106031715784634,0.903,0.0,0.3,0.5,3.097370015176807,7,1.2455923997631406,-8.07,2,"[424.5, 700.8333129882812]"
1779197516.5211563,15.036095235000001,1.060539463733043,0.903,0.0,0.3,0.5,3.2543509075991963,7,1.2072428800659996,-5.38,2,"[424.5, 700.8333129882812]"
1779197516.5712042,15.086143185000001,1.015693520771213,0.903,0.0,0.3,0.5,3.411556888852026,7,1.167359379580973,-5.38,2,"[429.75, 707.75]"
1779197516.6213484,15.136287587000002,0.9726307515442111,0.903,0.0,0.3,0.5,3.5690198775166593,7,1.1228739367322893,-2.69,2,"[429.75, 707.75]"
1779197516.6713707,15.186309939000001,0.93260273286238,0.903,0.0,0.3,0.5,3.726150545368803,7,1.0783884938836057,-2.69,2,"[471.1666564941406, 662.5]"
1779197516.7210982,15.236037124000001,0.8966695826866489,0.903,0.0,0.3,0.5,3.882633932036974,7,1.033903051034922,-2.69,2,"[471.1666564941406, 662.5]"
1779197516.7710733,15.286012564000002,0.8654604008585156,0.903,0.0,0.3,0.5,4.039679016622053,7,0.9878836273983529,-2.69,2,"[461.25, 638.0]"
1779197516.8211148,15.336053727000001,0.8398847464668366,0.903,0.0,0.3,0.5,4.196843673365116,7,0.9495341077012119,-2.69,2,"[461.25, 638.0]"
1779197516.871071,15.386010156000001,0.8206434673042496,0.903,0.0,0.3,0.5,4.353754995218189,7,0.9142525495798421,-2.69,2,"[514.25, 601.0]"
1779197516.9211285,15.43606763,0.8081638792874046,0.903,0.0,0.3,0.5,4.510936248995243,7,0.8820389530342436,-21.52,2,"[514.25, 601.0]"
1779197516.9711215,15.486060470000002,0.8028067454293426,0.903,0.0,0.3,0.5,4.667989608535372,7,0.8513593372765309,-2.69,2,"[527.5, 586.0]"
1779197517.0212157,15.536154682000001,0.804709133393856,0.903,0.0,0.3,0.5,4.825277186374194,7,0.8283496254582462,-37.66,2,"[527.5, 586.0]"
1779197517.071331,15.586270041,0.8138545748928891,0.903,0.0,0.3,0.5,4.982691166193433,7,0.8130098175793898,-26.9,2,"[547.0, 566.75]"
1779197517.1212752,15.636214402,0.8299523194341967,0.903,0.0,0.3,0.5,5.139542197741889,7,0.8084078752157329,-26.9,2,"[547.0, 566.75]"
1779197517.1712074,15.686146596,0.8526575212705436,0.903,0.0,0.3,0.5,5.296573594407775,7,0.8084078752157329,-45.73,2,"[564.6666870117188, 542.0]"
1779197517.2211928,15.736131785000001,0.8813988027879331,0.903,0.0,0.3,0.5,5.453625370585208,7,0.8114758367915041,-8.07,2,"[564.6666870117188, 542.0]"
1779197517.271052,15.785990933,0.9153958172233465,0.903,0.0,0.3,0.5,5.610396379485593,7,0.8222137023067037,0.0,2,"[562.75, 537.75]"
1779197517.3211226,15.836061708,0.9539526887774431,0.903,0.0,0.3,0.5,5.7675554504769195,7,0.8406214717613314,2.69,2,"[562.75, 537.75]"
1779197517.3711784,15.886117321,0.996049678884271,0.903,0.0,0.3,0.5,5.924786002125892,7,0.863631183579616,2.69,2,"[440.79998779296875, 572.2000122070312]"
1779197517.421363,15.936302007000002,1.0407120663789207,0.903,0.0,0.3,0.5,6.082344356977117,7,0.8912428377615575,18.83,2,"[440.79998779296875, 572.2000122070312]"
1779197517.4713235,15.986262607,1.086565919141113,0.903,0.0,0.3,0.5,6.239339245194778,7,0.9265243958829272,18.83,2,"[555.1666870117188, 466.5]"
1779197517.5212474,16.036186355,1.1325615183556588,0.903,0.0,0.3,0.5,0.11295132372750061,8,0.9648739155800683,18.83,2,"[555.1666870117188, 466.5]"
1779197517.5711963,16.086135349000003,1.1776727634735928,0.903,0.0,0.3,0.5,0.26999163623333544,8,1.004757416065095,64.56,2,"[517.5, 585.5]"
1779197517.621049,16.135988011000002,1.220632789153531,0.903,0.0,0.3,0.5,0.42680914070499654,8,1.0461748973380072,96.84,2,"[517.5, 585.5]"
1779197517.6711206,16.186059737,1.2605455316007206,0.903,0.0,0.3,0.5,0.5841332678327547,8,1.0875923786109196,126.42999999999999,2,"[473.8333435058594, 630.6666870117188]"
1779197517.721135,16.236074112,1.2961624198947566,0.903,0.0,0.3,0.5,0.7410428680930536,8,1.1336118022474888,131.81,2,"[473.8333435058594, 630.6666870117188]"
1779197517.7713275,16.286266781000002,1.3268067682634486,0.903,0.0,0.3,0.5,0.8986523774974629,8,1.1765632643082868,169.47,2,"[459.0, 679.25]"
1779197517.8212774,16.336216496000002,1.3514291947329176,0.903,0.0,0.3,0.5,1.0556577366434396,8,1.217980745581199,177.54,2,"[459.0, 679.25]"
1779197517.8713732,16.386312171,1.369523017981198,0.903,0.0,0.3,0.5,1.2127908455130765,8,1.2563302652783401,172.16,2,"[441.0, 677.1666870117188]"
1779197517.9211497,16.436088876,1.3805494453127642,0.903,0.0,0.3,0.5,1.3693572644750844,8,1.2885438618239387,172.16,2,"[441.0, 677.1666870117188]"
1779197517.9711044,16.486043346000002,1.3842701401442568,0.903,0.0,0.3,0.5,1.5262894245122283,8,1.3146215352179944,204.44,2,"[414.25, 704.75]"
1779197518.0212095,16.536148634,1.3804865383116207,0.903,0.0,0.3,0.5,1.6837222821617246,8,1.3330293046726223,228.65,2,"[414.25, 704.75]"
1779197518.0709956,16.585934631,1.369291890887165,0.903,0.0,0.3,0.5,1.840357203551541,8,1.346835131763593,258.24,2,"[405.5, 728.5]"
1779197518.1211622,16.63610112,1.350816226544459,0.903,0.0,0.3,0.5,1.9976344172762026,8,1.354505035703021,260.93,2,"[405.5, 728.5]"
1779197518.171201,16.686140037,1.3254921454290782,0.903,0.0,0.3,0.5,2.154893211843131,8,1.354505035703021,215.2,2,"[405.0, 713.8333129882812]"
1779197518.2212145,16.736153684,1.293918393508645,0.903,0.0,0.3,0.5,2.3119893535920184,8,1.354505035703021,99.53,2,"[405.0, 713.8333129882812]"
1779197518.271319,16.786257854000002,1.2567128112512087,0.903,0.0,0.3,0.5,2.4693803840769277,8,1.3453011509757073,61.87,2,"[390.0, 713.5]"
1779197518.3212862,16.836225317,1.214920486388246,0.903,0.0,0.3,0.5,2.6262798589841054,8,1.325359400733194,61.87,2,"[390.0, 713.5]"
1779197518.3711748,16.886113858,1.1693734224407912,0.903,0.0,0.3,0.5,2.783243711407941,8,1.2962137657633668,-5.38,2,"[397.1666564941406, 711.8333129882812]"
1779197518.4211977,16.936136691,1.1210886426429814,0.903,0.0,0.3,0.5,2.9403640277122918,8,1.265534150005654,-8.07,2,"[397.1666564941406, 711.8333129882812]"
1779197518.4709907,16.985929685000002,1.0714617025746347,0.903,0.0,0.3,0.5,3.0967498145214947,8,1.2287186110963986,-5.38,2,"[397.25, 690.75]"
1779197518.5209384,17.035877317,1.0211705958129655,0.903,0.0,0.3,0.5,3.2538845695856864,8,1.1873011298234863,-2.69,2,"[397.25, 690.75]"
1779197518.5711398,17.086078823,0.971490715574974,0.903,0.0,0.3,0.5,3.411409441342414,8,1.141281706186917,-2.69,2,"[330.20001220703125, 673.5999755859375]"
1779197518.621235,17.136173936000002,0.9237676112934897,0.903,0.0,0.3,0.5,3.5686940912168836,8,1.0906603401866908,-2.69,2,"[330.20001220703125, 673.5999755859375]"
1779197518.671346,17.186285229000003,0.878986195663498,0.903,0.0,0.3,0.5,3.7261047849302074,8,1.043106935762236,-2.69,2,"[446.5, 564.3333129882812]"
1779197518.7212868,17.236225869000002,0.8383414344697719,0.903,0.0,0.3,0.5,3.8829705568313955,8,0.9924855697620099,-2.69,2,"[446.5, 564.3333129882812]"
1779197518.771113,17.286051878000002,0.8025997770521811,0.903,0.0,0.3,0.5,4.039764822942196,8,0.944932165337555,-2.69,2,"[515.5, 609.75]"
1779197518.8210855,17.336024543,0.7724899016272024,0.903,0.0,0.3,0.5,4.196796169342598,8,0.9035146840646426,-24.21,2,"[515.5, 609.75]"
1779197518.8709865,17.385925307,0.748750474092841,0.903,0.0,0.3,0.5,4.353596351072362,8,0.863631183579616,-24.21,2,"[520.6666870117188, 587.6666870117188]"
1779197518.9211304,17.436069550000003,0.7317772415782846,0.903,0.0,0.3,0.5,4.510937222888963,8,0.8222137023067037,-45.73,2,"[520.6666870117188, 587.6666870117188]"
1779197518.9711783,17.486117408000002,0.7219935725246921,0.903,0.0,0.3,0.5,4.6681326138329595,8,0.7900001057611052,-64.56,2,"[573.0, 557.0]"
1779197519.0213773,17.536316499,0.7195285190533862,0.903,0.0,0.3,0.5,4.825730668990552,8,0.7639224323670493,-72.63,2,"[573.0, 557.0]"
1779197519.071189,17.586127849,0.7243250477523373,0.903,0.0,0.3,0.5,4.982326672330579,8,0.7439806821245359,-80.7,2,"[579.2000122070312, 523.0]"
1779197519.1212595,17.63619853,0.7361873645569877,0.903,0.0,0.3,0.5,5.139533652609877,8,0.7317088358214509,-80.7,2,"[579.2000122070312, 523.0]"
1779197519.1710682,17.686007365000002,0.754656669721672,0.903,0.0,0.3,0.5,5.296305729651763,8,0.7255729126699083,-94.14999999999999,2,"[568.7999877929688, 505.79998779296875]"
1779197519.2210464,17.735985545000002,0.7792482292605809,0.903,0.0,0.3,0.5,5.453349463351998,8,0.7255729126699083,-88.77,2,"[568.7999877929688, 505.79998779296875]"
1779197519.27096,17.785899070000003,0.8091687133648471,0.903,0.0,0.3,0.5,5.61011565619085,8,0.7301748550335652,0.0,2,"[591.75, 499.0]"
1779197519.3211477,17.836086777000002,0.8437857046653267,0.903,0.0,0.3,0.5,5.76760721449908,8,0.7455146629124216,2.69,2,"[591.75, 499.0]"
1779197519.371176,17.886115012,0.8819130286785961,0.903,0.0,0.3,0.5,5.924723632086952,8,0.765456413154935,2.69,2,"[576.5, 483.6666564941406]"
1779197519.421352,17.936290891000002,0.9227005484405904,0.903,0.0,0.3,0.5,6.082295684282151,8,0.7930680673368765,2.69,2,"[576.5, 483.6666564941406]"
1779197519.4711926,17.98613165,0.9646706220508696,0.903,0.0,0.3,0.5,6.238941500715292,8,0.8222137023067037,2.69,2,"[569.25, 512.75]"
1779197519.5211604,18.036099336,1.0070408215338034,0.903,0.0,0.3,0.5,0.11285802156729119,9,0.859029241215959,2.69,2,"[569.25, 512.75]"
1779197519.5711026,18.086041537,1.048470194691935,0.903,0.0,0.3,0.5,0.2697115349739434,9,0.8943107993373288,2.69,2,"[553.3333129882812, 542.6666870117188]"
1779197519.6212199,18.136158963,1.088020258984293,0.903,0.0,0.3,0.5,0.42707867050512505,9,0.9341942998223555,26.9,2,"[553.3333129882812, 542.6666870117188]"
1779197519.670892,18.185830881,1.1242269627674024,0.903,0.0,0.3,0.5,0.5833807181621466,9,0.9710098387316108,61.87,2,"[516.0, 570.5]"
1779197519.7211287,18.236067915,1.156623653102437,0.903,0.0,0.3,0.5,0.7410158786705736,9,1.0108933392166375,91.46,2,"[516.0, 570.5]"
1779197519.771162,18.286101007000003,1.1838902388748358,0.903,0.0,0.3,0.5,0.8981640766097314,9,1.0507768397016641,107.6,2,"[422.6000061035156, 620.7999877929688]"
1779197519.8211896,18.336128927,1.205343995268542,0.903,0.0,0.3,0.5,1.0553073548147935,9,1.086058397823034,118.36,2,"[422.6000061035156, 620.7999877929688]"
1779197519.8711934,18.386132546000002,1.220335259850872,0.903,0.0,0.3,0.5,1.212395055104217,9,1.1213399559444037,129.12,2,"[455.1666564941406, 559.8333129882812]"
1779197519.9210908,18.436030114,1.228378353016363,0.903,0.0,0.3,0.5,1.369241619307921,9,1.1535535524900022,129.12,2,"[455.1666564941406, 559.8333129882812]"
1779197519.971029,18.485968062,1.2291831266121482,0.903,0.0,0.3,0.5,1.526223111774506,9,1.1780972450961724,147.95,2,"[447.75, 657.25]"
1779197520.0209932,18.535932258000003,1.2225977969738215,0.903,0.0,0.3,0.5,1.6832494913169214,9,1.193437052975029,161.4,2,"[447.75, 657.25]"
1779197520.07088,18.585818882,1.2087013112850236,0.903,0.0,0.3,0.5,1.8399376595606256,9,1.2041749184902284,177.54,2,"[442.0, 671.1666870117188]"
1779197520.1210103,18.635949305,1.1875872853590708,0.903,0.0,0.3,0.5,1.9974046977381903,9,1.2072428800659996,153.32999999999998,2,"[442.0, 671.1666870117188]"
1779197520.1711729,18.68611204,1.15971651839352,0.903,0.0,0.3,0.5,2.1548280803442452,9,1.205708899278114,83.39,2,"[409.0, 682.5]"
1779197520.221283,18.736221982,1.1256534045846234,0.903,0.0,0.3,0.5,2.3122460908268607,9,1.201106956914457,43.04,2,"[409.0, 682.5]"
1779197520.2714226,18.786361759000002,1.086171994978719,0.903,0.0,0.3,0.5,2.4694621188929986,9,1.1873011298234863,-2.69,2,"[336.20001220703125, 704.2000122070312]"
1779197520.3212,18.8361391,1.0422349100507362,0.903,0.0,0.3,0.5,2.6261677858077803,9,1.1642914180052018,-2.69,2,"[336.20001220703125, 704.2000122070312]"
1779197520.371085,18.886023931,0.9946167287924433,0.903,0.0,0.3,0.5,2.7830739460241247,9,1.1336118022474888,-5.38,2,"[427.6666564941406, 553.1666870117188]"
1779197520.4211974,18.936136379,0.944295910682864,0.903,0.0,0.3,0.5,2.9403636130220647,9,1.0998642249140047,-2.69,2,"[427.6666564941406, 553.1666870117188]"
1779197520.4710414,18.985980454,0.8926823411740487,0.903,0.0,0.3,0.5,3.097122825242039,9,1.059980724428978,-2.69,2,"[456.75, 672.25]"
1779197520.521125,19.036063967,0.8406227527923736,0.903,0.0,0.3,0.5,3.2542879029585237,9,1.0139613007924089,-2.69,2,"[456.75, 672.25]"
1779197520.5711899,19.086128993000003,0.7893913175303725,0.903,0.0,0.3,0.5,3.4115202641648708,9,0.9679418771558396,-18.83,2,"[472.3333435058594, 614.1666870117188]"
1779197520.6211777,19.136116711,0.7402086511141567,0.903,0.0,0.3,0.5,3.568575766271188,9,0.9188544919434991,-10.76,2,"[472.3333435058594, 614.1666870117188]"
1779197520.6713097,19.186248829,0.6940134479637545,0.903,0.0,0.3,0.5,3.7259691058266924,9,0.868233125943273,-51.11,2,"[520.25, 571.0]"
1779197520.7211263,19.23606521,0.6521360609602104,0.903,0.0,0.3,0.5,3.8825748166880203,9,0.8145437983672754,-51.11,2,"[520.25, 571.0]"
1779197520.7710617,19.286000568000002,0.6151675277483412,0.903,0.0,0.3,0.5,4.039537846014582,9,0.765456413154935,-48.42,2,"[535.5, 566.8333129882812]"
1779197520.8210502,19.335989295,0.5839856496383626,0.903,0.0,0.3,0.5,4.196586750776326,9,0.722504951094137,-86.08,2,"[535.5, 566.8333129882812]"
1779197520.8711307,19.386069748,0.5592180455577959,0.903,0.0,0.3,0.5,4.353973203960734,9,0.6826214506091103,-137.19,2,"[587.0, 505.25]"
1779197520.921051,19.435990162,0.5414894316155645,0.903,0.0,0.3,0.5,4.510754102594795,9,0.6442719309119693,-142.57,2,"[587.0, 505.25]"
1779197520.9712236,19.486162776,0.5309839223644591,0.903,0.0,0.3,0.5,4.668213845994224,9,0.6120583343663708,-153.32999999999998,2,"[611.0, 453.25]"
1779197521.021347,19.536285963,0.5279395145793269,0.903,0.0,0.3,0.5,4.825612670770504,9,0.5844466801844292,-182.92,2,"[611.0, 453.25]"
1779197521.071051,19.585989868000002,0.5322612479336594,0.903,0.0,0.3,0.5,4.9819851435100375,9,0.5629709491540303,-190.99,2,"[653.8333129882812, 440.3333435058594]"
1779197521.1211514,19.636090367,0.5437831458038822,0.903,0.0,0.3,0.5,5.139331956078344,9,0.5491651220630596,-190.99,2,"[653.8333129882812, 440.3333435058594]"
1779197521.171049,19.685988088000002,0.5620314739595912,0.903,0.0,0.3,0.5,5.2961314592241,9,0.543029198911517,-188.29999999999998,2,"[639.0, 402.5]"
1779197521.2212174,19.736156586,0.5866074074567643,0.903,0.0,0.3,0.5,5.453669315183262,9,0.543029198911517,-209.82,2,"[639.0, 402.5]"
1779197521.271167,19.786106094,0.6166334013723042,0.903,0.0,0.3,0.5,5.61076839746287,9,0.543029198911517,-56.49,2,"[648.6666870117188, 411.8333435058594]"
1779197521.3211477,19.836086776000002,0.6512644050881846,0.903,0.0,0.3,0.5,5.767609884852845,9,0.5537670644267164,5.38,2,"[648.6666870117188, 411.8333435058594]"
1779197521.3711882,19.886127188,0.689682632281799,0.903,0.0,0.3,0.5,5.924808876062023,9,0.5767767762450011,5.38,2,"[643.25, 410.5]"
1779197521.4211903,19.936129252,0.7307267987877774,0.903,0.0,0.3,0.5,6.08186807896449,9,0.6013204688511713,5.38,2,"[643.25, 410.5]"
1779197521.471356,19.98629519,0.7734476512068444,0.903,0.0,0.3,0.5,6.239398844349033,9,0.6335340653967698,2.69,2,"[503.3999938964844, 431.6000061035156]"
1779197521.5211844,20.036123475,0.8163308943549313,0.903,0.0,0.3,0.5,0.11287552966316383,10,0.6703496043060252,2.69,2,"[503.3999938964844, 431.6000061035156]"
1779197521.5711453,20.086084481,0.8585501006976964,0.903,0.0,0.3,0.5,0.26987040217286307,10,0.7086991240031663,2.69,2,"[634.5, 398.3333435058594]"
1779197521.62123,20.136169102,0.8989488578685403,0.903,0.0,0.3,0.5,0.4271402739954908,10,0.7470486437003072,2.69,2,"[634.5, 398.3333435058594]"
1779197521.6708603,20.185799508000002,0.9361010401106382,0.903,0.0,0.3,0.5,0.5832601878184178,10,0.7884661249732196,2.69,2,"[579.5, 508.0]"
1779197521.721134,20.23607296,0.9696442039744626,0.903,0.0,0.3,0.5,0.7410338171646416,10,0.8298836062461319,2.69,2,"[579.5, 508.0]"
1779197521.7713346,20.28627384,0.9982206837393026,0.903,0.0,0.3,0.5,0.8986695431597411,10,0.8697671067311585,18.83,2,"[548.6666870117188, 567.8333129882812]"
1779197521.821343,20.33628199,1.0209929037944474,0.903,0.0,0.3,0.5,1.0557325976547958,10,0.9050486648525283,18.83,2,"[548.6666870117188, 567.8333129882812]"
1779197521.8713398,20.38627889,1.0374239398209761,0.903,0.0,0.3,0.5,1.21274432480908,10,0.9418642037617837,45.73,2,"[530.75, 590.75]"
1779197521.9212866,20.436225587000003,1.0470311632426759,0.903,0.0,0.3,0.5,1.3696594259981225,10,0.9740778003073821,45.73,2,"[530.75, 590.75]"
1779197521.9710188,20.485958026000002,1.0495125981799676,0.903,0.0,0.3,0.5,1.5262069042980215,10,1.000155473701438,67.25,2,"[508.6000061035156, 619.7999877929688]"
1779197522.0212152,20.536154154000002,1.0447067971427202,0.903,0.0,0.3,0.5,1.6837522183981406,10,1.01702926236818,75.32,2,"[508.6000061035156, 619.7999877929688]"
1779197522.0709713,20.585910252,1.0327221032107654,0.903,0.0,0.3,0.5,1.8402387717917037,10,1.0277671278833795,110.28999999999999,2,"[490.0, 624.0]"
1779197522.120967,20.635906201,1.0136904504462434,0.903,0.0,0.3,0.5,1.9972859769518294,10,1.0354370318228079,91.46,2,"[490.0, 624.0]"
1779197522.1710165,20.685955756000002,0.9880083224394799,0.903,0.0,0.3,0.5,2.1544995954163966,10,1.033903051034922,10.76,2,"[478.25, 630.5]"
1779197522.2213507,20.736289775000003,0.9561034530054976,0.903,0.0,0.3,0.5,2.3124086525387355,10,1.026233147095494,0.0,2,"[478.25, 630.5]"
1779197522.2713206,20.786259832000002,0.9190396944902302,0.903,0.0,0.3,0.5,2.4693697497858125,10,1.012427320004523,-2.69,2,"[476.5, 625.3333129882812]"
1779197522.3211486,20.836087516000003,0.8775626961355282,0.903,0.0,0.3,0.5,2.626070154532897,10,0.9924855697620099,-2.69,2,"[476.5, 625.3333129882812]"
1779197522.3711011,20.886040033,0.8324695184553043,0.903,0.0,0.3,0.5,2.783111400091755,10,0.9633399347921826,-2.69,2,"[483.25, 613.25]"
1779197522.4209936,20.935932804,0.7849726897478476,0.903,0.0,0.3,0.5,2.939906746910424,10,0.9326603190344698,-2.69,2,"[483.25, 613.25]"
1779197522.4711647,20.986103807000003,0.7358695096619399,0.903,0.0,0.3,0.5,3.0974803793267256,10,0.8973787609131001,-13.45,2,"[499.6666564941406, 596.8333129882812]"
1779197522.5211797,21.036118772000002,0.686751513644678,0.903,0.0,0.3,0.5,3.254416610867949,10,0.8574952604280734,-53.8,2,"[499.6666564941406, 596.8333129882812]"
1779197522.571001,21.085940142000002,0.6386564583607434,0.903,0.0,0.3,0.5,3.411094989908946,10,0.8099418560036186,-59.18,2,"[532.75, 574.75]"
1779197522.6211915,21.136130567000002,0.592399468346662,0.903,0.0,0.3,0.5,3.568597440118907,10,0.7639224323670493,-88.77,2,"[532.75, 574.75]"
1779197522.671345,21.186284105000002,0.5493495595321389,0.903,0.0,0.3,0.5,3.7260501526339738,10,0.7179030087304801,-121.05,2,"[457.79998779296875, 535.5999755859375]"
1779197522.7211404,21.236079427,0.5106997806404432,0.903,0.0,0.3,0.5,3.8827003830047886,10,0.6703496043060252,-121.05,2,"[457.79998779296875, 535.5999755859375]"
1779197522.7712011,21.286140133,0.47701721640110883,0.903,0.0,0.3,0.5,4.039920316070592,10,0.6227961998815703,-142.57,2,"[609.5, 414.0]"
1779197522.8210862,21.336025065,0.449296095969281,0.903,0.0,0.3,0.5,4.196811999827986,10,0.5829126993965437,-158.71,2,"[609.5, 414.0]"
1779197522.8710322,21.385971245,0.428105970951225,0.903,0.0,0.3,0.5,4.353719928760995,10,0.5445631796994026,-204.44,2,"[647.25, 436.5]"
1779197522.921172,21.436110842,0.41391237318098406,0.903,0.0,0.3,0.5,4.511038960225463,10,0.5077476407901472,-207.13,2,"[647.25, 436.5]"
1779197522.9712322,21.486171105,0.40710534622469746,0.903,0.0,0.3,0.5,4.668196403871804,10,0.48013598660820567,-228.65,2,"[652.5, 412.5]"
1779197523.021223,21.536162150000003,0.4078098208108967,0.903,0.0,0.3,0.5,4.825367265260354,10,0.45559229400203544,-247.48,2,"[652.5, 412.5]"
1779197523.0713265,21.586265637,0.4159929785928206,0.903,0.0,0.3,0.5,4.9826127803151365,10,0.43718452454740775,-252.85999999999999,2,"[664.25, 391.25]"
1779197523.1211238,21.636062701,0.4313667815479572,0.903,0.0,0.3,0.5,5.139289167586384,10,0.43104860139586515,-252.85999999999999,2,"[664.25, 391.25]"
1779197523.1713226,21.686261448,0.45366322228542844,0.903,0.0,0.3,0.5,5.296632244801032,10,0.4295146206079795,-274.38,2,"[665.5999755859375, 391.0]"
1779197523.2212698,21.736209055,0.4822127934877601,0.903,0.0,0.3,0.5,5.453698830446228,10,0.43104860139586515,-239.41,2,"[665.5999755859375, 391.0]"
1779197523.2711766,21.786115726000002,0.5163381210845004,0.903,0.0,0.3,0.5,5.6107745455596785,10,0.4325825821837508,-69.94,2,"[659.5999755859375, 394.79998779296875]"
1779197523.3211665,21.836105569,0.555137361854968,0.903,0.0,0.3,0.5,5.767645896929423,10,0.4479223900626072,-72.63,2,"[659.5999755859375, 394.79998779296875]"
1779197523.37119,21.886129258,0.5977641073503922,0.903,0.0,0.3,0.5,5.924763963853437,10,0.4724660826687775,-78.01,2,"[664.5, 387.0]"
1779197523.4211812,21.936120396,0.6430936335132987,0.903,0.0,0.3,0.5,6.081827100029898,10,0.504679679214376,-64.56,2,"[664.5, 387.0]"
1779197523.471379,21.986318179,0.6901963326617067,0.903,0.0,0.3,0.5,6.239453574034641,10,0.5399612373357456,-75.32,2,"[650.6666870117188, 397.8333435058594]"
1779197523.5211291,22.036068262,0.7374165688224605,0.903,0.0,0.3,0.5,0.11278166515784704,11,0.5767767762450011,-75.32,2,"[650.6666870117188, 397.8333435058594]"
1779197523.5711107,22.086049778000003,0.784091396386807,0.903,0.0,0.3,0.5,0.26982477682273753,11,0.619728238305799,-48.42,2,"[635.5, 422.0]"
1779197523.6211467,22.136085792000003,0.8289290149952103,0.903,0.0,0.3,0.5,0.426887426052339,11,0.6642136811544826,5.38,2,"[635.5, 422.0]"
1779197523.6709363,22.185875578,0.870711393698599,0.903,0.0,0.3,0.5,0.5834698514289087,11,0.7086991240031663,2.69,2,"[609.6666870117188, 463.0]"
1779197523.7209973,22.235936372,0.9087262528044983,0.903,0.0,0.3,0.5,0.7407233021467405,11,0.7547185476397354,2.69,2,"[609.6666870117188, 463.0]"
1779197523.7712004,22.286139480000003,0.9419216367867067,0.903,0.0,0.3,0.5,0.8982450825763024,11,0.7992039904884191,2.69,2,"[575.5, 518.5]"
1779197523.8213725,22.336311481000003,0.9694352652628732,0.903,0.0,0.3,0.5,1.0557976914545648,11,0.8436894333371027,2.69,2,"[575.5, 518.5]"
1779197523.8713636,22.386302682,0.9905501134701089,0.903,0.0,0.3,0.5,1.212864974533339,11,0.880504972246358,16.14,2,"[438.20001220703125, 561.2000122070312]"
1779197523.9211175,22.43605669,1.004821045066036,0.903,0.0,0.3,0.5,1.3692304478044477,11,0.9173205111556134,16.14,2,"[438.20001220703125, 561.2000122070312]"
1779197523.9711719,22.486110924000002,1.0120632125126683,0.903,0.0,0.3,0.5,1.5265888057257584,11,0.9464661461254406,34.97,2,"[524.6666870117188, 509.1666564941406]"
1779197524.0210538,22.535993005,1.0120343125658606,0.903,0.0,0.3,0.5,1.6833463277688807,11,0.9710098387316108,45.73,2,"[524.6666870117188, 509.1666564941406]"
1779197524.0709376,22.585876693000003,1.0048116065923423,0.903,0.0,0.3,0.5,1.84014012892397,11,0.9863496466104673,75.32,2,"[496.75, 626.25]"
1779197524.1209838,22.635923039,0.990566512181839,0.903,0.0,0.3,0.5,1.997339569380891,11,0.9970875121256667,78.01,2,"[496.75, 626.25]"
1779197524.1711812,22.686120115,0.9696522922264785,0.903,0.0,0.3,0.5,2.154873856490802,11,1.000155473701438,61.87,2,"[494.8333435058594, 636.1666870117188]"
1779197524.2213519,22.736290862,0.9426770358920131,0.903,0.0,0.3,0.5,2.312300562901889,11,1.000155473701438,0.0,2,"[494.8333435058594, 636.1666870117188]"
1779197524.271324,22.786263130000002,0.9104231032178727,0.903,0.0,0.3,0.5,2.469374826599527,11,0.9894176081862386,-2.69,2,"[499.75, 624.5]"
1779197524.3211405,22.836079647000002,0.8737879249234969,0.903,0.0,0.3,0.5,2.6260217865723874,11,0.9725438195194965,-2.69,2,"[499.75, 624.5]"
1779197524.3710475,22.885986653,0.8335569219603837,0.903,0.0,0.3,0.5,2.7829893115180298,11,0.9510680884890975,-2.69,2,"[408.20001220703125, 619.5999755859375]"
1779197524.421203,22.936141971,0.7907359478596458,0.903,0.0,0.3,0.5,2.9403576062969066,11,0.9249904150950417,-2.69,2,"[408.20001220703125, 619.5999755859375]"
1779197524.4709213,22.985860317,0.7468229021475934,0.903,0.0,0.3,0.5,3.0967332394786595,11,0.8943107993373288,-2.69,2,"[509.5, 498.0]"
1779197524.5211208,23.036060005000003,0.7023397718937102,0.903,0.0,0.3,0.5,3.2543494279090552,11,0.8574952604280734,-40.35,2,"[509.5, 498.0]"
1779197524.5711672,23.086106311,0.6589364898496776,0.903,0.0,0.3,0.5,3.4114602691699716,11,0.8145437983672754,-40.35,2,"[531.0, 570.25]"
1779197524.621134,23.136072950000003,0.6176238537167641,0.903,0.0,0.3,0.5,3.56850506158694,11,0.7731263170943632,-80.7,2,"[531.0, 570.25]"
1779197524.671713,23.186652117,0.5790943069241367,0.903,0.0,0.3,0.5,3.727180604484893,11,0.7301748550335652,-102.22,2,"[555.5, 533.8333129882812]"
1779197524.7212834,23.236222427,0.5454201981861866,0.903,0.0,0.3,0.5,3.88292894329512,11,0.6872233929727672,-102.22,2,"[555.5, 533.8333129882812]"
1779197524.771105,23.286044171,0.5165702690311959,0.903,0.0,0.3,0.5,4.039737952900246,11,0.6458059116998549,-139.88,2,"[592.5, 485.25]"
1779197524.8210585,23.335997384000002,0.4935486955412402,0.903,0.0,0.3,0.5,4.196746434789311,11,0.6105243535784852,-139.88,2,"[592.5, 485.25]"
1779197524.871006,23.385945177,0.47704827153703844,0.903,0.0,0.3,0.5,4.353673693941921,11,0.5752427954571154,-182.92,2,"[616.4000244140625, 454.20001220703125]"
1779197524.9210665,23.436005791000003,0.46753566181348066,0.903,0.0,0.3,0.5,4.5107887606449495,11,0.5460971604872883,-199.06,2,"[616.4000244140625, 454.20001220703125]"
1779197524.9711437,23.486082799000002,0.4653545730708232,0.903,0.0,0.3,0.5,4.668049204548019,11,0.5184855063053467,-180.23,2,"[632.4000244140625, 435.20001220703125]"
1779197525.0212607,23.536199721000003,0.47065693346248755,0.903,0.0,0.3,0.5,4.825299617345756,11,0.500077736850719,-223.26999999999998,2,"[632.4000244140625, 435.20001220703125]"
1779197525.0713534,23.586292607,0.4834178909274739,0.903,0.0,0.3,0.5,4.982719867783935,11,0.4878058905476339,-209.82,2,"[653.5, 406.25]"
1779197525.1211255,23.636064506,0.5032862139807548,0.903,0.0,0.3,0.5,5.139301994709207,11,0.4816699673960913,-209.82,2,"[653.5, 406.25]"
1779197525.1712277,23.686166892000003,0.5300528186445164,0.903,0.0,0.3,0.5,5.296603992458309,11,0.4816699673960913,-204.44,2,"[661.0, 397.3333435058594]"
1779197525.2210693,23.736008425,0.5629586058233507,0.903,0.0,0.3,0.5,5.453390096711395,11,0.483203948183977,-102.22,2,"[661.0, 397.3333435058594]"
1779197525.2709177,23.785856707,0.6013119037317035,0.903,0.0,0.3,0.5,5.609957816292756,11,0.4954757944870621,-53.8,2,"[650.75, 399.0]"
1779197525.321153,23.836091977000002,0.6446211426410058,0.903,0.0,0.3,0.5,5.7675965959159115,11,0.5184855063053467,-72.63,2,"[650.75, 399.0]"
1779197525.3712146,23.886153845000003,0.6915362210373515,0.903,0.0,0.3,0.5,5.924805322920726,11,0.5491651220630596,-48.42,2,"[637.0, 403.1666564941406]"
1779197525.4213738,23.936312800000003,0.741220365264656,0.903,0.0,0.3,0.5,6.082345497375265,11,0.5844466801844292,-40.35,2,"[637.0, 403.1666564941406]"
1779197525.4712546,23.986193668000002,0.7921633678535263,0.903,0.0,0.3,0.5,6.239006104426615,11,0.6227961998815703,-32.28,2,"[623.5, 420.5]"
1779197525.5212445,24.036183668000003,0.8436322894827613,0.903,0.0,0.3,0.5,0.11291061182831186,12,0.6672816427302539,-32.28,2,"[623.5, 420.5]"
1779197525.571085,24.086023911,0.8942572577185144,0.903,0.0,0.3,0.5,0.2697789127115868,12,0.7148350471547088,2.69,2,"[494.6000061035156, 467.79998779296875]"
1779197525.6211655,24.136104507000002,0.9430891882900121,0.903,0.0,0.3,0.5,0.4270264635184162,12,0.760854470791278,2.69,2,"[494.6000061035156, 467.79998779296875]"
1779197525.6709392,24.185878354,0.9886848425542353,0.903,0.0,0.3,0.5,0.5834745606763079,12,0.8099418560036186,2.69,2,"[567.5, 436.8333435058594]"
1779197525.7211347,24.236073754000003,1.030576825534165,0.903,0.0,0.3,0.5,0.7410518970303457,12,0.859029241215959,2.69,2,"[567.5, 436.8333435058594]"
1779197525.7711318,24.286070927,1.0673841712294916,0.903,0.0,0.3,0.5,0.8981035129865518,12,0.9050486648525283,32.28,2,"[547.75, 582.0]"
1779197525.8213255,24.336264613,1.0985499186153787,0.903,0.0,0.3,0.5,1.055658773369018,12,0.9541360500648688,59.18,2,"[547.75, 582.0]"
1779197525.8713515,24.386290418,1.1232330523928669,0.903,0.0,0.3,0.5,1.2127935912650543,12,0.9955535313377811,75.32,2,"[516.0, 619.6666870117188]"
1779197525.9211075,24.436046695,1.1409781666661427,0.903,0.0,0.3,0.5,1.369344786069064,12,1.0354370318228079,75.32,2,"[516.0, 619.6666870117188]"
1779197525.9710462,24.485985372000002,1.151583494980058,0.903,0.0,0.3,0.5,1.5262162034122468,12,1.0661166475805206,112.98,2,"[487.25, 646.5]"
1779197526.0213304,24.536269297,1.154858651042421,0.903,0.0,0.3,0.5,1.6839413077183423,12,1.0921943209745766,121.05,2,"[487.25, 646.5]"
1779197526.071253,24.586192127,1.1507953769357642,0.903,0.0,0.3,0.5,1.8410071299565232,12,1.1121360712170898,137.19,2,"[465.20001220703125, 655.0]"
1779197526.1212585,24.636197691000003,1.1396605197127367,0.903,0.0,0.3,0.5,1.9978571624785246,12,1.1274758790959463,118.36,2,"[465.20001220703125, 655.0]"
1779197526.171269,24.686208024000003,1.1218129715724265,0.903,0.0,0.3,0.5,2.15494382604237,12,1.1366797638232602,142.57,2,"[455.3999938964844, 662.4000244140625]"
1779197526.2211523,24.736091472000002,1.0978579594507474,0.903,0.0,0.3,0.5,2.311823672278649,12,1.1366797638232602,88.77,2,"[455.3999938964844, 662.4000244140625]"
1779197526.271312,24.786251109000002,1.068374645165775,0.903,0.0,0.3,0.5,2.469240209354311,12,1.1336118022474888,37.66,2,"[445.25, 670.5]"
1779197526.3211594,24.836098442,1.0344282263505016,0.903,0.0,0.3,0.5,2.6260291536071634,12,1.1198059751565181,37.66,2,"[445.25, 670.5]"
1779197526.3711913,24.886130338,0.9967784174873671,0.903,0.0,0.3,0.5,2.7831604089371353,12,1.0983302441261191,-2.69,2,"[446.8333435058594, 666.5]"
1779197526.421219,24.936158309000003,0.9565153892980577,0.903,0.0,0.3,0.5,2.9403961002316947,12,1.0737865515199487,-2.69,2,"[446.8333435058594, 666.5]"
1779197526.4709322,24.985871536,0.9150146002040876,0.903,0.0,0.3,0.5,3.09674527492011,12,1.0461748973380072,-2.69,2,"[449.0, 651.0]"
1779197526.5210218,25.035960903000003,0.8729240946819555,0.903,0.0,0.3,0.5,3.2540808437283033,12,1.0108933392166375,-2.69,2,"[449.0, 651.0]"
1779197526.5710905,25.086029523,0.8317096907481024,0.903,0.0,0.3,0.5,3.411235664144769,12,0.9725438195194965,-2.69,2,"[475.79998779296875, 636.5999755859375]"
1779197526.621228,25.136166944000003,0.7923722798985958,0.903,0.0,0.3,0.5,3.568752248380079,12,0.9326603190344698,-8.07,2,"[475.79998779296875, 636.5999755859375]"
1779197526.6713393,25.186278361000003,0.7561547549496619,0.903,0.0,0.3,0.5,3.7260342844494545,12,0.8927768185494431,-13.45,2,"[508.3999938964844, 607.7999877929688]"
1779197526.7210956,25.236034593000003,0.7241688732853421,0.903,0.0,0.3,0.5,3.882486107536238,12,0.8544272988523022,-13.45,2,"[508.3999938964844, 607.7999877929688]"
1779197526.7711294,25.286068402,0.6969863109318721,0.903,0.0,0.3,0.5,4.039761935818532,12,0.8099418560036186,-32.28,2,"[431.20001220703125, 579.2000122070312]"
1779197526.8212054,25.336144396,0.6755826587396289,0.903,0.0,0.3,0.5,4.196998066936061,12,0.7761942786701345,-51.11,2,"[431.20001220703125, 579.2000122070312]"
1779197526.8709388,25.385877839000003,0.660661170234154,0.903,0.0,0.3,0.5,4.353378487905019,12,0.7439806821245359,-78.01,2,"[566.3333129882812, 459.1666564941406]"
1779197526.9213228,25.436261952000002,0.652517677267376,0.903,0.0,0.3,0.5,4.511581164559942,12,0.7163690279425944,-99.53,2,"[566.3333129882812, 459.1666564941406]"
1779197526.971314,25.486252995,0.651664580157115,0.903,0.0,0.3,0.5,4.668458164513282,12,0.6933593161243098,-137.19,2,"[581.75, 501.75]"
1779197527.021377,25.536316267,0.6581657918031325,0.903,0.0,0.3,0.5,4.82570456549719,12,0.6749515466696822,-112.98,2,"[581.75, 501.75]"
1779197527.071395,25.586334025000003,0.6719662756297636,0.903,0.0,0.3,0.5,4.982750479462723,12,0.6642136811544826,-121.05,2,"[593.5, 481.1666564941406]"
1779197527.121063,25.636002202,0.6927341807606245,0.903,0.0,0.3,0.5,5.139075168578003,12,0.662679700366597,-121.05,2,"[593.5, 481.1666564941406]"
1779197527.1711102,25.686049335,0.7203087427316166,0.903,0.0,0.3,0.5,5.296349834471016,12,0.662679700366597,-99.53,2,"[599.25, 473.0]"
1779197527.221237,25.736175826,0.7539951824139609,0.903,0.0,0.3,0.5,5.453523517009771,12,0.6672816427302539,-34.97,2,"[599.25, 473.0]"
1779197527.2710402,25.785979299,0.7929382181005369,0.903,0.0,0.3,0.5,5.610115731589062,12,0.684155431396996,2.69,2,"[602.2000122070312, 466.0]"
1779197527.3211036,25.836042597000002,0.8366245836798868,0.903,0.0,0.3,0.5,5.76744944057441,12,0.7086991240031663,2.69,2,"[602.2000122070312, 466.0]"
1779197527.3711288,25.886067667000003,0.8838555557653904,0.903,0.0,0.3,0.5,5.924594148204122,12,0.7363107781851077,2.69,2,"[591.2000122070312, 482.0]"
1779197527.421491,25.936429902,0.9337605049361362,0.903,0.0,0.3,0.5,6.0821537219932935,12,0.7700583555185919,2.69,2,"[591.2000122070312, 482.0]"
1779197527.4713774,25.986316273,0.9849031121147732,0.903,0.0,0.3,0.5,6.239137529813661,12,0.8099418560036186,2.69,2,"[564.75, 516.5]"
1779197527.5211742,26.036113098,1.0362478402853068,0.903,0.0,0.3,0.5,0.11274343825841271,13,0.8528933180644165,2.69,2,"[564.75, 516.5]"
1779197527.571133,26.086071926000002,1.0867737772058483,0.903,0.0,0.3,0.5,0.269761665367902,13,0.8973787609131001,2.69,2,"[545.1666870117188, 553.6666870117188]"
1779197527.6211622,26.136101125000003,1.1353092839613608,0.903,0.0,0.3,0.5,0.4269205792796029,13,0.9464661461254406,29.59,2,"[545.1666870117188, 553.6666870117188]"
1779197527.6711936,26.186132724,1.1807369029081372,0.903,0.0,0.3,0.5,0.5841599493791634,13,0.9940195505498954,86.08,2,"[510.0, 595.25]"
1779197527.7211697,26.236108931,1.2219270791286516,0.903,0.0,0.3,0.5,0.7410589279147004,13,1.043106935762236,123.74,2,"[510.0, 595.25]"
1779197527.7710638,26.286003024000003,1.2580568004909969,0.903,0.0,0.3,0.5,0.8979023630921219,13,1.0921943209745766,129.12,2,"[479.79998779296875, 633.7999877929688]"
1779197527.8211899,26.336129189,1.2884428794567857,0.903,0.0,0.3,0.5,1.0552756341537517,13,1.1382137446111458,129.12,2,"[479.79998779296875, 633.7999877929688]"
1779197527.871188,26.386126789000002,1.3122618786579698,0.903,0.0,0.3,0.5,1.2123619050185184,13,1.179631225884058,174.85,2,"[455.20001220703125, 669.0]"
1779197527.9212146,26.436153737,1.3290751635553613,0.903,0.0,0.3,0.5,1.3693703680580356,13,1.2164467647933135,174.85,2,"[455.20001220703125, 669.0]"
1779197527.9712386,26.48617755,1.3385788572625898,0.903,0.0,0.3,0.5,1.5265120440508397,13,1.2501943421267976,182.92,2,"[433.75, 697.5]"
1779197528.021329,26.536268069000002,1.3406092056403445,0.903,0.0,0.3,0.5,1.6838269003386799,13,1.2762720155208536,174.85,2,"[433.75, 697.5]"
1779197528.071272,26.5862109,1.3351971002971936,0.903,0.0,0.3,0.5,1.8410075697794994,13,1.2977477465512524,201.75,2,"[418.8333435058594, 712.8333129882812]"
1779197528.121136,26.636075109,1.3226242453100974,0.903,0.0,0.3,0.5,1.9976239432062854,13,1.3100195928543377,252.85999999999999,2,"[418.8333435058594, 712.8333129882812]"
1779197528.171219,26.686158241,1.3031769248586573,0.903,0.0,0.3,0.5,2.1549180775489774,13,1.3130875544301088,212.51,2,"[412.75, 719.75]"
1779197528.2211466,26.736085480000003,1.2775222835573063,0.903,0.0,0.3,0.5,2.311846015285589,13,1.3130875544301088,147.95,2,"[412.75, 719.75]"
1779197528.2711213,26.786060264000003,1.2463176180049436,0.903,0.0,0.3,0.5,2.4688397128396318,13,1.3115535736422232,67.25,2,"[409.1666564941406, 713.3333129882812]"
1779197528.321127,26.836066198,1.2103887414565462,0.903,0.0,0.3,0.5,2.6259469161362503,13,1.2977477465512524,67.25,2,"[409.1666564941406, 713.3333129882812]"
1779197528.3711824,26.8861214,1.170687525401749,0.903,0.0,0.3,0.5,2.7831601450433325,13,1.2762720155208536,-5.38,2,"[408.5, 701.75]"
1779197528.4212232,26.936162398,1.1283049735530468,0.903,0.0,0.3,0.5,2.9403108531150153,13,1.2501943421267976,-5.38,2,"[408.5, 701.75]"
1779197528.47109,26.986029164,1.0844460306616048,0.903,0.0,0.3,0.5,3.0970850664399094,13,1.217980745581199,-5.38,2,"[331.79998779296875, 692.0]"
1779197528.5211375,27.036076616000003,1.0400454222023816,0.903,0.0,0.3,0.5,3.2542448191568454,13,1.1826991874598294,-2.69,2,"[331.79998779296875, 692.0]"
1779197528.5710592,27.085998497000002,0.9964225472519816,0.903,0.0,0.3,0.5,3.4112052315367194,13,1.1443496677626883,-2.69,2,"[418.6666564941406, 564.3333129882812]"
1779197528.6213458,27.136284704,0.9544982808281856,0.903,0.0,0.3,0.5,3.5687733818738465,13,1.1013982057018903,-2.69,2,"[418.6666564941406, 564.3333129882812]"
1779197528.6722858,27.187224963000002,0.9149758848174003,0.903,0.0,0.3,0.5,3.7287454317856046,13,1.0584467436410925,-2.69,2,"[439.25, 661.25]"
1779197528.7250462,27.239985117000003,0.878389067197557,0.903,0.0,0.3,0.5,3.894511065497447,13,1.0078253776408663,-2.69,2,"[439.25, 661.25]"
1779197528.773407,27.288346222,0.8503444954809718,0.903,0.0,0.3,0.5,4.0424800512071855,13,0.9710098387316108,-2.69,2,"[474.1666564941406, 639.1666870117188]"
1779197528.8220665,27.337005681,0.8261071402153676,0.903,0.0,0.3,0.5,4.199491593007501,13,0.9341942998223555,-2.69,2,"[474.1666564941406, 639.1666870117188]"
1779197528.8712332,27.386172232000003,0.8084079156808562,0.903,0.0,0.3,0.5,4.354104820984922,13,0.8989127417009857,-16.14,2,"[517.75, 605.25]"
1779197528.9210403,27.435979254000003,0.7972014662894615,0.903,0.0,0.3,0.5,4.510656373930495,13,0.868233125943273,-21.52,2,"[517.75, 605.25]"
1779197528.9711442,27.486083442,0.7930629248601111,0.903,0.0,0.3,0.5,4.668047219061428,13,0.8390874909734457,-24.21,2,"[541.7999877929688, 585.5999755859375]"
1779197529.0211294,27.536068442,0.7961964024554937,0.903,0.0,0.3,0.5,4.825053363605569,13,0.8176117599430467,-37.66,2,"[541.7999877929688, 585.5999755859375]"
1779197529.0712008,27.586139869,0.8065639631738561,0.903,0.0,0.3,0.5,4.982302211890165,13,0.803805932852076,-34.97,2,"[555.4000244140625, 557.2000122070312]"
1779197529.121124,27.636063041000003,0.8238998400491498,0.903,0.0,0.3,0.5,5.139213521176863,13,0.7992039904884191,-34.97,2,"[555.4000244140625, 557.2000122070312]"
1779197529.1713545,27.6862935,0.8479276059025336,0.903,0.0,0.3,0.5,5.296729470810455,13,0.7992039904884191,-51.11,2,"[560.75, 540.5]"
1779197529.2211645,27.736103527,0.8778675542822227,0.903,0.0,0.3,0.5,5.4534821579424815,13,0.8022719520641903,-10.76,2,"[560.75, 540.5]"
1779197529.2710757,27.786014772,0.9131469440396663,0.903,0.0,0.3,0.5,5.610384161831739,13,0.8160777791551611,0.0,2,"[554.3333129882812, 537.6666870117188]"
1779197529.3211837,27.836122682000003,0.9530006538294573,0.903,0.0,0.3,0.5,5.767683329005855,13,0.8360195293976744,2.69,2,"[554.3333129882812, 537.6666870117188]"
1779197529.3710754,27.886014635000002,0.9962582662941096,0.903,0.0,0.3,0.5,5.924552330464287,13,0.8605632220038447,2.69,2,"[541.25, 549.75]"
1779197529.4211223,27.936061407,1.0420612421785278,0.903,0.0,0.3,0.5,6.081706148712705,13,0.8881748761857863,18.83,2,"[541.25, 549.75]"
1779197529.471163,27.98610198,1.0892068719201733,0.903,0.0,0.3,0.5,6.238823059530624,13,0.923456434307156,18.83,2,"[525.1666870117188, 568.1666870117188]"
1779197529.5211923,28.036131386,1.136572961802898,0.903,0.0,0.3,0.5,0.11281737564151229,14,0.9633399347921826,18.83,2,"[525.1666870117188, 568.1666870117188]"
1779197529.5712006,28.086139652000004,1.1829570534685439,0.903,0.0,0.3,0.5,0.2699177334077376,14,1.004757416065095,64.56,2,"[506.0, 601.5]"
1779197529.6212835,28.136222513000003,1.2272491659752551,0.903,0.0,0.3,0.5,0.42703506205748454,14,1.0492428589137786,91.46,2,"[506.0, 601.5]"
1779197529.67101,28.185948973000002,1.2682086300201485,0.903,0.0,0.3,0.5,0.5835696189868003,14,1.0921943209745766,131.81,2,"[383.0, 635.5999755859375]"
1779197529.7210226,28.235961537,1.3051387480881282,0.903,0.0,0.3,0.5,0.7407332107299567,14,1.1397477253990314,145.26,2,"[383.0, 635.5999755859375]"
1779197529.7710664,28.286005488,1.3369662659799326,0.903,0.0,0.3,0.5,0.8979724206082835,14,1.1826991874598294,166.78,2,"[454.6666564941406, 555.6666870117188]"
1779197529.8212867,28.336225860000003,1.3629338127840194,0.903,0.0,0.3,0.5,1.055592498330384,14,1.2241166687327416,182.92,2,"[454.6666564941406, 555.6666870117188]"
1779197529.8711958,28.386134723,1.3822209214096584,0.903,0.0,0.3,0.5,1.212403760457434,14,1.2624661884298827,180.23,2,"[438.25, 681.5]"
1779197529.9214008,28.436339857,1.3945187491914024,0.903,0.0,0.3,0.5,1.3697531805476473,14,1.2977477465512524,180.23,2,"[438.25, 681.5]"
1779197529.9711223,28.486061390000003,1.3994225833049367,0.903,0.0,0.3,0.5,1.5263323386678707,14,1.3238254199453083,217.89,2,"[413.6666564941406, 702.8333129882812]"
1779197530.0213578,28.536296834,1.3968358629528925,0.903,0.0,0.3,0.5,1.6837624474237884,14,1.3437671701878218,228.65,2,"[413.6666564941406, 702.8333129882812]"
1779197530.0709145,28.585853572,1.386848874228366,0.903,0.0,0.3,0.5,1.84008679410546,14,1.359106978066678,260.93,2,"[402.5, 719.0]"
1779197530.1210785,28.636017489,1.369542519638029,0.903,0.0,0.3,0.5,1.9975084739682956,14,1.3698448435818775,274.38,2,"[402.5, 719.0]"
1779197530.1711683,28.686107456000002,1.3453765685181003,0.903,0.0,0.3,0.5,2.154832692202234,14,1.3698448435818775,228.65,2,"[397.20001220703125, 729.4000244140625]"
1779197530.2212493,28.736188378,1.3149151825941152,0.903,0.0,0.3,0.5,2.3121192113243296,14,1.3698448435818775,131.81,2,"[397.20001220703125, 729.4000244140625]"
1779197530.2712631,28.786202185,1.278904361910893,0.903,0.0,0.3,0.5,2.4692666458564645,14,1.3652429012182206,69.94,2,"[393.6000061035156, 730.5999755859375]"
1779197530.3212519,28.836190972,1.2382180128770306,0.903,0.0,0.3,0.5,2.6262354494303253,14,1.3437671701878218,69.94,2,"[393.6000061035156, 730.5999755859375]"
1779197530.3713572,28.886296346,1.1936894193853327,0.903,0.0,0.3,0.5,2.7835065558988674,14,1.3161555160058802,-8.07,2,"[389.25, 711.5]"
1779197530.4214327,28.936371848,1.146493717148008,0.903,0.0,0.3,0.5,2.940628681760586,14,1.2854759002481673,-8.07,2,"[389.25, 711.5]"
1779197530.4711313,28.986070306000002,1.0979199999864007,0.903,0.0,0.3,0.5,3.0970694118837088,14,1.2501943421267976,-8.07,2,"[408.8333435058594, 701.3333129882812]"
1779197530.5212147,29.036153956000003,1.0486246385133404,0.903,0.0,0.3,0.5,3.2544125330806537,14,1.210310841641771,-5.38,2,"[408.8333435058594, 701.3333129882812]"
1779197530.5712209,29.086159936,1.0001350075632103,0.903,0.0,0.3,0.5,3.411476030540271,14,1.1658253987930873,-2.69,2,"[424.25, 685.0]"
1779197530.6210997,29.136038761000002,0.9535715338453143,0.903,0.0,0.3,0.5,3.568300842356436,14,1.1167380135807468,-2.69,2,"[424.25, 685.0]"
1779197530.6711588,29.186097844000003,0.9098485508416594,0.903,0.0,0.3,0.5,3.7254891804249297,14,1.069184609156292,-2.69,2,"[434.6000061035156, 657.0]"
1779197530.72119,29.236128987,0.8701190649644448,0.903,0.0,0.3,0.5,3.8825746564667583,14,1.0200972239439514,-2.69,2,"[434.6000061035156, 657.0]"
1779197530.771276,29.286215003000002,0.835210174681281,0.903,0.0,0.3,0.5,4.039948326510654,14,0.9725438195194965,-2.69,2,"[476.79998779296875, 627.7999877929688]"
1779197530.8211462,29.336085205000003,0.8060963962200061,0.903,0.0,0.3,0.5,4.196717494437749,14,0.9326603190344698,-2.69,2,"[476.79998779296875, 627.7999877929688]"
1779197530.8713405,29.386279428,0.7831846547780628,0.903,0.0,0.3,0.5,4.3542579830515535,14,0.8912428377615575,-24.21,2,"[416.79998779296875, 598.5999755859375]"
1779197530.9210675,29.436006455,0.7672158355142626,0.903,0.0,0.3,0.5,4.5107118261824155,14,0.8559612796401878,-18.83,2,"[416.79998779296875, 598.5999755859375]"
1779197530.971237,29.486176133,0.7582943518797721,0.903,0.0,0.3,0.5,4.668159304804121,14,0.8222137023067037,-45.73,2,"[531.3333129882812, 502.0]"
1779197531.0210884,29.536027400000002,0.7566811560209762,0.903,0.0,0.3,0.5,4.825016339936141,14,0.7976700097005334,-51.11,2,"[531.3333129882812, 502.0]"
1779197531.0711892,29.586128270000003,0.762311633440978,0.903,0.0,0.3,0.5,4.982212349773889,14,0.77772825945802,-53.8,2,"[566.25, 549.25]"
1779197531.121059,29.635998043,0.7749435612254507,0.903,0.0,0.3,0.5,5.139066833932674,14,0.765456413154935,-53.8,2,"[566.25, 549.25]"
1779197531.1711986,29.686137739000003,0.7942575283867325,0.903,0.0,0.3,0.5,5.29639697406877,14,0.760854470791278,-59.18,2,"[586.6666870117188, 518.1666870117188]"
1779197531.2211425,29.736081752,0.8196068287987579,0.903,0.0,0.3,0.5,5.453407746178883,14,0.760854470791278,-69.94,2,"[586.6666870117188, 518.1666870117188]"
1779197531.2711573,29.786096481,0.8503461177485522,0.903,0.0,0.3,0.5,5.610569374426632,14,0.7669903939428205,0.0,2,"[580.0, 522.25]"
1779197531.3212123,29.836151331000003,0.8856151802230439,0.903,0.0,0.3,0.5,5.767762735901769,14,0.7838641826095626,2.69,2,"[580.0, 522.25]"
1779197531.3711212,29.886060420000003,0.924361923264682,0.903,0.0,0.3,0.5,5.924619934396603,14,0.8053399136399616,2.69,2,"[569.2000122070312, 520.4000244140625]"
1779197531.42124,29.936179196,0.9657556546057858,0.903,0.0,0.3,0.5,6.082004725678502,14,0.8314175870340175,2.69,2,"[569.2000122070312, 520.4000244140625]"
1779197531.4711483,29.98608734,1.008403078258596,0.903,0.0,0.3,0.5,6.2388407058565605,14,0.8620972027917303,2.69,2,"[550.0, 543.2000122070312]"
1779197531.5212152,30.036154209000003,1.051403141935651,0.903,0.0,0.3,0.5,0.11286261457572522,15,0.8958447801252144,2.69,2,"[550.0, 543.2000122070312]"
1779197531.5711634,30.086102612,1.0934339504961723,0.903,0.0,0.3,0.5,0.2698280880613666,15,0.9372622613981267,18.83,2,"[535.25, 563.5]"
1779197531.6212049,30.136143841000003,1.1334813388347595,0.903,0.0,0.3,0.5,0.42700706732534144,15,0.9756117810952678,37.66,2,"[535.25, 563.5]"
1779197531.670983,30.185922072,1.1702494115225928,0.903,0.0,0.3,0.5,0.5835174151416638,15,1.0139613007924089,94.14999999999999,2,"[498.0, 606.0]"
1779197531.7209888,30.235927876,1.203035007246842,0.903,0.0,0.3,0.5,0.7406582743203742,15,1.0538448012774355,121.05,2,"[498.0, 606.0]"
1779197531.7711706,30.286109730000003,1.2308327943270376,0.903,0.0,0.3,0.5,0.8981919613860825,15,1.0921943209745766,126.42999999999999,2,"[468.75, 638.75]"
1779197531.8211896,30.336128751,1.252710494210013,0.903,0.0,0.3,0.5,1.0553111121595649,15,1.1320778214596032,131.81,2,"[468.75, 638.75]"
1779197531.8711956,30.386134560000002,1.268096147534687,0.903,0.0,0.3,0.5,1.2123556343995645,15,1.167359379580973,150.64,2,"[460.6000061035156, 652.2000122070312]"
1779197531.921069,30.436008061000003,1.276508173064567,0.903,0.0,0.3,0.5,1.3692025441784565,15,1.1965050145508,150.64,2,"[460.6000061035156, 652.2000122070312]"
1779197531.971127,30.486066287000003,1.277648190312693,0.903,0.0,0.3,0.5,1.526409920298427,15,1.222582687944856,164.09,2,"[435.0, 685.5999755859375]"
1779197532.021119,30.536058043,1.271359472273377,0.903,0.0,0.3,0.5,1.6834543577154122,15,1.239456476611598,177.54,2,"[435.0, 685.5999755859375]"
1779197532.0709984,30.585937453000003,1.257718844190144,0.903,0.0,0.3,0.5,1.8402324289160887,15,1.2532623037025687,164.09,2,"[429.0, 693.25]"
1779197532.121236,30.636175114,1.2368190979315674,0.903,0.0,0.3,0.5,1.9978166767739722,15,1.2547962844904545,147.95,2,"[429.0, 693.25]"
1779197532.1712823,30.686221372000002,1.209198085103329,0.903,0.0,0.3,0.5,2.154971798783329,15,1.2563302652783401,86.08,2,"[418.6666564941406, 690.6666870117188]"
1779197532.2212446,30.736183524,1.1753847626985903,0.903,0.0,0.3,0.5,2.3120799728320733,15,1.2501943421267976,56.49,2,"[418.6666564941406, 690.6666870117188]"
1779197532.271184,30.78612302,1.1361357755319783,0.903,0.0,0.3,0.5,2.4690103264534358,15,1.2348545342479411,-2.69,2,"[415.75, 685.5]"
1779197532.3212085,30.836147457000003,1.0922504139744185,0.903,0.0,0.3,0.5,2.625987876221238,15,1.210310841641771,-2.69,2,"[415.75, 685.5]"
1779197532.371217,30.886156198000002,1.0446704951388377,0.903,0.0,0.3,0.5,2.7830645589452203,15,1.179631225884058,-5.38,2,"[420.8333435058594, 670.0]"
1779197532.4214046,30.936343537000003,0.9943219271930233,0.903,0.0,0.3,0.5,2.940613322514075,15,1.1474176293384597,-5.38,2,"[420.8333435058594, 670.0]"
1779197532.4709864,30.985925423,0.9429172575996935,0.903,0.0,0.3,0.5,3.0968123667727596,15,1.1090681096413186,-2.69,2,"[426.25, 666.25]"
1779197532.5210116,31.035950746,0.890854709568267,0.903,0.0,0.3,0.5,3.2539641461275366,15,1.0661166475805206,-2.69,2,"[426.25, 666.25]"
1779197532.5712805,31.086219591000003,0.8394514112056664,0.903,0.0,0.3,0.5,3.411602661856911,15,1.01702926236818,-2.69,2,"[364.79998779296875, 645.5999755859375]"
1779197532.6215622,31.136501310000003,0.7900625851872756,0.903,0.0,0.3,0.5,3.5691083007834195,15,0.966407896367954,-8.07,2,"[364.79998779296875, 645.5999755859375]"
1779197532.671189,31.186128204000003,0.7440189778928772,0.903,0.0,0.3,0.5,3.7256459019160175,15,0.9157865303677277,-8.07,2,"[497.8333435058594, 517.6666870117188]"
1779197532.721459,31.236397796000002,0.7017775669772485,0.903,0.0,0.3,0.5,3.8831270332782353,15,0.8666991451553873,-8.07,2,"[497.8333435058594, 517.6666870117188]"
1779197532.7713702,31.286309081000002,0.6646642603369826,0.903,0.0,0.3,0.5,4.040086229861764,15,0.8130098175793898,-51.11,2,"[539.0, 583.25]"
1779197532.8217926,31.336731806000003,0.6330612316253142,0.903,0.0,0.3,0.5,4.198507727869789,15,0.7700583555185919,-51.11,2,"[539.0, 583.25]"
1779197532.870993,31.385932190000002,0.6084795395146467,0.903,0.0,0.3,0.5,4.353474278206583,15,0.7286408742456796,-115.67,2,"[589.5, 528.3333129882812]"
1779197532.9213686,31.436307743,0.5903762904490084,0.903,0.0,0.3,0.5,4.511279804143022,15,0.6918253353364242,-137.19,2,"[589.5, 528.3333129882812]"
1779197532.9712718,31.486210829,0.5796274081589583,0.903,0.0,0.3,0.5,4.668251296920197,15,0.6580777580029401,-150.64,2,"[610.0, 485.75]"
1779197533.0214422,31.536381209,0.5762639806275215,0.903,0.0,0.3,0.5,4.825621131079465,15,0.6304661038209985,-153.32999999999998,2,"[610.0, 485.75]"
1779197533.0713775,31.586316615,0.580266063811671,0.903,0.0,0.3,0.5,4.982590983945265,15,0.6089903727905995,-150.64,2,"[624.0, 461.20001220703125]"
1779197533.1215622,31.636501285,0.5914484036894819,0.903,0.0,0.3,0.5,5.140098740305213,15,0.5936505649117432,-150.64,2,"[624.0, 461.20001220703125]"
1779197533.1713798,31.686318804000003,0.6092975814567514,0.903,0.0,0.3,0.5,5.296744449924198,15,0.5890486225480862,-174.85,2,"[635.0, 439.3999938964844]"
1779197533.2213354,31.736274557,0.6333812222948483,0.903,0.0,0.3,0.5,5.453855548795708,15,0.5890486225480862,-185.60999999999999,2,"[635.0, 439.3999938964844]"
1779197533.2709982,31.785937135,0.6627769364008178,0.903,0.0,0.3,0.5,5.610140261144473,15,0.5905826033359719,-56.49,2,"[637.5, 424.25]"
1779197533.3210957,31.836034991000002,0.6970022445869336,0.903,0.0,0.3,0.5,5.767458004555955,15,0.602854449639057,8.07,2,"[637.5, 424.25]"
1779197533.3711293,31.886068298,0.7348853578730838,0.903,0.0,0.3,0.5,5.924643926739698,15,0.624330180669456,5.38,2,"[625.6666870117188, 441.3333435058594]"
1779197533.421189,31.936128131,0.7754044847962455,0.903,0.0,0.3,0.5,6.081832139144474,15,0.6504078540635119,5.38,2,"[625.6666870117188, 441.3333435058594]"
1779197533.471647,31.986586125000002,0.8176380833849968,0.903,0.0,0.3,0.5,6.239732946444498,15,0.679553489033339,2.69,2,"[610.5, 454.5]"
1779197533.52119,32.036129122000006,0.859795909252022,0.903,0.0,0.3,0.5,0.11278691161753329,16,0.7148350471547088,2.69,2,"[610.5, 454.5]"
1779197533.571271,32.086210008,0.9014441737371138,0.903,0.0,0.3,0.5,0.2700451438393827,16,0.7516505860639642,2.69,2,"[602.4000244140625, 479.3999938964844]"
1779197533.6212802,32.136219142,0.9411362281634135,0.903,0.0,0.3,0.5,0.42716936200180555,16,0.7915340865489908,2.69,2,"[602.4000244140625, 479.3999938964844]"
1779197533.6710942,32.18603318,0.9776680362411254,0.903,0.0,0.3,0.5,0.583605662479286,16,0.8298836062461319,2.69,2,"[579.0, 521.4000244140625]"
1779197533.7211792,32.236118201000004,1.0104262478123252,0.903,0.0,0.3,0.5,0.7411125611844369,16,0.8713010875190442,10.76,2,"[579.0, 521.4000244140625]"
1779197533.771207,32.28614606,1.0381894068924569,0.903,0.0,0.3,0.5,0.8983597632744704,16,0.9096506072161852,13.45,2,"[436.0, 561.0]"
1779197533.8213298,32.336268775,1.06023577041267,0.903,0.0,0.3,0.5,1.0557018288962752,16,0.9480001269133262,45.73,2,"[436.0, 561.0]"
1779197533.8711743,32.386113429000005,1.0758411307126243,0.903,0.0,0.3,0.5,1.2123171844470448,16,0.9817477042468103,61.87,2,"[513.3333129882812, 506.0]"
1779197533.9212015,32.43614058,1.0846517298472809,0.903,0.0,0.3,0.5,1.3693502964225246,16,1.0108933392166375,61.87,2,"[513.3333129882812, 506.0]"
1779197533.9709795,32.485918546,1.086303366057715,0.903,0.0,0.3,0.5,1.5261069859435992,16,1.0354370318228079,94.14999999999999,2,"[489.5, 622.0]"
1779197534.0213094,32.536248332,1.0806160477053475,0.903,0.0,0.3,0.5,1.6839235577198082,16,1.0538448012774355,99.53,2,"[489.5, 622.0]"
1779197534.0709658,32.585904830000004,1.0677575565193758,0.903,0.0,0.3,0.5,1.840211562457668,16,1.064582666792635,121.05,2,"[476.1666564941406, 639.3333129882812]"
1779197534.1210814,32.636020534000004,1.0477743948761598,0.903,0.0,0.3,0.5,1.9975319542317607,16,1.0676506283684062,110.28999999999999,2,"[476.1666564941406, 639.3333129882812]"
1779197534.1711853,32.686124372,1.0211263088373896,0.903,0.0,0.3,0.5,2.154858123394746,16,1.0676506283684062,45.73,2,"[464.0, 648.0]"
1779197534.2211683,32.736107218,0.9884515378746493,0.903,0.0,0.3,0.5,2.311868597053561,16,1.0630486860047492,0.0,2,"[464.0, 648.0]"
1779197534.2712226,32.786161821,0.9503657265548907,0.903,0.0,0.3,0.5,2.469080371403251,16,1.047708878125893,-2.69,2,"[465.6000061035156, 637.5999755859375]"
1779197534.3211362,32.836075273,0.9078376651960063,0.903,0.0,0.3,0.5,2.626013511617302,16,1.0246991663076084,-2.69,2,"[465.6000061035156, 637.5999755859375]"
1779197534.3711536,32.886092638,0.86172496988585,0.903,0.0,0.3,0.5,2.7830772604043403,16,0.9970875121256667,-2.69,2,"[490.0, 619.7999877929688]"
1779197534.4211493,32.936088495,0.8131005600938379,0.903,0.0,0.3,0.5,2.940181614276426,16,0.966407896367954,-2.69,2,"[490.0, 619.7999877929688]"
1779197534.4709616,32.985900477,0.7632421393605113,0.903,0.0,0.3,0.5,3.096819127480188,16,0.9280583766708129,-16.14,2,"[489.0, 606.0]"
1779197534.5210016,33.0359406,0.7129894491701884,0.903,0.0,0.3,0.5,3.2539650351982914,16,0.8866408953979006,-29.59,2,"[489.0, 606.0]"
1779197534.5710638,33.086002699000005,0.6636385893311538,0.903,0.0,0.3,0.5,3.4111954391924115,16,0.842155452549217,-48.42,2,"[520.0, 583.0]"
1779197534.6211543,33.136093412,0.6163394320974153,0.903,0.0,0.3,0.5,3.5684960891982627,16,0.7900001057611052,-69.94,2,"[520.0, 583.0]"
1779197534.6713383,33.186277510000004,0.5721550049977733,0.903,0.0,0.3,0.5,3.726003176398976,16,0.7455146629124216,-96.84,2,"[562.75, 535.25]"
1779197534.7215116,33.236450723000004,0.5322042467326704,0.903,0.0,0.3,0.5,3.8833801011328717,16,0.6964272777000811,-96.84,2,"[562.75, 535.25]"
1779197534.7711968,33.286135944,0.49754228691064406,0.903,0.0,0.3,0.5,4.039908403151216,16,0.6473398924877406,-121.05,2,"[594.2000122070312, 497.0]"
1779197534.8214061,33.336345036000004,0.4685838258387501,0.903,0.0,0.3,0.5,4.197302622352666,16,0.6059224112148283,-142.57,2,"[594.2000122070312, 497.0]"
1779197534.870986,33.385925067,0.44633890199194537,0.903,0.0,0.3,0.5,4.35345705913727,16,0.5660389107298016,-196.37,2,"[619.5999755859375, 457.3999938964844]"
1779197534.9209967,33.435935697000005,0.4309659888854914,0.903,0.0,0.3,0.5,4.5105855121666,16,0.5307573526084318,-212.51,2,"[619.5999755859375, 457.3999938964844]"
1779197534.9710422,33.485981108000004,0.4229442584990543,0.903,0.0,0.3,0.5,4.667823176381347,16,0.49854375606283335,-228.65,2,"[520.4000244140625, 426.6000061035156]"
1779197535.0211968,33.536135996,0.42243463907795625,0.903,0.0,0.3,0.5,4.825229308502145,16,0.4740000634566631,-220.57999999999998,2,"[520.4000244140625, 426.6000061035156]"
1779197535.0712893,33.586228317,0.42941030312743944,0.903,0.0,0.3,0.5,4.982621435402891,16,0.45712627478992107,-234.03,2,"[666.3333129882812, 347.0]"
1779197535.1214721,33.636411097,0.44360436267092307,0.903,0.0,0.3,0.5,5.139607366939899,16,0.44638840927472156,-234.03,2,"[666.3333129882812, 347.0]"
1779197535.171102,33.686041030000005,0.46456923674006345,0.903,0.0,0.3,0.5,5.2961933077586565,16,0.4433204476989503,-242.1,2,"[674.0, 396.25]"
1779197535.2212327,33.736171817,0.49194941559912564,0.903,0.0,0.3,0.5,5.453675105138515,16,0.4433204476989503,-244.79,2,"[674.0, 396.25]"
1779197535.2709928,33.785931726,0.52469691757,0.903,0.0,0.3,0.5,5.610137597073944,16,0.44485442848683593,-75.32,2,"[674.4000244140625, 392.20001220703125]"
1779197535.3209853,33.835924171,0.5622857926109633,0.903,0.0,0.3,0.5,5.767205210019938,16,0.4586602555778067,-61.87,2,"[674.4000244140625, 392.20001220703125]"
1779197535.3710396,33.885978582,0.6036887486924515,0.903,0.0,0.3,0.5,5.924449650650033,16,0.483203948183977,-83.39,2,"[660.2000122070312, 389.6000061035156]"
1779197535.4211128,33.936051687,0.647813824802772,0.903,0.0,0.3,0.5,6.081695483005674,16,0.5123495831538042,-75.32,2,"[660.2000122070312, 389.6000061035156]"
1779197535.4711683,33.986107498,0.6935302978412795,0.903,0.0,0.3,0.5,6.23889497372808,16,0.5476311412751739,-53.8,2,"[523.2000122070312, 398.3999938964844]"
1779197535.521182,34.036121039,0.7396583516035012,0.903,0.0,0.3,0.5,0.11277218068961048,17,0.5844466801844292,-53.8,2,"[523.2000122070312, 398.3999938964844]"
1779197535.571336,34.086275095000005,0.7851727564996948,0.903,0.0,0.3,0.5,0.2701615398472299,17,0.6258641614573416,-45.73,2,"[627.0, 348.6666564941406]"
1779197535.6211839,34.13612294,0.8286803244482442,0.903,0.0,0.3,0.5,0.4269823021504706,17,0.6688156235181395,0.0,2,"[627.0, 348.6666564941406]"
1779197535.6709936,34.185932613000006,0.8692008568411823,0.903,0.0,0.3,0.5,0.5835485357585171,17,0.7117670855789375,2.69,2,"[596.25, 473.5]"
1779197535.7211056,34.236044635,0.9059796023200468,0.903,0.0,0.3,0.5,0.7409219136343026,17,0.7547185476397354,2.69,2,"[596.25, 473.5]"
1779197535.7711463,34.28608552,0.9378408363927043,0.903,0.0,0.3,0.5,0.8980829575458174,17,0.7992039904884191,2.69,2,"[569.1666870117188, 526.3333129882812]"
1779197535.8211432,34.336082264000005,0.9640315425193235,0.903,0.0,0.3,0.5,1.0551539791198437,17,0.842155452549217,2.69,2,"[569.1666870117188, 526.3333129882812]"
1779197535.87112,34.386059105,0.983925950395232,0.903,0.0,0.3,0.5,1.2122555621072095,17,0.8789709914584724,8.07,2,"[552.0, 566.75]"
1779197535.9211252,34.436064274,0.9970242383709615,0.903,0.0,0.3,0.5,1.3693031788159615,17,0.9157865303677277,8.07,2,"[552.0, 566.75]"
1779197535.9712172,34.486156279,1.0030177356897514,0.903,0.0,0.3,0.5,1.5265895722743537,17,0.9418642037617837,24.21,2,"[535.5999755859375, 594.7999877929688]"
1779197536.0212786,34.536217763,1.0017378619049266,0.903,0.0,0.3,0.5,1.6838968196247848,17,0.9633399347921826,43.04,2,"[535.5999755859375, 594.7999877929688]"
1779197536.0709684,34.585907479,0.9932996041912213,0.903,0.0,0.3,0.5,1.8402069945819974,17,0.9802137234589247,59.18,2,"[513.0, 613.0]"
1779197536.1211016,34.636040627,0.977808384053801,0.903,0.0,0.3,0.5,1.997570658653295,17,0.9894176081862386,64.56,2,"[513.0, 613.0]"
1779197536.1712074,34.686146506,0.9557096553198791,0.903,0.0,0.3,0.5,2.1548376433522733,17,0.9924855697620099,43.04,2,"[493.25, 626.75]"
1779197536.2215326,34.736471604,0.9274541748374956,0.903,0.0,0.3,0.5,2.3126360755724917,17,0.9894176081862386,0.0,2,"[493.25, 626.75]"
1779197536.271205,34.786144159,0.8941370378520804,0.903,0.0,0.3,0.5,2.4690819830403044,17,0.9786797426710391,0.0,2,"[490.1666564941406, 619.8333129882812]"
1779197536.3210516,34.835990565,0.8563095187640346,0.903,0.0,0.3,0.5,2.625797059025082,17,0.9587379924285258,0.0,2,"[490.1666564941406, 619.8333129882812]"
1779197536.3709722,34.885911285,0.8149115705333999,0.903,0.0,0.3,0.5,2.782754848175095,17,0.9357282806102412,-2.69,2,"[493.5, 597.0]"
1779197536.4211168,34.936055802000006,0.7708989269521743,0.903,0.0,0.3,0.5,2.9402266081664195,17,0.9065826456404139,-2.69,2,"[493.5, 597.0]"
1779197536.470936,34.985875216000004,0.725794823020627,0.903,0.0,0.3,0.5,3.096762525405346,17,0.8743690490948155,-21.52,2,"[504.6000061035156, 597.0]"
1779197536.5210688,35.036008051,0.6802411808975699,0.903,0.0,0.3,0.5,3.2541339397857243,17,0.8375535101855601,-32.28,2,"[504.6000061035156, 597.0]"
1779197536.571204,35.086143046000004,0.635628290297987,0.903,0.0,0.3,0.5,3.411547731109401,17,0.7946020481247621,-69.94,2,"[534.7999877929688, 576.4000244140625]"
1779197536.6214054,35.136344441000006,0.5931401982939566,0.903,0.0,0.3,0.5,3.5688559869110676,17,0.7516505860639642,-88.77,2,"[534.7999877929688, 576.4000244140625]"
1779197536.6711738,35.186112904000005,0.5539653316952261,0.903,0.0,0.3,0.5,3.7256348403683077,17,0.7086991240031663,-129.12,2,"[475.20001220703125, 526.0]"
1779197536.721284,35.236223048,0.5188277184732948,0.903,0.0,0.3,0.5,3.8830675032390545,17,0.6672816427302539,-129.12,2,"[475.20001220703125, 526.0]"
1779197536.7710452,35.285984349,0.48898871917248943,0.903,0.0,0.3,0.5,4.039504190132426,17,0.624330180669456,-142.57,2,"[604.5, 404.1666564941406]"
1779197536.821185,35.336124251,0.4648677783088669,0.903,0.0,0.3,0.5,4.196872585442257,17,0.5859806609723149,-150.64,2,"[604.5, 404.1666564941406]"
1779197536.870976,35.385914893,0.4473769374318574,0.903,0.0,0.3,0.5,4.353491315063543,17,0.5506991028509451,-193.68,2,"[626.5, 438.75]"
1779197536.9210434,35.435982259,0.4368443460873937,0.903,0.0,0.3,0.5,4.510732994233699,17,0.5184855063053467,-201.75,2,"[626.5, 438.75]"
1779197536.9712594,35.486198277,0.43367366515421624,0.903,0.0,0.3,0.5,4.668160922724319,17,0.4908738521234052,-215.2,2,"[645.6666870117188, 411.0]"
1779197537.0211775,35.536116455000005,0.4379999748898313,0.903,0.0,0.3,0.5,4.825140137536231,17,0.47093210188089185,-231.34,2,"[645.6666870117188, 411.0]"
1779197537.0712774,35.586216471,0.44980257422174386,0.903,0.0,0.3,0.5,4.982529082003616,17,0.4586602555778067,-242.1,2,"[655.75, 402.0]"
1779197537.121061,35.636000175,0.4687405717051747,0.903,0.0,0.3,0.5,5.139109895743168,17,0.4540583132141498,-242.1,2,"[655.75, 402.0]"
1779197537.1712136,35.686152684,0.4946003184507552,0.903,0.0,0.3,0.5,5.2964400515872185,17,0.4540583132141498,-250.17,2,"[648.5999755859375, 396.20001220703125]"
1779197537.2210112,35.735950081000006,0.5265959798061729,0.903,0.0,0.3,0.5,5.4531129014251505,17,0.4540583132141498,-169.47,2,"[648.5999755859375, 396.20001220703125]"
1779197537.271,35.785938868,0.5642022110652875,0.903,0.0,0.3,0.5,5.6101375876491275,17,0.4632621979414636,-69.94,2,"[655.7999877929688, 396.6000061035156]"
1779197537.3211744,35.836113517,0.6066503879579334,0.903,0.0,0.3,0.5,5.767673963918149,17,0.48627190975974827,-67.25,2,"[655.7999877929688, 396.6000061035156]"
1779197537.371322,35.88626095,0.6527490934262066,0.903,0.0,0.3,0.5,5.924858557208189,17,0.5154175447295755,-64.56,2,"[645.0, 394.5]"
1779197537.421177,35.936116118,0.7014724409477715,0.903,0.0,0.3,0.5,6.081849747771294,17,0.5491651220630596,-45.73,2,"[645.0, 394.5]"
1779197537.4711633,35.986102276000004,0.7517831394355259,0.903,0.0,0.3,0.5,6.238910556027598,17,0.5859806609723149,-51.11,2,"[645.0, 410.5]"
1779197537.5211284,36.036067354000004,0.8024759323410591,0.903,0.0,0.3,0.5,0.11268698697999469,18,0.6289321230331129,-51.11,2,"[645.0, 410.5]"
1779197537.5711012,36.086040289,0.8524853911988873,0.903,0.0,0.3,0.5,0.2698446599625868,18,0.6749515466696822,-40.35,2,"[612.25, 446.25]"
1779197537.6210635,36.136002584,0.9005367028164815,0.903,0.0,0.3,0.5,0.4267691325225087,18,0.722504951094137,2.69,2,"[612.25, 446.25]"
1779197537.6709476,36.185886477000004,0.9455671678051488,0.903,0.0,0.3,0.5,0.5835158506285012,18,0.7685243747307062,2.69,2,"[581.7999877929688, 497.79998779296875]"
1779197537.721148,36.236087214,0.9868223387886024,0.903,0.0,0.3,0.5,0.7410728671612645,18,0.8191457407309324,2.69,2,"[581.7999877929688, 497.79998779296875]"
1779197537.7712278,36.286166858,1.02309194294957,0.903,0.0,0.3,0.5,0.8984238706141667,18,0.868233125943273,13.45,2,"[557.0, 550.0]"
1779197537.8211968,36.336135968,1.05354816596751,0.903,0.0,0.3,0.5,1.0552769567642173,18,0.9127185687919565,24.21,2,"[557.0, 550.0]"
1779197537.8713422,36.386281304,1.0777430671788446,0.903,0.0,0.3,0.5,1.2127162672450282,18,0.9556700308527545,64.56,2,"[424.20001220703125, 591.5999755859375]"
1779197537.921125,36.436064009,1.0949910648907382,0.903,0.0,0.3,0.5,1.3694212210182855,18,0.9924855697620099,64.56,2,"[424.20001220703125, 591.5999755859375]"
1779197537.9713228,36.486261921,1.1051289950239094,0.903,0.0,0.3,0.5,1.5268334101297114,18,1.0246991663076084,83.39,2,"[484.3333435058594, 542.0]"
1779197538.021165,36.536103868000005,1.107921078517649,0.903,0.0,0.3,0.5,1.6836458000885273,18,1.0507768397016641,99.53,2,"[484.3333435058594, 542.0]"
1779197538.0710063,36.585945332,1.1034679370219238,0.903,0.0,0.3,0.5,1.8402388503314597,18,1.0707185899441776,139.88,2,"[473.25, 660.25]"
1779197538.121033,36.635972171,1.091933083769867,0.903,0.0,0.3,0.5,1.9974724964492054,18,1.0829904362472627,126.42999999999999,2,"[473.25, 660.25]"
1779197538.1712391,36.686178209000005,1.073665998856702,0.903,0.0,0.3,0.5,2.15505602488237,18,1.0906603401866908,121.05,2,"[469.79998779296875, 654.7999877929688]"
1779197538.2212057,36.736144749000005,1.0493654963064651,0.903,0.0,0.3,0.5,2.3119621316916437,18,1.0906603401866908,53.8,2,"[469.79998779296875, 654.7999877929688]"
1779197538.271379,36.786318179000006,1.0195596907326094,0.903,0.0,0.3,0.5,2.469431353276107,18,1.086058397823034,0.0,2,"[455.20001220703125, 659.4000244140625]"
1779197538.3212042,36.83614327,0.9853671520471645,0.903,0.0,0.3,0.5,2.6260722845326683,18,1.0707185899441776,0.0,2,"[455.20001220703125, 659.4000244140625]"
1779197538.3710663,36.886005276,0.9475505127166457,0.903,0.0,0.3,0.5,2.7828882621902977,18,1.0507768397016641,-2.69,2,"[448.20001220703125, 654.5999755859375]"
1779197538.4209914,36.935930527000004,0.9071597501954044,0.903,0.0,0.3,0.5,2.939809747095609,18,1.0246991663076084,-2.69,2,"[448.20001220703125, 654.5999755859375]"
1779197538.470959,36.985898114,0.8652985459912731,0.903,0.0,0.3,0.5,3.096836224027399,18,0.9970875121256667,-2.69,2,"[470.3999938964844, 631.0]"
1779197538.5211852,37.036124261000005,0.822988306218333,0.903,0.0,0.3,0.5,3.2544283949819572,18,0.9633399347921826,-2.69,2,"[470.3999938964844, 631.0]"
1779197538.5713391,37.086278258,0.7815710787752298,0.903,0.0,0.3,0.5,3.411917983511586,18,0.9265243958829272,-10.76,2,"[485.0, 614.75]"
1779197538.6213274,37.136266645,0.7423006145442488,0.903,0.0,0.3,0.5,3.5688379478860526,18,0.885106914610015,-5.38,2,"[485.0, 614.75]"
1779197538.6711473,37.186086548000006,0.7061509439494597,0.903,0.0,0.3,0.5,3.7255605888259424,18,0.8467573949128739,-34.97,2,"[513.1666870117188, 590.6666870117188]"
1779197538.7210495,37.235988587,0.674052112325748,0.903,0.0,0.3,0.5,3.8824056356403958,18,0.803805932852076,-34.97,2,"[513.1666870117188, 590.6666870117188]"
1779197538.7712145,37.286153414000005,0.6468301232155109,0.903,0.0,0.3,0.5,4.039962193500628,18,0.765456413154935,-75.32,2,"[545.25, 559.0]"
1779197538.8211367,37.336075774,0.6255108402791232,0.903,0.0,0.3,0.5,4.196871335088403,18,0.7301748550335652,-78.01,2,"[545.25, 559.0]"
1779197538.871063,37.386001861000004,0.6106308910533997,0.903,0.0,0.3,0.5,4.353563788464484,18,0.6964272777000811,-126.42999999999999,2,"[574.0, 526.5999755859375]"
1779197538.9212239,37.436162848,0.6026166021932644,0.903,0.0,0.3,0.5,4.511112825351901,18,0.6672816427302539,-126.42999999999999,2,"[574.0, 526.5999755859375]"
1779197538.9712203,37.486159403,0.601877619180931,0.903,0.0,0.3,0.5,4.668136091576002,18,0.6427379501240836,-139.88,2,"[622.4000244140625, 482.79998779296875]"
1779197539.0214806,37.536419625,0.608565449848165,0.903,0.0,0.3,0.5,4.8259402917603325,18,0.6273981422452273,-147.95,2,"[622.4000244140625, 482.79998779296875]"
1779197539.0713124,37.586251669,0.6225342965541097,0.903,0.0,0.3,0.5,4.982641177171104,18,0.6181942575179133,-153.32999999999998,2,"[497.20001220703125, 457.0]"
1779197539.1211529,37.636091849,0.6435748144065856,0.903,0.0,0.3,0.5,5.139293707187747,18,0.6135923151542565,-153.32999999999998,2,"[497.20001220703125, 457.0]"
1779197539.1710887,37.686027831000004,0.6713454884993992,0.903,0.0,0.3,0.5,5.2962056133770545,18,0.6151262959421421,-134.5,2,"[613.0, 454.1666564941406]"
1779197539.2212074,37.736146448,0.7053816471174037,0.903,0.0,0.3,0.5,5.453659258945137,18,0.619728238305799,-53.8,2,"[613.0, 454.1666564941406]"
1779197539.2709472,37.785886197,0.7446016817430221,0.903,0.0,0.3,0.5,5.610077501548048,18,0.6350680461846554,5.38,2,"[601.75, 447.25]"
1779197539.3211105,37.836049444000004,0.7886748792462466,0.903,0.0,0.3,0.5,5.767536977912101,18,0.6596117387908257,5.38,2,"[601.75, 447.25]"
1779197539.371183,37.886122086,0.8363137801040568,0.903,0.0,0.3,0.5,5.924762452747345,18,0.6872233929727672,2.69,2,"[602.7999877929688, 443.6000061035156]"
1779197539.4212837,37.936222786,0.8864700426724704,0.903,0.0,0.3,0.5,6.081820672331304,18,0.722504951094137,2.69,2,"[602.7999877929688, 443.6000061035156]"
1779197539.4712012,37.986140189000004,0.9381062580014186,0.903,0.0,0.3,0.5,6.238970673544642,18,0.7623884515791637,2.69,2,"[571.2000122070312, 489.3999938964844]"
1779197539.521256,38.036195167,0.9900485044607125,0.903,0.0,0.3,0.5,0.11296518757585972,19,0.8068738944278473,2.69,2,"[571.2000122070312, 489.3999938964844]"
1779197539.5711143,38.086053503,1.0410296281283826,0.903,0.0,0.3,0.5,0.269851976731907,19,0.8544272988523022,2.69,2,"[445.6000061035156, 529.4000244140625]"
1779197539.6211734,38.136112340000004,1.0900797445229955,0.903,0.0,0.3,0.5,0.4269695629922481,19,0.9004467224888714,2.69,2,"[445.6000061035156, 529.4000244140625]"
1779197539.6709502,38.185889286000005,1.1358730395627463,0.903,0.0,0.3,0.5,0.5835288191230106,19,0.9495341077012119,61.87,2,"[515.5, 490.6666564941406]"
1779197539.7210953,38.236034246,1.1777745120214542,0.903,0.0,0.3,0.5,0.7408590974891851,19,0.9970875121256667,83.39,2,"[515.5, 490.6666564941406]"
1779197539.7711864,38.286125387000006,1.214634453781274,0.903,0.0,0.3,0.5,0.8982162521805108,19,1.0461748973380072,115.67,2,"[496.75, 628.75]"
1779197539.8213837,38.336322945,1.245695935680253,0.903,0.0,0.3,0.5,1.0558499832642738,19,1.0921943209745766,131.81,2,"[496.75, 628.75]"
1779197539.8712208,38.38615996,1.2700901153552147,0.903,0.0,0.3,0.5,1.2124310263400773,19,1.1366797638232602,139.88,2,"[474.0, 647.6666870117188]"
1779197539.921188,38.436127189000004,1.2875952938773654,0.903,0.0,0.3,0.5,1.3694525709713972,19,1.175029283520401,139.88,2,"[474.0, 647.6666870117188]"
1779197539.971061,38.486000249,1.2978013870256606,0.903,0.0,0.3,0.5,1.5262465260645186,19,1.2072428800659996,172.16,2,"[441.5, 687.25]"
1779197540.021159,38.536098076,1.3005915289196943,0.903,0.0,0.3,0.5,1.6835806560232882,19,1.2363885150358267,174.85,2,"[441.5, 687.25]"
1779197540.070975,38.585914215,1.2959908104082951,0.903,0.0,0.3,0.5,1.8402303209074304,19,1.2578642460662257,177.54,2,"[433.20001220703125, 694.7999877929688]"
1779197540.1211648,38.636104005,1.2841592105712398,0.903,0.0,0.3,0.5,1.9977446369128344,19,1.2701360923693108,182.92,2,"[433.20001220703125, 694.7999877929688]"
1779197540.171348,38.686287171000004,1.2654912881848928,0.903,0.0,0.3,0.5,2.1553063626929756,19,1.2778059963087391,180.23,2,"[420.79998779296875, 695.2000122070312]"
1779197540.221225,38.736164217,1.2406929484740195,0.903,0.0,0.3,0.5,2.3120790869029477,19,1.2778059963087391,121.05,2,"[420.79998779296875, 695.2000122070312]"
1779197540.2713492,38.786288303,1.2102744763972992,0.903,0.0,0.3,0.5,2.469422940090972,19,1.2762720155208536,53.8,2,"[412.75, 707.0]"
1779197540.3211546,38.836093626,1.1753722844974115,0.903,0.0,0.3,0.5,2.6258860383537908,19,1.2624661884298827,53.8,2,"[412.75, 707.0]"
1779197540.3713949,38.886334037000005,1.1364568093563667,0.903,0.0,0.3,0.5,2.783600825669616,19,1.2409904573994837,37.66,2,"[405.8333435058594, 709.8333129882812]"
1779197540.4210787,38.936017661,1.0952149809374703,0.903,0.0,0.3,0.5,2.939964756418725,19,1.2164467647933135,51.11,2,"[405.8333435058594, 709.8333129882812]"
1779197540.4710705,38.986009704000004,1.0522509618021112,0.903,0.0,0.3,0.5,3.096957040256079,19,1.184233168247715,-2.69,2,"[420.75, 686.25]"
1779197540.5212362,39.036175267000004,1.0087198026392186,0.903,0.0,0.3,0.5,3.2545023355066505,19,1.1489516101263453,-2.69,2,"[420.75, 686.25]"
1779197540.57118,39.086119110000006,0.9660774873966667,0.903,0.0,0.3,0.5,3.411521806686828,19,1.1090681096413186,-2.69,2,"[441.79998779296875, 672.2000122070312]"
1779197540.6211803,39.136119457,0.9253037405386654,0.903,0.0,0.3,0.5,3.5685789424213183,19,1.0676506283684062,-2.69,2,"[441.79998779296875, 672.2000122070312]"
1779197540.6713593,39.186298398000005,0.8874049880203491,0.903,0.0,0.3,0.5,3.7260323586531356,19,1.026233147095494,-2.69,2,"[449.3999938964844, 652.5999755859375]"
1779197540.721496,39.236435177000004,0.8535261536311949,0.903,0.0,0.3,0.5,3.883385862813789,19,0.9848156658225816,-2.69,2,"[449.3999938964844, 652.5999755859375]"
1779197540.7710257,39.285964897,0.8247686129708409,0.903,0.0,0.3,0.5,4.039479302435431,19,0.9418642037617837,-2.69,2,"[397.0, 623.7999877929688]"
1779197540.8211687,39.336107697,0.8014435957537338,0.903,0.0,0.3,0.5,4.19692816964109,19,0.9050486648525283,-8.07,2,"[397.0, 623.7999877929688]"
1779197540.8709795,39.385918503,0.7845531426818537,0.903,0.0,0.3,0.5,4.353471573295316,19,0.8713010875190442,-18.83,2,"[521.1666870117188, 497.8333435058594]"
1779197540.9210196,39.435958656000004,0.7744032379820418,0.903,0.0,0.3,0.5,4.510649836276166,19,0.8406214717613314,-26.9,2,"[521.1666870117188, 497.8333435058594]"
1779197540.9711509,39.486090095,0.7713958983099266,0.903,0.0,0.3,0.5,4.6680423590175835,19,0.8130098175793898,-32.28,2,"[543.5, 561.25]"
1779197541.0215993,39.536538454,0.7757135909893634,0.903,0.0,0.3,0.5,4.8258804852609885,19,0.7930680673368765,-51.11,2,"[543.5, 561.25]"
1779197541.0712607,39.586199910000005,0.7872115458875023,0.903,0.0,0.3,0.5,4.982458499841478,19,0.7807962210337913,-45.73,2,"[554.5999755859375, 546.0]"
1779197541.1215932,39.636532372000005,0.8057900231918695,0.903,0.0,0.3,0.5,5.1398634664314,19,0.7746602978822488,-45.73,2,"[554.5999755859375, 546.0]"
1779197541.1711688,39.686107826000004,0.8308625869356905,0.903,0.0,0.3,0.5,5.296465913177961,19,0.7746602978822488,-67.25,2,"[561.4000244140625, 537.4000244140625]"
1779197541.2213335,39.736272753,0.8621504709223947,0.903,0.0,0.3,0.5,5.45400224860628,19,0.782330201821677,-10.76,2,"[561.4000244140625, 537.4000244140625]"
1779197541.2709801,39.785919318000005,0.8984468782544489,0.903,0.0,0.3,0.5,5.610103714997145,19,0.7961360289126478,0.0,2,"[569.7999877929688, 525.4000244140625]"
1779197541.3210125,39.835951696,0.9394563261764841,0.903,0.0,0.3,0.5,5.767225818867722,19,0.8160777791551611,0.0,2,"[569.7999877929688, 525.4000244140625]"
1779197541.3711827,39.886121708000005,0.9841186878597339,0.903,0.0,0.3,0.5,5.924768402923824,19,0.842155452549217,2.69,2,"[552.4000244140625, 534.0]"
1779197541.4213994,39.936338473,1.031259498273446,0.903,0.0,0.3,0.5,6.082279115522461,19,0.8728350683069298,2.69,2,"[552.4000244140625, 534.0]"
1779197541.4711707,39.986109747,1.0794857706665257,0.903,0.0,0.3,0.5,6.238894854347542,19,0.9096506072161852,21.52,2,"[532.25, 554.25]"
1779197541.521179,40.036117988,1.128062434068823,0.903,0.0,0.3,0.5,0.1127949855106749,20,0.9526020692769832,21.52,2,"[532.25, 554.25]"
1779197541.5710273,40.085966371000005,1.1755926306229247,0.903,0.0,0.3,0.5,0.26956428852625436,20,0.9955535313377811,53.8,2,"[507.6666564941406, 591.8333129882812]"
1779197541.621012,40.135951111000004,1.221127680352886,0.903,0.0,0.3,0.5,0.42663822863985956,20,1.0400389741864646,64.56,2,"[507.6666564941406, 591.8333129882812]"
1779197541.67097,40.185909164,1.2634465092122429,0.903,0.0,0.3,0.5,0.583568029340924,20,1.0845244170351482,129.12,2,"[482.5, 628.0]"
1779197541.7212002,40.236139419000004,1.3017392182557663,0.903,0.0,0.3,0.5,0.741198342371888,20,1.1320778214596032,131.81,2,"[482.5, 628.0]"
1779197541.771142,40.286081111,1.3347446584459501,0.903,0.0,0.3,0.5,0.8981003651107073,20,1.175029283520401,166.78,2,"[459.79998779296875, 662.4000244140625]"
1779197541.8211768,40.336115721000006,1.3619065210623966,0.903,0.0,0.3,0.5,1.0552993280455496,20,1.2195147263690846,174.85,2,"[459.79998779296875, 662.4000244140625]"
1779197541.8712232,40.386162341,1.3825035642203307,0.903,0.0,0.3,0.5,1.2124721686374755,20,1.2593982268541113,172.16,2,"[441.20001220703125, 687.0]"
1779197541.9210474,40.435986605000004,1.3960190454518095,0.903,0.0,0.3,0.5,1.3691693689600584,20,1.2946797849754812,172.16,2,"[441.20001220703125, 687.0]"
1779197541.9713378,40.486277028,1.402223104175773,0.903,0.0,0.3,0.5,1.5268914479124334,20,1.3222914391574228,199.06,2,"[324.6000061035156, 713.0]"
1779197542.0210602,40.535999311000005,1.400902857177413,0.903,0.0,0.3,0.5,1.6832886010038521,20,1.3437671701878218,228.65,2,"[324.6000061035156, 713.0]"
1779197542.0709887,40.585927787,1.3921412350476805,0.903,0.0,0.3,0.5,1.8401846609998103,20,1.3621749396424494,242.1,2,"[396.0, 611.3333129882812]"
1779197542.1210353,40.635974322,1.376103112135158,0.903,0.0,0.3,0.5,1.9974550637516018,20,1.371378824369763,269.0,2,"[396.0, 611.3333129882812]"
1779197542.171149,40.686087953000005,1.3531937645029017,0.903,0.0,0.3,0.5,2.15474654659009,20,1.372912805157649,244.79,2,"[411.0, 716.25]"
1779197542.2214284,40.736367517000005,1.3238847231434048,0.903,0.0,0.3,0.5,2.3124958694339597,20,1.372912805157649,147.95,2,"[411.0, 716.25]"
1779197542.2713804,40.786319469000006,1.2891450694868445,0.903,0.0,0.3,0.5,2.4694464580535964,20,1.3698448435818775,67.25,2,"[394.79998779296875, 718.4000244140625]"
1779197542.3212824,40.836221517000006,1.2497280347351816,0.903,0.0,0.3,0.5,2.6262441893410937,20,1.3529710549151355,67.25,2,"[394.79998779296875, 718.4000244140625]"
1779197542.3712127,40.886151671,1.2064818475638017,0.903,0.0,0.3,0.5,2.7833099613137904,20,1.325359400733194,-8.07,2,"[393.0, 710.7999877929688]"
1779197542.4210794,40.936018361,1.1605811620183804,0.903,0.0,0.3,0.5,2.940172890073626,20,1.2946797849754812,-5.38,2,"[393.0, 710.7999877929688]"
1779197542.470949,40.985888158,1.1131481566709964,0.903,0.0,0.3,0.5,3.0968200825243457,20,1.260932207641997,-5.38,2,"[397.79998779296875, 694.7999877929688]"
1779197542.5211654,41.036104486,1.0649827943185666,0.903,0.0,0.3,0.5,3.2543862285253624,20,1.2210487071569704,-2.69,2,"[397.79998779296875, 694.7999877929688]"
1779197542.571327,41.086266216000006,1.0175555744358542,0.903,0.0,0.3,0.5,3.4118648026311575,20,1.1780972450961724,-2.69,2,"[410.6000061035156, 688.7999877929688]"
1779197542.6214051,41.136344131,0.972039850065702,0.903,0.0,0.3,0.5,3.569155635159973,20,1.1320778214596032,-2.69,2,"[410.6000061035156, 688.7999877929688]"
1779197542.6713562,41.186295284,0.9295609490524279,0.903,0.0,0.3,0.5,3.7261065819211865,20,1.0845244170351482,-2.69,2,"[430.5, 667.5]"
1779197542.7211144,41.236053538,0.891126376561122,0.903,0.0,0.3,0.5,3.882641760885832,20,1.038504993398579,-2.69,2,"[430.5, 667.5]"
1779197542.7712414,41.286180428,0.8573603461216129,0.903,0.0,0.3,0.5,4.040008396903772,20,0.9909515889741242,-2.69,2,"[463.20001220703125, 660.0]"
1779197542.8211374,41.336076636,0.8293532232968901,0.903,0.0,0.3,0.5,4.1968812939371105,20,0.9480001269133262,-2.69,2,"[463.20001220703125, 660.0]"
1779197542.8710213,41.385960322,0.807668225587233,0.903,0.0,0.3,0.5,4.353498135461194,20,0.9096506072161852,-5.38,2,"[505.3999938964844, 606.5999755859375]"
1779197542.9212172,41.43615632,0.7926728716789033,0.903,0.0,0.3,0.5,4.511070624337776,20,0.8743690490948155,-29.59,2,"[505.3999938964844, 606.5999755859375]"
1779197542.9711928,41.486132048,0.7848572183031272,0.903,0.0,0.3,0.5,4.6681470934334754,20,0.842155452549217,-21.52,2,"[536.0, 608.7999877929688]"
1779197543.0211756,41.536114860000005,0.7843044544166795,0.903,0.0,0.3,0.5,4.825126393068388,20,0.8176117599430467,-29.59,2,"[536.0, 608.7999877929688]"
1779197543.0713239,41.586262856000005,0.7910039901981636,0.903,0.0,0.3,0.5,4.982638607348321,20,0.8007379712763046,-32.28,2,"[541.0, 556.7999877929688]"
1779197543.121166,41.636104968000005,0.804656680698997,0.903,0.0,0.3,0.5,5.13930108678889,20,0.7915340865489908,-32.28,2,"[541.0, 556.7999877929688]"
1779197543.1712706,41.686209588000004,0.8249844571624365,0.903,0.0,0.3,0.5,5.29661040444887,20,0.7884661249732196,-56.49,2,"[566.25, 534.25]"
1779197543.2211292,41.736068267,0.8512936866797064,0.903,0.0,0.3,0.5,5.453438926485973,20,0.7900001057611052,-48.42,2,"[566.25, 534.25]"
1779197543.270976,41.785915072,0.8828978633978891,0.903,0.0,0.3,0.5,5.6101258789333315,20,0.7961360289126478,0.0,2,"[580.5, 531.6666870117188]"
1779197543.3211255,41.836064448,0.9191434869231612,0.903,0.0,0.3,0.5,5.76749029384527,20,0.8145437983672754,2.69,2,"[580.5, 531.6666870117188]"
1779197543.3717453,41.886684516,0.959093389502518,0.903,0.0,0.3,0.5,5.925435884548563,20,0.8360195293976744,2.69,2,"[539.0, 532.0]"
1779197543.42118,41.936119104,1.0011252060790392,0.903,0.0,0.3,0.5,6.081812896889488,20,0.8620972027917303,5.38,2,"[539.0, 532.0]"
1779197543.4714139,41.986352957,1.0448246568160187,0.903,0.0,0.3,0.5,6.239271474758027,20,0.8912428377615575,16.14,2,"[535.2000122070312, 560.0]"
1779197543.5211878,42.036126706000005,1.0885540964093152,0.903,0.0,0.3,0.5,0.11283239873757367,21,0.9295923574586985,16.14,2,"[535.2000122070312, 560.0]"
1779197543.571177,42.086116024000006,1.1314337928836387,0.903,0.0,0.3,0.5,0.2698547507582205,21,0.9679418771558396,34.97,2,"[516.7999877929688, 621.2000122070312]"
1779197543.6210542,42.135993089,1.1722086900801103,0.903,0.0,0.3,0.5,0.42670494035986195,21,1.0062913968529805,61.87,2,"[516.7999877929688, 621.2000122070312]"
1779197543.67107,42.186009019000004,1.2098944143412622,0.903,0.0,0.3,0.5,0.5837771023320286,21,1.0492428589137786,104.91,2,"[376.0, 628.0]"
1779197543.7212055,42.236144375,1.2434791370729679,0.903,0.0,0.3,0.5,0.7411498361813145,21,1.0906603401866908,126.42999999999999,2,"[376.0, 628.0]"
1779197543.7711272,42.286066294,1.2718899671260762,0.903,0.0,0.3,0.5,0.8980284760460009,21,1.1336118022474888,139.88,2,"[464.6666564941406, 527.6666870117188]"
1779197543.8212337,42.336172823000005,1.294510067835963,0.903,0.0,0.3,0.5,1.0553637558276776,21,1.1704273411567443,153.32999999999998,2,"[464.6666564941406, 527.6666870117188]"
1779197543.871365,42.386303943,1.3106070672519228,0.903,0.0,0.3,0.5,1.2127955170613305,21,1.2041749184902284,166.78,2,"[430.0, 668.75]"
1779197543.9211953,42.436134445,1.3196465831632935,0.903,0.0,0.3,0.5,1.369432819778389,21,1.2363885150358267,166.78,2,"[430.0, 668.75]"
1779197543.9710863,42.486025243,1.3214093446023645,0.903,0.0,0.3,0.5,1.5262776341149973,21,1.260932207641997,169.47,2,"[419.79998779296875, 673.7999877929688]"
1779197544.0210505,42.535989532,1.3157268078563533,0.903,0.0,0.3,0.5,1.6833373710882213,21,1.2808739578845103,174.85,2,"[419.79998779296875, 673.7999877929688]"
1779197544.0709612,42.585900321000004,1.302656777346074,0.903,0.0,0.3,0.5,1.8401784563543302,21,1.2916118233997098,204.44,2,"[400.0, 696.7999877929688]"
1779197544.1212106,42.636149504,1.2823170918384457,0.903,0.0,0.3,0.5,1.9976878274929177,21,1.2962137657633668,180.23,2,"[400.0, 696.7999877929688]"
1779197544.171141,42.68608007,1.255232014781382,0.903,0.0,0.3,0.5,2.1547675795529315,21,1.2946797849754812,121.05,2,"[400.3999938964844, 702.0]"
1779197544.2213275,42.736266434,1.2218567636333095,0.903,0.0,0.3,0.5,2.3121204616782407,21,1.2931458041875956,61.87,2,"[400.3999938964844, 702.0]"
1779197544.2713697,42.786308677,1.1829594116896578,0.903,0.0,0.3,0.5,2.4694461753102885,21,1.2778059963087391,-5.38,2,"[406.20001220703125, 689.4000244140625]"
1779197544.3213694,42.836308447,1.139507975645339,0.903,0.0,0.3,0.5,2.6263613047736456,21,1.2563302652783401,-5.38,2,"[406.20001220703125, 689.4000244140625]"
1779197544.3711004,42.886039502,1.0924323788334913,0.903,0.0,0.3,0.5,2.7830700410244518,21,1.227184630308513,-5.38,2,"[383.25, 679.0]"
1779197544.421031,42.935970043000005,1.042671637302258,0.903,0.0,0.3,0.5,2.9399408834561953,21,1.193437052975029,-5.38,2,"[383.25, 679.0]"
1779197544.4709542,42.985893188000006,0.99138299763806,0.903,0.0,0.3,0.5,3.096818285533381,21,1.1535535524900022,-2.69,2,"[438.5, 695.5]"
1779197544.5211744,43.036113500000006,0.9394781794939635,0.903,0.0,0.3,0.5,3.2544247161769775,21,1.1106020904292042,-2.69,2,"[438.5, 695.5]"
1779197544.5711818,43.086120724000004,0.8885383313663519,0.903,0.0,0.3,0.5,3.411491477751362,21,1.0661166475805206,-2.69,2,"[426.25, 643.0]"
1779197544.6211827,43.13612175,0.8395298927066522,0.903,0.0,0.3,0.5,3.5685467410966467,21,1.0139613007924089,-2.69,2,"[426.25, 643.0]"
1779197544.6711957,43.186134835000004,0.7935184243899323,0.903,0.0,0.3,0.5,3.725682696249244,21,0.9648739155800683,-16.14,2,"[464.6000061035156, 624.2000122070312]"
1779197544.721193,43.23613212,0.7515570615123657,0.903,0.0,0.3,0.5,3.882782708440267,21,0.9142525495798421,-16.14,2,"[464.6000061035156, 624.2000122070312]"
1779197544.7712822,43.286221350000005,0.7145062225431764,0.903,0.0,0.3,0.5,4.040093411542621,21,0.8651651643675016,-5.38,2,"[517.4000244140625, 590.2000122070312]"
1779197544.821059,43.33599808,0.6833755630733704,0.903,0.0,0.3,0.5,4.196550553345766,21,0.8160777791551611,-56.49,2,"[517.4000244140625, 590.2000122070312]"
1779197544.8711011,43.386039988,0.6584893641150518,0.903,0.0,0.3,0.5,4.35377272008396,21,0.7746602978822488,-78.01,2,"[438.6000061035156, 559.0]"
1779197544.9210725,43.436011482000005,0.6405281787534487,0.903,0.0,0.3,0.5,4.510793491883483,21,0.7378447589729934,-96.84,2,"[438.6000061035156, 559.0]"
1779197544.9711468,43.486085967,0.629766561145191,0.903,0.0,0.3,0.5,4.668093230827459,21,0.705631162427395,-126.42999999999999,2,"[584.5, 438.5]"
1779197545.0211923,43.536131366,0.6263881307621688,0.903,0.0,0.3,0.5,4.825166457799533,21,0.6780195082454534,-131.81,2,"[584.5, 438.5]"
1779197545.071222,43.586161293,0.6303416443625269,0.903,0.0,0.3,0.5,4.982365254229968,21,0.6565437772150544,-129.12,2,"[609.0, 514.25]"
1779197545.1211975,43.636136396000005,0.6414064001417403,0.903,0.0,0.3,0.5,5.139471577880649,21,0.641203969336198,-129.12,2,"[609.0, 514.25]"
1779197545.1711388,43.68607766,0.6591678190979241,0.903,0.0,0.3,0.5,5.296414114598328,21,0.6366020269725411,-145.26,2,"[617.4000244140625, 460.3999938964844]"
1779197545.2211173,43.736056285000004,0.6831073616788116,0.903,0.0,0.3,0.5,5.453534430902671,21,0.6366020269725411,-131.81,2,"[617.4000244140625, 460.3999938964844]"
1779197545.2709372,43.785876201,0.7123823465851151,0.903,0.0,0.3,0.5,5.610083077875039,21,0.6396699885483124,-53.8,2,"[636.7999877929688, 456.20001220703125]"
1779197545.3211823,43.836121316,0.7464757609543696,0.903,0.0,0.3,0.5,5.767688792235511,21,0.6519418348513975,5.38,2,"[636.7999877929688, 456.20001220703125]"
1779197545.3711867,43.886125871000004,0.7841084158819421,0.903,0.0,0.3,0.5,5.924763759649899,21,0.6734175658817965,5.38,2,"[618.7999877929688, 439.79998779296875]"
1779197545.4215112,43.936450416,0.8245339798167989,0.903,0.0,0.3,0.5,6.082575493373419,21,0.6979612584879668,2.69,2,"[618.7999877929688, 439.79998779296875]"
1779197545.4712148,43.986153863000006,0.8660849912293647,0.903,0.0,0.3,0.5,6.238998215887456,21,0.7286408742456796,2.69,2,"[591.7999877929688, 473.79998779296875]"
1779197545.5210922,44.036031219,0.9080982313148217,0.903,0.0,0.3,0.5,0.11270036702315167,22,0.7623884515791637,2.69,2,"[591.7999877929688, 473.79998779296875]"
1779197545.5710597,44.085999017000006,0.9493158184621384,0.903,0.0,0.3,0.5,0.2696461678556119,22,0.8007379712763046,2.69,2,"[570.75, 504.75]"
1779197545.6210876,44.136026643,0.9886551778202401,0.903,0.0,0.3,0.5,0.4268611686209596,22,0.8406214717613314,2.69,2,"[570.75, 504.75]"
1779197545.6709569,44.185896001,1.0248391857811947,0.903,0.0,0.3,0.5,0.5835459973516635,22,0.8774370106705868,24.21,2,"[548.7999877929688, 537.0]"
1779197545.7210946,44.236033512000006,1.0571332137679965,0.903,0.0,0.3,0.5,0.7409265820409843,22,0.9173205111556134,18.83,2,"[548.7999877929688, 537.0]"
1779197545.771368,44.286307167000004,1.0845092260151,0.903,0.0,0.3,0.5,0.8986688614341318,22,0.9572040116406401,53.8,2,"[520.5999755859375, 584.7999877929688]"
1779197545.8214588,44.336397822,1.1060477933728268,0.903,0.0,0.3,0.5,1.0560499267871393,22,0.9940195505498954,64.56,2,"[520.5999755859375, 584.7999877929688]"
1779197545.8712447,44.386183662,1.1210958007779195,0.903,0.0,0.3,0.5,1.2124542615593583,22,1.026233147095494,96.84,2,"[495.20001220703125, 620.2000122070312]"
1779197545.9214504,44.436389485,1.1293587377392065,0.903,0.0,0.3,0.5,1.3700000531815562,22,1.0569127628532067,96.84,2,"[495.20001220703125, 620.2000122070312]"
1779197545.9710817,44.486020790000005,1.1304038456240444,0.903,0.0,0.3,0.5,1.526303121856202,22,1.0799224746714913,121.05,2,"[480.20001220703125, 631.0]"
1779197546.0211935,44.536132655,1.1241191016703287,0.903,0.0,0.3,0.5,1.6836829745544577,22,1.0983302441261191,118.36,2,"[480.20001220703125, 631.0]"
1779197546.071177,44.586116113,1.110556002524841,0.903,0.0,0.3,0.5,1.8406889808685065,22,1.1090681096413186,112.98,2,"[372.20001220703125, 644.4000244140625]"
1779197546.121071,44.636010184,1.0899575368835652,0.903,0.0,0.3,0.5,1.9975246374625186,22,1.1121360712170898,112.98,2,"[372.20001220703125, 644.4000244140625]"
1779197546.1711848,44.686123768,1.0626118285231236,0.903,0.0,0.3,0.5,2.1548644348544173,22,1.1121360712170898,51.11,2,"[451.6666564941406, 553.3333129882812]"
1779197546.221318,44.736257061,1.029118401738155,0.903,0.0,0.3,0.5,2.312301106397385,22,1.1060001480655473,32.28,2,"[451.6666564941406, 553.3333129882812]"
1779197546.2711957,44.786134822,0.9904012059656419,0.903,0.0,0.3,0.5,2.4690208664968196,22,1.0921943209745766,-2.69,2,"[445.5, 645.25]"
1779197546.321219,44.836158057000006,0.947079533531558,0.903,0.0,0.3,0.5,2.6260387448895273,22,1.0676506283684062,-2.69,2,"[445.5, 645.25]"
1779197546.3710299,44.885969058,0.9002242155476945,0.903,0.0,0.3,0.5,2.7829270640011856,22,1.0400389741864646,-2.69,2,"[454.6000061035156, 631.5999755859375]"
1779197546.4211507,44.936089753000005,0.8507194697428246,0.903,0.0,0.3,0.5,2.9402236393613776,22,1.004757416065095,-2.69,2,"[454.6000061035156, 631.5999755859375]"
1779197546.471151,44.986090244,0.7998919104167183,0.903,0.0,0.3,0.5,3.097251203284216,22,0.966407896367954,-8.07,2,"[465.20001220703125, 629.7999877929688]"
1779197546.5215533,45.036492366000004,0.7485022923092818,0.903,0.0,0.3,0.5,3.2552314394713022,22,0.9249904150950417,-18.83,2,"[465.20001220703125, 629.7999877929688]"
1779197546.5719154,45.086854546000005,0.6979254082068894,0.903,0.0,0.3,0.5,3.413566716468935,22,0.8774370106705868,-40.35,2,"[503.20001220703125, 603.2000122070312]"
1779197546.6240437,45.138982631000005,0.6478580389013701,0.903,0.0,0.3,0.5,3.577246810180881,22,0.8283496254582462,-43.04,2,"[503.20001220703125, 603.2000122070312]"
1779197546.6720297,45.186968771000004,0.604804397259287,0.903,0.0,0.3,0.5,3.727945214729644,22,0.7746602978822488,-43.04,2,"[549.8333129882812, 480.0]"
1779197546.7214653,45.236404479,0.5644757339209533,0.903,0.0,0.3,0.5,3.883189786591501,22,0.7301748550335652,-96.84,2,"[549.8333129882812, 480.0]"
1779197546.771118,45.286057103000005,0.5288485230424714,0.903,0.0,0.3,0.5,4.039655153084212,22,0.684155431396996,-112.98,2,"[594.25, 510.25]"
1779197546.821063,45.336002133,0.4989414397666963,0.903,0.0,0.3,0.5,4.196706423465216,22,0.6381360077604268,-137.19,2,"[594.25, 510.25]"
1779197546.8709774,45.385916400000006,0.4755833527586593,0.903,0.0,0.3,0.5,4.353485390019799,22,0.5967185264875144,-172.16,2,"[621.0, 468.6000061035156]"
1779197546.9211943,45.436133337,0.45914282472253787,0.903,0.0,0.3,0.5,4.511058500931725,22,0.5599029875782591,-204.44,2,"[621.0, 468.6000061035156]"
1779197546.971188,45.486127224,0.4500986453937922,0.903,0.0,0.3,0.5,4.66810395936632,22,0.5276893910326605,-199.06,2,"[642.4000244140625, 435.6000061035156]"
1779197547.0211778,45.536116866,0.448528339141796,0.903,0.0,0.3,0.5,4.825193177044994,22,0.5031456984264903,-217.89,2,"[642.4000244140625, 435.6000061035156]"
1779197547.0710306,45.585969595,0.4543786846461759,0.903,0.0,0.3,0.5,4.981967811343296,22,0.4816699673960913,-217.89,2,"[656.2000122070312, 409.20001220703125]"
1779197547.1211867,45.636125707000005,0.4674916002839265,0.903,0.0,0.3,0.5,5.139402340320075,22,0.4693981210930062,-234.03,2,"[656.2000122070312, 409.20001220703125]"
1779197547.1711268,45.686065946,0.48739413313929786,0.903,0.0,0.3,0.5,5.296379120397674,22,0.46479617872934925,-239.41,2,"[662.2000122070312, 395.3999938964844]"
1779197547.2210267,45.735965820000004,0.5135075562892464,0.903,0.0,0.3,0.5,5.453096150453078,22,0.46479617872934925,-225.96,2,"[662.2000122070312, 395.3999938964844]"
1779197547.27096,45.785899021000006,0.5452167037345381,0.903,0.0,0.3,0.5,5.610105028182815,22,0.4663301595172349,-75.32,2,"[657.5, 400.0]"
1779197547.3210278,45.835966883000005,0.5816944376889575,0.903,0.0,0.3,0.5,5.767358538590898,22,0.4816699673960913,-88.77,2,"[657.5, 400.0]"
1779197547.3711793,45.886118444000005,0.6219706546124882,0.903,0.0,0.3,0.5,5.924751476022536,22,0.504679679214376,-64.56,2,"[652.0, 396.3333435058594]"
1779197547.4211838,45.936123014,0.6648804687878392,0.903,0.0,0.3,0.5,6.081859442726156,22,0.5338253141842031,-67.25,2,"[652.0, 396.3333435058594]"
1779197547.4714272,45.986366179,0.7095356361270269,0.903,0.0,0.3,0.5,6.239509953056299,22,0.5660389107298016,-67.25,2,"[641.5, 405.75]"
1779197547.5210524,46.035991408,0.7542209691094407,0.903,0.0,0.3,0.5,0.11253836137310458,23,0.602854449639057,-45.73,2,"[641.5, 405.75]"
1779197547.5711105,46.086049586,0.7985035803622197,0.903,0.0,0.3,0.5,0.2698493817763037,23,0.641203969336198,-43.04,2,"[632.0, 424.3999938964844]"
1779197547.621334,46.136273092,0.841034771484623,0.903,0.0,0.3,0.5,0.42756890975544337,23,0.6826214506091103,2.69,2,"[632.0, 424.3999938964844]"
1779197547.6711853,46.186124265000004,0.8803045792959043,0.903,0.0,0.3,0.5,0.584068202307229,23,0.7255729126699083,2.69,2,"[607.4000244140625, 467.3999938964844]"
1779197547.7213902,46.236329350000005,0.9158052960202088,0.903,0.0,0.3,0.5,0.7413075598404006,23,0.7685243747307062,2.69,2,"[607.4000244140625, 467.3999938964844]"
1779197547.771147,46.286086129000005,0.9463572191600832,0.903,0.0,0.3,0.5,0.8981487864781954,23,0.8130098175793898,2.69,2,"[481.79998779296875, 514.7999877929688]"
1779197547.8212514,46.336190598,0.971338370343729,0.903,0.0,0.3,0.5,1.055486645507436,23,0.8544272988523022,2.69,2,"[481.79998779296875, 514.7999877929688]"
1779197547.871222,46.386161274,0.989955538115231,0.903,0.0,0.3,0.5,1.2124417643036836,23,0.8881748761857863,21.52,2,"[539.0, 473.1666564941406]"
1779197547.9212043,46.436143512,1.0017927267288678,0.903,0.0,0.3,0.5,1.3694815458803689,23,0.9219224535192704,21.52,2,"[539.0, 473.1666564941406]"
1779197547.9711442,46.486083332,1.006517987618075,0.903,0.0,0.3,0.5,1.5263831947696573,23,0.9495341077012119,43.04,2,"[517.0, 597.5]"
1779197548.0216782,46.536617314000004,1.0039241860934158,0.903,0.0,0.3,0.5,1.685306753841239,23,0.9694758579437253,61.87,2,"[517.0, 597.5]"
1779197548.0709574,46.585896383000005,0.9942906153793685,0.903,0.0,0.3,0.5,1.8401816796282944,23,0.9848156658225816,75.32,2,"[505.20001220703125, 619.0]"
1779197548.1213403,46.636279372000004,0.9774739963238823,0.903,0.0,0.3,0.5,1.9980473859136154,23,0.9924855697620099,94.14999999999999,2,"[505.20001220703125, 619.0]"
1779197548.171182,46.686121075,0.9541738253485632,0.903,0.0,0.3,0.5,2.1548450700772364,23,0.9940195505498954,59.18,2,"[478.3999938964844, 626.7999877929688]"
1779197548.221204,46.736143252000005,0.924793061020168,0.903,0.0,0.3,0.5,2.3119624144349515,23,0.9924855697620099,-2.69,2,"[478.3999938964844, 626.7999877929688]"
1779197548.2711384,46.786077538,0.8901029960772987,0.903,0.0,0.3,0.5,2.469009930612735,23,0.9786797426710391,-2.69,2,"[494.3999938964844, 615.5999755859375]"
1779197548.321106,46.836045123000005,0.8509491092063838,0.903,0.0,0.3,0.5,2.6260180260859087,23,0.9572040116406401,0.0,2,"[494.3999938964844, 615.5999755859375]"
1779197548.3713748,46.886314022,0.8081473311204223,0.903,0.0,0.3,0.5,2.7835081518278955,23,0.9341942998223555,-2.69,2,"[502.20001220703125, 597.0]"
1779197548.4211543,46.936093146000005,0.7631589490034755,0.903,0.0,0.3,0.5,2.940012065662465,23,0.9050486648525283,-2.69,2,"[502.20001220703125, 597.0]"
1779197548.471143,46.986082030000006,0.7166058837229556,0.903,0.0,0.3,0.5,3.097260521247982,23,0.8713010875190442,-29.59,2,"[506.75, 594.0]"
1779197548.521181,47.036120212,0.669877927985254,0.903,0.0,0.3,0.5,3.2544183293190585,23,0.8298836062461319,-51.11,2,"[506.75, 594.0]"
1779197548.5713663,47.086305311000004,0.6240003426209955,0.903,0.0,0.3,0.5,3.4119547055880943,23,0.786932144185334,-69.94,2,"[530.4000244140625, 559.0]"
1779197548.6212132,47.136152454000005,0.5804596411684347,0.903,0.0,0.3,0.5,3.5686498010436125,23,0.7439806821245359,-88.77,2,"[530.4000244140625, 559.0]"
1779197548.6711185,47.186057551000005,0.540031058929019,0.903,0.0,0.3,0.5,3.7255781660368186,23,0.6994952392758523,-88.77,2,"[570.4000244140625, 517.4000244140625]"
1779197548.7212439,47.236182715000005,0.5037181494957054,0.903,0.0,0.3,0.5,3.882849341620407,23,0.6534758156392831,-137.19,2,"[570.4000244140625, 517.4000244140625]"
1779197548.771376,47.286315017,0.4725345914873591,0.903,0.0,0.3,0.5,4.040093681719547,23,0.6135923151542565,-139.88,2,"[597.7999877929688, 477.79998779296875]"
1779197548.8212154,47.336154299,0.4473356988849747,0.903,0.0,0.3,0.5,4.196846004426838,23,0.5737088146692298,-156.02,2,"[597.7999877929688, 477.79998779296875]"
1779197548.870976,47.385914891000006,0.4286704527054789,0.903,0.0,0.3,0.5,4.353484808825179,23,0.5353592949720888,-193.68,2,"[629.5999755859375, 439.6000061035156]"
1779197548.9211814,47.436120733,0.41695665566916745,0.903,0.0,0.3,0.5,4.511054278631228,23,0.5016117176386047,-228.65,2,"[629.5999755859375, 439.6000061035156]"
1779197548.9712076,47.486146588000004,0.4126494850409905,0.903,0.0,0.3,0.5,4.6681601310430025,23,0.4740000634566631,-212.51,2,"[522.0, 423.0]"
1779197549.0211427,47.536081630000005,0.41583815370483285,0.903,0.0,0.3,0.5,4.825111109220153,23,0.4540583132141498,-236.72,2,"[522.0, 423.0]"
1779197549.0710607,47.585999766,0.42647038545325866,0.903,0.0,0.3,0.5,4.982020599524695,23,0.4387185053352934,-236.72,2,"[668.3333129882812, 336.8333435058594]"
1779197549.1210663,47.636005462,0.4443488883866017,0.903,0.0,0.3,0.5,5.139102550699555,23,0.4356505437595221,-239.41,2,"[668.3333129882812, 336.8333435058594]"
1779197549.1712162,47.686155345,0.46914546322973427,0.903,0.0,0.3,0.5,5.296611582546113,23,0.4356505437595221,-247.48,2,"[660.0, 390.75]"
1779197549.2211246,47.736063722000004,0.5001135371264541,0.903,0.0,0.3,0.5,5.453469880598384,23,0.4356505437595221,-209.82,2,"[660.0, 390.75]"
1779197549.2710044,47.785943726000006,0.5365919722337207,0.903,0.0,0.3,0.5,5.61017397357525,23,0.4433204476989503,-80.7,2,"[662.5999755859375, 388.0]"
1779197549.321211,47.836150029,0.5780038306969606,0.903,0.0,0.3,0.5,5.767740801301862,23,0.46019423636569234,-67.25,2,"[662.5999755859375, 388.0]"
1779197549.3713589,47.886298031,0.6231763600615225,0.903,0.0,0.3,0.5,5.9252547497409225,23,0.48933987133551954,-67.25,2,"[655.2000122070312, 386.3999938964844]"
1779197549.4214258,47.936364816,0.6708596724813776,0.903,0.0,0.3,0.5,6.0821162365097265,23,0.521553467881118,-64.56,2,"[655.2000122070312, 386.3999938964844]"
1779197549.4710486,47.985987538,0.7200074798861708,0.903,0.0,0.3,0.5,6.238613904858106,23,0.5583690067903734,-64.56,2,"[633.7999877929688, 396.0]"
1779197549.5209954,48.035934479000005,0.7697459640571573,0.903,0.0,0.3,0.5,0.11242546824115607,24,0.6013204688511713,-56.49,2,"[633.7999877929688, 396.0]"
1779197549.571093,48.086032093,0.8188904883021191,0.903,0.0,0.3,0.5,0.2698405884585213,24,0.6442719309119693,-34.97,2,"[611.5999755859375, 428.20001220703125]"
1779197549.6214106,48.136349834,0.8663230841664992,0.903,0.0,0.3,0.5,0.42780923531032045,24,0.6887573737606529,2.69,2,"[611.5999755859375, 428.20001220703125]"
1779197549.6710162,48.185955296,0.9101735386109518,0.903,0.0,0.3,0.5,0.5836068594261121,24,0.7363107781851077,2.69,2,"[599.5, 483.0]"
1779197549.7212,48.236139084,0.9505507515872474,0.903,0.0,0.3,0.5,0.7411958510888894,24,0.7853981633974483,2.69,2,"[599.5, 483.0]"
1779197549.7711892,48.286128138,0.9858914550726917,0.903,0.0,0.3,0.5,0.8982299620908236,24,0.8360195293976744,2.69,2,"[567.4000244140625, 540.0]"
1779197549.8211973,48.336136137000004,1.0155595650319036,0.903,0.0,0.3,0.5,1.055302758664709,24,0.8774370106705868,13.45,2,"[567.4000244140625, 540.0]"
1779197549.871267,48.386206276,1.0389162684051545,0.903,0.0,0.3,0.5,1.212543162348254,24,0.9219224535192704,13.45,2,"[537.0, 593.2000122070312]"
1779197549.921064,48.436002762,1.0553934624300285,0.903,0.0,0.3,0.5,1.369309282930459,24,0.9587379924285258,29.59,2,"[537.0, 593.2000122070312]"
1779197549.971178,48.486117236000005,1.0647666800786104,0.903,0.0,0.3,0.5,1.526506332635364,24,0.9878836273983529,59.18,2,"[529.2000122070312, 617.5999755859375]"
1779197550.0215087,48.536447671000005,1.0668261077925134,0.903,0.0,0.3,0.5,1.684708311856724,24,1.012427320004523,96.84,2,"[529.2000122070312, 617.5999755859375]"
1779197550.071059,48.585998202000006,1.0616669458500243,0.903,0.0,0.3,0.5,1.8404187756259205,24,1.0323690702470365,107.6,2,"[490.6000061035156, 631.4000244140625]"
1779197550.121186,48.636125042,1.0494256354807106,0.903,0.0,0.3,0.5,1.9978053858899614,24,1.0446409165501216,112.98,2,"[490.6000061035156, 631.4000244140625]"
1779197550.171129,48.686067941000005,1.03058255599364,0.903,0.0,0.3,0.5,2.154707691372124,24,1.0507768397016641,107.6,2,"[382.20001220703125, 637.7999877929688]"
1779197550.2212064,48.736145446,1.0055990973644136,0.903,0.0,0.3,0.5,2.3119976819540966,24,1.0492428589137786,45.73,2,"[382.20001220703125, 637.7999877929688]"
1779197550.2712076,48.786146563,0.9752708478100132,0.903,0.0,0.3,0.5,2.469078118881299,24,1.0446409165501216,45.73,2,"[472.1666564941406, 545.0]"
1779197550.3211143,48.836053307,0.9404407321730381,0.903,0.0,0.3,0.5,2.6260409817034542,24,1.0277671278833795,-2.69,2,"[472.1666564941406, 545.0]"
1779197550.3711638,48.886102947000005,0.9020176536814273,0.903,0.0,0.3,0.5,2.783106807083243,24,1.012427320004523,-2.69,2,"[470.5, 640.5]"
1779197550.421038,48.935976951,0.8611399355883191,0.903,0.0,0.3,0.5,2.9399113996090875,24,0.9878836273983529,-2.69,2,"[470.5, 640.5]"
1779197550.4710336,48.985972511,0.8187934715225035,0.903,0.0,0.3,0.5,3.096930679152109,24,0.9556700308527545,-5.38,2,"[468.6000061035156, 624.7999877929688]"
1779197550.52118,49.036119214,0.7760593738221264,0.903,0.0,0.3,0.5,3.254393561002587,24,0.9203884727313847,-13.45,2,"[468.6000061035156, 624.7999877929688]"
1779197550.5711975,49.086136532000005,0.7343226029394869,0.903,0.0,0.3,0.5,3.4114623394794705,24,0.880504972246358,-18.83,2,"[507.79998779296875, 599.7999877929688]"
1779197550.6214397,49.13637863,0.694440843475222,0.903,0.0,0.3,0.5,3.569228447852879,24,0.8406214717613314,-43.04,2,"[507.79998779296875, 599.7999877929688]"
1779197550.671154,49.186093054000004,0.6580312322870844,0.903,0.0,0.3,0.5,3.7255081399365793,24,0.7976700097005334,-43.04,2,"[437.20001220703125, 574.5999755859375]"
1779197550.7210553,49.235994397000006,0.6255787644867207,0.903,0.0,0.3,0.5,3.882433064885845,24,0.7577865092155067,-64.56,2,"[437.20001220703125, 574.5999755859375]"
1779197550.771065,49.286004032,0.598102434141263,0.903,0.0,0.3,0.5,4.039656422287635,24,0.7209709703062513,-83.39,2,"[569.8333129882812, 447.5]"
1779197550.821373,49.33631221,0.5763852681862416,0.903,0.0,0.3,0.5,4.197503891627576,24,0.6856894121848816,-131.81,2,"[569.8333129882812, 447.5]"
1779197550.870969,49.385908076,0.5613412609443891,0.903,0.0,0.3,0.5,4.353485587940128,24,0.6504078540635119,-137.19,2,"[591.0, 482.25]"
1779197550.9210773,49.436016537,0.5531162139299457,0.903,0.0,0.3,0.5,4.510789162768731,24,0.6212622190936846,-142.57,2,"[591.0, 482.25]"
1779197550.9713976,49.486336808000004,0.5521950900652337,0.903,0.0,0.3,0.5,4.6686833413082525,24,0.5982525072754,-166.78,2,"[613.2000122070312, 452.79998779296875]"
1779197551.0212183,49.536157372000005,0.558673748604337,0.903,0.0,0.3,0.5,4.825205382132424,24,0.5798447378207724,-174.85,2,"[613.2000122070312, 452.79998779296875]"
1779197551.0711005,49.586039574000004,0.572511843468709,0.903,0.0,0.3,0.5,4.982107995490651,24,0.5691068723055729,-174.85,2,"[625.7999877929688, 434.79998779296875]"
1779197551.1211073,49.636046376,0.5935039194390406,0.903,0.0,0.3,0.5,5.139164908172063,24,0.5675728915176872,-199.06,2,"[625.7999877929688, 434.79998779296875]"
1779197551.171171,49.68611009,0.6212936901766226,0.903,0.0,0.3,0.5,5.296486939857516,24,0.5675728915176872,-190.99,2,"[623.0, 433.0]"
1779197551.2209334,49.73587254500001,0.6550872092634215,0.903,0.0,0.3,0.5,5.452965887455264,24,0.5706408530934585,-91.46,2,"[623.0, 433.0]"
1779197551.2712502,49.786189234000005,0.6946364841876831,0.903,0.0,0.3,0.5,5.610678035833246,24,0.5844466801844292,5.38,2,"[620.7999877929688, 431.0]"
1779197551.3210113,49.835950351,0.7385043202609534,0.903,0.0,0.3,0.5,5.767250317007154,24,0.6089903727905995,5.38,2,"[620.7999877929688, 431.0]"
1779197551.3717532,49.886692419000006,0.7867335398429858,0.903,0.0,0.3,0.5,5.9261559721421975,24,0.6381360077604268,5.38,2,"[618.0, 434.0]"
1779197551.4212127,49.936151875,0.836583744383483,0.903,0.0,0.3,0.5,6.081907414845972,24,0.6749515466696822,2.69,2,"[618.0, 434.0]"
1779197551.4711328,49.98607186,0.8882617642474008,0.903,0.0,0.3,0.5,6.238779809224468,24,0.7148350471547088,2.69,2,"[604.4000244140625, 461.0]"
1779197551.5211246,50.036063759,0.940359821526179,0.903,0.0,0.3,0.5,0.1127458761342055,25,0.7593204900033924,2.69,2,"[604.4000244140625, 461.0]"
1779197551.571153,50.086092051,0.9916083933605482,0.903,0.0,0.3,0.5,0.2698494257585722,25,0.803805932852076,2.69,2,"[582.7999877929688, 508.3999938964844]"
1779197551.621018,50.135956949000004,1.0408180029892915,0.903,0.0,0.3,0.5,0.42674433279004376,25,0.8528933180644165,2.69,2,"[582.7999877929688, 508.3999938964844]"
1779197551.6711414,50.186080596000004,1.0870532812455107,0.903,0.0,0.3,0.5,0.5839391990880713,25,0.8989127417009857,32.28,2,"[549.4000244140625, 555.4000244140625]"
1779197551.721144,50.236082932,1.129154572613196,0.903,0.0,0.3,0.5,0.740961566816658,25,0.9510680884890975,51.11,2,"[549.4000244140625, 555.4000244140625]"
1779197551.7712724,50.286211384000005,1.166340099936124,0.903,0.0,0.3,0.5,0.8983579065931409,25,1.000155473701438,78.01,2,"[513.0, 604.4000244140625]"
1779197551.8211784,50.336117604,1.1976199982908413,0.903,0.0,0.3,0.5,1.055278725480811,25,1.047708878125893,118.36,2,"[513.0, 604.4000244140625]"
1779197551.8716214,50.386560682,1.22261352087367,0.903,0.0,0.3,0.5,1.2132894602493778,25,1.0875923786109196,118.36,2,"[389.3999938964844, 648.0]"
1779197551.9254391,50.440378068,1.2406161044219164,0.903,0.0,0.3,0.5,1.3716947853384127,25,1.1305438406717176,134.5,2,"[389.3999938964844, 648.0]"
1779197551.9729967,50.487935788,1.2513067755081015,0.903,0.0,0.3,0.5,1.531952503411766,25,1.162757437217316,145.26,2,"[457.1666564941406, 560.8333129882812]"
1779197552.0215445,50.536483703,1.2543154495694702,0.903,0.0,0.3,0.5,1.6848449679954811,25,1.1903690913992575,169.47,2,"[457.1666564941406, 560.8333129882812]"
1779197552.0711763,50.586115375000006,1.2501973559433743,0.903,0.0,0.3,0.5,1.8406229885731094,25,1.2087768608538851,172.16,2,"[440.0, 694.25]"
1779197552.1211607,50.636099881,1.23891466314898,0.903,0.0,0.3,0.5,1.9977471910275781,25,1.2241166687327416,182.92,2,"[440.0, 694.25]"
1779197552.171202,50.686141062000004,1.2208672385329224,0.903,0.0,0.3,0.5,2.154851604589915,25,1.2333205534600555,180.23,2,"[431.79998779296875, 699.7999877929688]"
1779197552.2211761,50.736115164000005,1.196619963034772,0.903,0.0,0.3,0.5,2.3119138799699854,25,1.2333205534600555,121.05,2,"[431.79998779296875, 699.7999877929688]"
1779197552.2713666,50.78630552400001,1.1668461993511121,0.903,0.0,0.3,0.5,2.4691347617967736,25,1.23178657267217,121.05,2,"[425.3999938964844, 694.7999877929688]"
1779197552.321097,50.836035884000005,1.1325016695181858,0.903,0.0,0.3,0.5,2.625977574938851,25,1.217980745581199,56.49,2,"[425.3999938964844, 694.7999877929688]"
1779197552.3711176,50.886056778000004,1.0944241489434965,0.903,0.0,0.3,0.5,2.783019822665757,25,1.1995729761265714,-5.38,2,"[420.20001220703125, 689.7999877929688]"
1779197552.4213839,50.936322763,1.0534567079992798,0.903,0.0,0.3,0.5,2.9409827895180243,25,1.1734953027325155,-5.38,2,"[420.20001220703125, 689.7999877929688]"
1779197552.471154,50.986093119,1.0114667707232545,0.903,0.0,0.3,0.5,3.0970163001181916,25,1.1428156869748027,-5.38,2,"[426.79998779296875, 672.2000122070312]"
1779197552.5211859,51.036124925,0.9687187916673408,0.903,0.0,0.3,0.5,3.2544330225478078,25,1.1044661672776617,-5.38,2,"[426.79998779296875, 672.2000122070312]"
1779197552.571159,51.086097990000006,0.9268500974604879,0.903,0.0,0.3,0.5,3.4114408070033235,25,1.069184609156292,-2.69,2,"[439.25, 653.25]"
1779197552.621334,51.136273100000004,0.8867528663083118,0.903,0.0,0.3,0.5,3.5689787446438928,25,1.0277671278833795,-2.69,2,"[439.25, 653.25]"
1779197552.6711116,51.186050611000006,0.8498955941229759,0.903,0.0,0.3,0.5,3.725493490689935,25,0.9863496466104673,-2.69,2,"[460.20001220703125, 640.5999755859375]"
1779197552.721402,51.236340977000005,0.8168037036247866,0.903,0.0,0.3,0.5,3.8830698091679565,25,0.944932165337555,-2.69,2,"[460.20001220703125, 640.5999755859375]"
1779197552.7710474,51.285986415,0.788841438290916,0.903,0.0,0.3,0.5,4.039511104777752,25,0.9065826456404139,-8.07,2,"[496.79998779296875, 615.4000244140625]"
1779197552.8215082,51.336447258,0.7662822670844384,0.903,0.0,0.3,0.5,4.198000542868506,25,0.8713010875190442,-34.97,2,"[496.79998779296875, 615.4000244140625]"
1779197552.8711755,51.386114639000006,0.7503940533272307,0.903,0.0,0.3,0.5,4.353948507900732,25,0.8360195293976744,-26.9,2,"[528.5999755859375, 595.7999877929688]"
1779197552.9210777,51.436016731,0.7412118113487103,0.903,0.0,0.3,0.5,4.510795904626498,25,0.803805932852076,-48.42,2,"[528.5999755859375, 595.7999877929688]"
1779197552.9710996,51.486038618,0.73916633827615,0.903,0.0,0.3,0.5,4.668030882779512,25,0.7792622402459057,-72.63,2,"[557.7999877929688, 558.5999755859375]"
1779197553.021331,51.536270071000004,0.7444477146107369,0.903,0.0,0.3,0.5,4.8255923792234015,25,0.760854470791278,-59.18,2,"[557.7999877929688, 558.5999755859375]"
1779197553.0712826,51.586221573,0.756966105006659,0.903,0.0,0.3,0.5,4.982577990317942,25,0.7485826244881929,-59.18,2,"[462.0, 527.7999877929688]"
1779197553.1210303,51.635969285,0.776422027583205,0.903,0.0,0.3,0.5,5.138997134557947,25,0.7439806821245359,-61.87,2,"[462.0, 527.7999877929688]"
1779197553.1711054,51.686044379,0.8026440967485888,0.903,0.0,0.3,0.5,5.296431484463945,25,0.7439806821245359,-80.7,2,"[575.7999877929688, 513.5999755859375]"
1779197553.2210999,51.736038888,0.834851756577621,0.903,0.0,0.3,0.5,5.45337451755325,25,0.7501166052760785,2.69,2,"[575.7999877929688, 513.5999755859375]"
1779197553.2711084,51.786047644,0.8724350555477792,0.903,0.0,0.3,0.5,5.6104414204993205,25,0.765456413154935,2.69,2,"[574.0, 507.6000061035156]"
1779197553.3212755,51.836214677,0.9145792203009042,0.903,0.0,0.3,0.5,5.7677126400651915,25,0.786932144185334,2.69,2,"[574.0, 507.6000061035156]"
1779197553.3711653,51.886104432,0.9602097985491247,0.903,0.0,0.3,0.5,5.924773985533854,25,0.8145437983672754,2.69,2,"[559.0, 516.4000244140625]"
1779197553.4214244,51.936363504000006,1.0084354627065224,0.903,0.0,0.3,0.5,6.082178348937994,25,0.8498253564886452,2.69,2,"[559.0, 516.4000244140625]"
1779197553.471129,51.986067965000004,1.0577631237921836,0.903,0.0,0.3,0.5,6.238718186884547,25,0.885106914610015,2.69,2,"[537.0, 552.0]"
1779197553.5213273,52.03626638,1.1076775842801037,0.903,0.0,0.3,0.5,0.11323592060584531,26,0.9295923574586985,29.59,2,"[537.0, 552.0]"
1779197553.5714161,52.086355181,1.1565717302778442,0.903,0.0,0.3,0.5,0.2707085633847015,26,0.9710098387316108,34.97,2,"[518.4000244140625, 591.0]"
1779197553.6212792,52.136218395,1.2030947914771062,0.903,0.0,0.3,0.5,0.4272244121297746,26,1.0139613007924089,96.84,2,"[518.4000244140625, 591.0]"
1779197553.671175,52.186114106000005,1.2465393667045925,0.903,0.0,0.3,0.5,0.5840069726663586,26,1.0615147052168636,118.36,2,"[491.6000061035156, 623.2000122070312]"
1779197553.721034,52.235973243000004,1.285819778111082,0.903,0.0,0.3,0.5,0.7408130762982665,26,1.1090681096413186,129.12,2,"[491.6000061035156, 623.2000122070312]"
1779197553.7711937,52.28613274400001,1.3201465237785517,0.903,0.0,0.3,0.5,0.8982586448316425,26,1.158155494853659,153.32999999999998,2,"[461.5, 653.0]"
1779197553.8213189,52.336257722000006,1.3485448885591549,0.903,0.0,0.3,0.5,1.0556588644750633,26,1.201106956914457,172.16,2,"[461.5, 653.0]"
1779197553.8716233,52.386562244000004,1.3703780461886095,0.903,0.0,0.3,0.5,1.2131135122111942,26,1.2425244381873692,172.16,2,"[441.0, 679.5999755859375]"
1779197553.9211671,52.436106301,1.3850515316801186,0.903,0.0,0.3,0.5,1.3693108443018929,26,1.2808739578845103,172.16,2,"[441.0, 679.5999755859375]"
1779197553.9711964,52.486135608000005,1.3924761895118263,0.903,0.0,0.3,0.5,1.526583958248139,26,1.3100195928543377,190.99,2,"[426.6000061035156, 701.2000122070312]"
1779197554.0210245,52.535963328,1.3923966219661978,0.903,0.0,0.3,0.5,1.6832894618001006,26,1.3314953238847365,228.65,2,"[426.6000061035156, 701.2000122070312]"
1779197554.0709312,52.585870345000004,1.384880381205007,0.903,0.0,0.3,0.5,1.8401489693655293,26,1.3483691125514785,250.17,2,"[408.20001220703125, 714.7999877929688]"
1779197554.1211596,52.636098516000004,1.3700586359231255,0.903,0.0,0.3,0.5,1.9977252878435507,26,1.3606409588545638,269.0,2,"[408.20001220703125, 714.7999877929688]"
1779197554.171351,52.686289915,1.3483453107373595,0.903,0.0,0.3,0.5,2.15531312025864,26,1.363708920430335,242.1,2,"[398.3999938964844, 726.5999755859375]"
1779197554.2214606,52.73639969600001,1.3204163973105258,0.903,0.0,0.3,0.5,2.31234660922523,26,1.363708920430335,150.64,2,"[398.3999938964844, 726.5999755859375]"
1779197554.2711468,52.786085911,1.2869905398501689,0.903,0.0,0.3,0.5,2.469070242908387,26,1.3621749396424494,150.64,2,"[315.3999938964844, 730.5999755859375]"
1779197554.321172,52.836111153000004,1.248792604804164,0.903,0.0,0.3,0.5,2.626055734622426,26,1.3453011509757073,67.25,2,"[315.3999938964844, 730.5999755859375]"
1779197554.3710828,52.886021836000005,1.2068724676184623,0.903,0.0,0.3,0.5,2.7828965371451915,26,1.3222914391574228,-8.07,2,"[393.6000061035156, 718.2000122070312]"
1779197554.4211264,52.936065453000005,1.1620819414769168,0.903,0.0,0.3,0.5,2.9402873445770155,26,1.2931458041875956,-8.07,2,"[393.6000061035156, 718.2000122070312]"
1779197554.4709282,52.985867426000006,1.1159497271005767,0.903,0.0,0.3,0.5,3.0967791381471415,26,1.2578642460662257,-5.38,2,"[401.6000061035156, 704.7999877929688]"
1779197554.521246,53.036185213,1.0690058253358727,0.903,0.0,0.3,0.5,3.25447815780943,26,1.2195147263690846,-5.38,2,"[401.6000061035156, 704.7999877929688]"
1779197554.571201,53.086140156000006,1.0229765269825162,0.903,0.0,0.3,0.5,3.4114730805845994,26,1.1780972450961724,-2.69,2,"[416.6000061035156, 687.2000122070312]"
1779197554.6213136,53.136252595,0.9786624677934099,0.903,0.0,0.3,0.5,3.56892905093126,26,1.1336118022474888,-2.69,2,"[416.6000061035156, 687.2000122070312]"
1779197554.6711524,53.18609128200001,0.9374828396522283,0.903,0.0,0.3,0.5,3.725647830853788,26,1.0875923786109196,-2.69,2,"[433.79998779296875, 665.4000244140625]"
1779197554.721204,53.236143121000005,0.9001369645980152,0.903,0.0,0.3,0.5,3.8827931919347662,26,1.0400389741864646,-2.69,2,"[433.79998779296875, 665.4000244140625]"
1779197554.771139,53.28607798,0.8677143667244888,0.903,0.0,0.3,0.5,4.0396333315814985,26,0.9986214929135524,-2.69,2,"[384.79998779296875, 636.5999755859375]"
1779197554.8211432,53.336082169,0.8408538032439493,0.903,0.0,0.3,0.5,4.196951222647826,26,0.9572040116406401,-8.07,2,"[384.79998779296875, 636.5999755859375]"
1779197554.8710594,53.385998263000005,0.820378464205161,0.903,0.0,0.3,0.5,4.353679713233234,26,0.9188544919434991,-2.69,2,"[505.1666564941406, 510.1666564941406]"
1779197554.921113,53.436052136,0.8066345773898632,0.903,0.0,0.3,0.5,4.5108669109036015,26,0.8835729338221293,-18.83,2,"[505.1666564941406, 510.1666564941406]"
1779197554.9711468,53.486085829000004,0.8000114778578066,0.903,0.0,0.3,0.5,4.668141061575412,26,0.8528933180644165,-2.69,2,"[534.5, 589.0]"
1779197555.0213275,53.536266427,0.8006605554073107,0.903,0.0,0.3,0.5,4.825368261145016,26,0.8298836062461319,-34.97,2,"[534.5, 589.0]"
1779197555.071024,53.58596295900001,0.8084926493275642,0.903,0.0,0.3,0.5,4.981951418512679,26,0.8130098175793898,-34.97,2,"[545.7999877929688, 570.0]"
1779197555.1212008,53.636139764000006,0.8233778705425258,0.903,0.0,0.3,0.5,5.139395909479774,26,0.803805932852076,-29.59,2,"[545.7999877929688, 570.0]"
1779197555.1711676,53.686106701,0.844831734683501,0.903,0.0,0.3,0.5,5.296434651189273,26,0.8053399136399616,-48.42,2,"[561.0, 546.7999877929688]"
1779197555.2209651,53.735904395000006,0.8722456518002979,0.903,0.0,0.3,0.5,5.453068903419862,26,0.8053399136399616,0.0,2,"[561.0, 546.7999877929688]"
1779197555.2711143,53.78605344,0.9051346957018133,0.903,0.0,0.3,0.5,5.610479449478319,26,0.8160777791551611,0.0,2,"[557.7999877929688, 542.4000244140625]"
1779197555.3212028,53.83614183500001,0.9424882370146641,0.903,0.0,0.3,0.5,5.767738595903623,26,0.8329515678219032,0.0,2,"[557.7999877929688, 542.4000244140625]"
1779197555.371332,53.886270904,0.9834262244432515,0.903,0.0,0.3,0.5,5.925196705674878,26,0.8559612796401878,2.69,2,"[551.2000122070312, 547.5999755859375]"
1779197555.4211555,53.93609446200001,1.0266049691290449,0.903,0.0,0.3,0.5,6.081793441005985,26,0.8835729338221293,10.76,2,"[551.2000122070312, 547.5999755859375]"
1779197555.4711378,53.986076611,1.0712800994247311,0.903,0.0,0.3,0.5,6.238889878064569,26,0.9142525495798421,10.76,2,"[531.0, 559.75]"
1779197555.5211656,54.036104871000006,1.116185888817321,0.903,0.0,0.3,0.5,0.11286507130096624,27,0.9541360500648688,18.83,2,"[531.0, 559.75]"
1779197555.571166,54.086105259,1.1600900311322062,0.903,0.0,0.3,0.5,0.269823589300465,27,0.9909515889741242,45.73,2,"[515.4000244140625, 582.4000244140625]"
1779197555.6209326,54.135871416,1.201809664501304,0.903,0.0,0.3,0.5,0.42636762755639523,27,1.0323690702470365,104.91,2,"[515.4000244140625, 582.4000244140625]"
1779197555.6711836,54.186122518000005,1.2406532937548806,0.903,0.0,0.3,0.5,0.5840559281045543,27,1.0737865515199487,121.05,2,"[482.79998779296875, 622.5999755859375]"
1779197555.7211921,54.236131118,1.275166666965833,0.903,0.0,0.3,0.5,0.7411774507804907,27,1.1167380135807468,129.12,2,"[482.79998779296875, 622.5999755859375]"
1779197555.7735412,54.288480275000005,1.3057422486485488,0.903,0.0,0.3,0.5,0.9051828972524092,27,1.1596894756415448,156.02,2,"[451.3999938964844, 652.5999755859375]"
1779197555.8220077,54.33694662800001,1.3281136744918065,0.903,0.0,0.3,0.5,1.0554350354231516,27,1.1995729761265714,166.78,2,"[451.3999938964844, 652.5999755859375]"
1779197555.871977,54.386916265,1.3452778362359012,0.903,0.0,0.3,0.5,1.2145390884174603,27,1.2348545342479411,166.78,2,"[436.79998779296875, 679.5999755859375]"
1779197555.9220626,54.437001887,1.3551623644107031,0.903,0.0,0.3,0.5,1.3717954576748568,27,1.2670681307935396,166.78,2,"[436.79998779296875, 679.5999755859375]"
1779197555.971162,54.486101009,1.3577082929042796,0.903,0.0,0.3,0.5,1.5264622717981737,27,1.2931458041875956,169.47,2,"[343.6000061035156, 698.4000244140625]"
1779197556.0215216,54.536460679,1.3528032471055498,0.903,0.0,0.3,0.5,1.684819681316064,27,1.3115535736422232,228.65,2,"[343.6000061035156, 698.4000244140625]"
1779197556.0711565,54.586095689000004,1.3406014194128488,0.903,0.0,0.3,0.5,1.8406296613157664,27,1.3222914391574228,228.65,2,"[412.79998779296875, 709.4000244140625]"
1779197556.1212406,54.63617983,1.3210711197628364,0.903,0.0,0.3,0.5,1.9980199378184338,27,1.3299613430968509,220.57999999999998,2,"[412.79998779296875, 709.4000244140625]"
1779197556.171365,54.686304104,1.2947107312721757,0.903,0.0,0.3,0.5,2.1553491323351395,27,1.3284273623089653,158.71,2,"[414.79998779296875, 710.0]"
1779197556.2212856,54.736224517000004,1.262171789962167,0.903,0.0,0.3,0.5,2.3122748332577814,27,1.3284273623089653,86.08,2,"[414.79998779296875, 710.0]"
1779197556.2711368,54.7860759,1.2241692203166668,0.903,0.0,0.3,0.5,2.4689669222091126,27,1.3176894967937658,86.08,2,"[401.79998779296875, 706.4000244140625]"
1779197556.3211477,54.836086866,1.1813838109102661,0.903,0.0,0.3,0.5,2.626075115107419,27,1.2931458041875956,-5.38,2,"[401.79998779296875, 706.4000244140625]"
1779197556.3710604,54.885999472,1.1349169066437068,0.903,0.0,0.3,0.5,2.783039520451574,27,1.2670681307935396,-5.38,2,"[402.6000061035156, 695.2000122070312]"
1779197556.4217818,54.936720938,1.085067954224028,0.903,0.0,0.3,0.5,2.9422394674200447,27,1.2348545342479411,-5.38,2,"[402.6000061035156, 695.2000122070312]"
1779197556.4711246,54.98606370500001,1.0350145027751718,0.903,0.0,0.3,0.5,3.0972069319602937,27,1.1965050145508,-5.38,2,"[409.6000061035156, 685.4000244140625]"
1779197556.521147,55.036086178000005,0.9838740333415601,0.903,0.0,0.3,0.5,3.2543171700354137,27,1.1535535524900022,-2.69,2,"[409.6000061035156, 685.4000244140625]"
1779197556.5711925,55.086131525000006,0.9334573007578348,0.903,0.0,0.3,0.5,3.4115385325258885,27,1.102932186489776,-2.69,2,"[421.6000061035156, 670.7999877929688]"
1779197556.6214976,55.136436827000004,0.8850072430863472,0.903,0.0,0.3,0.5,3.5685498041492494,27,1.055378782065321,-2.69,2,"[421.6000061035156, 670.7999877929688]"
1779197556.6711586,55.186097796000006,0.8395241667683746,0.903,0.0,0.3,0.5,3.725641330898519,27,1.004757416065095,-2.69,2,"[461.5, 642.75]"
1779197556.7214708,55.236410013000004,0.797925127320043,0.903,0.0,0.3,0.5,3.883236131366111,27,0.9541360500648688,-2.69,2,"[461.5, 642.75]"
1779197556.771121,55.28605996,0.7615240188999342,0.903,0.0,0.3,0.5,4.039727626484925,27,0.9096506072161852,-2.69,2,"[504.6000061035156, 624.4000244140625]"
1779197556.8216498,55.336588757,0.7304482252217301,0.903,0.0,0.3,0.5,4.1982081236029885,27,0.8651651643675016,-34.97,2,"[504.6000061035156, 624.4000244140625]"
1779197556.8709805,55.385919487,0.7062901628918661,0.903,0.0,0.3,0.5,4.353494136213548,27,0.8191457407309324,-40.35,2,"[549.0, 581.0]"
1779197556.921366,55.43630494400001,0.6886293479958991,0.903,0.0,0.3,0.5,4.5111264472974355,27,0.782330201821677,-69.94,2,"[549.0, 581.0]"
1779197556.9713204,55.486259427,0.6782212141983659,0.903,0.0,0.3,0.5,4.668420232923346,27,0.7501166052760785,-91.46,2,"[583.0, 543.2000122070312]"
1779197557.0212748,55.536213848,0.6751637883689283,0.903,0.0,0.3,0.5,4.825255591066046,27,0.722504951094137,-104.91,2,"[583.0, 543.2000122070312]"
1779197557.0711167,55.586055796000004,0.6793797294667268,0.903,0.0,0.3,0.5,4.982098460756781,27,0.7025632008516236,-104.91,2,"[594.4000244140625, 511.0]"
1779197557.121016,55.63595496600001,0.6906602159077211,0.903,0.0,0.3,0.5,5.139019000042701,27,0.6902913545485385,-126.42999999999999,2,"[594.4000244140625, 511.0]"
1779197557.1710067,55.685945704000005,0.7086336280702271,0.903,0.0,0.3,0.5,5.296087787944337,27,0.6856894121848816,-107.6,2,"[487.3999938964844, 476.3999938964844]"
1779197557.2211006,55.736039802,0.7327944058217846,0.903,0.0,0.3,0.5,5.453504139666045,27,0.684155431396996,-86.08,2,"[487.3999938964844, 476.3999938964844]"
1779197557.2711694,55.786108353,0.7623243645128541,0.903,0.0,0.3,0.5,5.610570492833396,27,0.6872233929727672,2.69,2,"[607.0, 485.79998779296875]"
1779197557.3211145,55.836053453000005,0.7963976963786012,0.903,0.0,0.3,0.5,5.767510597958356,27,0.701029220063738,5.38,2,"[607.0, 485.79998779296875]"
1779197557.3713312,55.886270312,0.8342520235368369,0.903,0.0,0.3,0.5,5.925135435193333,27,0.7209709703062513,2.69,2,"[584.5999755859375, 488.20001220703125]"
1779197557.4213214,55.936260424000004,0.874543893547026,0.903,0.0,0.3,0.5,6.082203663891498,27,0.7470486437003072,2.69,2,"[584.5999755859375, 488.20001220703125]"
1779197557.4720893,55.987028198000004,0.9168544540025046,0.903,0.0,0.3,0.5,6.241376627720676,27,0.7761942786701345,2.69,2,"[581.7999877929688, 495.20001220703125]"
1779197557.5219808,56.036919857,0.9588475395737934,0.903,0.0,0.3,0.5,0.11504472399201404,28,0.8130098175793898,2.69,2,"[581.7999877929688, 495.20001220703125]"
1779197557.5744302,56.089369432000005,1.000036315487466,0.903,0.0,0.3,0.5,0.27211090437177177,28,0.8498253564886452,2.69,2,"[571.0, 522.4000244140625]"
1779197557.621213,56.136152130000006,1.038735521891759,0.903,0.0,0.3,0.5,0.42712631275750823,28,0.885106914610015,13.45,2,"[571.0, 522.4000244140625]"
1779197557.6713595,56.186298652000005,1.074915435454947,0.903,0.0,0.3,0.5,0.5842849250763038,28,0.9265243958829272,26.9,2,"[545.7999877929688, 566.5999755859375]"
1779197557.7211933,56.236132341,1.106969166089417,0.903,0.0,0.3,0.5,0.7412145812641029,28,0.9648739155800683,61.87,2,"[545.7999877929688, 566.5999755859375]"
1779197557.7713184,56.286257557000006,1.1340832536669503,0.903,0.0,0.3,0.5,0.8983981661029077,28,1.0032234352772094,72.63,2,"[527.4000244140625, 603.4000244140625]"
1779197557.8210895,56.336028514000006,1.1553496769342895,0.903,0.0,0.3,0.5,1.0550361411207803,28,1.0415729549743504,102.22,2,"[527.4000244140625, 603.4000244140625]"
1779197557.8715613,56.38650048900001,1.170316991031664,0.903,0.0,0.3,0.5,1.2128403947122024,28,1.0737865515199487,102.22,2,"[487.25, 625.5]"
1779197557.9212186,56.436157856,1.1782787667112449,0.903,0.0,0.3,0.5,1.369512968089964,28,1.1044661672776617,118.36,2,"[487.25, 625.5]"
1779197557.97157,56.486509191,1.1790343175505198,0.903,0.0,0.3,0.5,1.5271285878920935,28,1.1274758790959463,126.42999999999999,2,"[478.0, 649.2000122070312]"
1779197558.0212564,56.536195713000005,1.1724310838561114,0.903,0.0,0.3,0.5,1.6838842846698867,28,1.145883648550574,156.02,2,"[478.0, 649.2000122070312]"
1779197558.0714746,56.586413741,1.158497531530275,0.903,0.0,0.3,0.5,1.8409869515067214,28,1.1550875332778878,145.26,2,"[440.3999938964844, 656.5999755859375]"
1779197558.121093,56.636032165,1.1375508608570315,0.903,0.0,0.3,0.5,1.9975324537448387,28,1.158155494853659,129.12,2,"[440.3999938964844, 656.5999755859375]"
1779197558.1717103,56.686649380000006,1.1096203637090154,0.903,0.0,0.3,0.5,2.155750913761267,28,1.158155494853659,69.94,2,"[433.79998779296875, 673.7999877929688]"
1779197558.2214148,56.736353731,1.0758648383701959,0.903,0.0,0.3,0.5,2.3122787696734406,28,1.1520195717021164,0.0,2,"[433.79998779296875, 673.7999877929688]"
1779197558.2714858,56.786424893,1.0365343674258953,0.903,0.0,0.3,0.5,2.4695437594610894,28,1.1366797638232602,0.0,2,"[429.0, 657.2000122070312]"
1779197558.321165,56.836104122,0.9928500181221442,0.903,0.0,0.3,0.5,2.62604653918072,28,1.1106020904292042,-2.69,2,"[429.0, 657.2000122070312]"
1779197558.3712182,56.88615728400001,0.9454074389787617,0.903,0.0,0.3,0.5,2.7831256817717644,28,1.0845244170351482,-2.69,2,"[448.0, 647.5]"
1779197558.4212878,56.936226978,0.8952423148556983,0.903,0.0,0.3,0.5,2.9407312798933276,28,1.05231082048955,-2.69,2,"[448.0, 647.5]"
1779197558.4711173,56.986056350000005,0.8440347094613961,0.903,0.0,0.3,0.5,3.097128555506856,28,1.0108933392166375,-2.69,2,"[456.20001220703125, 634.0]"
1779197558.5212402,57.036179377,0.7922113998119912,0.903,0.0,0.3,0.5,3.2545497170069098,28,0.9679418771558396,-5.38,2,"[456.20001220703125, 634.0]"
1779197558.57142,57.08635897400001,0.7413099424363933,0.903,0.0,0.3,0.5,3.4118553809946377,28,0.923456434307156,-37.66,2,"[486.79998779296875, 601.4000244140625]"
1779197558.6217523,57.136691158000005,0.6922296526197632,0.903,0.0,0.3,0.5,3.569851507357356,28,0.8728350683069298,-43.04,2,"[486.79998779296875, 601.4000244140625]"
1779197558.6714683,57.186407277,0.6468004003599453,0.903,0.0,0.3,0.5,3.726080016613537,28,0.8191457407309324,-43.04,2,"[527.2000122070312, 572.5999755859375]"
1779197558.7218757,57.236814628000005,0.6049282701146536,0.903,0.0,0.3,0.5,3.8844402629895853,28,0.7685243747307062,-45.73,2,"[527.2000122070312, 572.5999755859375]"
1779197558.7711284,57.28606747800001,0.5688680559188766,0.903,0.0,0.3,0.5,4.039661678171996,28,0.722504951094137,-88.77,2,"[563.0, 531.2000122070312]"
1779197558.8215463,57.336485303,0.5380169875687639,0.903,0.0,0.3,0.5,4.197700454796603,28,0.6780195082454534,-145.26,2,"[563.0, 531.2000122070312]"
1779197558.8712435,57.386182377000004,0.513969249135362,0.903,0.0,0.3,0.5,4.354008059931033,28,0.6366020269725411,-156.02,2,"[498.3999938964844, 483.79998779296875]"
1779197558.921087,57.436026168000005,0.4967968375821018,0.903,0.0,0.3,0.5,4.5108034507319985,28,0.5997864880632857,-161.4,2,"[498.3999938964844, 483.79998779296875]"
1779197558.9710362,57.485975391000004,0.48689884663198263,0.903,0.0,0.3,0.5,4.667789991737976,28,0.5675728915176872,-193.68,2,"[631.1666870117188, 379.8333435058594]"
1779197559.0212433,57.536182200000006,0.4844500307239847,0.903,0.0,0.3,0.5,4.825364959331154,28,0.5384272565478601,-204.44,2,"[631.1666870117188, 379.8333435058594]"
1779197559.0710955,57.586034417,0.48941386850093893,0.903,0.0,0.3,0.5,4.982029204346787,28,0.516951525517461,-204.44,2,"[649.25, 437.25]"
1779197559.1222029,57.637142088000004,0.5018924298358378,0.903,0.0,0.3,0.5,5.142233606451214,28,0.504679679214376,-207.13,2,"[649.25, 437.25]"
1779197559.173358,57.688297045000006,0.5209143256678084,0.903,0.0,0.3,0.5,5.298750721258102,28,0.500077736850719,-217.89,2,"[660.5, 406.3333435058594]"
1779197559.222355,57.737293946,0.546429651489976,0.903,0.0,0.3,0.5,5.456945459108397,28,0.500077736850719,-215.2,2,"[660.5, 406.3333435058594]"
1779197559.2712855,57.786224609,0.5765997100085793,0.903,0.0,0.3,0.5,5.6107009223356386,28,0.5016117176386047,-72.63,2,"[657.75, 392.0]"
1779197559.3209896,57.835928592,0.6119236859740561,0.903,0.0,0.3,0.5,5.767226029354248,28,0.5154175447295755,-64.56,2,"[657.75, 392.0]"
1779197559.3711607,57.88609985,0.6512093207938484,0.903,0.0,0.3,0.5,5.924727775847458,28,0.5384272565478601,-67.25,2,"[645.2000122070312, 405.3999938964844]"
1779197559.4212925,57.936231795000005,0.6931689764882905,0.903,0.0,0.3,0.5,6.082139575401385,28,0.5660389107298016,-53.8,2,"[645.2000122070312, 405.3999938964844]"
1779197559.471129,57.986067961,0.7364958500903057,0.903,0.0,0.3,0.5,6.238801750107484,28,0.5967185264875144,-53.8,2,"[638.0, 413.0]"
1779197559.5210264,58.03596541700001,0.7802901503303055,0.903,0.0,0.3,0.5,0.1124409814255003,29,0.6335340653967698,-48.42,2,"[638.0, 413.0]"
1779197559.571141,58.086080096,0.8234998213324547,0.903,0.0,0.3,0.5,0.2697957767807466,29,0.6718835850939109,-43.04,2,"[614.0, 430.75]"
1779197559.6209064,58.13584538200001,0.8646245346293335,0.903,0.0,0.3,0.5,0.4263242107459817,29,0.7102331047910518,2.69,2,"[614.0, 430.75]"
1779197559.6710536,58.185992635000005,0.9030303597321149,0.903,0.0,0.3,0.5,0.5837675079078579,29,0.7531845668518499,2.69,2,"[582.2000122070312, 480.79998779296875]"
1779197559.7211173,58.236056255,0.9374088186413962,0.903,0.0,0.3,0.5,0.7410052223880896,29,0.7961360289126478,2.69,2,"[582.2000122070312, 480.79998779296875]"
1779197559.7712333,58.286172563,0.9668917484572438,0.903,0.0,0.3,0.5,0.8982108957648407,29,0.8390874909734457,2.69,2,"[563.5999755859375, 537.0]"
1779197559.8212647,58.336203850000004,0.9907126546424998,0.903,0.0,0.3,0.5,1.0555485474489572,29,0.8759030298827011,5.38,2,"[563.5999755859375, 537.0]"
1779197559.8713574,58.386296577,1.0081755778346297,0.903,0.0,0.3,0.5,1.2126771104340222,29,0.9127185687919565,5.38,2,"[539.4000244140625, 583.4000244140625]"
1779197559.9213269,58.436265979000005,1.0188233068062722,0.903,0.0,0.3,0.5,1.3697252517887435,29,0.944932165337555,16.14,2,"[539.4000244140625, 583.4000244140625]"
1779197559.9710782,58.486017259,1.0223484417539213,0.903,0.0,0.3,0.5,1.526397903706318,29,0.9679418771558396,48.42,2,"[518.5999755859375, 608.5999755859375]"
1779197560.020964,58.53590306700001,1.0186471868613591,0.903,0.0,0.3,0.5,1.683030170450344,29,0.9878836273983529,69.94,2,"[518.5999755859375, 608.5999755859375]"
1779197560.0711806,58.586119755000006,1.0076677817526956,0.903,0.0,0.3,0.5,1.840680740470738,29,1.0032234352772094,83.39,2,"[400.3999938964844, 618.7999877929688]"
1779197560.1211872,58.636126334000004,0.9897071788774909,0.903,0.0,0.3,0.5,1.9977959077047345,29,1.009359358428752,75.32,2,"[400.3999938964844, 618.7999877929688]"
1779197560.171382,58.686321066000005,0.9650736065247842,0.903,0.0,0.3,0.5,2.155273759244217,29,1.009359358428752,2.69,2,"[488.79998779296875, 621.4000244140625]"
1779197560.2213352,58.736274269000006,0.9344575927370191,0.903,0.0,0.3,0.5,2.312328152368316,29,1.004757416065095,0.0,2,"[488.79998779296875, 621.4000244140625]"
1779197560.2710402,58.785979174000005,0.8986828861130689,0.903,0.0,0.3,0.5,2.46869747723202,29,0.9894176081862386,0.0,2,"[482.3999938964844, 620.2000122070312]"
1779197560.3212388,58.83617778200001,0.8581612206237531,0.903,0.0,0.3,0.5,2.626195456955635,29,0.9694758579437253,0.0,2,"[482.3999938964844, 620.2000122070312]"
1779197560.3710864,58.886025406,0.814287426011608,0.903,0.0,0.3,0.5,2.783049988238311,29,0.9433981845496693,-2.69,2,"[491.0, 606.0]"
1779197560.421096,58.936035004000004,0.7678882856624792,0.903,0.0,0.3,0.5,2.9401130678661005,29,0.9142525495798421,-18.83,2,"[491.0, 606.0]"
1779197560.4709651,58.985904273,0.7202353524090553,0.903,0.0,0.3,0.5,3.09684618601748,29,0.880504972246358,-29.59,2,"[499.79998779296875, 598.2000122070312]"
1779197560.521188,59.036127038000004,0.6721183550140581,0.903,0.0,0.3,0.5,3.2544307794505656,29,0.8406214717613314,-40.35,2,"[499.79998779296875, 598.2000122070312]"
1779197560.571327,59.086266083000005,0.6250056270370605,0.903,0.0,0.3,0.5,3.4118728576745028,29,0.7930680673368765,-69.94,2,"[551.7999877929688, 593.5999755859375]"
1779197560.6212704,59.136209409,0.5801367089541577,0.903,0.0,0.3,0.5,3.5688207633740276,29,0.7485826244881929,-96.84,2,"[551.7999877929688, 593.5999755859375]"
1779197560.6710808,59.186019815,0.5385144248670668,0.903,0.0,0.3,0.5,3.725509094980545,29,0.7040971816395093,-96.84,2,"[574.5999755859375, 527.7999877929688]"
1779197560.721071,59.236010087000004,0.5009791121381845,0.903,0.0,0.3,0.5,3.882601482526219,29,0.6565437772150544,-134.5,2,"[574.5999755859375, 527.7999877929688]"
1779197560.7710528,59.285991976000005,0.46858769893205077,0.903,0.0,0.3,0.5,4.039531471722832,29,0.6135923151542565,-150.64,2,"[633.5999755859375, 482.79998779296875]"
1779197560.8211498,59.336088912,0.4420320166384076,0.903,0.0,0.3,0.5,4.196839718099717,29,0.5721748338813442,-185.60999999999999,2,"[633.5999755859375, 482.79998779296875]"
1779197560.8710263,59.385965243,0.42210209603269183,0.903,0.0,0.3,0.5,4.353638256776527,29,0.5338253141842031,-190.99,2,"[630.2000122070312, 433.79998779296875]"
1779197560.9211507,59.436089534000004,0.4091610622222394,0.903,0.0,0.3,0.5,4.510927505942654,29,0.500077736850719,-223.26999999999998,2,"[630.2000122070312, 433.79998779296875]"
1779197560.9713254,59.486264429,0.40360071610329523,0.903,0.0,0.3,0.5,4.668461733362314,29,0.4724660826687775,-223.26999999999998,2,"[649.4000244140625, 404.0]"
1779197561.0214896,59.536428501,0.40557863577918385,0.903,0.0,0.3,0.5,4.825690880719385,29,0.45099035163837853,-242.1,2,"[649.4000244140625, 404.0]"
1779197561.071049,59.585988225,0.4149604268744818,0.903,0.0,0.3,0.5,4.9820107380651635,29,0.4341165629716365,-242.1,2,"[656.4000244140625, 409.0]"
1779197561.1216402,59.636579395000005,0.431789723273937,0.903,0.0,0.3,0.5,5.140445082045552,29,0.4279806398200939,-266.31,2,"[656.4000244140625, 409.0]"
1779197561.1719878,59.68692677200001,0.455550800127121,0.903,0.0,0.3,0.5,5.298690531484461,29,0.4279806398200939,-277.07,2,"[680.2000122070312, 405.0]"
1779197561.2247074,59.739646468000004,0.48532270856561976,0.903,0.0,0.3,0.5,5.455209675760223,29,0.4279806398200939,-139.88,2,"[680.2000122070312, 405.0]"
1779197561.2721615,59.787100495000004,0.5209346894368756,0.903,0.0,0.3,0.5,5.613030319040497,29,0.43104860139586515,-75.32,2,"[529.0, 385.79998779296875]"
1779197561.3239684,59.838907445000004,0.5627178147941865,0.903,0.0,0.3,0.5,5.776106180812583,29,0.4479223900626072,-83.39,2,"[529.0, 385.79998779296875]"
1779197561.3710814,59.886020491000004,0.6042474671741447,0.903,0.0,0.3,0.5,5.924512460511757,29,0.4724660826687775,-75.32,2,"[659.4000244140625, 398.6000061035156]"
1779197561.4214675,59.936406599,0.6510336200667346,0.903,0.0,0.3,0.5,6.082279775256758,29,0.5031456984264903,-61.87,2,"[659.4000244140625, 398.6000061035156]"
1779197561.471376,59.986314978,0.6991843369857298,0.903,0.0,0.3,0.5,6.239255641130889,29,0.5414952181236313,-61.87,2,"[642.7999877929688, 407.6000061035156]"
1779197561.5216115,60.036550394,0.7479520119067852,0.903,0.0,0.3,0.5,0.11360606933543238,30,0.5829126993965437,-51.11,2,"[642.7999877929688, 407.6000061035156]"
1779197561.5710597,60.085999002,0.7955361410110486,0.903,0.0,0.3,0.5,0.26960536170842886,30,0.624330180669456,-48.42,2,"[631.2000122070312, 415.3999938964844]"
1779197561.621247,60.136186182,0.8417680405597292,0.903,0.0,0.3,0.5,0.4272591832772292,30,0.6718835850939109,2.69,2,"[631.2000122070312, 415.3999938964844]"
1779197561.6710284,60.185967455000004,0.8847193111006049,0.903,0.0,0.3,0.5,0.5837137489744038,30,0.7179030087304801,2.69,2,"[626.0, 481.79998779296875]"
1779197561.7211702,60.236109473000006,0.9239692820321572,0.903,0.0,0.3,0.5,0.7411160012282636,30,0.765456413154935,2.69,2,"[626.0, 481.79998779296875]"
1779197561.771246,60.286185055000004,0.9583093129693527,0.903,0.0,0.3,0.5,0.8984307821178703,30,0.8130098175793898,2.69,2,"[473.6000061035156, 522.2000122070312]"
1779197561.8212516,60.336190821,0.9869017824798219,0.903,0.0,0.3,0.5,1.055347802820009,30,0.8574952604280734,2.69,2,"[473.6000061035156, 522.2000122070312]"
1779197561.8711138,60.38605290300001,1.0091936067455993,0.903,0.0,0.3,0.5,1.212278533432496,30,0.8958447801252144,2.69,2,"[548.4000244140625, 572.0]"
1779197561.9211025,60.436041419000006,1.0246943400554118,0.903,0.0,0.3,0.5,1.3692484082894367,30,0.9326603190344698,8.07,2,"[548.4000244140625, 572.0]"
1779197561.9711032,60.486042123000004,1.0330792179068713,0.903,0.0,0.3,0.5,1.526313561368383,30,0.9602719732164113,48.42,2,"[508.20001220703125, 631.4000244140625]"
1779197562.0212138,60.536152902000005,1.0341844532353746,0.903,0.0,0.3,0.5,1.683900712057877,30,0.9863496466104673,75.32,2,"[508.20001220703125, 631.4000244140625]"
1779197562.0711381,60.586077312,1.0280631677845693,0.903,0.0,0.3,0.5,1.8406045285745876,30,1.004757416065095,88.77,2,"[492.6000061035156, 627.5999755859375]"
1779197562.1210237,60.635962548,1.0149519278583625,0.903,0.0,0.3,0.5,1.9973778182712323,30,1.0154952815802945,96.84,2,"[492.6000061035156, 627.5999755859375]"
1779197562.1713412,60.686280234,0.9950771632188709,0.903,0.0,0.3,0.5,2.155290079818073,30,1.0185632431560658,80.7,2,"[485.6000061035156, 631.5999755859375]"
1779197562.2213457,60.736284661000006,0.9692368373492697,0.903,0.0,0.3,0.5,2.3123281021028532,30,1.0185632431560658,2.69,2,"[485.6000061035156, 631.5999755859375]"
1779197562.271411,60.78635001000001,0.9380300080693323,0.903,0.0,0.3,0.5,2.4694586945567636,30,1.012427320004523,2.69,2,"[485.6000061035156, 629.2000122070312]"
1779197562.321286,60.836225172000006,0.9023845592417262,0.903,0.0,0.3,0.5,2.6263054912383126,30,0.9955535313377811,0.0,2,"[485.6000061035156, 629.2000122070312]"
1779197562.3711333,60.886072336000005,0.8632284404946879,0.903,0.0,0.3,0.5,2.78305464093701,30,0.9756117810952678,0.0,2,"[504.3999938964844, 628.0]"
1779197562.4209878,60.935926727,0.8215590634651443,0.903,0.0,0.3,0.5,2.93988938018596,30,0.9495341077012119,-2.69,2,"[504.3999938964844, 628.0]"
1779197562.4711285,60.986067547000005,0.778367021911252,0.903,0.0,0.3,0.5,3.097217698198321,30,0.9173205111556134,-10.76,2,"[485.25, 607.25]"
1779197562.5211782,61.036117268000005,0.7349880503137579,0.903,0.0,0.3,0.5,3.2543477691478557,30,0.8820389530342436,-13.45,2,"[485.25, 607.25]"
1779197562.5710952,61.086034212,0.6925721465176286,0.903,0.0,0.3,0.5,3.4113022125016954,30,0.8436894333371027,-37.66,2,"[518.0, 569.2000122070312]"
1779197562.6214163,61.136355409000004,0.6520128474365976,0.903,0.0,0.3,0.5,3.5690252433566485,30,0.8007379712763046,-48.42,2,"[518.0, 569.2000122070312]"
1779197562.6712775,61.186216503000004,0.6148277619994981,0.903,0.0,0.3,0.5,3.7258308631833046,30,0.7623884515791637,-48.42,2,"[545.7999877929688, 547.7999877929688]"
1779197562.7214687,61.236407746000005,0.5815993690534176,0.903,0.0,0.3,0.5,3.8835612202323233,30,0.7194369895183657,-91.46,2,"[545.7999877929688, 547.7999877929688]"
1779197562.771134,61.286072907000005,0.5537264943351125,0.903,0.0,0.3,0.5,4.039753415819021,30,0.6810874698212247,-112.98,2,"[570.2000122070312, 509.6000061035156]"
1779197562.8215516,61.336490672000004,0.5314492108214435,0.903,0.0,0.3,0.5,4.197504243485767,30,0.6427379501240836,-129.12,2,"[570.2000122070312, 509.6000061035156]"
1779197562.8712234,61.386162418000005,0.5158344708105391,0.903,0.0,0.3,0.5,4.3538700811816256,30,0.6089903727905995,-147.95,2,"[582.7999877929688, 492.6000061035156]"
1779197562.9222462,61.437185250000006,0.5070152773957597,0.903,0.0,0.3,0.5,4.51414766354533,30,0.5783107570328867,-182.92,2,"[582.7999877929688, 492.6000061035156]"
1779197562.971498,61.486437215,0.505713878025507,0.903,0.0,0.3,0.5,4.668774356388852,30,0.5553010452146021,-199.06,2,"[509.20001220703125, 432.0]"
1779197563.0214577,61.536396832,0.511755865738241,0.903,0.0,0.3,0.5,4.825533562325646,30,0.5353592949720888,-207.13,2,"[509.20001220703125, 432.0]"
1779197563.0712075,61.586146549000006,0.5251661577754413,0.903,0.0,0.3,0.5,4.982290842466128,30,0.5246214294568893,-207.13,2,"[647.4000244140625, 422.79998779296875]"
1779197563.1210396,61.635978747,0.5457234446493833,0.903,0.0,0.3,0.5,5.139053146013268,30,0.521553467881118,-196.37,2,"[647.4000244140625, 422.79998779296875]"
1779197563.1710186,61.685957671000004,0.5731007090613446,0.903,0.0,0.3,0.5,5.296171718733703,30,0.5230874486690036,-193.68,2,"[641.2000122070312, 409.3999938964844]"
1779197563.2211416,61.736080652000005,0.6067641617856419,0.903,0.0,0.3,0.5,5.453588576251818,30,0.5230874486690036,-75.32,2,"[641.2000122070312, 409.3999938964844]"
1779197563.270962,61.785901215,0.6457067714105784,0.903,0.0,0.3,0.5,5.610095292387044,30,0.5368932757599744,-59.18,2,"[631.2000122070312, 406.0]"
1779197563.3212402,61.83617924000001,0.6896268626261867,0.903,0.0,0.3,0.5,5.767844517841539,30,0.5614369683661447,-64.56,2,"[631.2000122070312, 406.0]"
1779197563.3711832,61.886122372,0.7370023415848473,0.903,0.0,0.3,0.5,5.9247656163309586,30,0.5905826033359719,-51.11,2,"[621.4000244140625, 417.6000061035156]"
1779197563.4212503,61.93618943800001,0.7871138842728879,0.903,0.0,0.3,0.5,6.082030646959296,30,0.6273981422452273,-45.73,2,"[621.4000244140625, 417.6000061035156]"
1779197563.471139,61.986078028,0.8386068267381653,0.903,0.0,0.3,0.5,6.238892143152881,30,0.6672816427302539,-45.73,2,"[609.5999755859375, 438.20001220703125]"
1779197563.5213335,62.036272501000006,0.8906657948603693,0.903,0.0,0.3,0.5,0.11319906658234657,31,0.7117670855789375,2.69,2,"[609.5999755859375, 438.20001220703125]"
1779197563.571053,62.08599194600001,0.9415614485211771,0.903,0.0,0.3,0.5,0.26958694883384027,31,0.7562525284276211,2.69,2,"[582.7999877929688, 494.3999938964844]"
1779197563.6210272,62.135966152,0.9907128386649062,0.903,0.0,0.3,0.5,0.4265657458139387,31,0.8053399136399616,2.69,2,"[582.7999877929688, 494.3999938964844]"
1779197563.6709964,62.185935442,1.0368474475590628,0.903,0.0,0.3,0.5,0.5835895178344614,31,0.8559612796401878,2.69,2,"[553.5999755859375, 552.7999877929688]"
1779197563.7210088,62.23594794700001,1.0789681834046663,0.903,0.0,0.3,0.5,0.7407467667020384,31,0.9019807032767571,37.66,2,"[553.5999755859375, 552.7999877929688]"
1779197563.7713892,62.286328444000006,1.1162046683030376,0.903,0.0,0.3,0.5,0.8983106884554601,31,0.9526020692769832,48.42,2,"[565.0, 616.7999877929688]"
1779197563.8213336,62.336272644000005,1.1476100286483417,0.903,0.0,0.3,0.5,1.0557048730993799,31,0.9986214929135524,72.63,2,"[565.0, 616.7999877929688]"
1779197563.8714857,62.386424956000006,1.172534109525353,0.903,0.0,0.3,0.5,1.2128254815718478,31,1.043106935762236,72.63,2,"[518.4000244140625, 638.4000244140625]"
1779197563.9211836,62.436122732,1.1905035051903046,0.903,0.0,0.3,0.5,1.3695153305676158,31,1.0799224746714913,115.67,2,"[518.4000244140625, 638.4000244140625]"
1779197563.971031,62.48597006000001,1.2012755595852962,0.903,0.0,0.3,0.5,1.526219954473639,31,1.1121360712170898,137.19,2,"[474.0, 665.2000122070312]"
1779197564.0210083,62.535947197000006,1.204703457030118,0.903,0.0,0.3,0.5,1.6832441191932261,31,1.141281706186917,145.26,2,"[474.0, 665.2000122070312]"
1779197564.0710027,62.585941891000004,1.2007954305729618,0.903,0.0,0.3,0.5,1.840236607234111,31,1.162757437217316,161.4,2,"[449.0, 668.7999877929688]"
1779197564.12117,62.63610915500001,1.1897251673274645,0.903,0.0,0.3,0.5,1.9977084269156862,31,1.175029283520401,161.4,2,"[449.0, 668.7999877929688]"
1779197564.171428,62.686366919,1.1718780171683996,0.903,0.0,0.3,0.5,2.155260080749791,31,1.1826991874598294,172.16,2,"[346.0, 673.7999877929688]"
1779197564.2213483,62.73628729200001,1.1479011304657443,0.903,0.0,0.3,0.5,2.312343935729807,31,1.1826991874598294,126.42999999999999,2,"[346.0, 673.7999877929688]"
1779197564.2714796,62.786418833000006,1.1184689841394244,0.903,0.0,0.3,0.5,2.4693916686774955,31,1.1811652066719438,126.42999999999999,2,"[450.3999938964844, 676.4000244140625]"
1779197564.3210597,62.835998790000005,1.08457052771197,0.903,0.0,0.3,0.5,2.625786286503647,31,1.1704273411567443,43.04,2,"[450.3999938964844, 676.4000244140625]"
1779197564.3714771,62.88641614,1.0467209384902618,0.903,0.0,0.3,0.5,2.783456280991423,31,1.1489516101263453,-5.38,2,"[431.20001220703125, 682.7999877929688]"
1779197564.4210453,62.935984539,1.0066095935660375,0.903,0.0,0.3,0.5,2.9397118016612396,31,1.1244079175201749,-5.38,2,"[431.20001220703125, 682.7999877929688]"
1779197564.4712198,62.986158886000005,0.9646656543142063,0.903,0.0,0.3,0.5,3.097231888772363,31,1.0937283017624622,-2.69,2,"[435.0, 697.7999877929688]"
1779197564.5239766,63.038915531,0.920186788800545,0.903,0.0,0.3,0.5,3.2628941923602426,31,1.0584467436410925,-2.69,2,"[435.0, 697.7999877929688]"
1779197564.5716445,63.086583492,0.8810116206771043,0.903,0.0,0.3,0.5,3.4116950780878526,31,1.012427320004523,-2.69,2,"[451.0, 646.4000244140625]"
1779197564.621228,63.13616703100001,0.8415873843445336,0.903,0.0,0.3,0.5,3.568660133741666,31,0.9740778003073821,-2.69,2,"[451.0, 646.4000244140625]"
1779197564.671044,63.185983311,0.8052461840595785,0.903,0.0,0.3,0.5,3.7253190411913906,31,0.940330222973898,-2.69,2,"[533.7999877929688, 620.7999877929688]"
1779197564.721026,63.235965085000004,0.7728379404841178,0.903,0.0,0.3,0.5,3.882364688121548,31,0.9050486648525283,-2.69,2,"[533.7999877929688, 620.7999877929688]"
1779197564.771143,63.286082156000006,0.7453232468559221,0.903,0.0,0.3,0.5,4.039688724143126,31,0.868233125943273,-16.14,2,"[505.79998779296875, 596.4000244140625]"
1779197564.8210487,63.335987747000004,0.7236012932071272,0.903,0.0,0.3,0.5,4.196626306569179,31,0.8268156446703606,-32.28,2,"[505.79998779296875, 596.4000244140625]"
1779197564.871168,63.386106994,0.7082372269453729,0.903,0.0,0.3,0.5,4.35363135783907,31,0.7915340865489908,-67.25,2,"[536.0, 583.0]"
1779197564.921211,63.43615002600001,0.6997161758065822,0.903,0.0,0.3,0.5,4.511041413809089,31,0.7623884515791637,-88.77,2,"[536.0, 583.0]"
1779197564.9712498,63.486188893000005,0.6984033367287122,0.903,0.0,0.3,0.5,4.668286294262167,31,0.7378447589729934,-80.7,2,"[565.4000244140625, 524.4000244140625]"
1779197565.0212536,63.536192498000005,0.7044180934848838,0.903,0.0,0.3,0.5,4.825409130123823,31,0.7194369895183657,-83.39,2,"[565.4000244140625, 524.4000244140625]"
1779197565.0710468,63.585985806000004,0.7176550871546241,0.903,0.0,0.3,0.5,4.981984354970045,31,0.7086991240031663,-83.39,2,"[585.2000122070312, 510.0]"
1779197565.1211374,63.636076221,0.738013592455537,0.903,0.0,0.3,0.5,5.139301479487777,31,0.7071651432152806,-112.98,2,"[585.2000122070312, 510.0]"
1779197565.1710513,63.68599047000001,0.7649613218151182,0.903,0.0,0.3,0.5,5.296167276521707,31,0.705631162427395,-94.14999999999999,2,"[584.4000244140625, 501.0]"
1779197565.2212741,63.736213284,0.7981405537957327,0.903,0.0,0.3,0.5,5.453712889073124,31,0.7117670855789375,2.69,2,"[584.4000244140625, 501.0]"
1779197565.271027,63.785966149000004,0.8364714157955446,0.903,0.0,0.3,0.5,5.610277960291874,31,0.7286408742456796,2.69,2,"[610.4000244140625, 483.0]"
1779197565.3210773,63.836016396000005,0.8794649822517722,0.903,0.0,0.3,0.5,5.767417547125568,31,0.7516505860639642,2.69,2,"[610.4000244140625, 483.0]"
1779197565.3711586,63.886097728,0.9260703929739824,0.903,0.0,0.3,0.5,5.924702586557537,31,0.7792622402459057,2.69,2,"[456.79998779296875, 495.0]"
1779197565.421176,63.936115006,0.9751362290375438,0.903,0.0,0.3,0.5,6.081808885075468,31,0.8130098175793898,2.69,2,"[456.79998779296875, 495.0]"
1779197565.47118,63.986118967,1.0256067876096375,0.903,0.0,0.3,0.5,6.238946684342942,31,0.8513593372765309,2.69,2,"[587.7999877929688, 536.7999877929688]"
1779197565.5211408,64.036080006,1.0762519962908275,0.903,0.0,0.3,0.5,0.11269236538643668,32,0.8943107993373288,2.69,2,"[587.7999877929688, 536.7999877929688]"
1779197565.5711598,64.086099085,1.1260460491049917,0.903,0.0,0.3,0.5,0.2698349901402253,32,0.940330222973898,32.28,2,"[571.2000122070312, 596.7999877929688]"
1779197565.6209476,64.135886768,1.1736096007439185,0.903,0.0,0.3,0.5,0.4264034354295063,32,0.9863496466104673,75.32,2,"[571.2000122070312, 596.7999877929688]"
1779197565.6711683,64.186107473,1.2183250454618366,0.903,0.0,0.3,0.5,0.5840003721801281,32,1.033903051034922,112.98,2,"[509.6000061035156, 597.0]"
1779197565.7211926,64.23613166300001,1.2587428963326446,0.903,0.0,0.3,0.5,0.7411733415773654,32,1.081456455459377,129.12,2,"[509.6000061035156, 597.0]"
1779197565.7711458,64.28608502,1.2940176809978134,0.903,0.0,0.3,0.5,0.8980905067927836,32,1.1274758790959463,131.81,2,"[459.3999938964844, 643.7999877929688]"
1779197565.821364,64.336302876,1.3235584685207755,0.903,0.0,0.3,0.5,1.0557870917207595,32,1.175029283520401,161.4,2,"[459.3999938964844, 643.7999877929688]"
1779197565.8710449,64.38598397,1.346344629488767,0.903,0.0,0.3,0.5,1.2120796957502762,32,1.2164467647933135,161.4,2,"[355.3999938964844, 699.0]"
1779197565.9215133,64.43645242400001,1.3623040801129225,0.903,0.0,0.3,0.5,1.3699431149561292,32,1.2547962844904545,180.23,2,"[355.3999938964844, 699.0]"
1779197565.971094,64.486033039,1.3708047708916082,0.903,0.0,0.3,0.5,1.52640932967887,32,1.2854759002481673,182.92,2,"[418.0, 704.2000122070312]"
1779197566.0210903,64.536029267,1.371871368502507,0.903,0.0,0.3,0.5,1.683255029944604,32,1.3100195928543377,234.03,2,"[418.0, 704.2000122070312]"
1779197566.0711615,64.58610050200001,1.3654769958480388,0.903,0.0,0.3,0.5,1.8406466321993662,32,1.3268933815210797,234.03,2,"[412.6000061035156, 716.4000244140625]"
1779197566.12113,64.636069245,1.3518645049547986,0.903,0.0,0.3,0.5,1.9976738725381722,32,1.3391652278241648,242.1,2,"[412.6000061035156, 716.4000244140625]"
1779197566.1714284,64.68636741200001,1.3313327961234984,0.903,0.0,0.3,0.5,2.1552884116324265,32,1.342233189399936,234.03,2,"[408.0, 714.4000244140625]"
1779197566.2213223,64.736261481,1.3045949068970364,0.903,0.0,0.3,0.5,2.312321878607861,32,1.342233189399936,174.85,2,"[408.0, 714.4000244140625]"
1779197566.271349,64.78628793600001,1.2723281599602736,0.903,0.0,0.3,0.5,2.4692233138688664,32,1.3406992086120504,174.85,2,"[409.79998779296875, 720.4000244140625]"
1779197566.3211222,64.83606133,1.2353854000027304,0.903,0.0,0.3,0.5,2.6260061225912636,32,1.325359400733194,64.56,2,"[409.79998779296875, 720.4000244140625]"
1779197566.371629,64.88656794900001,1.1944507028667097,0.903,0.0,0.3,0.5,2.783707743492272,32,1.303883669702795,53.8,2,"[394.0, 724.2000122070312]"
1779197566.4209554,64.935894596,1.1512716578840287,0.903,0.0,0.3,0.5,2.939705323697268,32,1.2762720155208536,-8.07,2,"[394.0, 724.2000122070312]"
1779197566.471554,64.986493283,1.1057213002577777,0.903,0.0,0.3,0.5,3.0984418449086206,32,1.244058418975255,-8.07,2,"[412.0, 708.7999877929688]"
1779197566.5212162,65.03615511800001,1.0605019902385322,0.903,0.0,0.3,0.5,3.2544806836499447,32,1.2072428800659996,-5.38,2,"[412.0, 708.7999877929688]"
1779197566.571403,65.086342148,1.015594044273958,0.903,0.0,0.3,0.5,3.4119114584235035,32,1.1658253987930873,-5.38,2,"[417.25, 679.75]"
1779197566.621342,65.136281219,0.9726560355699504,0.903,0.0,0.3,0.5,3.568924549028992,32,1.1213399559444037,-2.69,2,"[417.25, 679.75]"
1779197566.67137,65.186309228,0.9326382575626553,0.903,0.0,0.3,0.5,3.726004470735006,32,1.0783884938836057,-2.69,2,"[425.0, 674.5999755859375]"
1779197566.7212844,65.236223515,0.8965999048983984,0.903,0.0,0.3,0.5,3.8829578962128153,32,1.033903051034922,-2.69,2,"[425.0, 674.5999755859375]"
1779197566.771166,65.28610511000001,0.865445803626364,0.903,0.0,0.3,0.5,4.0397594445353775,32,0.9909515889741242,-2.69,2,"[459.6000061035156, 636.5999755859375]"
1779197566.8209395,65.335878777,0.8399616938257486,0.903,0.0,0.3,0.5,4.196306847437057,32,0.9495341077012119,-2.69,2,"[459.6000061035156, 636.5999755859375]"
1779197566.8709726,65.38591161800001,0.8206699459552687,0.903,0.0,0.3,0.5,4.353494114222457,32,0.9142525495798421,-2.69,2,"[502.0, 622.4000244140625]"
1779197566.921216,65.436155234,0.8081493101785842,0.903,0.0,0.3,0.5,4.511192056318464,32,0.8820389530342436,-24.21,2,"[502.0, 622.4000244140625]"
1779197566.9712217,65.486160688,0.8028061556649736,0.903,0.0,0.3,0.5,4.668042877380202,32,0.8513593372765309,-18.83,2,"[536.5999755859375, 583.0]"
1779197567.0212374,65.536176517,0.8047088536342948,0.903,0.0,0.3,0.5,4.825269244427773,32,0.8283496254582462,-32.28,2,"[536.5999755859375, 583.0]"
1779197567.0713725,65.58631136400001,0.8138259334360345,0.903,0.0,0.3,0.5,4.982336178789751,32,0.8114758367915041,-32.28,2,"[449.79998779296875, 556.2000122070312]"
1779197567.1210902,65.63602925800001,0.8298961915692522,0.903,0.0,0.3,0.5,5.1390897267181685,32,0.8084078752157329,-24.21,2,"[449.79998779296875, 556.2000122070312]"
1779197567.171365,65.686304109,0.8526791722120995,0.903,0.0,0.3,0.5,5.296705217714987,32,0.8084078752157329,-45.73,2,"[557.2000122070312, 575.7999877929688]"
1779197567.2211385,65.736077491,0.8813934376365679,0.903,0.0,0.3,0.5,5.453598648197897,32,0.8099418560036186,0.0,2,"[557.2000122070312, 575.7999877929688]"
1779197567.2724566,65.787395566,0.9161109741975082,0.903,0.0,0.3,0.5,5.613474691038164,32,0.8206797215188181,0.0,2,"[550.5999755859375, 563.5999755859375]"
1779197567.3219495,65.836888562,0.9545249279025785,0.903,0.0,0.3,0.5,5.769775431792652,32,0.8406214717613314,2.69,2,"[550.5999755859375, 563.5999755859375]"
1779197567.3715575,65.886496513,0.996274119083346,0.903,0.0,0.3,0.5,5.925596859755984,32,0.863631183579616,2.69,2,"[538.4000244140625, 537.4000244140625]"
1779197567.4240313,65.938970325,1.043070790662184,0.903,0.0,0.3,0.5,6.0905001985410365,32,0.8897088569736719,13.45,2,"[538.4000244140625, 537.4000244140625]"
1779197567.4714792,65.986418321,1.0865637029150494,0.903,0.0,0.3,0.5,6.239331705372223,32,0.9280583766708129,13.45,2,"[550.0, 569.4000244140625]"
1779197567.5211234,66.036062626,1.1325006059551705,0.903,0.0,0.3,0.5,0.1127423826831162,33,0.9633399347921826,29.59,2,"[550.0, 569.4000244140625]"
1779197567.5710282,66.085967381,1.1775624946341707,0.903,0.0,0.3,0.5,0.26960033516019877,33,1.0032234352772094,67.25,2,"[509.3999938964844, 601.5999755859375]"
1779197567.6209414,66.13588059700001,1.2205244260402104,0.903,0.0,0.3,0.5,0.42640020273069723,33,1.0461748973380072,112.98,2,"[509.3999938964844, 601.5999755859375]"
1779197567.671186,66.18612521,1.2605304750047472,0.903,0.0,0.3,0.5,0.5840708852272556,33,1.0875923786109196,126.42999999999999,2,"[483.6000061035156, 630.4000244140625]"
1779197567.721201,66.23614018800001,1.2961956331200664,0.903,0.0,0.3,0.5,0.7411998000706959,33,1.1336118022474888,134.5,2,"[483.6000061035156, 630.4000244140625]"
1779197567.7712893,66.286228487,1.3267756299714923,0.903,0.0,0.3,0.5,0.8984758388396941,33,1.1780972450961724,158.71,2,"[448.79998779296875, 652.7999877929688]"
1779197567.821364,66.33630282600001,1.3514431620786875,0.903,0.0,0.3,0.5,1.0557599954841308,33,1.217980745581199,166.78,2,"[448.79998779296875, 652.7999877929688]"
1779197567.8711755,66.38611467300001,1.3694764183269077,0.903,0.0,0.3,0.5,1.2122911092278983,33,1.2563302652783401,166.78,2,"[435.20001220703125, 670.2000122070312]"
1779197567.921189,66.43612795300001,1.3805542235017096,0.903,0.0,0.3,0.5,1.3694582321211968,33,1.2885438618239387,177.54,2,"[435.20001220703125, 670.2000122070312]"
1779197567.9711242,66.486063206,1.384270124244313,0.903,0.0,0.3,0.5,1.5264551215333668,33,1.3130875544301088,193.68,2,"[409.3999938964844, 689.2000122070312]"
1779197568.0209336,66.53587291800001,1.380519919047016,0.903,0.0,0.3,0.5,1.6830246129729929,33,1.3330293046726223,228.65,2,"[409.3999938964844, 689.2000122070312]"
1779197568.0710428,66.585981664,1.3692888178258573,0.903,0.0,0.3,0.5,1.8403896342123076,33,1.3453011509757073,244.79,2,"[429.20001220703125, 730.2000122070312]"
1779197568.1211715,66.63611057600001,1.3508079588270656,0.903,0.0,0.3,0.5,1.9976935671824734,33,1.354505035703021,263.62,2,"[429.20001220703125, 730.2000122070312]"
1779197568.1714733,66.686412312,1.325435875478847,0.903,0.0,0.3,0.5,2.1552028283653115,33,1.354505035703021,217.89,2,"[396.3999938964844, 748.2000122070312]"
1779197568.2212348,66.736173869,1.2939117822421973,0.903,0.0,0.3,0.5,2.312019472040596,33,1.354505035703021,104.91,2,"[396.3999938964844, 748.2000122070312]"
1779197568.2711837,66.78612290400001,1.256817603378957,0.903,0.0,0.3,0.5,2.4689650812359005,33,1.3453011509757073,104.91,2,"[313.20001220703125, 743.5999755859375]"
1779197568.321076,66.83601495100001,1.2150496142293243,0.903,0.0,0.3,0.5,2.6258175390674197,33,1.325359400733194,61.87,2,"[313.20001220703125, 743.5999755859375]"
1779197568.371224,66.88616293,1.1693531274307287,0.903,0.0,0.3,0.5,2.7833113844550965,33,1.2962137657633668,-8.07,2,"[397.20001220703125, 714.4000244140625]"
1779197568.4212875,66.93622663400001,1.121068863427558,0.903,0.0,0.3,0.5,2.9404271108925926,33,1.2640001692177683,-8.07,2,"[397.20001220703125, 714.4000244140625]"
1779197568.4710975,66.986036647,1.071339209365551,0.903,0.0,0.3,0.5,3.0971326992675543,33,1.2256506495206272,-5.38,2,"[408.20001220703125, 694.2000122070312]"
1779197568.5210843,67.036023377,1.0210762944997058,0.903,0.0,0.3,0.5,3.2541802374364934,33,1.1857671490356005,-2.69,2,"[408.20001220703125, 694.2000122070312]"
1779197568.5711827,67.08612175900001,0.9714657007029548,0.903,0.0,0.3,0.5,3.4114899823530678,33,1.141281706186917,-2.69,2,"[419.20001220703125, 678.0]"
1779197568.6211872,67.136126305,0.9238099057578182,0.903,0.0,0.3,0.5,3.568550765476637,33,1.0921943209745766,-2.69,2,"[419.20001220703125, 678.0]"
1779197568.6713145,67.18625358300001,0.8790976136684912,0.903,0.0,0.3,0.5,3.7256964187257395,33,1.0446409165501216,-2.69,2,"[436.0, 648.4000244140625]"
1779197568.7211301,67.236069158,0.8384243050707847,0.903,0.0,0.3,0.5,3.8826315727006957,33,0.9924855697620099,-2.69,2,"[436.0, 648.4000244140625]"
1779197568.7712464,67.28618542000001,0.8025783267515088,0.903,0.0,0.3,0.5,4.039866667092646,33,0.9480001269133262,-2.69,2,"[483.3999938964844, 613.4000244140625]"
1779197568.8209279,67.335867015,0.7725766722589716,0.903,0.0,0.3,0.5,4.1962923646949335,33,0.9035146840646426,-24.21,2,"[483.3999938964844, 613.4000244140625]"
1779197568.8712342,67.386173332,0.7486934099721063,0.903,0.0,0.3,0.5,4.3540351404597075,33,0.8620972027917303,-34.97,2,"[522.2000122070312, 598.5999755859375]"
1779197568.9212909,67.436229817,0.7317402704734863,0.903,0.0,0.3,0.5,4.511370985728071,33,0.8206797215188181,-48.42,2,"[522.2000122070312, 598.5999755859375]"
1779197568.971454,67.48639297,0.7219771176662662,0.903,0.0,0.3,0.5,4.668554916142064,33,0.7900001057611052,-59.18,2,"[557.7999877929688, 559.0]"
1779197569.0213857,67.53632456000001,0.7195283790333544,0.903,0.0,0.3,0.5,4.825712488593702,33,0.7639224323670493,-86.08,2,"[557.7999877929688, 559.0]"
1779197569.0710595,67.585998743,0.7243081163741608,0.903,0.0,0.3,0.5,4.982008887667128,33,0.7439806821245359,-86.08,2,"[603.7999877929688, 545.5999755859375]"
1779197569.121025,67.635964134,0.7361376192151485,0.903,0.0,0.3,0.5,5.139021343670898,33,0.7301748550335652,-56.49,2,"[603.7999877929688, 545.5999755859375]"
1779197569.1711469,67.686085919,0.7546630442786699,0.903,0.0,0.3,0.5,5.29635196761226,33,0.7255729126699083,-94.14999999999999,2,"[615.5999755859375, 521.7999877929688]"
1779197569.2209594,67.73589842300001,0.7791888167752038,0.903,0.0,0.3,0.5,5.45300904979667,33,0.7255729126699083,-26.9,2,"[615.5999755859375, 521.7999877929688]"
1779197569.2714994,67.78643840800001,0.8094389045475381,0.903,0.0,0.3,0.5,5.611424848955615,33,0.7301748550335652,0.0,2,"[585.5999755859375, 502.20001220703125]"
1779197569.3213515,67.836290696,0.8438501925888695,0.903,0.0,0.3,0.5,5.76788477106826,33,0.7455146629124216,2.69,2,"[585.5999755859375, 502.20001220703125]"
1779197569.3714447,67.886383756,0.8819957044708755,0.903,0.0,0.3,0.5,5.925051815421746,33,0.7669903939428205,2.69,2,"[578.7999877929688, 495.6000061035156]"
1779197569.4220207,67.936959709,0.9231956893510859,0.903,0.0,0.3,0.5,6.084166527839933,33,0.7930680673368765,2.69,2,"[578.7999877929688, 495.6000061035156]"
1779197569.471433,67.98637182600001,0.9647451354740564,0.903,0.0,0.3,0.5,6.239217436222653,33,0.8206797215188181,2.69,2,"[555.75, 519.5]"
1779197569.521329,68.036268115,1.0070970599207718,0.903,0.0,0.3,0.5,0.1130677668590323,34,0.8574952604280734,2.69,2,"[555.75, 519.5]"
1779197569.571167,68.086106283,1.0485242425179515,0.903,0.0,0.3,0.5,0.2699202843808024,34,0.8912428377615575,2.69,2,"[545.4000244140625, 545.4000244140625]"
1779197569.620975,68.13591410000001,1.0878777899226337,0.903,0.0,0.3,0.5,0.4264914188733684,34,0.9326603190344698,34.97,2,"[545.4000244140625, 545.4000244140625]"
1779197569.6711867,68.186125872,1.1243842458236184,0.903,0.0,0.3,0.5,0.5840969415967123,34,0.9725438195194965,64.56,2,"[512.2000122070312, 575.0]"
1779197569.7213554,68.23629449900001,1.1567400828644498,0.903,0.0,0.3,0.5,0.7416275876007461,34,1.0139613007924089,88.77,2,"[512.2000122070312, 575.0]"
1779197569.7710874,68.28602664200001,1.183864284178055,0.903,0.0,0.3,0.5,0.8979974873758891,34,1.0538448012774355,107.6,2,"[473.0, 608.7999877929688]"
1779197569.8213332,68.33627215300001,1.2053876531850318,0.903,0.0,0.3,0.5,1.055682005446485,34,1.0891263593988052,131.81,2,"[473.0, 608.7999877929688]"
1779197569.8712444,68.386183452,1.2203437698418882,0.903,0.0,0.3,0.5,1.2125104426605873,34,1.1213399559444037,131.81,2,"[468.6000061035156, 641.0]"
1779197569.921226,68.436165136,1.22838925544989,0.903,0.0,0.3,0.5,1.3696255156468027,34,1.1520195717021164,129.12,2,"[468.6000061035156, 641.0]"
1779197569.9710376,68.485976629,1.2291830913871362,0.903,0.0,0.3,0.5,1.5262250312874102,34,1.175029283520401,147.95,2,"[376.3999938964844, 664.0]"
1779197570.020947,68.53588609900001,1.2226089653628025,0.903,0.0,0.3,0.5,1.6830788619949288,34,1.191903072187143,161.4,2,"[376.3999938964844, 664.0]"
1779197570.0709934,68.58593266700001,1.208661734829679,0.903,0.0,0.3,0.5,1.8402919275391838,34,1.2041749184902284,172.16,2,"[442.3999938964844, 687.2000122070312]"
1779197570.121177,68.636116036,1.1875294255043538,0.903,0.0,0.3,0.5,1.997775276865795,34,1.2072428800659996,156.02,2,"[442.3999938964844, 687.2000122070312]"
1779197570.1711822,68.686121199,1.159700920133625,0.903,0.0,0.3,0.5,2.15490709454086,34,1.205708899278114,91.46,2,"[422.20001220703125, 694.0]"
1779197570.2213295,68.736268675,1.1256409306371056,0.903,0.0,0.3,0.5,2.3122992591407154,34,1.2026409377023426,43.04,2,"[422.20001220703125, 694.0]"
1779197570.2710345,68.785973579,1.0863866896415026,0.903,0.0,0.3,0.5,2.468657019801853,34,1.1857671490356005,43.04,2,"[424.20001220703125, 664.5999755859375]"
1779197570.321324,68.836263114,1.0422161919624002,0.903,0.0,0.3,0.5,2.6262316700941852,34,1.162757437217316,-2.69,2,"[424.20001220703125, 664.5999755859375]"
1779197570.3710847,68.886023632,0.9946295902708339,0.903,0.0,0.3,0.5,2.783032835142464,34,1.1351457830353744,-5.38,2,"[427.0, 658.5999755859375]"
1779197570.420989,68.93592804100001,0.9444927371165097,0.903,0.0,0.3,0.5,2.9397594596218397,34,1.0983302441261191,-2.69,2,"[427.0, 658.5999755859375]"
1779197570.4711726,68.98611157,0.8926185850567221,0.903,0.0,0.3,0.5,3.097315162968883,34,1.0584467436410925,-2.69,2,"[434.3999938964844, 647.5999755859375]"
1779197570.521169,69.03610804600001,0.840586373031823,0.903,0.0,0.3,0.5,3.2543982231259605,34,1.012427320004523,-2.69,2,"[434.3999938964844, 647.5999755859375]"
1779197570.5713656,69.086304549,0.7892897069490612,0.903,0.0,0.3,0.5,3.4118371346244913,34,0.9679418771558396,-24.21,2,"[482.20001220703125, 653.5999755859375]"
1779197570.6210907,69.136029721,0.7402714369769305,0.903,0.0,0.3,0.5,3.5683695584123853,34,0.9188544919434991,-13.45,2,"[482.20001220703125, 653.5999755859375]"
1779197570.6712105,69.18614959300001,0.6940905569531781,0.903,0.0,0.3,0.5,3.72569515894709,34,0.8713010875190442,-13.45,2,"[496.3999938964844, 592.5999755859375]"
1779197570.721071,69.236009974,0.6521502758442045,0.903,0.0,0.3,0.5,3.8825184973563154,34,0.8176117599430467,-51.11,2,"[496.3999938964844, 592.5999755859375]"
1779197570.77143,69.286369121,0.6150962066860461,0.903,0.0,0.3,0.5,4.039865347623746,34,0.7700583555185919,-56.49,2,"[553.4000244140625, 556.2000122070312]"
1779197570.8209743,69.33591359100001,0.5840287835479296,0.903,0.0,0.3,0.5,4.196345272256806,34,0.7255729126699083,-112.98,2,"[553.4000244140625, 556.2000122070312]"
1779197570.8710425,69.38598154200001,0.5592629212694888,0.903,0.0,0.3,0.5,4.3536424162452505,34,0.6826214506091103,-147.95,2,"[579.7999877929688, 515.7999877929688]"
1779197570.920962,69.43590126000001,0.5415104882196248,0.903,0.0,0.3,0.5,4.510520745092279,34,0.6442719309119693,-161.4,2,"[579.7999877929688, 515.7999877929688]"
1779197570.971198,69.486137145,0.5309883762139405,0.903,0.0,0.3,0.5,4.668110506445274,34,0.6105243535784852,-150.64,2,"[624.4000244140625, 468.3999938964844]"
1779197571.021401,69.536339939,0.5279399323061773,0.903,0.0,0.3,0.5,4.82570816576218,34,0.5829126993965437,-182.92,2,"[624.4000244140625, 468.3999938964844]"
1779197571.0714679,69.58640692600001,0.5322896933502769,0.903,0.0,0.3,0.5,4.982545455984379,34,0.5614369683661447,-182.92,2,"[639.4000244140625, 429.6000061035156]"
1779197571.121039,69.635977951,0.5437575869681175,0.903,0.0,0.3,0.5,5.139063792870829,34,0.5491651220630596,-196.37,2,"[639.4000244140625, 429.6000061035156]"
1779197571.1720223,69.686961557,0.5624039350484864,0.903,0.0,0.3,0.5,5.29884691368359,34,0.543029198911517,-190.99,2,"[632.5999755859375, 422.0]"
1779197571.2220147,69.736953587,0.5869782779202392,0.903,0.0,0.3,0.5,5.455792733365584,34,0.543029198911517,-201.75,2,"[632.5999755859375, 422.0]"
1779197571.2739804,69.788919424,0.6183561171140886,0.903,0.0,0.3,0.5,5.619061859634556,34,0.5445631796994026,-53.8,2,"[648.3333129882812, 352.8333435058594]"
1779197571.3230278,69.837966984,0.6525562897318583,0.903,0.0,0.3,0.5,5.773129188764514,34,0.5568350260024878,8.07,2,"[648.3333129882812, 352.8333435058594]"
1779197571.3712342,69.88617321400001,0.6897059284145677,0.903,0.0,0.3,0.5,5.924900585434571,34,0.5783107570328867,5.38,2,"[640.25, 411.0]"
1779197571.4212494,69.93618842400001,0.7307950460562299,0.903,0.0,0.3,0.5,6.0821232391196105,34,0.602854449639057,5.38,2,"[640.25, 411.0]"
1779197571.4711142,69.986053203,0.7732890726702478,0.903,0.0,0.3,0.5,6.238819430990944,34,0.6335340653967698,5.38,2,"[644.5999755859375, 434.79998779296875]"
1779197571.5210972,70.03603602,0.8162518519698233,0.903,0.0,0.3,0.5,0.11258551982032117,35,0.6703496043060252,5.38,2,"[644.5999755859375, 434.79998779296875]"
1779197571.5711331,70.086071993,0.8585148975210168,0.903,0.0,0.3,0.5,0.2697371043963628,35,0.7071651432152806,5.38,2,"[615.0, 456.3999938964844]"
1779197571.6209686,70.135907726,0.8987778572708194,0.903,0.0,0.3,0.5,0.4264522652041407,35,0.7455146629124216,2.69,2,"[615.0, 456.3999938964844]"
1779197571.6714282,70.186367211,0.9363694915402085,0.903,0.0,0.3,0.5,0.5844465443103886,35,0.7884661249732196,2.69,2,"[584.5999755859375, 498.6000061035156]"
1779197571.7212188,70.23615809500001,0.9696646498247292,0.903,0.0,0.3,0.5,0.7411371629963739,35,0.8298836062461319,2.69,2,"[584.5999755859375, 498.6000061035156]"
1779197571.7710807,70.286019807,0.9980998278507512,0.903,0.0,0.3,0.5,0.897932412425682,35,0.8697671067311585,5.38,2,"[558.4000244140625, 548.2000122070312]"
1779197571.8213599,70.33629895300001,1.0209933829156927,0.903,0.0,0.3,0.5,1.0557364178312625,35,0.9081166264282996,13.45,2,"[558.4000244140625, 548.2000122070312]"
1779197571.8710518,70.385990846,1.037367098437274,0.903,0.0,0.3,0.5,1.2120632118136072,35,0.9433981845496693,13.45,2,"[550.5999755859375, 586.0]"
1779197571.9212084,70.436147484,1.0470285663649377,0.903,0.0,0.3,0.5,1.3695924346761714,35,0.9740778003073821,53.8,2,"[550.5999755859375, 586.0]"
1779197571.971118,70.486056961,1.0495107026749895,0.903,0.0,0.3,0.5,1.5264687403375419,35,0.9986214929135524,61.87,2,"[505.0, 617.0]"
1779197572.020983,70.535921876,1.044740134671172,0.903,0.0,0.3,0.5,1.6831310846896415,35,1.0154952815802945,91.46,2,"[505.0, 617.0]"
1779197572.0710762,70.586015168,1.0326988679142342,0.903,0.0,0.3,0.5,1.8404729806654458,35,1.0277671278833795,107.6,2,"[485.79998779296875, 642.0]"
1779197572.121189,70.636128212,1.013618368081038,0.903,0.0,0.3,0.5,1.997790614121179,35,1.0354370318228079,86.08,2,"[485.79998779296875, 642.0]"
1779197572.1711936,70.68613269800001,0.9879432074894057,0.903,0.0,0.3,0.5,2.1548546613595008,35,1.033903051034922,5.38,2,"[475.20001220703125, 641.0]"
1779197572.2213964,70.736335479,0.9560987909093307,0.903,0.0,0.3,0.5,2.3124298457225834,35,1.026233147095494,0.0,2,"[475.20001220703125, 641.0]"
1779197572.2711325,70.786071519,0.9191364928436234,0.903,0.0,0.3,0.5,2.4689846376501734,35,1.012427320004523,0.0,2,"[471.79998779296875, 631.4000244140625]"
1779197572.3211625,70.83610149900001,0.8775821443223252,0.903,0.0,0.3,0.5,2.625999936795317,35,0.9924855697620099,0.0,2,"[471.79998779296875, 631.4000244140625]"
1779197572.37112,70.886059164,0.832484052021665,0.903,0.0,0.3,0.5,2.783062331555918,35,0.966407896367954,0.0,2,"[481.3999938964844, 608.7999877929688]"
1779197572.4210162,70.935955338,0.7849947015296996,0.903,0.0,0.3,0.5,2.9398353887747177,35,0.9357282806102412,-16.14,2,"[481.3999938964844, 608.7999877929688]"
1779197572.4711807,70.98611979,0.7359171306582347,0.903,0.0,0.3,0.5,3.0973284958881138,35,0.8989127417009857,-24.21,2,"[527.7999877929688, 594.5999755859375]"
1779197572.5213675,71.036306618,0.6865989046489284,0.903,0.0,0.3,0.5,3.2549070260473556,35,0.8574952604280734,-48.42,2,"[527.7999877929688, 594.5999755859375]"
1779197572.5711818,71.086120721,0.6385484440362504,0.903,0.0,0.3,0.5,3.4114532225774425,35,0.8084078752157329,-51.11,2,"[529.5999755859375, 576.4000244140625]"
1779197572.6213696,71.136308802,0.5922781323475765,0.903,0.0,0.3,0.5,3.5690237008347125,35,0.7639224323670493,-96.84,2,"[529.5999755859375, 576.4000244140625]"
1779197572.671143,71.186082091,0.5494624582392991,0.903,0.0,0.3,0.5,3.7256177595288804,35,0.7179030087304801,-96.84,2,"[568.7999877929688, 524.4000244140625]"
1779197572.7213678,71.23630693,0.5106695278546136,0.903,0.0,0.3,0.5,3.8828311172412597,35,0.6703496043060252,-123.74,2,"[568.7999877929688, 524.4000244140625]"
1779197572.7711616,71.28610060300001,0.4770460428154795,0.903,0.0,0.3,0.5,4.039773415197907,35,0.6258641614573416,-137.19,2,"[608.2000122070312, 481.79998779296875]"
1779197572.8210618,71.336000763,0.4493305956018671,0.903,0.0,0.3,0.5,4.196591563696067,35,0.5844466801844292,-174.85,2,"[608.2000122070312, 481.79998779296875]"
1779197572.8711908,71.38613003600001,0.42807924351889887,0.903,0.0,0.3,0.5,4.353956321041601,35,0.5460971604872883,-204.44,2,"[622.0, 441.79998779296875]"
1779197572.9213789,71.43631809300001,0.41388809938265025,0.903,0.0,0.3,0.5,4.511401531433414,35,0.5077476407901472,-204.44,2,"[622.0, 441.79998779296875]"
1779197572.9712155,71.486154586,0.40710550204045315,0.903,0.0,0.3,0.5,4.668188402235096,35,0.47860200582032003,-231.34,2,"[646.5999755859375, 434.79998779296875]"
1779197573.021355,71.536293982,0.40781702606080467,0.903,0.0,0.3,0.5,4.825620678689937,35,0.45559229400203544,-250.17,2,"[646.5999755859375, 434.79998779296875]"
1779197573.0710478,71.585986871,0.4159477358813577,0.903,0.0,0.3,0.5,4.982012456516337,35,0.43718452454740775,-250.17,2,"[671.2000122070312, 418.6000061035156]"
1779197573.1211934,71.63613229100001,0.4313787092020798,0.903,0.0,0.3,0.5,5.139388240852092,35,0.43104860139586515,-250.17,2,"[671.2000122070312, 418.6000061035156]"
1779197573.1710448,71.685983813,0.45357767019945106,0.903,0.0,0.3,0.5,5.296105340022557,35,0.43104860139586515,-274.38,2,"[682.5999755859375, 406.79998779296875]"
1779197573.221021,71.73596012600001,0.4820985867519974,0.903,0.0,0.3,0.5,5.45312858739711,35,0.43104860139586515,-145.26,2,"[682.5999755859375, 406.79998779296875]"
1779197573.2711112,71.78605031100001,0.5162634363978831,0.903,0.0,0.3,0.5,5.610454332445094,35,0.4325825821837508,-64.56,2,"[671.7999877929688, 387.0]"
1779197573.3213193,71.83625829,0.555224460164663,0.903,0.0,0.3,0.5,5.76798036973269,35,0.4479223900626072,-67.25,2,"[671.7999877929688, 387.0]"
1779197573.3711824,71.88612163100001,0.5977483126307418,0.903,0.0,0.3,0.5,5.92470777646863,35,0.47093210188089185,-75.32,2,"[662.5999755859375, 380.79998779296875]"
1779197573.4213338,71.93627286200001,0.6432003452080652,0.903,0.0,0.3,0.5,6.082188920397208,35,0.5031456984264903,-67.25,2,"[662.5999755859375, 380.79998779296875]"
1779197573.471067,71.98600599800001,0.6899557994224019,0.903,0.0,0.3,0.5,6.23865576343848,35,0.5399612373357456,-67.25,2,"[676.7999877929688, 387.0]"
1779197573.521189,72.03612797400001,0.7374307625288931,0.903,0.0,0.3,0.5,0.11282887072886183,36,0.5783107570328867,-48.42,2,"[676.7999877929688, 387.0]"
1779197573.5711217,72.086060943,0.7840873269880592,0.903,0.0,0.3,0.5,0.2698108658502747,36,0.619728238305799,-53.8,2,"[624.5999755859375, 414.6000061035156]"
1779197573.621075,72.136013921,0.8288372422388124,0.903,0.0,0.3,0.5,0.4265564529829078,36,0.6642136811544826,5.38,2,"[624.5999755859375, 414.6000061035156]"
1779197573.6712012,72.18614033,0.8708679563564501,0.903,0.0,0.3,0.5,0.5840831123058479,36,0.7102331047910518,2.69,2,"[593.0, 461.3999938964844]"
1779197573.7213109,72.23624988600001,0.9088985645194914,0.903,0.0,0.3,0.5,0.7414820815953931,36,0.7547185476397354,2.69,2,"[593.0, 461.3999938964844]"
1779197573.771475,72.286414205,0.9420077988215686,0.903,0.0,0.3,0.5,0.8986905792639277,36,0.8007379712763046,2.69,2,"[574.0, 522.4000244140625]"
1779197573.8212574,72.336196442,0.9693667532142884,0.903,0.0,0.3,0.5,1.0553561531732782,36,0.8436894333371027,2.69,2,"[574.0, 522.4000244140625]"
1779197573.8714755,72.386414657,0.99053967062506,0.903,0.0,0.3,0.5,1.212772759363986,36,0.8820389530342436,2.69,2,"[560.0, 566.2000122070312]"
1779197573.9211426,72.43608161200001,1.0048246985343556,0.903,0.0,0.3,0.5,1.369283430764341,36,0.9188544919434991,10.76,2,"[560.0, 566.2000122070312]"
1779197573.9711957,72.486134879,1.0120627164498872,0.903,0.0,0.3,0.5,1.526567175860123,36,0.9464661461254406,26.9,2,"[524.2000122070312, 595.7999877929688]"
1779197574.0210009,72.53593983900001,1.0120386452461965,0.903,0.0,0.3,0.5,1.6831598271207895,36,0.9694758579437253,61.87,2,"[524.2000122070312, 595.7999877929688]"
1779197574.0711749,72.58611372200001,1.0047751010599058,0.903,0.0,0.3,0.5,1.8406713910910355,36,0.9878836273983529,80.7,2,"[519.2000122070312, 616.2000122070312]"
1779197574.12122,72.636159339,0.9905109733783282,0.903,0.0,0.3,0.5,1.9978343765068018,36,0.9986214929135524,72.63,2,"[519.2000122070312, 616.2000122070312]"
1779197574.1713781,72.68631711100001,0.969618786930678,0.903,0.0,0.3,0.5,2.155093174215324,36,1.0032234352772094,40.35,2,"[488.79998779296875, 624.4000244140625]"
1779197574.221343,72.736282164,0.9426748913425401,0.903,0.0,0.3,0.5,2.3123118977679553,36,1.000155473701438,0.0,2,"[488.79998779296875, 624.4000244140625]"
1779197574.2714844,72.786423329,0.9103867284388938,0.903,0.0,0.3,0.5,2.46953971623131,36,0.9894176081862386,0.0,2,"[487.6000061035156, 650.0]"
1779197574.321105,72.836044066,0.8738227232502083,0.903,0.0,0.3,0.5,2.6258804054779716,36,0.9710098387316108,-2.69,2,"[487.6000061035156, 650.0]"
1779197574.37121,72.886149266,0.8335003639769528,0.903,0.0,0.3,0.5,2.7832024497297994,36,0.9510680884890975,-2.69,2,"[484.3999938964844, 606.5999755859375]"
1779197574.4209785,72.93591762300001,0.7909074225172256,0.903,0.0,0.3,0.5,2.939740038296037,36,0.9249904150950417,-2.69,2,"[484.3999938964844, 606.5999755859375]"
1779197574.4713585,72.986297765,0.7465936900828991,0.903,0.0,0.3,0.5,3.097543892905179,36,0.8927768185494431,-13.45,2,"[502.0, 601.0]"
1779197574.5213578,73.036296652,0.702185758173651,0.903,0.0,0.3,0.5,3.254898587729457,36,0.8559612796401878,-45.73,2,"[502.0, 601.0]"
1779197574.5712702,73.08620930100001,0.6588519151321145,0.903,0.0,0.3,0.5,3.4117725466211084,36,0.8130098175793898,-37.66,2,"[553.2000122070312, 587.2000122070312]"
1779197574.6212254,73.13616434400001,0.6175847023589708,0.903,0.0,0.3,0.5,3.5686591315736393,36,0.7715923363064775,-83.39,2,"[553.2000122070312, 587.2000122070312]"
1779197574.6711676,73.18610670800001,0.5794502316832398,0.903,0.0,0.3,0.5,3.7256367850139895,36,0.7301748550335652,-83.39,2,"[601.5999755859375, 563.4000244140625]"
1779197574.7212288,73.23616797700001,0.5454428369296223,0.903,0.0,0.3,0.5,3.8828163454726052,36,0.6887573737606529,-107.6,2,"[601.5999755859375, 563.4000244140625]"
1779197574.7711194,73.286058624,0.5165732086315051,0.903,0.0,0.3,0.5,4.039720253167019,36,0.6473398924877406,-131.81,2,"[602.2000122070312, 495.20001220703125]"
1779197574.8211195,73.33605866,0.49356545601127316,0.903,0.0,0.3,0.5,4.196613944402117,36,0.6089903727905995,-158.71,2,"[602.2000122070312, 495.20001220703125]"
1779197574.8711894,73.38612836600001,0.47702138626775914,0.903,0.0,0.3,0.5,4.353996665374467,36,0.5752427954571154,-180.23,2,"[622.4000244140625, 443.6000061035156]"
1779197574.921171,73.436110012,0.4675247139247731,0.903,0.0,0.3,0.5,4.511081334026983,36,0.5460971604872883,-199.06,2,"[622.4000244140625, 443.6000061035156]"
1779197574.9713948,73.486333751,0.4653586411975865,0.903,0.0,0.3,0.5,4.668458657743145,36,0.5200194870932323,-193.68,2,"[637.5999755859375, 426.3999938964844]"
1779197575.02137,73.53630909,0.4706741218242497,0.903,0.0,0.3,0.5,4.825598206877714,36,0.500077736850719,-215.2,2,"[637.5999755859375, 426.3999938964844]"
1779197575.0712106,73.586149762,0.48336989402558694,0.903,0.0,0.3,0.5,4.9822596872918155,36,0.48933987133551954,-215.2,2,"[641.0, 402.20001220703125]"
1779197575.1210525,73.635991577,0.5032452452716096,0.903,0.0,0.3,0.5,5.139026941988988,36,0.4816699673960913,-217.89,2,"[641.0, 402.20001220703125]"
1779197575.1710393,73.685978334,0.5299593819147884,0.903,0.0,0.3,0.5,5.296113951128035,36,0.4816699673960913,-212.51,2,"[650.4000244140625, 400.0]"
1779197575.220969,73.735908041,0.5628731301821035,0.903,0.0,0.3,0.5,5.453015565459822,36,0.483203948183977,-72.63,2,"[650.4000244140625, 400.0]"
1779197575.2710452,73.78598436300001,0.601402143213729,0.903,0.0,0.3,0.5,5.610303828165854,36,0.4954757944870621,-72.63,2,"[667.0, 397.79998779296875]"
1779197575.321116,73.83605502600001,0.6445787667944063,0.903,0.0,0.3,0.5,5.767449286636207,36,0.5200194870932323,-78.01,2,"[667.0, 397.79998779296875]"
1779197575.3711843,73.88612326,0.691528045318135,0.903,0.0,0.3,0.5,5.924778782745818,36,0.5491651220630596,-48.42,2,"[638.2000122070312, 406.20001220703125]"
1779197575.421351,73.93629010400001,0.7411871528520133,0.903,0.0,0.3,0.5,6.082242192383859,36,0.5829126993965437,-45.73,2,"[638.2000122070312, 406.20001220703125]"
1779197575.4714062,73.986345166,0.7922352171292287,0.903,0.0,0.3,0.5,6.23922539701843,36,0.6227961998815703,-45.73,2,"[624.2000122070312, 418.3999938964844]"
1779197575.5212247,74.03616387000001,0.8436062946586266,0.903,0.0,0.3,0.5,0.11283097245436835,37,0.6672816427302539,-34.97,2,"[624.2000122070312, 418.3999938964844]"
1779197575.571081,74.08601986100001,0.8942420685696032,0.903,0.0,0.3,0.5,0.26973112280396805,37,0.7133010663668231,5.38,2,"[604.2000122070312, 457.3999938964844]"
1779197575.6209304,74.135869533,0.9429098273828118,0.903,0.0,0.3,0.5,0.42643279989608374,37,0.7593204900033924,2.69,2,"[604.2000122070312, 457.3999938964844]"
1779197575.67117,74.186108989,0.9888450270395823,0.903,0.0,0.3,0.5,0.5840473107159951,37,0.8099418560036186,2.69,2,"[583.0, 515.5999755859375]"
1779197575.7211862,74.236125318,1.0305995626969644,0.903,0.0,0.3,0.5,0.7411424879959227,37,0.8605632220038447,2.69,2,"[583.0, 515.5999755859375]"
1779197575.7713318,74.28627084200001,1.0674391003895076,0.903,0.0,0.3,0.5,0.8983568070356469,37,0.9065826456404139,32.28,2,"[550.0, 569.5999755859375]"
1779197575.8213425,74.336281724,1.0985481568085327,0.903,0.0,0.3,0.5,1.0556488773519632,37,0.9556700308527545,51.11,2,"[550.0, 569.5999755859375]"
1779197575.8713884,74.386327592,1.1232056261192558,0.903,0.0,0.3,0.5,1.212591388936893,37,0.9970875121256667,51.11,2,"[533.7999877929688, 624.2000122070312]"
1779197575.9211407,74.436079752,1.1409840550414356,0.903,0.0,0.3,0.5,1.3694096788067114,37,1.0354370318228079,72.63,2,"[533.7999877929688, 624.2000122070312]"
1779197575.9711928,74.486132002,1.1515981300505114,0.903,0.0,0.3,0.5,1.5265468843131842,37,1.0661166475805206,110.28999999999999,2,"[479.20001220703125, 642.4000244140625]"
1779197576.020987,74.535926051,1.1548607776725028,0.903,0.0,0.3,0.5,1.6831286342473462,37,1.0921943209745766,129.12,2,"[479.20001220703125, 642.4000244140625]"
1779197576.07113,74.58606909800001,1.150816327792619,0.903,0.0,0.3,0.5,1.8405770050813786,37,1.1121360712170898,134.5,2,"[465.79998779296875, 660.7999877929688]"
1779197576.1210768,74.636015924,1.1396949556427836,0.903,0.0,0.3,0.5,1.997485857642637,37,1.1274758790959463,126.42999999999999,2,"[465.79998779296875, 660.7999877929688]"
1779197576.1713145,74.686253553,1.1218037447042497,0.903,0.0,0.3,0.5,2.1550127588682315,37,1.1366797638232602,147.95,2,"[458.3999938964844, 672.2000122070312]"
1779197576.221357,74.73629635600001,1.0977741614920118,0.903,0.0,0.3,0.5,2.312314150289957,37,1.1366797638232602,86.08,2,"[458.3999938964844, 672.2000122070312]"
1779197576.271426,74.786365038,1.068338082454231,0.903,0.0,0.3,0.5,2.469420401684012,37,1.1336118022474888,86.08,2,"[478.79998779296875, 670.2000122070312]"
1779197576.3211527,74.83609170400001,1.0344172020180435,0.903,0.0,0.3,0.5,2.62607727024011,37,1.1213399559444037,40.35,2,"[478.79998779296875, 670.2000122070312]"
1779197576.371164,74.886102969,0.9967850154400926,0.903,0.0,0.3,0.5,2.7831339096029595,37,1.1013982057018903,-5.38,2,"[472.20001220703125, 661.4000244140625]"
1779197576.4209588,74.935897974,0.9566899513876662,0.903,0.0,0.3,0.5,2.9397296930315022,37,1.0768545130957201,-2.69,2,"[472.20001220703125, 661.4000244140625]"
1779197576.47122,74.986159189,0.9148271334304077,0.903,0.0,0.3,0.5,3.097445551630422,37,1.047708878125893,-2.69,2,"[447.6000061035156, 650.2000122070312]"
1779197576.5212297,75.036168714,0.8728146851690257,0.903,0.0,0.3,0.5,3.2544919996667048,37,1.0108933392166375,-2.69,2,"[447.6000061035156, 650.2000122070312]"
1779197576.5713372,75.086276376,0.831549107171676,0.903,0.0,0.3,0.5,3.4118601028084257,37,0.9725438195194965,-2.69,2,"[464.3999938964844, 626.4000244140625]"
1779197576.6213171,75.136256242,0.7923356609275758,0.903,0.0,0.3,0.5,3.5689041255351768,37,0.9326603190344698,-10.76,2,"[464.3999938964844, 626.4000244140625]"
1779197576.6711688,75.18610798200001,0.7562338507649244,0.903,0.0,0.3,0.5,3.7256720839490995,37,0.8927768185494431,-10.76,2,"[497.6000061035156, 606.4000244140625]"
1779197576.7210972,75.236036297,0.7241399302338931,0.903,0.0,0.3,0.5,3.882638785797475,37,0.8513593372765309,-16.14,2,"[497.6000061035156, 606.4000244140625]"
1779197576.771168,75.2861073,0.6969545951901281,0.903,0.0,0.3,0.5,4.039966265004587,37,0.8114758367915041,-21.52,2,"[528.5999755859375, 584.0]"
1779197576.8209481,75.335887211,0.675657939431684,0.903,0.0,0.3,0.5,4.196351335530672,37,0.7761942786701345,-61.87,2,"[528.5999755859375, 584.0]"
1779197576.871353,75.38629200000001,0.6605911167934377,0.903,0.0,0.3,0.5,4.354326805921694,37,0.7439806821245359,-94.14999999999999,2,"[586.5999755859375, 559.7999877929688]"
1779197576.9211872,75.436126322,0.6525321152275696,0.903,0.0,0.3,0.5,4.511077708629109,37,0.7148350471547088,-99.53,2,"[586.5999755859375, 559.7999877929688]"
1779197576.9711502,75.486089214,0.651656015336453,0.903,0.0,0.3,0.5,4.667977076722146,37,0.6902913545485385,-115.67,2,"[576.0, 515.4000244140625]"
1779197577.0213587,75.536297653,0.6581605669884443,0.903,0.0,0.3,0.5,4.8256238799729445,37,0.6749515466696822,-131.81,2,"[576.0, 515.4000244140625]"
1779197577.0710247,75.585963815,0.6718725508267555,0.903,0.0,0.3,0.5,4.981903239047831,37,0.6657476619423682,-131.81,2,"[611.2000122070312, 480.0]"
1779197577.1215863,75.636525441,0.6928793878455399,0.903,0.0,0.3,0.5,5.140014024117626,37,0.6611457195787114,-112.98,2,"[611.2000122070312, 480.0]"
1779197577.1711304,75.686069554,0.7203269060951496,0.903,0.0,0.3,0.5,5.296442728224072,37,0.6611457195787114,-115.67,2,"[602.0, 472.0]"
1779197577.2210517,75.735990889,0.7538950642605166,0.903,0.0,0.3,0.5,5.453092578462169,37,0.6657476619423682,2.69,2,"[602.0, 472.0]"
1779197577.2711275,75.78606653,0.7930303454970137,0.903,0.0,0.3,0.5,5.610464511205329,37,0.684155431396996,2.69,2,"[601.7999877929688, 480.0]"
1779197577.3211317,75.83607079000001,0.8366458352815132,0.903,0.0,0.3,0.5,5.767522671099023,37,0.7071651432152806,2.69,2,"[601.7999877929688, 480.0]"
1779197577.371641,75.88658006,0.8840989144513449,0.903,0.0,0.3,0.5,5.925379587208091,37,0.7363107781851077,2.69,2,"[610.5999755859375, 481.6000061035156]"
1779197577.4212263,75.93616536500001,0.9336790571637246,0.903,0.0,0.3,0.5,6.081901150510198,37,0.7700583555185919,2.69,2,"[610.5999755859375, 481.6000061035156]"
1779197577.4714599,75.986399022,0.9849769540267038,0.903,0.0,0.3,0.5,6.239362753732486,37,0.8099418560036186,2.69,2,"[568.4000244140625, 510.6000061035156]"
1779197577.5212677,76.036206531,1.0363245688296558,0.903,0.0,0.3,0.5,0.11297891005246186,38,0.8544272988523022,2.69,2,"[568.4000244140625, 510.6000061035156]"
1779197577.5711584,76.08609738300001,1.0867871785327572,0.903,0.0,0.3,0.5,0.2698040077535637,38,0.8973787609131001,2.69,2,"[531.5999755859375, 551.0]"
1779197577.6209774,76.13591666,1.1351728189744463,0.903,0.0,0.3,0.5,0.4264657363535065,38,0.9480001269133262,56.49,2,"[531.5999755859375, 551.0]"
1779197577.6711643,76.18610346300001,1.1806975963857447,0.903,0.0,0.3,0.5,0.5840179179751743,38,0.9940195505498954,78.01,2,"[525.7999877929688, 600.4000244140625]"
1779197577.7210774,76.236016483,1.2218693585642473,0.903,0.0,0.3,0.5,0.740825592403425,38,1.0446409165501216,121.05,2,"[525.7999877929688, 600.4000244140625]"
1779197577.7713842,76.286323135,1.2581884632165146,0.903,0.0,0.3,0.5,0.8985221050747754,38,1.0921943209745766,129.12,2,"[480.0, 644.0]"
1779197577.8213954,76.336334264,1.2885267338476845,0.903,0.0,0.3,0.5,1.0557606646434152,38,1.1397477253990314,126.42999999999999,2,"[480.0, 644.0]"
1779197577.8714108,76.386349912,1.3123088244503507,0.903,0.0,0.3,0.5,1.212723763085009,38,1.179631225884058,126.42999999999999,2,"[451.20001220703125, 677.2000122070312]"
1779197577.9212286,76.43616767200001,1.3290890108901472,0.903,0.0,0.3,0.5,1.3695351854332927,38,1.217980745581199,180.23,2,"[451.20001220703125, 677.2000122070312]"
1779197577.9711611,76.486100366,1.3385752740392056,0.903,0.0,0.3,0.5,1.5264146138377583,38,1.2501943421267976,182.92,2,"[459.79998779296875, 687.7999877929688]"
1779197578.020995,76.535934017,1.3406167428663835,0.903,0.0,0.3,0.5,1.6831293159730052,38,1.2762720155208536,185.60999999999999,2,"[459.79998779296875, 687.7999877929688]"
1779197578.0710752,76.5860143,1.3352305166999094,0.903,0.0,0.3,0.5,1.8404277982799186,38,1.2962137657633668,204.44,2,"[420.79998779296875, 704.7999877929688]"
1779197578.1211295,76.63606862200001,1.3226221110504224,0.903,0.0,0.3,0.5,1.9976447813902354,38,1.3100195928543377,234.03,2,"[420.79998779296875, 704.7999877929688]"
1779197578.171131,76.686070165,1.303195965807734,0.903,0.0,0.3,0.5,2.1547860709671482,38,1.3130875544301088,215.2,2,"[408.6000061035156, 711.0]"
1779197578.2214496,76.736388573,1.2774305647366242,0.903,0.0,0.3,0.5,2.312349955021446,38,1.3130875544301088,147.95,2,"[408.6000061035156, 711.0]"
1779197578.2711294,76.786068525,1.246303576303449,0.903,0.0,0.3,0.5,2.4689051176569734,38,1.3115535736422232,147.95,2,"[409.20001220703125, 713.5999755859375]"
1779197578.3212082,76.83614726100001,1.2103464631840128,0.903,0.0,0.3,0.5,2.6261218431566675,38,1.2977477465512524,51.11,2,"[409.20001220703125, 713.5999755859375]"
1779197578.37111,76.886049091,1.1707228367231495,0.903,0.0,0.3,0.5,2.783025502665268,38,1.2778059963087391,56.49,2,"[409.0, 711.0]"
1779197578.4210114,76.935950757,1.1284376894516972,0.903,0.0,0.3,0.5,2.939829859571674,38,1.2517283229146832,64.56,2,"[409.0, 711.0]"
1779197578.4710426,76.98598178900001,1.0844744772671648,0.903,0.0,0.3,0.5,3.096984321846591,38,1.2195147263690846,48.42,2,"[406.0, 707.2000122070312]"
1779197578.5210307,77.035969769,1.0400944050721694,0.903,0.0,0.3,0.5,3.2540707780653264,38,1.184233168247715,-2.69,2,"[406.0, 707.2000122070312]"
1779197578.5713377,77.086276608,0.9962891900064267,0.903,0.0,0.3,0.5,3.4116934004774606,38,1.1428156869748027,-2.69,2,"[415.3999938964844, 681.5999755859375]"
1779197578.6212857,77.136224704,0.9544650986308354,0.903,0.0,0.3,0.5,3.568902108632713,38,1.0998642249140047,-2.69,2,"[415.3999938964844, 681.5999755859375]"
1779197578.6714325,77.186371549,0.9156025489614964,0.903,0.0,0.3,0.5,3.726083701701768,38,1.0584467436410925,-2.69,2,"[444.0, 658.2000122070312]"
1779197578.7219539,77.236893017,0.8803970540283825,0.903,0.0,0.3,0.5,3.8847686159706,38,1.0154952815802945,-2.69,2,"[444.0, 658.2000122070312]"
1779197578.77447,77.28940902100001,0.8498043695502508,0.903,0.0,0.3,0.5,4.045605304437245,38,0.9756117810952678,-2.69,2,"[481.0, 636.0]"
1779197578.8221571,77.33709632300001,0.8261507340782039,0.903,0.0,0.3,0.5,4.199168442503819,38,0.9341942998223555,-2.69,2,"[481.0, 636.0]"
1779197578.8711536,77.38609246600001,0.8084330724019175,0.903,0.0,0.3,0.5,4.353836114281918,38,0.9004467224888714,-16.14,2,"[506.5, 595.75]"
1779197578.9213247,77.436263675,0.7971720259848862,0.903,0.0,0.3,0.5,4.51125526516266,38,0.868233125943273,-21.52,2,"[506.5, 595.75]"
1779197578.9712207,77.486160021,0.7930624807775464,0.903,0.0,0.3,0.5,4.668187161306022,38,0.8390874909734457,-16.14,2,"[534.2000122070312, 574.5999755859375]"
1779197579.0215015,77.53644071100001,0.7962170885027191,0.903,0.0,0.3,0.5,4.8255329120160155,38,0.8176117599430467,-37.66,2,"[534.2000122070312, 574.5999755859375]"
1779197579.071125,77.58606405500001,0.8065437780060793,0.903,0.0,0.3,0.5,4.982074201378381,38,0.8022719520641903,-37.66,2,"[551.4000244140625, 560.0]"
1779197579.1214511,77.636390296,0.823982669062561,0.903,0.0,0.3,0.5,5.139840693026102,38,0.7992039904884191,-43.04,2,"[551.4000244140625, 560.0]"
1779197579.1711197,77.68605891200001,0.847845090142469,0.903,0.0,0.3,0.5,5.2962509528420725,38,0.7992039904884191,-53.8,2,"[558.4000244140625, 550.5999755859375]"
1779197579.221239,77.736178269,0.8779042095670331,0.903,0.0,0.3,0.5,5.4536577384141225,38,0.803805932852076,0.0,2,"[558.4000244140625, 550.5999755859375]"
1779197579.2712007,77.786139753,0.9132156566191741,0.903,0.0,0.3,0.5,5.61067037034708,38,0.8160777791551611,0.0,2,"[557.5999755859375, 540.5999755859375]"
1779197579.3211737,77.836112673,0.9529796877374719,0.903,0.0,0.3,0.5,5.767604402773443,38,0.8375535101855601,0.0,2,"[557.5999755859375, 540.5999755859375]"
1779197579.3712108,77.886149839,0.9963320717727608,0.903,0.0,0.3,0.5,5.924811511858039,38,0.8605632220038447,2.69,2,"[545.0, 541.4000244140625]"
1779197579.42133,77.936269001,1.0422055452244756,0.903,0.0,0.3,0.5,6.0821920462818895,38,0.8881748761857863,21.52,2,"[545.0, 541.4000244140625]"
1779197579.4712677,77.98620685200001,1.0892396717923072,0.903,0.0,0.3,0.5,6.238931689521209,38,0.9249904150950417,21.52,2,"[539.4000244140625, 586.5999755859375]"
1779197579.5211372,78.03607623900001,1.1365228527751006,0.903,0.0,0.3,0.5,0.11265008269091226,39,0.9648739155800683,16.14,2,"[539.4000244140625, 586.5999755859375]"
1779197579.5710502,78.085989213,1.1828524493999042,0.903,0.0,0.3,0.5,0.26955675812845215,39,1.004757416065095,61.87,2,"[510.6000061035156, 610.7999877929688]"
1779197579.6209562,78.135895434,1.227092583167218,0.903,0.0,0.3,0.5,0.4264613318404926,39,1.047708878125893,107.6,2,"[510.6000061035156, 610.7999877929688]"
1779197579.6711721,78.186111295,1.2683237367587425,0.903,0.0,0.3,0.5,0.5840312760270123,39,1.0921943209745766,123.74,2,"[490.0, 617.5999755859375]"
1779197579.7214541,78.236393244,1.3053396594788635,0.903,0.0,0.3,0.5,0.7416484572006752,39,1.1397477253990314,134.5,2,"[490.0, 617.5999755859375]"
1779197579.7713964,78.286335596,1.3370397565311212,0.903,0.0,0.3,0.5,0.8983711169901127,39,1.1826991874598294,158.71,2,"[447.0, 658.5999755859375]"
1779197579.8212163,78.336155457,1.3628992574348355,0.903,0.0,0.3,0.5,1.055353291182307,39,1.2241166687327416,177.54,2,"[447.0, 658.5999755859375]"
1779197579.8710506,78.385989659,1.3821872007536382,0.903,0.0,0.3,0.5,1.212070201857209,39,1.2640001692177683,177.54,2,"[421.20001220703125, 674.0]"
1779197579.9211264,78.43606524500001,1.3944995950958186,0.903,0.0,0.3,0.5,1.3694047810637286,39,1.2977477465512524,172.16,2,"[421.20001220703125, 674.0]"
1779197579.9710364,78.485975593,1.3994222826459093,0.903,0.0,0.3,0.5,1.5262926132285415,39,1.3222914391574228,201.75,2,"[426.79998779296875, 696.4000244140625]"
1779197580.0209887,78.535927846,1.3968615721670488,0.903,0.0,0.3,0.5,1.6831242548671455,39,1.3437671701878218,239.41,2,"[426.79998779296875, 696.4000244140625]"
1779197580.0710647,78.58600375200001,1.3868173794482144,0.903,0.0,0.3,0.5,1.8404479233223796,39,1.3606409588545638,260.93,2,"[405.79998779296875, 746.0]"
1779197580.1211448,78.636083716,1.369518140201064,0.903,0.0,0.3,0.5,1.9976927252356447,39,1.3698448435818775,274.38,2,"[405.79998779296875, 746.0]"
1779197580.1712406,78.68617972,1.3453478425569987,0.903,0.0,0.3,0.5,2.154997459311936,39,1.3698448435818775,234.03,2,"[389.6000061035156, 744.7999877929688]"
1779197580.2219455,78.736884587,1.3144948325847607,0.903,0.0,0.3,0.5,2.314097547616335,39,1.3698448435818775,234.03,2,"[389.6000061035156, 744.7999877929688]"
1779197580.2720025,78.78694143300001,1.278410995809921,0.903,0.0,0.3,0.5,2.471277573030669,39,1.363708920430335,99.53,2,"[411.3999938964844, 701.7999877929688]"
1779197580.321257,78.836196066,1.2382386457707457,0.903,0.0,0.3,0.5,2.6261596553657895,39,1.3437671701878218,51.11,2,"[411.3999938964844, 701.7999877929688]"
1779197580.3713293,78.886268367,1.1936949480523364,0.903,0.0,0.3,0.5,2.783487681210026,39,1.320757458369537,-8.07,2,"[401.3999938964844, 713.7999877929688]"
1779197580.420973,78.935912189,1.1467578620333818,0.903,0.0,0.3,0.5,2.939767213072507,39,1.2885438618239387,-5.38,2,"[401.3999938964844, 713.7999877929688]"
1779197580.471198,78.98613702600001,1.0978177583009894,0.903,0.0,0.3,0.5,3.097395933315987,39,1.2517283229146832,-5.38,2,"[389.6000061035156, 728.5999755859375]"
1779197580.5211842,79.03612326300001,1.048623962656133,0.903,0.0,0.3,0.5,3.25441469763782,39,1.2087768608538851,-5.38,2,"[389.6000061035156, 728.5999755859375]"
1779197580.5713577,79.086296823,1.0000451069710763,0.903,0.0,0.3,0.5,3.4117717643645378,39,1.1658253987930873,-2.69,2,"[416.79998779296875, 682.0]"
1779197580.6212504,79.136189575,0.9534581243232135,0.903,0.0,0.3,0.5,3.5686937456414896,39,1.1182719943686323,-2.69,2,"[416.79998779296875, 682.0]"
1779197580.6713796,79.186318543,0.9097149897665524,0.903,0.0,0.3,0.5,3.7259903052937133,39,1.069184609156292,-2.69,2,"[435.79998779296875, 664.0]"
1779197580.7211294,79.23606838100001,0.87009769092263,0.903,0.0,0.3,0.5,3.8826643552200366,39,1.0200972239439514,-2.69,2,"[435.79998779296875, 664.0]"
1779197580.7713537,79.286292761,0.8351616896291794,0.903,0.0,0.3,0.5,4.040185447640788,39,0.9740778003073821,-2.69,2,"[467.0, 630.4000244140625]"
1779197580.820983,79.335921853,0.8061457867557462,0.903,0.0,0.3,0.5,4.196420444285813,39,0.9311263382465842,-8.07,2,"[467.0, 630.4000244140625]"
1779197580.8713675,79.386306675,0.7832068866960549,0.903,0.0,0.3,0.5,4.354078887137398,39,0.8912428377615575,-16.14,2,"[546.5999755859375, 610.0]"
1779197580.9211764,79.43611556100001,0.767189617975339,0.903,0.0,0.3,0.5,4.511041036818021,39,0.8528933180644165,-16.14,2,"[546.5999755859375, 610.0]"
1779197580.971317,79.48625626,0.7582823608228406,0.903,0.0,0.3,0.5,4.66851795216288,39,0.8191457407309324,-43.04,2,"[546.4000244140625, 571.0]"
1779197581.0211933,79.53613250400001,0.7566840868324187,0.903,0.0,0.3,0.5,4.8252433294299735,39,0.7961360289126478,-53.8,2,"[546.4000244140625, 571.0]"
1779197581.0714679,79.58640704400001,0.7623441585805302,0.903,0.0,0.3,0.5,4.982767340390318,39,0.77772825945802,-53.8,2,"[570.7999877929688, 549.5999755859375]"
1779197581.1211066,79.63604568000001,0.7749639301578835,0.903,0.0,0.3,0.5,5.139266237101417,39,0.765456413154935,-69.94,2,"[570.7999877929688, 549.5999755859375]"
1779197581.1712615,79.68620051500001,0.7943034056072051,0.903,0.0,0.3,0.5,5.296718148510358,39,0.760854470791278,-51.11,2,"[576.7999877929688, 518.7999877929688]"
1779197581.2209606,79.73589977200001,0.8195362163388555,0.903,0.0,0.3,0.5,5.453013919265253,39,0.760854470791278,-24.21,2,"[576.7999877929688, 518.7999877929688]"
1779197581.2711148,79.786053827,0.8503142856693566,0.903,0.0,0.3,0.5,5.610418458598581,39,0.7685243747307062,2.69,2,"[585.5999755859375, 513.5999755859375]"
1779197581.3211334,79.83607249100001,0.8855926415389603,0.903,0.0,0.3,0.5,5.767667542502629,39,0.7853981633974483,2.69,2,"[585.5999755859375, 513.5999755859375]"
1779197581.3713744,79.88631349100001,0.9244865949717048,0.903,0.0,0.3,0.5,5.925106595372846,39,0.8068738944278473,2.69,2,"[565.7999877929688, 521.7999877929688]"
1779197581.4212086,79.936147719,0.9657230928757164,0.903,0.0,0.3,0.5,6.081883532458583,39,0.8314175870340175,2.69,2,"[565.7999877929688, 521.7999877929688]"
1779197581.4715998,79.986538763,1.0086108916428318,0.903,0.0,0.3,0.5,6.239599274818566,39,0.863631183579616,2.69,2,"[549.0, 531.7999877929688]"
1779197581.5210543,80.035993265,1.0513075355171564,0.903,0.0,0.3,0.5,0.11251095726032645,40,0.8958447801252144,2.69,2,"[549.0, 531.7999877929688]"
1779197581.571362,80.086300877,1.0935934573492927,0.903,0.0,0.3,0.5,0.2704358637176085,40,0.9357282806102412,24.21,2,"[526.7999877929688, 555.7999877929688]"
1779197581.620986,80.135925114,1.133355324128177,0.903,0.0,0.3,0.5,0.4264947772359733,40,0.9756117810952678,64.56,2,"[526.7999877929688, 555.7999877929688]"
1779197581.6713784,80.186317465,1.1703931465695407,0.903,0.0,0.3,0.5,0.5841626165911862,40,1.0139613007924089,96.84,2,"[503.3999938964844, 578.2000122070312]"
1779197581.7211797,80.236118723,1.2031184546648892,0.903,0.0,0.3,0.5,0.741089677823453,40,1.055378782065321,126.42999999999999,2,"[503.3999938964844, 578.2000122070312]"
1779197581.7711954,80.28613451700001,1.2308291013682646,0.903,0.0,0.3,0.5,0.8981686759012177,40,1.0937283017624622,121.05,2,"[475.0, 617.2000122070312]"
1779197581.8212423,80.336181182,1.2527231615608965,0.903,0.0,0.3,0.5,1.0554173890973289,40,1.1336118022474888,129.12,2,"[475.0, 617.2000122070312]"
1779197581.8711574,80.386096341,1.2680922802394778,0.903,0.0,0.3,0.5,1.2123048976780808,40,1.167359379580973,129.12,2,"[454.0, 655.0]"
1779197581.9210598,80.43599913700001,1.2765081348566139,0.903,0.0,0.3,0.5,1.3692013001076475,40,1.1965050145508,153.32999999999998,2,"[454.0, 655.0]"
1779197581.971013,80.485951986,1.277651841652315,0.903,0.0,0.3,0.5,1.5261862294765933,40,1.222582687944856,169.47,2,"[452.20001220703125, 658.5999755859375]"
1779197582.021089,80.536028324,1.2713728111863667,0.903,0.0,0.3,0.5,1.6832448072021293,40,1.239456476611598,177.54,2,"[452.20001220703125, 658.5999755859375]"
1779197582.0712228,80.586161958,1.2576649963868896,0.903,0.0,0.3,0.5,1.8407212418833296,40,1.2532623037025687,172.16,2,"[414.6000061035156, 673.0]"
1779197582.1210651,80.636004084,1.2368715472850362,0.903,0.0,0.3,0.5,1.9974776141035306,40,1.2563302652783401,150.64,2,"[414.6000061035156, 673.0]"
1779197582.1710448,80.685983715,1.209275935405052,0.903,0.0,0.3,0.5,2.1545748585514275,40,1.2563302652783401,91.46,2,"[408.0, 690.0]"
1779197582.2212653,80.736204282,1.1753569845487273,0.903,0.0,0.3,0.5,2.312198926096187,40,1.2501943421267976,56.49,2,"[408.0, 690.0]"
1779197582.2712533,80.786192547,1.136113953928149,0.903,0.0,0.3,0.5,2.469092422552535,40,1.2348545342479411,56.49,2,"[417.3999938964844, 685.2000122070312]"
1779197582.3210588,80.83599766900001,1.0923011530290005,0.903,0.0,0.3,0.5,2.6258142875190345,40,1.210310841641771,-5.38,2,"[417.3999938964844, 685.2000122070312]"
1779197582.371113,80.886052249,1.0446687541309487,0.903,0.0,0.3,0.5,2.7830701321304616,40,1.1811652066719438,-5.38,2,"[416.0, 704.5999755859375]"
1779197582.421207,80.936145924,0.9944394201879159,0.903,0.0,0.3,0.5,2.940252419491486,40,1.1474176293384597,-2.69,2,"[416.0, 704.5999755859375]"
1779197582.4709964,80.98593529700001,0.9428922671956074,0.903,0.0,0.3,0.5,3.0968877712794836,40,1.1075341288534328,-2.69,2,"[429.79998779296875, 659.4000244140625]"
1779197582.5210712,81.03601019300001,0.8907886427831627,0.903,0.0,0.3,0.5,3.254164397526324,40,1.0630486860047492,-2.69,2,"[429.79998779296875, 659.4000244140625]"
1779197582.5711775,81.08611664200001,0.8395002577522923,0.903,0.0,0.3,0.5,3.4114505050997934,40,1.0139613007924089,-2.69,2,"[463.20001220703125, 637.2000122070312]"
1779197582.621271,81.136210046,0.7901429481848842,0.903,0.0,0.3,0.5,3.5688447839914943,40,0.966407896367954,-10.76,2,"[463.20001220703125, 637.2000122070312]"
1779197582.6715813,81.186520447,0.7438046426483385,0.903,0.0,0.3,0.5,3.726405441630135,40,0.9173205111556134,-10.76,2,"[482.3999938964844, 612.4000244140625]"
1779197582.7211113,81.23605049000001,0.7019045793722329,0.903,0.0,0.3,0.5,3.882625562833937,40,0.868233125943273,-5.38,2,"[482.3999938964844, 612.4000244140625]"
1779197582.7713964,81.286335566,0.6646607335972672,0.903,0.0,0.3,0.5,4.040102346231919,40,0.8176117599430467,-48.42,2,"[530.7999877929688, 574.5999755859375]"
1779197582.8209734,81.335912537,0.6334419404744286,0.903,0.0,0.3,0.5,4.196389323668967,40,0.7715923363064775,-83.39,2,"[530.7999877929688, 574.5999755859375]"
1779197582.8710601,81.385999221,0.6084506077734375,0.903,0.0,0.3,0.5,4.353685038232754,40,0.7301748550335652,-110.28999999999999,2,"[571.7999877929688, 531.0]"
1779197582.9211795,81.436118576,0.5903973480250759,0.903,0.0,0.3,0.5,4.511050471020724,40,0.6902913545485385,-147.95,2,"[571.7999877929688, 531.0]"
1779197582.9711823,81.48612161000001,0.5796326686813398,0.903,0.0,0.3,0.5,4.668134473655584,40,0.6565437772150544,-137.19,2,"[598.0, 494.0]"
1779197583.021206,81.536145055,0.5762631132819543,0.903,0.0,0.3,0.5,4.825220973856631,40,0.6304661038209985,-156.02,2,"[598.0, 494.0]"
1779197583.0713608,81.586299866,0.5802591596398673,0.903,0.0,0.3,0.5,4.982448666656296,40,0.6089903727905995,-156.02,2,"[623.0, 464.20001220703125]"
1779197583.1210265,81.635965524,0.5913467231181113,0.903,0.0,0.3,0.5,5.139004074336071,40,0.5967185264875144,-156.02,2,"[623.0, 464.20001220703125]"
1779197583.171506,81.68644517,0.6093361935498075,0.903,0.0,0.3,0.5,5.297031955917362,40,0.5936505649117432,-156.02,2,"[642.5999755859375, 452.0]"
1779197583.2209978,81.735936892,0.6332468211165172,0.903,0.0,0.3,0.5,5.453071749702872,40,0.5936505649117432,-134.5,2,"[642.5999755859375, 452.0]"
1779197583.2712884,81.78622749200001,0.6629172179421363,0.903,0.0,0.3,0.5,5.610828602944309,40,0.5936505649117432,-45.73,2,"[638.0, 437.0]"
1779197583.3211584,81.836097556,0.6970395107952975,0.903,0.0,0.3,0.5,5.767619771444743,40,0.602854449639057,5.38,2,"[638.0, 437.0]"
1779197583.3713512,81.88629027600001,0.7349981129516042,0.903,0.0,0.3,0.5,5.925093925329691,40,0.6227961998815703,5.38,2,"[624.4000244140625, 441.3999938964844]"
1779197583.4211307,81.936069719,0.775389249495176,0.903,0.0,0.3,0.5,6.081774390388205,40,0.6504078540635119,5.38,2,"[624.4000244140625, 441.3999938964844]"
1779197583.4715555,81.986494533,0.8176165969177384,0.903,0.0,0.3,0.5,6.239653332203375,40,0.6810874698212247,5.38,2,"[614.7999877929688, 445.20001220703125]"
1779197583.5210824,82.03602148600001,0.8597271684942053,0.903,0.0,0.3,0.5,0.11253095349756137,41,0.7133010663668231,2.69,2,"[614.7999877929688, 445.20001220703125]"
1779197583.5716796,82.086618665,0.901483189386009,0.903,0.0,0.3,0.5,0.27019525856102433,41,0.7485826244881929,2.69,2,"[589.5999755859375, 479.0]"
1779197583.620962,82.13590104800001,0.9409658567755945,0.903,0.0,0.3,0.5,0.42647170852112737,41,0.7884661249732196,2.69,2,"[589.5999755859375, 479.0]"
1779197583.6712682,82.18620737500001,0.9778227671334636,0.903,0.0,0.3,0.5,0.5843033944995923,41,0.8298836062461319,2.69,2,"[568.2000122070312, 522.4000244140625]"
1779197583.7211936,82.236132666,1.0104360966602526,0.903,0.0,0.3,0.5,0.7411635492331143,41,0.8713010875190442,10.76,2,"[568.2000122070312, 522.4000244140625]"
1779197583.7715297,82.28646875000001,1.0382382055499766,0.903,0.0,0.3,0.5,0.8986665303722035,41,0.9111845880040709,18.83,2,"[541.4000244140625, 561.5999755859375]"
1779197583.8212497,82.33618881400001,1.0602011802135285,0.903,0.0,0.3,0.5,1.0554147093188035,41,0.9495341077012119,51.11,2,"[541.4000244140625, 561.5999755859375]"
1779197583.8710718,82.386011029,1.0758244263714567,0.903,0.0,0.3,0.5,1.2121040116774466,41,0.983281685034696,51.11,2,"[516.4000244140625, 605.4000244140625]"
1779197583.921072,82.43601117200001,1.0846511355431243,0.903,0.0,0.3,0.5,1.3693325809814851,41,1.012427320004523,69.94,2,"[516.4000244140625, 605.4000244140625]"
1779197583.9711428,82.486081833,1.0862992655242463,0.903,0.0,0.3,0.5,1.5264306768009774,41,1.0354370318228079,94.14999999999999,2,"[498.20001220703125, 625.0]"
1779197584.021053,82.53599212600001,1.0806560762457087,0.903,0.0,0.3,0.5,1.6832486556531094,41,1.05231082048955,118.36,2,"[498.20001220703125, 625.0]"
1779197584.0713713,82.586310431,1.0676788924537162,0.903,0.0,0.3,0.5,1.8409606626594055,41,1.064582666792635,118.36,2,"[478.20001220703125, 641.7999877929688]"
1779197584.1212008,82.636139897,1.0477383300732876,0.903,0.0,0.3,0.5,1.9977744097862242,41,1.0676506283684062,99.53,2,"[478.20001220703125, 641.7999877929688]"
1779197584.1712391,82.686178118,1.021127790779858,0.903,0.0,0.3,0.5,2.1548503008288904,41,1.069184609156292,21.52,2,"[468.6000061035156, 642.0]"
1779197584.2212014,82.736140524,0.988423872542936,0.903,0.0,0.3,0.5,2.3119909997863957,41,1.0630486860047492,21.52,2,"[468.6000061035156, 642.0]"
1779197584.2713456,82.786284529,0.9502837660564405,0.903,0.0,0.3,0.5,2.4693984985000057,41,1.0461748973380072,0.0,2,"[467.0, 638.0]"
1779197584.3210695,82.836008577,0.9078831583168803,0.903,0.0,0.3,0.5,2.625852957382996,41,1.0246991663076084,-2.69,2,"[467.0, 638.0]"
1779197584.3713713,82.886310472,0.8615816472982295,0.903,0.0,0.3,0.5,2.783550698417095,41,0.9986214929135524,-2.69,2,"[470.79998779296875, 619.5999755859375]"
1779197584.4209898,82.935928832,0.8132321933771642,0.903,0.0,0.3,0.5,2.939763870417927,41,0.966407896367954,-2.69,2,"[470.79998779296875, 619.5999755859375]"
1779197584.4712372,82.986176404,0.7630369054360021,0.903,0.0,0.3,0.5,3.097459930699962,41,0.9280583766708129,-24.21,2,"[486.79998779296875, 611.4000244140625]"
1779197584.5211668,83.036105675,0.7128559648511779,0.903,0.0,0.3,0.5,3.25438472998551,41,0.8866408953979006,-29.59,2,"[486.79998779296875, 611.4000244140625]"
1779197584.5713527,83.08629173,0.6634600122982168,0.903,0.0,0.3,0.5,3.41177438131124,41,0.8406214717613314,-48.42,2,"[511.6000061035156, 588.0]"
1779197584.621136,83.136075061,0.6163386053814351,0.903,0.0,0.3,0.5,3.5684989229147064,41,0.7915340865489908,-78.01,2,"[511.6000061035156, 588.0]"
1779197584.6711526,83.18609152900001,0.5722706068754285,0.903,0.0,0.3,0.5,3.7255722347097517,41,0.7439806821245359,-78.01,2,"[556.2000122070312, 552.2000122070312]"
1779197584.721163,83.236102138,0.5323482068820147,0.903,0.0,0.3,0.5,3.88277668600697,41,0.6964272777000811,-104.91,2,"[556.2000122070312, 552.2000122070312]"
1779197584.7710507,83.28598957,0.4976161020535086,0.903,0.0,0.3,0.5,4.0395458130933335,41,0.6488738732756262,-129.12,2,"[598.5999755859375, 499.79998779296875]"
1779197584.821031,83.335970039,0.4687138866463598,0.903,0.0,0.3,0.5,4.1965088455614605,41,0.6059224112148283,-182.92,2,"[598.5999755859375, 499.79998779296875]"
1779197584.871032,83.38597112000001,0.44631884387976845,0.903,0.0,0.3,0.5,4.35362334677783,41,0.5660389107298016,-190.99,2,"[633.0, 455.3999938964844]"
1779197584.921197,83.43613609,0.4309308158313149,0.903,0.0,0.3,0.5,4.511056917568887,41,0.5292233718205462,-199.06,2,"[633.0, 455.3999938964844]"
1779197584.9713168,83.48625599100001,0.422926307631733,0.903,0.0,0.3,0.5,4.668485678581568,41,0.49854375606283335,-225.96,2,"[652.4000244140625, 425.79998779296875]"
1779197585.0216184,83.536557269,0.4224466568876709,0.903,0.0,0.3,0.5,4.825807980444019,41,0.4740000634566631,-225.96,2,"[652.4000244140625, 425.79998779296875]"
1779197585.0714543,83.58639327600001,0.4294239853788318,0.903,0.0,0.3,0.5,4.98282337069535,41,0.45559229400203544,-231.34,2,"[666.2000122070312, 398.20001220703125]"
1779197585.1232262,83.63816519800001,0.44424843935707753,0.903,0.0,0.3,0.5,5.1452833263693165,41,0.44485442848683593,-250.17,2,"[666.2000122070312, 398.20001220703125]"
1779197585.1722417,83.687180927,0.4649705637646637,0.903,0.0,0.3,0.5,5.298785420149024,41,0.440252486123179,-244.79,2,"[547.4000244140625, 390.6000061035156]"
1779197585.2210264,83.73596558,0.4918378890895315,0.903,0.0,0.3,0.5,5.453095453019422,41,0.440252486123179,-139.88,2,"[547.4000244140625, 390.6000061035156]"
1779197585.2711165,83.78605538400001,0.5247696552375449,0.903,0.0,0.3,0.5,5.610460489966705,41,0.44485442848683593,-75.32,2,"[663.0, 399.20001220703125]"
1779197585.3211477,83.836086749,0.562387947637356,0.903,0.0,0.3,0.5,5.767609935118152,41,0.4586602555778067,-59.18,2,"[663.0, 399.20001220703125]"
1779197585.371579,83.886517982,0.6039753785250439,0.903,0.0,0.3,0.5,5.9254989206050155,41,0.483203948183977,-80.7,2,"[659.0, 394.79998779296875]"
1779197585.4214041,83.93634320400001,0.6480191290102522,0.903,0.0,0.3,0.5,6.082410958741242,41,0.5123495831538042,-80.7,2,"[659.0, 394.79998779296875]"
1779197585.4712653,83.98620452600001,0.6936079488762295,0.903,0.0,0.3,0.5,6.239159552378034,41,0.5491651220630596,-67.25,2,"[651.5999755859375, 397.20001220703125]"
1779197585.5212643,84.03620330300001,0.7397279412359196,0.903,0.0,0.3,0.5,0.11300996155422638,42,0.5844466801844292,-61.87,2,"[651.5999755859375, 397.20001220703125]"
1779197585.570982,84.08592101800001,0.7849898730284192,0.903,0.0,0.3,0.5,0.26951873857423436,42,0.624330180669456,-45.73,2,"[636.0, 419.3999938964844]"
1779197585.621171,84.13611015500001,0.8286349231011215,0.903,0.0,0.3,0.5,0.4268136740230517,42,0.6672816427302539,2.69,2,"[636.0, 419.3999938964844]"
1779197585.671044,84.185983362,0.8692547756679528,0.903,0.0,0.3,0.5,0.5837665685717326,42,0.7117670855789375,2.69,2,"[606.5999755859375, 464.6000061035156]"
1779197585.721434,84.236373338,0.9060872855075417,0.903,0.0,0.3,0.5,0.7414134629286906,42,0.7562525284276211,2.69,2,"[606.5999755859375, 464.6000061035156]"
1779197585.771292,84.286231193,0.9379205939840363,0.903,0.0,0.3,0.5,0.8985130321551793,42,0.8007379712763046,2.69,2,"[582.7999877929688, 515.7999877929688]"
1779197585.821187,84.336126124,0.9640459782436515,0.903,0.0,0.3,0.5,1.0552519905273385,42,0.8436894333371027,2.69,2,"[582.7999877929688, 515.7999877929688]"
1779197585.8711796,84.386118725,0.9839155613424979,0.903,0.0,0.3,0.5,1.212157051186253,42,0.8789709914584724,2.69,2,"[549.5999755859375, 562.4000244140625]"
1779197585.9211388,84.43607796100001,0.9970172721926878,0.903,0.0,0.3,0.5,1.3691890447547195,42,0.9142525495798421,21.52,2,"[549.5999755859375, 562.4000244140625]"
1779197585.9711869,84.486125875,1.0030155503086227,0.903,0.0,0.3,0.5,1.5264444841007077,42,0.940330222973898,26.9,2,"[528.7999877929688, 592.4000244140625]"
1779197586.0209587,84.535897653,1.0017621541321833,0.903,0.0,0.3,0.5,1.6831171423014695,42,0.9633399347921826,56.49,2,"[528.7999877929688, 592.4000244140625]"
1779197586.0711703,84.58610950500001,0.9932627912647536,0.903,0.0,0.3,0.5,1.8406879975498924,42,0.9802137234589247,67.25,2,"[507.3999938964844, 617.7999877929688]"
1779197586.1211853,84.636124518,0.9777843890325069,0.903,0.0,0.3,0.5,1.9977705770433118,42,0.9909515889741242,64.56,2,"[507.3999938964844, 617.7999877929688]"
1779197586.171138,84.686077157,0.9557312404226648,0.903,0.0,0.3,0.5,2.1547030920804247,42,0.9924855697620099,40.35,2,"[493.0, 636.7999877929688]"
1779197586.2212293,84.736168495,0.927569772223331,0.903,0.0,0.3,0.5,2.3120488490735767,42,0.9894176081862386,-2.69,2,"[493.0, 636.7999877929688]"
1779197586.2710862,84.786025295,0.8941832899447322,0.903,0.0,0.3,0.5,2.468879208942397,42,0.9786797426710391,-2.69,2,"[497.0, 621.0]"
1779197586.3212256,84.836164745,0.8561910605160982,0.903,0.0,0.3,0.5,2.6262640599145612,42,0.9587379924285258,-2.69,2,"[497.0, 621.0]"
1779197586.3713713,84.88631037900001,0.8147050311471186,0.903,0.0,0.3,0.5,2.7835119468717977,42,0.9357282806102412,-2.69,2,"[500.3999938964844, 607.7999877929688]"
1779197586.4217048,84.93664377600001,0.7704676683375167,0.903,0.0,0.3,0.5,2.941739388701606,42,0.9065826456404139,-18.83,2,"[500.3999938964844, 607.7999877929688]"
1779197586.4739375,84.988876581,0.7231949344605406,0.903,0.0,0.3,0.5,3.105725712299048,42,0.8728350683069298,-24.21,2,"[515.7999877929688, 591.4000244140625]"
1779197586.5215712,85.036510254,0.6800856856600014,0.903,0.0,0.3,0.5,3.254674497925592,42,0.8375535101855601,-40.35,2,"[515.7999877929688, 591.4000244140625]"
1779197586.571148,85.08608694600001,0.6356691411353085,0.903,0.0,0.3,0.5,3.411400757980246,42,0.7946020481247621,-67.25,2,"[550.0, 565.2000122070312]"
1779197586.6212676,85.136206517,0.5931453206412234,0.903,0.0,0.3,0.5,3.568836367664929,42,0.7531845668518499,-83.39,2,"[550.0, 565.2000122070312]"
1779197586.6711726,85.18611172,0.5539824613055236,0.903,0.0,0.3,0.5,3.725562743958463,42,0.7102331047910518,-83.39,2,"[571.4000244140625, 512.7999877929688]"
1779197586.7212522,85.236191214,0.518856495868057,0.903,0.0,0.3,0.5,3.882929040684431,42,0.6657476619423682,-123.74,2,"[571.4000244140625, 512.7999877929688]"
1779197586.7713733,85.286312265,0.48882336133166415,0.903,0.0,0.3,0.5,4.040461593635214,42,0.624330180669456,-153.32999999999998,2,"[591.5999755859375, 485.3999938964844]"
1779197586.8210988,85.336037996,0.46489455665939633,0.903,0.0,0.3,0.5,4.196671335016916,42,0.5844466801844292,-174.85,2,"[591.5999755859375, 485.3999938964844]"
1779197586.8711648,85.386103796,0.4473352593409255,0.903,0.0,0.3,0.5,4.35395575241354,42,0.5476311412751739,-188.29999999999998,2,"[621.4000244140625, 447.6000061035156]"
1779197586.921359,85.43629809400001,0.4368091722558996,0.903,0.0,0.3,0.5,4.511537857705221,42,0.5154175447295755,-196.37,2,"[621.4000244140625, 447.6000061035156]"
1779197586.9714713,85.486410295,0.43367482034962185,0.903,0.0,0.3,0.5,4.668469986326457,42,0.4924078329112908,-223.26999999999998,2,"[647.2000122070312, 418.3999938964844]"
1779197587.021293,85.53623203100001,0.4380213484935449,0.903,0.0,0.3,0.5,4.825555581748816,42,0.4724660826687775,-217.89,2,"[647.2000122070312, 418.3999938964844]"
1779197587.0712085,85.586147751,0.44977901828363365,0.903,0.0,0.3,0.5,4.982289504147914,42,0.46019423636569234,-217.89,2,"[657.2000122070312, 404.0]"
1779197587.1211445,85.636083606,0.4687757109957197,0.903,0.0,0.3,0.5,5.139355367226827,42,0.4540583132141498,-244.79,2,"[657.2000122070312, 404.0]"
1779197587.1710157,85.68595489200001,0.4945306310072904,0.903,0.0,0.3,0.5,5.296063296088349,42,0.4540583132141498,-244.79,2,"[672.7999877929688, 395.0]"
1779197587.221131,85.73607008900001,0.5266625858972248,0.903,0.0,0.3,0.5,5.453411984187497,42,0.4540583132141498,-83.39,2,"[672.7999877929688, 395.0]"
1779197587.2711866,85.786125663,0.5643219259500869,0.903,0.0,0.3,0.5,5.610606212742212,42,0.4632621979414636,-61.87,2,"[659.7999877929688, 390.20001220703125]"
1779197587.3214264,85.83636527600001,0.6067472751909716,0.903,0.0,0.3,0.5,5.768016950437826,42,0.48627190975974827,-69.94,2,"[659.7999877929688, 390.20001220703125]"
1779197587.3712113,85.886150481,0.6527348559769459,0.903,0.0,0.3,0.5,5.9248115652653865,42,0.5138835639416898,-69.94,2,"[643.0, 394.79998779296875]"
1779197587.4212575,85.93619654400001,0.701520701302211,0.903,0.0,0.3,0.5,6.082002202979723,42,0.5491651220630596,-69.94,2,"[643.0, 394.79998779296875]"
1779197587.4712284,85.986167358,0.7518203803483677,0.903,0.0,0.3,0.5,6.239025896460433,42,0.5890486225480862,-56.49,2,"[637.7999877929688, 407.0]"
1779197587.521251,86.03618993100001,0.8025857002904867,0.903,0.0,0.3,0.5,0.1130280822609322,43,0.6289321230331129,-43.04,2,"[637.7999877929688, 407.0]"
1779197587.5711133,86.086052521,0.8524792219458622,0.903,0.0,0.3,0.5,0.26982497474318023,43,0.6734175658817965,5.38,2,"[613.4000244140625, 440.3999938964844]"
1779197587.6210349,86.135973886,0.900471935519365,0.903,0.0,0.3,0.5,0.42655169975352436,43,0.7194369895183657,2.69,2,"[613.4000244140625, 440.3999938964844]"
1779197587.6711786,86.186117604,0.9457161710455247,0.903,0.0,0.3,0.5,0.5840565344322997,43,0.7669903939428205,2.69,2,"[571.5999755859375, 501.0]"
1779197587.721176,86.236114922,0.9868331614069801,0.903,0.0,0.3,0.5,0.7411166703877754,43,0.8176117599430467,2.69,2,"[571.5999755859375, 501.0]"
1779197587.77127,86.28620897200001,1.0231098961839922,0.903,0.0,0.3,0.5,0.89850813127088,43,0.8666991451553873,8.07,2,"[561.7999877929688, 555.5999755859375]"
1779197587.8213787,86.336317664,1.0535969260513003,0.903,0.0,0.3,0.5,1.055556326032665,43,0.9111845880040709,8.07,2,"[561.7999877929688, 555.5999755859375]"
1779197587.8710408,86.385979875,1.077655652470021,0.903,0.0,0.3,0.5,1.212055775664048,43,0.9572040116406401,29.59,2,"[533.5999755859375, 601.0]"
1779197587.921417,86.436356094,1.0950458207930023,0.903,0.0,0.3,0.5,1.3700474001245126,43,0.9924855697620099,56.49,2,"[533.5999755859375, 601.0]"
1779197587.9719393,86.486878585,1.105207036000217,0.903,0.0,0.3,0.5,1.5287446200117571,43,1.0231651855197226,83.39,2,"[494.79998779296875, 639.4000244140625]"
1779197588.0212522,86.53619116300001,1.1079212811857655,0.903,0.0,0.3,0.5,1.6836086947378064,43,1.0492428589137786,121.05,2,"[494.79998779296875, 639.4000244140625]"
1779197588.0710914,86.58603034800001,1.1034560162046492,0.903,0.0,0.3,0.5,1.840471626639264,43,1.0707185899441776,129.12,2,"[494.79998779296875, 641.4000244140625]"
1779197588.1212626,86.636201618,1.0918796858418305,0.903,0.0,0.3,0.5,1.9980333869769353,43,1.0829904362472627,131.81,2,"[494.79998779296875, 641.4000244140625]"
1779197588.17138,86.686319216,1.0736172203759753,0.903,0.0,0.3,0.5,2.155414266975974,43,1.0906603401866908,118.36,2,"[471.20001220703125, 650.7999877929688]"
1779197588.2211711,86.73611009000001,1.0493838960130963,0.903,0.0,0.3,0.5,2.311855691391081,43,1.0906603401866908,118.36,2,"[471.20001220703125, 650.7999877929688]"
1779197588.2711518,86.786090685,1.0196469534808439,0.903,0.0,0.3,0.5,2.46900514596728,43,1.086058397823034,32.28,2,"[453.0, 667.4000244140625]"
1779197588.32107,86.836009101,0.9853977265335467,0.903,0.0,0.3,0.5,2.625939794145829,43,1.0737865515199487,0.0,2,"[453.0, 667.4000244140625]"
1779197588.370993,86.88593205500001,0.9475695068217308,0.903,0.0,0.3,0.5,2.7828124115774173,43,1.055378782065321,-2.69,2,"[462.6000061035156, 645.5999755859375]"
1779197588.4209523,86.93589155900001,0.907172332992416,0.903,0.0,0.3,0.5,2.9397619383387266,43,1.0293011086712651,-2.69,2,"[462.6000061035156, 645.5999755859375]"
1779197588.471174,86.986112948,0.865166451305082,0.903,0.0,0.3,0.5,3.0973277104902124,43,0.9986214929135524,-2.69,2,"[472.0, 636.4000244140625]"
1779197588.5211794,87.036118594,0.8230127755854976,0.903,0.0,0.3,0.5,3.2543367358747943,43,0.9633399347921826,-2.69,2,"[472.0, 636.4000244140625]"
1779197588.5712533,87.08619253900001,0.7816385007012207,0.903,0.0,0.3,0.5,3.411656461631246,43,0.9249904150950417,-8.07,2,"[483.0, 630.2000122070312]"
1779197588.6210475,87.13598641300001,0.7424392607559543,0.903,0.0,0.3,0.5,3.5682640888641046,43,0.8835729338221293,-8.07,2,"[483.0, 630.2000122070312]"
1779197588.6711683,87.186107543,0.7061422925450745,0.903,0.0,0.3,0.5,3.7256001509023733,43,0.8436894333371027,-24.21,2,"[525.7999877929688, 592.4000244140625]"
1779197588.7211156,87.23605457000001,0.6740016356540954,0.903,0.0,0.3,0.5,3.8826718196444787,43,0.8022719520641903,-26.9,2,"[525.7999877929688, 592.4000244140625]"
1779197588.771124,87.28606297200001,0.6468431677948401,0.903,0.0,0.3,0.5,4.0398780679326975,43,0.765456413154935,-78.01,2,"[555.5999755859375, 555.4000244140625]"
1779197588.8210387,87.335977833,0.6255427053407492,0.903,0.0,0.3,0.5,4.196596731616289,43,0.7301748550335652,-91.46,2,"[555.5999755859375, 555.4000244140625]"
1779197588.8713884,87.386327496,0.6105723128304903,0.903,0.0,0.3,0.5,4.354363025343666,43,0.6964272777000811,-121.05,2,"[580.2000122070312, 517.5999755859375]"
1779197588.9210603,87.435999179,0.6026268634231378,0.903,0.0,0.3,0.5,4.51074695861319,43,0.6672816427302539,-131.81,2,"[580.2000122070312, 517.5999755859375]"
1779197588.971243,87.48618198300001,0.6018798993009593,0.903,0.0,0.3,0.5,4.668257724618904,43,0.6427379501240836,-139.88,2,"[603.0, 474.20001220703125]"
1779197589.021126,87.53606516800001,0.6085124486837932,0.903,0.0,0.3,0.5,4.8251356230677445,43,0.6273981422452273,-139.88,2,"[603.0, 474.20001220703125]"
1779197589.0712883,87.586227486,0.6225275668487942,0.903,0.0,0.3,0.5,4.982581119344495,43,0.6181942575179133,-158.71,2,"[614.0, 453.3999938964844]"
1779197589.1212265,87.636165796,0.6435967292672382,0.903,0.0,0.3,0.5,5.139434042131704,43,0.6120583343663708,-150.64,2,"[614.0, 453.3999938964844]"
1779197589.1722424,87.68718128200001,0.6719305287003117,0.903,0.0,0.3,0.5,5.299166435647912,43,0.6120583343663708,-53.8,2,"[611.0, 454.3999938964844]"
1779197589.2209811,87.73592026600001,0.7052382115232713,0.903,0.0,0.3,0.5,5.453047006519391,43,0.6181942575179133,5.38,2,"[611.0, 454.3999938964844]"
1779197589.2714014,87.78634045000001,0.7448332405541904,0.903,0.0,0.3,0.5,5.610946984438947,43,0.6350680461846554,5.38,2,"[612.5999755859375, 445.3999938964844]"
1779197589.3212466,87.836185535,0.7887391966708379,0.903,0.0,0.3,0.5,5.767756826566135,43,0.6596117387908257,5.38,2,"[612.5999755859375, 445.3999938964844]"
1779197589.371334,87.886273039,0.8363138330905102,0.903,0.0,0.3,0.5,5.924762622393466,43,0.6887573737606529,2.69,2,"[601.5999755859375, 461.79998779296875]"
1779197589.4212782,87.93621743300001,0.8865373148135722,0.903,0.0,0.3,0.5,6.08202754934927,43,0.722504951094137,2.69,2,"[601.5999755859375, 461.79998779296875]"
1779197589.471397,87.986336062,0.9382100203729277,0.903,0.0,0.3,0.5,6.239284383562385,43,0.7639224323670493,2.69,2,"[590.2000122070312, 487.3999938964844]"
1779197589.5210912,88.03603017100001,0.9899226780905331,0.903,0.0,0.3,0.5,0.11258266725448607,44,0.8053399136399616,2.69,2,"[590.2000122070312, 487.3999938964844]"
1779197589.5716803,88.086619384,1.0415277307845086,0.903,0.0,0.3,0.5,0.27140999934309207,44,0.8513593372765309,2.69,2,"[557.7999877929688, 538.7999877929688]"
1779197589.6210322,88.13597127300001,1.089977838595492,0.903,0.0,0.3,0.5,0.4266337581535993,44,0.8973787609131001,26.9,2,"[557.7999877929688, 538.7999877929688]"
1779197589.6712513,88.186190376,1.1360471157608223,0.903,0.0,0.3,0.5,0.5841495821235014,44,0.9495341077012119,45.73,2,"[539.4000244140625, 577.2000122070312]"
1779197589.721368,88.236307323,1.1779718717085377,0.903,0.0,0.3,0.5,0.7416450077322736,44,1.000155473701438,80.7,2,"[539.4000244140625, 577.2000122070312]"
1779197589.7714415,88.286380472,1.214699075924414,0.903,0.0,0.3,0.5,0.8985148731286756,44,1.047708878125893,118.36,2,"[501.6000061035156, 613.5999755859375]"
1779197589.8211148,88.33605381000001,1.245558438025324,0.903,0.0,0.3,0.5,1.0550734412506415,44,1.0921943209745766,118.36,2,"[501.6000061035156, 613.5999755859375]"
1779197589.8710206,88.385959809,1.2700336396995937,0.903,0.0,0.3,0.5,1.212010074915753,44,1.1382137446111458,139.88,2,"[466.0, 655.0]"
1779197589.9210074,88.435946548,1.287563070307173,0.903,0.0,0.3,0.5,1.369088765117425,44,1.175029283520401,153.32999999999998,2,"[466.0, 655.0]"
1779197589.9714901,88.486429353,1.2978600762334174,0.903,0.0,0.3,0.5,1.5276676820501223,44,1.2072428800659996,174.85,2,"[436.20001220703125, 689.0]"
1779197590.0212746,88.53621360300001,1.3005920528446082,0.903,0.0,0.3,0.5,1.6834932097918625,44,1.2348545342479411,172.16,2,"[436.20001220703125, 689.0]"
1779197590.071188,88.586127156,1.295964729974055,0.903,0.0,0.3,0.5,1.8407263658211548,44,1.2563302652783401,177.54,2,"[426.0, 701.7999877929688]"
1779197590.1212776,88.63621672000001,1.2841279507887313,0.903,0.0,0.3,0.5,1.998065748522862,44,1.2701360923693108,182.92,2,"[426.0, 701.7999877929688]"
1779197590.1711915,88.686130425,1.2655535178950363,0.903,0.0,0.3,0.5,2.1548586700319845,44,1.2778059963087391,193.68,2,"[421.6000061035156, 707.4000244140625]"
1779197590.2214506,88.73638961500001,1.240624543635169,0.903,0.0,0.3,0.5,2.312466445277238,44,1.2778059963087391,193.68,2,"[421.6000061035156, 707.4000244140625]"
1779197590.271102,88.786041087,1.2103861805377412,0.903,0.0,0.3,0.5,2.468888847348836,44,1.2762720155208536,110.28999999999999,2,"[420.0, 701.5999755859375]"
1779197590.3214529,88.83639187,1.1751770927561398,0.903,0.0,0.3,0.5,2.6267131474429846,44,1.2640001692177683,56.49,2,"[420.0, 701.5999755859375]"
1779197590.3712213,88.886160313,1.1364990354496054,0.903,0.0,0.3,0.5,2.783436155949204,44,1.2425244381873692,-5.38,2,"[414.0, 699.5999755859375]"
1779197590.421232,88.93617113200001,1.0951656725150751,0.903,0.0,0.3,0.5,2.940147443173231,44,1.214912784005428,-5.38,2,"[414.0, 699.5999755859375]"
1779197590.4711833,88.98612223900001,1.052143517268644,0.903,0.0,0.3,0.5,3.0973460196921963,44,1.184233168247715,-5.38,2,"[418.20001220703125, 685.7999877929688]"
1779197590.5210931,89.03603218,1.0088189126678586,0.903,0.0,0.3,0.5,3.25414215505063,44,1.1474176293384597,-5.38,2,"[418.20001220703125, 685.7999877929688]"
1779197590.571235,89.086174009,0.9660514813259928,0.903,0.0,0.3,0.5,3.411619290306959,44,1.1075341288534328,-2.69,2,"[427.79998779296875, 667.2000122070312]"
1779197590.6212585,89.136197685,0.9252698436522793,0.903,0.0,0.3,0.5,3.5687138392683835,44,1.0676506283684062,-2.69,2,"[427.79998779296875, 667.2000122070312]"
1779197590.6711388,89.18607773900001,0.8875170809256251,0.903,0.0,0.3,0.5,3.7255430116151445,44,1.0231651855197226,-2.69,2,"[449.0, 648.4000244140625]"
1779197590.7211156,89.23605451,0.8536765179553789,0.903,0.0,0.3,0.5,3.882636599249196,44,0.9863496466104673,-2.69,2,"[449.0, 648.4000244140625]"
1779197590.7715595,89.286498564,0.8245254087935212,0.903,0.0,0.3,0.5,4.040936831780783,44,0.9464661461254406,-8.07,2,"[482.0, 631.2000122070312]"
1779197590.8212473,89.33618651200001,0.8014438154781265,0.903,0.0,0.3,0.5,4.196926460614776,44,0.9081166264282996,-2.69,2,"[482.0, 631.2000122070312]"
1779197590.8713787,89.386317489,0.7844845664087767,0.903,0.0,0.3,0.5,4.354263449422859,44,0.8728350683069298,-24.21,2,"[513.2000122070312, 604.4000244140625]"
1779197590.921316,89.43625499400001,0.77437906809333,0.903,0.0,0.3,0.5,4.511225046183171,44,0.8406214717613314,-24.21,2,"[513.2000122070312, 604.4000244140625]"
1779197590.9713306,89.486269725,0.7713976856783475,0.903,0.0,0.3,0.5,4.668478041370037,44,0.8130098175793898,-34.97,2,"[548.7999877929688, 581.0]"
1779197591.0214067,89.53634571500001,0.7756971665048678,0.903,0.0,0.3,0.5,4.825555760819583,44,0.7930680673368765,-34.97,2,"[548.7999877929688, 581.0]"
1779197591.0713067,89.58624564600001,0.7872107930980679,0.903,0.0,0.3,0.5,4.982450658426245,44,0.7807962210337913,-59.18,2,"[569.0, 544.7999877929688]"
1779197591.1212077,89.63614682900001,0.8057222242499233,0.903,0.0,0.3,0.5,5.139377685100982,44,0.7761942786701345,-48.42,2,"[569.0, 544.7999877929688]"
1779197591.1714032,89.686342068,0.830995040614003,0.903,0.0,0.3,0.5,5.297201482540316,44,0.7746602978822488,-18.83,2,"[572.7999877929688, 528.7999877929688]"
1779197591.2210689,89.736008076,0.8619872683180398,0.903,0.0,0.3,0.5,5.4532480401747705,44,0.7807962210337913,0.0,2,"[572.7999877929688, 528.7999877929688]"
1779197591.2715807,89.786519927,0.898649110101807,0.903,0.0,0.3,0.5,5.61091999501636,44,0.7961360289126478,2.69,2,"[562.5999755859375, 527.0]"
1779197591.3212535,89.83619243800001,0.9396446903238265,0.903,0.0,0.3,0.5,5.767914889517186,44,0.8160777791551611,2.69,2,"[562.5999755859375, 527.0]"
1779197591.3714488,89.88638765900001,0.9842487900468481,0.903,0.0,0.3,0.5,5.925213082797569,44,0.8436894333371027,2.69,2,"[544.2000122070312, 540.5999755859375]"
1779197591.4211452,89.936084401,1.0311152229975606,0.903,0.0,0.3,0.5,6.081805793748487,44,0.8743690490948155,2.69,2,"[544.2000122070312, 540.5999755859375]"
1779197591.4714496,89.98638870500001,1.0796871882700043,0.903,0.0,0.3,0.5,6.2395449818144755,44,0.9111845880040709,18.83,2,"[534.5999755859375, 558.4000244140625]"
1779197591.5210633,90.03600244600001,1.1279924475272947,0.903,0.0,0.3,0.5,0.11256733942384045,45,0.9510680884890975,16.14,2,"[534.5999755859375, 558.4000244140625]"
1779197591.5714002,90.086339245,1.1758949529991594,0.903,0.0,0.3,0.5,0.2705798491922522,45,0.9924855697620099,83.39,2,"[503.79998779296875, 593.2000122070312]"
1779197591.6209676,90.135906574,1.22108818775545,0.903,0.0,0.3,0.5,0.4264976392270299,45,1.038504993398579,112.98,2,"[503.79998779296875, 593.2000122070312]"
1779197591.671077,90.18601593300001,1.2635055231492371,0.903,0.0,0.3,0.5,0.5837973530382854,45,1.0845244170351482,131.81,2,"[485.0, 629.7999877929688]"
1779197591.7213638,90.236302881,1.3018317351058342,0.903,0.0,0.3,0.5,0.7416050560984289,45,1.1320778214596032,137.19,2,"[485.0, 629.7999877929688]"
1779197591.7711895,90.28612856100001,1.334767827724371,0.903,0.0,0.3,0.5,0.8982208231978532,45,1.1780972450961724,169.47,2,"[457.0, 660.2000122070312]"
1779197591.8210464,90.335985412,1.3618588745062068,0.903,0.0,0.3,0.5,1.0549870254614646,45,1.2195147263690846,169.47,2,"[457.0, 660.2000122070312]"
1779197591.8710806,90.386019624,1.3824756795733695,0.903,0.0,0.3,0.5,1.212216543526445,45,1.260932207641997,180.23,2,"[431.0, 691.4000244140625]"
1779197591.9212077,90.436146835,1.3960452178732923,0.903,0.0,0.3,0.5,1.3695844393230416,45,1.2931458041875956,182.92,2,"[431.0, 691.4000244140625]"
1779197591.9713447,90.48628382300001,1.4022266503309544,0.903,0.0,0.3,0.5,1.5271222324503313,45,1.320757458369537,231.34,2,"[417.0, 706.4000244140625]"
1779197592.021157,90.53609612300001,1.4008936118417936,0.903,0.0,0.3,0.5,1.6835749603158163,45,1.3437671701878218,236.72,2,"[417.0, 706.4000244140625]"
1779197592.071054,90.58599310700001,1.3921225360181753,0.903,0.0,0.3,0.5,1.840420622882455,45,1.3621749396424494,250.17,2,"[405.3999938964844, 717.5999755859375]"
1779197592.1209989,90.635937905,1.376116861731951,0.903,0.0,0.3,0.5,1.9973444545574992,45,1.371378824369763,263.62,2,"[405.3999938964844, 717.5999755859375]"
1779197592.171315,90.686254128,1.3531450710920354,0.903,0.0,0.3,0.5,2.155039151388287,45,1.372912805157649,244.79,2,"[403.6000061035156, 713.5999755859375]"
1779197592.2211673,90.736106272,1.3239995161344824,0.903,0.0,0.3,0.5,2.3119342186409497,45,1.372912805157649,244.79,2,"[403.6000061035156, 713.5999755859375]"
1779197592.2711713,90.78611061500001,1.2892469172497891,0.903,0.0,0.3,0.5,2.4690172505236845,45,1.3698448435818775,126.42999999999999,2,"[398.3999938964844, 724.5999755859375]"
1779197592.3212738,90.83621290800001,1.2497237956020089,0.903,0.0,0.3,0.5,2.626260220888419,45,1.354505035703021,72.63,2,"[398.3999938964844, 724.5999755859375]"
1779197592.3716316,90.88657087600001,1.2061401897870232,0.903,0.0,0.3,0.5,2.784507913424484,45,1.325359400733194,-5.38,2,"[393.3999938964844, 724.2000122070312]"
1779197592.421177,90.93611592100001,1.1605629908903325,0.903,0.0,0.3,0.5,2.9402336798914988,45,1.2946797849754812,-8.07,2,"[393.3999938964844, 724.2000122070312]"
1779197592.4711094,90.98604862,1.113060358255999,0.903,0.0,0.3,0.5,3.0971075005530864,45,1.260932207641997,-5.38,2,"[394.20001220703125, 713.4000244140625]"
1779197592.5211465,91.03608551800001,1.0649899238050673,0.903,0.0,0.3,0.5,3.254362826801703,45,1.222582687944856,-5.38,2,"[394.20001220703125, 713.4000244140625]"
1779197592.571067,91.086006165,1.0177410336530222,0.903,0.0,0.3,0.5,3.411239270693109,45,1.1780972450961724,-2.69,2,"[414.79998779296875, 684.5999755859375]"
1779197592.621201,91.136139974,0.9721975948729574,0.903,0.0,0.3,0.5,3.568594581269572,45,1.1320778214596032,-2.69,2,"[414.79998779296875, 684.5999755859375]"
1779197592.6712613,91.18620031900001,0.9296360345335205,0.903,0.0,0.3,0.5,3.725816813981176,45,1.081456455459377,-2.69,2,"[443.0, 665.4000244140625]"
1779197592.72137,91.23630895800001,0.8909960132637885,0.903,0.0,0.3,0.5,3.8832062391122193,45,1.0369710126106935,-2.69,2,"[443.0, 665.4000244140625]"
1779197592.7710724,91.286011501,0.8574278688778927,0.903,0.0,0.3,0.5,4.039666217773522,45,0.9924855697620099,-2.69,2,"[468.3999938964844, 637.7999877929688]"
1779197592.8212092,91.33614825400001,0.8293620363769948,0.903,0.0,0.3,0.5,4.196825898233847,45,0.9495341077012119,-2.69,2,"[468.3999938964844, 637.7999877929688]"
1779197592.8709712,91.385910306,0.8076690257050334,0.903,0.0,0.3,0.5,4.353491315063543,45,0.9096506072161852,-10.76,2,"[508.3999938964844, 606.4000244140625]"
1779197592.9212558,91.43619479200001,0.7926625772851893,0.903,0.0,0.3,0.5,4.511212316449651,45,0.8743690490948155,-18.83,2,"[508.3999938964844, 606.4000244140625]"
1779197592.9712183,91.486157268,0.7848555848510502,0.903,0.0,0.3,0.5,4.668208319932724,45,0.842155452549217,-26.9,2,"[536.0, 580.7999877929688]"
1779197593.0214193,91.53635849700001,0.7843131123868836,0.903,0.0,0.3,0.5,4.825566571039879,45,0.8176117599430467,-26.9,2,"[536.0, 580.7999877929688]"
1779197593.071082,91.58602128800001,0.7909714738144566,0.903,0.0,0.3,0.5,4.9821395590721025,45,0.8007379712763046,-32.28,2,"[559.7999877929688, 559.4000244140625]"
1779197593.1210084,91.63594757,0.8046257962713317,0.903,0.0,0.3,0.5,5.139016728671443,45,0.7915340865489908,-40.35,2,"[559.7999877929688, 559.4000244140625]"
1779197593.171123,91.686062006,0.8249535880933734,0.903,0.0,0.3,0.5,5.296403467740795,45,0.786932144185334,-48.42,2,"[560.5999755859375, 547.2000122070312]"
1779197593.221148,91.736087092,0.8512936219702446,0.903,0.0,0.3,0.5,5.453438577769198,45,0.7884661249732196,2.69,2,"[560.5999755859375, 547.2000122070312]"
1779197593.2714543,91.78639338800001,0.8830790268080022,0.903,0.0,0.3,0.5,5.610960647225291,45,0.7976700097005334,0.0,2,"[565.5999755859375, 535.2000122070312]"
1779197593.3213727,91.83631186000001,0.9193185683141962,0.903,0.0,0.3,0.5,5.768211562677841,45,0.8145437983672754,0.0,2,"[565.5999755859375, 535.2000122070312]"
1779197593.3712506,91.886189555,0.958945448867274,0.903,0.0,0.3,0.5,5.924871277516907,45,0.8375535101855601,0.0,2,"[564.0, 539.0]"
1779197593.4213254,91.936264496,1.001209929049311,0.903,0.0,0.3,0.5,6.082121706022583,45,0.863631183579616,0.0,2,"[564.0, 539.0]"
1779197593.4711807,91.986119704,1.0447626195386013,0.903,0.0,0.3,0.5,6.239049505529131,45,0.8943107993373288,2.69,2,"[546.5999755859375, 550.5999755859375]"
1779197593.5218995,92.03683846300001,1.0890823450586586,0.903,0.0,0.3,0.5,0.11473794118641933,46,0.9295923574586985,18.83,2,"[546.5999755859375, 550.5999755859375]"
1779197593.5717063,92.086645368,1.1318505123676357,0.903,0.0,0.3,0.5,0.27141179633399304,46,0.9694758579437253,61.87,2,"[529.2000122070312, 571.7999877929688]"
1779197593.6231167,92.138055705,1.1736348562110572,0.903,0.0,0.3,0.5,0.43239360753169365,46,1.0078253776408663,61.87,2,"[529.2000122070312, 571.7999877929688]"
1779197593.6744235,92.18936255700001,1.2099710739878033,0.903,0.0,0.3,0.5,0.5841138025246977,46,1.0492428589137786,107.6,2,"[490.3999938964844, 609.7999877929688]"
1779197593.7211902,92.23612939200001,1.243470869947039,0.903,0.0,0.3,0.5,0.7411081126893322,46,1.0891263593988052,126.42999999999999,2,"[490.3999938964844, 609.7999877929688]"
1779197593.77116,92.28609902100001,1.2719071434432117,0.903,0.0,0.3,0.5,0.8981337131167919,46,1.1320778214596032,134.5,2,"[462.6000061035156, 643.7999877929688]"
1779197593.8210967,92.336035738,1.2944734635777215,0.903,0.0,0.3,0.5,1.0550677518263427,46,1.1688933603688585,134.5,2,"[462.6000061035156, 643.7999877929688]"
1779197593.871013,92.385951973,1.3105451332862588,0.903,0.0,0.3,0.5,1.2120257765957803,46,1.2041749184902284,169.47,2,"[437.6000061035156, 669.5999755859375]"
1779197593.9210691,92.436008141,1.3196423602875438,0.903,0.0,0.3,0.5,1.3693112998330292,46,1.2348545342479411,166.78,2,"[437.6000061035156, 669.5999755859375]"
1779197593.971,92.48593892000001,1.3214116953480628,0.903,0.0,0.3,0.5,1.5260876588657055,46,1.260932207641997,185.60999999999999,2,"[424.0, 691.5999755859375]"
1779197594.0214324,92.53637156100001,1.3156920011397066,0.903,0.0,0.3,0.5,1.6839174693133572,46,1.2793399770966247,180.23,2,"[424.0, 691.5999755859375]"
1779197594.0711834,92.58612259200001,1.3026047100417792,0.903,0.0,0.3,0.5,1.8406669520208965,46,1.2916118233997098,199.06,2,"[419.6000061035156, 701.0]"
1779197594.121269,92.636208232,1.2822658482376792,0.903,0.0,0.3,0.5,1.9980263560925522,46,1.2962137657633668,182.92,2,"[419.6000061035156, 701.0]"
1779197594.171283,92.686222138,1.2551614319469353,0.903,0.0,0.3,0.5,2.1551333331944846,46,1.2962137657633668,131.81,2,"[413.0, 701.4000244140625]"
1779197594.2214947,92.73643379,1.2217995005862605,0.903,0.0,0.3,0.5,2.312368848559842,46,1.2931458041875956,131.81,2,"[413.0, 701.4000244140625]"
1779197594.2710273,92.78596637000001,1.1831581435158154,0.903,0.0,0.3,0.5,2.468690515462967,46,1.2778059963087391,69.94,2,"[405.6000061035156, 699.4000244140625]"
1779197594.3210614,92.836000614,1.1396244766748302,0.903,0.0,0.3,0.5,2.6259591683476486,46,1.2563302652783401,-5.38,2,"[405.6000061035156, 699.4000244140625]"
1779197594.3710074,92.88594652100001,1.0924940139431856,0.903,0.0,0.3,0.5,2.782871181351126,46,1.227184630308513,-5.38,2,"[409.6000061035156, 691.0]"
1779197594.4209735,92.935912407,1.042729827661701,0.903,0.0,0.3,0.5,2.9397608796219714,46,1.193437052975029,-5.38,2,"[409.6000061035156, 691.0]"
1779197594.471344,92.986282986,0.9911713059063543,0.903,0.0,0.3,0.5,3.0974609988416972,46,1.1550875332778878,-2.69,2,"[420.3999938964844, 665.2000122070312]"
1779197594.5212224,93.036161285,0.9394553979602515,0.903,0.0,0.3,0.5,3.254494161082661,46,1.1106020904292042,-2.69,2,"[420.3999938964844, 665.2000122070312]"
1779197594.5711906,93.08612975700001,0.8885304662083487,0.903,0.0,0.3,0.5,3.411516104696247,46,1.0630486860047492,-2.69,2,"[437.0, 654.2000122070312]"
1779197594.6212525,93.13619159000001,0.8394844048727583,0.903,0.0,0.3,0.5,3.568696595066271,46,1.012427320004523,-2.69,2,"[437.0, 654.2000122070312]"
1779197594.6710906,93.186029563,0.7935530142432942,0.903,0.0,0.3,0.5,3.725559599224354,46,0.9602719732164113,-2.69,2,"[468.3999938964844, 630.5999755859375]"
1779197594.7215302,93.23646925700001,0.7514601594054919,0.903,0.0,0.3,0.5,3.883166937788232,46,0.9142525495798421,-10.76,2,"[468.3999938964844, 630.5999755859375]"
1779197594.7709463,93.28588524300001,0.7146827406869836,0.903,0.0,0.3,0.5,4.039283929930022,46,0.868233125943273,-43.04,2,"[511.79998779296875, 602.0]"
1779197594.821278,93.33621709900001,0.6832852461601928,0.903,0.0,0.3,0.5,4.197054489940214,46,0.8191457407309324,-40.35,2,"[511.79998779296875, 602.0]"
1779197594.8711622,93.38610135200001,0.6584692539141421,0.903,0.0,0.3,0.5,4.35391979060249,46,0.7761942786701345,-88.77,2,"[554.0, 566.5999755859375]"
1779197594.921433,93.436372018,0.6404767763464113,0.903,0.0,0.3,0.5,4.511354718561549,46,0.7378447589729934,-104.91,2,"[554.0, 566.5999755859375]"
1779197594.9712086,93.48614768200001,0.6297633939719935,0.903,0.0,0.3,0.5,4.668163624494113,46,0.705631162427395,-118.36,2,"[599.4000244140625, 513.4000244140625]"
1779197595.0214157,93.53635493300001,0.6263891711571157,0.903,0.0,0.3,0.5,4.8256806893930815,46,0.6764855274575677,-118.36,2,"[599.4000244140625, 513.4000244140625]"
1779197595.0711076,93.586046671,0.6303355243089368,0.903,0.0,0.3,0.5,4.982238026010734,46,0.6550097964271688,-134.5,2,"[620.7999877929688, 481.79998779296875]"
1779197595.121192,93.636131086,0.6413972604795013,0.903,0.0,0.3,0.5,5.139372561163427,46,0.6442719309119693,-129.12,2,"[620.7999877929688, 481.79998779296875]"
1779197595.1709583,93.68589717600001,0.6590978725612987,0.903,0.0,0.3,0.5,5.295889647696001,46,0.6427379501240836,-134.5,2,"[620.5999755859375, 464.20001220703125]"
1779197595.2213109,93.73624994400001,0.6831248198236513,0.903,0.0,0.3,0.5,5.45363679341618,46,0.6427379501240836,-94.14999999999999,2,"[620.5999755859375, 464.20001220703125]"
1779197595.2710721,93.78601112300001,0.7124393570305109,0.903,0.0,0.3,0.5,5.61036447347071,46,0.6427379501240836,-45.73,2,"[617.5999755859375, 455.79998779296875]"
1779197595.321213,93.83615224100001,0.7464846188948083,0.903,0.0,0.3,0.5,5.76772746524118,46,0.6534758156392831,5.38,2,"[617.5999755859375, 455.79998779296875]"
1779197595.3713667,93.886305762,0.7841794128514885,0.903,0.0,0.3,0.5,5.92504885918332,46,0.6734175658817965,5.38,2,"[613.2000122070312, 459.20001220703125]"
1779197595.4214182,93.93635714400001,0.8244390704888026,0.903,0.0,0.3,0.5,6.082213399687461,46,0.6979612584879668,5.38,2,"[613.2000122070312, 459.20001220703125]"
1779197595.4714508,93.98638985100001,0.8661830389001036,0.903,0.0,0.3,0.5,6.2393641548830345,46,0.7286408742456796,2.69,2,"[592.5999755859375, 475.6000061035156]"
1779197595.5212193,94.036158169,0.9081371926564887,0.903,0.0,0.3,0.5,0.11284660501970478,47,0.760854470791278,2.69,2,"[592.5999755859375, 475.6000061035156]"
1779197595.5708902,94.085829124,0.9491823858718019,0.903,0.0,0.3,0.5,0.2691282543156248,47,0.7976700097005334,2.69,2,"[573.7999877929688, 511.3999938964844]"
1779197595.621088,94.136027204,0.9886367645710886,0.903,0.0,0.3,0.5,0.4267849818576437,47,0.8390874909734457,2.69,2,"[573.7999877929688, 511.3999938964844]"
1779197595.6711202,94.186059196,1.0249269330403745,0.903,0.0,0.3,0.5,0.5839465127160324,47,0.8759030298827011,10.76,2,"[559.4000244140625, 551.5999755859375]"
1779197595.721361,94.23629999,1.0572209978237563,0.903,0.0,0.3,0.5,0.7413879814709716,47,0.9173205111556134,13.45,2,"[559.4000244140625, 551.5999755859375]"
1779197595.771203,94.286141997,1.0844445613617948,0.903,0.0,0.3,0.5,0.898254340849995,47,0.9572040116406401,59.18,2,"[532.2000122070312, 581.2000122070312]"
1779197595.8213887,94.33632781600001,1.105998689635428,0.903,0.0,0.3,0.5,1.055630693814031,47,0.9940195505498954,59.18,2,"[532.2000122070312, 581.2000122070312]"
1779197595.8711245,94.386063719,1.1210758564149728,0.903,0.0,0.3,0.5,1.2121878922016194,47,1.0277671278833795,78.01,2,"[505.0, 611.5999755859375]"
1779197595.9213398,94.436278883,1.1293499985915914,0.903,0.0,0.3,0.5,1.3697064179412095,47,1.055378782065321,104.91,2,"[505.0, 611.5999755859375]"
1779197595.9709325,94.48587168,1.1304109010652863,0.903,0.0,0.3,0.5,1.5258736567158948,47,1.0783884938836057,129.12,2,"[475.79998779296875, 630.0]"
1779197596.0215635,94.536502692,1.1240830044388384,0.903,0.0,0.3,0.5,1.6842522091523264,47,1.0952622825503477,123.74,2,"[475.79998779296875, 630.0]"
1779197596.0712533,94.58619255,1.1105453307572375,0.903,0.0,0.3,0.5,1.8407866906834087,47,1.1090681096413186,123.74,2,"[461.0, 643.4000244140625]"
1779197596.1215029,94.636441899,1.0898576490183993,0.903,0.0,0.3,0.5,1.9981769169205776,47,1.1121360712170898,118.36,2,"[461.0, 643.4000244140625]"
1779197596.1712708,94.686209848,1.0625691712078482,0.903,0.0,0.3,0.5,2.1550843431987445,47,1.1121360712170898,45.73,2,"[455.79998779296875, 648.4000244140625]"
1779197596.2213933,94.736332458,1.0291452905557936,0.903,0.0,0.3,0.5,2.3121845815844253,47,1.1060001480655473,45.73,2,"[455.79998779296875, 648.4000244140625]"
1779197596.2711937,94.786132796,0.99045092263766,0.903,0.0,0.3,0.5,2.4688314033272363,47,1.0906603401866908,0.0,2,"[453.79998779296875, 649.2000122070312]"
1779197596.3216476,94.836586698,0.9468291566201614,0.903,0.0,0.3,0.5,2.626906845479674,47,1.0676506283684062,-2.69,2,"[453.79998779296875, 649.2000122070312]"
1779197596.371056,94.885995115,0.900214817311988,0.903,0.0,0.3,0.5,2.782957593998752,47,1.0400389741864646,-2.69,2,"[454.6000061035156, 638.7999877929688]"
1779197596.4210877,94.936027025,0.8508467440748148,0.903,0.0,0.3,0.5,2.9398264132448375,47,1.004757416065095,-2.69,2,"[454.6000061035156, 638.7999877929688]"
1779197596.471061,94.98600017000001,0.7999641766208594,0.903,0.0,0.3,0.5,3.097029340869618,47,0.9648739155800683,-8.07,2,"[469.0, 626.4000244140625]"
1779197596.5214052,95.036344416,0.7486434291741507,0.903,0.0,0.3,0.5,3.2547953141545563,47,0.923456434307156,-16.14,2,"[469.0, 626.4000244140625]"
1779197596.571192,95.086130882,0.6985668154411766,0.903,0.0,0.3,0.5,3.411524693810712,47,0.8759030298827011,-34.97,2,"[511.0, 595.7999877929688]"
1779197596.6215348,95.13647378900001,0.6502581530201077,0.903,0.0,0.3,0.5,3.56916604639823,47,0.8268156446703606,-34.97,2,"[511.0, 595.7999877929688]"
1779197596.6710086,95.185947787,0.6055333248596831,0.903,0.0,0.3,0.5,3.7252861267255852,47,0.7761942786701345,-37.66,2,"[558.0, 555.0]"
1779197596.721382,95.236320964,0.5645043908400984,0.903,0.0,0.3,0.5,3.8830726805839717,47,0.7317088358214509,-91.46,2,"[558.0, 555.0]"
1779197596.7709744,95.285913315,0.5289193799486798,0.903,0.0,0.3,0.5,4.039317588953814,47,0.6856894121848816,-142.57,2,"[577.7999877929688, 509.20001220703125]"
1779197596.8212454,95.336184544,0.4989151011949007,0.903,0.0,0.3,0.5,4.196861102921353,47,0.641203969336198,-156.02,2,"[577.7999877929688, 509.20001220703125]"
1779197596.8711698,95.38610903,0.47552486179272957,0.903,0.0,0.3,0.5,4.353945630202212,47,0.5982525072754,-161.4,2,"[610.5999755859375, 474.20001220703125]"
1779197596.921517,95.436455947,0.4591129482609781,0.903,0.0,0.3,0.5,4.511426808688292,47,0.5599029875782591,-196.37,2,"[610.5999755859375, 474.20001220703125]"
1779197596.9713662,95.486305398,0.4500838322903372,0.903,0.0,0.3,0.5,4.668542393754102,47,0.5276893910326605,-196.37,2,"[642.5999755859375, 433.79998779296875]"
1779197597.021245,95.53618398900001,0.4485310838616715,0.903,0.0,0.3,0.5,4.8253913487098075,47,0.5016117176386047,-196.37,2,"[642.5999755859375, 433.79998779296875]"
1779197597.0710135,95.58595266,0.4543767826860901,0.903,0.0,0.3,0.5,4.981936414266521,47,0.4816699673960913,-236.72,2,"[649.0, 416.79998779296875]"
1779197597.1210988,95.63603802200001,0.4674702051420349,0.903,0.0,0.3,0.5,5.139199641620699,47,0.4693981210930062,-234.03,2,"[649.0, 416.79998779296875]"
1779197597.170839,95.685778256,0.48728418653885447,0.903,0.0,0.3,0.5,5.295632728248869,47,0.4663301595172349,-234.03,2,"[667.4000244140625, 411.0]"
1779197597.2211573,95.736096337,0.5135777812563396,0.903,0.0,0.3,0.5,5.4534754443591495,47,0.4663301595172349,-134.5,2,"[667.4000244140625, 411.0]"
1779197597.2712,95.786138963,0.545338668283925,0.903,0.0,0.3,0.5,5.61066458353374,47,0.4678641403051206,-69.94,2,"[673.2000122070312, 395.79998779296875]"
1779197597.3211076,95.83604666000001,0.5817241988895094,0.903,0.0,0.3,0.5,5.767480008271058,47,0.48013598660820567,-61.87,2,"[673.2000122070312, 395.79998779296875]"
1779197597.3713233,95.886262353,0.6220785224961214,0.903,0.0,0.3,0.5,5.925157460899776,47,0.5031456984264903,-67.25,2,"[655.2000122070312, 399.3999938964844]"
1779197597.4212205,95.936159515,0.6648577357813609,0.903,0.0,0.3,0.5,6.081778075476642,47,0.5353592949720888,-67.25,2,"[655.2000122070312, 399.3999938964844]"
1779197597.4714978,95.986436986,0.7095662206042965,0.903,0.0,0.3,0.5,6.239616933711112,47,0.5675728915176872,-59.18,2,"[646.7999877929688, 402.0]"
1779197597.5210507,96.035989892,0.7542198239480957,0.903,0.0,0.3,0.5,0.112534343276252,48,0.6013204688511713,-51.11,2,"[646.7999877929688, 402.0]"
1779197597.5714402,96.08637931700001,0.7986776667591735,0.903,0.0,0.3,0.5,0.2704784040239474,48,0.6396699885483124,-37.66,2,"[621.5999755859375, 427.3999938964844]"
1779197597.6210308,96.13596977600001,0.8408002843423926,0.903,0.0,0.3,0.5,0.4266719787698321,48,0.6826214506091103,2.69,2,"[621.5999755859375, 427.3999938964844]"
1779197597.6713827,96.186321777,0.8803754045480544,0.903,0.0,0.3,0.5,0.5843640712203069,48,0.7271068934577939,2.69,2,"[601.0, 469.3999938964844]"
1779197597.721092,96.23603101900001,0.9157280541726419,0.903,0.0,0.3,0.5,0.7409418470397782,48,0.7700583555185919,2.69,2,"[601.0, 469.3999938964844]"
1779197597.7713544,96.286293654,0.946398859944553,0.903,0.0,0.3,0.5,0.8983833126531522,48,0.8145437983672754,2.69,2,"[566.7999877929688, 522.2000122070312]"
1779197597.821047,96.335986262,0.9712721461068228,0.903,0.0,0.3,0.5,1.0550113665214553,48,0.8559612796401878,2.69,2,"[566.7999877929688, 522.2000122070312]"
1779197597.871452,96.38639117800001,0.9900142767524609,0.903,0.0,0.3,0.5,1.213045144872126,48,0.8912428377615575,2.69,2,"[538.4000244140625, 575.2000122070312]"
1779197597.9211028,96.4360419,1.001785057958621,0.903,0.0,0.3,0.5,1.3693368598309235,48,0.923456434307156,10.76,2,"[538.4000244140625, 575.2000122070312]"
1779197597.971416,96.486355089,1.0065235320467092,0.903,0.0,0.3,0.5,1.5271771663396407,48,0.9495341077012119,48.42,2,"[523.2000122070312, 605.5999755859375]"
1779197598.0211694,96.536108595,1.0039907356427697,0.903,0.0,0.3,0.5,1.6836198316838136,48,0.9694758579437253,64.56,2,"[523.2000122070312, 605.5999755859375]"
1779197598.0710976,96.586036762,0.9942654653594858,0.903,0.0,0.3,0.5,1.8404792418598959,48,0.9848156658225816,78.01,2,"[512.2000122070312, 608.7999877929688]"
1779197598.1211853,96.63612458300001,0.9775098129493474,0.903,0.0,0.3,0.5,1.9977678061588335,48,0.9940195505498954,75.32,2,"[512.2000122070312, 608.7999877929688]"
1779197598.171266,96.68620518300001,0.9541283037803263,0.903,0.0,0.3,0.5,2.155115240762484,48,0.9940195505498954,37.66,2,"[497.20001220703125, 619.4000244140625]"
1779197598.2213619,96.736300825,0.9247460938227631,0.903,0.0,0.3,0.5,2.3121917412740913,48,0.9924855697620099,37.66,2,"[497.20001220703125, 619.4000244140625]"
1779197598.2710795,96.78601848400001,0.8901339910263248,0.903,0.0,0.3,0.5,2.46887864345598,48,0.9771457618831534,-2.69,2,"[486.3999938964844, 620.2000122070312]"
1779197598.3212104,96.83614965400001,0.850896775010225,0.903,0.0,0.3,0.5,2.6262180450071924,48,0.9587379924285258,0.0,2,"[486.3999938964844, 620.2000122070312]"
1779197598.370862,96.88580101800001,0.8084501290325659,0.903,0.0,0.3,0.5,2.782429580238272,48,0.9357282806102412,-8.07,2,"[493.6000061035156, 603.0]"
1779197598.4213245,96.936263401,0.7629956204446284,0.903,0.0,0.3,0.5,2.940569572694983,48,0.9065826456404139,-16.14,2,"[493.6000061035156, 603.0]"
1779197598.4711795,96.986118379,0.7165889167855747,0.903,0.0,0.3,0.5,3.0973174720398333,48,0.8713010875190442,-29.59,2,"[510.79998779296875, 581.7999877929688]"
1779197598.5212278,97.03616708700001,0.6698628226419575,0.903,0.0,0.3,0.5,3.2544694461733457,48,0.8283496254582462,-37.66,2,"[510.79998779296875, 581.7999877929688]"
1779197598.5712652,97.08620418800001,0.6240803029359614,0.903,0.0,0.3,0.5,3.4116748556563152,48,0.7853981633974483,-75.32,2,"[530.4000244140625, 572.4000244140625]"
1779197598.6213691,97.136308205,0.5804131347705835,0.903,0.0,0.3,0.5,3.568822777135324,48,0.7455146629124216,-75.32,2,"[530.4000244140625, 572.4000244140625]"
1779197598.6711535,97.18609247600001,0.5400151017168616,0.903,0.0,0.3,0.5,3.72564321899614,48,0.701029220063738,-94.14999999999999,2,"[565.7999877929688, 526.7999877929688]"
1779197598.7215323,97.23647124700001,0.5036416388590427,0.903,0.0,0.3,0.5,3.883204420130312,48,0.6580777580029401,-126.42999999999999,2,"[565.7999877929688, 526.7999877929688]"
1779197598.7710705,97.28600963800001,0.47261813679214737,0.903,0.0,0.3,0.5,4.039630381626353,48,0.6151262959421421,-147.95,2,"[606.2000122070312, 481.79998779296875]"
1779197598.8210666,97.336005646,0.44737321187727414,0.903,0.0,0.3,0.5,4.196579179538219,48,0.5737088146692298,-193.68,2,"[606.2000122070312, 481.79998779296875]"
1779197598.8711774,97.386116313,0.4286269382058325,0.903,0.0,0.3,0.5,4.353932558035183,48,0.5353592949720888,-188.29999999999998,2,"[635.4000244140625, 441.0]"
1779197598.9210956,97.436034551,0.41696848124403574,0.903,0.0,0.3,0.5,4.510822969447531,48,0.5016117176386047,-220.57999999999998,2,"[635.4000244140625, 441.0]"
1779197598.9712853,97.486224515,0.41264875776005544,0.903,0.0,0.3,0.5,4.66836440682232,48,0.4740000634566631,-212.51,2,"[657.0, 413.0]"
1779197599.021044,97.53598308400001,0.4158294792458145,0.903,0.0,0.3,0.5,4.824914637157406,48,0.4540583132141498,-212.51,2,"[657.0, 413.0]"
1779197599.0713692,97.58630805700001,0.4265361502984669,0.903,0.0,0.3,0.5,4.98274162017168,48,0.43718452454740775,-247.48,2,"[668.7999877929688, 391.6000061035156]"
1779197599.1211157,97.636054903,0.44435300962648283,0.903,0.0,0.3,0.5,5.139132829369828,48,0.4356505437595221,-244.79,2,"[668.7999877929688, 391.6000061035156]"
1779197599.171499,97.686438136,0.4692429958151439,0.903,0.0,0.3,0.5,5.29715883856187,48,0.4356505437595221,-215.2,2,"[662.5999755859375, 386.79998779296875]"
1779197599.221036,97.73597489800001,0.5000414895451321,0.903,0.0,0.3,0.5,5.453136183768606,48,0.43718452454740775,-96.84,2,"[662.5999755859375, 386.79998779296875]"
1779197599.2711174,97.786056598,0.536660069169367,0.903,0.0,0.3,0.5,5.610447725676181,48,0.4433204476989503,-83.39,2,"[661.4000244140625, 388.20001220703125]"
1779197599.321227,97.836166258,0.5780111779105628,0.903,0.0,0.3,0.5,5.767767432583071,48,0.4632621979414636,-69.94,2,"[661.4000244140625, 388.20001220703125]"
1779197599.3712606,97.88619972400001,0.6230399205528314,0.903,0.0,0.3,0.5,5.924794635222781,48,0.4908738521234052,-75.32,2,"[658.7999877929688, 389.6000061035156]"
1779197599.4211025,97.93604148600001,0.6707410041256896,0.903,0.0,0.3,0.5,6.0817336973389615,48,0.5230874486690036,-75.32,2,"[658.7999877929688, 389.6000061035156]"
1779197599.470979,97.985918092,0.7199734070159362,0.903,0.0,0.3,0.5,6.238506302168389,48,0.5614369683661447,-67.25,2,"[638.2000122070312, 404.6000061035156]"
1779197599.5211968,98.036136095,0.7698918584351688,0.903,0.0,0.3,0.5,0.1128875556800395,49,0.5997864880632857,-53.8,2,"[638.2000122070312, 404.6000061035156]"
1779197599.5708644,98.085803686,0.8186593575407526,0.903,0.0,0.3,0.5,0.2690888681686161,49,0.6427379501240836,5.38,2,"[625.2000122070312, 432.20001220703125]"
1779197599.6212735,98.136212439,0.8660782516450417,0.903,0.0,0.3,0.5,0.42697067511628717,49,0.6902913545485385,2.69,2,"[625.2000122070312, 432.20001220703125]"
1779197599.6712232,98.18616214500001,0.9102901466858349,0.903,0.0,0.3,0.5,0.5840389006728302,49,0.7378447589729934,2.69,2,"[597.5999755859375, 480.6000061035156]"
1779197599.7212598,98.23619894900001,0.9505187688214952,0.903,0.0,0.3,0.5,0.7410634361003545,49,0.786932144185334,2.69,2,"[597.5999755859375, 480.6000061035156]"
1779197599.7712224,98.28616152800001,0.9859142212729237,0.903,0.0,0.3,0.5,0.8983395596923529,49,0.8360195293976744,2.69,2,"[578.4000244140625, 536.4000244140625]"
1779197599.8210514,98.33599023900001,1.015507284292403,0.903,0.0,0.3,0.5,1.054994084620354,49,0.8774370106705868,2.69,2,"[578.4000244140625, 536.4000244140625]"
1779197599.8713324,98.386271566,1.038910415446079,0.903,0.0,0.3,0.5,1.2124971600072527,49,0.9219224535192704,21.52,2,"[537.5999755859375, 583.5999755859375]"
1779197599.92112,98.43605888900001,1.0553976106316003,0.903,0.0,0.3,0.5,1.3693594792980903,49,0.9572040116406401,24.21,2,"[537.5999755859375, 583.5999755859375]"
1779197599.971275,98.48621409,1.0647809896386295,0.903,0.0,0.3,0.5,1.5268994998145686,49,0.9878836273983529,75.32,2,"[509.20001220703125, 613.4000244140625]"
1779197600.0209846,98.53592370800001,1.0668419841660468,0.903,0.0,0.3,0.5,1.6831436573437841,49,1.012427320004523,110.28999999999999,2,"[509.20001220703125, 613.4000244140625]"
1779197600.0714276,98.58636687100001,1.061637576936472,0.903,0.0,0.3,0.5,1.8409457086787384,49,1.0323690702470365,110.28999999999999,2,"[486.6000061035156, 636.7999877929688]"
1779197600.1211617,98.63610065,1.0494337506333822,0.903,0.0,0.3,0.5,1.9977237987289769,49,1.0461748973380072,112.98,2,"[486.6000061035156, 636.7999877929688]"
1779197600.1711977,98.686136499,1.0305585176793888,0.903,0.0,0.3,0.5,2.154879222331239,49,1.0507768397016641,96.84,2,"[476.3999938964844, 648.2000122070312]"
1779197600.221077,98.736016003,1.0056612998569456,0.903,0.0,0.3,0.5,2.3116457764532257,49,1.0507768397016641,96.84,2,"[476.3999938964844, 648.2000122070312]"
1779197600.27156,98.786499198,0.9751694854304662,0.903,0.0,0.3,0.5,2.469564274061476,49,1.0446409165501216,8.07,2,"[467.6000061035156, 647.7999877929688]"
1779197600.3210578,98.835996902,0.9404795874085801,0.903,0.0,0.3,0.5,2.625875159018655,49,1.0323690702470365,-2.69,2,"[467.6000061035156, 647.7999877929688]"
1779197600.3711653,98.886104469,0.9020258563682262,0.903,0.0,0.3,0.5,2.7830744895198123,49,1.012427320004523,0.0,2,"[476.20001220703125, 637.0]"
1779197600.4209607,98.93589957,0.8611821340741861,0.903,0.0,0.3,0.5,2.9397529879413256,49,0.9863496466104673,-2.69,2,"[476.20001220703125, 637.0]"
1779197600.4713454,98.98628468800001,0.8186678205982741,0.903,0.0,0.3,0.5,3.0973930179183427,49,0.9556700308527545,-2.69,2,"[491.3999938964844, 618.5999755859375]"
1779197600.5211897,99.03612873200001,0.7760569702215261,0.903,0.0,0.3,0.5,3.2544024705595476,49,0.9188544919434991,-13.45,2,"[491.3999938964844, 618.5999755859375]"
1779197600.571141,99.086079978,0.7343473131555706,0.903,0.0,0.3,0.5,3.4113674696646754,49,0.880504972246358,-18.83,2,"[507.20001220703125, 600.4000244140625]"
1779197600.6211307,99.136069727,0.6946151126743754,0.903,0.0,0.3,0.5,3.568514228754374,49,0.8406214717613314,-18.83,2,"[507.20001220703125, 600.4000244140625]"
1779197600.671456,99.186395292,0.6579538210884133,0.903,0.0,0.3,0.5,3.72585856574765,49,0.7961360289126478,-29.59,2,"[531.2000122070312, 572.2000122070312]"
1779197600.7212627,99.23620173500001,0.6254952812074465,0.903,0.0,0.3,0.5,3.88286864984898,49,0.7593204900033924,-78.01,2,"[531.2000122070312, 572.2000122070312]"
1779197600.7709558,99.28589489800001,0.5981939739834583,0.903,0.0,0.3,0.5,4.039073537469996,49,0.7194369895183657,-102.22,2,"[562.2000122070312, 527.5999755859375]"
1779197600.8210392,99.335978268,0.576493864563718,0.903,0.0,0.3,0.5,4.196580586971585,49,0.684155431396996,-131.81,2,"[562.2000122070312, 527.5999755859375]"
1779197600.8711526,99.386091702,0.5613103027085649,0.903,0.0,0.3,0.5,4.353899307418409,49,0.6504078540635119,-142.57,2,"[591.2000122070312, 493.6000061035156]"
1779197600.9212785,99.43621766400001,0.553099459397022,0.903,0.0,0.3,0.5,4.511361680330857,49,0.6212622190936846,-150.64,2,"[591.2000122070312, 493.6000061035156]"
1779197600.9716456,99.486584737,0.5521985985545927,0.903,0.0,0.3,0.5,4.66887978195539,49,0.5967185264875144,-158.71,2,"[614.5999755859375, 460.0]"
1779197601.0211565,99.536095472,0.5586713999662287,0.903,0.0,0.3,0.5,4.825169194126751,49,0.5798447378207724,-158.71,2,"[614.5999755859375, 460.0]"
1779197601.0712624,99.586201493,0.5725602744236848,0.903,0.0,0.3,0.5,4.982543093506912,49,0.5691068723055729,-164.09,2,"[633.7999877929688, 443.79998779296875]"
1779197601.12102,99.63595908100001,0.5934814263349744,0.903,0.0,0.3,0.5,5.139020376060536,49,0.5645049299419159,-199.06,2,"[633.7999877929688, 443.79998779296875]"
1779197601.1709433,99.685882323,0.6211399959144818,0.903,0.0,0.3,0.5,5.295706521118554,49,0.5645049299419159,-99.53,2,"[633.4000244140625, 429.3999938964844]"
1779197601.2211764,99.736115436,0.6552077641314769,0.903,0.0,0.3,0.5,5.453480662544372,49,0.5691068723055729,-67.25,2,"[633.4000244140625, 429.3999938964844]"
1779197601.2711616,99.78610061900001,0.6945893368850726,0.903,0.0,0.3,0.5,5.610501107618269,49,0.5859806609723149,-53.8,2,"[623.0, 427.0]"
1779197601.3212428,99.836181835,0.7386112996714761,0.903,0.0,0.3,0.5,5.7676155994098295,49,0.6089903727905995,-45.73,2,"[623.0, 427.0]"
1779197601.3711572,99.886096197,0.7863020953733157,0.903,0.0,0.3,0.5,5.924777365887657,49,0.6381360077604268,2.69,2,"[621.4000244140625, 430.20001220703125]"
1779197601.421156,99.93609503,0.8365482399746885,0.903,0.0,0.3,0.5,6.081798480120803,49,0.6749515466696822,2.69,2,"[621.4000244140625, 430.20001220703125]"
1779197601.4710708,99.98601002800001,0.8882321953609744,0.903,0.0,0.3,0.5,6.238690666533024,49,0.7148350471547088,2.69,2,"[590.2000122070312, 463.3999938964844]"
1779197601.5213614,100.036300392,0.9404759633475175,0.903,0.0,0.3,0.5,0.11309773136993329,50,0.7562525284276211,2.69,2,"[590.2000122070312, 463.3999938964844]"
1779197601.5711005,100.086039549,0.991594469720089,0.903,0.0,0.3,0.5,0.2698060654968941,50,0.8022719520641903,2.69,2,"[559.5999755859375, 510.3999938964844]"
1779197601.6210058,100.135944699,1.0407468705241172,0.903,0.0,0.3,0.5,0.4265111386506675,50,0.8513593372765309,2.69,2,"[559.5999755859375, 510.3999938964844]"
1779197601.6710327,100.18597166900001,1.0869918959440508,0.903,0.0,0.3,0.5,0.5837216500800793,50,0.8989127417009857,29.59,2,"[551.0, 554.7999877929688]"
1779197601.7212229,100.23616185600001,1.1292196525609417,0.903,0.0,0.3,0.5,0.7412187030338515,50,0.9526020692769832,51.11,2,"[551.0, 554.7999877929688]"
1779197601.7712517,100.286190755,1.166353645986464,0.903,0.0,0.3,0.5,0.8984198933578824,50,1.000155473701438,78.01,2,"[517.0, 608.0]"
1779197601.8210392,100.335978319,1.1975660607117284,0.903,0.0,0.3,0.5,1.0549782038692257,50,1.047708878125893,78.01,2,"[517.0, 608.0]"
1779197601.871658,100.386597185,1.2225950549570475,0.903,0.0,0.3,0.5,1.213154079597203,50,1.0906603401866908,121.05,2,"[477.3999938964844, 655.5999755859375]"
1779197601.9213521,100.436291119,1.2404351529785114,0.903,0.0,0.3,0.5,1.369703307764226,50,1.1274758790959463,137.19,2,"[477.3999938964844, 655.5999755859375]"
1779197601.9711432,100.48608223100001,1.251066373598091,0.903,0.0,0.3,0.5,1.5264291939693209,50,1.1612234564294304,158.71,2,"[461.6000061035156, 660.4000244140625]"
1779197602.0211625,100.536101615,1.2543194403844946,0.903,0.0,0.3,0.5,1.6835591298303854,50,1.1873011298234863,177.54,2,"[461.6000061035156, 660.4000244140625]"
1779197602.0712805,100.586219618,1.2501771864383195,0.903,0.0,0.3,0.5,1.841031225972145,50,1.210310841641771,174.85,2,"[442.6000061035156, 684.0]"
1779197602.1213114,100.63625052,1.2388798621792736,0.903,0.0,0.3,0.5,1.9981178047130044,50,1.2241166687327416,199.06,2,"[442.6000061035156, 684.0]"
1779197602.1713607,100.686299668,1.2208204095806579,0.903,0.0,0.3,0.5,2.1551975881889263,50,1.23178657267217,188.29999999999998,2,"[431.3999938964844, 700.4000244140625]"
1779197602.2211583,100.736097267,1.1966219123941337,0.903,0.0,0.3,0.5,2.3119025922276393,50,1.2333205534600555,188.29999999999998,2,"[431.3999938964844, 700.4000244140625]"
1779197602.2710667,100.786005814,1.1668983222217508,0.903,0.0,0.3,0.5,2.4688806634998315,50,1.23178657267217,99.53,2,"[426.0, 688.7999877929688]"
1779197602.3210592,100.835998296,1.132530874768213,0.903,0.0,0.3,0.5,2.625851565657584,50,1.217980745581199,53.8,2,"[426.0, 688.7999877929688]"
1779197602.371049,100.88598784400001,1.0944524149801385,0.903,0.0,0.3,0.5,2.782907670949683,50,1.1980389953386859,-2.69,2,"[425.79998779296875, 684.2000122070312]"
1779197602.4211519,100.936090851,1.0537057521367053,0.903,0.0,0.3,0.5,2.9400445308809395,50,1.1734953027325155,-5.38,2,"[425.79998779296875, 684.2000122070312]"
1779197602.471195,100.986134046,1.0113770362819492,0.903,0.0,0.3,0.5,3.0973467485415114,50,1.1428156869748027,-2.69,2,"[426.0, 679.0]"
1779197602.521353,101.03629203800001,0.9686438679832058,0.903,0.0,0.3,0.5,3.2547101801349783,50,1.1060001480655473,-2.69,2,"[426.0, 679.0]"
1779197602.5711017,101.086040693,0.9268983048789619,0.903,0.0,0.3,0.5,3.4112566688331896,50,1.0676506283684062,-2.69,2,"[425.20001220703125, 672.4000244140625]"
1779197602.6213553,101.136294346,0.8867774638318819,0.903,0.0,0.3,0.5,3.5688787948736973,50,1.026233147095494,-2.69,2,"[425.20001220703125, 672.4000244140625]"
1779197602.6710196,101.18595865,0.8499470480624048,0.903,0.0,0.3,0.5,3.7252636140723467,50,0.9848156658225816,-2.69,2,"[470.79998779296875, 643.0]"
1779197602.7212467,101.236185956,0.8168540749751113,0.903,0.0,0.3,0.5,3.882811821579324,50,0.9464661461254406,-2.69,2,"[470.79998779296875, 643.0]"
1779197602.770956,101.28589518800001,0.7888836443763974,0.903,0.0,0.3,0.5,4.039249695994741,50,0.9065826456404139,-2.69,2,"[512.2000122070312, 605.0]"
1779197602.8215618,101.336500846,0.766321116189549,0.903,0.0,0.3,0.5,4.197683647276065,50,0.8697671067311585,-37.66,2,"[512.2000122070312, 605.0]"
1779197602.8709996,101.38593867600001,0.7504272342399863,0.903,0.0,0.3,0.5,4.353537634705631,50,0.8329515678219032,-43.04,2,"[529.7999877929688, 588.2000122070312]"
1779197602.9211206,101.436059689,0.7412078687885207,0.903,0.0,0.3,0.5,4.510905323157104,50,0.803805932852076,-48.42,2,"[529.7999877929688, 588.2000122070312]"
1779197602.9713175,101.486256662,0.7391708265412444,0.903,0.0,0.3,0.5,4.668469031282214,50,0.77772825945802,-67.25,2,"[561.4000244140625, 552.7999877929688]"
1779197603.0214088,101.536347875,0.7444423403620632,0.903,0.0,0.3,0.5,4.82549776387755,50,0.7593204900033924,-67.25,2,"[561.4000244140625, 552.7999877929688]"
1779197603.0710788,101.58601793700001,0.7569212205429143,0.903,0.0,0.3,0.5,4.982139537080926,50,0.7485826244881929,-61.87,2,"[569.7999877929688, 527.5999755859375]"
1779197603.1211607,101.636099794,0.776463118507092,0.903,0.0,0.3,0.5,5.139278671525247,50,0.7439806821245359,-67.25,2,"[569.7999877929688, 527.5999755859375]"
1779197603.1709409,101.68587983500001,0.8025399997419532,0.903,0.0,0.3,0.5,5.295873421369791,50,0.7439806821245359,-24.21,2,"[573.4000244140625, 516.4000244140625]"
1779197603.221553,101.73649203500001,0.8349457743134455,0.903,0.0,0.3,0.5,5.4537958899511665,50,0.7501166052760785,0.0,2,"[573.4000244140625, 516.4000244140625]"
1779197603.271165,101.78610379400001,0.8724619698450046,0.903,0.0,0.3,0.5,5.610547135092148,50,0.765456413154935,2.69,2,"[574.5999755859375, 515.4000244140625]"
1779197603.321426,101.836365,0.9146568779123931,0.903,0.0,0.3,0.5,5.767989640572708,50,0.786932144185334,2.69,2,"[574.5999755859375, 515.4000244140625]"
1779197603.3714824,101.886421639,0.9604381029494291,0.903,0.0,0.3,0.5,5.925535909716999,50,0.8160777791551611,2.69,2,"[560.5999755859375, 521.4000244140625]"
1779197603.421244,101.936183133,1.0083681390262829,0.903,0.0,0.3,0.5,6.081962540372288,50,0.8513593372765309,2.69,2,"[560.5999755859375, 521.4000244140625]"
1779197603.4710672,101.98600635000001,1.0577607343503577,0.903,0.0,0.3,0.5,6.238710650203828,50,0.8866408953979006,2.69,2,"[543.2000122070312, 550.4000244140625]"
1779197603.5210626,102.036001533,1.1074970250300677,0.903,0.0,0.3,0.5,0.11266225007937436,51,0.9265243958829272,26.9,2,"[543.2000122070312, 550.4000244140625]"
1779197603.570931,102.08587008,1.1561619855289307,0.903,0.0,0.3,0.5,0.2693655419500871,51,0.9694758579437253,59.18,2,"[524.5999755859375, 582.7999877929688]"
1779197603.621059,102.135997907,1.2029404135985935,0.903,0.0,0.3,0.5,0.4266889936354161,51,1.0154952815802945,94.14999999999999,2,"[524.5999755859375, 582.7999877929688]"
1779197603.6711915,102.18613060400001,1.246555531003004,0.903,0.0,0.3,0.5,0.5840680106700162,51,1.0630486860047492,115.67,2,"[502.3999938964844, 612.4000244140625]"
1779197603.7215328,102.236471842,1.2859983660631071,0.903,0.0,0.3,0.5,0.7415726097293529,51,1.1106020904292042,134.5,2,"[502.3999938964844, 612.4000244140625]"
1779197603.7712388,102.286177846,1.3201672674632774,0.903,0.0,0.3,0.5,0.898362373937907,51,1.1596894756415448,147.95,2,"[458.20001220703125, 652.2000122070312]"
1779197603.8214288,102.336367869,1.348547899348151,0.903,0.0,0.3,0.5,1.0556776637655432,51,1.2041749184902284,147.95,2,"[458.20001220703125, 652.2000122070312]"
1779197603.8710392,102.385978046,1.3702598933222456,0.903,0.0,0.3,0.5,1.2121018345537706,51,1.2455923997631406,164.09,2,"[432.79998779296875, 686.4000244140625]"
1779197603.9215298,102.436468735,1.385086197297667,0.903,0.0,0.3,0.5,1.3698002730214327,51,1.2793399770966247,169.47,2,"[432.79998779296875, 686.4000244140625]"
1779197603.9709594,102.48589858400001,1.392463270114693,0.903,0.0,0.3,0.5,1.5260329511710822,51,1.3084856120664519,231.34,2,"[414.79998779296875, 707.4000244140625]"
1779197604.0212197,102.536158829,1.3923885761495218,0.903,0.0,0.3,0.5,1.6836193761526985,51,1.3314953238847365,242.1,2,"[414.79998779296875, 707.4000244140625]"
1779197604.0710783,102.58601736,1.384856168134664,0.903,0.0,0.3,0.5,1.8404884969916608,51,1.3483691125514785,244.79,2,"[409.20001220703125, 720.0]"
1779197604.1212366,102.63617572700001,1.3700401811845875,0.903,0.0,0.3,0.5,1.9978837560602685,51,1.3621749396424494,263.62,2,"[409.20001220703125, 720.0]"
1779197604.1712816,102.686220473,1.3483697143822664,0.903,0.0,0.3,0.5,2.155159169652329,51,1.3652429012182206,242.1,2,"[406.20001220703125, 726.5999755859375]"
1779197604.2213955,102.73633454600001,1.3204324546544057,0.903,0.0,0.3,0.5,2.3122648524180747,51,1.363708920430335,242.1,2,"[406.20001220703125, 726.5999755859375]"
1779197604.271086,102.786025033,1.287033850253763,0.903,0.0,0.3,0.5,2.468881304384688,51,1.3621749396424494,145.26,2,"[406.3999938964844, 724.0]"
1779197604.3212082,102.836147216,1.2487786626774984,0.903,0.0,0.3,0.5,2.626110115591352,51,1.3453011509757073,67.25,2,"[406.3999938964844, 724.0]"
1779197604.3709536,102.88589273500001,1.2069468729488446,0.903,0.0,0.3,0.5,2.7826279780973024,51,1.3222914391574228,-5.38,2,"[398.3999938964844, 718.4000244140625]"
1779197604.4210389,102.935978137,1.1621824041542856,0.903,0.0,0.3,0.5,2.9399419861551266,51,1.2931458041875956,-8.07,2,"[398.3999938964844, 718.4000244140625]"
1779197604.4711907,102.986129628,1.115796251709685,0.903,0.0,0.3,0.5,3.097295081908719,51,1.2593982268541113,-8.07,2,"[400.20001220703125, 707.5999755859375]"
1779197604.5212033,103.036142403,1.0690235870587135,0.903,0.0,0.3,0.5,3.254418285336719,51,1.2210487071569704,-2.69,2,"[400.20001220703125, 707.5999755859375]"
1779197604.5711834,103.086122606,1.022968989491106,0.903,0.0,0.3,0.5,3.4114992060692018,51,1.1780972450961724,-2.69,2,"[411.6000061035156, 684.4000244140625]"
1779197604.6210475,103.13598654,0.978842979914708,0.903,0.0,0.3,0.5,3.568268411695378,51,1.1336118022474888,-2.69,2,"[411.6000061035156, 684.4000244140625]"
1779197604.6710074,103.185946418,0.9375726346983272,0.903,0.0,0.3,0.5,3.725290477831088,51,1.086058397823034,-2.69,2,"[434.0, 657.7999877929688]"
1779197604.7210689,103.23600799500001,0.9001849129035286,0.903,0.0,0.3,0.5,3.882578275581402,51,1.043106935762236,-2.69,2,"[434.0, 657.7999877929688]"
1779197604.770947,103.28588599300001,0.8677846597497317,0.903,0.0,0.3,0.5,4.039262529400666,51,0.9986214929135524,-2.69,2,"[460.20001220703125, 644.5999755859375]"
1779197604.8214285,103.336367675,0.8408268942827206,0.903,0.0,0.3,0.5,4.197129146747834,51,0.9572040116406401,-2.69,2,"[460.20001220703125, 644.5999755859375]"
1779197604.871269,103.386207974,0.8203156517665646,0.903,0.0,0.3,0.5,4.354253741901395,51,0.9188544919434991,-2.69,2,"[498.79998779296875, 615.2000122070312]"
1779197604.9213858,103.43632503200001,0.8066076948911007,0.903,0.0,0.3,0.5,4.511280690072105,51,0.8835729338221293,-24.21,2,"[498.79998779296875, 615.2000122070312]"
1779197604.971343,103.48628212000001,0.8000042899242182,0.903,0.0,0.3,0.5,4.668519617207089,51,0.8544272988523022,-13.45,2,"[534.2000122070312, 594.5999755859375]"
1779197605.0212312,103.536170212,0.8006588011057474,0.903,0.0,0.3,0.5,4.825303880486892,51,0.8298836062461319,-13.45,2,"[534.2000122070312, 594.5999755859375]"
1779197605.0711074,103.586046519,0.8085080957362307,0.903,0.0,0.3,0.5,4.982164245707104,51,0.8145437983672754,-37.66,2,"[562.4000244140625, 568.0]"
1779197605.1209757,103.63591492600001,0.8233289216355147,0.903,0.0,0.3,0.5,5.13897415380773,51,0.8053399136399616,-37.66,2,"[562.4000244140625, 568.0]"
1779197605.1709366,103.68587563800001,0.8447449084549096,0.903,0.0,0.3,0.5,5.295879673139147,51,0.8022719520641903,-16.14,2,"[561.5999755859375, 547.7999877929688]"
1779197605.221051,103.735990111,0.8722825236903322,0.903,0.0,0.3,0.5,5.453260160439122,51,0.8053399136399616,0.0,2,"[561.5999755859375, 547.7999877929688]"
1779197605.2711449,103.78608395,0.9051205700512235,0.903,0.0,0.3,0.5,5.61041644483776,51,0.8160777791551611,0.0,2,"[560.2000122070312, 540.0]"
1779197605.3213491,103.83628836400001,0.9425769829776853,0.903,0.0,0.3,0.5,5.768093787510729,51,0.8314175870340175,0.0,2,"[560.2000122070312, 540.0]"
1779197605.3712842,103.88622344800001,0.9833930197747638,0.903,0.0,0.3,0.5,5.925073281924362,51,0.8559612796401878,2.69,2,"[545.4000244140625, 543.2000122070312]"
1779197605.4212565,103.936195588,1.026621603470224,0.903,0.0,0.3,0.5,6.0818525846293525,51,0.8835729338221293,2.69,2,"[545.4000244140625, 543.2000122070312]"
1779197605.4710836,103.986022766,1.07120785758924,0.903,0.0,0.3,0.5,6.23863753591791,51,0.9173205111556134,13.45,2,"[530.4000244140625, 559.7999877929688]"
1779197605.5215185,104.03645761000001,1.1163006860908604,0.903,0.0,0.3,0.5,0.11326937542597193,52,0.9526020692769832,18.83,2,"[530.4000244140625, 559.7999877929688]"
1779197605.5711114,104.08605064800001,1.1601023859156123,0.903,0.0,0.3,0.5,0.26986863345601364,52,0.9909515889741242,72.63,2,"[506.79998779296875, 593.5999755859375]"
1779197605.6210392,104.135978222,1.2018709558762557,0.903,0.0,0.3,0.5,0.4266055969168008,52,1.0323690702470365,107.6,2,"[506.79998779296875, 593.5999755859375]"
1779197605.671188,104.18612727,1.2406564055909794,0.903,0.0,0.3,0.5,0.5840692264663119,52,1.0737865515199487,126.42999999999999,2,"[485.6000061035156, 621.5999755859375]"
1779197605.7210338,104.235972962,1.2750892805263394,0.903,0.0,0.3,0.5,0.7407988228923443,52,1.1167380135807468,129.12,2,"[485.6000061035156, 621.5999755859375]"
1779197605.771444,104.28638312300001,1.3045973405866604,0.903,0.0,0.3,0.5,0.8983848237589029,52,1.1596894756415448,145.26,2,"[455.3999938964844, 653.7999877929688]"
1779197605.8211381,104.336077128,1.3280708614389596,0.903,0.0,0.3,0.5,1.0551046906724935,52,1.1995729761265714,145.26,2,"[455.3999938964844, 653.7999877929688]"
1779197605.8715093,104.386448364,1.3451325727075891,0.903,0.0,0.3,0.5,1.2128482486938594,52,1.2363885150358267,166.78,2,"[435.3999938964844, 682.2000122070312]"
1779197605.921341,104.43628002700001,1.3550798139949183,0.903,0.0,0.3,0.5,1.369732326655452,52,1.2670681307935396,166.78,2,"[435.3999938964844, 682.2000122070312]"
1779197605.9711776,104.48611653600001,1.357708966488534,0.903,0.0,0.3,0.5,1.5263648133109484,52,1.2931458041875956,193.68,2,"[425.20001220703125, 692.2000122070312]"
1779197606.0210195,104.53595847700001,1.3528925471451319,0.903,0.0,0.3,0.5,1.6831880511892052,52,1.3115535736422232,228.65,2,"[425.20001220703125, 692.2000122070312]"
1779197606.0711055,104.58604450200001,1.340612551491522,0.903,0.0,0.3,0.5,1.8405198752189733,52,1.3238254199453083,231.34,2,"[408.3999938964844, 706.0]"
1779197606.1211185,104.63605759000001,1.3211331910400317,0.903,0.0,0.3,0.5,1.9975956028987696,52,1.3299613430968509,223.26999999999998,2,"[408.3999938964844, 706.0]"
1779197606.1713915,104.68633062800001,1.2947494820266747,0.903,0.0,0.3,0.5,2.1551431569544377,52,1.3284273623089653,156.02,2,"[405.0, 704.4000244140625]"
1779197606.221352,104.736291096,1.2621902317464158,0.903,0.0,0.3,0.5,2.312193151848845,52,1.3284273623089653,156.02,2,"[405.0, 704.4000244140625]"
1779197606.2715096,104.78644864900001,1.2240384775524284,0.903,0.0,0.3,0.5,2.4694728474317174,52,1.3161555160058802,56.49,2,"[401.3999938964844, 705.4000244140625]"
1779197606.321444,104.83638302300001,1.1812437550951977,0.903,0.0,0.3,0.5,2.6265660235171424,52,1.2946797849754812,45.73,2,"[401.3999938964844, 705.4000244140625]"
1779197606.3711035,104.886042739,1.1350119617197951,0.903,0.0,0.3,0.5,2.782728549902828,52,1.2670681307935396,-2.69,2,"[401.79998779296875, 706.0]"
1779197606.4209852,104.935924181,1.0858601841983762,0.903,0.0,0.3,0.5,2.939757979931727,52,1.2348545342479411,-8.07,2,"[401.79998779296875, 706.0]"
1779197606.47114,104.98607913800001,1.03500818295218,0.903,0.0,0.3,0.5,3.0972263501445525,52,1.1949710337629145,-5.38,2,"[407.3999938964844, 690.7999877929688]"
1779197606.521205,105.036143952,0.9838304775220393,0.903,0.0,0.3,0.5,3.2544514699798412,52,1.1520195717021164,-5.38,2,"[407.3999938964844, 690.7999877929688]"
1779197606.5713718,105.086310925,0.9333667888099256,0.903,0.0,0.3,0.5,3.4118251431653164,52,1.1044661672776617,-2.69,2,"[430.0, 665.7999877929688]"
1779197606.6210475,105.13598636,0.8850867424080111,0.903,0.0,0.3,0.5,3.5682849804549335,52,1.0569127628532067,-2.69,2,"[430.0, 665.7999877929688]"
1779197606.6713846,105.186323681,0.8394439477942753,0.903,0.0,0.3,0.5,3.725930118661637,52,1.004757416065095,-2.69,2,"[460.20001220703125, 642.5999755859375]"
1779197606.7212582,105.23619718,0.7980082658527956,0.903,0.0,0.3,0.5,3.882902475376767,52,0.9587379924285258,-8.07,2,"[460.20001220703125, 642.5999755859375]"
1779197606.7711997,105.286138644,0.7614613525180786,0.903,0.0,0.3,0.5,4.040018823849579,52,0.9111845880040709,-2.69,2,"[507.79998779296875, 609.5999755859375]"
1779197606.8209965,105.335935491,0.7307553944053982,0.903,0.0,0.3,0.5,4.196467354547252,52,0.8651651643675016,-32.28,2,"[507.79998779296875, 609.5999755859375]"
1779197606.8711631,105.386102339,0.7062310322417309,0.903,0.0,0.3,0.5,4.353934298477014,52,0.8206797215188181,-51.11,2,"[540.4000244140625, 573.2000122070312]"
1779197606.9213715,105.436310539,0.6885882482332046,0.903,0.0,0.3,0.5,4.511586882258285,52,0.7838641826095626,-75.32,2,"[540.4000244140625, 573.2000122070312]"
1779197606.97119,105.486128836,0.6782337038376872,0.903,0.0,0.3,0.5,4.668129092107307,52,0.7485826244881929,-91.46,2,"[569.5999755859375, 532.4000244140625]"
1779197607.0211463,105.53608520600001,0.6751635829550274,0.903,0.0,0.3,0.5,4.825201810141351,52,0.722504951094137,-91.46,2,"[569.5999755859375, 532.4000244140625]"
1779197607.0709946,105.585933522,0.6793713622110424,0.903,0.0,0.3,0.5,4.981930030549819,52,0.7025632008516236,-107.6,2,"[592.5999755859375, 508.6000061035156]"
1779197607.1210327,105.635971884,0.6906744300714591,0.903,0.0,0.3,0.5,5.139170738967863,52,0.6887573737606529,-126.42999999999999,2,"[592.5999755859375, 508.6000061035156]"
1779197607.1709523,105.685891458,0.7086080333112208,0.903,0.0,0.3,0.5,5.295897617916268,52,0.684155431396996,-131.81,2,"[601.0, 489.3999938964844]"
1779197607.220995,105.735934033,0.7327217543202174,0.903,0.0,0.3,0.5,5.453080637268414,52,0.684155431396996,-83.39,2,"[601.0, 489.3999938964844]"
1779197607.271132,105.786071132,0.7623101307832606,0.903,0.0,0.3,0.5,5.610500554697779,52,0.6872233929727672,0.0,2,"[599.5999755859375, 483.79998779296875]"
1779197607.3214455,105.836384601,0.7964835799380443,0.903,0.0,0.3,0.5,5.767884482041694,52,0.701029220063738,2.69,2,"[599.5999755859375, 483.79998779296875]"
1779197607.3712907,105.88622980500001,0.8342389952322475,0.903,0.0,0.3,0.5,5.92508321878185,52,0.7209709703062513,2.69,2,"[596.2000122070312, 478.6000061035156]"
1779197607.421235,105.93617417300001,0.8744676906550631,0.903,0.0,0.3,0.5,6.081913201659546,52,0.7470486437003072,2.69,2,"[596.2000122070312, 478.6000061035156]"
1779197607.4711597,105.98609871400001,0.9162129046825023,0.903,0.0,0.3,0.5,6.238982815800085,52,0.7792622402459057,2.69,2,"[580.4000244140625, 497.79998779296875]"
1779197607.5209816,106.035920609,0.9581541872638465,0.903,0.0,0.3,0.5,0.11244054474412479,53,0.8114758367915041,2.69,2,"[580.4000244140625, 497.79998779296875]"
1779197607.5709486,106.08588780000001,0.999327995434027,0.903,0.0,0.3,0.5,0.2693567329242299,53,0.8498253564886452,2.69,2,"[560.7999877929688, 530.5999755859375]"
1779197607.6210487,106.135987791,1.0386347768433966,0.903,0.0,0.3,0.5,0.4267085029257558,53,0.885106914610015,18.83,2,"[560.7999877929688, 530.5999755859375]"
1779197607.6711729,106.186112135,1.0748595593023285,0.903,0.0,0.3,0.5,0.5840289292573928,53,0.9265243958829272,26.9,2,"[538.4000244140625, 560.2000122070312]"
1779197607.7214217,106.23636077,1.1069683400639452,0.903,0.0,0.3,0.5,0.741210217591977,53,0.966407896367954,59.18,2,"[538.4000244140625, 560.2000122070312]"
1779197607.7710528,106.28599203600001,1.1340088302572184,0.903,0.0,0.3,0.5,0.8979177694623743,53,1.004757416065095,75.32,2,"[510.0, 597.2000122070312]"
1779197607.8213975,106.336336641,1.1554215604762508,0.903,0.0,0.3,0.5,1.0556563197850508,53,1.043106935762236,75.32,2,"[510.0, 597.2000122070312]"
1779197607.871023,106.38596204100001,1.1702583809191895,0.903,0.0,0.3,0.5,1.212040749426201,53,1.0753205323078345,110.28999999999999,2,"[476.0, 631.4000244140625]"
1779197607.9220452,106.43698427800001,1.1783421433333556,0.903,0.0,0.3,0.5,1.3717941005069818,53,1.102932186489776,118.36,2,"[476.0, 631.4000244140625]"
1779197607.9730442,106.48798320200001,1.178937228103851,0.903,0.0,0.3,0.5,1.532126434547429,53,1.1259418983080607,129.12,2,"[457.6000061035156, 653.0]"
1779197608.0239408,106.538879863,1.1718863467020442,0.903,0.0,0.3,0.5,1.6920467078706523,53,1.1443496677626883,142.57,2,"[457.6000061035156, 653.0]"
1779197608.073061,106.5880001,1.1578875980250243,0.903,0.0,0.3,0.5,1.846413361665448,53,1.1566215140657734,147.95,2,"[448.79998779296875, 668.2000122070312]"
1779197608.12118,106.636119045,1.137517111390961,0.903,0.0,0.3,0.5,1.9977493524432433,53,1.162757437217316,131.81,2,"[448.79998779296875, 668.2000122070312]"
1779197608.1712053,106.686144231,1.1097923580751567,0.903,0.0,0.3,0.5,2.1548768410036203,53,1.162757437217316,91.46,2,"[443.6000061035156, 665.5999755859375]"
1779197608.221151,106.73609007,1.0759864644105792,0.903,0.0,0.3,0.5,2.3117581260893374,53,1.1566215140657734,91.46,2,"[443.6000061035156, 665.5999755859375]"
1779197608.271701,106.786640102,1.036434067398932,0.903,0.0,0.3,0.5,2.469921331774181,53,1.1382137446111458,-2.69,2,"[443.79998779296875, 659.4000244140625]"
1779197608.3211284,106.83606742500001,0.992902603595774,0.903,0.0,0.3,0.5,2.625866214904029,53,1.1136700520049756,-2.69,2,"[443.79998779296875, 659.4000244140625]"
1779197608.3710902,106.886029444,0.9454572593839913,0.903,0.0,0.3,0.5,2.782965642758832,53,1.0845244170351482,-2.69,2,"[441.3999938964844, 648.7999877929688]"
1779197608.421176,106.93611488900001,0.8953938507240238,0.903,0.0,0.3,0.5,2.940263678959589,53,1.0507768397016641,-2.69,2,"[441.3999938964844, 648.7999877929688]"
1779197608.4713457,106.986284843,0.8438076681006713,0.903,0.0,0.3,0.5,3.097817513059006,53,1.009359358428752,-2.69,2,"[456.0, 631.2000122070312]"
1779197608.5216162,107.036555195,0.7920421316706117,0.903,0.0,0.3,0.5,3.255066386476365,53,0.966407896367954,-5.38,2,"[456.0, 631.2000122070312]"
1779197608.5711625,107.086101477,0.7414370934403989,0.903,0.0,0.3,0.5,3.4114559651878906,53,0.9219224535192704,-21.52,2,"[487.6000061035156, 606.7999877929688]"
1779197608.6214201,107.13635933600001,0.692505872174578,0.903,0.0,0.3,0.5,3.5689363928333435,53,0.8728350683069298,-21.52,2,"[487.6000061035156, 606.7999877929688]"
1779197608.6710885,107.18602756000001,0.6469569139423724,0.903,0.0,0.3,0.5,3.7255185700241285,53,0.8191457407309324,-51.11,2,"[525.5999755859375, 586.7999877929688]"
1779197608.7215202,107.23645923000001,0.6052455966378155,0.903,0.0,0.3,0.5,3.8831670885845213,53,0.7700583555185919,-59.18,2,"[525.5999755859375, 586.7999877929688]"
1779197608.7709823,107.285921348,0.5689363300055474,0.903,0.0,0.3,0.5,4.039343730146022,53,0.7240389318820226,-118.36,2,"[574.0, 536.7999877929688]"
1779197608.8211133,107.336052405,0.5382125879159962,0.903,0.0,0.3,0.5,4.196583851086196,53,0.6780195082454534,-145.26,2,"[574.0, 536.7999877929688]"
1779197608.8711956,107.38613460900001,0.5139758892452578,0.903,0.0,0.3,0.5,4.353957816439795,53,0.6366020269725411,-166.78,2,"[609.4000244140625, 491.6000061035156]"
1779197608.9212658,107.43620481800001,0.49676348470970433,0.903,0.0,0.3,0.5,4.511189071805525,53,0.5997864880632857,-166.78,2,"[609.4000244140625, 491.6000061035156]"
1779197608.971267,107.48620600800001,0.48687611875351705,0.903,0.0,0.3,0.5,4.668368164166857,53,0.5675728915176872,-193.68,2,"[636.0, 452.0]"
1779197609.0212677,107.53620664600001,0.48444911753421627,0.903,0.0,0.3,0.5,4.825254400402578,53,0.5399612373357456,-193.68,2,"[636.0, 452.0]"
1779197609.0712564,107.58619554200001,0.4894339452853333,0.903,0.0,0.3,0.5,4.982394797767149,53,0.5184855063053467,-196.37,2,"[653.4000244140625, 426.0]"
1779197609.1212313,107.63617039200001,0.5016239752888866,0.903,0.0,0.3,0.5,5.139552115749787,53,0.504679679214376,-209.82,2,"[653.4000244140625, 426.0]"
1779197609.171462,107.68640109900001,0.5206821034747787,0.903,0.0,0.3,0.5,5.29711281737071,53,0.500077736850719,-220.57999999999998,2,"[657.0, 408.6000061035156]"
1779197609.2210288,107.735967822,0.5457507593346127,0.903,0.0,0.3,0.5,5.453161212836854,53,0.500077736850719,-137.19,2,"[657.0, 408.6000061035156]"
1779197609.2711315,107.78607068100001,0.5765301717763998,0.903,0.0,0.3,0.5,5.610372484531702,53,0.5016117176386047,-45.73,2,"[653.7999877929688, 405.6000061035156]"
1779197609.3213727,107.83631188400001,0.6121386184103083,0.903,0.0,0.3,0.5,5.768126636003451,53,0.5138835639416898,-64.56,2,"[653.7999877929688, 405.6000061035156]"
1779197609.3714182,107.886357211,0.6513170025129967,0.903,0.0,0.3,0.5,5.925143251475909,53,0.5368932757599744,-69.94,2,"[648.5999755859375, 404.20001220703125]"
1779197609.4210773,107.936016413,0.6930199262797144,0.903,0.0,0.3,0.5,6.081593123633645,53,0.5645049299419159,-69.94,2,"[648.5999755859375, 404.20001220703125]"
1779197609.471076,107.986015017,0.7364970532251899,0.903,0.0,0.3,0.5,6.238806060372617,53,0.5967185264875144,-61.87,2,"[632.2000122070312, 418.6000061035156]"
1779197609.5209908,108.03592988700001,0.780295904621029,0.903,0.0,0.3,0.5,0.1124616688131681,54,0.6320000846088841,-48.42,2,"[632.2000122070312, 418.6000061035156]"
1779197609.5709777,108.08591661300001,0.823393742923736,0.903,0.0,0.3,0.5,0.2694026724336567,54,0.6703496043060252,2.69,2,"[613.7999877929688, 451.6000061035156]"
1779197609.6212094,108.13614862700001,0.864767529802684,0.903,0.0,0.3,0.5,0.4268862008310492,54,0.7102331047910518,2.69,2,"[613.7999877929688, 451.6000061035156]"
1779197609.6713698,108.18630899700001,0.9031613876742924,0.903,0.0,0.3,0.5,0.584331643700736,54,0.7531845668518499,2.69,2,"[598.7999877929688, 486.3999938964844]"
1779197609.7215946,108.23653352900001,0.9376071855614438,0.903,0.0,0.3,0.5,0.741978073102004,54,0.7961360289126478,2.69,2,"[598.7999877929688, 486.3999938964844]"
1779197609.7715821,108.28652107500001,0.9670384142299533,0.903,0.0,0.3,0.5,0.8990728859571817,54,0.8390874909734457,2.69,2,"[569.5999755859375, 535.4000244140625]"
1779197609.8214939,108.336433056,0.9907697421504458,0.903,0.0,0.3,0.5,1.055981663120221,54,0.8759030298827011,2.69,2,"[569.5999755859375, 535.4000244140625]"
1779197609.871076,108.38601517500001,1.0081279423078107,0.903,0.0,0.3,0.5,1.2121476295498468,54,0.9142525495798421,24.21,2,"[541.4000244140625, 570.5999755859375]"
1779197609.921117,108.436056038,1.018804300418511,0.903,0.0,0.3,0.5,1.3693068576207992,54,0.9433981845496693,18.83,2,"[541.4000244140625, 570.5999755859375]"
1779197609.97099,108.48592908600001,1.0223485932275713,0.903,0.0,0.3,0.5,1.526073757317974,54,0.9679418771558396,53.8,2,"[519.4000244140625, 602.7999877929688]"
1779197610.0211308,108.53606991000001,1.0186280729416826,0.903,0.0,0.3,0.5,1.683438916787381,54,0.9878836273983529,72.63,2,"[519.4000244140625, 602.7999877929688]"
1779197610.0711982,108.586137268,1.0076643839547879,0.903,0.0,0.3,0.5,1.8407175316623778,54,1.0032234352772094,72.63,2,"[496.3999938964844, 614.4000244140625]"
1779197610.121257,108.63619620700001,0.9897095997221643,0.903,0.0,0.3,0.5,1.9977780885912892,54,1.009359358428752,80.7,2,"[496.3999938964844, 614.4000244140625]"
1779197610.1711645,108.68610360500001,0.9651599997429765,0.903,0.0,0.3,0.5,2.1547838090204294,54,1.009359358428752,5.38,2,"[486.20001220703125, 629.5999755859375]"
1779197610.2210915,108.73603060800001,0.934591935896994,0.903,0.0,0.3,0.5,2.3116964220680956,54,1.004757416065095,5.38,2,"[486.20001220703125, 629.5999755859375]"
1779197610.2711036,108.78604259800001,0.8986457653126381,0.903,0.0,0.3,0.5,2.468849637130731,54,0.9894176081862386,0.0,2,"[487.3999938964844, 623.4000244140625]"
1779197610.321181,108.83612022400001,0.8582488195399256,0.903,0.0,0.3,0.5,2.6258705000364415,54,0.9694758579437253,0.0,2,"[487.3999938964844, 623.4000244140625]"
1779197610.3710394,108.88597850800001,0.8143623056638732,0.903,0.0,0.3,0.5,2.782790618348926,54,0.9464661461254406,-2.69,2,"[486.6000061035156, 611.4000244140625]"
1779197610.4211404,108.93607929000001,0.7678856271291084,0.903,0.0,0.3,0.5,2.9401219020247567,54,0.9142525495798421,-13.45,2,"[486.6000061035156, 611.4000244140625]"
1779197610.4714248,108.98636402000001,0.7199828896202043,0.903,0.0,0.3,0.5,3.097671432142235,54,0.8774370106705868,-21.52,2,"[513.2000122070312, 595.2000122070312]"
1779197610.5217009,109.03664000100001,0.6717731820694314,0.903,0.0,0.3,0.5,3.2555680956815394,54,0.8375535101855601,-43.04,2,"[513.2000122070312, 595.2000122070312]"
1779197610.5711772,109.08611636500001,0.6251224591396117,0.903,0.0,0.3,0.5,3.411475141469438,54,0.7915340865489908,-78.01,2,"[540.7999877929688, 571.4000244140625]"
1779197610.621532,109.136471168,0.580118410080158,0.903,0.0,0.3,0.5,3.568886856200365,54,0.7485826244881929,-78.01,2,"[540.7999877929688, 571.4000244140625]"
1779197610.6712222,109.186161232,0.5384743450248203,0.903,0.0,0.3,0.5,3.725667315011478,54,0.7025632008516236,-94.14999999999999,2,"[581.5999755859375, 518.7999877929688]"
1779197610.7218347,109.236773697,0.5005298629810815,0.903,0.0,0.3,0.5,3.8846127741254435,54,0.6596117387908257,-137.19,2,"[581.5999755859375, 518.7999877929688]"
1779197610.7714715,109.28641045600001,0.46839441406918053,0.903,0.0,0.3,0.5,4.040558065662296,54,0.6151262959421421,-156.02,2,"[608.2000122070312, 470.6000061035156]"
1779197610.8212726,109.336211805,0.4420151357013403,0.903,0.0,0.3,0.5,4.196953380922011,54,0.5737088146692298,-188.29999999999998,2,"[608.2000122070312, 470.6000061035156]"
1779197610.871241,109.386180018,0.422063243484648,0.903,0.0,0.3,0.5,4.354007912276174,54,0.5353592949720888,-193.68,2,"[619.0, 444.0]"
1779197610.9210958,109.436034843,0.40916695865650177,0.903,0.0,0.3,0.5,4.510827678694554,54,0.500077736850719,-217.89,2,"[619.0, 444.0]"
1779197610.973051,109.48799016000001,0.4035445708758339,0.903,0.0,0.3,0.5,4.673768310610896,54,0.4724660826687775,-217.89,2,"[646.0, 417.6000061035156]"
1779197611.0213451,109.53628426600001,0.40556915687595224,0.903,0.0,0.3,0.5,4.825430945343257,54,0.4479223900626072,-204.44,2,"[646.0, 417.6000061035156]"
1779197611.0714793,109.58641838000001,0.4150235056322177,0.903,0.0,0.3,0.5,4.982767023089465,54,0.4325825821837508,-247.48,2,"[680.4000244140625, 394.79998779296875]"
1779197611.1213531,109.63629218400001,0.4317022901918934,0.903,0.0,0.3,0.5,5.139765338784727,54,0.4279806398200939,-250.17,2,"[680.4000244140625, 394.79998779296875]"
1779197611.170984,109.68592305600001,0.4550786744335665,0.903,0.0,0.3,0.5,5.295923482648661,54,0.4279806398200939,-223.26999999999998,2,"[675.2000122070312, 394.79998779296875]"
1779197611.221121,109.736060253,0.48492102668998516,0.903,0.0,0.3,0.5,5.453282908711444,54,0.42644665903220824,-123.74,2,"[675.2000122070312, 394.79998779296875]"
1779197611.271154,109.78609303,0.5203194044910787,0.903,0.0,0.3,0.5,5.61048200987635,54,0.43104860139586515,-83.39,2,"[666.2000122070312, 395.6000061035156]"
1779197611.3216147,109.836553839,0.5605645732946318,0.903,0.0,0.3,0.5,5.76810257140373,54,0.4479223900626072,-69.94,2,"[666.2000122070312, 395.6000061035156]"
1779197611.3712864,109.88622552700001,0.6043868039614306,0.903,0.0,0.3,0.5,5.924994490780577,54,0.4740000634566631,-75.32,2,"[657.7999877929688, 390.79998779296875]"
1779197611.4213178,109.936256932,0.6509845283827692,0.903,0.0,0.3,0.5,6.0821176847838245,54,0.5062136600022615,-75.32,2,"[657.7999877929688, 390.79998779296875]"
1779197611.4711769,109.98611587100001,0.6990583013198199,0.903,0.0,0.3,0.5,6.238848261386735,54,0.5445631796994026,-67.25,2,"[650.7999877929688, 390.79998779296875]"
1779197611.521324,110.036262905,0.7477644322446028,0.903,0.0,0.3,0.5,0.11299806120123179,55,0.581378718608658,-56.49,2,"[650.7999877929688, 390.79998779296875]"
1779197611.5711658,110.086104886,0.7955803182204829,0.903,0.0,0.3,0.5,0.2697524479348985,55,0.624330180669456,-45.73,2,"[627.4000244140625, 419.0]"
1779197611.6211467,110.136085842,0.8416252457488124,0.903,0.0,0.3,0.5,0.4267581589392293,55,0.6718835850939109,-43.04,2,"[627.4000244140625, 419.0]"
1779197611.6711438,110.186082923,0.8847780979056517,0.903,0.0,0.3,0.5,0.5839372795748758,55,0.7194369895183657,2.69,2,"[597.2000122070312, 464.3999938964844]"
1779197611.7214108,110.236349864,0.9240453252046572,0.903,0.0,0.3,0.5,0.7414399999617771,55,0.765456413154935,2.69,2,"[597.2000122070312, 464.3999938964844]"
1779197611.7731829,110.28812186600001,0.9594450578682426,0.903,0.0,0.3,0.5,0.904099738937326,55,0.8130098175793898,2.69,2,"[571.4000244140625, 529.4000244140625]"
1779197611.8214424,110.336381403,0.98695847361479,0.903,0.0,0.3,0.5,1.055696252569156,55,0.859029241215959,2.69,2,"[571.4000244140625, 529.4000244140625]"
1779197611.8713882,110.38632722700001,1.0092375493981027,0.903,0.0,0.3,0.5,1.212642342428147,55,0.8958447801252144,8.07,2,"[546.0, 580.5999755859375]"
1779197611.9214773,110.43641633700001,1.0247600418401348,0.903,0.0,0.3,0.5,1.370110665517096,55,0.9311263382465842,10.76,2,"[546.0, 580.5999755859375]"
1779197611.9715488,110.48648780600001,1.0331093294269074,0.903,0.0,0.3,0.5,1.5273123961950645,55,0.961805954004297,51.11,2,"[523.0, 617.2000122070312]"
1779197612.02138,110.536318901,1.0341851593946734,0.903,0.0,0.3,0.5,1.6838571758668976,55,0.9848156658225816,69.94,2,"[523.0, 617.2000122070312]"
1779197612.0713642,110.58630325,1.028036676302572,0.903,0.0,0.3,0.5,1.8410336889806658,55,1.0032234352772094,75.32,2,"[506.20001220703125, 630.4000244140625]"
1779197612.1214018,110.63634078000001,1.0148769190649014,0.903,0.0,0.3,0.5,1.998090322060328,55,1.0154952815802945,110.28999999999999,2,"[506.20001220703125, 630.4000244140625]"
1779197612.1712027,110.686141649,0.9951354584998481,0.903,0.0,0.3,0.5,2.1548904943653255,55,1.0185632431560658,80.7,2,"[490.20001220703125, 634.2000122070312]"
1779197612.2211661,110.736105218,0.9693185893469414,0.903,0.0,0.3,0.5,2.311879784264896,55,1.0185632431560658,80.7,2,"[490.20001220703125, 634.2000122070312]"
1779197612.2710388,110.78597785900001,0.9381929516209063,0.903,0.0,0.3,0.5,2.4686966981171494,55,1.012427320004523,13.45,2,"[482.6000061035156, 633.0]"
1779197612.3212159,110.83615482200001,0.9024379445882729,0.903,0.0,0.3,0.5,2.6260826674963127,55,0.9955535313377811,-2.69,2,"[482.6000061035156, 633.0]"
1779197612.3710396,110.88597873600001,0.8632813315815591,0.903,0.0,0.3,0.5,2.782850333742111,55,0.9756117810952678,-2.69,2,"[485.20001220703125, 618.5999755859375]"
1779197612.4210277,110.935966768,0.8215678945870775,0.903,0.0,0.3,0.5,2.9398568301446275,55,0.9495341077012119,-2.69,2,"[485.20001220703125, 618.5999755859375]"
1779197612.4712236,110.98616284,0.7783253284360729,0.903,0.0,0.3,0.5,3.0973684695130927,55,0.9173205111556134,-18.83,2,"[493.79998779296875, 605.4000244140625]"
1779197612.521139,111.036077808,0.7349948659969383,0.903,0.0,0.3,0.5,3.2543229285749007,55,0.880504972246358,-13.45,2,"[493.79998779296875, 605.4000244140625]"
1779197612.5711415,111.086080632,0.6925509318037428,0.903,0.0,0.3,0.5,3.4113822979817527,55,0.8436894333371027,-34.97,2,"[511.0, 591.7999877929688]"
1779197612.6211197,111.136058808,0.6521626533745744,0.903,0.0,0.3,0.5,3.568421865930155,55,0.7992039904884191,-34.97,2,"[511.0, 591.7999877929688]"
1779197612.6711068,111.186045953,0.614889985567652,0.903,0.0,0.3,0.5,3.725554305640536,55,0.760854470791278,-72.63,2,"[545.2000122070312, 560.0]"
1779197612.7210763,111.236015343,0.5818170254382186,0.903,0.0,0.3,0.5,3.882447883778319,55,0.7209709703062513,-88.77,2,"[545.2000122070312, 560.0]"
1779197612.7709637,111.28590272100001,0.5537984104342939,0.903,0.0,0.3,0.5,4.039306021609342,55,0.6826214506091103,-134.5,2,"[580.2000122070312, 523.0]"
1779197612.8212183,111.336157298,0.5315178735883284,0.903,0.0,0.3,0.5,4.196937377649043,55,0.6427379501240836,-137.19,2,"[580.2000122070312, 523.0]"
1779197612.8711922,111.386131206,0.5158249498115519,0.903,0.0,0.3,0.5,4.35399193099439,55,0.607456392002714,-164.09,2,"[612.7999877929688, 473.20001220703125]"
1779197612.9212828,111.436221758,0.507105726035562,0.903,0.0,0.3,0.5,4.511318009051159,55,0.5783107570328867,-177.54,2,"[612.7999877929688, 473.20001220703125]"
1779197612.9713175,111.486256721,0.505705202754763,0.903,0.0,0.3,0.5,4.668186781173311,55,0.5522330836388308,-199.06,2,"[635.2000122070312, 438.79998779296875]"
1779197613.0212283,111.53616748300001,0.5117379374852009,0.903,0.0,0.3,0.5,4.825245066730723,55,0.5353592949720888,-199.06,2,"[635.2000122070312, 438.79998779296875]"
1779197613.0712879,111.58622696100001,0.5251793736282433,0.903,0.0,0.3,0.5,4.982412434668241,55,0.5230874486690036,-180.23,2,"[641.0, 418.20001220703125]"
1779197613.1212547,111.63619376700001,0.545788821146433,0.903,0.0,0.3,0.5,5.139479780578846,55,0.5200194870932323,-209.82,2,"[641.0, 418.20001220703125]"
1779197613.1715326,111.686471697,0.5733040962460707,0.903,0.0,0.3,0.5,5.297215563158396,55,0.5200194870932323,-102.22,2,"[639.0, 410.3999938964844]"
1779197613.2210195,111.735958597,0.6066431032997659,0.903,0.0,0.3,0.5,5.453067137844833,55,0.5230874486690036,-80.7,2,"[639.0, 410.3999938964844]"
1779197613.2714317,111.78637083100001,0.6459542614956862,0.903,0.0,0.3,0.5,5.611030566511225,55,0.5384272565478601,-64.56,2,"[634.7999877929688, 407.20001220703125]"
1779197613.3213162,111.836255277,0.6896709993232057,0.903,0.0,0.3,0.5,5.767996043138474,55,0.5629709491540303,-61.87,2,"[634.7999877929688, 407.20001220703125]"
1779197613.371268,111.88620714300001,0.7370742376348707,0.903,0.0,0.3,0.5,5.924996469983988,55,0.5921165841238575,-48.42,2,"[627.4000244140625, 420.20001220703125]"
1779197613.4210486,111.935987831,0.7869571421463142,0.903,0.0,0.3,0.5,6.081547856425139,55,0.6258641614573416,-48.42,2,"[627.4000244140625, 420.20001220703125]"
1779197613.4711587,111.98609764000001,0.8385741374601133,0.903,0.0,0.3,0.5,6.238793277232126,55,0.6672816427302539,-37.66,2,"[611.5999755859375, 444.3999938964844]"
1779197613.521176,112.036115218,0.8905607004570905,0.903,0.0,0.3,0.5,0.11287984306966337,56,0.7086991240031663,2.69,2,"[611.5999755859375, 444.3999938964844]"
1779197613.5709884,112.085927436,0.9414933218538608,0.903,0.0,0.3,0.5,0.2693743729669791,56,0.7547185476397354,2.69,2,"[593.2000122070312, 498.20001220703125]"
1779197613.6212065,112.136145623,0.9908579051427826,0.903,0.0,0.3,0.5,0.42704207095050606,56,0.8053399136399616,2.69,2,"[593.2000122070312, 498.20001220703125]"
1779197613.6712055,112.18614458900001,1.0369889627939226,0.903,0.0,0.3,0.5,0.5840915097829793,56,0.8559612796401878,2.69,2,"[562.2000122070312, 542.4000244140625]"
1779197613.721443,112.236382121,1.0791605453302726,0.903,0.0,0.3,0.5,0.7415069975667166,56,0.9050486648525283,29.59,2,"[562.2000122070312, 542.4000244140625]"
1779197613.7712266,112.28616592300001,1.1161875971576616,0.903,0.0,0.3,0.5,0.898232632444433,56,0.9556700308527545,45.73,2,"[541.2000122070312, 588.0]"
1779197613.8211775,112.336116523,1.1475372338087073,0.903,0.0,0.3,0.5,1.055299846408161,56,1.000155473701438,45.73,2,"[541.2000122070312, 588.0]"
1779197613.8710792,112.386018257,1.1724543808201593,0.903,0.0,0.3,0.5,1.2122441204265897,56,1.043106935762236,88.77,2,"[499.20001220703125, 623.2000122070312]"
1779197613.921047,112.435985951,1.1904733365548525,0.903,0.0,0.3,0.5,1.3691874425424544,56,1.0799224746714913,110.28999999999999,2,"[499.20001220703125, 623.2000122070312]"
1779197613.970945,112.48588387900001,1.2012637760735718,0.903,0.0,0.3,0.5,1.5259604432125684,56,1.1121360712170898,134.5,2,"[469.0, 654.5999755859375]"
1779197614.021067,112.536006029,1.2047033284277608,0.903,0.0,0.3,0.5,1.6833206735230988,56,1.141281706186917,142.57,2,"[469.0, 654.5999755859375]"
1779197614.0711455,112.586084563,1.200779319444044,0.903,0.0,0.3,0.5,1.8405727042410263,56,1.162757437217316,156.02,2,"[447.6000061035156, 682.7999877929688]"
1779197614.121268,112.636207256,1.189706328079852,0.903,0.0,0.3,0.5,1.9979124890665503,56,1.1780972450961724,169.47,2,"[447.6000061035156, 682.7999877929688]"
1779197614.1712053,112.686144181,1.1719307327849804,0.903,0.0,0.3,0.5,2.1548655501196095,56,1.184233168247715,177.54,2,"[434.79998779296875, 691.0]"
1779197614.221079,112.73601834200001,1.1480140959225325,0.903,0.0,0.3,0.5,2.3116824702550502,56,1.184233168247715,177.54,2,"[434.79998779296875, 691.0]"
1779197614.271407,112.78634614600001,1.1184729540718243,0.903,0.0,0.3,0.5,2.4693721185464597,56,1.1811652066719438,94.14999999999999,2,"[429.0, 682.2000122070312]"
1779197614.3212092,112.836148291,1.084501595212201,0.903,0.0,0.3,0.5,2.626086717009173,56,1.1688933603688585,45.73,2,"[429.0, 682.2000122070312]"
1779197614.3711658,112.88610483400001,1.0468123474473043,0.903,0.0,0.3,0.5,2.783089980712873,56,1.1489516101263453,-2.69,2,"[443.3999938964844, 680.2000122070312]"
1779197614.421212,112.93615114900001,1.0064820166228958,0.903,0.0,0.3,0.5,2.9401974636112413,56,1.1244079175201749,-2.69,2,"[443.3999938964844, 680.2000122070312]"
1779197614.4711788,112.986117835,0.9646415064853061,0.903,0.0,0.3,0.5,3.097321772879866,56,1.0921943209745766,-2.69,2,"[441.20001220703125, 667.5999755859375]"
1779197614.521161,113.03610014300001,0.9224623515246376,0.903,0.0,0.3,0.5,3.2543748810925877,56,1.0569127628532067,-2.69,2,"[441.20001220703125, 667.5999755859375]"
1779197614.5711508,113.08608966000001,0.8810864659735212,0.903,0.0,0.3,0.5,3.411405555192175,56,1.0200972239439514,-2.69,2,"[453.20001220703125, 648.5999755859375]"
1779197614.6213577,113.13629687000001,0.841577056356128,0.903,0.0,0.3,0.5,3.568702692897432,56,0.9802137234589247,-2.69,2,"[453.20001220703125, 648.5999755859375]"
1779197614.671424,113.18636282700001,0.8050864032175086,0.903,0.0,0.3,0.5,3.7260448307758907,56,0.940330222973898,-2.69,2,"[484.6000061035156, 616.7999877929688]"
1779197614.7213778,113.236316892,0.7727051482478818,0.903,0.0,0.3,0.5,3.8830581978415353,56,0.9004467224888714,-16.14,2,"[484.6000061035156, 616.7999877929688]"
1779197614.771094,113.286033161,0.7453508650630838,0.903,0.0,0.3,0.5,4.039513275618333,56,0.863631183579616,-34.97,2,"[515.2000122070312, 592.5999755859375]"
1779197614.8210666,113.336005634,0.7236099797706507,0.903,0.0,0.3,0.5,4.196553157725987,56,0.8222137023067037,-34.97,2,"[515.2000122070312, 592.5999755859375]"
1779197614.8711686,113.38610779800001,0.7082158119300053,0.903,0.0,0.3,0.5,4.3539116067534565,56,0.7915340865489908,-75.32,2,"[544.7999877929688, 572.2000122070312]"
1779197614.921323,113.43626220300001,0.6997147919265058,0.903,0.0,0.3,0.5,4.511085392964787,56,0.7623884515791637,-72.63,2,"[544.7999877929688, 572.2000122070312]"
1779197614.9712198,113.486158825,0.6984009960033883,0.903,0.0,0.3,0.5,4.668129198921633,56,0.7393787397608791,-78.01,2,"[564.2000122070312, 536.0]"
1779197615.0212717,113.536210678,0.7044213318915666,0.903,0.0,0.3,0.5,4.825461701535403,56,0.7194369895183657,-78.01,2,"[564.2000122070312, 536.0]"
1779197615.071236,113.586175087,0.717697156720987,0.903,0.0,0.3,0.5,4.982376394317384,56,0.7102331047910518,-91.46,2,"[580.5999755859375, 513.5999755859375]"
1779197615.1212637,113.636202728,0.7380545645037853,0.903,0.0,0.3,0.5,5.139572495261348,56,0.7071651432152806,-99.53,2,"[580.5999755859375, 513.5999755859375]"
1779197615.1711836,113.68612262200001,0.764984997184845,0.903,0.0,0.3,0.5,5.2962906814228745,56,0.7071651432152806,-34.97,2,"[595.0, 496.0]"
1779197615.221039,113.735977977,0.7980154148373771,0.903,0.0,0.3,0.5,5.453165331464902,56,0.7102331047910518,2.69,2,"[595.0, 496.0]"
1779197615.27114,113.78607930800001,0.8365380509391709,0.903,0.0,0.3,0.5,5.610534078633123,56,0.7286408742456796,2.69,2,"[581.0, 495.0]"
1779197615.3213975,113.836336774,0.8796235395227789,0.903,0.0,0.3,0.5,5.767971812034432,56,0.7516505860639642,2.69,2,"[581.0, 495.0]"
1779197615.3713703,113.88630930100001,0.926218693682546,0.903,0.0,0.3,0.5,5.925188025454531,56,0.7792622402459057,2.69,2,"[571.4000244140625, 503.0]"
1779197615.4216757,113.936614809,0.9755572319749509,0.903,0.0,0.3,0.5,6.0831328119101045,56,0.8145437983672754,2.69,2,"[571.4000244140625, 503.0]"
1779197615.4710374,113.985976456,1.0254904645037553,0.903,0.0,0.3,0.5,6.23858675835595,56,0.8528933180644165,2.69,2,"[556.2000122070312, 533.0]"
1779197615.5211728,114.03611180300001,1.0762745277861254,0.903,0.0,0.3,0.5,0.11276255170808014,57,0.8912428377615575,2.69,2,"[556.2000122070312, 533.0]"
1779197615.570974,114.08591325200001,1.1259124030818841,0.903,0.0,0.3,0.5,0.2694059805308271,57,0.9387962421860124,37.66,2,"[528.2000122070312, 569.7999877929688]"
1779197615.6213288,114.136267719,1.1738296472799656,0.903,0.0,0.3,0.5,0.42714968620700944,57,0.9848156658225816,72.63,2,"[528.2000122070312, 569.7999877929688]"
1779197615.6712232,114.18616229300001,1.218332375372492,0.903,0.0,0.3,0.5,0.5840273741691604,57,1.033903051034922,107.6,2,"[499.3999938964844, 613.2000122070312]"
1779197615.7213645,114.23630360000001,1.2588267159854367,0.903,0.0,0.3,0.5,0.7415199346454315,57,1.081456455459377,123.74,2,"[499.3999938964844, 613.2000122070312]"
1779197615.771226,114.2861651,1.2940526532473577,0.903,0.0,0.3,0.5,0.8982595684599701,57,1.1305438406717176,131.81,2,"[472.6000061035156, 646.2000122070312]"
1779197615.8214648,114.336403821,1.323561155880069,0.903,0.0,0.3,0.5,1.055803176675262,57,1.175029283520401,131.81,2,"[472.6000061035156, 646.2000122070312]"
1779197615.8712163,114.386155357,1.346382592554568,0.903,0.0,0.3,0.5,1.21238598218455,57,1.2164467647933135,166.78,2,"[443.79998779296875, 686.2000122070312]"
1779197615.921406,114.43634504200001,1.3622965113886232,0.903,0.0,0.3,0.5,1.3698459203627422,57,1.2532623037025687,185.60999999999999,2,"[443.79998779296875, 686.2000122070312]"
1779197615.9710214,114.485960578,1.3707953349716544,0.903,0.0,0.3,0.5,1.5261019342625914,57,1.2854759002481673,188.29999999999998,2,"[424.0, 706.7999877929688]"
1779197616.0212414,114.53618064300001,1.3718644415735661,0.903,0.0,0.3,0.5,1.6836608169013871,57,1.3100195928543377,234.03,2,"[424.0, 706.7999877929688]"
1779197616.0711186,114.58605771100001,1.3654813425332453,0.903,0.0,0.3,0.5,1.8405787172494925,57,1.3284273623089653,228.65,2,"[421.6000061035156, 710.0]"
1779197616.1214786,114.63641750900001,1.3518004533282044,0.903,0.0,0.3,0.5,1.9982613503645226,57,1.3406992086120504,242.1,2,"[421.6000061035156, 710.0]"
1779197616.171223,114.68616186000001,1.3313861429337135,0.903,0.0,0.3,0.5,2.15493497931741,57,1.342233189399936,239.41,2,"[409.0, 715.5999755859375]"
1779197616.221271,114.73621025400001,1.3046315800478785,0.903,0.0,0.3,0.5,2.3121276088014397,57,1.3406992086120504,239.41,2,"[409.0, 715.5999755859375]"
1779197616.271267,114.78620591900001,1.272369420735953,0.903,0.0,0.3,0.5,2.4690371085307916,57,1.3406992086120504,137.19,2,"[404.6000061035156, 716.4000244140625]"
1779197616.3216074,114.836546243,1.2352938884116076,0.903,0.0,0.3,0.5,2.6263741318963767,57,1.3284273623089653,78.01,2,"[404.6000061035156, 716.4000244140625]"
1779197616.3709834,114.88592239900001,1.1947284944111216,0.903,0.0,0.3,0.5,2.7826762926507413,57,1.303883669702795,-5.38,2,"[397.20001220703125, 720.7999877929688]"
1779197616.4212356,114.93617456700001,1.1510999683868477,0.903,0.0,0.3,0.5,2.940311870991003,57,1.2747380347329678,-8.07,2,"[397.20001220703125, 720.7999877929688]"
1779197616.471185,114.986124004,1.1060445104935337,0.903,0.0,0.3,0.5,3.097325834959271,57,1.2425244381873692,-5.38,2,"[405.3999938964844, 710.5999755859375]"
1779197616.521237,115.03617596400001,1.0604952546949935,0.903,0.0,0.3,0.5,3.254504009975541,57,1.205708899278114,-5.38,2,"[405.3999938964844, 710.5999755859375]"
1779197616.5713608,115.08629994100001,1.0156138580845195,0.903,0.0,0.3,0.5,3.4118408322791893,57,1.1658253987930873,-2.69,2,"[413.3999938964844, 685.0]"
1779197616.6211355,115.13607445000001,0.9727728957845799,0.903,0.0,0.3,0.5,3.5684840034913137,57,1.1213399559444037,-2.69,2,"[413.3999938964844, 685.0]"
1779197616.6710505,115.18598972900001,0.9327704174673517,0.903,0.0,0.3,0.5,3.725461163701631,57,1.0768545130957201,-2.69,2,"[440.3999938964844, 666.7999877929688]"
1779197616.721277,115.236216049,0.8965810742857531,0.903,0.0,0.3,0.5,3.883045464966564,57,1.033903051034922,-2.69,2,"[440.3999938964844, 666.7999877929688]"
1779197616.7709956,115.285934694,0.8655216101047434,0.903,0.0,0.3,0.5,4.0393418546152375,57,0.9909515889741242,-2.69,2,"[469.79998779296875, 638.4000244140625]"
1779197616.8211737,115.336112717,0.8398819608917344,0.903,0.0,0.3,0.5,4.196863116682017,57,0.9510680884890975,-8.07,2,"[469.79998779296875, 638.4000244140625]"
1779197616.8713295,115.386268732,0.8205837938930325,0.903,0.0,0.3,0.5,4.354343607159343,57,0.9127185687919565,-2.69,2,"[510.0, 612.5999755859375]"
1779197616.9212716,115.43621064800001,0.8081396747569143,0.903,0.0,0.3,0.5,4.511361419578613,57,0.880504972246358,-32.28,2,"[510.0, 612.5999755859375]"
1779197616.9713953,115.486334325,0.802802661238789,0.903,0.0,0.3,0.5,4.668360065141066,57,0.8513593372765309,-21.52,2,"[530.5999755859375, 586.2000122070312]"
1779197617.021269,115.53620828400001,0.8047126154443508,0.903,0.0,0.3,0.5,4.825375992604712,57,0.8268156446703606,-21.52,2,"[530.5999755859375, 586.2000122070312]"
1779197617.0711138,115.586052964,0.8138063739891235,0.903,0.0,0.3,0.5,4.982093500182181,57,0.8130098175793898,-24.21,2,"[553.5999755859375, 559.5999755859375]"
1779197617.1209896,115.63592870500001,0.8298776777450753,0.903,0.0,0.3,0.5,5.1389403816867585,57,0.8084078752157329,-32.28,2,"[553.5999755859375, 559.5999755859375]"
1779197617.170957,115.68589628800001,0.8525568072874362,0.903,0.0,0.3,0.5,5.295960980698716,57,0.8084078752157329,-21.52,2,"[560.0, 547.2000122070312]"
1779197617.2211895,115.73612852500001,0.8813872104449203,0.903,0.0,0.3,0.5,5.453567631253783,57,0.8114758367915041,0.0,2,"[560.0, 547.2000122070312]"
1779197617.2711759,115.78611497200001,0.9154733682884604,0.903,0.0,0.3,0.5,5.610730547554546,57,0.8237476830945893,0.0,2,"[552.4000244140625, 546.7999877929688]"
1779197617.3212113,115.83615022000001,0.9539934851149382,0.903,0.0,0.3,0.5,5.767713808737803,57,0.8406214717613314,0.0,2,"[552.4000244140625, 546.7999877929688]"
1779197617.371265,115.886203843,0.9960914325239348,0.903,0.0,0.3,0.5,5.924936867688281,57,0.8651651643675016,5.38,2,"[538.7999877929688, 565.4000244140625]"
1779197617.421207,115.93614596900001,1.0405805532114842,0.903,0.0,0.3,0.5,6.081889253298904,57,0.8912428377615575,5.38,2,"[538.7999877929688, 565.4000244140625]"
1779197617.4712827,115.98622194400001,1.086514469573585,0.903,0.0,0.3,0.5,6.239164208218462,57,0.9280583766708129,21.52,2,"[535.0, 568.4000244140625]"
1779197617.5213788,116.036317705,1.132638068591837,0.903,0.0,0.3,0.5,0.11321391374941925,58,0.9633399347921826,21.52,2,"[535.0, 568.4000244140625]"
1779197617.5710404,116.085979359,1.1775319139869482,0.903,0.0,0.3,0.5,0.26949182455008724,58,1.0032234352772094,80.7,2,"[508.3999938964844, 597.2000122070312]"
1779197617.6210704,116.13600954900001,1.2206002872312738,0.903,0.0,0.3,0.5,0.42668647721980335,58,1.0446409165501216,107.6,2,"[508.3999938964844, 597.2000122070312]"
1779197617.6711078,116.186046872,1.2604714432984077,0.903,0.0,0.3,0.5,0.583826331088872,58,1.0891263593988052,121.05,2,"[483.20001220703125, 626.0]"
1779197617.7210853,116.23602437800001,1.2961231489217302,0.903,0.0,0.3,0.5,0.7408573444804603,58,1.1366797638232602,131.81,2,"[483.20001220703125, 626.0]"
1779197617.7713647,116.286303781,1.3267999432363229,0.903,0.0,0.3,0.5,0.8986136793591442,58,1.179631225884058,166.78,2,"[460.79998779296875, 653.7999877929688]"
1779197617.8211286,116.33606769800001,1.3513510357789555,0.903,0.0,0.3,0.5,1.0550858882406402,58,1.2210487071569704,166.78,2,"[460.79998779296875, 653.7999877929688]"
1779197617.8711436,116.386082529,1.3694639295300868,0.903,0.0,0.3,0.5,1.2121573087969324,58,1.2563302652783401,169.47,2,"[431.79998779296875, 682.2000122070312]"
1779197617.9210863,116.43602529,1.380540934006487,0.903,0.0,0.3,0.5,1.3691775716584544,58,1.2870098810360528,185.60999999999999,2,"[431.79998779296875, 682.2000122070312]"
1779197617.9709308,116.485869961,1.384270147901136,0.903,0.0,0.3,0.5,1.526001717456964,58,1.3130875544301088,223.26999999999998,2,"[408.3999938964844, 704.4000244140625]"
1779197618.0211577,116.53609669800001,1.3804939855399512,0.903,0.0,0.3,0.5,1.6835668989890138,58,1.3330293046726223,228.65,2,"[408.3999938964844, 704.4000244140625]"
1779197618.0712066,116.586145633,1.3692477321802903,0.903,0.0,0.3,0.5,1.840822906963254,58,1.346835131763593,234.03,2,"[403.6000061035156, 720.2000122070312]"
1779197618.121307,116.63624598800001,1.350755062082372,0.903,0.0,0.3,0.5,1.9980718432124291,58,1.354505035703021,258.24,2,"[403.6000061035156, 720.2000122070312]"
1779197618.1712751,116.68621427500001,1.325448332977118,0.903,0.0,0.3,0.5,2.155134294521716,58,1.354505035703021,220.57999999999998,2,"[406.79998779296875, 720.0]"
1779197618.2211778,116.736116909,1.2939589655267714,0.903,0.0,0.3,0.5,2.311804502280225,58,1.354505035703021,220.57999999999998,2,"[406.79998779296875, 720.0]"
1779197618.2711306,116.78606958200001,1.2568633386747163,0.903,0.0,0.3,0.5,2.468783786207169,58,1.3453011509757073,69.94,2,"[404.20001220703125, 722.5999755859375]"
1779197618.3211496,116.836088751,1.2149677650546407,0.903,0.0,0.3,0.5,2.6261105993966254,58,1.325359400733194,53.8,2,"[404.20001220703125, 722.5999755859375]"
1779197618.370936,116.885874916,1.1695597436015392,0.903,0.0,0.3,0.5,2.782622351504884,58,1.2977477465512524,-8.07,2,"[395.6000061035156, 709.2000122070312]"
1779197618.421167,116.936106038,1.1211373705296312,0.903,0.0,0.3,0.5,2.9402086131236302,58,1.265534150005654,-5.38,2,"[395.6000061035156, 709.2000122070312]"
1779197618.4713507,116.98628969,1.071138057349767,0.903,0.0,0.3,0.5,3.0977614356301757,58,1.2256506495206272,-5.38,2,"[402.79998779296875, 696.7999877929688]"
1779197618.521053,117.03599214100001,1.0210950615701198,0.903,0.0,0.3,0.5,3.2541213954061874,58,1.184233168247715,-2.69,2,"[402.79998779296875, 696.7999877929688]"
1779197618.5712407,117.086179524,0.9714603069145598,0.903,0.0,0.3,0.5,3.411507349077354,58,1.1397477253990314,-2.69,2,"[420.0, 675.2000122070312]"
1779197618.6211197,117.136058946,0.9238676806105264,0.903,0.0,0.3,0.5,3.568354993988933,58,1.0906603401866908,-2.69,2,"[420.0, 675.2000122070312]"
1779197618.6711304,117.18606951000001,0.8791742891648799,0.903,0.0,0.3,0.5,3.7254154472452825,58,1.0415729549743504,-2.69,2,"[447.6000061035156, 646.5999755859375]"
1779197618.7211137,117.23605285000001,0.8384690700194892,0.903,0.0,0.3,0.5,3.882448499530497,58,0.9940195505498954,-2.69,2,"[447.6000061035156, 646.5999755859375]"
1779197618.770971,117.285910145,0.8026986039210378,0.903,0.0,0.3,0.5,4.03929574860139,58,0.9464661461254406,-5.38,2,"[483.0, 624.0]"
1779197618.8211842,117.33612326400001,0.7724749284816925,0.903,0.0,0.3,0.5,4.196883144335132,58,0.9035146840646426,-5.38,2,"[483.0, 624.0]"
1779197618.8711689,117.386107873,0.7487053657577452,0.903,0.0,0.3,0.5,4.35394317347648,58,0.8620972027917303,-29.59,2,"[522.4000244140625, 594.2000122070312]"
1779197618.9211698,117.43610887800001,0.7317733780614826,0.903,0.0,0.3,0.5,4.510982521513384,58,0.8206797215188181,-48.42,2,"[522.4000244140625, 594.2000122070312]"
1779197618.9711766,117.486115603,0.7219945078624044,0.903,0.0,0.3,0.5,4.668108649764136,58,0.7900001057611052,-64.56,2,"[562.5999755859375, 568.7999877929688]"
1779197619.0211637,117.53610267200001,0.7195234640835544,0.903,0.0,0.3,0.5,4.825066093338947,58,0.7639224323670493,-64.56,2,"[562.5999755859375, 568.7999877929688]"
1779197619.0710723,117.58601137500001,0.7243105091882723,0.903,0.0,0.3,0.5,4.982053831291708,58,0.7439806821245359,-75.32,2,"[577.2000122070312, 535.2000122070312]"
1779197619.1210048,117.63594390200001,0.7361372735374359,0.903,0.0,0.3,0.5,5.139017781104897,58,0.7301748550335652,-61.87,2,"[577.2000122070312, 535.2000122070312]"
1779197619.1709762,117.685915112,0.7546103174466812,0.903,0.0,0.3,0.5,5.295969397025331,58,0.7255729126699083,-75.32,2,"[600.5999755859375, 509.6000061035156]"
1779197619.221184,117.73612319700001,0.7792809161973219,0.903,0.0,0.3,0.5,5.453536686566068,58,0.7255729126699083,-34.97,2,"[600.5999755859375, 509.6000061035156]"
1779197619.271183,117.786122152,0.8092678604322918,0.903,0.0,0.3,0.5,5.610596244468482,58,0.7301748550335652,0.0,2,"[600.5999755859375, 495.79998779296875]"
1779197619.3213544,117.836293337,0.8439062451468663,0.903,0.0,0.3,0.5,5.768125982552206,58,0.7470486437003072,2.69,2,"[600.5999755859375, 495.79998779296875]"
1779197619.3713632,117.886302141,0.8820158717537452,0.903,0.0,0.3,0.5,5.925131863202537,58,0.765456413154935,2.69,2,"[575.2000122070312, 504.0]"
1779197619.4211369,117.936075845,0.9225522661439234,0.903,0.0,0.3,0.5,6.08173526499327,58,0.7915340865489908,2.69,2,"[575.2000122070312, 504.0]"
1779197619.471441,117.98638019500001,0.9647807751036311,0.903,0.0,0.3,0.5,6.239349414530025,58,0.8222137023067037,2.69,2,"[561.5999755859375, 521.2000122070312]"
1779197619.5213923,118.036331325,1.0071308481911059,0.903,0.0,0.3,0.5,0.11319378556515147,59,0.8574952604280734,2.69,2,"[561.5999755859375, 521.2000122070312]"
1779197619.57099,118.085929276,1.0483933501587965,0.903,0.0,0.3,0.5,0.2694147612821709,59,0.8897088569736719,34.97,2,"[550.2000122070312, 546.2000122070312]"
1779197619.6209905,118.135929719,1.0878767494146782,0.903,0.0,0.3,0.5,0.42648713059946175,59,0.9326603190344698,32.28,2,"[550.2000122070312, 546.2000122070312]"
1779197619.6710925,118.18603166700001,1.124324526820627,0.903,0.0,0.3,0.5,0.583824951929607,59,0.9725438195194965,59.18,2,"[520.0, 592.2000122070312]"
1779197619.7211628,118.23610202200001,1.1566357634667066,0.903,0.0,0.3,0.5,0.7410794864969077,59,1.0139613007924089,88.77,2,"[520.0, 592.2000122070312]"
1779197619.7711303,118.28606919900001,1.1838764598685731,0.903,0.0,0.3,0.5,0.8980756313516096,59,1.05231082048955,107.6,2,"[497.6000061035156, 623.4000244140625]"
1779197619.8210528,118.335991793,1.2053100414908835,0.903,0.0,0.3,0.5,1.0550161982907227,59,1.0891263593988052,107.6,2,"[497.6000061035156, 623.4000244140625]"
1779197619.870987,118.38592602300001,1.2203047465631505,0.903,0.0,0.3,0.5,1.2119817408914102,59,1.1228739367322893,121.05,2,"[475.3999938964844, 635.5999755859375]"
1779197619.9213343,118.436273576,1.2283912921398288,0.903,0.0,0.3,0.5,1.369697401570015,59,1.1520195717021164,126.42999999999999,2,"[475.3999938964844, 635.5999755859375]"
1779197619.970977,118.48591623,1.2291861222122304,0.903,0.0,0.3,0.5,1.5260596515670315,59,1.1765632643082868,161.4,2,"[444.6000061035156, 667.5999755859375]"
1779197620.0210316,118.53597059,1.2225948928753616,0.903,0.0,0.3,0.5,1.6832938380387006,59,1.193437052975029,166.78,2,"[444.6000061035156, 667.5999755859375]"
1779197620.0710762,118.58601515400001,1.20864593263753,0.903,0.0,0.3,0.5,1.8404332897838955,59,1.2041749184902284,164.09,2,"[444.6000061035156, 676.2000122070312]"
1779197620.1212492,118.636188242,1.1874850763191376,0.903,0.0,0.3,0.5,1.9980591606028426,59,1.2072428800659996,156.02,2,"[444.6000061035156, 676.2000122070312]"
1779197620.171089,118.68602820400001,1.1597508469180593,0.903,0.0,0.3,0.5,2.1546541586331998,59,1.2072428800659996,88.77,2,"[431.79998779296875, 668.4000244140625]"
1779197620.221141,118.73608014000001,1.1257787387647342,0.903,0.0,0.3,0.5,2.311711724765864,59,1.2026409377023426,88.77,2,"[431.79998779296875, 668.4000244140625]"
1779197620.2710912,118.786030353,1.0863584035973877,0.903,0.0,0.3,0.5,2.4687631176689635,59,1.1857671490356005,-5.38,2,"[422.6000061035156, 679.0]"
1779197620.3211007,118.83603972300001,1.042306002918623,0.903,0.0,0.3,0.5,2.625925129191039,59,1.162757437217316,-2.69,2,"[422.6000061035156, 679.0]"
1779197620.3709567,118.88589575200001,0.9947488173416978,0.903,0.0,0.3,0.5,2.7826517065465097,59,1.1351457830353744,-2.69,2,"[429.3999938964844, 664.4000244140625]"
1779197620.4209652,118.93590429800001,0.9445007915651937,0.903,0.0,0.3,0.5,2.9397347352876793,59,1.0998642249140047,-2.69,2,"[429.3999938964844, 664.4000244140625]"
1779197620.4710271,118.98596621,0.8927189171848017,0.903,0.0,0.3,0.5,3.0970124830831125,59,1.0584467436410925,-2.69,2,"[437.0, 650.5999755859375]"
1779197620.5210867,119.036025647,0.8406508345747002,0.903,0.0,0.3,0.5,3.2542027469478896,59,1.0139613007924089,-2.69,2,"[437.0, 650.5999755859375]"
1779197620.5711296,119.086068546,0.789440967754312,0.903,0.0,0.3,0.5,3.4113654401955316,59,0.9679418771558396,-2.69,2,"[467.3999938964844, 647.2000122070312]"
1779197620.6210456,119.13598464,0.7403064355328656,0.903,0.0,0.3,0.5,3.5682546201035663,59,0.9188544919434991,-2.69,2,"[467.3999938964844, 647.2000122070312]"
1779197620.6710813,119.186020322,0.6941844000636256,0.903,0.0,0.3,0.5,3.7253618202586196,59,0.8697671067311585,-16.14,2,"[519.4000244140625, 598.5999755859375]"
1779197620.7210896,119.236028692,0.6521534635177413,0.903,0.0,0.3,0.5,3.8825058681538778,59,0.8176117599430467,-51.11,2,"[519.4000244140625, 598.5999755859375]"
1779197620.77099,119.28592897300001,0.6152070862125418,0.903,0.0,0.3,0.5,4.0393562462510815,59,0.7685243747307062,-91.46,2,"[559.0, 560.0]"
1779197620.8211954,119.33613435400001,0.5839275966553086,0.903,0.0,0.3,0.5,4.196911886766252,59,0.7240389318820226,-118.36,2,"[559.0, 560.0]"
1779197620.8711388,119.38607795300001,0.5592314535050138,0.903,0.0,0.3,0.5,4.353874347464561,59,0.6810874698212247,-145.26,2,"[603.2000122070312, 508.0]"
1779197620.921191,119.436130171,0.54145777019033,0.903,0.0,0.3,0.5,4.511105323228541,59,0.6427379501240836,-147.95,2,"[603.2000122070312, 508.0]"
1779197620.9713607,119.48629957000001,0.5309675715280923,0.903,0.0,0.3,0.5,4.668593865607811,59,0.6105243535784852,-158.71,2,"[623.2000122070312, 465.0]"
1779197621.0211341,119.536073157,0.5279373951796298,0.903,0.0,0.3,0.5,4.825118155812326,59,0.5829126993965437,-158.71,2,"[623.2000122070312, 465.0]"
1779197621.0711384,119.586077531,0.5322745507281459,0.903,0.0,0.3,0.5,4.98224740366458,59,0.5629709491540303,-172.16,2,"[635.5999755859375, 445.6000061035156]"
1779197621.120968,119.63590701000001,0.5437442062664681,0.903,0.0,0.3,0.5,5.138923319696907,59,0.5506991028509451,-190.99,2,"[635.5999755859375, 445.6000061035156]"
1779197621.1709914,119.685930638,0.5620121390803048,0.903,0.0,0.3,0.5,5.295990125253574,59,0.5491651220630596,-201.75,2,"[636.4000244140625, 429.79998779296875]"
1779197621.2211668,119.736106035,0.5865815567864175,0.903,0.0,0.3,0.5,5.453521091700047,59,0.5491651220630596,-164.09,2,"[636.4000244140625, 429.79998779296875]"
1779197621.2713995,119.786338556,0.6166667122989549,0.903,0.0,0.3,0.5,5.610929356962224,59,0.5491651220630596,-91.46,2,"[633.5999755859375, 426.3999938964844]"
1779197621.3213868,119.836326009,0.6513741056977285,0.903,0.0,0.3,0.5,5.768079317334859,59,0.5568350260024878,-43.04,2,"[633.5999755859375, 426.3999938964844]"
1779197621.371087,119.88602599900001,0.6896165562341203,0.903,0.0,0.3,0.5,5.924548736482102,59,0.5767767762450011,-45.73,2,"[632.2000122070312, 423.6000061035156]"
1779197621.4211957,119.936134589,0.7306774140805501,0.903,0.0,0.3,0.5,6.081683431856042,59,0.6043884304269426,-45.73,2,"[632.2000122070312, 423.6000061035156]"
1779197621.4710324,119.985971491,0.7732230420916325,0.903,0.0,0.3,0.5,6.238578162958326,59,0.6350680461846554,-43.04,2,"[628.2000122070312, 427.0]"
1779197621.5211484,120.036087683,0.8162990818025327,0.903,0.0,0.3,0.5,0.11275880692952,60,0.6688156235181395,-45.73,2,"[628.2000122070312, 427.0]"
1779197621.5709393,120.085878249,0.8584174797486894,0.903,0.0,0.3,0.5,0.26936825628612837,60,0.7071651432152806,2.69,2,"[605.4000244140625, 458.3999938964844]"
1779197621.621031,120.135970068,0.8988288425181035,0.903,0.0,0.3,0.5,0.4266573766469435,60,0.7455146629124216,2.69,2,"[605.4000244140625, 458.3999938964844]"
1779197621.6711855,120.186124563,0.9362835623355171,0.903,0.0,0.3,0.5,0.5840666912011159,60,0.7884661249732196,2.69,2,"[579.5999755859375, 496.20001220703125]"
1779197621.7211952,120.23613407900001,0.9696652228447535,0.903,0.0,0.3,0.5,0.741140059544847,60,0.8298836062461319,2.69,2,"[579.5999755859375, 496.20001220703125]"
1779197621.7713256,120.286264504,0.9982084445027127,0.903,0.0,0.3,0.5,0.8985948580774163,60,0.8713010875190442,2.69,2,"[552.5999755859375, 541.2000122070312]"
1779197621.8212035,120.33614262,1.020942847250222,0.903,0.0,0.3,0.5,1.0553336468035752,60,0.9081166264282996,2.69,2,"[552.5999755859375, 541.2000122070312]"
1779197621.8711076,120.386046773,1.0373803247022333,0.903,0.0,0.3,0.5,1.2122215606497946,60,0.944932165337555,8.07,2,"[524.2000122070312, 584.0]"
1779197621.9211,120.436039074,1.0470200191790158,0.903,0.0,0.3,0.5,1.3693721807568693,60,0.9740778003073821,51.11,2,"[524.2000122070312, 584.0]"
1779197621.9709206,120.485859644,1.049514490950203,0.903,0.0,0.3,0.5,1.5259426052495257,60,0.9986214929135524,72.63,2,"[503.0, 619.4000244140625]"
1779197622.0210495,120.535988598,1.0447333737610545,0.903,0.0,0.3,0.5,1.683257222776291,60,1.01702926236818,96.84,2,"[503.0, 619.4000244140625]"
1779197622.0711384,120.58607761100001,1.032692796503939,0.903,0.0,0.3,0.5,1.840534153757602,60,1.0277671278833795,107.6,2,"[486.0, 628.4000244140625]"
1779197622.1211607,120.63610001,1.013625357589869,0.903,0.0,0.3,0.5,1.997741702665195,60,1.0354370318228079,88.77,2,"[486.0, 628.4000244140625]"
1779197622.1712224,120.686161466,0.9879343580215143,0.903,0.0,0.3,0.5,2.1549029036563354,60,1.033903051034922,5.38,2,"[484.3999938964844, 615.0]"
1779197622.2212436,120.73618268800001,0.9561808153377973,0.903,0.0,0.3,0.5,2.312056910400287,60,1.0277671278833795,5.38,2,"[484.3999938964844, 615.0]"
1779197622.2713146,120.78625356200001,0.9190854442352332,0.903,0.0,0.3,0.5,2.4691877478984168,60,1.012427320004523,0.0,2,"[478.20001220703125, 627.5999755859375]"
1779197622.3216882,120.83662717300001,0.8771928921761369,0.903,0.0,0.3,0.5,2.62740484760522,60,0.9924855697620099,0.0,2,"[478.20001220703125, 627.5999755859375]"
1779197622.3710093,120.885948579,0.8325842776109472,0.903,0.0,0.3,0.5,2.78272392547845,60,0.966407896367954,-2.69,2,"[480.6000061035156, 610.2000122070312]"
1779197622.4211235,120.93606251700001,0.7849200324337844,0.903,0.0,0.3,0.5,2.9400774484886654,60,0.9341942998223555,-5.38,2,"[480.6000061035156, 610.2000122070312]"
1779197622.471284,120.986222881,0.7360222978254545,0.903,0.0,0.3,0.5,3.0969930711820837,60,0.8973787609131001,-8.07,2,"[491.3999938964844, 594.4000244140625]"
1779197622.5214374,121.03637644800001,0.6866326500067876,0.903,0.0,0.3,0.5,3.2547985814105402,60,0.8559612796401878,-45.73,2,"[491.3999938964844, 594.4000244140625]"
1779197622.571507,121.08644611700001,0.6384691137756132,0.903,0.0,0.3,0.5,3.411716346670147,60,0.8022719520641903,-45.73,2,"[529.5999755859375, 564.4000244140625]"
1779197622.6213589,121.13629808900001,0.5923565026894572,0.903,0.0,0.3,0.5,3.56874837165455,60,0.7593204900033924,-72.63,2,"[529.5999755859375, 564.4000244140625]"
1779197622.6714563,121.186395438,0.5493304051428562,0.903,0.0,0.3,0.5,3.726123524530209,60,0.7163690279425944,-91.46,2,"[559.0, 531.5999755859375]"
1779197622.7230248,121.23796382500001,0.5094223345593486,0.903,0.0,0.3,0.5,3.888234157092228,60,0.6749515466696822,-123.74,2,"[559.0, 531.5999755859375]"
1779197622.7709682,121.28590729000001,0.47714230473627417,0.903,0.0,0.3,0.5,4.039283050283785,60,0.6320000846088841,-150.64,2,"[595.7999877929688, 491.20001220703125]"
1779197622.8210495,121.33598862000001,0.4493362840921682,0.903,0.0,0.3,0.5,4.196555224893842,60,0.5859806609723149,-174.85,2,"[595.7999877929688, 491.20001220703125]"
1779197622.8711038,121.38604286600001,0.4281028436495488,0.903,0.0,0.3,0.5,4.353747581059309,60,0.5460971604872883,-207.13,2,"[629.0, 452.6000061035156]"
1779197622.9212708,121.436209879,0.41389846157519466,0.903,0.0,0.3,0.5,4.511246682331517,60,0.5077476407901472,-207.13,2,"[629.0, 452.6000061035156]"
1779197622.9713206,121.486259777,0.4071037862076668,0.903,0.0,0.3,0.5,4.668276571032919,60,0.47860200582032003,-231.34,2,"[648.2000122070312, 417.3999938964844]"
1779197623.0212278,121.53616683700001,0.40780892928148876,0.903,0.0,0.3,0.5,4.8253358618999584,60,0.45559229400203544,-231.34,2,"[648.2000122070312, 417.3999938964844]"
1779197623.0710583,121.58599743200001,0.415948147606272,0.903,0.0,0.3,0.5,4.982017926029158,60,0.43718452454740775,-242.1,2,"[666.7999877929688, 400.6000061035156]"
1779197623.1209865,121.635925611,0.43132313856917076,0.903,0.0,0.3,0.5,5.138926467572759,60,0.4295146206079795,-239.41,2,"[666.7999877929688, 400.6000061035156]"
1779197623.1709938,121.68593288800001,0.45355755737873016,0.903,0.0,0.3,0.5,5.295981404192418,60,0.43104860139586515,-260.93,2,"[671.2000122070312, 388.0]"
1779197623.221071,121.736010121,0.4821228081761808,0.903,0.0,0.3,0.5,5.453249557563851,60,0.43104860139586515,-164.09,2,"[671.2000122070312, 388.0]"
1779197623.2711453,121.786084453,0.5162710426711784,0.903,0.0,0.3,0.5,5.6104869484600215,60,0.4325825821837508,-69.94,2,"[658.2000122070312, 387.3999938964844]"
1779197623.3212583,121.83619731700001,0.5551423075425481,0.903,0.0,0.3,0.5,5.767664890998418,60,0.4479223900626072,-69.94,2,"[658.2000122070312, 387.3999938964844]"
1779197623.3712342,121.886173196,0.5977936382728106,0.903,0.0,0.3,0.5,5.924869012428388,60,0.4724660826687775,-69.94,2,"[651.5999755859375, 387.6000061035156]"
1779197623.4212568,121.93619592600001,0.6431202515719013,0.903,0.0,0.3,0.5,6.0819173548450465,60,0.5031456984264903,-69.94,2,"[651.5999755859375, 387.6000061035156]"
1779197623.4712062,121.986145288,0.6899944741800474,0.903,0.0,0.3,0.5,6.238784044091318,60,0.5384272565478601,-72.63,2,"[640.4000244140625, 394.3999938964844]"
1779197623.5215316,122.03647062600001,0.7375235953114044,0.903,0.0,0.3,0.5,0.11313762017170603,61,0.5767767762450011,-51.11,2,"[640.4000244140625, 394.3999938964844]"
1779197623.5712159,122.086155047,0.7839909355352254,0.903,0.0,0.3,0.5,0.26948137247121196,61,0.6166602767300278,-40.35,2,"[621.2000122070312, 423.79998779296875]"
1779197623.621144,122.136083181,0.8288800439118451,0.903,0.0,0.3,0.5,0.42671080885481416,61,0.662679700366597,2.69,2,"[621.2000122070312, 423.79998779296875]"
1779197623.6710682,122.18600725700001,0.8707896348421853,0.903,0.0,0.3,0.5,0.5837762949426022,61,0.7086991240031663,2.69,2,"[604.5999755859375, 467.0]"
1779197623.7213595,122.236298664,0.9089084413130009,0.903,0.0,0.3,0.5,0.7415255895121575,61,0.7547185476397354,2.69,2,"[604.5999755859375, 467.0]"
1779197623.7731717,122.28811072900001,0.9430397911314401,0.903,0.0,0.3,0.5,0.9040449150040857,61,0.8007379712763046,2.69,2,"[586.7999877929688, 527.0]"
1779197623.821469,122.336408167,0.969432722046115,0.903,0.0,0.3,0.5,1.0557812954824115,61,0.8467573949128739,2.69,2,"[586.7999877929688, 527.0]"
1779197623.871446,122.386384961,0.9905451525842289,0.903,0.0,0.3,0.5,1.2128211650236906,61,0.8820389530342436,2.69,2,"[555.7999877929688, 570.5999755859375]"
1779197623.9214303,122.43636943400001,1.004870167639791,0.903,0.0,0.3,0.5,1.3699438155313786,61,0.9157865303677277,16.14,2,"[555.7999877929688, 570.5999755859375]"
1779197623.9720283,122.48696737200001,1.012114639378759,0.903,0.0,0.3,0.5,1.528864789072209,61,0.944932165337555,13.45,2,"[525.5999755859375, 593.2000122070312]"
1779197624.0212648,122.53620373300001,1.012027987664039,0.903,0.0,0.3,0.5,1.6836177990731542,61,0.9694758579437253,61.87,2,"[525.5999755859375, 593.2000122070312]"
1779197624.0725796,122.587518657,1.0045983456607612,0.903,0.0,0.3,0.5,1.8432273751661299,61,0.9878836273983529,72.63,2,"[498.3999938964844, 614.4000244140625]"
1779197624.1214345,122.63637353200001,0.9904613518258456,0.903,0.0,0.3,0.5,1.9982759713366889,61,0.9986214929135524,80.7,2,"[498.3999938964844, 614.4000244140625]"
1779197624.1741843,122.689123335,0.9682559034905776,0.903,0.0,0.3,0.5,2.163949817135979,61,1.0016894544893238,80.7,2,"[500.0, 614.7999877929688]"
1779197624.2214248,122.73636378600001,0.9426440151860631,0.903,0.0,0.3,0.5,2.3124750752321077,61,1.000155473701438,61.87,2,"[500.0, 614.7999877929688]"
1779197624.2714546,122.78639376000001,0.9103503902972114,0.903,0.0,0.3,0.5,2.4697044173679004,61,0.9909515889741242,0.0,2,"[485.20001220703125, 630.0]"
1779197624.3213067,122.83624591,0.8737336459381881,0.903,0.0,0.3,0.5,2.6262422918190467,61,0.9725438195194965,-2.69,2,"[485.20001220703125, 630.0]"
1779197624.3710325,122.88597141500001,0.8336205429670022,0.903,0.0,0.3,0.5,2.7827495357418073,61,0.9495341077012119,-2.69,2,"[480.79998779296875, 617.5999755859375]"
1779197624.4211228,122.936061714,0.7908096029675596,0.903,0.0,0.3,0.5,2.94009234592108,61,0.9203884727313847,-5.38,2,"[480.79998779296875, 617.5999755859375]"
1779197624.4711194,122.986058463,0.746707191383425,0.903,0.0,0.3,0.5,3.0971424759039863,61,0.8897088569736719,-2.69,2,"[506.6000061035156, 607.0]"
1779197624.5214186,123.036357644,0.7022167171772236,0.903,0.0,0.3,0.5,3.2547881953053164,61,0.8528933180644165,-45.73,2,"[506.6000061035156, 607.0]"
1779197624.5712216,123.08616059,0.6589134235125348,0.903,0.0,0.3,0.5,3.4115454346051095,61,0.8099418560036186,-29.59,2,"[532.2000122070312, 575.7999877929688]"
1779197624.6212027,123.13614197400001,0.6175946547632563,0.903,0.0,0.3,0.5,3.5686199653381507,61,0.7715923363064775,-29.59,2,"[532.2000122070312, 575.7999877929688]"
1779197624.6714227,123.186361876,0.579380718935714,0.903,0.0,0.3,0.5,3.725938157997412,61,0.7301748550335652,-86.08,2,"[572.7999877929688, 538.5999755859375]"
1779197624.721328,123.23626704700001,0.5453541665868571,0.903,0.0,0.3,0.5,3.8832574376476785,61,0.6887573737606529,-121.05,2,"[572.7999877929688, 538.5999755859375]"
1779197624.7710001,123.285939321,0.5166342991996411,0.903,0.0,0.3,0.5,4.039352520322275,61,0.6473398924877406,-139.88,2,"[588.5999755859375, 492.3999938964844]"
1779197624.8213494,123.33628868800001,0.493506083860642,0.903,0.0,0.3,0.5,4.197083442857952,61,0.6089903727905995,-150.64,2,"[588.5999755859375, 492.3999938964844]"
1779197624.871134,123.38607307900001,0.47703755963708977,0.903,0.0,0.3,0.5,4.35380233273623,61,0.5737088146692298,-174.85,2,"[611.2000122070312, 446.6000061035156]"
1779197624.9212425,123.43618146300001,0.4675251952516458,0.903,0.0,0.3,0.5,4.511068456638846,61,0.543029198911517,-193.68,2,"[611.2000122070312, 446.6000061035156]"
1779197624.9710755,123.48601446800001,0.4653526160094238,0.903,0.0,0.3,0.5,4.667850382573711,61,0.516951525517461,-188.29999999999998,2,"[636.5999755859375, 427.20001220703125]"
1779197625.0212097,123.536148662,0.4706537806143396,0.903,0.0,0.3,0.5,4.825244796553882,61,0.4970097752749477,-188.29999999999998,2,"[636.5999755859375, 427.20001220703125]"
1779197625.0714693,123.58640852500001,0.48342209688217613,0.903,0.0,0.3,0.5,4.982760164992847,61,0.4878058905476339,-231.34,2,"[638.5999755859375, 413.0]"
1779197625.121183,123.63612182700001,0.5032929818747796,0.903,0.0,0.3,0.5,5.139347418997325,61,0.483203948183977,-212.51,2,"[638.5999755859375, 413.0]"
1779197625.1711524,123.68609121200001,0.5300045828731634,0.903,0.0,0.3,0.5,5.296351053408905,61,0.483203948183977,-137.19,2,"[650.2000122070312, 409.0]"
1779197625.2212338,123.73617290400001,0.5629883103069309,0.903,0.0,0.3,0.5,5.453520221479046,61,0.483203948183977,-72.63,2,"[650.2000122070312, 409.0]"
1779197625.271404,123.786343185,0.6015843054650436,0.903,0.0,0.3,0.5,5.61100204085006,61,0.4970097752749477,-64.56,2,"[649.2000122070312, 401.0]"
1779197625.3212712,123.83621023200001,0.6446538996314777,0.903,0.0,0.3,0.5,5.767710459800021,61,0.521553467881118,-78.01,2,"[649.2000122070312, 401.0]"
1779197625.3711889,123.88612784600001,0.6915175306112207,0.903,0.0,0.3,0.5,5.924744649341797,61,0.5506991028509451,-45.73,2,"[632.5999755859375, 407.0]"
1779197625.421139,123.93607819500001,0.741041199061381,0.903,0.0,0.3,0.5,6.081788188263268,61,0.5829126993965437,-45.73,2,"[632.5999755859375, 407.0]"
1779197625.4711308,123.986069825,0.7921078646184445,0.903,0.0,0.3,0.5,6.238836700325926,61,0.6212622190936846,-45.73,2,"[623.0, 420.6000061035156]"
1779197625.5210075,124.03594655100001,0.8434484356657079,0.903,0.0,0.3,0.5,0.11234735882298708,62,0.6657476619423682,5.38,2,"[623.0, 420.6000061035156]"
1779197625.570976,124.08591526200001,0.8941364096129698,0.903,0.0,0.3,0.5,0.26939870146064493,62,0.7102331047910518,2.69,2,"[601.7999877929688, 457.20001220703125]"
1779197625.6210284,124.13596759100001,0.9429809631670216,0.903,0.0,0.3,0.5,0.42666823399126486,62,0.7593204900033924,2.69,2,"[601.7999877929688, 457.20001220703125]"
1779197625.670994,124.185933211,0.988727401506027,0.903,0.0,0.3,0.5,0.5836267142916398,62,0.8099418560036186,2.69,2,"[567.5999755859375, 516.5999755859375]"
1779197625.721188,124.23612697300001,1.0305963425663478,0.903,0.0,0.3,0.5,0.741129657731662,62,0.8605632220038447,2.69,2,"[567.5999755859375, 516.5999755859375]"
1779197625.7711184,124.28605755800001,1.067372902317162,0.903,0.0,0.3,0.5,0.8980515573272072,62,0.9050486648525283,2.69,2,"[535.2000122070312, 572.4000244140625]"
1779197625.8211555,124.33609449900001,1.0984608630119501,0.903,0.0,0.3,0.5,1.0551587292078892,62,0.9556700308527545,18.83,2,"[535.2000122070312, 572.4000244140625]"
1779197625.8712096,124.38614868,1.1231644753120191,0.903,0.0,0.3,0.5,1.2122881592725179,62,0.9970875121256667,59.18,2,"[514.7999877929688, 618.5999755859375]"
1779197625.921138,124.436077053,1.1409815839324589,0.903,0.0,0.3,0.5,1.3693824443401326,62,1.033903051034922,78.01,2,"[514.7999877929688, 618.5999755859375]"
1779197625.9709787,124.48591765100001,1.1515748909513197,0.903,0.0,0.3,0.5,1.5260221378091927,62,1.064582666792635,126.42999999999999,2,"[488.79998779296875, 646.7999877929688]"
1779197626.0211704,124.53610928500001,1.1548596464528713,0.903,0.0,0.3,0.5,1.6835702165108586,62,1.0921943209745766,129.12,2,"[488.79998779296875, 646.7999877929688]"
1779197626.0712912,124.586230365,1.1507939149556508,0.903,0.0,0.3,0.5,1.841037103891992,62,1.1152040327928612,131.81,2,"[467.0, 664.2000122070312]"
1779197626.12113,124.63606905200001,1.1396765865184437,0.903,0.0,0.3,0.5,1.9976839727586793,62,1.1305438406717176,126.42999999999999,2,"[467.0, 664.2000122070312]"
1779197626.1711013,124.68604049400001,1.1218385459429423,0.903,0.0,0.3,0.5,2.1547527166780327,62,1.1366797638232602,126.42999999999999,2,"[458.0, 665.7999877929688]"
1779197626.2211473,124.73608627600001,1.0978400351952737,0.903,0.0,0.3,0.5,2.3119286108979935,62,1.1366797638232602,129.12,2,"[458.0, 665.7999877929688]"
1779197626.2714732,124.78641242500001,1.0683285100148336,0.903,0.0,0.3,0.5,2.4694675726977806,62,1.1351457830353744,80.7,2,"[450.0, 665.4000244140625]"
1779197626.3211749,124.836114077,1.03444434187635,0.903,0.0,0.3,0.5,2.6259588133475944,62,1.1213399559444037,40.35,2,"[450.0, 665.4000244140625]"
1779197626.3710864,124.88602557700001,0.9968490215321019,0.903,0.0,0.3,0.5,2.7828768267930144,62,1.1013982057018903,-2.69,2,"[447.6000061035156, 664.2000122070312]"
1779197626.4211032,124.93604239700001,0.9566141937331385,0.903,0.0,0.3,0.5,2.9400189174760243,62,1.0753205323078345,-2.69,2,"[447.6000061035156, 664.2000122070312]"
1779197626.4712532,124.98619224000001,0.9148264370566297,0.903,0.0,0.3,0.5,3.0974481528692053,62,1.0461748973380072,-2.69,2,"[446.79998779296875, 651.2000122070312]"
1779197626.5213675,125.036306701,0.8727722771904467,0.903,0.0,0.3,0.5,3.25465137266211,62,1.0108933392166375,-2.69,2,"[446.79998779296875, 651.2000122070312]"
1779197626.5714996,125.086438684,0.831493064357197,0.903,0.0,0.3,0.5,3.4120780570820415,62,0.9740778003073821,-2.69,2,"[468.79998779296875, 636.4000244140625]"
1779197626.621451,125.136389863,0.7923121052241333,0.903,0.0,0.3,0.5,3.569001829066778,62,0.9326603190344698,-5.38,2,"[468.79998779296875, 636.4000244140625]"
1779197626.671366,125.18630509100001,0.7561724908309084,0.903,0.0,0.3,0.5,3.725953058571335,62,0.8943107993373288,-8.07,2,"[491.20001220703125, 611.0]"
1779197626.7213833,125.23632224400001,0.7240010799476321,0.903,0.0,0.3,0.5,3.883371584275139,62,0.8559612796401878,-34.97,2,"[491.20001220703125, 611.0]"
1779197626.770968,125.285907011,0.6970601082773846,0.903,0.0,0.3,0.5,4.039286738513667,62,0.8145437983672754,-51.11,2,"[535.5999755859375, 581.4000244140625]"
1779197626.821184,125.336122997,0.6755952706416418,0.903,0.0,0.3,0.5,4.196889653715104,62,0.77772825945802,-69.94,2,"[535.5999755859375, 581.4000244140625]"
1779197626.871052,125.38599120600001,0.6606362705707702,0.903,0.0,0.3,0.5,4.353715166106426,62,0.7439806821245359,-83.39,2,"[562.0, 547.2000122070312]"
1779197626.9212697,125.43620860200001,0.6525254071731271,0.903,0.0,0.3,0.5,4.5113112986093,62,0.7148350471547088,-107.6,2,"[562.0, 547.2000122070312]"
1779197626.9711921,125.48613120600001,0.6516578900595182,0.903,0.0,0.3,0.5,4.66808271277516,62,0.6918253353364242,-107.6,2,"[592.7999877929688, 505.20001220703125]"
1779197627.021174,125.536112966,0.6581275929849854,0.903,0.0,0.3,0.5,4.825113980635749,62,0.6734175658817965,-126.42999999999999,2,"[592.7999877929688, 505.20001220703125]"
1779197627.071026,125.58596504600001,0.6718809006420652,0.903,0.0,0.3,0.5,4.981978794351207,62,0.6642136811544826,-137.19,2,"[601.2000122070312, 481.79998779296875]"
1779197627.121184,125.636123138,0.6927689380799962,0.903,0.0,0.3,0.5,5.139300037496909,62,0.6596117387908257,-121.05,2,"[601.2000122070312, 481.79998779296875]"
1779197627.170953,125.68589221900001,0.7202291217474639,0.903,0.0,0.3,0.5,5.29594249556753,62,0.6596117387908257,-34.97,2,"[594.4000244140625, 471.20001220703125]"
1779197627.2210402,125.735979248,0.75392899441375,0.903,0.0,0.3,0.5,5.453238643671099,62,0.6657476619423682,0.0,2,"[594.4000244140625, 471.20001220703125]"
1779197627.271158,125.786096959,0.7930721247443785,0.903,0.0,0.3,0.5,5.610622652696449,62,0.684155431396996,2.69,2,"[590.4000244140625, 470.20001220703125]"
1779197627.3210957,125.836034889,0.8366374995643825,0.903,0.0,0.3,0.5,5.767493947517536,62,0.7071651432152806,2.69,2,"[590.4000244140625, 470.20001220703125]"
1779197627.3711705,125.88610938400001,0.8839121436222639,0.903,0.0,0.3,0.5,5.924776803542599,62,0.7347767973972221,2.69,2,"[586.7999877929688, 485.0]"
1779197627.4211385,125.93607761400001,0.9336524989906545,0.903,0.0,0.3,0.5,6.0818187905173176,62,0.7700583555185919,2.69,2,"[586.7999877929688, 485.0]"
1779197627.4711218,125.98606083300001,0.9847798313007106,0.903,0.0,0.3,0.5,6.238761509447372,62,0.8068738944278473,2.69,2,"[563.2000122070312, 519.2000122070312]"
1779197627.521218,126.03615720200001,1.0363606265466458,0.903,0.0,0.3,0.5,0.11308956951219074,63,0.8498253564886452,2.69,2,"[563.2000122070312, 519.2000122070312]"
1779197627.5709667,126.08590575900001,1.0866601841268653,0.903,0.0,0.3,0.5,0.2694027792479332,63,0.8943107993373288,34.97,2,"[548.7999877929688, 568.2000122070312]"
1779197627.6211739,126.13611292300001,1.1353280483052484,0.903,0.0,0.3,0.5,0.42698312838930264,63,0.9464661461254406,51.11,2,"[548.7999877929688, 568.2000122070312]"
1779197627.6712909,126.186230041,1.1808044811472649,0.903,0.0,0.3,0.5,0.5844041673672322,63,0.9940195505498954,72.63,2,"[515.0, 591.5999755859375]"
1779197627.7213266,126.236265806,1.2220438017472488,0.903,0.0,0.3,0.5,0.7415309176533569,63,1.0461748973380072,118.36,2,"[515.0, 591.5999755859375]"
1779197627.7711267,126.286065644,1.2581131636086749,0.903,0.0,0.3,0.5,0.8981676140430395,63,1.0921943209745766,118.36,2,"[483.79998779296875, 632.5999755859375]"
1779197627.8211052,126.336044317,1.2884361462508807,0.903,0.0,0.3,0.5,1.055236703537581,63,1.141281706186917,137.19,2,"[483.79998779296875, 632.5999755859375]"
1779197627.8710546,126.38599373000001,1.312243063898352,0.903,0.0,0.3,0.5,1.2122169613582727,63,1.179631225884058,150.64,2,"[461.3999938964844, 664.2000122070312]"
1779197627.9214067,126.436345982,1.32914458112929,0.903,0.0,0.3,0.5,1.3701975776780486,63,1.2164467647933135,182.92,2,"[461.3999938964844, 664.2000122070312]"
1779197627.9709775,126.485916845,1.3385617965667682,0.903,0.0,0.3,0.5,1.5260488507715522,63,1.248660361338912,169.47,2,"[427.20001220703125, 697.7999877929688]"
1779197628.0211835,126.536122753,1.3406112298595425,0.903,0.0,0.3,0.5,1.6836408834960466,63,1.2762720155208536,185.60999999999999,2,"[427.20001220703125, 697.7999877929688]"
1779197628.07135,126.58628923600001,1.3351899892162071,0.903,0.0,0.3,0.5,1.84113072649469,63,1.2962137657633668,204.44,2,"[418.3999938964844, 720.2000122070312]"
1779197628.1210742,126.63601332100001,1.32262991999625,0.903,0.0,0.3,0.5,1.9975685317950465,63,1.3100195928543377,220.57999999999998,2,"[418.3999938964844, 720.2000122070312]"
1779197628.171035,126.68597397900001,1.3032318193183048,0.903,0.0,0.3,0.5,2.154537423333487,63,1.3130875544301088,220.57999999999998,2,"[406.6000061035156, 716.5999755859375]"
1779197628.2211351,126.736074375,1.2775132285194446,0.903,0.0,0.3,0.5,2.311895781254769,63,1.3130875544301088,215.2,2,"[406.6000061035156, 716.5999755859375]"
1779197628.2712824,126.78622157900001,1.2462282225148256,0.903,0.0,0.3,0.5,2.469256042981236,63,1.3130875544301088,134.5,2,"[402.79998779296875, 714.4000244140625]"
1779197628.321141,126.83608013300001,1.2103425571388333,0.903,0.0,0.3,0.5,2.6261380035093893,63,1.3023496889149093,-5.38,2,"[402.79998779296875, 714.4000244140625]"
1779197628.3710132,126.88595239800001,1.1707853727208606,0.903,0.0,0.3,0.5,2.782787033791827,63,1.2793399770966247,-5.38,2,"[401.79998779296875, 702.5999755859375]"
1779197628.4211535,126.93609260800001,1.1283352670790276,0.903,0.0,0.3,0.5,2.9402010670181298,63,1.2517283229146832,-8.07,2,"[401.79998779296875, 702.5999755859375]"
1779197628.4712029,126.986142028,1.084356588748249,0.903,0.0,0.3,0.5,3.0974018238023504,63,1.2210487071569704,-5.38,2,"[427.3999938964844, 690.4000244140625]"
1779197628.5211852,127.03612409,1.039996572845627,0.903,0.0,0.3,0.5,3.2544183890093095,63,1.1826991874598294,-2.69,2,"[427.3999938964844, 690.4000244140625]"
1779197628.571109,127.08604797100001,0.9963702849335369,0.903,0.0,0.3,0.5,3.4113965356796925,63,1.1428156869748027,-2.69,2,"[423.0, 672.0]"
1779197628.6210623,127.13600139,0.9545800418091295,0.903,0.0,0.3,0.5,3.5684562318122275,63,1.0983302441261191,-2.69,2,"[423.0, 672.0]"
1779197628.671058,127.18599698800001,0.9157387951958111,0.903,0.0,0.3,0.5,3.7255056423703863,63,1.0569127628532067,-2.69,2,"[438.79998779296875, 660.7999877929688]"
1779197628.7211668,127.23610612700001,0.8807805639483377,0.903,0.0,0.3,0.5,3.8829182367472512,63,1.0139613007924089,-2.69,2,"[438.79998779296875, 660.7999877929688]"
1779197628.7710197,127.28595864900001,0.8508657112473679,0.903,0.0,0.3,0.5,4.039476490709966,63,0.9740778003073821,-2.69,2,"[481.20001220703125, 633.0]"
1779197628.8212905,127.336229736,0.8264235505319462,0.903,0.0,0.3,0.5,4.197150613250493,63,0.9341942998223555,-8.07,2,"[481.20001220703125, 633.0]"
1779197628.871078,127.386017155,0.808442288362865,0.903,0.0,0.3,0.5,4.353737729024907,63,0.8989127417009857,-10.76,2,"[513.7999877929688, 604.4000244140625]"
1779197628.9211795,127.43611853700001,0.7971832006928056,0.903,0.0,0.3,0.5,4.5110276944741585,63,0.8666991451553873,-21.52,2,"[513.7999877929688, 604.4000244140625]"
1779197628.971153,127.48609219500001,0.7930626316718858,0.903,0.0,0.3,0.5,4.668139405956218,63,0.8390874909734457,-21.52,2,"[527.2000122070312, 588.4000244140625]"
1779197629.0211346,127.53607385900001,0.796198969415473,0.903,0.0,0.3,0.5,4.825112956476595,63,0.8176117599430467,-32.28,2,"[527.2000122070312, 588.4000244140625]"
1779197629.0710294,127.585968479,0.8065342226165843,0.903,0.0,0.3,0.5,4.981966205989487,63,0.8053399136399616,-29.59,2,"[543.2000122070312, 569.5999755859375]"
1779197629.1212704,127.63620939200001,0.8239837381247098,0.903,0.0,0.3,0.5,5.139848782627347,63,0.7992039904884191,-45.73,2,"[543.2000122070312, 569.5999755859375]"
1779197629.1710482,127.68598706700001,0.8478241187063817,0.903,0.0,0.3,0.5,5.296129285241953,63,0.8007379712763046,-13.45,2,"[559.2000122070312, 546.7999877929688]"
1779197629.2211356,127.73607480300001,0.8778637100250923,0.903,0.0,0.3,0.5,5.453463741926349,63,0.803805932852076,0.0,2,"[559.2000122070312, 546.7999877929688]"
1779197629.2713912,127.78633020400001,0.9133383147653754,0.903,0.0,0.3,0.5,5.6111811241977065,63,0.8160777791551611,0.0,2,"[562.4000244140625, 526.5999755859375]"
1779197629.321059,127.835997934,0.952919162873192,0.903,0.0,0.3,0.5,5.767376539916903,63,0.8329515678219032,0.0,2,"[562.4000244140625, 526.5999755859375]"
1779197629.3710675,127.886006491,0.9962295913265707,0.903,0.0,0.3,0.5,5.9244516267118215,63,0.8605632220038447,0.0,2,"[559.0, 549.2000122070312]"
1779197629.4210274,127.93596662600001,1.042005575527991,0.903,0.0,0.3,0.5,6.0815186961622985,63,0.8881748761857863,2.69,2,"[559.0, 549.2000122070312]"
1779197629.4709969,127.98593584400001,1.0891320343537019,0.903,0.0,0.3,0.5,6.2385752035782716,63,0.923456434307156,29.59,2,"[530.2000122070312, 561.2000122070312]"
1779197629.5215213,128.036460247,1.136913862614094,0.903,0.0,0.3,0.5,0.11395559665112387,64,0.9602719732164113,61.87,2,"[530.2000122070312, 561.2000122070312]"
1779197629.5709882,128.08592709500002,1.1828183807234471,0.903,0.0,0.3,0.5,0.26943919973160746,64,1.0032234352772094,72.63,2,"[528.0, 586.7999877929688]"
1779197629.6211653,128.136104256,1.2272097396242583,0.903,0.0,0.3,0.5,0.4268905864945509,64,1.047708878125893,104.91,2,"[528.0, 586.7999877929688]"
1779197629.6712081,128.186147095,1.2683395237961572,0.903,0.0,0.3,0.5,0.584094604251959,64,1.0921943209745766,123.74,2,"[464.20001220703125, 653.2000122070312]"
1779197629.7212026,128.23614159000002,1.3052229524387198,0.903,0.0,0.3,0.5,0.7411167049451706,64,1.1397477253990314,134.5,2,"[464.20001220703125, 653.2000122070312]"
1779197629.7712078,128.286146812,1.337017127802855,0.903,0.0,0.3,0.5,0.8982483309830513,64,1.184233168247715,134.5,2,"[450.3999938964844, 660.0]"
1779197629.8211696,128.336108595,1.3629035106221257,0.903,0.0,0.3,0.5,1.0553827279056804,64,1.227184630308513,166.78,2,"[450.3999938964844, 660.0]"
1779197629.8711135,128.386052753,1.3822132076100986,0.903,0.0,0.3,0.5,1.2123274291806752,64,1.2640001692177683,172.16,2,"[423.6000061035156, 689.2000122070312]"
1779197629.9211936,128.436132773,1.3945153099704342,0.903,0.0,0.3,0.5,1.369690574889205,64,1.2962137657633668,196.37,2,"[423.6000061035156, 689.2000122070312]"
1779197629.9709663,128.485905416,1.3994201462310274,0.903,0.0,0.3,0.5,1.5260121412613898,64,1.3222914391574228,231.34,2,"[409.3999938964844, 733.0]"
1779197630.0210485,128.535987451,1.3968547943687026,0.903,0.0,0.3,0.5,1.6832928013132005,64,1.3437671701878218,239.41,2,"[409.3999938964844, 733.0]"
1779197630.0713246,128.586263527,1.386764830375231,0.903,0.0,0.3,0.5,1.841049491191825,64,1.3606409588545638,263.62,2,"[401.20001220703125, 734.0]"
1779197630.1210337,128.63597273300002,1.3695478108767019,0.903,0.0,0.3,0.5,1.99746847521061,64,1.3698448435818775,269.0,2,"[401.20001220703125, 734.0]"
1779197630.1711905,128.686129426,1.3453547016624063,0.903,0.0,0.3,0.5,2.1549581202889385,64,1.3698448435818775,269.0,2,"[370.3999938964844, 715.4000244140625]"
1779197630.2211773,128.736116536,1.3149652012382882,0.903,0.0,0.3,0.5,2.3118835259018624,64,1.3698448435818775,215.2,2,"[370.3999938964844, 715.4000244140625]"
1779197630.2711046,128.78604369,1.2790035938356716,0.903,0.0,0.3,0.5,2.4688618013775567,64,1.3667768820061064,102.22,2,"[388.20001220703125, 715.5999755859375]"
1779197630.321089,128.836028246,1.2382759018032092,0.903,0.0,0.3,0.5,2.6260227887403857,64,1.3453011509757073,-5.38,2,"[388.20001220703125, 715.5999755859375]"
1779197630.3711452,128.886084422,1.193809308503607,0.903,0.0,0.3,0.5,2.7830972283672395,64,1.3192234775816514,-5.38,2,"[400.79998779296875, 707.0]"
1779197630.4212148,128.936153951,1.1465804850805974,0.903,0.0,0.3,0.5,2.9403457185102866,64,1.2870098810360528,-8.07,2,"[400.79998779296875, 707.0]"
1779197630.4711764,128.986115259,1.097847686829565,0.903,0.0,0.3,0.5,3.097300353501282,64,1.248660361338912,-5.38,2,"[400.0, 728.5999755859375]"
1779197630.5223112,129.03725045800002,1.0476566573134167,0.903,0.0,0.3,0.5,3.257513124808554,64,1.2072428800659996,-5.38,2,"[400.0, 728.5999755859375]"
1779197630.5720065,129.086945527,0.9994577497634829,0.903,0.0,0.3,0.5,3.413704450174066,64,1.158155494853659,-5.38,2,"[415.6000061035156, 707.0]"
1779197630.6220093,129.136948229,0.9528474941576796,0.903,0.0,0.3,0.5,3.5708103559929327,64,1.1121360712170898,-2.69,2,"[415.6000061035156, 707.0]"
1779197630.672052,129.186990899,0.9091802623422962,0.903,0.0,0.3,0.5,3.7279981411411427,64,1.0661166475805206,-2.69,2,"[443.79998779296875, 675.7999877929688]"
1779197630.7212205,129.236159593,0.8700152490158866,0.903,0.0,0.3,0.5,3.883010395367876,64,1.0246991663076084,-2.69,2,"[443.79998779296875, 675.7999877929688]"
1779197630.77106,129.28599904200001,0.8352921189152911,0.903,0.0,0.3,0.5,4.039547713757145,64,0.9786797426710391,-2.69,2,"[478.0, 647.4000244140625]"
1779197630.821192,129.336131016,0.8060680568080296,0.903,0.0,0.3,0.5,4.196887998095917,64,0.9341942998223555,-18.83,2,"[478.0, 647.4000244140625]"
1779197630.87134,129.386279252,0.7831651105235928,0.903,0.0,0.3,0.5,4.354415486799326,64,0.8912428377615575,-21.52,2,"[527.5999755859375, 600.5999755859375]"
1779197630.9211833,129.436122337,0.7671892606726081,0.903,0.0,0.3,0.5,4.511045526154135,64,0.8528933180644165,-21.52,2,"[527.5999755859375, 600.5999755859375]"
1779197630.9711242,129.486063148,0.7583022690774157,0.903,0.0,0.3,0.5,4.667923126151663,64,0.8191457407309324,-21.52,2,"[535.5999755859375, 573.7999877929688]"
1779197631.021079,129.53601812600002,0.7566804271110216,0.903,0.0,0.3,0.5,4.8249597033038185,64,0.7946020481247621,-40.35,2,"[535.5999755859375, 573.7999877929688]"
1779197631.0711122,129.586051206,0.7622993794794561,0.903,0.0,0.3,0.5,4.982002865234165,64,0.7761942786701345,-61.87,2,"[568.2000122070312, 536.7999877929688]"
1779197631.1214278,129.636366993,0.7750684977092459,0.903,0.0,0.3,0.5,5.140288263165246,64,0.7639224323670493,-56.49,2,"[568.2000122070312, 536.7999877929688]"
1779197631.1710114,129.68595059400002,0.7942110282569789,0.903,0.0,0.3,0.5,5.296071256884034,64,0.760854470791278,-80.7,2,"[583.5999755859375, 509.6000061035156]"
1779197631.2211475,129.736086677,0.8196203750839993,0.903,0.0,0.3,0.5,5.453483276349459,64,0.760854470791278,-24.21,2,"[583.5999755859375, 509.6000061035156]"
1779197631.2712781,129.786217165,0.8504241252606275,0.903,0.0,0.3,0.5,5.610939124173967,64,0.7685243747307062,2.69,2,"[574.0, 516.2000122070312]"
1779197631.321189,129.836128019,0.8856008941410148,0.903,0.0,0.3,0.5,5.767702398473261,64,0.7853981633974483,2.69,2,"[574.0, 516.2000122070312]"
1779197631.371193,129.886131946,0.9243811782827966,0.903,0.0,0.3,0.5,5.924695103284023,64,0.8053399136399616,2.69,2,"[568.4000244140625, 518.5999755859375]"
1779197631.421204,129.93614305900002,0.9657008216970354,0.903,0.0,0.3,0.5,6.081800638394952,64,0.8329515678219032,2.69,2,"[568.4000244140625, 518.5999755859375]"
1779197631.4710727,129.986011682,1.0083442846439874,0.903,0.0,0.3,0.5,6.238626091096023,64,0.8620972027917303,2.69,2,"[539.0, 538.0]"
1779197631.5216067,130.036545955,1.051784601529385,0.903,0.0,0.3,0.5,0.11426585719991778,65,0.8943107993373288,18.83,2,"[539.0, 538.0]"
1779197631.5709496,130.085888622,1.0933130613921986,0.903,0.0,0.3,0.5,0.26936753686150183,65,0.9326603190344698,34.97,2,"[535.5999755859375, 565.2000122070312]"
1779197631.6210072,130.135946353,1.1333801399127619,0.903,0.0,0.3,0.5,0.4265956506346029,65,0.9740778003073821,59.18,2,"[535.5999755859375, 565.2000122070312]"
1779197631.671317,130.18625608600001,1.1704514551610272,0.903,0.0,0.3,0.5,0.5844244432062524,65,1.0139613007924089,91.46,2,"[535.4000244140625, 623.0]"
1779197631.721176,130.236115027,1.2031322958811146,0.903,0.0,0.3,0.5,0.7411612527290359,65,1.0569127628532067,115.67,2,"[535.4000244140625, 623.0]"
1779197631.771284,130.286223194,1.2308605805656128,0.903,0.0,0.3,0.5,0.8983671899995684,65,1.0952622825503477,115.67,2,"[465.6000061035156, 606.7999877929688]"
1779197631.8210704,130.336009507,1.2526748434966435,0.903,0.0,0.3,0.5,1.0550121424947534,65,1.1366797638232602,123.74,2,"[465.6000061035156, 606.7999877929688]"
1779197631.8713937,130.386332805,1.2681230009187936,0.903,0.0,0.3,0.5,1.2127081996351663,65,1.167359379580973,131.81,2,"[433.20001220703125, 634.0]"
1779197631.921186,130.436124989,1.2765225943809615,0.903,0.0,0.3,0.5,1.369673179890789,65,1.1949710337629145,164.09,2,"[433.20001220703125, 634.0]"
1779197631.9749458,130.489885081,1.2774358527588625,0.903,0.0,0.3,0.5,1.5381257204098588,65,1.2195147263690846,185.60999999999999,2,"[447.6000061035156, 702.0]"
1779197632.0239065,130.5388454,1.2708044207021953,0.903,0.0,0.3,0.5,1.6919979534944574,65,1.2409904573994837,174.85,2,"[447.6000061035156, 702.0]"
1779197632.0713542,130.586293186,1.257646988255261,0.903,0.0,0.3,0.5,1.8408845732855994,65,1.2532623037025687,169.47,2,"[423.20001220703125, 679.2000122070312]"
1779197632.1212802,130.63621908000002,1.2368080293192638,0.903,0.0,0.3,0.5,1.9978882045556148,65,1.2578642460662257,161.4,2,"[423.20001220703125, 679.2000122070312]"
1779197632.1711345,130.68607371000002,1.2092662289254306,0.903,0.0,0.3,0.5,2.154624360627089,65,1.2578642460662257,161.4,2,"[401.20001220703125, 695.0]"
1779197632.221012,130.73595107900002,1.175502396079132,0.903,0.0,0.3,0.5,2.3115760865032726,65,1.2517283229146832,72.63,2,"[401.20001220703125, 695.0]"
1779197632.2710402,130.785979132,1.1362200154682447,0.903,0.0,0.3,0.5,2.468693358604334,65,1.2348545342479411,53.8,2,"[438.79998779296875, 687.7999877929688]"
1779197632.3211858,130.836124984,1.0921595481254331,0.903,0.0,0.3,0.5,2.6262987085400837,65,1.2118448224296565,-5.38,2,"[438.79998779296875, 687.7999877929688]"
1779197632.3709598,130.885898846,1.0447967378782868,0.903,0.0,0.3,0.5,2.782660411900032,65,1.1826991874598294,-5.38,2,"[420.0, 672.5999755859375]"
1779197632.4210436,130.935982709,0.9945403648293621,0.903,0.0,0.3,0.5,2.9399423285889057,65,1.1474176293384597,-2.69,2,"[420.0, 672.5999755859375]"
1779197632.4713202,130.986259262,0.9426207785226357,0.903,0.0,0.3,0.5,3.0977069289978445,65,1.1060001480655473,-2.69,2,"[419.0, 655.4000244140625]"
1779197632.521154,131.036093082,0.8907456143712053,0.903,0.0,0.3,0.5,3.254294820745635,65,1.0630486860047492,-2.69,2,"[419.0, 655.4000244140625]"
1779197632.5710628,131.086001969,0.8395761700679698,0.903,0.0,0.3,0.5,3.4112140499874286,65,1.0154952815802945,-2.69,2,"[454.79998779296875, 656.2000122070312]"
1779197632.6210837,131.136022813,0.7902584117726292,0.903,0.0,0.3,0.5,3.5684662189354768,65,0.9648739155800683,-2.69,2,"[454.79998779296875, 656.2000122070312]"
1779197632.6710706,131.186009713,0.7440542930612178,0.903,0.0,0.3,0.5,3.7255207879887635,65,0.9173205111556134,-10.76,2,"[493.79998779296875, 606.5999755859375]"
1779197632.721083,131.236022142,0.701920562273093,0.903,0.0,0.3,0.5,3.882562473370605,65,0.868233125943273,-37.66,2,"[493.79998779296875, 606.5999755859375]"
1779197632.7711616,131.286100435,0.6647373449434374,0.903,0.0,0.3,0.5,4.039752313120381,65,0.8176117599430467,-56.49,2,"[575.0, 583.2000122070312]"
1779197632.821185,131.336124167,0.6333528350111958,0.903,0.0,0.3,0.5,4.196884554910447,65,0.7715923363064775,-83.39,2,"[575.0, 583.2000122070312]"
1779197632.871123,131.38606209300002,0.6084287030551898,0.903,0.0,0.3,0.5,4.35384466883901,65,0.7301748550335652,-115.67,2,"[572.5999755859375, 515.2000122070312]"
1779197632.9213438,131.436282853,0.5903572530581436,0.903,0.0,0.3,0.5,4.511487281205213,65,0.6902913545485385,-129.12,2,"[572.5999755859375, 515.2000122070312]"
1779197632.9712102,131.486149393,0.5796338793539111,0.903,0.0,0.3,0.5,4.668107600472389,65,0.6565437772150544,-129.12,2,"[595.0, 510.6000061035156]"
1779197633.0210648,131.536003931,0.5762624673100645,0.903,0.0,0.3,0.5,4.824907530874761,65,0.6289321230331129,-126.42999999999999,2,"[595.0, 510.6000061035156]"
1779197633.0710359,131.585974709,0.5802350763038697,0.903,0.0,0.3,0.5,4.981951280282978,65,0.6089903727905995,-164.09,2,"[626.7999877929688, 461.6000061035156]"
1779197633.1209326,131.63587149900002,0.5913302886961443,0.903,0.0,0.3,0.5,5.138826813112566,65,0.5967185264875144,-153.32999999999998,2,"[626.7999877929688, 461.6000061035156]"
1779197633.1709633,131.685902339,0.6091898606518436,0.903,0.0,0.3,0.5,5.295941540523565,65,0.5936505649117432,-161.4,2,"[670.4000244140625, 437.6000061035156]"
1779197633.2210627,131.73600186500002,0.6332803123237403,0.903,0.0,0.3,0.5,5.453267137916704,65,0.5936505649117432,-139.88,2,"[670.4000244140625, 437.6000061035156]"
1779197633.2711906,131.786129799,0.6628724538391155,0.903,0.0,0.3,0.5,5.610608999334978,65,0.5951845456996288,-53.8,2,"[634.0, 429.6000061035156]"
1779197633.3213599,131.83629914600002,0.697154715387666,0.903,0.0,0.3,0.5,5.768119749632753,65,0.602854449639057,5.38,2,"[634.0, 429.6000061035156]"
1779197633.371187,131.886126096,0.734894016101807,0.903,0.0,0.3,0.5,5.924678484259154,65,0.624330180669456,5.38,2,"[620.0, 440.20001220703125]"
1779197633.4211001,131.93603916700002,0.7753626308967454,0.903,0.0,0.3,0.5,6.081673491857352,65,0.6504078540635119,5.38,2,"[620.0, 440.20001220703125]"
1779197633.4710145,131.985953464,0.8173336333758598,0.903,0.0,0.3,0.5,6.2386048287972145,65,0.6780195082454534,5.38,2,"[618.5999755859375, 427.20001220703125]"
1779197633.5215967,132.03653590300001,0.8601170084219422,0.903,0.0,0.3,0.5,0.11398263633931549,66,0.7117670855789375,2.69,2,"[618.5999755859375, 427.20001220703125]"
1779197633.5711842,132.086123281,0.9014054241675874,0.903,0.0,0.3,0.5,0.26989605956033813,66,0.7485826244881929,2.69,2,"[601.2000122070312, 491.3999938964844]"
1779197633.621081,132.136020307,0.9410308407430226,0.903,0.0,0.3,0.5,0.4267377825697878,66,0.7900001057611052,2.69,2,"[601.2000122070312, 491.3999938964844]"
1779197633.6711636,132.18610253900002,0.9777673993242793,0.903,0.0,0.3,0.5,0.5840536818663651,66,0.8314175870340175,2.69,2,"[573.4000244140625, 519.0]"
1779197633.7211826,132.23612167000002,1.0104296485455042,0.903,0.0,0.3,0.5,0.7411301666700325,66,0.8728350683069298,8.07,2,"[573.4000244140625, 519.0]"
1779197633.7711284,132.286067529,1.0381463911765505,0.903,0.0,0.3,0.5,0.8980894637845296,66,0.9111845880040709,8.07,2,"[531.4000244140625, 574.2000122070312]"
1779197633.8210711,132.336010363,1.060156614151961,0.903,0.0,0.3,0.5,1.0550450443949018,66,0.9495341077012119,18.83,2,"[531.4000244140625, 574.2000122070312]"
1779197633.8711035,132.386042573,1.0758423566684412,0.903,0.0,0.3,0.5,1.2123328358620284,66,0.983281685034696,56.49,2,"[523.2000122070312, 590.4000244140625]"
1779197633.9209332,132.435872391,1.084637520031059,0.903,0.0,0.3,0.5,1.3689274631844484,66,1.0108933392166375,86.08,2,"[523.2000122070312, 590.4000244140625]"
1779197633.9709668,132.485905878,1.0863043378362394,0.903,0.0,0.3,0.5,1.526029913251378,66,1.0354370318228079,94.14999999999999,2,"[494.79998779296875, 621.5999755859375]"
1779197634.0211706,132.53610963100002,1.08063626025479,0.903,0.0,0.3,0.5,1.6835830467756097,66,1.0538448012774355,115.67,2,"[494.79998779296875, 621.5999755859375]"
1779197634.071325,132.58626417800002,1.0676666151702299,0.903,0.0,0.3,0.5,1.8410774388004398,66,1.064582666792635,126.42999999999999,2,"[457.6000061035156, 630.4000244140625]"
1779197634.1211958,132.636134889,1.047735907925664,0.903,0.0,0.3,0.5,1.9977906895199027,66,1.069184609156292,96.84,2,"[457.6000061035156, 630.4000244140625]"
1779197634.1710494,132.685988455,1.0211842510518596,0.903,0.0,0.3,0.5,2.1545522108104507,66,1.0676506283684062,96.84,2,"[505.6000061035156, 641.4000244140625]"
1779197634.221003,132.735942244,0.9885155577950591,0.903,0.0,0.3,0.5,2.3115852913699797,66,1.064582666792635,8.07,2,"[505.6000061035156, 641.4000244140625]"
1779197634.2712069,132.786145831,0.9503693303092201,0.903,0.0,0.3,0.5,2.469066381891494,66,1.047708878125893,0.0,2,"[457.79998779296875, 630.0]"
1779197634.3212898,132.836228865,0.9076632095917972,0.903,0.0,0.3,0.5,2.6266290784237896,66,1.026233147095494,-2.69,2,"[457.79998779296875, 630.0]"
1779197634.3709474,132.885886617,0.8618660780789115,0.903,0.0,0.3,0.5,2.782611063762843,66,0.9986214929135524,-2.69,2,"[467.79998779296875, 636.7999877929688]"
1779197634.4211924,132.93613131400002,0.8130689500935953,0.903,0.0,0.3,0.5,2.940281925330183,66,0.966407896367954,-2.69,2,"[467.79998779296875, 636.7999877929688]"
1779197634.4712076,132.98614651900002,0.7630659650648152,0.903,0.0,0.3,0.5,3.0973691983629834,66,0.9280583766708129,-8.07,2,"[465.6000061035156, 612.4000244140625]"
1779197634.521227,133.03616594000002,0.7128220685081564,0.903,0.0,0.3,0.5,3.2544913085167337,66,0.885106914610015,-21.52,2,"[465.6000061035156, 612.4000244140625]"
1779197634.5712228,133.086161917,0.663496794635215,0.903,0.0,0.3,0.5,3.411655126454562,66,0.8406214717613314,-21.52,2,"[558.0, 609.5999755859375]"
1779197634.621121,133.13606007200002,0.61632905239508,0.903,0.0,0.3,0.5,3.5685316677353427,66,0.7900001057611052,-37.66,2,"[558.0, 609.5999755859375]"
1779197634.6710165,133.18595564900002,0.5723296929444842,0.903,0.0,0.3,0.5,3.7253520184899713,66,0.7455146629124216,-83.39,2,"[535.4000244140625, 541.4000244140625]"
1779197634.721018,133.235957129,0.5324448366324508,0.903,0.0,0.3,0.5,3.8823718352453085,66,0.6994952392758523,-131.81,2,"[535.4000244140625, 541.4000244140625]"
1779197634.7709749,133.285913935,0.49765384551029707,0.903,0.0,0.3,0.5,4.03936047169357,66,0.6519418348513975,-153.32999999999998,2,"[618.4000244140625, 493.3999938964844]"
1779197634.8211222,133.33606115400002,0.4686695698639644,0.903,0.0,0.3,0.5,4.196779201600876,66,0.607456392002714,-161.4,2,"[618.4000244140625, 493.3999938964844]"
1779197634.8713381,133.386277079,0.44622636227963947,0.903,0.0,0.3,0.5,4.354390894412191,66,0.5660389107298016,-182.92,2,"[633.5999755859375, 438.6000061035156]"
1779197634.921255,133.43619421900001,0.4309289021847328,0.903,0.0,0.3,0.5,4.511082590664458,66,0.5276893910326605,-199.06,2,"[633.5999755859375, 438.6000061035156]"
1779197634.9711432,133.48608243700002,0.42293949520202734,0.903,0.0,0.3,0.5,4.667998492959626,66,0.4954757944870621,-199.06,2,"[637.5999755859375, 418.0]"
1779197635.0210314,133.535970254,0.42242787665882453,0.903,0.0,0.3,0.5,4.824901524149666,66,0.4724660826687775,-212.51,2,"[637.5999755859375, 418.0]"
1779197635.0710342,133.585973271,0.4293644794336403,0.903,0.0,0.3,0.5,4.981943834708446,66,0.45559229400203544,-228.65,2,"[647.0, 435.3999938964844]"
1779197635.120972,133.635911068,0.4435310556537452,0.903,0.0,0.3,0.5,5.138956306420212,66,0.44485442848683593,-242.1,2,"[647.0, 435.3999938964844]"
1779197635.1710436,133.68598279900002,0.46456782822793163,0.903,0.0,0.3,0.5,5.296184190857005,66,0.440252486123179,-223.26999999999998,2,"[644.0, 390.3999938964844]"
1779197635.221198,133.736137245,0.4919347007427088,0.903,0.0,0.3,0.5,5.453598648198309,66,0.440252486123179,-137.19,2,"[644.0, 390.3999938964844]"
1779197635.2713287,133.786267586,0.5248424178616466,0.903,0.0,0.3,0.5,5.610783404851148,66,0.4433204476989503,-80.7,2,"[683.7999877929688, 408.3999938964844]"
1779197635.3210518,133.83599080000002,0.5623361398529483,0.903,0.0,0.3,0.5,5.767404691728828,66,0.4586602555778067,-59.18,2,"[683.7999877929688, 408.3999938964844]"
1779197635.3711057,133.886044726,0.6037199329091768,0.903,0.0,0.3,0.5,5.924563828693593,66,0.48473792897186263,-59.18,2,"[667.4000244140625, 379.6000061035156]"
1779197635.4213846,133.936323692,0.6479552768087595,0.903,0.0,0.3,0.5,6.082188449158664,66,0.5138835639416898,-69.94,2,"[667.4000244140625, 379.6000061035156]"
1779197635.4711447,133.98608374,0.6935167912393374,0.903,0.0,0.3,0.5,6.238848952537481,66,0.5460971604872883,-75.32,2,"[661.2000122070312, 403.3999938964844]"
1779197635.5211346,134.036073767,0.739599792924284,0.903,0.0,0.3,0.5,0.1125720957953078,67,0.5829126993965437,-43.04,2,"[661.2000122070312, 403.3999938964844]"
1779197635.571002,134.08594099,0.7849838097520958,0.903,0.0,0.3,0.5,0.2694974291516061,67,0.6227961998815703,-43.04,2,"[626.0, 417.20001220703125]"
1779197635.621068,134.13600695,0.8286161596729994,0.903,0.0,0.3,0.5,0.42674398721515416,67,0.6672816427302539,5.38,2,"[626.0, 417.20001220703125]"
1779197635.6711812,134.186120209,0.8693250975133198,0.903,0.0,0.3,0.5,0.5840509769549769,67,0.7117670855789375,2.69,2,"[611.2000122070312, 459.6000061035156]"
1779197635.7212145,134.236153765,0.9060424547955334,0.903,0.0,0.3,0.5,0.7412087944508627,67,0.7562525284276211,2.69,2,"[611.2000122070312, 459.6000061035156]"
1779197635.771088,134.286027138,0.9378155177652351,0.903,0.0,0.3,0.5,0.8979464804779624,67,0.8007379712763046,2.69,2,"[562.5999755859375, 511.79998779296875]"
1779197635.821066,134.33600481300002,0.9640115784140157,0.903,0.0,0.3,0.5,1.0550184602377541,67,0.8436894333371027,2.69,2,"[562.5999755859375, 511.79998779296875]"
1779197635.871104,134.386043273,0.9839095841965876,0.903,0.0,0.3,0.5,1.2121003862798645,67,0.8789709914584724,2.69,2,"[576.2000122070312, 547.4000244140625]"
1779197635.9210818,134.43602073300002,0.9970256405472188,0.903,0.0,0.3,0.5,1.3693261595664055,67,0.9142525495798421,24.21,2,"[576.2000122070312, 547.4000244140625]"
1779197635.971011,134.48595000900002,1.003011268160384,0.903,0.0,0.3,0.5,1.52616137633742,67,0.940330222973898,43.04,2,"[514.2000122070312, 608.7999877929688]"
1779197636.0210738,134.536012762,1.0017551491170305,0.903,0.0,0.3,0.5,1.6833425609994421,67,0.9633399347921826,53.8,2,"[514.2000122070312, 608.7999877929688]"
1779197636.0712082,134.58614743,0.9932587317841685,0.903,0.0,0.3,0.5,1.8407409867934277,67,0.9802137234589247,69.94,2,"[483.0, 665.0]"
1779197636.1211941,134.63613320800002,0.9777809130971329,0.903,0.0,0.3,0.5,1.997799529961462,67,0.9909515889741242,67.25,2,"[483.0, 665.0]"
1779197636.1711137,134.686052818,0.9557236327966511,0.903,0.0,0.3,0.5,2.154750517563393,67,0.9924855697620099,67.25,2,"[501.0, 620.4000244140625]"
1779197636.2212107,134.736149683,0.9275675552261065,0.903,0.0,0.3,0.5,2.312060114825151,67,0.9894176081862386,16.14,2,"[501.0, 620.4000244140625]"
1779197636.271035,134.785974092,0.8942292522903157,0.903,0.0,0.3,0.5,2.4686776726323885,67,0.9771457618831534,0.0,2,"[479.3999938964844, 614.4000244140625]"
1779197636.3210862,134.836025145,0.8562946194630373,0.903,0.0,0.3,0.5,2.6258558036663473,67,0.9587379924285258,-2.69,2,"[479.3999938964844, 614.4000244140625]"
1779197636.3709574,134.88589656300002,0.8149338817982126,0.903,0.0,0.3,0.5,2.782673050527414,67,0.9357282806102412,-2.69,2,"[490.0, 612.5999755859375]"
1779197636.421171,134.93611005900001,0.7709032941264848,0.903,0.0,0.3,0.5,2.9402112866192667,67,0.9065826456404139,-16.14,2,"[490.0, 612.5999755859375]"
1779197636.4713175,134.986256813,0.7255251503455115,0.903,0.0,0.3,0.5,3.0976923268752827,67,0.8743690490948155,-18.83,2,"[520.4000244140625, 627.2000122070312]"
1779197636.5216098,135.03654897200002,0.6799769808093207,0.903,0.0,0.3,0.5,3.2550524189557493,67,0.8360195293976744,-37.66,2,"[520.4000244140625, 627.2000122070312]"
1779197636.571276,135.08621484,0.6356471415490246,0.903,0.0,0.3,0.5,3.41147990726585,67,0.7930680673368765,-37.66,2,"[534.7999877929688, 548.0]"
1779197636.6211836,135.136122695,0.5932085408110591,0.903,0.0,0.3,0.5,3.5685942419777845,67,0.7501166052760785,-75.32,2,"[534.7999877929688, 548.0]"
1779197636.671082,135.186021076,0.5539966282932562,0.903,0.0,0.3,0.5,3.725503119671764,67,0.7117670855789375,-83.39,2,"[568.2000122070312, 517.0]"
1779197636.720863,135.235802217,0.5190531468297037,0.903,0.0,0.3,0.5,3.8819833647472635,67,0.6672816427302539,-145.26,2,"[568.2000122070312, 517.0]"
1779197636.7709959,135.285935013,0.4890127903502793,0.903,0.0,0.3,0.5,4.039364926471926,67,0.6258641614573416,-169.47,2,"[581.4000244140625, 489.3999938964844]"
1779197636.821044,135.33598304,0.46490359416641514,0.903,0.0,0.3,0.5,4.196603432633474,67,0.5859806609723149,-166.78,2,"[581.4000244140625, 489.3999938964844]"
1779197636.8712316,135.38617072300002,0.44733338233755554,0.903,0.0,0.3,0.5,4.35397668484557,67,0.5491651220630596,-188.29999999999998,2,"[604.2000122070312, 445.6000061035156]"
1779197636.9214466,135.43638556300002,0.4367988789362321,0.903,0.0,0.3,0.5,4.5117742342782705,67,0.516951525517461,-185.60999999999999,2,"[604.2000122070312, 445.6000061035156]"
1779197636.9710424,135.48598153100002,0.43367243103578273,0.903,0.0,0.3,0.5,4.667821803505596,67,0.4908738521234052,-185.60999999999999,2,"[649.7999877929688, 410.20001220703125]"
1779197637.0211835,135.536122755,0.4380076791448332,0.903,0.0,0.3,0.5,4.825290004072421,67,0.47093210188089185,-215.2,2,"[649.7999877929688, 410.20001220703125]"
1779197637.0713165,135.586255736,0.44980110526746453,0.903,0.0,0.3,0.5,4.982514146872397,67,0.4586602555778067,-228.65,2,"[664.7999877929688, 398.20001220703125]"
1779197637.1211827,135.63612169200002,0.46878939463345914,0.903,0.0,0.3,0.5,5.13945092505076,67,0.4540583132141498,-255.54999999999998,2,"[664.7999877929688, 398.20001220703125]"
1779197637.170971,135.685909951,0.4945028114437258,0.903,0.0,0.3,0.5,5.295912838933127,67,0.4540583132141498,-199.06,2,"[650.2000122070312, 406.0]"
1779197637.221079,135.736018233,0.5266338290657209,0.903,0.0,0.3,0.5,5.45328286787116,67,0.4540583132141498,-83.39,2,"[650.2000122070312, 406.0]"
1779197637.271103,135.78604182,0.564254402205534,0.903,0.0,0.3,0.5,5.6103419105523855,67,0.4632621979414636,-61.87,2,"[652.2000122070312, 391.3999938964844]"
1779197637.3214293,135.836368329,0.6067630023239022,0.903,0.0,0.3,0.5,5.768072619459751,67,0.48627190975974827,-83.39,2,"[652.2000122070312, 391.3999938964844]"
1779197637.3711774,135.88611652,0.6527125684461099,0.903,0.0,0.3,0.5,5.924738001731946,67,0.5154175447295755,-83.39,2,"[657.4000244140625, 374.79998779296875]"
1779197637.4213827,135.936321961,0.7015970061566269,0.903,0.0,0.3,0.5,6.08224324167616,67,0.5506991028509451,-72.63,2,"[657.4000244140625, 374.79998779296875]"
1779197637.4711592,135.986098255,0.7517757854113096,0.903,0.0,0.3,0.5,6.238887779481097,67,0.5844466801844292,-53.8,2,"[623.5999755859375, 407.6000061035156]"
1779197637.5212095,136.036148489,0.802579986224652,0.903,0.0,0.3,0.5,0.11301032597933158,68,0.6258641614573416,-16.14,2,"[623.5999755859375, 407.6000061035156]"
1779197637.5709524,136.085891274,0.852337775852224,0.903,0.0,0.3,0.5,0.2693736661090327,68,0.6734175658817965,2.69,2,"[604.5999755859375, 452.6000061035156]"
1779197637.6210072,136.135946367,0.9004841368495635,0.903,0.0,0.3,0.5,0.4265926598386329,68,0.7209709703062513,2.69,2,"[604.5999755859375, 452.6000061035156]"
1779197637.6713302,136.18626921700002,0.9458242361267956,0.903,0.0,0.3,0.5,0.5844487748415474,68,0.7715923363064775,2.69,2,"[572.5999755859375, 496.20001220703125]"
1779197637.7212102,136.236149358,0.9868580497257637,0.903,0.0,0.3,0.5,0.7412174086979064,68,0.8222137023067037,2.69,2,"[572.5999755859375, 496.20001220703125]"
1779197637.77125,136.28618905500002,1.0230799502282566,0.903,0.0,0.3,0.5,0.8983675889820404,68,0.8697671067311585,2.69,2,"[559.0, 558.2000122070312]"
1779197637.8211074,136.336046487,1.0535442774970627,0.903,0.0,0.3,0.5,1.0552546828725724,68,0.9157865303677277,21.52,2,"[559.0, 558.2000122070312]"
1779197637.8711767,136.38611592,1.077696463821427,0.903,0.0,0.3,0.5,1.2123640255938142,68,0.9541360500648688,18.83,2,"[530.2000122070312, 614.4000244140625]"
1779197637.9210014,136.435940299,1.094961635111667,0.903,0.0,0.3,0.5,1.3690852056930964,68,0.9909515889741242,78.01,2,"[530.2000122070312, 614.4000244140625]"
1779197637.9709916,136.485930859,1.105097075206344,0.903,0.0,0.3,0.5,1.5260592651514742,68,1.021631204731837,99.53,2,"[506.6000061035156, 623.2000122070312]"
1779197638.0211563,136.536095163,1.107921556537816,0.903,0.0,0.3,0.5,1.6835581622201232,68,1.0507768397016641,107.6,2,"[506.6000061035156, 623.2000122070312]"
1779197638.0711603,136.586099485,1.1034471783945181,0.903,0.0,0.3,0.5,1.8406440058282953,68,1.0707185899441776,129.12,2,"[483.6000061035156, 640.4000244140625]"
1779197638.1210895,136.636028554,1.0919251029942336,0.903,0.0,0.3,0.5,1.9975563832565228,68,1.0829904362472627,131.81,2,"[483.6000061035156, 640.4000244140625]"
1779197638.1711063,136.686045398,1.073724704885846,0.903,0.0,0.3,0.5,2.1546245616891895,68,1.0891263593988052,131.81,2,"[461.20001220703125, 643.2000122070312]"
1779197638.221082,136.736021112,1.0494235277713644,0.903,0.0,0.3,0.5,2.3116263771186425,68,1.0891263593988052,118.36,2,"[461.20001220703125, 643.2000122070312]"
1779197638.2712274,136.786166197,1.0196383982447494,0.903,0.0,0.3,0.5,2.4690469385745075,68,1.086058397823034,29.59,2,"[454.0, 651.0]"
1779197638.3209815,136.83592072500002,0.9854577646177626,0.903,0.0,0.3,0.5,2.6256795948760043,68,1.0722525707320631,-2.69,2,"[454.0, 651.0]"
1779197638.3709614,136.885900507,0.9476070708152368,0.903,0.0,0.3,0.5,2.7826623973867015,68,1.0538448012774355,-2.69,2,"[464.0, 653.0]"
1779197638.4211838,136.936122866,0.9070441058797574,0.903,0.0,0.3,0.5,2.9402491176780075,68,1.0277671278833795,-2.69,2,"[464.0, 653.0]"
1779197638.471204,136.986143004,0.8651514436048189,0.903,0.0,0.3,0.5,3.0973835491581383,68,0.9970875121256667,-2.69,2,"[456.20001220703125, 640.7999877929688]"
1779197638.5212548,137.036193931,0.8229328905953602,0.903,0.0,0.3,0.5,3.2546359788583743,68,0.961805954004297,-2.69,2,"[456.20001220703125, 640.7999877929688]"
1779197638.5710788,137.086017739,0.7817457011954697,0.903,0.0,0.3,0.5,3.4112406875516683,68,0.9265243958829272,-2.69,2,"[493.20001220703125, 609.2000122070312]"
1779197638.6210935,137.136032488,0.7424118083196285,0.903,0.0,0.3,0.5,3.568377701420985,68,0.8835729338221293,-2.69,2,"[493.20001220703125, 609.2000122070312]"
1779197638.6711276,137.186066637,0.706193045025723,0.903,0.0,0.3,0.5,3.7253680814531833,68,0.8467573949128739,-18.83,2,"[525.4000244140625, 589.4000244140625]"
1779197638.7209082,137.23584710400002,0.6741125848398084,0.903,0.0,0.3,0.5,3.8820868393845274,68,0.803805932852076,-64.56,2,"[525.4000244140625, 589.4000244140625]"
1779197638.770989,137.285927965,0.6469259683872047,0.903,0.0,0.3,0.5,4.0393443301905165,68,0.765456413154935,-80.7,2,"[554.7999877929688, 544.0]"
1779197638.8211956,137.336134647,0.6255102334925546,0.903,0.0,0.3,0.5,4.196876565840427,68,0.7301748550335652,-91.46,2,"[554.7999877929688, 544.0]"
1779197638.87112,137.38605905400001,0.6106124671244079,0.903,0.0,0.3,0.5,4.353814899107164,68,0.6979612584879668,-110.28999999999999,2,"[578.0, 510.0]"
1779197638.9213486,137.43628742200002,0.6026058438174304,0.903,0.0,0.3,0.5,4.511497934346011,68,0.6688156235181395,-131.81,2,"[578.0, 510.0]"
1779197638.9710207,137.485959649,0.6018711701775556,0.903,0.0,0.3,0.5,4.667790780278125,68,0.6442719309119693,-131.81,2,"[615.2000122070312, 493.6000061035156]"
1779197639.0211396,137.536078585,0.6085102765513805,0.903,0.0,0.3,0.5,4.8251025829378875,68,0.6258641614573416,-137.19,2,"[615.2000122070312, 493.6000061035156]"
1779197639.0710778,137.586016883,0.6224812806444352,0.903,0.0,0.3,0.5,4.982167795707113,68,0.6166602767300278,-147.95,2,"[597.5999755859375, 454.79998779296875]"
1779197639.1209466,137.63588564,0.6434992961754518,0.903,0.0,0.3,0.5,5.1388098516538605,68,0.6120583343663708,-134.5,2,"[597.5999755859375, 454.79998779296875]"
1779197639.1711771,137.686116252,0.6713866730572199,0.903,0.0,0.3,0.5,5.296414406766672,68,0.6120583343663708,-53.8,2,"[611.7999877929688, 473.6000061035156]"
1779197639.2211633,137.736102553,0.7053433472834763,0.903,0.0,0.3,0.5,5.453495811304407,68,0.6181942575179133,2.69,2,"[611.7999877929688, 473.6000061035156]"
1779197639.2710564,137.785995468,0.7446653753484345,0.903,0.0,0.3,0.5,5.610316718120913,68,0.6366020269725411,2.69,2,"[599.7999877929688, 437.3999938964844]"
1779197639.3211908,137.83612980200002,0.7887205155776937,0.903,0.0,0.3,0.5,5.767692973695574,68,0.6611457195787114,5.38,2,"[599.7999877929688, 437.3999938964844]"
1779197639.3711224,137.886061375,0.8362938103242907,0.903,0.0,0.3,0.5,5.924698515053905,68,0.6887573737606529,5.38,2,"[599.2000122070312, 451.79998779296875]"
1779197639.4211283,137.936067291,0.8864440114175833,0.903,0.0,0.3,0.5,6.08174061826756,68,0.7255729126699083,2.69,2,"[599.2000122070312, 451.79998779296875]"
1779197639.4711337,137.986072874,0.938048819645985,0.903,0.0,0.3,0.5,6.2387970157277834,68,0.7623884515791637,2.69,2,"[631.0, 495.0]"
1779197639.521225,138.0361641,0.9900442200830358,0.903,0.0,0.3,0.5,0.11295216253297014,69,0.803805932852076,2.69,2,"[631.0, 495.0]"
1779197639.5709543,138.085893341,1.0408776070016976,0.903,0.0,0.3,0.5,0.2693765909318202,69,0.8513593372765309,2.69,2,"[549.4000244140625, 526.0]"
1779197639.6211832,138.13612227500002,1.090089342340735,0.903,0.0,0.3,0.5,0.4270011925473298,69,0.8989127417009857,32.28,2,"[549.4000244140625, 526.0]"
1779197639.6713414,138.186280495,1.1361438400781299,0.903,0.0,0.3,0.5,0.5844946043952248,69,0.9526020692769832,37.66,2,"[527.2000122070312, 575.5999755859375]"
1779197639.7212472,138.236186084,1.1778595546141712,0.903,0.0,0.3,0.5,0.7411976857792482,69,1.0016894544893238,80.7,2,"[527.2000122070312, 575.5999755859375]"
1779197639.7712927,138.286231828,1.214674036957596,0.903,0.0,0.3,0.5,0.8983991557050288,69,1.0492428589137786,80.7,2,"[527.5999755859375, 635.7999877929688]"
1779197639.8210723,138.3360112,1.2455544439118689,0.903,0.0,0.3,0.5,1.055050897181907,69,1.0952622825503477,126.42999999999999,2,"[527.5999755859375, 635.7999877929688]"
1779197639.871136,138.38607495300002,1.270066137886243,0.903,0.0,0.3,0.5,1.2122522602935604,69,1.1366797638232602,139.88,2,"[464.79998779296875, 656.2000122070312]"
1779197639.9209342,138.435873452,1.2875432522441659,0.903,0.0,0.3,0.5,1.3688652376586745,69,1.175029283520401,169.47,2,"[464.79998779296875, 656.2000122070312]"
1779197639.9710224,138.48596152800002,1.2977982158229293,0.903,0.0,0.3,0.5,1.526170153947369,69,1.205708899278114,177.54,2,"[465.0, 674.0]"
1779197640.0212414,138.536180596,1.3005906842433343,0.903,0.0,0.3,0.5,1.6837208370293482,69,1.2348545342479411,182.92,2,"[465.0, 674.0]"
1779197640.071036,138.58597514500002,1.2959825936128602,0.903,0.0,0.3,0.5,1.840386750230671,69,1.2563302652783401,169.47,2,"[429.79998779296875, 695.5999755859375]"
1779197640.1212285,138.636167551,1.2841491619650558,0.903,0.0,0.3,0.5,1.9978478916388056,69,1.2716700731571966,188.29999999999998,2,"[429.79998779296875, 695.5999755859375]"
1779197640.171104,138.68604294000002,1.265580160208966,0.903,0.0,0.3,0.5,2.1546668883669966,69,1.2778059963087391,188.29999999999998,2,"[417.20001220703125, 710.0]"
1779197640.2211232,138.736062204,1.2407423831605306,0.903,0.0,0.3,0.5,2.311799032767688,69,1.2778059963087391,177.54,2,"[417.20001220703125, 710.0]"
1779197640.2710938,138.78603287800001,1.2103910888178455,0.903,0.0,0.3,0.5,2.468865373368665,69,1.2762720155208536,96.84,2,"[423.6000061035156, 726.0]"
1779197640.3211098,138.836048842,1.1753405354464581,0.903,0.0,0.3,0.5,2.6260206021921775,69,1.2640001692177683,-5.38,2,"[423.6000061035156, 726.0]"
1779197640.370965,138.88590406400002,1.1366994959294008,0.903,0.0,0.3,0.5,2.7826542606617366,69,1.2425244381873692,-5.38,2,"[433.20001220703125, 695.5999755859375]"
1779197640.4211626,138.936101597,1.095144224119529,0.903,0.0,0.3,0.5,2.9402269066179727,69,1.214912784005428,-5.38,2,"[433.20001220703125, 695.5999755859375]"
1779197640.4712064,138.986145623,1.0521366643566372,0.903,0.0,0.3,0.5,3.0973708288495416,69,1.184233168247715,-5.38,2,"[420.6000061035156, 678.7999877929688]"
1779197640.5213838,139.036322799,1.0086503642435931,0.903,0.0,0.3,0.5,3.2547546933615834,69,1.1474176293384597,-5.38,2,"[420.6000061035156, 678.7999877929688]"
1779197640.571115,139.086054292,0.9661490124405003,0.903,0.0,0.3,0.5,3.411253709453213,69,1.1075341288534328,-5.38,2,"[414.79998779296875, 661.2000122070312]"
1779197640.621293,139.136232122,0.9252759291260932,0.903,0.0,0.3,0.5,3.5686896207307726,69,1.0661166475805206,-2.69,2,"[414.79998779296875, 661.2000122070312]"
1779197640.6710877,139.186026698,0.8875580592842204,0.903,0.0,0.3,0.5,3.725364160745535,69,1.0277671278833795,-2.69,2,"[466.3999938964844, 644.5999755859375]"
1779197640.7211728,139.23611204600002,0.8536255444519616,0.903,0.0,0.3,0.5,3.8828905373251317,69,0.9863496466104673,-2.69,2,"[466.3999938964844, 644.5999755859375]"
1779197640.7732449,139.288183983,0.8236782282896502,0.903,0.0,0.3,0.5,4.046037169754932,69,0.9464661461254406,-2.69,2,"[480.79998779296875, 622.5999755859375]"
1779197640.8229463,139.33788538800002,0.8007748727192496,0.903,0.0,0.3,0.5,4.202156882515915,69,0.9050486648525283,-5.38,2,"[480.79998779296875, 622.5999755859375]"
1779197640.8743806,139.38931979100002,0.784325858409576,0.903,0.0,0.3,0.5,4.356103854089731,69,0.8728350683069298,-26.9,2,"[525.7999877929688, 599.0]"
1779197640.9253738,139.44031281600002,0.7742935889713655,0.903,0.0,0.3,0.5,4.513277932469187,69,0.8329515678219032,-26.9,2,"[525.7999877929688, 599.0]"
1779197640.971208,139.486146998,0.7713960370158157,0.903,0.0,0.3,0.5,4.66807666520959,69,0.8099418560036186,-29.59,2,"[550.7999877929688, 576.2000122070312]"
1779197641.0212216,139.53616085800002,0.7756806492410347,0.903,0.0,0.3,0.5,4.825228582794473,69,0.7930680673368765,-32.28,2,"[550.7999877929688, 576.2000122070312]"
1779197641.0710707,139.586009668,0.7871672579444071,0.903,0.0,0.3,0.5,4.981996864792457,69,0.7807962210337913,-51.11,2,"[552.0, 542.5999755859375]"
1779197641.121004,139.635943192,0.8056688116465849,0.903,0.0,0.3,0.5,5.138994662124908,69,0.7746602978822488,-61.87,2,"[552.0, 542.5999755859375]"
1779197641.1710835,139.686022537,0.8308261873008511,0.903,0.0,0.3,0.5,5.296263641735216,69,0.7746602978822488,-18.83,2,"[571.0, 528.5999755859375]"
1779197641.2211971,139.736136264,0.8620536447491187,0.903,0.0,0.3,0.5,5.453554854396721,69,0.7807962210337913,0.0,2,"[571.0, 528.5999755859375]"
1779197641.271186,139.78612514,0.8985746897928044,0.903,0.0,0.3,0.5,5.610619665042073,69,0.7961360289126478,2.69,2,"[562.5999755859375, 523.7999877929688]"
1779197641.3213375,139.836276639,0.9396820082961406,0.903,0.0,0.3,0.5,5.768051376010256,69,0.8160777791551611,2.69,2,"[562.5999755859375, 523.7999877929688]"
1779197641.3712025,139.88614151500002,0.9841227741043256,0.903,0.0,0.3,0.5,5.924782370445037,69,0.8436894333371027,2.69,2,"[528.0, 566.7999877929688]"
1779197641.4212105,139.936149437,1.0311641110557355,0.903,0.0,0.3,0.5,6.081966184620121,69,0.8759030298827011,2.69,2,"[528.0, 566.7999877929688]"
1779197641.4712212,139.986160304,1.0795326184228398,0.903,0.0,0.3,0.5,6.23904606862704,69,0.9096506072161852,16.14,2,"[518.7999877929688, 558.2000122070312]"
1779197641.5210261,140.03596525900002,1.127995515070284,0.903,0.0,0.3,0.5,0.11257731712235852,70,0.9510680884890975,59.18,2,"[518.7999877929688, 558.2000122070312]"
1779197641.571068,140.086006967,1.1756158403031116,0.903,0.0,0.3,0.5,0.26964224400664705,70,0.9924855697620099,69.94,2,"[515.2000122070312, 578.7999877929688]"
1779197641.621034,140.13597279500001,1.2211319214790328,0.903,0.0,0.3,0.5,0.4266533271344173,70,1.038504993398579,107.6,2,"[515.2000122070312, 578.7999877929688]"
1779197641.6711032,140.186042422,1.2635350364583882,0.903,0.0,0.3,0.5,0.5839120525862853,70,1.0845244170351482,126.42999999999999,2,"[497.6000061035156, 654.4000244140625]"
1779197641.721165,140.23610391900002,1.3017215965643045,0.903,0.0,0.3,0.5,0.7411208926884427,70,1.1320778214596032,131.81,2,"[497.6000061035156, 654.4000244140625]"
1779197641.7711482,140.286087148,1.334753628547167,0.903,0.0,0.3,0.5,0.8981469989122814,70,1.1765632643082868,131.81,2,"[447.0, 656.5999755859375]"
1779197641.8210342,140.335973292,1.3618623915247356,0.903,0.0,0.3,0.5,1.0550100721853681,70,1.2195147263690846,174.85,2,"[447.0, 656.5999755859375]"
1779197641.8711257,140.386064699,1.3824795188996548,0.903,0.0,0.3,0.5,1.212251729364354,70,1.2578642460662257,172.16,2,"[435.3999938964844, 679.2000122070312]"
1779197641.920954,140.43589316700002,1.3960031063581733,0.903,0.0,0.3,0.5,1.3689169891144246,70,1.2916118233997098,190.99,2,"[435.3999938964844, 679.2000122070312]"
1779197641.9709704,140.485909592,1.4022096576505974,0.903,0.0,0.3,0.5,1.5260257600657923,70,1.320757458369537,225.96,2,"[418.0, 694.0]"
1779197642.0212111,140.53615032300002,1.4008918428336463,0.903,0.0,0.3,0.5,1.683629664868917,70,1.3437671701878218,234.03,2,"[418.0, 694.0]"
1779197642.0712597,140.58619886900001,1.392081127065612,0.903,0.0,0.3,0.5,1.840942425714431,70,1.3621749396424494,247.48,2,"[413.0, 728.2000122070312]"
1779197642.1212363,140.636175377,1.3760462558529523,0.903,0.0,0.3,0.5,1.9979121560581206,70,1.371378824369763,266.31,2,"[413.0, 728.2000122070312]"
1779197642.1710572,140.685996453,1.3532239480449955,0.903,0.0,0.3,0.5,2.154565103906563,70,1.3744467859455345,266.31,2,"[386.79998779296875, 733.7999877929688]"
1779197642.2209847,140.735923676,1.324084008613728,0.903,0.0,0.3,0.5,2.31152059655237,70,1.3744467859455345,244.79,2,"[386.79998779296875, 733.7999877929688]"
1779197642.2710772,140.786016265,1.2892760096888525,0.903,0.0,0.3,0.5,2.4688946215962204,70,1.371378824369763,131.81,2,"[388.3999938964844, 717.7999877929688]"
1779197642.3209565,140.83589555400002,1.2499118247636753,0.903,0.0,0.3,0.5,2.625548989444539,70,1.354505035703021,-8.07,2,"[388.3999938964844, 717.7999877929688]"
1779197642.3710208,140.885960015,1.2066285751114914,0.903,0.0,0.3,0.5,2.782795321313401,70,1.3268933815210797,-5.38,2,"[397.20001220703125, 709.0]"
1779197642.421191,140.936130031,1.1605467521780306,0.903,0.0,0.3,0.5,2.940288004311796,70,1.2946797849754812,-8.07,2,"[397.20001220703125, 709.0]"
1779197642.4711204,140.98605932700002,1.1130276474685314,0.903,0.0,0.3,0.5,3.0972145817387826,70,1.260932207641997,-5.38,2,"[403.20001220703125, 730.5999755859375]"
1779197642.521349,141.03628795,1.0648366304006933,0.903,0.0,0.3,0.5,3.2548660062723656,70,1.222582687944856,-2.69,2,"[403.20001220703125, 730.5999755859375]"
1779197642.5711248,141.08606381200002,1.017689855329164,0.903,0.0,0.3,0.5,3.4114118792183916,70,1.179631225884058,-2.69,2,"[411.20001220703125, 693.7999877929688]"
1779197642.6211107,141.136049781,0.9722427057929229,0.903,0.0,0.3,0.5,3.568434158982413,70,1.1320778214596032,-5.38,2,"[411.20001220703125, 693.7999877929688]"
1779197642.6710052,141.185944411,0.9297665674767861,0.903,0.0,0.3,0.5,3.725313188404627,70,1.0845244170351482,-2.69,2,"[452.0, 660.7999877929688]"
1779197642.720932,141.235871081,0.8912404909335893,0.903,0.0,0.3,0.5,3.882147864821704,70,1.0400389741864646,-2.69,2,"[452.0, 660.7999877929688]"
1779197642.7711642,141.28610341,0.8574017397438211,0.903,0.0,0.3,0.5,4.0397986139128506,70,0.9940195505498954,-2.69,2,"[471.20001220703125, 660.7999877929688]"
1779197642.821185,141.336124261,0.8293492121138919,0.903,0.0,0.3,0.5,4.196906508359845,70,0.9495341077012119,-5.38,2,"[471.20001220703125, 660.7999877929688]"
1779197642.8711865,141.38612567200002,0.8076092380441828,0.903,0.0,0.3,0.5,4.354001261524772,70,0.9096506072161852,-5.38,2,"[510.6000061035156, 604.0]"
1779197642.9213903,141.436329214,0.7926355936945992,0.903,0.0,0.3,0.5,4.511584098807575,70,0.8743690490948155,-26.9,2,"[510.6000061035156, 604.0]"
1779197642.971053,141.485992012,0.7848653108794452,0.903,0.0,0.3,0.5,4.667844369565486,70,0.842155452549217,-26.9,2,"[538.5999755859375, 571.4000244140625]"
1779197643.0213683,141.53630712700001,0.7843120873122993,0.903,0.0,0.3,0.5,4.825514605955888,70,0.8160777791551611,-26.9,2,"[538.5999755859375, 571.4000244140625]"
1779197643.0711539,141.58609297200002,0.7909721042180474,0.903,0.0,0.3,0.5,4.9821492446023825,70,0.7992039904884191,-32.28,2,"[550.7999877929688, 566.7999877929688]"
1779197643.1211877,141.63612677,0.8046817364558387,0.903,0.0,0.3,0.5,5.1395316325659195,70,0.7915340865489908,-51.11,2,"[550.7999877929688, 566.7999877929688]"
1779197643.1711655,141.686104542,0.8249578454963009,0.903,0.0,0.3,0.5,5.2964320122517705,70,0.786932144185334,-48.42,2,"[549.0, 542.4000244140625]"
1779197643.2213328,141.73627195100002,0.8513901855820796,0.903,0.0,0.3,0.5,5.453958797238428,70,0.7884661249732196,5.38,2,"[549.0, 542.4000244140625]"
1779197643.2711184,141.786057461,0.8829714751899749,0.903,0.0,0.3,0.5,5.610465139524123,70,0.7976700097005334,0.0,2,"[563.4000244140625, 531.5999755859375]"
1779197643.3212147,141.836153689,0.919203732470598,0.903,0.0,0.3,0.5,5.7677385173641795,70,0.8145437983672754,0.0,2,"[563.4000244140625, 531.5999755859375]"
1779197643.371112,141.886051043,0.9588951191886845,0.903,0.0,0.3,0.5,5.924679169126293,70,0.8360195293976744,0.0,2,"[582.0, 536.0]"
1779197643.4211035,141.936042444,1.001088343939624,0.903,0.0,0.3,0.5,6.081678530971871,70,0.863631183579616,2.69,2,"[582.0, 536.0]"
1779197643.4711459,141.986084952,1.0446932187568985,0.903,0.0,0.3,0.5,6.238801187762746,70,0.8912428377615575,2.69,2,"[541.5999755859375, 542.7999877929688]"
1779197643.5209146,142.035853672,1.0883883658310483,0.903,0.0,0.3,0.5,0.1122346636115239,71,0.9280583766708129,24.21,2,"[541.5999755859375, 542.7999877929688]"
1779197643.5711558,142.08609487700002,1.1314246889604846,0.903,0.0,0.3,0.5,0.2698207430178954,71,0.9679418771558396,64.56,2,"[523.0, 567.2000122070312]"
1779197643.6211646,142.136103822,1.172267236607288,0.903,0.0,0.3,0.5,0.4269381439242679,71,1.009359358428752,86.08,2,"[523.0, 567.2000122070312]"
1779197643.6710627,142.186001723,1.2098981249162555,0.903,0.0,0.3,0.5,0.5837933977732277,71,1.05231082048955,102.22,2,"[491.20001220703125, 609.0]"
1779197643.7212737,142.23621285500002,1.2435320366898281,0.903,0.0,0.3,0.5,0.7414168589906112,71,1.0921943209745766,123.74,2,"[491.20001220703125, 609.0]"
1779197643.7710824,142.286021444,1.271898922234539,0.903,0.0,0.3,0.5,0.8980833408202429,71,1.1351457830353744,123.74,2,"[454.20001220703125, 643.7999877929688]"
1779197643.821089,142.336028268,1.2944791775132434,0.903,0.0,0.3,0.5,1.05511394580477,71,1.1734953027325155,145.26,2,"[454.20001220703125, 643.7999877929688]"
1779197643.871078,142.386017129,1.3105614776429504,0.903,0.0,0.3,0.5,1.2122287077733276,71,1.205708899278114,164.09,2,"[443.20001220703125, 661.2000122070312]"
1779197643.921026,142.435965094,1.3196360982104354,0.903,0.0,0.3,0.5,1.369131330556364,71,1.2333205534600555,172.16,2,"[443.20001220703125, 661.2000122070312]"
1779197643.9712071,142.48614602400002,1.3214051250063692,0.903,0.0,0.3,0.5,1.5266164485996327,71,1.260932207641997,169.47,2,"[414.20001220703125, 693.5999755859375]"
1779197644.0211806,142.536119644,1.3157099997056019,0.903,0.0,0.3,0.5,1.6836177111087736,71,1.2793399770966247,180.23,2,"[414.20001220703125, 693.5999755859375]"
1779197644.0710988,142.586037865,1.302623102770984,0.903,0.0,0.3,0.5,1.8404944660178657,71,1.2916118233997098,190.99,2,"[423.20001220703125, 679.2000122070312]"
1779197644.1212163,142.636155445,1.2823002366829859,0.903,0.0,0.3,0.5,1.9977992000941853,71,1.2962137657633668,196.37,2,"[423.20001220703125, 679.2000122070312]"
1779197644.1710355,142.685974528,1.2552737490866868,0.903,0.0,0.3,0.5,2.1545512337749173,71,1.2962137657633668,196.37,2,"[409.3999938964844, 687.4000244140625]"
1779197644.2212307,142.736169823,1.2218592352285191,0.903,0.0,0.3,0.5,2.3121097394225885,71,1.2931458041875956,112.98,2,"[409.3999938964844, 687.4000244140625]"
1779197644.271104,142.78604314,1.1830802794020219,0.903,0.0,0.3,0.5,2.4689866357033665,71,1.2793399770966247,67.25,2,"[403.0, 694.0]"
1779197644.3211255,142.836064665,1.139589614646739,0.903,0.0,0.3,0.5,2.62607951333748,71,1.2578642460662257,-8.07,2,"[403.0, 694.0]"
1779197644.371025,142.885963991,1.092504252132168,0.903,0.0,0.3,0.5,2.7828381475043997,71,1.2287186110963986,-5.38,2,"[395.6000061035156, 677.7999877929688]"
1779197644.421068,142.936007052,1.042659866349256,0.903,0.0,0.3,0.5,2.9399772945150957,71,1.193437052975029,-5.38,2,"[395.6000061035156, 677.7999877929688]"
1779197644.471154,142.98609301800002,0.9912432674390222,0.903,0.0,0.3,0.5,3.0972425199222116,71,1.1550875332778878,-2.69,2,"[389.6000061035156, 689.2000122070312]"
1779197644.5212607,143.03619969500002,0.9393996593454546,0.903,0.0,0.3,0.5,3.2546640709797643,71,1.1106020904292042,-2.69,2,"[389.6000061035156, 689.2000122070312]"
1779197644.571185,143.086124071,0.8885738470740656,0.903,0.0,0.3,0.5,3.4113802747962936,71,1.0630486860047492,-2.69,2,"[425.0, 651.0]"
1779197644.6210933,143.136032279,0.8395934982808987,0.903,0.0,0.3,0.5,3.5683372157162907,71,1.012427320004523,-2.69,2,"[425.0, 651.0]"
1779197644.6712124,143.18615142000002,0.7934955962537908,0.903,0.0,0.3,0.5,3.725763940976911,71,0.966407896367954,-2.69,2,"[497.20001220703125, 627.4000244140625]"
1779197644.7209215,143.235860572,0.7517190559971447,0.903,0.0,0.3,0.5,3.882140642300179,71,0.9173205111556134,-16.14,2,"[497.20001220703125, 627.4000244140625]"
1779197644.770963,143.285902193,0.7146813021160897,0.903,0.0,0.3,0.5,4.039290524133001,71,0.868233125943273,-48.42,2,"[508.20001220703125, 621.5999755859375]"
1779197644.8211322,143.336071212,0.6833368597271219,0.903,0.0,0.3,0.5,4.196766459300953,71,0.8176117599430467,-34.97,2,"[508.20001220703125, 621.5999755859375]"
1779197644.8711586,143.38609782700001,0.6584736621409067,0.903,0.0,0.3,0.5,4.353887548437079,71,0.7761942786701345,-78.01,2,"[584.4000244140625, 582.5999755859375]"
1779197644.921249,143.436188006,0.6404955712330681,0.903,0.0,0.3,0.5,4.511149393490449,71,0.7393787397608791,-91.46,2,"[584.4000244140625, 582.5999755859375]"
1779197644.9712167,143.48615581,0.6297623809647273,0.903,0.0,0.3,0.5,4.6681861465717915,71,0.705631162427395,-91.46,2,"[597.2000122070312, 511.3999938964844]"
1779197645.021128,143.536067085,0.6263879375556154,0.903,0.0,0.3,0.5,4.825066445197386,71,0.6764855274575677,-118.36,2,"[597.2000122070312, 511.3999938964844]"
1779197645.0712528,143.586191877,0.6303469302136571,0.903,0.0,0.3,0.5,4.982475062317995,71,0.6580777580029401,-137.19,2,"[635.0, 509.20001220703125]"
1779197645.1209435,143.635882605,0.641347713466088,0.903,0.0,0.3,0.5,5.138835276563007,71,0.6442719309119693,-129.12,2,"[635.0, 509.20001220703125]"
1779197645.1710415,143.68598047900002,0.6591327821320925,0.903,0.0,0.3,0.5,5.296151468027709,71,0.6427379501240836,-134.5,2,"[659.0, 477.79998779296875]"
1779197645.2211802,143.73611929700002,0.6831079290601971,0.903,0.0,0.3,0.5,5.453537757849311,71,0.6427379501240836,-99.53,2,"[659.0, 477.79998779296875]"
1779197645.2710898,143.78602875800001,0.7124399598593114,0.903,0.0,0.3,0.5,5.610367448558883,71,0.6427379501240836,-45.73,2,"[620.7999877929688, 449.79998779296875]"
1779197645.3214006,143.836339799,0.7465956116071374,0.903,0.0,0.3,0.5,5.768211967943351,71,0.6534758156392831,5.38,2,"[620.7999877929688, 449.79998779296875]"
1779197645.3710368,143.885975932,0.7840293568740084,0.903,0.0,0.3,0.5,5.9244462451636295,71,0.6734175658817965,5.38,2,"[608.4000244140625, 464.0]"
1779197645.4211948,143.93613405600001,0.8243406146872218,0.903,0.0,0.3,0.5,6.081837743745858,71,0.6979612584879668,5.38,2,"[608.4000244140625, 464.0]"
1779197645.4712424,143.98618146700002,0.8661022594109843,0.903,0.0,0.3,0.5,6.239062665660775,71,0.7271068934577939,2.69,2,"[600.4000244140625, 476.3999938964844]"
1779197645.5209835,144.03592256800002,0.907991660503678,0.903,0.0,0.3,0.5,0.11230037630491552,72,0.7593204900033924,2.69,2,"[600.4000244140625, 476.3999938964844]"
1779197645.5711887,144.086127543,0.949387666776373,0.903,0.0,0.3,0.5,0.269925078451422,72,0.7992039904884191,2.69,2,"[564.7999877929688, 504.0]"
1779197645.6210566,144.13599566300002,0.9886224607998395,0.903,0.0,0.3,0.5,0.42672580053510956,72,0.8390874909734457,2.69,2,"[564.7999877929688, 504.0]"
1779197645.6710477,144.18598678,1.0248892351210435,0.903,0.0,0.3,0.5,0.5837744288367048,72,0.8774370106705868,10.76,2,"[551.2000122070312, 545.7999877929688]"
1779197645.7213535,144.23629278200002,1.0572570683775058,0.903,0.0,0.3,0.5,0.741577636277782,72,0.9188544919434991,16.14,2,"[551.2000122070312, 545.7999877929688]"
1779197645.771258,144.28619722300002,1.0844578934629037,0.903,0.0,0.3,0.5,0.8983397827452677,72,0.9572040116406401,16.14,2,"[551.2000122070312, 581.2000122070312]"
1779197645.8211315,144.336070424,1.1059450136755196,0.903,0.0,0.3,0.5,1.0551728695164684,72,0.9955535313377811,59.18,2,"[551.2000122070312, 581.2000122070312]"
1779197645.8712513,144.386190322,1.1211008601633359,0.903,0.0,0.3,0.5,1.2125218749164333,72,1.026233147095494,75.32,2,"[502.3999938964844, 603.0]"
1779197645.9209714,144.435910463,1.1293274517161536,0.903,0.0,0.3,0.5,1.3689527184474741,72,1.0538448012774355,121.05,2,"[502.3999938964844, 603.0]"
1779197645.9710357,144.485974755,1.1304055619515112,0.903,0.0,0.3,0.5,1.5261989560685834,72,1.0783884938836057,131.81,2,"[500.6000061035156, 658.5999755859375]"
1779197646.0212107,144.536149748,1.1241219997369352,0.903,0.0,0.3,0.5,1.6836372078326463,72,1.0967962633382335,129.12,2,"[500.6000061035156, 658.5999755859375]"
1779197646.0713112,144.586250342,1.11052058836175,0.903,0.0,0.3,0.5,1.8410131335400592,72,1.1090681096413186,129.12,2,"[460.20001220703125, 649.7999877929688]"
1779197646.1210873,144.636026533,1.0899590985576313,0.903,0.0,0.3,0.5,1.9975144335695632,72,1.1121360712170898,126.42999999999999,2,"[460.20001220703125, 649.7999877929688]"
1779197646.1711671,144.686106039,1.0626135486047639,0.903,0.0,0.3,0.5,2.1548555661383375,72,1.1121360712170898,126.42999999999999,2,"[434.0, 660.7999877929688]"
1779197646.22107,144.736009005,1.0292323175665061,0.903,0.0,0.3,0.5,2.311807354846394,72,1.1044661672776617,32.28,2,"[434.0, 660.7999877929688]"
1779197646.2712324,144.786171349,0.9903888029708046,0.903,0.0,0.3,0.5,2.4690681286166978,72,1.0921943209745766,-2.69,2,"[458.20001220703125, 647.2000122070312]"
1779197646.3209355,144.835874483,0.9472156212456363,0.903,0.0,0.3,0.5,2.6255667457260756,72,1.069184609156292,-2.69,2,"[458.20001220703125, 647.2000122070312]"
1779197646.371195,144.886134153,0.9001323015752849,0.903,0.0,0.3,0.5,2.783225631542223,72,1.0415729549743504,-2.69,2,"[452.20001220703125, 633.0]"
1779197646.4211776,144.936116782,0.850713074634254,0.903,0.0,0.3,0.5,2.940243597899496,72,1.004757416065095,-2.69,2,"[452.20001220703125, 633.0]"
1779197646.4711552,144.986094129,0.799868768464587,0.903,0.0,0.3,0.5,3.097322250402101,72,0.9648739155800683,-5.38,2,"[467.20001220703125, 616.5999755859375]"
1779197646.5212147,145.036153973,0.7487365353897402,0.903,0.0,0.3,0.5,3.25450761966556,72,0.9249904150950417,-26.9,2,"[467.20001220703125, 616.5999755859375]"
1779197646.571049,145.085988105,0.698669954221097,0.903,0.0,0.3,0.5,3.4111964382189512,72,0.8789709914584724,-26.9,2,"[515.7999877929688, 588.0]"
1779197646.6212134,145.136152624,0.6503957359310897,0.903,0.0,0.3,0.5,3.56870368249929,72,0.8268156446703606,-48.42,2,"[515.7999877929688, 588.0]"
1779197646.671174,145.18611316800002,0.6054299337507487,0.903,0.0,0.3,0.5,3.7256630267376636,72,0.7792622402459057,-29.59,2,"[539.2000122070312, 555.4000244140625]"
1779197646.72098,145.235918945,0.5647048498974687,0.903,0.0,0.3,0.5,3.8822538307418313,72,0.7317088358214509,-102.22,2,"[539.2000122070312, 555.4000244140625]"
1779197646.7711947,145.28613369,0.5288089354499745,0.903,0.0,0.3,0.5,4.039843805723137,72,0.684155431396996,-137.19,2,"[577.2000122070312, 507.6000061035156]"
1779197646.8213227,145.336261557,0.4988437552655508,0.903,0.0,0.3,0.5,4.197280285628949,72,0.6381360077604268,-153.32999999999998,2,"[577.2000122070312, 507.6000061035156]"
1779197646.8712158,145.386154819,0.47549839681616923,0.903,0.0,0.3,0.5,4.354154027750724,72,0.5967185264875144,-169.47,2,"[605.7999877929688, 470.20001220703125]"
1779197646.9211946,145.436133665,0.4591435331589163,0.903,0.0,0.3,0.5,4.511049773587445,72,0.5583690067903734,-201.75,2,"[605.7999877929688, 470.20001220703125]"
1779197646.971132,145.48607098000002,0.450099581195521,0.903,0.0,0.3,0.5,4.668076319634281,72,0.526155410244775,-201.75,2,"[630.2000122070312, 429.20001220703125]"
1779197647.0211658,145.536105091,0.44852762207155633,0.903,0.0,0.3,0.5,4.825141262226509,72,0.49854375606283335,-188.29999999999998,2,"[630.2000122070312, 429.20001220703125]"
1779197647.0711548,145.58609386100002,0.4543922253784605,0.903,0.0,0.3,0.5,4.982191200572231,72,0.48013598660820567,-236.72,2,"[658.2000122070312, 417.3999938964844]"
1779197647.120961,145.63590000800002,0.467431395639939,0.903,0.0,0.3,0.5,5.138831682581042,72,0.4693981210930062,-236.72,2,"[658.2000122070312, 417.3999938964844]"
1779197647.1712248,145.68616408300002,0.48741456104166053,0.903,0.0,0.3,0.5,5.2965176929081395,72,0.4663301595172349,-244.79,2,"[659.5999755859375, 413.20001220703125]"
1779197647.221321,145.73626022300002,0.5136655579011982,0.903,0.0,0.3,0.5,5.453949290779008,72,0.4663301595172349,-134.5,2,"[659.5999755859375, 413.20001220703125]"
1779197647.2711685,145.786107425,0.5453224900463935,0.903,0.0,0.3,0.5,5.610590375973629,72,0.4678641403051206,-67.25,2,"[658.0, 400.0]"
1779197647.3213937,145.83633291200002,0.5818946742190836,0.903,0.0,0.3,0.5,5.768175622857996,72,0.4816699673960913,-69.94,2,"[658.0, 400.0]"
1779197647.3712006,145.886139738,0.6219772574314447,0.903,0.0,0.3,0.5,5.924776329162228,72,0.504679679214376,-69.94,2,"[638.7999877929688, 386.79998779296875]"
1779197647.4211555,145.93609463500002,0.6648508668110534,0.903,0.0,0.3,0.5,6.081753489372545,72,0.5338253141842031,-67.25,2,"[638.7999877929688, 386.79998779296875]"
1779197647.4710193,145.98595836500002,0.709263532794012,0.903,0.0,0.3,0.5,6.238558138447047,72,0.5645049299419159,-72.63,2,"[622.4000244140625, 390.0]"
1779197647.5209527,146.035891811,0.754155028897637,0.903,0.0,0.3,0.5,0.11230699564070079,73,0.5997864880632857,-40.35,2,"[622.4000244140625, 390.0]"
1779197647.5711973,146.086136398,0.7985155137578122,0.903,0.0,0.3,0.5,0.2698924969940677,73,0.6396699885483124,5.38,2,"[619.7999877929688, 421.0]"
1779197647.6210475,146.135986514,0.8408050858935949,0.903,0.0,0.3,0.5,0.4266903413788796,73,0.684155431396996,2.69,2,"[619.7999877929688, 421.0]"
1779197647.6713574,146.18629649000002,0.8803965114795604,0.903,0.0,0.3,0.5,0.5844522557260703,73,0.7286408742456796,2.69,2,"[625.2000122070312, 509.79998779296875]"
1779197647.7213526,146.23629172100001,0.9158477448817354,0.903,0.0,0.3,0.5,0.741508593496043,73,0.7715923363064775,2.69,2,"[625.2000122070312, 509.79998779296875]"
1779197647.7711184,146.28605755,0.9463389958086099,0.903,0.0,0.3,0.5,0.8980461726374998,73,0.8145437983672754,2.69,2,"[543.2000122070312, 519.5999755859375]"
1779197647.8209968,146.33593571900002,0.971262434317425,0.903,0.0,0.3,0.5,1.054941701704287,73,0.8559612796401878,2.69,2,"[543.2000122070312, 519.5999755859375]"
1779197647.8710582,146.385997374,0.9899328365710583,0.903,0.0,0.3,0.5,1.2122088434829053,73,0.8881748761857863,2.69,2,"[543.2000122070312, 570.4000244140625]"
1779197647.9212575,146.43619654100002,1.0018036073030123,0.903,0.0,0.3,0.5,1.3696870248896076,73,0.9219224535192704,48.42,2,"[543.2000122070312, 570.4000244140625]"
1779197647.970994,146.485933136,1.0065156762345935,0.903,0.0,0.3,0.5,1.5260598243547534,73,0.9480001269133262,51.11,2,"[515.2000122070312, 599.0]"
1779197648.0211844,146.536123542,1.0039906787424335,0.903,0.0,0.3,0.5,1.6836212830995478,73,0.9694758579437253,67.25,2,"[515.2000122070312, 599.0]"
1779197648.0711868,146.586125839,0.9942456427156647,0.903,0.0,0.3,0.5,1.840713563831038,73,0.9848156658225816,72.63,2,"[528.2000122070312, 633.2000122070312]"
1779197648.1211221,146.636061321,0.9775247551331061,0.903,0.0,0.3,0.5,1.997651121124342,73,0.9940195505498954,72.63,2,"[528.2000122070312, 633.2000122070312]"
1779197648.171013,146.685952304,0.9542361760452287,0.903,0.0,0.3,0.5,2.1544748459494727,73,0.9955535313377811,72.63,2,"[492.6000061035156, 613.0]"
1779197648.2210848,146.736023866,0.924846489050332,0.903,0.0,0.3,0.5,2.3117014737492028,73,0.9924855697620099,10.76,2,"[492.6000061035156, 613.0]"
1779197648.2709866,146.78592576600002,0.8901981440976152,0.903,0.0,0.3,0.5,2.4686068642753654,73,0.9786797426710391,0.0,2,"[508.0, 616.0]"
1779197648.321393,146.836331967,0.8507769342735898,0.903,0.0,0.3,0.5,2.626675988684987,73,0.9602719732164113,-2.69,2,"[508.0, 616.0]"
1779197648.3710525,146.88599141,0.8083255604831359,0.903,0.0,0.3,0.5,2.7828733459084347,73,0.9341942998223555,-5.38,2,"[499.6000061035156, 611.2000122070312]"
1779197648.421185,146.93612408200002,0.7630848651500346,0.903,0.0,0.3,0.5,2.9402649513047905,73,0.9050486648525283,-32.28,2,"[499.6000061035156, 611.2000122070312]"
1779197648.4713302,146.98626934,0.7164578545429479,0.903,0.0,0.3,0.5,3.0977573892589376,73,0.8697671067311585,-34.97,2,"[538.0, 609.7999877929688]"
1779197648.5211577,147.036096861,0.6698909278896574,0.903,0.0,0.3,0.5,3.254374337597177,73,0.8283496254582462,-29.59,2,"[538.0, 609.7999877929688]"
1779197648.571093,147.08603224700002,0.6241961220733476,0.903,0.0,0.3,0.5,3.4112695462215257,73,0.786932144185334,-29.59,2,"[532.4000244140625, 559.0]"
1779197648.621012,147.135951154,0.5805727305276338,0.903,0.0,0.3,0.5,3.568229236035087,73,0.7439806821245359,-83.39,2,"[532.4000244140625, 559.0]"
1779197648.671093,147.1860322,0.5400821596889486,0.903,0.0,0.3,0.5,3.725369862735967,73,0.701029220063738,-94.14999999999999,2,"[569.7999877929688, 526.4000244140625]"
1779197648.7209582,147.235897434,0.5038543323883756,0.903,0.0,0.3,0.5,3.88221763016967,73,0.6565437772150544,-142.57,2,"[569.7999877929688, 526.4000244140625]"
1779197648.771142,147.286081067,0.4726059224040505,0.903,0.0,0.3,0.5,4.039698098655812,73,0.6135923151542565,-147.95,2,"[631.2000122070312, 444.20001220703125]"
1779197648.8211792,147.336118255,0.4473304439940541,0.903,0.0,0.3,0.5,4.196883392521023,73,0.5721748338813442,-185.60999999999999,2,"[631.2000122070312, 444.20001220703125]"
1779197648.8711524,147.386091563,0.4286292513605145,0.903,0.0,0.3,0.5,4.353908741621048,73,0.5353592949720888,-185.60999999999999,2,"[621.4000244140625, 441.20001220703125]"
1779197648.9213712,147.436310342,0.4169317040094097,0.903,0.0,0.3,0.5,4.511543364917124,73,0.5016117176386047,-204.44,2,"[621.4000244140625, 441.20001220703125]"
1779197648.9711256,147.48606465900002,0.4126498764480437,0.903,0.0,0.3,0.5,4.668051645565505,73,0.4740000634566631,-204.44,2,"[652.4000244140625, 433.3999938964844]"
1779197649.0211842,147.536123304,0.41584468136012964,0.903,0.0,0.3,0.5,4.825258782924415,73,0.4540583132141498,-228.65,2,"[652.4000244140625, 433.3999938964844]"
1779197649.0710533,147.585992147,0.42647733072147676,0.903,0.0,0.3,0.5,4.982096823987241,73,0.440252486123179,-242.1,2,"[640.2000122070312, 392.3999938964844]"
1779197649.1209543,147.635893291,0.44431390445910884,0.903,0.0,0.3,0.5,5.1388454490399695,73,0.4356505437595221,-247.48,2,"[640.2000122070312, 392.3999938964844]"
1779197649.1711793,147.68611844400002,0.4691158513349395,0.903,0.0,0.3,0.5,5.296445345170845,73,0.4356505437595221,-209.82,2,"[651.4000244140625, 380.20001220703125]"
1779197649.2211993,147.736138195,0.5001486438233624,0.903,0.0,0.3,0.5,5.453632439168622,73,0.43718452454740775,-99.53,2,"[651.4000244140625, 380.20001220703125]"
1779197649.271119,147.786058392,0.5366696810130215,0.903,0.0,0.3,0.5,5.610486360982328,73,0.44485442848683593,-86.08,2,"[647.2000122070312, 387.79998779296875]"
1779197649.3214037,147.836342881,0.5781377607468463,0.903,0.0,0.3,0.5,5.76822619307476,73,0.461728217153578,-67.25,2,"[647.2000122070312, 387.79998779296875]"
1779197649.371006,147.88594525800002,0.6229145063878018,0.903,0.0,0.3,0.5,5.924371632338001,73,0.48933987133551954,-67.25,2,"[648.7999877929688, 397.6000061035156]"
1779197649.4211485,147.93608749400002,0.6707369657119648,0.903,0.0,0.3,0.5,6.081720678578712,73,0.5230874486690036,-72.63,2,"[648.7999877929688, 397.6000061035156]"
1779197649.4709995,147.985938589,0.7199926702840013,0.903,0.0,0.3,0.5,6.238567135968289,73,0.5583690067903734,-80.7,2,"[634.2000122070312, 407.6000061035156]"
1779197649.5210307,148.035969966,0.7697378343277758,0.903,0.0,0.3,0.5,0.11239971974778484,74,0.5982525072754,-51.11,2,"[634.2000122070312, 407.6000061035156]"
1779197649.5712197,148.08615873800002,0.8188940793394542,0.903,0.0,0.3,0.5,0.26985226890003844,74,0.641203969336198,-40.35,2,"[638.2000122070312, 419.6000061035156]"
1779197649.6213303,148.136269284,0.8661368134209392,0.903,0.0,0.3,0.5,0.4271712249663011,74,0.6902913545485385,2.69,2,"[638.2000122070312, 419.6000061035156]"
1779197649.6713214,148.1862605,0.9103992988568591,0.903,0.0,0.3,0.5,0.58444341842592,74,0.7393787397608791,2.69,2,"[612.5999755859375, 476.6000061035156]"
1779197649.7213483,148.236287276,0.9506312253928906,0.903,0.0,0.3,0.5,0.7415290923880917,74,0.7884661249732196,2.69,2,"[612.5999755859375, 476.6000061035156]"
1779197649.7711806,148.286119828,0.9858986377603638,0.903,0.0,0.3,0.5,0.8982645384596282,74,0.8375535101855601,2.69,2,"[606.4000244140625, 557.7999877929688]"
1779197649.8211155,148.336054493,1.0155511994407826,0.903,0.0,0.3,0.5,1.0552533571202645,74,0.8789709914584724,2.69,2,"[606.4000244140625, 557.7999877929688]"
1779197649.8711846,148.38612368,1.0389214605515624,0.903,0.0,0.3,0.5,1.2125839747784681,74,0.9203884727313847,18.83,2,"[541.7999877929688, 579.4000244140625]"
1779197649.9209816,148.43592065500002,1.055365644268647,0.903,0.0,0.3,0.5,1.3689728906139322,74,0.9556700308527545,51.11,2,"[541.7999877929688, 579.4000244140625]"
1779197649.9709895,148.485928422,1.064751459998981,0.903,0.0,0.3,0.5,1.5260895218301158,74,0.9863496466104673,72.63,2,"[485.0, 633.2000122070312]"
1779197650.0212002,148.536139428,1.0668369328956238,0.903,0.0,0.3,0.5,1.683649246415726,74,1.0139613007924089,94.14999999999999,2,"[485.0, 633.2000122070312]"
1779197650.0713794,148.586318482,1.0616208406542924,0.903,0.0,0.3,0.5,1.841245353785851,74,1.033903051034922,107.6,2,"[477.6000061035156, 635.0]"
1779197650.121216,148.636155137,1.0494264417641428,0.903,0.0,0.3,0.5,1.99779728058094,74,1.047708878125893,112.98,2,"[477.6000061035156, 635.0]"
1779197650.1711042,148.68604327,1.030574811695634,0.903,0.0,0.3,0.5,2.154762958270126,74,1.0507768397016641,112.98,2,"[469.20001220703125, 648.2000122070312]"
1779197650.2211022,148.73604116,1.0056226188211146,0.903,0.0,0.3,0.5,2.3118646292220575,74,1.0507768397016641,91.46,2,"[469.20001220703125, 648.2000122070312]"
1779197650.271169,148.786107859,0.9753060224731225,0.903,0.0,0.3,0.5,2.46890936509034,74,1.0461748973380072,16.14,2,"[478.20001220703125, 634.0]"
1779197650.320957,148.835896033,0.9405493692902068,0.903,0.0,0.3,0.5,2.625577307760537,74,1.0323690702470365,-2.69,2,"[478.20001220703125, 634.0]"
1779197650.3712032,148.886142153,0.9019896782612438,0.903,0.0,0.3,0.5,2.7832170235783025,74,1.0108933392166375,-2.69,2,"[491.79998779296875, 630.4000244140625]"
1779197650.4211972,148.936136306,0.8610408198809893,0.903,0.0,0.3,0.5,2.940283455285467,74,0.983281685034696,-2.69,2,"[491.79998779296875, 630.4000244140625]"
1779197650.471144,148.986083071,0.8187143101815388,0.903,0.0,0.3,0.5,3.0972219581982046,74,0.9526020692769832,-5.38,2,"[499.20001220703125, 612.7999877929688]"
1779197650.5213587,149.03629767700002,0.7759466822876251,0.903,0.0,0.3,0.5,3.254811292294576,74,0.9173205111556134,-5.38,2,"[499.20001220703125, 612.7999877929688]"
1779197650.57119,149.086129113,0.7343084217798173,0.903,0.0,0.3,0.5,3.4115167864217852,74,0.880504972246358,-5.38,2,"[491.20001220703125, 594.0]"
1779197650.621163,149.136101959,0.6946119876591286,0.903,0.0,0.3,0.5,3.5685270338859283,74,0.8406214717613314,-29.59,2,"[491.20001220703125, 594.0]"
1779197650.6710258,149.18596493,0.6580772894333,0.903,0.0,0.3,0.5,3.7252996921224764,74,0.7992039904884191,-24.21,2,"[526.7999877929688, 566.7999877929688]"
1779197650.7209706,149.235909655,0.6256192884842179,0.903,0.0,0.3,0.5,3.882221698532149,74,0.760854470791278,-80.7,2,"[526.7999877929688, 566.7999877929688]"
1779197650.771228,149.286167202,0.5980655681726672,0.903,0.0,0.3,0.5,4.039891312887178,74,0.7209709703062513,-112.98,2,"[592.2000122070312, 516.2000122070312]"
1779197650.821231,149.33617005600001,0.5764457484605874,0.903,0.0,0.3,0.5,4.196989443264229,74,0.684155431396996,-118.36,2,"[592.2000122070312, 516.2000122070312]"
1779197650.8713295,149.386268804,0.5612763823708027,0.903,0.0,0.3,0.5,4.354353355521326,74,0.6504078540635119,-131.81,2,"[592.0, 486.20001220703125]"
1779197650.9211318,149.436070962,0.5531117495503853,0.903,0.0,0.3,0.5,4.510941391782367,74,0.6212622190936846,-161.4,2,"[592.0, 486.20001220703125]"
1779197650.9711833,149.48612230100002,0.5521863591904564,0.903,0.0,0.3,0.5,4.668191647500478,74,0.5982525072754,-161.4,2,"[628.4000244140625, 489.6000061035156]"
1779197651.0211089,149.536047843,0.5586709051690295,0.903,0.0,0.3,0.5,4.8251615694812955,74,0.5798447378207724,-161.4,2,"[628.4000244140625, 489.6000061035156]"
1779197651.0711863,149.58612535100002,0.5725484333233348,0.903,0.0,0.3,0.5,4.982436760020292,74,0.5691068723055729,-172.16,2,"[623.2000122070312, 432.3999938964844]"
1779197651.120956,149.635895161,0.5934540346851098,0.903,0.0,0.3,0.5,5.138844318066575,74,0.5660389107298016,-174.85,2,"[623.2000122070312, 432.3999938964844]"
1779197651.1710505,149.685989618,0.6212295953425605,0.903,0.0,0.3,0.5,5.296161577672777,74,0.5660389107298016,-99.53,2,"[631.2000122070312, 419.3999938964844]"
1779197651.2211535,149.736092571,0.6552066514422417,0.903,0.0,0.3,0.5,5.453475912456227,74,0.5691068723055729,-64.56,2,"[631.2000122070312, 419.3999938964844]"
1779197651.2712312,149.78617007600002,0.6946222903218399,0.903,0.0,0.3,0.5,5.610624773271425,74,0.5844466801844292,-48.42,2,"[624.4000244140625, 419.3999938964844]"
1779197651.3213732,149.836312359,0.7387558650492068,0.903,0.0,0.3,0.5,5.7681091121997525,74,0.607456392002714,-45.73,2,"[624.4000244140625, 419.3999938964844]"
1779197651.3720567,149.88699587800002,0.7870142260302491,0.903,0.0,0.3,0.5,5.92705251357053,74,0.6381360077604268,-45.73,2,"[607.0, 425.6000061035156]"
1779197651.4238324,149.93877157,0.8392026624748592,0.903,0.0,0.3,0.5,6.0899368355801045,74,0.6749515466696822,5.38,2,"[607.0, 425.6000061035156]"
1779197651.4730756,149.988014689,0.888677411277603,0.903,0.0,0.3,0.5,6.240032846020725,74,0.7148350471547088,2.69,2,"[625.4000244140625, 467.6000061035156]"
1779197651.52533,150.04026911300002,0.9407876834424557,0.903,0.0,0.3,0.5,0.11404216009491819,75,0.7577865092155067,2.69,2,"[625.4000244140625, 467.6000061035156]"
1779197651.5710406,150.085979742,0.9915208460412287,0.903,0.0,0.3,0.5,0.2695767983481048,75,0.803805932852076,2.69,2,"[572.7999877929688, 502.79998779296875]"
1779197651.621032,150.135971173,1.0407938575403066,0.903,0.0,0.3,0.5,0.4266651740799645,75,0.8528933180644165,2.69,2,"[572.7999877929688, 502.79998779296875]"
1779197651.6713545,150.186293432,1.0872104397950382,0.903,0.0,0.3,0.5,0.5844962945717427,75,0.9019807032767571,32.28,2,"[527.7999877929688, 559.4000244140625]"
1779197651.7211876,150.236126738,1.1292041600301082,0.903,0.0,0.3,0.5,0.7411574859593131,75,0.9526020692769832,45.73,2,"[527.7999877929688, 559.4000244140625]"
1779197651.7713287,150.286267626,1.1663545144241718,0.903,0.0,0.3,0.5,0.8984238674724949,75,1.000155473701438,45.73,2,"[502.3999938964844, 616.2000122070312]"
1779197651.8210425,150.335981712,1.1975658740354365,0.903,0.0,0.3,0.5,1.0549771640019614,75,1.047708878125893,91.46,2,"[502.3999938964844, 616.2000122070312]"
1779197651.871225,150.386164293,1.2224881578228537,0.903,0.0,0.3,0.5,1.2123711193096298,75,1.0875923786109196,123.74,2,"[498.6000061035156, 633.7999877929688]"
1779197651.920987,150.435926023,1.2403678045954432,0.903,0.0,0.3,0.5,1.368965369640982,75,1.1259418983080607,137.19,2,"[498.6000061035156, 633.7999877929688]"
1779197651.9709861,150.48592515200002,1.2510499747046069,0.903,0.0,0.3,0.5,1.526059946876721,75,1.1612234564294304,158.71,2,"[482.6000061035156, 649.2000122070312]"
1779197652.0211785,150.536117568,1.2543192911936045,0.903,0.0,0.3,0.5,1.6836102435427662,75,1.188835110611372,172.16,2,"[482.6000061035156, 649.2000122070312]"
1779197652.0712802,150.586219301,1.2501786565575825,0.903,0.0,0.3,0.5,1.841001503363934,75,1.2118448224296565,177.54,2,"[426.79998779296875, 678.5999755859375]"
1779197652.1211889,150.636128078,1.2389103520244302,0.903,0.0,0.3,0.5,1.9977931242537394,75,1.2256506495206272,188.29999999999998,2,"[426.79998779296875, 678.5999755859375]"
1779197652.1711218,150.686060911,1.2208796106577289,0.903,0.0,0.3,0.5,2.1547601591109284,75,1.2333205534600555,188.29999999999998,2,"[426.0, 688.4000244140625]"
1779197652.2212083,150.736147491,1.1965978035533291,0.903,0.0,0.3,0.5,2.3120421826139292,75,1.2333205534600555,169.47,2,"[426.0, 688.4000244140625]"
1779197652.271053,150.785992225,1.1669300132429363,0.903,0.0,0.3,0.5,2.468726141123504,75,1.23178657267217,107.6,2,"[419.0, 702.2000122070312]"
1779197652.3209608,150.83590003,1.1325926668531519,0.903,0.0,0.3,0.5,2.6255849229810266,75,1.217980745581199,-5.38,2,"[419.0, 702.2000122070312]"
1779197652.3710408,150.885980018,1.094469634912558,0.903,0.0,0.3,0.5,2.782839344450956,75,1.1965050145508,-2.69,2,"[416.79998779296875, 691.4000244140625]"
1779197652.4211402,150.936079223,1.0536749649167785,0.903,0.0,0.3,0.5,2.9401605310479724,75,1.1734953027325155,-5.38,2,"[416.79998779296875, 691.4000244140625]"
1779197652.4712186,150.986157714,1.0113610428366933,0.903,0.0,0.3,0.5,3.0974056439788953,75,1.141281706186917,-5.38,2,"[420.79998779296875, 680.7999877929688]"
1779197652.5213614,151.036300388,0.9686011817009789,0.903,0.0,0.3,0.5,3.254868089148026,75,1.102932186489776,-2.69,2,"[420.79998779296875, 680.7999877929688]"
1779197652.5711226,151.086061519,0.9268780792066802,0.903,0.0,0.3,0.5,3.4113339237380202,75,1.0676506283684062,-2.69,2,"[453.3999938964844, 666.2000122070312]"
1779197652.621229,151.136167986,0.88680885672093,0.903,0.0,0.3,0.5,3.5687512399286376,75,1.026233147095494,-2.69,2,"[453.3999938964844, 666.2000122070312]"
1779197652.6711323,151.186071438,0.8498787932184323,0.903,0.0,0.3,0.5,3.72556855904633,75,0.9863496466104673,-2.69,2,"[463.79998779296875, 634.0]"
1779197652.720999,151.23593803400001,0.8169579897252476,0.903,0.0,0.3,0.5,3.882279814854421,75,0.944932165337555,-8.07,2,"[463.79998779296875, 634.0]"
1779197652.7710474,151.28598642,0.7888359684684363,0.903,0.0,0.3,0.5,4.039544989996038,75,0.9050486648525283,-2.69,2,"[508.3999938964844, 611.7999877929688]"
1779197652.8213449,151.336283946,0.76636559078388,0.903,0.0,0.3,0.5,4.197321123191607,75,0.8697671067311585,-32.28,2,"[508.3999938964844, 611.7999877929688]"
1779197652.8711638,151.38610276400001,0.7503913873928978,0.903,0.0,0.3,0.5,4.353981544888988,75,0.8314175870340175,-18.83,2,"[524.0, 578.0]"
1779197652.9212863,151.436225342,0.7411912051757352,0.903,0.0,0.3,0.5,4.511368862011402,75,0.8022719520641903,-56.49,2,"[524.0, 578.0]"
1779197652.9710608,151.48599991100002,0.7391641898437071,0.903,0.0,0.3,0.5,4.667819161425761,75,0.77772825945802,-56.49,2,"[537.2000122070312, 550.2000122070312]"
1779197653.0211325,151.536071432,0.7444198801657931,0.903,0.0,0.3,0.5,4.8251018415216365,75,0.7593204900033924,-64.56,2,"[537.2000122070312, 550.2000122070312]"
1779197653.071072,151.586011224,0.7569066205878578,0.903,0.0,0.3,0.5,4.981996801960172,75,0.7485826244881929,-64.56,2,"[561.5999755859375, 523.5999755859375]"
1779197653.1209965,151.635935475,0.7764066129914606,0.903,0.0,0.3,0.5,5.138891482796957,75,0.7439806821245359,-80.7,2,"[561.5999755859375, 523.5999755859375]"
1779197653.1710887,151.68602783,0.8025922071278359,0.903,0.0,0.3,0.5,5.296153356124698,75,0.7455146629124216,-18.83,2,"[575.4000244140625, 513.4000244140625]"
1779197653.2212625,151.736201529,0.8349556755239476,0.903,0.0,0.3,0.5,5.453840255522543,75,0.7501166052760785,0.0,2,"[575.4000244140625, 513.4000244140625]"
1779197653.2711911,151.786130146,0.872480627091585,0.903,0.0,0.3,0.5,5.610620412740722,75,0.765456413154935,0.0,2,"[554.0, 507.6000061035156]"
1779197653.3213162,151.83625532800002,0.914669391779141,0.903,0.0,0.3,0.5,5.76803427317946,75,0.7884661249732196,0.0,2,"[554.0, 507.6000061035156]"
1779197653.3711357,151.88607475,0.9602032560705211,0.903,0.0,0.3,0.5,5.9247521483233,75,0.8160777791551611,0.0,2,"[554.4000244140625, 529.2000122070312]"
1779197653.4211242,151.93606333600002,1.008294570483618,0.903,0.0,0.3,0.5,6.081726704153304,75,0.8513593372765309,0.0,2,"[554.4000244140625, 529.2000122070312]"
1779197653.4711552,151.9860942,1.0578697458090096,0.903,0.0,0.3,0.5,6.239054488094887,75,0.885106914610015,2.69,2,"[543.7999877929688, 543.7999877929688]"
1779197653.5209556,152.035894538,1.107385777160487,0.903,0.0,0.3,0.5,0.1123088146225939,76,0.9265243958829272,24.21,2,"[543.7999877929688, 543.7999877929688]"
1779197653.5711074,152.08604656100002,1.1562624841180957,0.903,0.0,0.3,0.5,0.269694900240637,76,0.9694758579437253,69.94,2,"[508.79998779296875, 601.2000122070312]"
1779197653.6212094,152.136148522,1.2030294791625298,0.903,0.0,0.3,0.5,0.42699787816664525,76,1.0154952815802945,91.46,2,"[508.79998779296875, 601.2000122070312]"
1779197653.6715317,152.18647082700002,1.2466671155165314,0.903,0.0,0.3,0.5,0.5844894301916668,76,1.064582666792635,118.36,2,"[485.79998779296875, 606.0]"
1779197653.7212138,152.236152965,1.285911667585216,0.903,0.0,0.3,0.5,0.7412038181676337,76,1.1121360712170898,123.74,2,"[485.79998779296875, 606.0]"
1779197653.7711797,152.286118671,1.3201212022880147,0.903,0.0,0.3,0.5,0.8981320417891823,76,1.1596894756415448,123.74,2,"[454.0, 652.2000122070312]"
1779197653.8210936,152.33603251300002,1.348447960352986,0.903,0.0,0.3,0.5,1.0550539602342894,76,1.2041749184902284,156.02,2,"[454.0, 652.2000122070312]"
1779197653.8710501,152.385989251,1.370258910630458,0.903,0.0,0.3,0.5,1.2120934307933169,76,1.244058418975255,166.78,2,"[444.0, 684.7999877929688]"
1779197653.9209647,152.435903911,1.3850267756911898,0.903,0.0,0.3,0.5,1.3689619421632813,76,1.2793399770966247,188.29999999999998,2,"[444.0, 684.7999877929688]"
1779197653.9710476,152.485986628,1.3924683466232313,0.903,0.0,0.3,0.5,1.5262489922145335,76,1.3084856120664519,225.96,2,"[419.20001220703125, 696.2000122070312]"
1779197654.021184,152.536122978,1.3923884530019497,0.903,0.0,0.3,0.5,1.6836244152671327,76,1.3314953238847365,242.1,2,"[419.20001220703125, 696.2000122070312]"
1779197654.0711792,152.586118105,1.384842253630868,0.903,0.0,0.3,0.5,1.8406833982581077,76,1.35143707412725,250.17,2,"[411.0, 716.7999877929688]"
1779197654.121201,152.636140024,1.370049276253188,0.903,0.0,0.3,0.5,1.9978056654914838,76,1.3621749396424494,266.31,2,"[411.0, 716.7999877929688]"
1779197654.1711688,152.686108036,1.3484545571258382,0.903,0.0,0.3,0.5,2.1546236412020505,76,1.3667768820061064,266.31,2,"[414.20001220703125, 721.5999755859375]"
1779197654.2211685,152.736107514,1.320505820746335,0.903,0.0,0.3,0.5,2.3118912070956696,76,1.3667768820061064,217.89,2,"[414.20001220703125, 721.5999755859375]"
1779197654.2710724,152.78601154,1.2870395684346314,0.903,0.0,0.3,0.5,2.468856356997293,76,1.363708920430335,123.74,2,"[406.0, 723.7999877929688]"
1779197654.3209832,152.83592228700002,1.248902263061117,0.903,0.0,0.3,0.5,2.6256279533755276,76,1.346835131763593,-8.07,2,"[406.0, 723.7999877929688]"
1779197654.3711913,152.886130315,1.2067844599936333,0.903,0.0,0.3,0.5,2.783214155304023,76,1.3222914391574228,-5.38,2,"[395.6000061035156, 716.7999877929688]"
1779197654.4213064,152.93624567,1.1619992413550284,0.903,0.0,0.3,0.5,2.9405716210129924,76,1.2916118233997098,-8.07,2,"[395.6000061035156, 716.7999877929688]"
1779197654.4710903,152.986029475,1.1158464628045577,0.903,0.0,0.3,0.5,3.097126287276893,76,1.2578642460662257,-5.38,2,"[400.79998779296875, 704.5999755859375]"
1779197654.5210898,153.036029093,1.0690928893288372,0.903,0.0,0.3,0.5,3.254184679648432,76,1.2195147263690846,-5.38,2,"[400.79998779296875, 704.5999755859375]"
1779197654.571237,153.086176158,1.0229373454557018,0.903,0.0,0.3,0.5,3.4116088884933617,76,1.1780972450961724,-5.38,2,"[413.79998779296875, 678.7999877929688]"
1779197654.6211987,153.136137897,0.9787572403037968,0.903,0.0,0.3,0.5,3.5685821782615506,76,1.1336118022474888,-2.69,2,"[413.79998779296875, 678.7999877929688]"
1779197654.6711953,153.186134447,0.9374777998509358,0.903,0.0,0.3,0.5,3.725667889922846,76,1.0875923786109196,-2.69,2,"[430.3999938964844, 665.0]"
1779197654.7210076,153.23594663600002,0.9002525424460976,0.903,0.0,0.3,0.5,3.882275212421206,76,1.043106935762236,-2.69,2,"[430.3999938964844, 665.0]"
1779197654.771093,153.286031812,0.8677245600260008,0.903,0.0,0.3,0.5,4.039579550656839,76,0.9986214929135524,-2.69,2,"[465.0, 641.0]"
1779197654.8211179,153.336056963,0.8408889631538667,0.903,0.0,0.3,0.5,4.196718823331281,76,0.9556700308527545,-10.76,2,"[465.0, 641.0]"
1779197654.8712018,153.38614074900002,0.8203487481229643,0.903,0.0,0.3,0.5,4.353951178254448,76,0.9173205111556134,-2.69,2,"[502.79998779296875, 619.7999877929688]"
1779197654.9214132,153.436352387,0.8065927714020396,0.903,0.0,0.3,0.5,4.511510723769305,76,0.885106914610015,-34.97,2,"[502.79998779296875, 619.7999877929688]"
1779197654.9714198,153.486358931,0.8000048723996791,0.903,0.0,0.3,0.5,4.6684888578733705,76,0.8544272988523022,-34.97,2,"[533.7999877929688, 596.7999877929688]"
1779197655.0212529,153.536192002,0.8006591967511687,0.903,0.0,0.3,0.5,4.825318404069691,76,0.8283496254582462,-2.69,2,"[533.7999877929688, 596.7999877929688]"
1779197655.0712929,153.58623188,0.8085356806478232,0.903,0.0,0.3,0.5,4.982543882046542,76,0.8130098175793898,-40.35,2,"[557.5999755859375, 564.4000244140625]"
1779197655.1209967,153.63593584,0.8233206649425953,0.903,0.0,0.3,0.5,5.138902971601368,76,0.8053399136399616,-48.42,2,"[557.5999755859375, 564.4000244140625]"
1779197655.1711104,153.68604947100002,0.8448014825325665,0.903,0.0,0.3,0.5,5.296241339568638,76,0.803805932852076,-18.83,2,"[564.5999755859375, 544.2000122070312]"
1779197655.2213724,153.736311218,0.8723959537991579,0.903,0.0,0.3,0.5,5.453848272867077,76,0.8053399136399616,0.0,2,"[564.5999755859375, 544.2000122070312]"
1779197655.2712464,153.786185493,0.9051753369507478,0.903,0.0,0.3,0.5,5.610660703666582,76,0.8160777791551611,2.69,2,"[562.2000122070312, 540.4000244140625]"
1779197655.3213594,153.836298441,0.9425374622214092,0.903,0.0,0.3,0.5,5.767935620887016,76,0.8329515678219032,2.69,2,"[562.2000122070312, 540.4000244140625]"
1779197655.3712234,153.886162401,0.9833215817196236,0.903,0.0,0.3,0.5,5.924807723097416,76,0.8559612796401878,2.69,2,"[544.4000244140625, 543.5999755859375]"
1779197655.4213269,153.93626601100001,1.0266709942711847,0.903,0.0,0.3,0.5,6.082028190233956,76,0.8835729338221293,2.69,2,"[544.4000244140625, 543.5999755859375]"
1779197655.4713283,153.986267437,1.0713831472741555,0.903,0.0,0.3,0.5,6.239249822901371,76,0.9142525495798421,16.14,2,"[531.4000244140625, 566.4000244140625]"
1779197655.5210066,154.035945785,1.1160458951639436,0.903,0.0,0.3,0.5,0.11237205802434147,77,0.9526020692769832,59.18,2,"[531.4000244140625, 566.4000244140625]"
1779197655.5710394,154.085978301,1.1599980559382264,0.903,0.0,0.3,0.5,0.26948827769189876,77,0.9909515889741242,72.63,2,"[498.0, 591.0]"
1779197655.6210902,154.136029145,1.201905861711673,0.903,0.0,0.3,0.5,0.4267411346487009,77,1.0323690702470365,91.46,2,"[498.0, 591.0]"
1779197655.6714983,154.186437342,1.2407680699637855,0.903,0.0,0.3,0.5,0.5845465066470936,77,1.0768545130957201,123.74,2,"[485.6000061035156, 624.2000122070312]"
1779197655.721473,154.23641202000002,1.2752455966200955,0.903,0.0,0.3,0.5,0.7415637787124254,77,1.1182719943686323,123.74,2,"[485.6000061035156, 624.2000122070312]"
1779197655.7714863,154.286425393,1.3046399800344533,0.903,0.0,0.3,0.5,0.8986368297552829,77,1.1612234564294304,123.74,2,"[455.20001220703125, 659.0]"
1779197655.8212237,154.336162932,1.3281054583338536,0.903,0.0,0.3,0.5,1.0553716223755671,77,1.201106956914457,150.64,2,"[455.20001220703125, 659.0]"
1779197655.87124,154.38617883,1.3451061530991149,0.903,0.0,0.3,0.5,1.2125417454898368,77,1.2363885150358267,161.4,2,"[437.3999938964844, 685.7999877929688]"
1779197655.9210112,154.435950308,1.3550505606832361,0.903,0.0,0.3,0.5,1.3690087267611446,77,1.2670681307935396,174.85,2,"[437.3999938964844, 685.7999877929688]"
1779197655.9711027,154.486042015,1.3577092773987667,0.903,0.0,0.3,0.5,1.5263196874740927,77,1.2931458041875956,190.99,2,"[421.79998779296875, 688.5999755859375]"
1779197656.0212193,154.536158241,1.3528625857054717,0.903,0.0,0.3,0.5,1.6837371261868341,77,1.3130875544301088,228.65,2,"[421.79998779296875, 688.5999755859375]"
1779197656.0711403,154.586079336,1.340604609423608,0.903,0.0,0.3,0.5,1.8405982045486056,77,1.325359400733194,231.34,2,"[410.20001220703125, 700.4000244140625]"
1779197656.1213953,154.636334271,1.3210259460506955,0.903,0.0,0.3,0.5,1.9983285427480908,77,1.3299613430968509,215.2,2,"[410.20001220703125, 700.4000244140625]"
1779197656.1710994,154.68603862700002,1.2948254368511845,0.903,0.0,0.3,0.5,2.154739261236621,77,1.3284273623089653,215.2,2,"[404.6000061035156, 704.4000244140625]"
1779197656.2211432,154.73608231,1.2622825216804654,0.903,0.0,0.3,0.5,2.311784286131463,77,1.3284273623089653,131.81,2,"[404.6000061035156, 704.4000244140625]"
1779197656.2710323,154.78597158000002,1.224238501752353,0.903,0.0,0.3,0.5,2.4686987527187583,77,1.3161555160058802,56.49,2,"[390.79998779296875, 714.5999755859375]"
1779197656.3209999,154.835938895,1.181512451667066,0.903,0.0,0.3,0.5,2.6256241049246185,77,1.2946797849754812,-5.38,2,"[390.79998779296875, 714.5999755859375]"
1779197656.3711991,154.88613815300002,1.1348559721503317,0.903,0.0,0.3,0.5,2.783238848222375,77,1.2670681307935396,-8.07,2,"[396.79998779296875, 700.4000244140625]"
1779197656.421152,154.936091255,1.085727887007925,0.903,0.0,0.3,0.5,2.9401724565337375,77,1.2333205534600555,-5.38,2,"[396.79998779296875, 700.4000244140625]"
1779197656.4712563,154.986195345,1.0348972092939814,0.903,0.0,0.3,0.5,3.0975673229032807,77,1.1965050145508,-5.38,2,"[408.79998779296875, 691.5999755859375]"
1779197656.5213823,155.03632123900002,0.9836742276795273,0.903,0.0,0.3,0.5,3.2549332646292513,77,1.1535535524900022,-2.69,2,"[408.79998779296875, 691.5999755859375]"
1779197656.5713995,155.08633867400002,0.9333547132252292,0.903,0.0,0.3,0.5,3.411863382631175,77,1.1044661672776617,-2.69,2,"[428.20001220703125, 669.7999877929688]"
1779197656.6211514,155.13609034,0.8850011038779521,0.903,0.0,0.3,0.5,3.568570255917514,77,1.055378782065321,-2.69,2,"[428.20001220703125, 669.7999877929688]"
1779197656.6711729,155.18611207400002,0.8394998886323286,0.903,0.0,0.3,0.5,3.725728726864652,77,1.0062913968529805,-2.69,2,"[462.6000061035156, 639.7999877929688]"
1779197656.720964,155.235902984,0.7981728589973487,0.903,0.0,0.3,0.5,3.8822421848577235,77,0.9572040116406401,-8.07,2,"[462.6000061035156, 639.7999877929688]"
1779197656.7710147,155.28595394,0.7615916325904917,0.903,0.0,0.3,0.5,4.039413542617929,77,0.9096506072161852,-5.38,2,"[518.5999755859375, 615.0]"
1779197656.8211594,155.33609828500002,0.7306882729643409,0.903,0.0,0.3,0.5,4.1968473615947985,77,0.8651651643675016,-37.66,2,"[518.5999755859375, 615.0]"
1779197656.8710809,155.386019768,0.7062579590515866,0.903,0.0,0.3,0.5,4.353733808317266,77,0.8206797215188181,-48.42,2,"[542.5999755859375, 574.4000244140625]"
1779197656.9213285,155.436267492,0.6886057760875993,0.903,0.0,0.3,0.5,4.511390435328288,77,0.7838641826095626,-64.56,2,"[542.5999755859375, 574.4000244140625]"
1779197656.9710324,155.485971465,0.6782483569516726,0.903,0.0,0.3,0.5,4.6677882670037505,77,0.7501166052760785,-64.56,2,"[567.5999755859375, 542.5999755859375]"
1779197657.0214534,155.53639245000002,0.6751653186761877,0.903,0.0,0.3,0.5,4.825649414838104,77,0.7240389318820226,-91.46,2,"[567.5999755859375, 542.5999755859375]"
1779197657.0711324,155.586071577,0.6793886341117343,0.903,0.0,0.3,0.5,4.982277528396658,77,0.7040971816395093,-94.14999999999999,2,"[592.0, 508.3999938964844]"
1779197657.1210587,155.63599770300002,0.6906656701112843,0.903,0.0,0.3,0.5,5.139077232604343,77,0.6902913545485385,-123.74,2,"[592.0, 508.3999938964844]"
1779197657.171087,155.686026004,0.7086537197459954,0.903,0.0,0.3,0.5,5.296237023020417,77,0.6902913545485385,-129.12,2,"[607.4000244140625, 491.20001220703125]"
1779197657.2210321,155.735971013,0.7327421868496526,0.903,0.0,0.3,0.5,5.453199766462042,77,0.6902913545485385,-83.39,2,"[607.4000244140625, 491.20001220703125]"
1779197657.271134,155.786072848,0.7623103635078923,0.903,0.0,0.3,0.5,5.610501698237677,77,0.6902913545485385,-40.35,2,"[599.2000122070312, 488.79998779296875]"
1779197657.3213658,155.83630488600002,0.7965442428599255,0.903,0.0,0.3,0.5,5.768148517196444,77,0.701029220063738,2.69,2,"[599.2000122070312, 488.79998779296875]"
1779197657.3711925,155.886131502,0.8341404436434765,0.903,0.0,0.3,0.5,5.924688194921778,77,0.7209709703062513,2.69,2,"[594.2000122070312, 479.3999938964844]"
1779197657.4210968,155.936035916,0.8743976802434296,0.903,0.0,0.3,0.5,6.0816463265054,77,0.7470486437003072,2.69,2,"[594.2000122070312, 479.3999938964844]"
1779197657.4711075,155.986046566,0.9161809045935368,0.903,0.0,0.3,0.5,6.238863407005063,77,0.7761942786701345,2.69,2,"[577.0, 495.79998779296875]"
1779197657.5209365,156.03587557400002,0.9581191109465709,0.903,0.0,0.3,0.5,0.11230882404753117,78,0.8099418560036186,2.69,2,"[577.0, 495.79998779296875]"
1779197657.5711398,156.086078836,0.9994345854742699,0.903,0.0,0.3,0.5,0.26977103673878844,78,0.8498253564886452,2.69,2,"[560.2000122070312, 525.4000244140625]"
1779197657.621281,156.13621985400002,1.0387765059115939,0.903,0.0,0.3,0.5,0.4272963074777607,78,0.885106914610015,21.52,2,"[560.2000122070312, 525.4000244140625]"
1779197657.6712039,156.186142944,1.0748720724825538,0.903,0.0,0.3,0.5,0.5840862538986897,78,0.9280583766708129,21.52,2,"[546.0, 561.0]"
1779197657.7213433,156.23628235500001,1.1070286291908145,0.903,0.0,0.3,0.5,0.7415287625208151,78,0.9679418771558396,61.87,2,"[546.0, 561.0]"
1779197657.7710438,156.285982869,1.1340080595313875,0.903,0.0,0.3,0.5,0.8979127963213358,78,1.004757416065095,61.87,2,"[505.0, 595.4000244140625]"
1779197657.8212545,156.336193505,1.1553990178409193,0.903,0.0,0.3,0.5,1.0554617389610002,78,1.043106935762236,86.08,2,"[505.0, 595.4000244140625]"
1779197657.8710918,156.38603083700002,1.1702746096471803,0.903,0.0,0.3,0.5,1.2122619206907501,78,1.0737865515199487,107.6,2,"[471.20001220703125, 631.7999877929688]"
1779197657.9210575,156.435996389,1.1782685065453613,0.903,0.0,0.3,0.5,1.3691487601122816,78,1.1013982057018903,126.42999999999999,2,"[471.20001220703125, 631.7999877929688]"
1779197657.9710684,156.486007352,1.1790495076811376,0.903,0.0,0.3,0.5,1.5263099925193586,78,1.1244079175201749,126.42999999999999,2,"[464.3999938964844, 649.0]"
1779197658.0211565,156.536095428,1.172452070819557,0.903,0.0,0.3,0.5,1.6835637573964704,78,1.145883648550574,142.57,2,"[464.3999938964844, 649.0]"
1779197658.0711613,156.58610030600002,1.1585338318961467,0.903,0.0,0.3,0.5,1.8406615987469621,78,1.1566215140657734,145.26,2,"[453.79998779296875, 669.5999755859375]"
1779197658.1212323,156.63617138400002,1.1374923067299598,0.903,0.0,0.3,0.5,1.9979087128723876,78,1.158155494853659,145.26,2,"[453.79998779296875, 669.5999755859375]"
1779197658.171101,156.686040179,1.1098428076477282,0.903,0.0,0.3,0.5,2.1546202734149773,78,1.158155494853659,145.26,2,"[450.20001220703125, 662.5999755859375]"
1779197658.2210898,156.736029089,1.0759943546924167,0.903,0.0,0.3,0.5,2.3117243414021544,78,1.1520195717021164,29.59,2,"[450.20001220703125, 662.5999755859375]"
1779197658.2711375,156.78607641000002,1.0366968218068318,0.903,0.0,0.3,0.5,2.46893200026544,78,1.1382137446111458,-5.38,2,"[433.79998779296875, 658.2000122070312]"
1779197658.3212326,156.836171621,0.9928388177054047,0.903,0.0,0.3,0.5,2.626084945151078,78,1.1136700520049756,-2.69,2,"[433.79998779296875, 658.2000122070312]"
1779197658.3711588,156.886097952,0.9454023484282004,0.903,0.0,0.3,0.5,2.7831420337616777,78,1.0845244170351482,-2.69,2,"[432.0, 653.2000122070312]"
1779197658.4211888,156.93612769400002,0.8953951803047401,0.903,0.0,0.3,0.5,2.940259576039736,78,1.0507768397016641,-2.69,2,"[432.0, 653.2000122070312]"
1779197658.4713774,156.986316248,0.8438206062755161,0.903,0.0,0.3,0.5,3.0977782525757647,78,1.009359358428752,-2.69,2,"[454.79998779296875, 628.2000122070312]"
1779197658.5212846,157.03622365,0.7921563545296105,0.903,0.0,0.3,0.5,3.2547177325238152,78,0.9648739155800683,-10.76,2,"[454.79998779296875, 628.2000122070312]"
1779197658.571329,157.08626820700002,0.7412837003840462,0.903,0.0,0.3,0.5,3.4119378195276653,78,0.9219224535192704,-10.76,2,"[487.79998779296875, 607.4000244140625]"
1779197658.6210322,157.13597148300002,0.6927097389296045,0.903,0.0,0.3,0.5,3.5682612080236,78,0.8728350683069298,-16.14,2,"[487.79998779296875, 607.4000244140625]"
1779197658.671023,157.18596201300002,0.6470030538248536,0.903,0.0,0.3,0.5,3.7253530929144603,78,0.8191457407309324,-43.04,2,"[523.0, 582.0]"
1779197658.7209952,157.23593421700002,0.6054684931394043,0.903,0.0,0.3,0.5,3.882273581934882,78,0.7715923363064775,-96.84,2,"[523.0, 582.0]"
1779197658.7711852,157.286124419,0.5688459535728256,0.903,0.0,0.3,0.5,4.03976463130509,78,0.7240389318820226,-121.05,2,"[573.4000244140625, 542.5999755859375]"
1779197658.8210602,157.335999173,0.5382042922273766,0.903,0.0,0.3,0.5,4.196631169754866,78,0.6780195082454534,-131.81,2,"[573.4000244140625, 542.5999755859375]"
1779197658.87118,157.38611914100002,0.5139807291337581,0.903,0.0,0.3,0.5,4.353921198035934,78,0.6366020269725411,-150.64,2,"[606.7999877929688, 495.0]"
1779197658.9212682,157.43620744900002,0.496755698670789,0.903,0.0,0.3,0.5,4.511279166399774,78,0.5997864880632857,-164.09,2,"[606.7999877929688, 495.0]"
1779197658.9711778,157.48611685400002,0.4868885244354864,0.903,0.0,0.3,0.5,4.6680522581760755,78,0.5675728915176872,-164.09,2,"[628.5999755859375, 462.79998779296875]"
1779197659.021065,157.53600423,0.4844474381002932,0.903,0.0,0.3,0.5,4.825049898428901,78,0.5384272565478601,-201.75,2,"[628.5999755859375, 462.79998779296875]"
1779197659.0709925,157.58593163400002,0.4893952438507615,0.903,0.0,0.3,0.5,4.9816894159687735,78,0.5200194870932323,-193.68,2,"[660.0, 422.79998779296875]"
1779197659.1209655,157.635904455,0.5015566056670552,0.903,0.0,0.3,0.5,5.138876054435613,78,0.5077476407901472,-217.89,2,"[660.0, 422.79998779296875]"
1779197659.1711855,157.68612463600002,0.5205904975837078,0.903,0.0,0.3,0.5,5.2964653822487975,78,0.5077476407901472,-217.89,2,"[660.0, 413.6000061035156]"
1779197659.2210326,157.735971658,0.5457469539743127,0.903,0.0,0.3,0.5,5.453139950537931,78,0.5077476407901472,-182.92,2,"[660.0, 413.6000061035156]"
1779197659.2712355,157.786174431,0.5765919852585277,0.903,0.0,0.3,0.5,5.610664442161962,78,0.5062136600022615,-83.39,2,"[644.5999755859375, 411.0]"
1779197659.3211977,157.83613680800002,0.6120402284096992,0.903,0.0,0.3,0.5,5.76771442763156,78,0.516951525517461,-59.18,2,"[644.5999755859375, 411.0]"
1779197659.3711636,157.88610256200002,0.6512063116755363,0.903,0.0,0.3,0.5,5.9247161645212,78,0.5384272565478601,-59.18,2,"[640.5999755859375, 402.79998779296875]"
1779197659.4210658,157.93600487100002,0.6930460723765819,0.903,0.0,0.3,0.5,6.081688986192077,78,0.5645049299419159,-69.94,2,"[640.5999755859375, 402.79998779296875]"
1779197659.4709494,157.98588852,0.7363630608738491,0.903,0.0,0.3,0.5,6.23832602187376,78,0.5951845456996288,-61.87,2,"[626.5999755859375, 412.20001220703125]"
1779197659.5209548,158.035893789,0.7802471006677877,0.903,0.0,0.3,0.5,0.11228621400524474,79,0.6320000846088841,-40.35,2,"[626.5999755859375, 412.20001220703125]"
1779197659.571167,158.086106075,0.8235242841076638,0.903,0.0,0.3,0.5,0.2698864368617464,79,0.6703496043060252,5.38,2,"[599.5999755859375, 455.20001220703125]"
1779197659.621019,158.135958139,0.8646942140082513,0.903,0.0,0.3,0.5,0.42659804138664725,79,0.7102331047910518,2.69,2,"[599.5999755859375, 455.20001220703125]"
1779197659.6712797,158.186218781,0.9031656889748139,0.903,0.0,0.3,0.5,0.584350166531145,79,0.7531845668518499,2.69,2,"[586.7999877929688, 485.6000061035156]"
1779197659.7211733,158.23611250800002,0.9374338698777859,0.903,0.0,0.3,0.5,0.7411280303866974,79,0.7961360289126478,2.69,2,"[586.7999877929688, 485.6000061035156]"
1779197659.7711246,158.286063718,0.9668697070828896,0.903,0.0,0.3,0.5,0.8980814401565667,79,0.8406214717613314,2.69,2,"[579.5999755859375, 525.7999877929688]"
1779197659.8209999,158.335938822,0.9906329444871371,0.903,0.0,0.3,0.5,1.054944406615526,79,0.8759030298827011,2.69,2,"[579.5999755859375, 525.7999877929688]"
1779197659.8710728,158.386011954,1.0081252668210736,0.903,0.0,0.3,0.5,1.2121179163666724,79,0.9127185687919565,16.14,2,"[543.2000122070312, 577.0]"
1779197659.9209502,158.43588927000002,1.0187874007595854,0.903,0.0,0.3,0.5,1.3689357726967373,79,0.9433981845496693,45.73,2,"[543.2000122070312, 577.0]"
1779197659.9710853,158.486024396,1.0223484917712375,0.903,0.0,0.3,0.5,1.5262979445115192,79,0.9679418771558396,61.87,2,"[512.7999877929688, 602.2000122070312]"
1779197660.0211914,158.53613025,1.018622157763796,0.903,0.0,0.3,0.5,1.683565199387452,79,0.9878836273983529,67.25,2,"[512.7999877929688, 602.2000122070312]"
1779197660.071343,158.586281989,1.0076380194545023,0.903,0.0,0.3,0.5,1.841002863673701,79,1.0032234352772094,80.7,2,"[497.3999938964844, 611.5999755859375]"
1779197660.121198,158.63613694600002,0.9897098980537715,0.903,0.0,0.3,0.5,1.9977758926181863,79,1.0108933392166375,78.01,2,"[497.3999938964844, 611.5999755859375]"
1779197660.1711977,158.686136656,0.9651463336222122,0.903,0.0,0.3,0.5,2.1548613341024847,79,1.009359358428752,78.01,2,"[488.20001220703125, 626.4000244140625]"
1779197660.2210484,158.73598751600002,0.934607422636097,0.903,0.0,0.3,0.5,2.311623571676158,79,1.0032234352772094,10.76,2,"[488.20001220703125, 626.4000244140625]"
1779197660.2709892,158.78592818200002,0.8987165451802688,0.903,0.0,0.3,0.5,2.4685594921997094,79,0.9894176081862386,0.0,2,"[487.6000061035156, 621.2000122070312]"
1779197660.3209765,158.83591558,0.8583148350076326,0.903,0.0,0.3,0.5,2.6256255720484987,79,0.9694758579437253,-2.69,2,"[487.6000061035156, 621.2000122070312]"
1779197660.3709671,158.885906295,0.8143952048642945,0.903,0.0,0.3,0.5,2.7826766539339687,79,0.944932165337555,-2.69,2,"[498.0, 609.7999877929688]"
1779197660.4212153,158.936154453,0.7678189354889569,0.903,0.0,0.3,0.5,2.940343509970681,79,0.9127185687919565,-8.07,2,"[498.0, 609.7999877929688]"
1779197660.4711277,158.98606661800002,0.7200994118289784,0.903,0.0,0.3,0.5,3.097290548590614,79,0.8774370106705868,-21.52,2,"[512.5999755859375, 592.2000122070312]"
1779197660.5212166,159.036155642,0.6721063099785601,0.903,0.0,0.3,0.5,3.2544704640491986,79,0.8375535101855601,-45.73,2,"[512.5999755859375, 592.2000122070312]"
1779197660.5710402,159.08597924100002,0.6252121413370485,0.903,0.0,0.3,0.5,3.4111698791945955,79,0.7915340865489908,-45.73,2,"[540.5999755859375, 570.0]"
1779197660.6214063,159.136345392,0.5801006910323484,0.903,0.0,0.3,0.5,3.5689508567260404,79,0.7485826244881929,-80.7,2,"[540.5999755859375, 570.0]"
1779197660.671108,159.18604703,0.5384941715307809,0.903,0.0,0.3,0.5,3.7255890453722245,79,0.7040971816395093,-94.14999999999999,2,"[567.5999755859375, 522.7999877929688]"
1779197660.724964,159.239903083,0.49837338135575343,0.903,0.0,0.3,0.5,3.8943204870623376,79,0.6596117387908257,-134.5,2,"[567.5999755859375, 522.7999877929688]"
1779197660.771244,159.28618327400002,0.4685313178195593,0.903,0.0,0.3,0.5,4.03983079010478,79,0.6135923151542565,-150.64,2,"[609.4000244140625, 468.20001220703125]"
1779197660.8242095,159.33914859,0.4417088550065075,0.903,0.0,0.3,0.5,4.19901966924234,79,0.5691068723055729,-174.85,2,"[609.4000244140625, 468.20001220703125]"
1779197660.8713768,159.386315861,0.42202091000084013,0.903,0.0,0.3,0.5,4.354411110560783,79,0.5322913333963175,-190.99,2,"[632.0, 437.20001220703125]"
1779197660.9211898,159.436128891,0.40915470021660005,0.903,0.0,0.3,0.5,4.511035271995773,79,0.49854375606283335,-209.82,2,"[632.0, 437.20001220703125]"
1779197660.9710448,159.485983874,0.4036079188260653,0.903,0.0,0.3,0.5,4.667834577221207,79,0.4724660826687775,-209.82,2,"[644.2000122070312, 417.0]"
1779197661.0212107,159.536149775,0.40556524356363477,0.903,0.0,0.3,0.5,4.825323468317286,79,0.45099035163837853,-220.57999999999998,2,"[644.2000122070312, 417.0]"
1779197661.0709038,159.585842863,0.41492855744123075,0.903,0.0,0.3,0.5,4.981627869027214,79,0.4325825821837508,-236.72,2,"[658.7999877929688, 401.3999938964844]"
1779197661.1210506,159.635989631,0.43161332080689796,0.903,0.0,0.3,0.5,5.13907262388809,79,0.42644665903220824,-263.62,2,"[658.7999877929688, 401.3999938964844]"
1779197661.171181,159.686120036,0.4551721809851201,0.903,0.0,0.3,0.5,5.29647241941651,79,0.42644665903220824,-225.96,2,"[674.7999877929688, 392.79998779296875]"
1779197661.2210405,159.735979543,0.4849103560510205,0.903,0.0,0.3,0.5,5.453231669335615,79,0.42644665903220824,-129.12,2,"[674.7999877929688, 392.79998779296875]"
1779197661.2713332,159.786272332,0.520445014849082,0.903,0.0,0.3,0.5,5.611002666027183,79,0.4295146206079795,-75.32,2,"[668.7999877929688, 389.3999938964844]"
1779197661.3212066,159.83614562300002,0.56047055326076,0.903,0.0,0.3,0.5,5.767752271256846,79,0.4479223900626072,-72.63,2,"[668.7999877929688, 389.3999938964844]"
1779197661.371133,159.886072173,0.6042896782454947,0.903,0.0,0.3,0.5,5.924658497446636,79,0.4740000634566631,-72.63,2,"[654.7999877929688, 389.79998779296875]"
1779197661.4211695,159.93610869,0.6509189739692347,0.903,0.0,0.3,0.5,6.08190122905031,79,0.504679679214376,-80.7,2,"[654.7999877929688, 389.79998779296875]"
1779197661.471251,159.98619018800002,0.6992281648561739,0.903,0.0,0.3,0.5,6.2393973018272035,79,0.5414952181236313,-43.04,2,"[648.2000122070312, 393.79998779296875]"
1779197661.520973,160.035912063,0.747560625244421,0.903,0.0,0.3,0.5,0.11233749422228811,80,0.581378718608658,-45.73,2,"[648.2000122070312, 393.79998779296875]"
1779197661.5711231,160.086062045,0.7955823468664897,0.903,0.0,0.3,0.5,0.2697592023594666,80,0.624330180669456,-40.35,2,"[626.0, 419.3999938964844]"
1779197661.6211965,160.136135583,0.8416962641322971,0.903,0.0,0.3,0.5,0.42700732807776376,80,0.6703496043060252,2.69,2,"[626.0, 419.3999938964844]"
1779197661.6712239,160.186162967,0.8848130413161496,0.903,0.0,0.3,0.5,0.5840701626613622,80,0.7194369895183657,2.69,2,"[600.5999755859375, 467.6000061035156]"
1779197661.7211452,160.236084204,0.9239670977293282,0.903,0.0,0.3,0.5,0.7411066958312631,80,0.765456413154935,2.69,2,"[600.5999755859375, 467.6000061035156]"
1779197661.77121,160.28614900600002,0.9582685902398944,0.903,0.0,0.3,0.5,0.8982282027992596,80,0.8130098175793898,2.69,2,"[569.0, 529.7999877929688]"
1779197661.8210666,160.336005687,0.9868468797471179,0.903,0.0,0.3,0.5,1.0550105277163766,80,0.8574952604280734,2.69,2,"[569.0, 529.7999877929688]"
1779197661.8713658,160.386304935,1.0092398915182104,0.903,0.0,0.3,0.5,1.2126617417632701,80,0.8943107993373288,5.38,2,"[533.7999877929688, 586.2000122070312]"
1779197661.920956,160.435894985,1.024670908714735,0.903,0.0,0.3,0.5,1.368941581501815,80,0.9326603190344698,43.04,2,"[533.7999877929688, 586.2000122070312]"
1779197661.9711213,160.486060227,1.0330826668285469,0.903,0.0,0.3,0.5,1.526427472376895,80,0.9602719732164113,48.42,2,"[523.4000244140625, 607.7999877929688]"
1779197662.0212584,160.536197487,1.0341850814071645,0.903,0.0,0.3,0.5,1.6838619856457058,80,0.9863496466104673,75.32,2,"[523.4000244140625, 607.7999877929688]"
1779197662.0711582,160.58609716200002,1.0280551878168516,0.903,0.0,0.3,0.5,1.8407338930773562,80,1.004757416065095,80.7,2,"[509.0, 623.0]"
1779197662.121417,160.636356021,1.0148549969463352,0.903,0.0,0.3,0.5,1.9982983143440265,80,1.0154952815802945,110.28999999999999,2,"[509.0, 623.0]"
1779197662.1712692,160.686208181,0.9951159648100913,0.903,0.0,0.3,0.5,2.1550241440004356,80,1.0185632431560658,110.28999999999999,2,"[487.3999938964844, 634.7999877929688]"
1779197662.2211683,160.73610738800002,0.9693044538389096,0.903,0.0,0.3,0.5,2.311957318771988,80,1.0185632431560658,83.39,2,"[487.3999938964844, 634.7999877929688]"
1779197662.2711222,160.78606134,0.9381216991020908,0.903,0.0,0.3,0.5,2.4690299676910286,80,1.012427320004523,18.83,2,"[481.3999938964844, 635.2000122070312]"
1779197662.3209603,160.835899344,0.9025577685408023,0.903,0.0,0.3,0.5,2.625582428556868,80,0.9970875121256667,0.0,2,"[481.3999938964844, 635.2000122070312]"
1779197662.371176,160.886115214,0.8632015700065392,0.903,0.0,0.3,0.5,2.783158429734044,80,0.9771457618831534,0.0,2,"[482.79998779296875, 621.4000244140625]"
1779197662.4211893,160.936128338,0.8214592124796098,0.903,0.0,0.3,0.5,2.9402573989163443,80,0.9495341077012119,-8.07,2,"[482.79998779296875, 621.4000244140625]"
1779197662.4711497,160.98608867200002,0.7783557628181442,0.903,0.0,0.3,0.5,3.097258413239672,80,0.9157865303677277,-5.38,2,"[490.0, 611.0]"
1779197662.52106,161.035998935,0.7350517946992279,0.903,0.0,0.3,0.5,3.2541154483716923,80,0.8820389530342436,-5.38,2,"[490.0, 611.0]"
1779197662.5710166,161.08595570600002,0.6926114723797391,0.903,0.0,0.3,0.5,3.411153762824597,80,0.842155452549217,-18.83,2,"[514.7999877929688, 589.5999755859375]"
1779197662.621159,161.136098142,0.652164677770077,0.903,0.0,0.3,0.5,3.568413713497648,80,0.7992039904884191,-32.28,2,"[514.7999877929688, 589.5999755859375]"
1779197662.6710823,161.18602151500002,0.6149605944006269,0.903,0.0,0.3,0.5,3.725240548499471,80,0.760854470791278,-59.18,2,"[553.7999877929688, 557.4000244140625]"
1779197662.7209902,161.23592918100002,0.5818557250982713,0.903,0.0,0.3,0.5,3.8822500671141142,80,0.7194369895183657,-104.91,2,"[553.7999877929688, 557.4000244140625]"
1779197662.7710214,161.285960561,0.5537731674727955,0.903,0.0,0.3,0.5,4.0394630258442135,80,0.679553489033339,-137.19,2,"[581.5999755859375, 515.2000122070312]"
1779197662.8211715,161.336110517,0.5315269868427832,0.903,0.0,0.3,0.5,4.1968621930540735,80,0.641203969336198,-134.5,2,"[581.5999755859375, 515.2000122070312]"
1779197662.8710678,161.38600684800002,0.5158470981608805,0.903,0.0,0.3,0.5,4.353708559337463,80,0.6089903727905995,-150.64,2,"[610.4000244140625, 472.20001220703125]"
1779197662.9213698,161.436308859,0.5070992636508904,0.903,0.0,0.3,0.5,4.511517745229355,80,0.5783107570328867,-177.54,2,"[610.4000244140625, 472.20001220703125]"
1779197662.9711406,161.486079765,0.5057015469997802,0.903,0.0,0.3,0.5,4.667937037124204,80,0.5537670644267164,-177.54,2,"[634.2000122070312, 439.0]"
1779197663.021171,161.536110242,0.5117351779711581,0.903,0.0,0.3,0.5,4.825200625761511,80,0.5353592949720888,-193.68,2,"[634.2000122070312, 439.0]"
1779197663.0710423,161.585981538,0.5251356023832188,0.903,0.0,0.3,0.5,4.982009566251577,80,0.5246214294568893,-185.60999999999999,2,"[643.2000122070312, 417.3999938964844]"
1779197663.121004,161.635943343,0.5457079274873515,0.903,0.0,0.3,0.5,5.138951835933881,80,0.521553467881118,-199.06,2,"[643.2000122070312, 417.3999938964844]"
1779197663.1711757,161.686114828,0.5731566601618034,0.903,0.0,0.3,0.5,5.2964590173824035,80,0.521553467881118,-118.36,2,"[642.7999877929688, 409.3999938964844]"
1779197663.221145,161.73608407400002,0.6067471793485095,0.903,0.0,0.3,0.5,5.453515443116942,80,0.5230874486690036,-75.32,2,"[642.7999877929688, 409.3999938964844]"
1779197663.2712889,161.786228099,0.6459294515920003,0.903,0.0,0.3,0.5,5.610936837094869,80,0.5399612373357456,-64.56,2,"[634.7999877929688, 409.20001220703125]"
1779197663.3213198,161.83625883300002,0.6896766832065856,0.903,0.0,0.3,0.5,5.768015555570912,80,0.5629709491540303,-61.87,2,"[634.7999877929688, 409.20001220703125]"
1779197663.371185,161.88612417200002,0.7369970809309162,0.903,0.0,0.3,0.5,5.924748723987761,80,0.5921165841238575,-61.87,2,"[620.5999755859375, 424.20001220703125]"
1779197663.4212184,161.936157425,0.7870984569658759,0.903,0.0,0.3,0.5,6.081983130370929,80,0.6258641614573416,-51.11,2,"[620.5999755859375, 424.20001220703125]"
1779197663.4710653,161.98600422,0.8385699014721018,0.903,0.0,0.3,0.5,6.23878046581774,80,0.6657476619423682,-37.66,2,"[616.0, 444.79998779296875]"
1779197663.5209622,162.035901155,0.8903692906638438,0.903,0.0,0.3,0.5,0.11229846307524127,81,0.7102331047910518,2.69,2,"[616.0, 444.79998779296875]"
1779197663.5710406,162.08597959800002,0.9415663344956643,0.903,0.0,0.3,0.5,0.2696021949834986,81,0.7547185476397354,2.69,2,"[591.4000244140625, 488.79998779296875]"
1779197663.621191,162.136130177,0.9908550982070478,0.903,0.0,0.3,0.5,0.4270328535181207,81,0.8068738944278473,2.69,2,"[591.4000244140625, 488.79998779296875]"
1779197663.6713228,162.186261749,1.037086073807044,0.903,0.0,0.3,0.5,0.5844360733825411,81,0.859029241215959,2.69,2,"[562.7999877929688, 547.4000244140625]"
1779197663.721137,162.23607609500002,1.079041340930896,0.903,0.0,0.3,0.5,0.7410358372089618,81,0.9050486648525283,29.59,2,"[562.7999877929688, 547.4000244140625]"
1779197663.771117,162.28605591000002,1.1161541096323897,0.903,0.0,0.3,0.5,0.8980795332101152,81,0.9541360500648688,29.59,2,"[535.2000122070312, 587.2000122070312]"
1779197663.8211014,162.336040501,1.1475226374002854,0.903,0.0,0.3,0.5,1.0552186613713062,81,0.9986214929135524,61.87,2,"[535.2000122070312, 587.2000122070312]"
1779197663.87098,162.38591911400002,1.1724107200241272,0.903,0.0,0.3,0.5,1.2119260498788904,81,1.0415729549743504,75.32,2,"[498.79998779296875, 627.7999877929688]"
1779197663.9209964,162.43593547900002,1.1904569078727696,0.903,0.0,0.3,0.5,1.3690090314961267,81,1.0783884938836057,123.74,2,"[498.79998779296875, 627.7999877929688]"
1779197663.971147,162.486086297,1.2012861748848678,0.903,0.0,0.3,0.5,1.526454119365816,81,1.1121360712170898,137.19,2,"[473.0, 652.0]"
1779197664.0212529,162.53619194700002,1.2047023913633454,0.903,0.0,0.3,0.5,1.6838500224609234,81,1.141281706186917,139.88,2,"[473.0, 652.0]"
1779197664.071405,162.586344061,1.2007457298806161,0.903,0.0,0.3,0.5,1.8412712405096627,81,1.1612234564294304,158.71,2,"[448.79998779296875, 679.2000122070312]"
1779197664.1211936,162.636132688,1.1897105313888472,0.903,0.0,0.3,0.5,1.9978669705311418,81,1.1765632643082868,158.71,2,"[448.79998779296875, 679.2000122070312]"
1779197664.1712224,162.68616140400002,1.1719160041468444,0.903,0.0,0.3,0.5,2.154975810597513,81,1.1826991874598294,172.16,2,"[436.20001220703125, 693.7999877929688]"
1779197664.2211766,162.736115648,1.1479585113949866,0.903,0.0,0.3,0.5,2.3120080146527258,81,1.184233168247715,172.16,2,"[436.20001220703125, 693.7999877929688]"
1779197664.271062,162.78600082300002,1.1185957721850395,0.903,0.0,0.3,0.5,2.468767120058523,81,1.1826991874598294,115.67,2,"[431.20001220703125, 687.4000244140625]"
1779197664.3209593,162.83589849700002,1.0846146164189183,0.903,0.0,0.3,0.5,2.625594102715219,81,1.1719613219446299,-5.38,2,"[431.20001220703125, 687.4000244140625]"
1779197664.371163,162.886101951,1.0467984626266773,0.903,0.0,0.3,0.5,2.7831456246024473,81,1.1504855909142309,-2.69,2,"[443.3999938964844, 677.0]"
1779197664.4211774,162.936116607,1.0064778488433712,0.903,0.0,0.3,0.5,2.9402133286546146,81,1.1244079175201749,-5.38,2,"[443.3999938964844, 677.0]"
1779197664.4711988,162.986137777,0.964636125936905,0.903,0.0,0.3,0.5,3.097341800533492,81,1.0921943209745766,-2.69,2,"[442.6000061035156, 660.2000122070312]"
1779197664.521145,163.03608437,0.9224998644765339,0.903,0.0,0.3,0.5,3.2542345147332767,81,1.0584467436410925,-2.69,2,"[442.6000061035156, 660.2000122070312]"
1779197664.5713146,163.08625356500002,0.8810628027198047,0.903,0.0,0.3,0.5,3.411497088636203,81,1.0200972239439514,-2.69,2,"[456.6000061035156, 647.2000122070312]"
1779197664.6211042,163.13604336100002,0.8416675845730671,0.903,0.0,0.3,0.5,3.568329679035834,81,0.9817477042468103,-2.69,2,"[456.6000061035156, 647.2000122070312]"
1779197664.671096,163.186035374,0.8052377352178081,0.903,0.0,0.3,0.5,3.725357409463051,81,0.9418642037617837,-2.69,2,"[482.20001220703125, 621.4000244140625]"
1779197664.7211404,163.23607946500002,0.7727828023424473,0.903,0.0,0.3,0.5,3.882652586814494,81,0.9035146840646426,-16.14,2,"[482.20001220703125, 621.4000244140625]"
1779197664.7712066,163.28614546400001,0.7452921997017676,0.903,0.0,0.3,0.5,4.039886009879162,81,0.8651651643675016,-26.9,2,"[512.4000244140625, 604.2000122070312]"
1779197664.8210394,163.335978457,0.7236051606533966,0.903,0.0,0.3,0.5,4.1965937376787465,81,0.8222137023067037,-26.9,2,"[512.4000244140625, 604.2000122070312]"
1779197664.8710783,163.386017207,0.7082322934013601,0.903,0.0,0.3,0.5,4.353695895577609,81,0.7915340865489908,-72.63,2,"[544.4000244140625, 568.5999755859375]"
1779197664.9211843,163.436123567,0.6997146717446467,0.903,0.0,0.3,0.5,4.511089213141965,81,0.7623884515791637,-72.63,2,"[544.4000244140625, 568.5999755859375]"
1779197664.9710102,163.48594927300002,0.6983959219887201,0.903,0.0,0.3,0.5,4.66778695696005,81,0.7378447589729934,-67.25,2,"[568.7999877929688, 531.5999755859375]"
1779197665.021119,163.536058274,0.704394363174198,0.903,0.0,0.3,0.5,4.825023493342975,81,0.7209709703062513,-86.08,2,"[568.7999877929688, 531.5999755859375]"
1779197665.0710082,163.58594722200002,0.7176402426906481,0.903,0.0,0.3,0.5,4.981845923831862,81,0.7102331047910518,-75.32,2,"[588.5999755859375, 512.4000244140625]"
1779197665.1210406,163.635979639,0.7379637994120798,0.903,0.0,0.3,0.5,5.138971938985243,81,0.7071651432152806,-112.98,2,"[588.5999755859375, 512.4000244140625]"
1779197665.1713123,163.68625130400002,0.7650452166539075,0.903,0.0,0.3,0.5,5.296604479405438,81,0.7071651432152806,-45.73,2,"[598.4000244140625, 498.6000061035156]"
1779197665.2211287,163.73606783,0.7980761987796157,0.903,0.0,0.3,0.5,5.453431333256823,81,0.7102331047910518,0.0,2,"[598.4000244140625, 498.6000061035156]"
1779197665.2714005,163.786339731,0.8366968059758766,0.903,0.0,0.3,0.5,5.6111440816790505,81,0.7286408742456796,2.69,2,"[583.2000122070312, 492.79998779296875]"
1779197665.3211021,163.83604117800002,0.8794772336528669,0.903,0.0,0.3,0.5,5.767460379600358,81,0.7501166052760785,2.69,2,"[583.2000122070312, 492.79998779296875]"
1779197665.371093,163.886032207,0.9260391580647344,0.903,0.0,0.3,0.5,5.924600334000367,81,0.7807962210337913,2.69,2,"[571.2000122070312, 502.6000061035156]"
1779197665.4210804,163.936019428,0.9750742906171772,0.903,0.0,0.3,0.5,6.081614081198701,81,0.8130098175793898,2.69,2,"[571.2000122070312, 502.6000061035156]"
1779197665.4712653,163.98620443200002,1.0257668436048812,0.903,0.0,0.3,0.5,6.23944192186773,81,0.8498253564886452,2.69,2,"[556.4000244140625, 532.2000122070312]"
1779197665.5211358,164.036074895,1.0762624970939585,0.903,0.0,0.3,0.5,0.11272507564963519,82,0.8897088569736719,37.66,2,"[556.4000244140625, 532.2000122070312]"
1779197665.5709643,164.085903325,1.1259040740411055,0.903,0.0,0.3,0.5,0.26937924557769577,82,0.9372622613981267,32.28,2,"[527.7999877929688, 567.7999877929688]"
1779197665.6212752,164.136214257,1.1738682246664405,0.903,0.0,0.3,0.5,0.427280539824622,82,0.9848156658225816,75.32,2,"[527.7999877929688, 567.7999877929688]"
1779197665.671345,164.186284067,1.2184385978873278,0.903,0.0,0.3,0.5,0.5844187286496236,82,1.0354370318228079,104.91,2,"[485.79998779296875, 615.2000122070312]"
1779197665.7211437,164.236082853,1.2587107648676523,0.903,0.0,0.3,0.5,0.7410405056157998,82,1.0829904362472627,104.91,2,"[485.79998779296875, 615.2000122070312]"
1779197665.771003,164.28594212500002,1.293964390023724,0.903,0.0,0.3,0.5,0.8978329527444231,82,1.1336118022474888,129.12,2,"[468.6000061035156, 648.5999755859375]"
1779197665.8211048,164.336043859,1.3234432833077772,0.903,0.0,0.3,0.5,1.0550980462046056,82,1.1765632643082868,137.19,2,"[468.6000061035156, 648.5999755859375]"
1779197665.8712676,164.3862066,1.3464421924861267,0.903,0.0,0.3,0.5,1.2128672710379789,82,1.214912784005428,177.54,2,"[446.6000061035156, 680.2000122070312]"
1779197665.921005,164.43594406100001,1.3622311444746313,0.903,0.0,0.3,0.5,1.3690080041954644,82,1.2517283229146832,172.16,2,"[446.6000061035156, 680.2000122070312]"
1779197665.971009,164.48594819500002,1.3707965692408202,0.903,0.0,0.3,0.5,1.526142090100464,82,1.2839419194602817,190.99,2,"[429.3999938964844, 702.5999755859375]"
1779197666.021127,164.536066199,1.371866135128792,0.903,0.0,0.3,0.5,1.683561875582953,82,1.3100195928543377,223.26999999999998,2,"[429.3999938964844, 702.5999755859375]"
1779197666.07104,164.585978917,1.3654947934277897,0.903,0.0,0.3,0.5,1.84036841903783,82,1.3284273623089653,228.65,2,"[418.20001220703125, 716.4000244140625]"
1779197666.1210454,164.63598435600002,1.3518857608866013,0.903,0.0,0.3,0.5,1.997478719944823,82,1.3406992086120504,228.65,2,"[418.20001220703125, 716.4000244140625]"
1779197666.1712246,164.686163781,1.3313671543380532,0.903,0.0,0.3,0.5,2.1550608063869987,82,1.342233189399936,250.17,2,"[406.3999938964844, 720.5999755859375]"
1779197666.2211564,164.73609564100002,1.3046910983851439,0.903,0.0,0.3,0.5,2.3118122243156023,82,1.342233189399936,217.89,2,"[406.3999938964844, 720.5999755859375]"
1779197666.2711723,164.78611121,1.2723346247332226,0.903,0.0,0.3,0.5,2.469194141040205,82,1.3406992086120504,45.73,2,"[407.3999938964844, 714.7999877929688]"
1779197666.3211045,164.836043467,1.2354075707250411,0.903,0.0,0.3,0.5,2.6259169516260528,82,1.3284273623089653,56.49,2,"[407.3999938964844, 714.7999877929688]"
1779197666.3712125,164.88615144300002,1.194593207902922,0.903,0.0,0.3,0.5,2.783178671015733,82,1.3069516312785663,-5.38,2,"[403.6000061035156, 713.7999877929688]"
1779197666.4212043,164.93614350200002,1.151096654767943,0.903,0.0,0.3,0.5,2.9403235765657456,82,1.2762720155208536,-8.07,2,"[403.6000061035156, 713.7999877929688]"
1779197666.47111,164.98604907400002,1.1060935491192474,0.903,0.0,0.3,0.5,3.0971565031157553,82,1.2425244381873692,-5.38,2,"[401.6000061035156, 709.2000122070312]"
1779197666.5211818,165.036120828,1.060531693945883,0.903,0.0,0.3,0.5,3.2543778153407885,82,1.205708899278114,-5.38,2,"[401.6000061035156, 709.2000122070312]"
1779197666.5710878,165.086026741,1.015751389352119,0.903,0.0,0.3,0.5,3.4113506401532305,82,1.1642914180052018,-5.38,2,"[414.0, 692.0]"
1779197666.621215,165.13615419500002,0.97273329922021,0.903,0.0,0.3,0.5,3.568633266842042,82,1.1228739367322893,-2.69,2,"[414.0, 692.0]"
1779197666.6712797,165.186218857,0.9326120169189234,0.903,0.0,0.3,0.5,3.7261123687354285,82,1.0799224746714913,-2.69,2,"[440.79998779296875, 663.5999755859375]"
1779197666.7210002,165.235939269,0.8967431005831781,0.903,0.0,0.3,0.5,3.8822922178630535,82,1.038504993398579,-2.69,2,"[440.79998779296875, 663.5999755859375]"
1779197666.7712007,165.28613974200002,0.8654337054875982,0.903,0.0,0.3,0.5,4.039826109132335,82,0.9940195505498954,-2.69,2,"[471.6000061035156, 640.4000244140625]"
1779197666.8212006,165.336139624,0.8398771182090335,0.903,0.0,0.3,0.5,4.196896920219686,82,0.9526020692769832,-21.52,2,"[471.6000061035156, 640.4000244140625]"
1779197666.8711777,165.3861166,0.8206251051671748,0.903,0.0,0.3,0.5,4.353936016929154,82,0.9142525495798421,-2.69,2,"[507.6000061035156, 617.4000244140625]"
1779197666.9211385,165.436077719,0.8081682250839133,0.903,0.0,0.3,0.5,4.510860008825446,82,0.8820389530342436,-2.69,2,"[507.6000061035156, 617.4000244140625]"
1779197666.971101,165.486040048,0.8028063196827153,0.903,0.0,0.3,0.5,4.668028055346966,82,0.8513593372765309,-16.14,2,"[534.4000244140625, 585.7999877929688]"
1779197667.0210307,165.535969808,0.8046955691327721,0.903,0.0,0.3,0.5,4.824891511894364,82,0.8283496254582462,-8.07,2,"[534.4000244140625, 585.7999877929688]"
1779197667.0710783,165.58601741,0.8138113258873731,0.903,0.0,0.3,0.5,4.982154959160042,82,0.8145437983672754,-34.97,2,"[556.0, 559.7999877929688]"
1779197667.1211648,165.636103948,0.8299212822754696,0.903,0.0,0.3,0.5,5.139292048427549,82,0.8084078752157329,-43.04,2,"[556.0, 559.7999877929688]"
1779197667.171184,165.68612295100002,0.8526296263081311,0.903,0.0,0.3,0.5,5.29640397353792,82,0.8084078752157329,-10.76,2,"[557.0, 550.2000122070312]"
1779197667.2213507,165.736289821,0.8814627669496181,0.903,0.0,0.3,0.5,5.453943899806589,82,0.8114758367915041,8.07,2,"[557.0, 550.2000122070312]"
1779197667.2713358,165.786274864,0.9155198668102191,0.903,0.0,0.3,0.5,5.610930868069161,82,0.8222137023067037,2.69,2,"[553.7999877929688, 546.4000244140625]"
1779197667.3211532,165.83609209300002,0.9539607082322707,0.903,0.0,0.3,0.5,5.767586580519108,82,0.8406214717613314,2.69,2,"[553.7999877929688, 546.4000244140625]"
1779197667.371179,165.886118161,0.9960564797154685,0.903,0.0,0.3,0.5,5.924810575664267,82,0.863631183579616,2.69,2,"[541.4000244140625, 561.2000122070312]"
1779197667.4210544,165.935993464,1.040523132339388,0.903,0.0,0.3,0.5,6.081690534997918,82,0.8897088569736719,2.69,2,"[541.4000244140625, 561.2000122070312]"
1779197667.4712698,165.98620873800002,1.08658944902593,0.903,0.0,0.3,0.5,6.239419296117902,82,0.923456434307156,26.9,2,"[537.2000122070312, 564.5999755859375]"
1779197667.521306,166.036245138,1.1325029469396168,0.903,0.0,0.3,0.5,0.11275041259482776,83,0.9602719732164113,59.18,2,"[537.2000122070312, 564.5999755859375]"
1779197667.5710557,166.085994841,1.1775623494362468,0.903,0.0,0.3,0.5,0.26959981993984883,83,1.0016894544893238,80.7,2,"[509.0, 596.4000244140625]"
1779197667.6212132,166.136152251,1.2207035682773681,0.903,0.0,0.3,0.5,0.42707628917860774,83,1.0446409165501216,110.28999999999999,2,"[509.0, 596.4000244140625]"
1779197667.6713374,166.18627652,1.2606278530747665,0.903,0.0,0.3,0.5,0.5844743913885893,83,1.0906603401866908,129.12,2,"[480.79998779296875, 625.5999755859375]"
1779197667.7211847,166.236123716,1.2961989818851767,0.903,0.0,0.3,0.5,0.7412156242738135,83,1.1366797638232602,129.12,2,"[480.79998779296875, 625.5999755859375]"
1779197667.7710834,166.286022421,1.3267063408091957,0.903,0.0,0.3,0.5,0.8980831554668427,83,1.179631225884058,150.64,2,"[454.0, 649.2000122070312]"
1779197667.8210845,166.336023653,1.3513675331471462,0.903,0.0,0.3,0.5,1.0552065379655957,83,1.217980745581199,174.85,2,"[454.0, 649.2000122070312]"
1779197667.8710804,166.38601928300002,1.369474888511701,0.903,0.0,0.3,0.5,1.2122747163983192,83,1.2547962844904545,172.16,2,"[430.6000061035156, 678.0]"
1779197667.9210737,166.43601294200002,1.380542064432365,0.903,0.0,0.3,0.5,1.3692014257722391,83,1.2854759002481673,185.60999999999999,2,"[430.6000061035156, 678.0]"
1779197667.9711266,166.48606579100002,1.3842701321526643,0.903,0.0,0.3,0.5,1.52638339583239,83,1.3130875544301088,236.72,2,"[407.0, 704.4000244140625]"
1779197668.021194,166.536133194,1.3804910552516414,0.903,0.0,0.3,0.5,1.6836280563739408,83,1.3330293046726223,225.96,2,"[407.0, 704.4000244140625]"
1779197668.0712225,166.586161776,1.3692576142728115,0.903,0.0,0.3,0.5,1.8407187474595545,83,1.346835131763593,255.54999999999998,2,"[400.79998779296875, 716.2000122070312]"
1779197668.1210868,166.63602582800002,1.3508293879866724,0.903,0.0,0.3,0.5,1.9975402417539314,83,1.3560390164909069,255.54999999999998,2,"[400.79998779296875, 716.2000122070312]"
1779197668.1711953,166.68613437500002,1.3254884269781382,0.903,0.0,0.3,0.5,2.1549136761784027,83,1.3560390164909069,260.93,2,"[402.79998779296875, 723.4000244140625]"
1779197668.221234,166.736173213,1.2939043156162071,0.903,0.0,0.3,0.5,2.3120534860651603,83,1.3560390164909069,188.29999999999998,2,"[402.79998779296875, 723.4000244140625]"
1779197668.2713892,166.786328448,1.2566285263732193,0.903,0.0,0.3,0.5,2.4697143196687463,83,1.3483691125514785,-5.38,2,"[403.3999938964844, 715.0]"
1779197668.321189,166.836128118,1.2149690567169658,0.903,0.0,0.3,0.5,2.626105974973079,83,1.3268933815210797,-8.07,2,"[403.3999938964844, 715.0]"
1779197668.371097,166.886036272,1.1694849376020098,0.903,0.0,0.3,0.5,2.7828718379446897,83,1.2977477465512524,-8.07,2,"[405.79998779296875, 710.0]"
1779197668.4211705,166.93610955,1.121130581025957,0.903,0.0,0.3,0.5,2.9402302681226544,83,1.2640001692177683,-8.07,2,"[405.79998779296875, 710.0]"
1779197668.4713955,166.986334615,1.071111916426468,0.903,0.0,0.3,0.5,3.0978431421728416,83,1.2256506495206272,-5.38,2,"[402.79998779296875, 694.7999877929688]"
1779197668.521175,167.036113894,1.0209965461231125,0.903,0.0,0.3,0.5,3.254430283080005,83,1.184233168247715,-5.38,2,"[402.79998779296875, 694.7999877929688]"
1779197668.571104,167.08604320700002,0.9714920279495488,0.903,0.0,0.3,0.5,3.411405215901077,83,1.1366797638232602,-2.69,2,"[419.0, 672.7999877929688]"
1779197668.6210759,167.136014921,0.9238807741410519,0.903,0.0,0.3,0.5,3.5683106284183665,83,1.0906603401866908,-2.69,2,"[419.0, 672.7999877929688]"
1779197668.6710358,167.185974708,0.8791754372165361,0.903,0.0,0.3,0.5,3.7254112406536066,83,1.0446409165501216,-2.69,2,"[447.0, 646.2000122070312]"
1779197668.721193,167.236132158,0.8383962437663843,0.903,0.0,0.3,0.5,3.8827463476476893,83,0.9940195505498954,-2.69,2,"[447.0, 646.2000122070312]"
1779197668.7711859,167.28612480700002,0.802591778399255,0.903,0.0,0.3,0.5,4.0398027985150335,83,0.9480001269133262,-5.38,2,"[482.79998779296875, 628.0]"
1779197668.8211403,167.33607947200002,0.7724838255995282,0.903,0.0,0.3,0.5,4.196831461995366,83,0.9035146840646426,-2.69,2,"[482.79998779296875, 628.0]"
1779197668.871132,167.386071084,0.7487166236755043,0.903,0.0,0.3,0.5,4.353856591183948,83,0.8620972027917303,-29.59,2,"[522.4000244140625, 596.4000244140625]"
1779197668.9210525,167.435991661,0.7317912869854424,0.903,0.0,0.3,0.5,4.510772603434866,83,0.8206797215188181,-29.59,2,"[522.4000244140625, 596.4000244140625]"
1779197668.9711146,167.48605368600002,0.7219953817992855,0.903,0.0,0.3,0.5,4.668086262775937,83,0.786932144185334,-48.42,2,"[562.0, 564.0]"
1779197669.0210764,167.536015458,0.7195233822749811,0.903,0.0,0.3,0.5,4.825055195155123,83,0.7623884515791637,-59.18,2,"[562.0, 564.0]"
1779197669.071497,167.586436141,0.7243823485366736,0.903,0.0,0.3,0.5,4.983398150205225,83,0.7424467013366504,-69.94,2,"[585.5999755859375, 528.4000244140625]"
1779197669.1210258,167.635965002,0.7361402088590359,0.903,0.0,0.3,0.5,5.139048031501652,83,0.7301748550335652,-91.46,2,"[585.5999755859375, 528.4000244140625]"
1779197669.1711433,167.68608244,0.7546596351806135,0.903,0.0,0.3,0.5,5.296327240137593,83,0.7255729126699083,-83.39,2,"[601.7999877929688, 508.0]"
1779197669.2211888,167.736127688,0.779277888240477,0.903,0.0,0.3,0.5,5.453519344975625,83,0.7255729126699083,-26.9,2,"[601.7999877929688, 508.0]"
1779197669.2711143,167.786053452,0.8092342609165433,0.903,0.0,0.3,0.5,5.610433403155916,83,0.7301748550335652,0.0,2,"[592.0, 502.0]"
1779197669.321148,167.836087173,0.84376102311521,0.903,0.0,0.3,0.5,5.767500972119642,83,0.7455146629124216,0.0,2,"[592.0, 502.0]"
1779197669.3710983,167.88603737,0.8818549254731964,0.903,0.0,0.3,0.5,5.924492963788843,83,0.7669903939428205,2.69,2,"[580.2000122070312, 502.3999938964844]"
1779197669.421138,167.936077138,0.9225487726645875,0.903,0.0,0.3,0.5,6.081722060880388,83,0.7915340865489908,2.69,2,"[580.2000122070312, 502.3999938964844]"
1779197669.4710796,167.986018521,0.9646439322150206,0.903,0.0,0.3,0.5,6.23884266306964,83,0.8206797215188181,2.69,2,"[563.2000122070312, 519.4000244140625]"
1779197669.5209548,168.035893883,1.006890655592365,0.903,0.0,0.3,0.5,0.11229799497849058,84,0.8544272988523022,2.69,2,"[563.2000122070312, 519.4000244140625]"
1779197669.5711787,168.08611756800002,1.0485163901993353,0.903,0.0,0.3,0.5,0.26988995544630257,84,0.8897088569736719,18.83,2,"[543.4000244140625, 552.4000244140625]"
1779197669.6212745,168.13621352200002,1.0880663359953002,0.903,0.0,0.3,0.5,0.42726863633052403,84,0.9326603190344698,18.83,2,"[543.4000244140625, 552.4000244140625]"
1779197669.6711953,168.18613426800002,1.1243835174915262,0.903,0.0,0.3,0.5,0.5840936240759049,84,0.9740778003073821,64.56,2,"[516.4000244140625, 587.5999755859375]"
1779197669.7211068,168.236045861,1.1566228258569597,0.903,0.0,0.3,0.5,0.7410115338488197,84,1.0139613007924089,64.56,2,"[516.4000244140625, 587.5999755859375]"
1779197669.7711039,168.286043025,1.1838816710784328,0.903,0.0,0.3,0.5,0.898109079889565,84,1.0538448012774355,96.84,2,"[494.20001220703125, 624.5999755859375]"
1779197669.8211696,168.336108612,1.2053464922534083,0.903,0.0,0.3,0.5,1.0553287741943507,84,1.0875923786109196,118.36,2,"[494.20001220703125, 624.5999755859375]"
1779197669.8710637,168.386002622,1.22032360010956,0.903,0.0,0.3,0.5,1.212237042419389,84,1.1213399559444037,121.05,2,"[467.20001220703125, 652.4000244140625]"
1779197669.921053,168.435992061,1.2283750410037837,0.903,0.0,0.3,0.5,1.3691252986991742,84,1.1520195717021164,134.5,2,"[467.20001220703125, 652.4000244140625]"
1779197669.971061,168.48600027900002,1.2291816813061374,0.903,0.0,0.3,0.5,1.5263018212376949,84,1.175029283520401,156.02,2,"[451.0, 663.4000244140625]"
1779197670.0219529,168.53689186,1.2224289017023984,0.903,0.0,0.3,0.5,1.685813854020381,84,1.193437052975029,156.02,2,"[451.0, 663.4000244140625]"
1779197670.072007,168.586946011,1.2083637695831508,0.903,0.0,0.3,0.5,1.842948791296891,84,1.2072428800659996,164.09,2,"[433.3999938964844, 673.0]"
1779197670.12443,168.639369003,1.1874371613542296,0.903,0.0,0.3,0.5,1.998365710931722,84,1.2118448224296565,193.68,2,"[433.3999938964844, 673.0]"
1779197670.1712506,168.68618949700002,1.159695980038077,0.903,0.0,0.3,0.5,2.1549321173273768,84,1.2118448224296565,174.85,2,"[427.0, 673.2000122070312]"
1779197670.2211823,168.73612144400002,1.125726499923739,0.903,0.0,0.3,0.5,2.3119344793939547,84,1.205708899278114,83.39,2,"[427.0, 673.2000122070312]"
1779197670.271383,168.786322165,1.0860910950571048,0.903,0.0,0.3,0.5,2.4697653736911036,84,1.188835110611372,-2.69,2,"[423.79998779296875, 675.4000244140625]"
1779197670.3209813,168.835920527,1.0423968610030596,0.903,0.0,0.3,0.5,2.6256149660326003,84,1.1642914180052018,-5.38,2,"[423.79998779296875, 675.4000244140625]"
1779197670.3712795,168.88621842400002,0.994587548520614,0.903,0.0,0.3,0.5,2.7831672167692716,84,1.1366797638232602,-2.69,2,"[426.3999938964844, 658.0]"
1779197670.421191,168.936130154,0.9443244921287953,0.903,0.0,0.3,0.5,2.9402758871896424,84,1.0998642249140047,-2.69,2,"[426.3999938964844, 658.0]"
1779197670.4711773,168.98611630800002,0.8926066924990391,0.903,0.0,0.3,0.5,3.0973510399579993,84,1.0584467436410925,-2.69,2,"[435.20001220703125, 652.4000244140625]"
1779197670.521258,169.036197253,0.8405230264653116,0.903,0.0,0.3,0.5,3.2545903220929233,84,1.012427320004523,-2.69,2,"[435.20001220703125, 652.4000244140625]"
1779197670.571007,169.08594604,0.7895093873281933,0.903,0.0,0.3,0.5,3.411152097780956,84,0.966407896367954,-2.69,2,"[471.6000061035156, 629.4000244140625]"
1779197670.6213832,169.136322347,0.7401360797101841,0.903,0.0,0.3,0.5,3.5688141346145414,84,0.9219224535192704,-2.69,2,"[471.6000061035156, 629.4000244140625]"
1779197670.6711512,169.18609016300002,0.6940704543543972,0.903,0.0,0.3,0.5,3.725766573632228,84,0.8743690490948155,-59.18,2,"[516.2000122070312, 599.4000244140625]"
1779197670.720984,169.235923098,0.6522225258589198,0.903,0.0,0.3,0.5,3.88223228255859,84,0.8191457407309324,-37.66,2,"[516.2000122070312, 599.4000244140625]"
1779197670.7711883,169.28612739500002,0.6150995030687338,0.903,0.0,0.3,0.5,4.039850208289664,84,0.7715923363064775,-88.77,2,"[555.4000244140625, 561.2000122070312]"
1779197670.8211725,169.336111538,0.5839395321203882,0.903,0.0,0.3,0.5,4.196845027392243,84,0.7240389318820226,-110.28999999999999,2,"[555.4000244140625, 561.2000122070312]"
1779197670.8713884,169.386327679,0.5591410473867646,0.903,0.0,0.3,0.5,4.354541304444098,84,0.6810874698212247,-131.81,2,"[593.5999755859375, 506.6000061035156]"
1779197670.921243,169.436182167,0.5414540815584232,0.903,0.0,0.3,0.5,4.511146267606392,84,0.641203969336198,-131.81,2,"[593.5999755859375, 506.6000061035156]"
1779197670.971014,169.485953138,0.5310016988510335,0.903,0.0,0.3,0.5,4.667801835543088,84,0.6089903727905995,-156.02,2,"[620.7999877929688, 464.79998779296875]"
1779197671.0211284,169.53606733200002,0.5279377586798908,0.903,0.0,0.3,0.5,4.825204200894319,84,0.5844466801844292,-150.64,2,"[620.7999877929688, 464.79998779296875]"
1779197671.0710444,169.58598361,0.5322661667407665,0.903,0.0,0.3,0.5,4.982082162174976,84,0.5629709491540303,-185.60999999999999,2,"[639.5999755859375, 442.79998779296875]"
1779197671.120969,169.635908078,0.5437392972223771,0.903,0.0,0.3,0.5,5.138871769303847,84,0.5491651220630596,-196.37,2,"[639.5999755859375, 442.79998779296875]"
1779197671.1711946,169.68613348300002,0.5620765859377906,0.903,0.0,0.3,0.5,5.2964610751259045,84,0.543029198911517,-201.75,2,"[633.0, 429.3999938964844]"
1779197671.2213147,169.73625372700002,0.5866460252296222,0.903,0.0,0.3,0.5,5.453890690651775,84,0.543029198911517,-139.88,2,"[633.0, 429.3999938964844]"
1779197671.2711976,169.786136593,0.6166217822244986,0.903,0.0,0.3,0.5,5.610712247777911,84,0.5445631796994026,-51.11,2,"[638.7999877929688, 424.79998779296875]"
1779197671.3211288,169.83606797800002,0.6512706819242463,0.903,0.0,0.3,0.5,5.767636748612205,84,0.5568350260024878,-51.11,2,"[638.7999877929688, 424.79998779296875]"
1779197671.3710158,169.88595483400002,0.6895962118219977,0.903,0.0,0.3,0.5,5.924468635295085,84,0.5783107570328867,-56.49,2,"[644.4000244140625, 416.6000061035156]"
1779197671.4210813,169.936020299,0.730699725368042,0.903,0.0,0.3,0.5,6.081766853708274,84,0.602854449639057,-53.8,2,"[644.4000244140625, 416.6000061035156]"
1779197671.4710336,169.985972602,0.7732415594127511,0.903,0.0,0.3,0.5,6.23864582344018,84,0.6320000846088841,-37.66,2,"[627.5999755859375, 429.20001220703125]"
1779197671.521202,170.036141141,0.8163041832786077,0.903,0.0,0.3,0.5,0.11277752453941758,85,0.6688156235181395,2.69,2,"[627.5999755859375, 429.20001220703125]"
1779197671.5711784,170.08611734500002,0.8585584030724113,0.903,0.0,0.3,0.5,0.2699018400911726,85,0.7071651432152806,2.69,2,"[613.5999755859375, 458.6000061035156]"
1779197671.6210706,170.13600981800002,0.898846133194376,0.903,0.0,0.3,0.5,0.42672694093392494,85,0.7470486437003072,2.69,2,"[613.5999755859375, 458.6000061035156]"
1779197671.6711867,170.186125865,0.9362867018272187,0.903,0.0,0.3,0.5,0.5840805676166454,85,0.7900001057611052,2.69,2,"[578.0, 504.0]"
1779197671.721042,170.23598100400002,0.9696037031573396,0.903,0.0,0.3,0.5,0.7408291329791226,85,0.8298836062461319,2.69,2,"[578.0, 504.0]"
1779197671.77115,170.286089368,0.9981323323555673,0.903,0.0,0.3,0.5,0.8981305903743149,85,0.8728350683069298,2.69,2,"[552.7999877929688, 545.5999755859375]"
1779197671.821021,170.33596005200002,1.0208965285061555,0.903,0.0,0.3,0.5,1.0549647767029526,85,0.9081166264282996,10.76,2,"[552.7999877929688, 545.5999755859375]"
1779197671.8712578,170.386196758,1.0374240299079025,0.903,0.0,0.3,0.5,1.2127454055175875,85,0.9418642037617837,48.42,2,"[528.2000122070312, 584.2000122070312]"
1779197671.921234,170.43617290400002,1.0470233457799023,0.903,0.0,0.3,0.5,1.3694578614140553,85,0.9725438195194965,64.56,2,"[528.2000122070312, 584.2000122070312]"
1779197671.9710217,170.48596081000002,1.0495128995518537,0.903,0.0,0.3,0.5,1.5261650143021441,85,0.9970875121256667,69.94,2,"[504.0, 618.2000122070312]"
1779197672.0212736,170.536212849,1.0446974816331775,0.903,0.0,0.3,0.5,1.6839254049768968,85,1.0154952815802945,94.14999999999999,2,"[504.0, 618.2000122070312]"
1779197672.0712235,170.58616245800002,1.0326811867020593,0.903,0.0,0.3,0.5,1.8406510995448642,85,1.0277671278833795,104.91,2,"[485.6000061035156, 634.0]"
1779197672.1211665,170.63610545,1.013622871447309,0.903,0.0,0.3,0.5,1.997759100805986,85,1.033903051034922,104.91,2,"[485.6000061035156, 634.0]"
1779197672.1711044,170.686043484,0.9879603699980527,0.903,0.0,0.3,0.5,2.1547610921646836,85,1.033903051034922,91.46,2,"[481.3999938964844, 631.7999877929688]"
1779197672.2210722,170.73601130900002,0.9562336606707051,0.903,0.0,0.3,0.5,2.31181656913828,85,1.0277671278833795,16.14,2,"[481.3999938964844, 631.7999877929688]"
1779197672.2709472,170.78588623000002,0.9192483293832789,0.903,0.0,0.3,0.5,2.4685395619365025,85,1.0139613007924089,0.0,2,"[481.0, 625.7999877929688]"
1779197672.3210378,170.835976737,0.8776425065490502,0.903,0.0,0.3,0.5,2.625781982522547,85,0.9940195505498954,0.0,2,"[481.0, 625.7999877929688]"
1779197672.3711896,170.88612874400002,0.8324506623289787,0.903,0.0,0.3,0.5,2.783175061325899,85,0.966407896367954,-2.69,2,"[480.79998779296875, 613.7999877929688]"
1779197672.4211876,170.93612689,0.7848609761310039,0.903,0.0,0.3,0.5,2.940268887721011,85,0.9341942998223555,-5.38,2,"[480.79998779296875, 613.7999877929688]"
1779197672.4712207,170.986160039,0.7358932522195143,0.903,0.0,0.3,0.5,3.0974046543780176,85,0.8958447801252144,-13.45,2,"[495.20001220703125, 594.5999755859375]"
1779197672.5211449,171.036084068,0.6867605392396757,0.903,0.0,0.3,0.5,3.25438760768521,85,0.8559612796401878,-13.45,2,"[495.20001220703125, 594.5999755859375]"
1779197672.5711932,171.086132251,0.6385230866981226,0.903,0.0,0.3,0.5,3.4115373261552193,85,0.8068738944278473,-45.73,2,"[530.7999877929688, 569.2000122070312]"
1779197672.6210833,171.136022252,0.592474107849683,0.903,0.0,0.3,0.5,3.568335267929463,85,0.765456413154935,-67.25,2,"[530.7999877929688, 569.2000122070312]"
1779197672.6710894,171.18602859,0.5494704144776588,0.903,0.0,0.3,0.5,3.72558729236426,85,0.7209709703062513,-118.36,2,"[562.7999877929688, 527.4000244140625]"
1779197672.7211869,171.236125936,0.5106851219835099,0.903,0.0,0.3,0.5,3.8827637269381583,85,0.6734175658817965,-142.57,2,"[562.7999877929688, 527.4000244140625]"
1779197672.7712288,171.28616780500002,0.47702031209526774,0.903,0.0,0.3,0.5,4.039904538993035,85,0.6273981422452273,-153.32999999999998,2,"[592.5999755859375, 488.6000061035156]"
1779197672.8211982,171.33613735,0.44928259503588586,0.903,0.0,0.3,0.5,4.196898286812605,85,0.5829126993965437,-177.54,2,"[592.5999755859375, 488.6000061035156]"
1779197672.8712106,171.386149587,0.4280741112769554,0.903,0.0,0.3,0.5,4.354001729622844,85,0.543029198911517,-199.06,2,"[637.5999755859375, 444.3999938964844]"
1779197672.9210644,171.436003456,0.4139283670335102,0.903,0.0,0.3,0.5,4.510800384538591,85,0.5077476407901472,-199.06,2,"[637.5999755859375, 444.3999938964844]"
1779197672.9710245,171.485963481,0.4071134346792138,0.903,0.0,0.3,0.5,4.667782351385661,85,0.47860200582032003,-228.65,2,"[657.5999755859375, 415.20001220703125]"
1779197673.0210226,171.53596168500002,0.4077962807219706,0.903,0.0,0.3,0.5,4.824889187115907,85,0.45712627478992107,-209.82,2,"[657.5999755859375, 415.20001220703125]"
1779197673.07084,171.585779035,0.4159054737584394,0.903,0.0,0.3,0.5,4.981450406742063,85,0.4387185053352934,-252.85999999999999,2,"[661.5999755859375, 406.79998779296875]"
1779197673.121163,171.636101891,0.4313714477436307,0.903,0.0,0.3,0.5,5.139327928557357,85,0.43104860139586515,-271.69,2,"[661.5999755859375, 406.79998779296875]"
1779197673.1711593,171.68609830300002,0.45362579322780366,0.903,0.0,0.3,0.5,5.296401777564718,85,0.43104860139586515,-250.17,2,"[673.2000122070312, 389.6000061035156]"
1779197673.2210522,171.73599129200002,0.4821185462587365,0.903,0.0,0.3,0.5,5.453228273274597,85,0.4295146206079795,-158.71,2,"[673.2000122070312, 389.6000061035156]"
1779197673.271082,171.786020963,0.5162516127193189,0.903,0.0,0.3,0.5,5.610403630282242,85,0.4325825821837508,-61.87,2,"[671.7999877929688, 384.6000061035156]"
1779197673.32128,171.83621925,0.5551879984580207,0.903,0.0,0.3,0.5,5.767840358373867,85,0.4479223900626072,-61.87,2,"[671.7999877929688, 384.6000061035156]"
1779197673.3711827,171.886121706,0.5977629345464774,0.903,0.0,0.3,0.5,5.924759791819163,85,0.4740000634566631,-72.63,2,"[658.0, 388.3999938964844]"
1779197673.4211247,171.93606368800002,0.6431034870161709,0.903,0.0,0.3,0.5,6.08186051086853,85,0.5031456984264903,-75.32,2,"[658.0, 388.3999938964844]"
1779197673.4708781,171.985817013,0.68980502921413,0.903,0.0,0.3,0.5,6.238155662729703,85,0.5368932757599744,-67.25,2,"[642.7999877929688, 390.6000061035156]"
1779197673.520994,172.035933021,0.7373103142549385,0.903,0.0,0.3,0.5,0.11242828939212757,86,0.5737088146692298,-40.35,2,"[642.7999877929688, 390.6000061035156]"
1779197673.571189,172.086128013,0.7841205213893165,0.903,0.0,0.3,0.5,0.26992434017789435,86,0.6166602767300278,-43.04,2,"[623.2000122070312, 419.79998779296875]"
1779197673.6211345,172.136073606,0.8289206572736265,0.903,0.0,0.3,0.5,0.4268572824715733,86,0.662679700366597,-32.28,2,"[623.2000122070312, 419.79998779296875]"
1779197673.6712797,172.18621883100002,0.8709413128937878,0.903,0.0,0.3,0.5,0.5843705334770988,86,0.7086991240031663,2.69,2,"[605.4000244140625, 468.0]"
1779197673.72112,172.23605926300002,0.908798958390159,0.903,0.0,0.3,0.5,0.74104340216455,86,0.7562525284276211,2.69,2,"[605.4000244140625, 468.0]"
1779197673.7711458,172.28608492400002,0.9419040689792721,0.903,0.0,0.3,0.5,0.8981542779829255,86,0.8022719520641903,2.69,2,"[577.4000244140625, 524.0]"
1779197673.8210528,172.33599175700002,0.9693072793856741,0.903,0.0,0.3,0.5,1.054973123914678,86,0.8436894333371027,2.69,2,"[577.4000244140625, 524.0]"
1779197673.871489,172.386428295,0.9905798353090906,0.903,0.0,0.3,0.5,1.213127545706456,86,0.8789709914584724,24.21,2,"[558.7999877929688, 567.4000244140625]"
1779197673.9211855,172.43612452600001,1.0048376590350212,0.903,0.0,0.3,0.5,1.3694714802182801,86,0.9157865303677277,24.21,2,"[558.7999877929688, 567.4000244140625]"
1779197673.9710233,172.48596237,1.0120533235806022,0.903,0.0,0.3,0.5,1.526158746824862,86,0.944932165337555,43.04,2,"[524.7999877929688, 594.0]"
1779197674.0213947,172.53633391900001,1.0120146421286265,0.903,0.0,0.3,0.5,1.6841875865918468,86,0.9710098387316108,61.87,2,"[524.7999877929688, 594.0]"
1779197674.0712638,172.58620280600002,1.0047554651010806,0.903,0.0,0.3,0.5,1.8409566696959558,86,0.9878836273983529,75.32,2,"[503.79998779296875, 617.0]"
1779197674.1211507,172.636089832,0.9905253550554811,0.903,0.0,0.3,0.5,1.9977063031999336,86,0.9986214929135524,75.32,2,"[503.79998779296875, 617.0]"
1779197674.1710443,172.68598343000002,0.9697002563485339,0.903,0.0,0.3,0.5,2.15455976005795,86,1.0032234352772094,80.7,2,"[491.79998779296875, 627.7999877929688]"
1779197674.2211678,172.736106675,0.9427748644300102,0.903,0.0,0.3,0.5,2.3117833405128607,86,1.000155473701438,43.04,2,"[491.79998779296875, 627.7999877929688]"
1779197674.2711368,172.78607604200002,0.9104817979151774,0.903,0.0,0.3,0.5,2.469108711711314,86,0.9909515889741242,0.0,2,"[488.0, 625.4000244140625]"
1779197674.3209765,172.83591564300002,0.8738828710522489,0.903,0.0,0.3,0.5,2.6256360052784515,86,0.9725438195194965,0.0,2,"[488.0, 625.4000244140625]"
1779197674.3710325,172.88597143700002,0.8335946036212081,0.903,0.0,0.3,0.5,2.7828472989644837,86,0.9510680884890975,-2.69,2,"[486.0, 616.5999755859375]"
1779197674.4213521,172.93629106100002,0.7906304424419935,0.903,0.0,0.3,0.5,2.940737547371654,86,0.923456434307156,-2.69,2,"[486.0, 616.5999755859375]"
1779197674.4711938,172.986132895,0.7466466909941427,0.903,0.0,0.3,0.5,3.0973564466389547,86,0.8912428377615575,-18.83,2,"[506.3999938964844, 598.4000244140625]"
1779197674.52128,173.036219144,0.7022643464400746,0.903,0.0,0.3,0.5,3.2546183639490067,86,0.8559612796401878,-18.83,2,"[506.3999938964844, 598.4000244140625]"
1779197674.5710037,173.085942829,0.659020745153769,0.903,0.0,0.3,0.5,3.4111492012326465,86,0.8099418560036186,-32.28,2,"[530.5999755859375, 577.2000122070312]"
1779197674.6212406,173.13617973,0.6176046800117012,0.903,0.0,0.3,0.5,3.568580513218521,86,0.7715923363064775,-43.04,2,"[530.5999755859375, 577.2000122070312]"
1779197674.6710975,173.18603660300002,0.5794593739031011,0.903,0.0,0.3,0.5,3.7255971538237276,86,0.7301748550335652,-102.22,2,"[568.4000244140625, 535.5999755859375]"
1779197674.7211828,173.236121876,0.5454736356599496,0.903,0.0,0.3,0.5,3.8826631834070753,86,0.6902913545485385,-129.12,2,"[568.4000244140625, 535.5999755859375]"
1779197674.7711709,173.286110097,0.5165626381065915,0.903,0.0,0.3,0.5,4.039783901835321,86,0.6473398924877406,-142.57,2,"[607.4000244140625, 487.20001220703125]"
1779197674.8210678,173.33600700300002,0.49355854785956965,0.903,0.0,0.3,0.5,4.196668548425222,86,0.6089903727905995,-147.95,2,"[607.4000244140625, 487.20001220703125]"
1779197674.8713167,173.38625576700002,0.4769936670403419,0.903,0.0,0.3,0.5,4.35433002919693,86,0.5737088146692298,-172.16,2,"[612.7999877929688, 449.79998779296875]"
1779197674.921127,173.436065989,0.4675329070740053,0.903,0.0,0.3,0.5,4.510862314754704,86,0.5445631796994026,-172.16,2,"[612.7999877929688, 449.79998779296875]"
1779197674.9710572,173.4859964,0.4653526523279186,0.903,0.0,0.3,0.5,4.667854083370898,86,0.5184855063053467,-201.75,2,"[629.7999877929688, 427.6000061035156]"
1779197675.021209,173.53614789800002,0.4706573301170408,0.903,0.0,0.3,0.5,4.82530651314265,86,0.500077736850719,-212.51,2,"[629.7999877929688, 427.6000061035156]"
1779197675.0710416,173.58598081300002,0.48334989897782654,0.903,0.0,0.3,0.5,4.982067805097003,86,0.4878058905476339,-207.13,2,"[645.2000122070312, 409.6000061035156]"
1779197675.1210043,173.635943354,0.5032265694106113,0.903,0.0,0.3,0.5,5.138901510762011,86,0.4816699673960913,-217.89,2,"[645.2000122070312, 409.6000061035156]"
1779197675.1710765,173.68601560000002,0.5299815709591038,0.903,0.0,0.3,0.5,5.296230353420341,86,0.4816699673960913,-134.5,2,"[644.0, 406.0]"
1779197675.221043,173.73598203900002,0.5629172360042896,0.903,0.0,0.3,0.5,5.453208842524404,86,0.483203948183977,-75.32,2,"[644.0, 406.0]"
1779197675.271333,173.786272166,0.601566965380408,0.903,0.0,0.3,0.5,5.610935593025019,86,0.4970097752749477,-59.18,2,"[648.2000122070312, 401.3999938964844]"
1779197675.3211744,173.83611338900002,0.6446038810250463,0.903,0.0,0.3,0.5,5.7675365914973185,86,0.521553467881118,-59.18,2,"[648.2000122070312, 401.3999938964844]"
1779197675.371365,173.88630407000002,0.691594883665197,0.903,0.0,0.3,0.5,5.924995747418947,86,0.5506991028509451,-78.01,2,"[644.7999877929688, 402.79998779296875]"
1779197675.4211948,173.936133896,0.741051006408035,0.903,0.0,0.3,0.5,6.081818696270702,86,0.5829126993965437,-51.11,2,"[644.7999877929688, 402.79998779296875]"
1779197675.4714088,173.986347733,0.792319904990231,0.903,0.0,0.3,0.5,6.239483871555294,86,0.6212622190936846,-40.35,2,"[625.7999877929688, 423.3999938964844]"
1779197675.521108,174.03604698400002,0.8435239815306077,0.903,0.0,0.3,0.5,0.11257879681337357,87,0.6642136811544826,2.69,2,"[625.7999877929688, 423.3999938964844]"
1779197675.5713346,174.08627353900002,0.8943530774661432,0.903,0.0,0.3,0.5,0.27008040507652,87,0.7117670855789375,2.69,2,"[599.4000244140625, 463.3999938964844]"
1779197675.6212702,174.13620921,0.943112369215668,0.903,0.0,0.3,0.5,0.42710320006172964,87,0.760854470791278,2.69,2,"[599.4000244140625, 463.3999938964844]"
1779197675.6712804,174.18621966700002,0.9888981537650602,0.903,0.0,0.3,0.5,0.5842373110994785,87,0.8099418560036186,2.69,2,"[572.7999877929688, 514.5999755859375]"
1779197675.7211952,174.236134219,1.0305943548054508,0.903,0.0,0.3,0.5,0.7411217377778812,87,0.8605632220038447,2.69,2,"[572.7999877929688, 514.5999755859375]"
1779197675.7711616,174.286100506,1.0673922719478361,0.903,0.0,0.3,0.5,0.8981408633828423,87,0.9096506072161852,16.14,2,"[540.7999877929688, 572.4000244140625]"
1779197675.821164,174.336103073,1.0984912311924822,0.903,0.0,0.3,0.5,1.0553292045928728,87,0.9556700308527545,13.45,2,"[540.7999877929688, 572.4000244140625]"
1779197675.870999,174.385938259,1.1231269161901953,0.903,0.0,0.3,0.5,1.212011560890197,87,0.9955535313377811,69.94,2,"[504.20001220703125, 617.2000122070312]"
1779197675.9211774,174.43611662200001,1.1409878289858988,0.903,0.0,0.3,0.5,1.3694512766364468,87,1.033903051034922,102.22,2,"[504.20001220703125, 617.2000122070312]"
1779197675.9711502,174.486089389,1.1515947305465795,0.903,0.0,0.3,0.5,1.5264700064007783,87,1.0661166475805206,129.12,2,"[480.6000061035156, 651.2000122070312]"
1779197676.021128,174.536067201,1.1548596748536368,0.903,0.0,0.3,0.5,1.6835594000086402,87,1.0937283017624622,131.81,2,"[480.6000061035156, 651.2000122070312]"
1779197676.0713696,174.58630854700002,1.150786718354905,0.903,0.0,0.3,0.5,1.8411845733939671,87,1.1136700520049756,134.5,2,"[466.20001220703125, 670.5999755859375]"
1779197676.1211703,174.636109268,1.1396711001008815,0.903,0.0,0.3,0.5,1.997743122666371,87,1.1305438406717176,134.5,2,"[466.20001220703125, 670.5999755859375]"
1779197676.1710649,174.686004091,1.1218436200466766,0.903,0.0,0.3,0.5,2.1547147913726903,87,1.1366797638232602,147.95,2,"[466.0, 667.2000122070312]"
1779197676.2210503,174.73598925500002,1.0978890355287898,0.903,0.0,0.3,0.5,2.3116417018084903,87,1.1366797638232602,129.12,2,"[466.0, 667.2000122070312]"
1779197676.271001,174.785940231,1.0684978997133747,0.903,0.0,0.3,0.5,2.4686325530795656,87,1.1336118022474888,40.35,2,"[448.20001220703125, 670.7999877929688]"
1779197676.3210137,174.83595256700002,1.0345119082937808,0.903,0.0,0.3,0.5,2.6256638680640307,87,1.1198059751565181,-5.38,2,"[448.20001220703125, 670.7999877929688]"
1779197676.3711948,174.88613388200002,0.996771630944572,0.903,0.0,0.3,0.5,2.7831876653960634,87,1.1013982057018903,-2.69,2,"[446.3999938964844, 662.2000122070312]"
1779197676.4214616,174.936400611,0.9563816592297057,0.903,0.0,0.3,0.5,2.9409065587734275,87,1.0768545130957201,-2.69,2,"[446.3999938964844, 662.2000122070312]"
1779197676.4711115,174.986050645,0.9149026322620607,0.903,0.0,0.3,0.5,3.097163530859085,87,1.0446409165501216,-2.69,2,"[452.3999938964844, 650.5999755859375]"
1779197676.521124,175.03606311200002,0.8728590468533943,0.903,0.0,0.3,0.5,3.2543252879121027,87,1.0078253776408663,-2.69,2,"[452.3999938964844, 650.5999755859375]"
1779197676.5711124,175.086051394,0.831660572373445,0.903,0.0,0.3,0.5,3.41142665098797,87,0.9694758579437253,-2.69,2,"[470.20001220703125, 624.4000244140625]"
1779197676.6211274,175.13606624300002,0.7924441339224761,0.903,0.0,0.3,0.5,3.568454268317929,87,0.9326603190344698,-16.14,2,"[470.20001220703125, 624.4000244140625]"
1779197676.6712306,175.186169637,0.7561841996469536,0.903,0.0,0.3,0.5,3.725899437869053,87,0.8927768185494431,-8.07,2,"[496.20001220703125, 609.0]"
1779197676.720984,175.235922871,0.7242153555489509,0.903,0.0,0.3,0.5,3.8822409596377483,87,0.8559612796401878,-51.11,2,"[496.20001220703125, 609.0]"
1779197676.771257,175.286195937,0.6969473824900482,0.903,0.0,0.3,0.5,4.040012741727502,87,0.8130098175793898,-45.73,2,"[534.0, 584.7999877929688]"
1779197676.8211892,175.336128218,0.6755950849620482,0.903,0.0,0.3,0.5,4.196891249645283,87,0.77772825945802,-72.63,2,"[534.0, 584.7999877929688]"
1779197676.8711672,175.386106103,0.6606219988620625,0.903,0.0,0.3,0.5,4.353908333214996,87,0.7439806821245359,-86.08,2,"[566.2000122070312, 543.4000244140625]"
1779197676.9210758,175.43601496300002,0.6525396694533353,0.903,0.0,0.3,0.5,4.510815316528657,87,0.7148350471547088,-86.08,2,"[566.2000122070312, 543.4000244140625]"
1779197676.971035,175.48597414600002,0.6516531110287372,0.903,0.0,0.3,0.5,4.667813054170857,87,0.6902913545485385,-110.28999999999999,2,"[591.5999755859375, 505.79998779296875]"
1779197677.0210104,175.535949455,0.6581130234495675,0.903,0.0,0.3,0.5,4.8248883011869665,87,0.6734175658817965,-126.42999999999999,2,"[591.5999755859375, 505.79998779296875]"
1779197677.0709364,175.585875378,0.6718503732943417,0.903,0.0,0.3,0.5,4.98170248813684,87,0.6642136811544826,-126.42999999999999,2,"[606.4000244140625, 479.3999938964844]"
1779197677.1209657,175.635904771,0.6927022339919533,0.903,0.0,0.3,0.5,5.138868404658602,87,0.662679700366597,-104.91,2,"[606.4000244140625, 479.3999938964844]"
1779197677.17121,175.686149078,0.7203439460649065,0.903,0.0,0.3,0.5,5.296529866580691,87,0.662679700366597,-45.73,2,"[602.0, 469.3999938964844]"
1779197677.2212038,175.736142795,0.7539908672938617,0.903,0.0,0.3,0.5,5.453504947056636,87,0.6688156235181395,2.69,2,"[602.0, 469.3999938964844]"
1779197677.2712753,175.78621448700002,0.7931392428283643,0.903,0.0,0.3,0.5,5.610876669313107,87,0.6856894121848816,2.69,2,"[592.2000122070312, 468.6000061035156]"
1779197677.32131,175.836249213,0.8367351552595651,0.903,0.0,0.3,0.5,5.767830427799787,87,0.7086991240031663,2.69,2,"[592.2000122070312, 468.6000061035156]"
1779197677.3711064,175.88604545700002,0.88383424557343,0.903,0.0,0.3,0.5,5.924525359892492,87,0.7378447589729934,2.69,2,"[582.0, 475.20001220703125]"
1779197677.4210746,175.936013624,0.9335770864891298,0.903,0.0,0.3,0.5,6.081584920936471,87,0.7685243747307062,2.69,2,"[582.0, 475.20001220703125]"
1779197677.47116,175.986099005,0.9848704663586857,0.903,0.0,0.3,0.5,6.239037957035599,87,0.8068738944278473,2.69,2,"[565.5999755859375, 516.0]"
1779197677.5211701,176.03610915800002,1.0362634609158612,0.903,0.0,0.3,0.5,0.1127913758218142,88,0.8513593372765309,2.69,2,"[565.5999755859375, 516.0]"
1779197677.5711818,176.086120803,1.086817913128502,0.903,0.0,0.3,0.5,0.26990111752530765,88,0.8958447801252144,26.9,2,"[541.2000122070312, 562.7999877929688]"
1779197677.6210814,176.136020567,1.1352396696551574,0.903,0.0,0.3,0.5,0.4266885412473016,88,0.9480001269133262,34.97,2,"[541.2000122070312, 562.7999877929688]"
1779197677.6713803,176.18631939800002,1.1808516340069906,0.903,0.0,0.3,0.5,0.5845745924866037,88,0.9955535313377811,72.63,2,"[514.7999877929688, 606.4000244140625]"
1779197677.7210932,176.236032423,1.2218767062731537,0.903,0.0,0.3,0.5,0.7408552930215251,88,1.0461748973380072,72.63,2,"[514.7999877929688, 606.4000244140625]"
1779197677.771198,176.286137149,1.2581122818957327,0.903,0.0,0.3,0.5,0.8981634640002198,88,1.0921943209745766,121.05,2,"[482.3999938964844, 644.0]"
1779197677.821111,176.33605009200002,1.2884036917134336,0.903,0.0,0.3,0.5,1.0550490876253775,88,1.1382137446111458,131.81,2,"[482.3999938964844, 644.0]"
1779197677.870989,176.385928266,1.312186498062832,0.903,0.0,0.3,0.5,1.2117814706440981,88,1.179631225884058,164.09,2,"[459.79998779296875, 665.5999755859375]"
1779197677.9209957,176.435934819,1.3290454917089973,0.903,0.0,0.3,0.5,1.3690175232217712,88,1.214912784005428,180.23,2,"[459.79998779296875, 665.5999755859375]"
1779197677.9709847,176.485923766,1.3385630308642724,0.903,0.0,0.3,0.5,1.5260823024512433,88,1.2501943421267976,177.54,2,"[442.3999938964844, 682.2000122070312]"
1779197678.0211833,176.53612234500002,1.3406113199370737,0.903,0.0,0.3,0.5,1.6836325834094055,88,1.2762720155208536,180.23,2,"[442.3999938964844, 682.2000122070312]"
1779197678.071205,176.586144133,1.3352111245814566,0.903,0.0,0.3,0.5,1.8407644576331563,88,1.2962137657633668,196.37,2,"[414.79998779296875, 708.0]"
1779197678.1211343,176.636073259,1.3226202974946824,0.903,0.0,0.3,0.5,1.9976624874076947,88,1.3100195928543377,196.37,2,"[414.79998779296875, 708.0]"
1779197678.1711473,176.686086405,1.3031990549730472,0.903,0.0,0.3,0.5,2.154764651589687,88,1.3130875544301088,250.17,2,"[407.3999938964844, 715.7999877929688]"
1779197678.2210085,176.735947501,1.2775715314533618,0.903,0.0,0.3,0.5,2.3115752979645663,88,1.3130875544301088,212.51,2,"[407.3999938964844, 715.7999877929688]"
1779197678.2711449,176.786083886,1.246289446771186,0.903,0.0,0.3,0.5,2.468970927741168,88,1.3130875544301088,40.35,2,"[406.6000061035156, 713.7999877929688]"
1779197678.3211725,176.836111595,1.2103509645022092,0.903,0.0,0.3,0.5,2.6261032197966756,88,1.3023496889149093,-5.38,2,"[406.6000061035156, 713.7999877929688]"
1779197678.371053,176.88599198100002,1.1707540943778516,0.903,0.0,0.3,0.5,2.7829063106412946,88,1.2778059963087391,-8.07,2,"[408.0, 705.5999755859375]"
1779197678.4212155,176.936154667,1.128295986596069,0.903,0.0,0.3,0.5,2.940343422007288,88,1.2501943421267976,-8.07,2,"[408.0, 705.5999755859375]"
1779197678.47129,176.986229329,1.0842848455271803,0.903,0.0,0.3,0.5,3.097655896967865,88,1.217980745581199,-5.38,2,"[408.79998779296875, 696.7999877929688]"
1779197678.5211477,177.036086708,1.040016422293427,0.903,0.0,0.3,0.5,3.25434786025545,88,1.1826991874598294,-5.38,2,"[408.79998779296875, 696.7999877929688]"
1779197678.5710914,177.086030341,0.9963676270045781,0.903,0.0,0.3,0.5,3.4114062651934205,88,1.1428156869748027,-2.69,2,"[426.0, 676.4000244140625]"
1779197678.6211305,177.13606932000002,0.9545789912926841,0.903,0.0,0.3,0.5,3.5684603064591442,88,1.0998642249140047,-2.69,2,"[426.0, 676.4000244140625]"
1779197678.670948,177.185886995,0.9158362416641522,0.903,0.0,0.3,0.5,3.7250923407253254,88,1.0584467436410925,-2.69,2,"[443.3999938964844, 652.4000244140625]"
1779197678.7211535,177.236092501,0.8808340290520886,0.903,0.0,0.3,0.5,3.8826605350447494,88,1.0139613007924089,-2.69,2,"[443.3999938964844, 652.4000244140625]"
1779197678.771054,177.285993014,0.8508543294338372,0.903,0.0,0.3,0.5,4.0395419520774,88,0.9725438195194965,-2.69,2,"[474.3999938964844, 630.0]"
1779197678.8211012,177.336040231,0.8264850425974251,0.903,0.0,0.3,0.5,4.196696863600039,88,0.9341942998223555,-8.07,2,"[474.3999938964844, 630.0]"
1779197678.871431,177.386370004,0.8083707612543226,0.903,0.0,0.3,0.5,4.354502069094053,88,0.8989127417009857,-2.69,2,"[509.6000061035156, 600.4000244140625]"
1779197678.9211583,177.436097345,0.7971855199485132,0.903,0.0,0.3,0.5,4.510980501470556,88,0.868233125943273,-2.69,2,"[509.6000061035156, 600.4000244140625]"
1779197678.9710276,177.485966622,0.7930637825049176,0.903,0.0,0.3,0.5,4.667781946120556,88,0.8390874909734457,-10.76,2,"[531.7999877929688, 583.4000244140625]"
1779197679.02108,177.536018977,0.7961929980944383,0.903,0.0,0.3,0.5,4.824974292861327,88,0.8176117599430467,-18.83,2,"[531.7999877929688, 583.4000244140625]"
1779197679.0711238,177.586062991,0.8065596333180971,0.903,0.0,0.3,0.5,4.982253316143385,88,0.8022719520641903,-40.35,2,"[548.0, 561.5999755859375]"
1779197679.1211293,177.63606846500002,0.8238829896821285,0.903,0.0,0.3,0.5,5.139085834286391,88,0.7992039904884191,-45.73,2,"[548.0, 561.5999755859375]"
1779197679.1712413,177.68618049300002,0.8478987287237045,0.903,0.0,0.3,0.5,5.296562045914527,88,0.7992039904884191,-8.07,2,"[559.5999755859375, 542.7999877929688]"
1779197679.2211988,177.736137699,0.8778871118140144,0.903,0.0,0.3,0.5,5.45357584337836,88,0.803805932852076,0.0,2,"[559.5999755859375, 542.7999877929688]"
1779197679.27119,177.78612891600002,0.9132049402991094,0.903,0.0,0.3,0.5,5.610625737741827,88,0.8160777791551611,2.69,2,"[554.4000244140625, 539.7999877929688]"
1779197679.321054,177.835993019,0.9529227967762974,0.903,0.0,0.3,0.5,5.767390221554308,88,0.8329515678219032,2.69,2,"[554.4000244140625, 539.7999877929688]"
1779197679.3710754,177.886014611,0.9962883539627846,0.903,0.0,0.3,0.5,5.924657991651486,88,0.8605632220038447,2.69,2,"[550.4000244140625, 548.4000244140625]"
1779197679.4209929,177.935932033,1.0419929335306843,0.903,0.0,0.3,0.5,6.081476124441622,88,0.8881748761857863,2.69,2,"[550.4000244140625, 548.4000244140625]"
1779197679.4709768,177.985916035,1.0890758175846094,0.903,0.0,0.3,0.5,6.238389017091038,88,0.9219224535192704,24.21,2,"[529.7999877929688, 561.0]"
1779197679.5211706,178.036109616,1.1365714468142025,0.903,0.0,0.3,0.5,0.11281231767876676,89,0.9602719732164113,64.56,2,"[529.7999877929688, 561.0]"
1779197679.571154,178.086092989,1.1829288501893394,0.903,0.0,0.3,0.5,0.2698204037272163,89,1.004757416065095,78.01,2,"[503.6000061035156, 593.0]"
1779197679.6211457,178.136084845,1.227193117129707,0.903,0.0,0.3,0.5,0.4268296772976683,89,1.0492428589137786,99.53,2,"[503.6000061035156, 593.0]"
1779197679.671233,178.186171964,1.2683463762762328,0.903,0.0,0.3,0.5,0.5841220931892295,89,1.0921943209745766,131.81,2,"[476.3999938964844, 627.0]"
1779197679.7211187,178.236057678,1.3051819363798889,0.903,0.0,0.3,0.5,0.7409298869979821,89,1.1397477253990314,131.81,2,"[476.3999938964844, 627.0]"
1779197679.7711425,178.286081595,1.336992554830552,0.903,0.0,0.3,0.5,0.8981150175003805,89,1.184233168247715,145.26,2,"[445.79998779296875, 660.0]"
1779197679.8210254,178.335964421,1.3628410554960761,0.903,0.0,0.3,0.5,1.0549506301121383,89,1.2241166687327416,166.78,2,"[445.79998779296875, 660.0]"
1779197679.8711708,178.386109804,1.382226406441644,0.903,0.0,0.3,0.5,1.2124580471800428,89,1.2624661884298827,182.92,2,"[427.6000061035156, 689.0]"
1779197679.9211524,178.43609140700002,1.3944984509100797,0.903,0.0,0.3,0.5,1.369383990005339,89,1.2946797849754812,199.06,2,"[427.6000061035156, 689.0]"
1779197679.9710655,178.48600456600002,1.399422261823346,0.903,0.0,0.3,0.5,1.5262898643367535,89,1.3222914391574228,228.65,2,"[414.20001220703125, 710.4000244140625]"
1779197680.0213585,178.536297404,1.3968220454329305,0.903,0.0,0.3,0.5,1.6841041867326467,89,1.3437671701878218,242.1,2,"[414.20001220703125, 710.4000244140625]"
1779197680.071344,178.586282974,1.3867567727916426,0.903,0.0,0.3,0.5,1.841141624681235,89,1.3606409588545638,247.48,2,"[408.3999938964844, 722.7999877929688]"
1779197680.1211305,178.636069329,1.3695199159048457,0.903,0.0,0.3,0.5,1.997679307495254,89,1.3698448435818775,247.48,2,"[408.3999938964844, 722.7999877929688]"
1779197680.171078,178.68601700600001,1.345395259921499,0.903,0.0,0.3,0.5,2.1547254602218473,89,1.3698448435818775,279.76,2,"[402.20001220703125, 723.7999877929688]"
1779197680.2210042,178.73594321200002,1.3150332507060494,0.903,0.0,0.3,0.5,2.3115627850016054,89,1.3698448435818775,215.2,2,"[402.20001220703125, 723.7999877929688]"
1779197680.2709582,178.785897304,1.2791022840338448,0.903,0.0,0.3,0.5,2.4684590397762705,89,1.3652429012182206,75.32,2,"[396.20001220703125, 720.0]"
1779197680.3210623,178.83600135,1.2383312358322789,0.903,0.0,0.3,0.5,2.6258194899982428,89,1.3437671701878218,51.11,2,"[396.20001220703125, 720.0]"
1779197680.3712842,178.88622334000002,1.1937426633844956,0.903,0.0,0.3,0.5,2.7833247770663903,89,1.3161555160058802,56.49,2,"[398.0, 710.2000122070312]"
1779197680.4210837,178.93602286200002,1.1466776894557387,0.903,0.0,0.3,0.5,2.940028700397228,89,1.2839419194602817,56.49,2,"[398.0, 710.2000122070312]"
1779197680.4711995,178.98613877000003,1.0978221545306206,0.903,0.0,0.3,0.5,3.097381893540195,89,1.2471263805510262,59.18,2,"[400.3999938964844, 694.7999877929688]"
1779197680.5212357,179.036174804,1.0486048219246786,0.903,0.0,0.3,0.5,3.254475999537057,89,1.2072428800659996,59.18,2,"[400.3999938964844, 694.7999877929688]"
1779197680.5711517,179.086090727,1.0001494862483722,0.903,0.0,0.3,0.5,3.411428403997242,89,1.162757437217316,-5.38,2,"[409.3999938964844, 685.2000122070312]"
1779197680.6210425,179.135981498,0.953591935283173,0.903,0.0,0.3,0.5,3.5682301690897376,89,1.1167380135807468,-2.69,2,"[409.3999938964844, 685.2000122070312]"
1779197680.6710742,179.18601317800002,0.9098441945414132,0.903,0.0,0.3,0.5,3.725505522991547,89,1.0707185899441776,-2.69,2,"[434.0, 667.4000244140625]"
1779197680.7211392,179.236078496,0.8701041332103883,0.903,0.0,0.3,0.5,3.882637318675428,89,1.021631204731837,-2.69,2,"[434.0, 667.4000244140625]"
1779197680.7712893,179.286228564,0.83523340170705,0.903,0.0,0.3,0.5,4.03983475479621,89,0.9756117810952678,-2.69,2,"[477.20001220703125, 639.0]"
1779197680.8210938,179.33603289500002,0.8060954008485304,0.903,0.0,0.3,0.5,4.196723482314873,89,0.9341942998223555,-10.76,2,"[477.20001220703125, 639.0]"
1779197680.871187,179.386126053,0.7832218356781122,0.903,0.0,0.3,0.5,4.353958501308547,89,0.8912428377615575,-29.59,2,"[520.0, 603.4000244140625]"
1779197680.921135,179.43607411300002,0.7671942959542386,0.903,0.0,0.3,0.5,4.510982267045883,89,0.8528933180644165,-29.59,2,"[520.0, 603.4000244140625]"
1779197680.9711394,179.486078611,0.7582988936842376,0.903,0.0,0.3,0.5,4.6680237576489745,89,0.8191457407309324,-18.83,2,"[548.2000122070312, 574.0]"
1779197681.0212092,179.53614819,0.7566850196668595,0.903,0.0,0.3,0.5,4.825315331593664,89,0.7961360289126478,-40.35,2,"[548.2000122070312, 574.0]"
1779197681.0709822,179.58592130800002,0.7622913445138699,0.903,0.0,0.3,0.5,4.981865389141184,89,0.7792622402459057,-59.18,2,"[568.2000122070312, 546.0]"
1779197681.1209934,179.63593250800002,0.7749267047588927,0.903,0.0,0.3,0.5,5.138901736957145,89,0.7669903939428205,-51.11,2,"[568.2000122070312, 546.0]"
1779197681.1711702,179.68610923,0.7942600447749908,0.903,0.0,0.3,0.5,5.296414595263549,89,0.760854470791278,-75.32,2,"[576.2000122070312, 523.4000244140625]"
1779197681.221055,179.73599406300002,0.819573180881721,0.903,0.0,0.3,0.5,5.453220105134427,89,0.760854470791278,-21.52,2,"[576.2000122070312, 523.4000244140625]"
1779197681.2714436,179.786382567,0.8504948942106275,0.903,0.0,0.3,0.5,5.611274460917038,89,0.7685243747307062,2.69,2,"[574.5999755859375, 520.4000244140625]"
1779197681.321069,179.83600799700002,0.8855308890894907,0.903,0.0,0.3,0.5,5.767406699207903,89,0.7838641826095626,2.69,2,"[574.5999755859375, 520.4000244140625]"
1779197681.3712876,179.88622670200002,0.9244038388953474,0.903,0.0,0.3,0.5,5.924783564251506,89,0.8068738944278473,2.69,2,"[565.5999755859375, 523.0]"
1779197681.4210188,179.935957774,0.965621683087903,0.903,0.0,0.3,0.5,6.081506070102968,89,0.8298836062461319,2.69,2,"[565.5999755859375, 523.0]"
1779197681.4710376,179.985976709,1.008349099895425,0.903,0.0,0.3,0.5,6.238643668308477,89,0.8605632220038447,2.69,2,"[545.7999877929688, 551.2000122070312]"
1779197681.5211897,180.03612876600002,1.0514017284058248,0.903,0.0,0.3,0.5,0.11285741524137904,90,0.8943107993373288,29.59,2,"[545.7999877929688, 551.2000122070312]"
1779197681.5711668,180.08610599800002,1.0934628750883368,0.903,0.0,0.3,0.5,0.26993829199160757,90,0.9357282806102412,32.28,2,"[537.2000122070312, 565.4000244140625]"
1779197681.6211703,180.136109245,1.1334940206071409,0.903,0.0,0.3,0.5,0.42705863028710667,90,0.9740778003073821,64.56,2,"[537.2000122070312, 565.4000244140625]"
1779197681.6712227,180.18616169400002,1.1703877938205278,0.903,0.0,0.3,0.5,0.5841385834090858,90,1.0139613007924089,91.46,2,"[519.5999755859375, 594.0]"
1779197681.721124,180.236063078,1.2031058385173237,0.903,0.0,0.3,0.5,0.7410244426537389,90,1.055378782065321,91.46,2,"[519.5999755859375, 594.0]"
1779197681.7711046,180.28604364100002,1.2308012062116331,0.903,0.0,0.3,0.5,0.8979928126878036,90,1.0952622825503477,112.98,2,"[480.3999938964844, 629.4000244140625]"
1779197681.8210967,180.33603574900002,1.2526987472279292,0.903,0.0,0.3,0.5,1.0552125792492149,90,1.1320778214596032,131.81,2,"[480.3999938964844, 629.4000244140625]"
1779197681.8709946,180.385933717,1.2680697597980524,0.903,0.0,0.3,0.5,1.2120096319527107,90,1.1642914180052018,147.95,2,"[447.6000061035156, 661.2000122070312]"
1779197681.9211257,180.436064907,1.2765122308198498,0.903,0.0,0.3,0.5,1.3693347518237857,90,1.193437052975029,169.47,2,"[447.6000061035156, 661.2000122070312]"
1779197681.971067,180.486006116,1.2776505109747804,0.903,0.0,0.3,0.5,1.5262678574803346,90,1.2195147263690846,169.47,2,"[438.3999938964844, 668.4000244140625]"
1779197682.0211904,180.53612949100003,1.2713439845031285,0.903,0.0,0.3,0.5,1.6836974070327102,90,1.239456476611598,174.85,2,"[438.3999938964844, 668.4000244140625]"
1779197682.0713701,180.586309289,1.2576162151716181,0.903,0.0,0.3,0.5,1.8411635184404673,90,1.2517283229146832,174.85,2,"[422.20001220703125, 690.5999755859375]"
1779197682.1211917,180.636130787,1.236820180020886,0.903,0.0,0.3,0.5,1.997809683590404,90,1.2563302652783401,174.85,2,"[422.20001220703125, 690.5999755859375]"
1779197682.1711373,180.68607635200001,1.2092426251362252,0.903,0.0,0.3,0.5,2.1547447244679603,90,1.2563302652783401,145.26,2,"[408.6000061035156, 695.4000244140625]"
1779197682.2211092,180.736048105,1.1754286522685198,0.903,0.0,0.3,0.5,2.3118919987788473,90,1.2517283229146832,91.46,2,"[408.6000061035156, 695.4000244140625]"
1779197682.2709465,180.7858856,1.1362775658533306,0.903,0.0,0.3,0.5,2.468476774066758,90,1.2379224958237125,-2.69,2,"[416.79998779296875, 684.5999755859375]"
1779197682.3211942,180.83613319,1.0922114762468476,0.903,0.0,0.3,0.5,2.626121079751343,90,1.213378803217542,-8.07,2,"[416.79998779296875, 684.5999755859375]"
1779197682.3711534,180.886092235,1.0446621149126836,0.903,0.0,0.3,0.5,2.7830913850065286,90,1.1826991874598294,-5.38,2,"[418.6000061035156, 678.5999755859375]"
1779197682.4211106,180.936049741,0.9944951166221535,0.903,0.0,0.3,0.5,2.9400813283573513,90,1.1474176293384597,-2.69,2,"[418.6000061035156, 678.5999755859375]"
1779197682.471231,180.98617025000001,0.9427274099474415,0.903,0.0,0.3,0.5,3.0973851953540503,90,1.1060001480655473,-2.69,2,"[434.0, 664.5999755859375]"
1779197682.5210352,181.03597431,0.8908179644058001,0.903,0.0,0.3,0.5,3.254075521871883,90,1.0630486860047492,-2.69,2,"[434.0, 664.5999755859375]"
1779197682.5713303,181.08626947000002,0.8393416556562798,0.903,0.0,0.3,0.5,3.411944570811798,90,1.0139613007924089,-2.69,2,"[454.3999938964844, 636.7999877929688]"
1779197682.6209934,181.135932483,0.7903407872452387,0.903,0.0,0.3,0.5,3.568196173915581,90,0.9679418771558396,-2.69,2,"[454.3999938964844, 636.7999877929688]"
1779197682.6709645,181.185903574,0.7441682343615501,0.903,0.0,0.3,0.5,3.7251171812987565,90,0.9188544919434991,-10.76,2,"[495.0, 609.5999755859375]"
1779197682.7211897,181.23612881000003,0.7018677466376301,0.903,0.0,0.3,0.5,3.8827709651684614,90,0.8713010875190442,-51.11,2,"[495.0, 609.5999755859375]"
1779197682.7710767,181.28601582800002,0.6647761363669074,0.903,0.0,0.3,0.5,4.039575127296089,90,0.8176117599430467,-34.97,2,"[533.2000122070312, 582.0]"
1779197682.8212276,181.336166775,0.633334909967459,0.903,0.0,0.3,0.5,4.196984221938706,90,0.7700583555185919,-78.01,2,"[533.2000122070312, 582.0]"
1779197682.8712249,181.386163925,0.6084014929423829,0.903,0.0,0.3,0.5,4.354043035283681,90,0.7271068934577939,-102.22,2,"[573.2000122070312, 535.7999877929688]"
1779197682.9211593,181.43609832500002,0.5904013882891652,0.903,0.0,0.3,0.5,4.5110064887252435,90,0.6902913545485385,-102.22,2,"[573.2000122070312, 535.7999877929688]"
1779197682.9711344,181.486073392,0.5796334945023776,0.903,0.0,0.3,0.5,4.668116142464115,90,0.6565437772150544,-126.42999999999999,2,"[601.7999877929688, 495.6000061035156]"
1779197683.021023,181.535962084,0.576262499858958,0.903,0.0,0.3,0.5,4.824923672379114,90,0.6304661038209985,-129.12,2,"[601.7999877929688, 495.6000061035156]"
1779197683.070893,181.58583236200002,0.5802214344489586,0.903,0.0,0.3,0.5,4.981668879379086,90,0.6120583343663708,-150.64,2,"[627.7999877929688, 473.79998779296875]"
1779197683.1210058,181.635944636,0.5913445322966528,0.903,0.0,0.3,0.5,5.138980449561032,90,0.5967185264875144,-153.32999999999998,2,"[627.7999877929688, 473.79998779296875]"
1779197683.171029,181.685968284,0.6092167227822025,0.903,0.0,0.3,0.5,5.296141873605293,90,0.5936505649117432,-164.09,2,"[637.4000244140625, 444.6000061035156]"
1779197683.2210226,181.73596175900002,0.6332632021739133,0.903,0.0,0.3,0.5,5.453167323236258,90,0.5936505649117432,-137.19,2,"[637.4000244140625, 444.6000061035156]"
1779197683.271288,181.78622710300002,0.6629386330220616,0.903,0.0,0.3,0.5,5.610933645238006,90,0.5936505649117432,-48.42,2,"[639.0, 438.3999938964844]"
1779197683.321152,181.83609105000002,0.6970411219027031,0.903,0.0,0.3,0.5,5.767626764631714,90,0.602854449639057,-48.42,2,"[639.0, 438.3999938964844]"
1779197683.3711178,181.88605700300002,0.7348492827701442,0.903,0.0,0.3,0.5,5.924499934983615,90,0.624330180669456,5.38,2,"[630.2000122070312, 435.0]"
1779197683.4210684,181.93600751000002,0.7753361314418408,0.903,0.0,0.3,0.5,6.081573042575215,90,0.6488738732756262,5.38,2,"[630.2000122070312, 435.0]"
1779197683.4709215,181.985860591,0.8172619372944875,0.903,0.0,0.3,0.5,6.238339153732696,90,0.6780195082454534,2.69,2,"[613.0, 445.79998779296875]"
1779197683.5210626,182.036001594,0.8597459835246263,0.903,0.0,0.3,0.5,0.11260101101560593,91,0.7117670855789375,2.69,2,"[613.0, 445.79998779296875]"
1779197683.5712078,182.08614696700002,0.9014230276536026,0.903,0.0,0.3,0.5,0.2699637860161985,91,0.7485826244881929,2.69,2,"[589.4000244140625, 478.3999938964844]"
1779197683.621418,182.13635729400002,0.9411662961098768,0.903,0.0,0.3,0.5,0.42729251243564903,91,0.7900001057611052,2.69,2,"[589.4000244140625, 478.3999938964844]"
1779197683.6711855,182.18612470000002,0.9777700437474078,0.903,0.0,0.3,0.5,0.5840656073535158,91,0.8329515678219032,2.69,2,"[561.4000244140625, 527.2000122070312]"
1779197683.721166,182.236105087,1.010421257652569,0.903,0.0,0.3,0.5,0.741086727869849,91,0.8728350683069298,2.69,2,"[561.4000244140625, 527.2000122070312]"
1779197683.7710881,182.28602743300002,1.0381493929631376,0.903,0.0,0.3,0.5,0.8981083227666815,91,0.9127185687919565,18.83,2,"[538.2000122070312, 569.2000122070312]"
1779197683.8209732,182.33591213600002,1.0601358461685708,0.903,0.0,0.3,0.5,1.0548728788357877,91,0.9480001269133262,10.76,2,"[538.2000122070312, 569.2000122070312]"
1779197683.8709497,182.38588870400002,1.0758060033540247,0.903,0.0,0.3,0.5,1.2118690928054932,91,0.9817477042468103,64.56,2,"[518.5999755859375, 612.7999877929688]"
1779197683.920999,182.435938068,1.0846417072329795,0.903,0.0,0.3,0.5,1.3690518985292712,91,1.009359358428752,86.08,2,"[518.5999755859375, 612.7999877929688]"
1779197683.97105,182.48598907500002,1.086301955630936,0.903,0.0,0.3,0.5,1.5262186004491625,91,1.0354370318228079,104.91,2,"[498.20001220703125, 623.5999755859375]"
1779197684.0211544,182.536093372,1.0806357944319287,0.903,0.0,0.3,0.5,1.683590900758638,91,1.05231082048955,107.6,2,"[498.20001220703125, 623.5999755859375]"
1779197684.0712197,182.58615861700002,1.0677000840554074,0.903,0.0,0.3,0.5,1.8407590101120306,91,1.064582666792635,126.42999999999999,2,"[475.0, 636.4000244140625]"
1779197684.1211727,182.63611160300002,1.047738086085356,0.903,0.0,0.3,0.5,1.997776049699489,91,1.069184609156292,126.42999999999999,2,"[475.0, 636.4000244140625]"
1779197684.1710227,182.68596174200002,1.0211898866511417,0.903,0.0,0.3,0.5,2.1545224505045937,91,1.0676506283684062,96.84,2,"[466.20001220703125, 637.5999755859375]"
1779197684.2210042,182.735943316,0.9885115962361408,0.903,0.0,0.3,0.5,2.3116028245999516,91,1.0630486860047492,8.07,2,"[466.20001220703125, 637.5999755859375]"
1779197684.270949,182.78588813300001,0.9505268528588581,0.903,0.0,0.3,0.5,2.4684547546439646,91,1.0492428589137786,-2.69,2,"[463.6000061035156, 635.0]"
1779197684.32113,182.836069167,0.9078450743490866,0.903,0.0,0.3,0.5,2.625987364143377,91,1.026233147095494,-2.69,2,"[463.6000061035156, 635.0]"
1779197684.371143,182.88608202900002,0.861700612355907,0.903,0.0,0.3,0.5,2.7831577260186506,91,0.9970875121256667,-2.69,2,"[470.0, 618.0]"
1779197684.4211946,182.93613378700002,0.8130642417091013,0.903,0.0,0.3,0.5,2.9402968667461593,91,0.9648739155800683,-2.69,2,"[470.0, 618.0]"
1779197684.4712493,182.986188448,0.7630482874093186,0.903,0.0,0.3,0.5,3.09742439300566,91,0.9265243958829272,-5.38,2,"[483.0, 609.7999877929688]"
1779197684.521165,183.036104037,0.7128678898709582,0.903,0.0,0.3,0.5,3.25434723507896,91,0.8835729338221293,-5.38,2,"[483.0, 609.7999877929688]"
1779197684.5711193,183.086058167,0.6635698987203262,0.903,0.0,0.3,0.5,3.4114181215645587,91,0.8375535101855601,-32.28,2,"[519.7999877929688, 588.5999755859375]"
1779197684.6209965,183.135935528,0.6164169142600804,0.903,0.0,0.3,0.5,3.568230520948184,91,0.7900001057611052,-43.04,2,"[519.7999877929688, 588.5999755859375]"
1779197684.6709976,183.18593661100002,0.5723690896310043,0.903,0.0,0.3,0.5,3.7252052024418774,91,0.7439806821245359,-94.14999999999999,2,"[562.2000122070312, 546.2000122070312]"
1779197684.7211778,183.236116908,0.5323547908571714,0.903,0.0,0.3,0.5,3.882749096542163,91,0.6979612584879668,-129.12,2,"[562.2000122070312, 546.2000122070312]"
1779197684.7710483,183.285987277,0.49762789840059746,0.903,0.0,0.3,0.5,4.039487882126757,91,0.6504078540635119,-145.26,2,"[597.2000122070312, 500.20001220703125]"
1779197684.8213546,183.33629356,0.46857072850430465,0.903,0.0,0.3,0.5,4.197382613586562,91,0.607456392002714,-156.02,2,"[597.2000122070312, 500.20001220703125]"
1779197684.871351,183.38628995500002,0.44622829749137166,0.903,0.0,0.3,0.5,4.354374818884132,91,0.5660389107298016,-180.23,2,"[634.4000244140625, 451.79998779296875]"
1779197684.9212253,183.436164429,0.4309306849232639,0.903,0.0,0.3,0.5,4.511058673721088,91,0.5292233718205462,-180.23,2,"[634.4000244140625, 451.79998779296875]"
1779197684.971078,183.48601713600002,0.4229416343489637,0.903,0.0,0.3,0.5,4.667919717525358,91,0.49854375606283335,-188.29999999999998,2,"[645.2000122070312, 423.0]"
1779197685.021081,183.53601996400002,0.42243175460603294,0.903,0.0,0.3,0.5,4.825089686701624,91,0.47553404424454876,-217.89,2,"[645.2000122070312, 423.0]"
1779197685.0709493,183.585888334,0.42935268332136656,0.903,0.0,0.3,0.5,4.981769080477072,91,0.45712627478992107,-228.65,2,"[663.7999877929688, 400.0]"
1779197685.1209824,183.63592138700002,0.4435254284088878,0.903,0.0,0.3,0.5,5.138906285983573,91,0.44638840927472156,-236.72,2,"[663.7999877929688, 400.0]"
1779197685.1711838,183.68612284600002,0.46460778393808366,0.903,0.0,0.3,0.5,5.296442759641984,91,0.4433204476989503,-258.24,2,"[664.7999877929688, 395.3999938964844]"
1779197685.2213702,183.73630920800002,0.4920180493765931,0.903,0.0,0.3,0.5,5.454031628782666,91,0.4433204476989503,-156.02,2,"[664.7999877929688, 395.3999938964844]"
1779197685.2713714,183.786310328,0.524868667347938,0.903,0.0,0.3,0.5,5.61089987625882,91,0.44485442848683593,-61.87,2,"[659.0, 395.3999938964844]"
1779197685.3210502,183.83598942100002,0.5623330608192164,0.903,0.0,0.3,0.5,5.767392492926199,91,0.4586602555778067,-61.87,2,"[659.0, 395.3999938964844]"
1779197685.37106,183.88599898400003,0.6037120140211152,0.903,0.0,0.3,0.5,5.924534834936701,91,0.483203948183977,-75.32,2,"[651.7999877929688, 390.6000061035156]"
1779197685.421173,183.936112137,0.6478103093475257,0.903,0.0,0.3,0.5,6.081683230796209,91,0.5123495831538042,-67.25,2,"[651.7999877929688, 390.6000061035156]"
1779197685.4710412,183.985980156,0.6934772812634673,0.903,0.0,0.3,0.5,6.238714329010797,91,0.5460971604872883,-53.8,2,"[647.5999755859375, 399.6000061035156]"
1779197685.520994,184.03593293900002,0.7395474165567018,0.903,0.0,0.3,0.5,0.1123931381131058,92,0.5829126993965437,-48.42,2,"[647.5999755859375, 399.6000061035156]"
1779197685.5711715,184.086110596,0.785098115073289,0.903,0.0,0.3,0.5,0.2698991760218803,92,0.624330180669456,-48.42,2,"[635.7999877929688, 421.20001220703125]"
1779197685.6211438,184.13608307200002,0.8286860776155559,0.903,0.0,0.3,0.5,0.42700367126562355,92,0.6688156235181395,5.38,2,"[635.7999877929688, 421.20001220703125]"
1779197685.6711118,184.18605083,0.86929087422992,0.903,0.0,0.3,0.5,0.5839125583844123,92,0.7133010663668231,2.69,2,"[604.7999877929688, 465.6000061035156]"
1779197685.7210987,184.23603767100002,0.9059737241911312,0.903,0.0,0.3,0.5,0.7408950875766038,92,0.7577865092155067,2.69,2,"[604.7999877929688, 465.6000061035156]"
1779197685.7711186,184.286057843,0.9378205950053279,0.903,0.0,0.3,0.5,0.8979738468933363,92,0.803805932852076,2.69,2,"[573.2000122070312, 520.0]"
1779197685.8212113,184.33615028300002,0.9640546691245409,0.903,0.0,0.3,0.5,1.05531100534742,92,0.842155452549217,2.69,2,"[573.2000122070312, 520.0]"
1779197685.870966,184.385904882,0.9838827243337632,0.903,0.0,0.3,0.5,1.211845851303309,92,0.8774370106705868,24.21,2,"[546.7999877929688, 560.7999877929688]"
1779197685.9210377,184.435976638,0.9970151367173887,0.903,0.0,0.3,0.5,1.3691540694058801,92,0.9127185687919565,13.45,2,"[546.7999877929688, 560.7999877929688]"
1779197685.9709575,184.485896418,1.0030094087296,0.903,0.0,0.3,0.5,1.5260389264824141,92,0.940330222973898,34.97,2,"[526.0, 592.2000122070312]"
1779197686.0211256,184.53606456900002,1.001751422212641,0.903,0.0,0.3,0.5,1.6834622965221513,92,0.9633399347921826,51.11,2,"[526.0, 592.2000122070312]"
1779197686.0713594,184.586298424,0.9932273462814248,0.903,0.0,0.3,0.5,1.8411503174686175,92,0.9802137234589247,69.94,2,"[505.20001220703125, 619.0]"
1779197686.1211479,184.63608689,0.9777956571214337,0.903,0.0,0.3,0.5,1.9976767062570104,92,0.9909515889741242,69.94,2,"[505.20001220703125, 619.0]"
1779197686.171094,184.686032933,0.9557238626055083,0.903,0.0,0.3,0.5,2.1547490849991107,92,0.9924855697620099,69.94,2,"[490.79998779296875, 628.2000122070312]"
1779197686.2211242,184.736063155,0.927595542028057,0.903,0.0,0.3,0.5,2.3119178886445013,92,0.9924855697620099,56.49,2,"[490.79998779296875, 628.2000122070312]"
1779197686.2709632,184.78590236600002,0.8942691071822053,0.903,0.0,0.3,0.5,2.4685028901270414,92,0.9802137234589247,-2.69,2,"[494.3999938964844, 620.2000122070312]"
1779197686.3210392,184.835978218,0.8563132014816366,0.903,0.0,0.3,0.5,2.6257825385859803,92,0.9602719732164113,-2.69,2,"[494.3999938964844, 620.2000122070312]"
1779197686.3710558,184.885994868,0.8148683668437675,0.903,0.0,0.3,0.5,2.782913234712481,92,0.9372622613981267,-2.69,2,"[503.20001220703125, 604.7999877929688]"
1779197686.4211779,184.93611707300002,0.7708906483581106,0.903,0.0,0.3,0.5,2.9402556521926897,92,0.9065826456404139,-8.07,2,"[503.20001220703125, 604.7999877929688]"
1779197686.4713802,184.986319532,0.7254875287166391,0.903,0.0,0.3,0.5,3.0978220400963608,92,0.8728350683069298,-16.14,2,"[512.0, 589.0]"
1779197686.5211425,185.036081432,0.6801914634873846,0.903,0.0,0.3,0.5,3.254306771366231,92,0.8375535101855601,-16.14,2,"[512.0, 589.0]"
1779197686.5710995,185.086038559,0.6356978093290199,0.903,0.0,0.3,0.5,3.4112976194956843,92,0.7930680673368765,-34.97,2,"[530.5999755859375, 567.5999755859375]"
1779197686.6210132,185.13595216800002,0.593295173522988,0.903,0.0,0.3,0.5,3.568262496078745,92,0.7516505860639642,-69.94,2,"[530.5999755859375, 567.5999755859375]"
1779197686.670971,185.185910143,0.5540781776708605,0.903,0.0,0.3,0.5,3.7251599540834093,92,0.7102331047910518,-118.36,2,"[567.2000122070312, 519.5999755859375]"
1779197686.7212367,185.23617555200002,0.5188905495263271,0.903,0.0,0.3,0.5,3.882765216054594,92,0.6672816427302539,-153.32999999999998,2,"[567.2000122070312, 519.5999755859375]"
1779197686.771089,185.28602813900002,0.48896917144012875,0.903,0.0,0.3,0.5,4.0396173031782325,92,0.624330180669456,-150.64,2,"[587.7999877929688, 482.20001220703125]"
1779197686.821173,185.33611204000002,0.46485605080562226,0.903,0.0,0.3,0.5,4.196960747959196,92,0.5844466801844292,-174.85,2,"[587.7999877929688, 482.20001220703125]"
1779197686.8712294,185.38616844,0.447329530125494,0.903,0.0,0.3,0.5,4.354019649268793,92,0.5476311412751739,-190.99,2,"[626.5999755859375, 445.3999938964844]"
1779197686.9213176,185.436256606,0.4368221617805638,0.903,0.0,0.3,0.5,4.511240110122202,92,0.5154175447295755,-190.99,2,"[626.5999755859375, 445.3999938964844]"
1779197686.9711006,185.486039551,0.43367323003619446,0.903,0.0,0.3,0.5,4.66804245012608,92,0.4924078329112908,-199.06,2,"[649.0, 417.3999938964844]"
1779197687.021103,185.536041923,0.43799923750854663,0.903,0.0,0.3,0.5,4.825125786743314,92,0.4740000634566631,-209.82,2,"[649.0, 417.3999938964844]"
1779197687.0709608,185.58589971900003,0.4497283030112306,0.903,0.0,0.3,0.5,4.981773117424126,92,0.46019423636569234,-239.41,2,"[657.0, 406.6000061035156]"
1779197687.1211138,185.63605291200003,0.4687531767735896,0.903,0.0,0.3,0.5,5.139197964012368,92,0.46019423636569234,-244.79,2,"[657.0, 406.6000061035156]"
1779197687.1711733,185.6861124,0.4945940859332131,0.903,0.0,0.3,0.5,5.296406364291528,92,0.46019423636569234,-199.06,2,"[664.2000122070312, 395.20001220703125]"
1779197687.221243,185.73618200500002,0.526722650871057,0.903,0.0,0.3,0.5,5.45368161766234,92,0.46019423636569234,-91.46,2,"[664.2000122070312, 395.20001220703125]"
1779197687.2713523,185.786291358,0.5644187522275643,0.903,0.0,0.3,0.5,5.6109851202342895,92,0.4663301595172349,-78.01,2,"[652.2000122070312, 395.6000061035156]"
1779197687.3211486,185.83608769900002,0.6066510650139186,0.903,0.0,0.3,0.5,5.767676360955619,92,0.48627190975974827,-78.01,2,"[652.2000122070312, 395.6000061035156]"
1779197687.3712018,185.88614064700002,0.6527250770318682,0.903,0.0,0.3,0.5,5.924779288544613,92,0.5154175447295755,-69.94,2,"[644.7999877929688, 394.3999938964844]"
1779197687.4210901,185.93602931200002,0.7013811522907394,0.903,0.0,0.3,0.5,6.081561352709599,92,0.5476311412751739,-67.25,2,"[644.7999877929688, 394.3999938964844]"
1779197687.4709728,185.98591173,0.7516256729223387,0.903,0.0,0.3,0.5,6.238422852044749,92,0.5844466801844292,-45.73,2,"[636.4000244140625, 402.79998779296875]"
1779197687.5211918,186.03613087600002,0.8025330005098323,0.903,0.0,0.3,0.5,0.11286432046274086,93,0.6258641614573416,-40.35,2,"[636.4000244140625, 402.79998779296875]"
1779197687.5714326,186.08637169600001,0.8527025642282551,0.903,0.0,0.3,0.5,0.2705376890209621,93,0.6749515466696822,2.69,2,"[611.5999755859375, 440.79998779296875]"
1779197687.621154,186.13609325800002,0.9005815464993011,0.903,0.0,0.3,0.5,0.4269196902110437,93,0.722504951094137,2.69,2,"[611.5999755859375, 440.79998779296875]"
1779197687.671265,186.18620387700003,0.9457701019792257,0.903,0.0,0.3,0.5,0.5842522745062482,93,0.7700583555185919,2.69,2,"[581.0, 505.20001220703125]"
1779197687.7210708,186.236009883,0.9867712259897247,0.903,0.0,0.3,0.5,0.7408660152784208,93,0.8206797215188181,2.69,2,"[581.0, 505.20001220703125]"
1779197687.771162,186.286101064,1.0230418364169598,0.903,0.0,0.3,0.5,0.8981887443974941,93,0.8697671067311585,2.69,2,"[554.2000122070312, 563.5999755859375]"
1779197687.821031,186.335970088,1.0534912268494379,0.903,0.0,0.3,0.5,1.0549508720154748,93,0.9127185687919565,13.45,2,"[554.2000122070312, 563.5999755859375]"
1779197687.8709939,186.38593285800002,1.077639672032911,0.903,0.0,0.3,0.5,1.2119351290835496,93,0.9556700308527545,61.87,2,"[526.2000122070312, 605.2000122070312]"
1779197687.921187,186.43612589300002,1.0949946800868209,0.903,0.0,0.3,0.5,1.3694625235392053,93,0.9924855697620099,72.63,2,"[526.2000122070312, 605.2000122070312]"
1779197687.9712186,186.48615753500002,1.1051224217072315,0.903,0.0,0.3,0.5,1.5266736350128625,93,1.0231651855197226,96.84,2,"[504.20001220703125, 629.4000244140625]"
1779197688.0212767,186.53621576,1.1079195998515827,0.903,0.0,0.3,0.5,1.6839142994485385,93,1.0507768397016641,110.28999999999999,2,"[504.20001220703125, 629.4000244140625]"
1779197688.0712447,186.586183634,1.1034371128646543,0.903,0.0,0.3,0.5,1.8408401291764633,93,1.069184609156292,134.5,2,"[482.0, 642.0]"
1779197688.1211295,186.63606861300002,1.0919101025751474,0.903,0.0,0.3,0.5,1.9977140001034925,93,1.0845244170351482,134.5,2,"[482.0, 642.0]"
1779197688.1736002,186.688539088,1.0727008810941063,0.903,0.0,0.3,0.5,2.1621012380474625,93,1.0906603401866908,126.42999999999999,2,"[464.6000061035156, 655.7999877929688]"
1779197688.222443,186.73738217000002,1.0493028629647807,0.903,0.0,0.3,0.5,2.3123243510436353,93,1.0906603401866908,118.36,2,"[464.6000061035156, 655.7999877929688]"
1779197688.271942,186.78688107000002,1.0191987532793294,0.903,0.0,0.3,0.5,2.4711924987039495,93,1.086058397823034,51.11,2,"[458.3999938964844, 658.0]"
1779197688.3264153,186.841354354,0.9838535982567623,0.903,0.0,0.3,0.5,2.632617271324257,93,1.0722525707320631,-2.69,2,"[458.3999938964844, 658.0]"
1779197688.371178,186.886116832,0.94749625303133,0.903,0.0,0.3,0.5,2.7831049284130316,93,1.055378782065321,0.0,2,"[456.79998779296875, 649.5999755859375]"
1779197688.4213881,186.93632728300003,0.9069541697578063,0.903,0.0,0.3,0.5,2.940590784730553,93,1.0293011086712651,-2.69,2,"[456.79998779296875, 649.5999755859375]"
1779197688.4713142,186.98625338300002,0.8650690188008171,0.903,0.0,0.3,0.5,3.097690222010165,93,1.000155473701438,-2.69,2,"[463.20001220703125, 643.5999755859375]"
1779197688.5211494,187.03608839900002,0.8230134482114642,0.903,0.0,0.3,0.5,3.2543342163195987,93,0.9633399347921826,-2.69,2,"[463.20001220703125, 643.5999755859375]"
1779197688.5710318,187.0859709,0.7817563414124773,0.903,0.0,0.3,0.5,3.4111994227341214,93,0.9249904150950417,-2.69,2,"[496.20001220703125, 618.0]"
1779197688.6211047,187.136043886,0.7424347963224193,0.903,0.0,0.3,0.5,3.5682825645726055,93,0.885106914610015,-10.76,2,"[496.20001220703125, 618.0]"
1779197688.670956,187.185894893,0.7062523914973001,0.903,0.0,0.3,0.5,3.7250967672303616,93,0.8482913757007595,-37.66,2,"[522.5999755859375, 593.4000244140625]"
1779197688.7210407,187.235979855,0.6740483955922696,0.903,0.0,0.3,0.5,3.8824252328975675,93,0.8053399136399616,-51.11,2,"[522.5999755859375, 593.4000244140625]"
1779197688.771334,187.28627296300002,0.6467874995433904,0.903,0.0,0.3,0.5,4.040237151975084,93,0.765456413154935,-78.01,2,"[559.7999877929688, 557.0]"
1779197688.8211746,187.336113661,0.6255071566662183,0.903,0.0,0.3,0.5,4.196903090309156,93,0.7286408742456796,-94.14999999999999,2,"[559.7999877929688, 557.0]"
1779197688.8712103,187.386149372,0.6106050054240861,0.903,0.0,0.3,0.5,4.3539166678614905,93,0.6948932969121955,-110.28999999999999,2,"[586.0, 512.0]"
1779197688.9212046,187.436143597,0.6026176305122466,0.903,0.0,0.3,0.5,4.51107609699438,93,0.6657476619423682,-110.28999999999999,2,"[586.0, 512.0]"
1779197688.9712474,187.486186489,0.6018783672676545,0.903,0.0,0.3,0.5,4.668176024362374,93,0.6427379501240836,-121.05,2,"[596.4000244140625, 474.6000061035156]"
1779197689.0213444,187.536283426,0.6085424476866772,0.903,0.0,0.3,0.5,4.825591430464733,93,0.624330180669456,-131.81,2,"[596.4000244140625, 474.6000061035156]"
1779197689.0710025,187.58594161000002,0.6224378619675761,0.903,0.0,0.3,0.5,4.98177967706949,93,0.6151262959421421,-150.64,2,"[610.0, 452.0]"
1779197689.1211996,187.636138789,0.6435845554806743,0.903,0.0,0.3,0.5,5.139356089795292,93,0.6105243535784852,-107.6,2,"[610.0, 452.0]"
1779197689.1711583,187.68609756,0.6713739492433357,0.903,0.0,0.3,0.5,5.296349906729866,93,0.6105243535784852,-51.11,2,"[617.7999877929688, 443.20001220703125]"
1779197689.2212057,187.73614465900002,0.7053633831618006,0.903,0.0,0.3,0.5,5.453581319175278,93,0.6181942575179133,2.69,2,"[617.7999877929688, 443.20001220703125]"
1779197689.2711806,187.78611961700003,0.7447342612541603,0.903,0.0,0.3,0.5,5.610575390578852,93,0.6366020269725411,5.38,2,"[606.2000122070312, 446.79998779296875]"
1779197689.321214,187.83615305900003,0.7887236194014752,0.903,0.0,0.3,0.5,5.7677035828559795,93,0.6611457195787114,5.38,2,"[606.2000122070312, 446.79998779296875]"
1779197689.3711278,187.88606694900002,0.8362984848164716,0.903,0.0,0.3,0.5,5.9247134816033125,93,0.6887573737606529,2.69,2,"[591.5999755859375, 459.6000061035156]"
1779197689.4212227,187.936161808,0.8865289366897736,0.903,0.0,0.3,0.5,6.0820017851500054,93,0.722504951094137,2.69,2,"[591.5999755859375, 459.6000061035156]"
1779197689.470967,187.98590626700002,0.9379273209109715,0.903,0.0,0.3,0.5,6.23842967558398,93,0.760854470791278,2.69,2,"[592.4000244140625, 484.79998779296875]"
1779197689.5214002,188.03633921000002,0.9901081523824444,0.903,0.0,0.3,0.5,0.11314652658920465,94,0.803805932852076,2.69,2,"[592.4000244140625, 484.79998779296875]"
1779197689.5711112,188.086050319,1.0409880732953518,0.903,0.0,0.3,0.5,0.2697220247539889,94,0.8528933180644165,2.69,2,"[561.5999755859375, 532.0]"
1779197689.6214128,188.13635183300002,1.0901862496021206,0.903,0.0,0.3,0.5,0.42732057314167093,94,0.9004467224888714,32.28,2,"[561.5999755859375, 532.0]"
1779197689.671331,188.18626989400002,1.1361082436455892,0.903,0.0,0.3,0.5,0.5843676212221425,94,0.9510680884890975,45.73,2,"[533.4000244140625, 580.4000244140625]"
1779197689.7212307,188.236169678,1.1778409022640453,0.903,0.0,0.3,0.5,0.7411234153892536,94,1.000155473701438,45.73,2,"[533.4000244140625, 580.4000244140625]"
1779197689.7711313,188.28607042200002,1.2146018097235223,0.903,0.0,0.3,0.5,0.8980654400273096,94,1.0492428589137786,86.08,2,"[489.79998779296875, 624.5999755859375]"
1779197689.821378,188.33631708800002,1.2456567280808735,0.903,0.0,0.3,0.5,1.055628460143609,94,1.0921943209745766,121.05,2,"[489.79998779296875, 624.5999755859375]"
1779197689.8710139,188.385953129,1.2700230831757746,0.903,0.0,0.3,0.5,1.2119314314289085,94,1.1366797638232602,142.57,2,"[464.6000061035156, 656.4000244140625]"
1779197689.921247,188.43618626600002,1.2876056046553306,0.903,0.0,0.3,0.5,1.369569073795489,94,1.175029283520401,166.78,2,"[464.6000061035156, 656.4000244140625]"
1779197689.9711475,188.48608675100002,1.297809504749352,0.903,0.0,0.3,0.5,1.5264422190146405,94,1.2087768608538851,174.85,2,"[440.3999938964844, 682.7999877929688]"
1779197690.0214486,188.53638769,1.3005890851558175,0.903,0.0,0.3,0.5,1.6839835778495598,94,1.2348545342479411,182.92,2,"[440.3999938964844, 682.7999877929688]"
1779197690.0712683,188.586207355,1.295956511228496,0.903,0.0,0.3,0.5,1.8408824024470931,94,1.2578642460662257,164.09,2,"[428.0, 702.5999755859375]"
1779197690.1240427,188.638981817,1.2833065558087446,0.903,0.0,0.3,0.5,2.006401317463016,94,1.2716700731571966,164.09,2,"[428.0, 702.5999755859375]"
1779197690.172547,188.687486366,1.2653423160608588,0.903,0.0,0.3,0.5,2.156376618489091,94,1.2778059963087391,185.60999999999999,2,"[421.79998779296875, 713.0]"
1779197690.2212143,188.73615337700002,1.2407073674469267,0.903,0.0,0.3,0.5,2.3119974117791315,94,1.2778059963087391,180.23,2,"[421.79998779296875, 713.0]"
1779197690.2715263,188.786465236,1.2101842927435087,0.903,0.0,0.3,0.5,2.4698539477555386,94,1.2762720155208536,61.87,2,"[419.6000061035156, 703.5999755859375]"
1779197690.3213525,188.8362916,1.175269319358367,0.903,0.0,0.3,0.5,2.6263223992922775,94,1.2640001692177683,-2.69,2,"[419.6000061035156, 703.5999755859375]"
1779197690.3714345,188.88637340800003,1.1364534837327063,0.903,0.0,0.3,0.5,2.7836137941662145,94,1.2425244381873692,-8.07,2,"[414.20001220703125, 695.7999877929688]"
1779197690.4211736,188.936112576,1.0951519550507753,0.903,0.0,0.3,0.5,2.9401982647196263,94,1.2164467647933135,-5.38,2,"[414.20001220703125, 695.7999877929688]"
1779197690.471243,188.98618203400002,1.052123114703464,0.903,0.0,0.3,0.5,3.097419881679045,94,1.1826991874598294,-5.38,2,"[417.20001220703125, 684.7999877929688]"
1779197690.5211704,189.036109484,1.0087558106039267,0.903,0.0,0.3,0.5,3.2543714756083517,94,1.1474176293384597,-5.38,2,"[417.20001220703125, 684.7999877929688]"
1779197690.5714207,189.086359872,0.9659789237844526,0.903,0.0,0.3,0.5,3.4118912862592623,94,1.1075341288534328,-2.69,2,"[425.0, 669.5999755859375]"
1779197690.6212847,189.136223693,0.9252855844050188,0.903,0.0,0.3,0.5,3.56865119591275,94,1.069184609156292,-2.69,2,"[425.0, 669.5999755859375]"
1779197690.671016,189.185955083,0.8875938081770381,0.903,0.0,0.3,0.5,3.7252081523976557,94,1.0277671278833795,-2.69,2,"[453.0, 642.2000122070312]"
1779197690.721058,189.235997045,0.8537297930227349,0.903,0.0,0.3,0.5,3.882371263477168,94,0.9848156658225816,-2.69,2,"[453.0, 642.2000122070312]"
1779197690.771127,189.28606594000001,0.8247390519014948,0.903,0.0,0.3,0.5,4.0396563060507304,94,0.944932165337555,-2.69,2,"[485.6000061035156, 626.5999755859375]"
1779197690.8212132,189.336152274,0.8014365229672844,0.903,0.0,0.3,0.5,4.196983185213682,94,0.9065826456404139,-8.07,2,"[485.6000061035156, 626.5999755859375]"
1779197690.8711941,189.386133398,0.7845086264959947,0.903,0.0,0.3,0.5,4.353985390200634,94,0.8713010875190442,-26.9,2,"[513.2000122070312, 609.4000244140625]"
1779197690.9210687,189.43600774100003,0.7743986026482281,0.903,0.0,0.3,0.5,4.510759974233494,94,0.8406214717613314,-26.9,2,"[513.2000122070312, 609.4000244140625]"
1779197690.9712307,189.486169902,0.7713964305333737,0.903,0.0,0.3,0.5,4.668173529937732,94,0.8130098175793898,-24.21,2,"[550.2000122070312, 576.0]"
1779197691.021523,189.536462131,0.7757111494239126,0.903,0.0,0.3,0.5,4.825832252391066,94,0.7946020481247621,-29.59,2,"[550.2000122070312, 576.0]"
1779197691.0710163,189.585955305,0.7871487383332283,0.903,0.0,0.3,0.5,4.981803637996492,94,0.782330201821677,-53.8,2,"[570.2000122070312, 543.0]"
1779197691.1209724,189.635911372,0.8056501423067841,0.903,0.0,0.3,0.5,5.1388607171823395,94,0.7746602978822488,-61.87,2,"[570.2000122070312, 543.0]"
1779197691.1711493,189.686088119,0.8308426403757183,0.903,0.0,0.3,0.5,5.296355077791233,94,0.7746602978822488,-18.83,2,"[567.0, 532.2000122070312]"
1779197691.2212203,189.73615916100002,0.8620492046088322,0.903,0.0,0.3,0.5,5.453534333515378,94,0.7807962210337913,0.0,2,"[567.0, 532.2000122070312]"
1779197691.2714748,189.786413882,0.898686744550222,0.903,0.0,0.3,0.5,5.611071847040918,94,0.7961360289126478,0.0,2,"[564.2000122070312, 524.4000244140625]"
1779197691.3211741,189.836113282,0.9395766521229602,0.903,0.0,0.3,0.5,5.767666021973966,94,0.8160777791551611,0.0,2,"[564.2000122070312, 524.4000244140625]"
1779197691.371056,189.88599509800002,0.9840397259082576,0.903,0.0,0.3,0.5,5.924498483568229,94,0.8436894333371027,0.0,2,"[545.5999755859375, 536.0]"
1779197691.4210284,189.93596758400002,1.0310232507658197,0.903,0.0,0.3,0.5,6.081504040634556,94,0.8743690490948155,0.0,2,"[545.5999755859375, 536.0]"
1779197691.470953,189.98589216000002,1.0793364018495457,0.903,0.0,0.3,0.5,6.2384127204082205,94,0.9096506072161852,21.52,2,"[530.2000122070312, 561.7999877929688]"
1779197691.5212893,190.036228316,1.1281091968894743,0.903,0.0,0.3,0.5,0.11294709514586287,95,0.9510680884890975,45.73,2,"[530.2000122070312, 561.7999877929688]"
1779197691.5714364,190.08637538500003,1.1758210215831983,0.903,0.0,0.3,0.5,0.27033147173758465,95,0.9940195505498954,72.63,2,"[508.6000061035156, 592.4000244140625]"
1779197691.6210651,190.13600411800002,1.2211502066967066,0.903,0.0,0.3,0.5,0.42671842407767,95,1.038504993398579,104.91,2,"[508.6000061035156, 592.4000244140625]"
1779197691.671184,190.186122955,1.2635621728211592,0.903,0.0,0.3,0.5,0.5840175221367403,95,1.0845244170351482,123.74,2,"[480.79998779296875, 634.5999755859375]"
1779197691.721179,190.23611812500002,1.3017227424092248,0.903,0.0,0.3,0.5,0.741125928663358,95,1.1336118022474888,123.74,2,"[480.79998779296875, 634.5999755859375]"
1779197691.7711256,190.286064761,1.3347401605094191,0.903,0.0,0.3,0.5,0.8980769822386705,95,1.1780972450961724,145.26,2,"[453.79998779296875, 661.4000244140625]"
1779197691.8211572,190.33609633900002,1.3618982995960864,0.903,0.0,0.3,0.5,1.0552454277424417,95,1.2195147263690846,177.54,2,"[453.79998779296875, 661.4000244140625]"
1779197691.870983,190.385921894,1.382436926108714,0.903,0.0,0.3,0.5,1.2118615655497464,95,1.2578642460662257,177.54,2,"[435.3999938964844, 683.4000244140625]"
1779197691.921028,190.43596697200002,1.3960163218683883,0.903,0.0,0.3,0.5,1.3691262223285534,95,1.2931458041875956,199.06,2,"[435.3999938964844, 683.4000244140625]"
1779197691.9711816,190.486120797,1.402217142921185,0.903,0.0,0.3,0.5,1.5265058456905294,95,1.320757458369537,223.26999999999998,2,"[418.79998779296875, 707.2000122070312]"
1779197692.0212135,190.536152552,1.4008917950731297,0.903,0.0,0.3,0.5,1.6836311414192764,95,1.3437671701878218,247.48,2,"[418.79998779296875, 707.2000122070312]"
1779197692.0712302,190.58616915000002,1.3920951776160282,0.903,0.0,0.3,0.5,1.840765484934785,95,1.3621749396424494,255.54999999999998,2,"[405.6000061035156, 719.7999877929688]"
1779197692.1211815,190.63612072,1.3760661117652015,0.903,0.0,0.3,0.5,1.9977525788611032,95,1.371378824369763,255.54999999999998,2,"[405.6000061035156, 719.7999877929688]"
1779197692.17117,190.686108904,1.3531804529562625,0.903,0.0,0.3,0.5,2.154826550390588,95,1.372912805157649,269.0,2,"[400.6000061035156, 717.0]"
1779197692.2212276,190.73616659,1.3239687064684227,0.903,0.0,0.3,0.5,2.3120849962407632,95,1.372912805157649,220.57999999999998,2,"[400.6000061035156, 717.0]"
1779197692.2709808,190.785919906,1.2893639014802178,0.903,0.0,0.3,0.5,2.4685240707445004,95,1.3698448435818775,78.01,2,"[398.20001220703125, 722.0]"
1779197692.3210256,190.835964681,1.249874038606663,0.903,0.0,0.3,0.5,2.625691941336889,95,1.3529710549151355,-5.38,2,"[398.20001220703125, 722.0]"
1779197692.371104,190.886043265,1.2065618211265141,0.903,0.0,0.3,0.5,2.783029470498853,95,1.325359400733194,-8.07,2,"[394.0, 721.7999877929688]"
1779197692.4211152,190.93605431400002,1.1606013321578517,0.903,0.0,0.3,0.5,2.940105411806961,95,1.2946797849754812,-5.38,2,"[394.0, 721.7999877929688]"
1779197692.471401,190.98634023300002,1.112913375431564,0.903,0.0,0.3,0.5,3.0975886543194733,95,1.260932207641997,-5.38,2,"[399.0, 699.4000244140625]"
1779197692.521079,191.03601831400002,1.065043606500558,0.903,0.0,0.3,0.5,3.2541866211548935,95,1.2210487071569704,-5.38,2,"[399.0, 699.4000244140625]"
1779197692.571286,191.086224968,1.0176182654992616,0.903,0.0,0.3,0.5,3.4116533420316486,95,1.1780972450961724,-5.38,2,"[412.3999938964844, 686.5999755859375]"
1779197692.621151,191.136090112,0.9722291414507211,0.903,0.0,0.3,0.5,3.5684823949979076,95,1.1366797638232602,-2.69,2,"[412.3999938964844, 686.5999755859375]"
1779197692.6710148,191.18595378100002,0.9297945971129077,0.903,0.0,0.3,0.5,3.725205064212126,95,1.0875923786109196,-2.69,2,"[433.6000061035156, 665.2000122070312]"
1779197692.7210014,191.235940298,0.891203934130081,0.903,0.0,0.3,0.5,3.8823060628632433,95,1.0400389741864646,-2.69,2,"[433.6000061035156, 665.2000122070312]"
1779197692.7711284,191.286067492,0.8574335053078985,0.903,0.0,0.3,0.5,4.039637660698325,95,0.9924855697620099,-2.69,2,"[468.6000061035156, 636.5999755859375]"
1779197692.8212411,191.336180191,0.8293391473903786,0.903,0.0,0.3,0.5,4.196969780037783,95,0.9495341077012119,-5.38,2,"[468.6000061035156, 636.5999755859375]"
1779197692.8711712,191.38611034500002,0.8076138027999067,0.903,0.0,0.3,0.5,4.353962305777735,95,0.9096506072161852,-8.07,2,"[510.79998779296875, 604.2000122070312]"
1779197692.9211686,191.436107534,0.7926773137874301,0.903,0.0,0.3,0.5,4.51100950779621,95,0.8743690490948155,-8.07,2,"[510.79998779296875, 604.2000122070312]"
1779197692.9710348,191.48597385800002,0.7848660120619562,0.903,0.0,0.3,0.5,4.667818187534088,95,0.842155452549217,-24.21,2,"[532.7999877929688, 579.0]"
1779197693.021066,191.536004998,0.7843024506487095,0.903,0.0,0.3,0.5,4.825024105955116,95,0.8176117599430467,-34.97,2,"[532.7999877929688, 579.0]"
1779197693.0709684,191.585907514,0.7909490594177674,0.903,0.0,0.3,0.5,4.981794916935108,95,0.7992039904884191,-37.66,2,"[559.0, 553.0]"
1779197693.1211886,191.636127912,0.8046672291109731,0.903,0.0,0.3,0.5,5.139398162003793,95,0.7884661249732196,-59.18,2,"[559.0, 553.0]"
1779197693.1712518,191.68619098000002,0.8249925555338281,0.903,0.0,0.3,0.5,5.296664681747096,95,0.7853981633974483,-18.83,2,"[568.4000244140625, 536.7999877929688]"
1779197693.2211807,191.736119784,0.8513088579878384,0.903,0.0,0.3,0.5,5.4535206801534954,95,0.7884661249732196,0.0,2,"[568.4000244140625, 536.7999877929688]"
1779197693.2712436,191.786182612,0.8830346137561613,0.903,0.0,0.3,0.5,5.610756054147167,95,0.7976700097005334,0.0,2,"[564.2000122070312, 535.2000122070312]"
1779197693.3210657,191.83600457900002,0.9191367402360522,0.903,0.0,0.3,0.5,5.767462493893753,95,0.8145437983672754,0.0,2,"[564.2000122070312, 535.2000122070312]"
1779197693.3712285,191.886167719,0.9589295396769164,0.903,0.0,0.3,0.5,5.924810553674341,95,0.8375535101855601,0.0,2,"[557.7999877929688, 539.5999755859375]"
1779197693.4211206,191.93605957100002,1.0011352323770744,0.903,0.0,0.3,0.5,6.081849443038685,95,0.863631183579616,0.0,2,"[557.7999877929688, 539.5999755859375]"
1779197693.4710224,191.98596160300002,1.044615553818008,0.903,0.0,0.3,0.5,6.238523298186259,95,0.8912428377615575,29.59,2,"[540.4000244140625, 554.4000244140625]"
1779197693.5210087,192.035947826,1.0884426808436887,0.903,0.0,0.3,0.5,0.11243055448153427,96,0.9295923574586985,26.9,2,"[540.4000244140625, 554.4000244140625]"
1779197693.57109,192.086029192,1.131391404361509,0.903,0.0,0.3,0.5,0.26969641134871836,96,0.9694758579437253,64.56,2,"[528.7999877929688, 573.5999755859375]"
1779197693.6210494,192.13598865,1.1722040845239476,0.903,0.0,0.3,0.5,0.4266865966021669,96,1.009359358428752,83.39,2,"[528.7999877929688, 573.5999755859375]"
1779197693.671169,192.18610811000002,1.2099401442073179,0.903,0.0,0.3,0.5,0.5839779443522275,96,1.0507768397016641,104.91,2,"[490.3999938964844, 613.2000122070312]"
1779197693.7210798,192.23601890100002,1.243425913312491,0.903,0.0,0.3,0.5,0.7408812520023957,96,1.0921943209745766,104.91,2,"[490.3999938964844, 613.2000122070312]"
1779197693.7711186,192.286057677,1.271897371140783,0.903,0.0,0.3,0.5,0.898073837504171,96,1.1351457830353744,131.81,2,"[459.0, 649.5999755859375]"
1779197693.8210876,192.336026722,1.2944704179100823,0.903,0.0,0.3,0.5,1.0550431311664852,96,1.1719613219446299,134.5,2,"[459.0, 649.5999755859375]"
1779197693.8710654,192.386004404,1.310534586684354,0.903,0.0,0.3,0.5,1.2118949072723808,96,1.205708899278114,169.47,2,"[436.20001220703125, 673.4000244140625]"
1779197693.9210935,192.436032506,1.3196387291137424,0.903,0.0,0.3,0.5,1.3692069078524582,96,1.2363885150358267,169.47,2,"[436.20001220703125, 673.4000244140625]"
1779197693.9712152,192.48615416200002,1.321405426952868,0.903,0.0,0.3,0.5,1.526592296036938,96,1.260932207641997,169.47,2,"[425.3999938964844, 692.0]"
1779197694.0210567,192.535995598,1.3157262106011491,0.903,0.0,0.3,0.5,1.6833473393634222,96,1.2808739578845103,177.54,2,"[425.3999938964844, 692.0]"
1779197694.0712721,192.586211042,1.302591192027997,0.903,0.0,0.3,0.5,1.8407936713037998,96,1.2916118233997098,196.37,2,"[418.6000061035156, 701.0]"
1779197694.1210654,192.63600427900002,1.2823462939194084,0.903,0.0,0.3,0.5,1.9974948174667588,96,1.2962137657633668,196.37,2,"[418.6000061035156, 701.0]"
1779197694.171171,192.68611001000002,1.255221408569637,0.903,0.0,0.3,0.5,2.1548225511428427,96,1.2962137657633668,182.92,2,"[411.3999938964844, 700.5999755859375]"
1779197694.2211008,192.736040005,1.2219308481733688,0.903,0.0,0.3,0.5,2.311799020202784,96,1.2946797849754812,121.05,2,"[411.3999938964844, 700.5999755859375]"
1779197694.270994,192.78593300300003,1.183200918836977,0.903,0.0,0.3,0.5,2.468527812381126,96,1.2793399770966247,-5.38,2,"[403.6000061035156, 699.4000244140625]"
1779197694.3209908,192.835929985,1.1397306929289825,0.903,0.0,0.3,0.5,2.6255924596636078,96,1.2563302652783401,-5.38,2,"[403.6000061035156, 699.4000244140625]"
1779197694.371112,192.886051143,1.0924508837363769,0.903,0.0,0.3,0.5,2.7830103381993467,96,1.227184630308513,-5.38,2,"[409.20001220703125, 685.7999877929688]"
1779197694.4213645,192.936303704,1.0424377983565272,0.903,0.0,0.3,0.5,2.940664169192928,96,1.193437052975029,-5.38,2,"[409.20001220703125, 685.7999877929688]"
1779197694.4711864,192.98612524700002,0.9912340725781943,0.903,0.0,0.3,0.5,3.097270436116105,96,1.1550875332778878,-2.69,2,"[418.3999938964844, 665.0]"
1779197694.5212042,193.036143436,0.9394604499744429,0.903,0.0,0.3,0.5,3.254478760997017,96,1.1090681096413186,-2.69,2,"[418.3999938964844, 665.0]"
1779197694.5710914,193.086030265,0.8886240876452801,0.903,0.0,0.3,0.5,3.411222972112114,96,1.0615147052168636,-2.69,2,"[437.79998779296875, 651.7999877929688]"
1779197694.6210406,193.135979479,0.839617304785937,0.903,0.0,0.3,0.5,3.568258798423585,96,1.012427320004523,-2.69,2,"[437.79998779296875, 651.7999877929688]"
1779197694.6709719,193.18591083700002,0.793682372802361,0.903,0.0,0.3,0.5,3.725099321344601,96,0.9633399347921826,-5.38,2,"[469.3999938964844, 633.7999877929688]"
1779197694.7210484,193.23598744100002,0.7516521369017688,0.903,0.0,0.3,0.5,3.8824058367039243,96,0.9173205111556134,-21.52,2,"[469.3999938964844, 633.7999877929688]"
1779197694.7711084,193.286047496,0.7146076730437091,0.903,0.0,0.3,0.5,4.039628091406712,96,0.868233125943273,-51.11,2,"[519.4000244140625, 606.4000244140625]"
1779197694.8211443,193.336083438,0.6833340826751695,0.903,0.0,0.3,0.5,4.196781953637469,96,0.8176117599430467,-37.66,2,"[519.4000244140625, 606.4000244140625]"
1779197694.8711293,193.38606825800002,0.6584792631518785,0.903,0.0,0.3,0.5,4.353846585212068,96,0.7761942786701345,-78.01,2,"[564.0, 565.7999877929688]"
1779197694.9212115,193.43615068100002,0.6405017912742474,0.903,0.0,0.3,0.5,4.511081472258866,96,0.7393787397608791,-78.01,2,"[564.0, 565.7999877929688]"
1779197694.9712481,193.48618738200003,0.6297588402348404,0.903,0.0,0.3,0.5,4.668264893734886,96,0.705631162427395,-99.53,2,"[602.0, 514.5999755859375]"
1779197695.0211883,193.53612736600002,0.6263882806748928,0.903,0.0,0.3,0.5,4.825243018414199,96,0.6780195082454534,-123.74,2,"[602.0, 514.5999755859375]"
1779197695.070974,193.58591302600001,0.6303143703825353,0.903,0.0,0.3,0.5,4.981797511890477,96,0.6565437772150544,-134.5,2,"[619.5999755859375, 484.0]"
1779197695.1209896,193.635928605,0.6413553722966184,0.903,0.0,0.3,0.5,5.138918384256726,96,0.6442719309119693,-115.67,2,"[619.5999755859375, 484.0]"
1779197695.1711202,193.68605929900002,0.6591502663982356,0.903,0.0,0.3,0.5,5.2962825509828235,96,0.6427379501240836,-131.81,2,"[619.5999755859375, 465.0]"
1779197695.2212098,193.736148713,0.683108317495841,0.903,0.0,0.3,0.5,5.453540035505625,96,0.6427379501240836,-102.22,2,"[619.5999755859375, 465.0]"
1779197695.2713125,193.786251542,0.7125441958231021,0.903,0.0,0.3,0.5,5.610881752410592,96,0.6427379501240836,-34.97,2,"[615.2000122070312, 460.6000061035156]"
1779197695.3211856,193.836124743,0.7464437799491892,0.903,0.0,0.3,0.5,5.767549157868416,96,0.6534758156392831,-34.97,2,"[615.2000122070312, 460.6000061035156]"
1779197695.3712275,193.88616649500003,0.7841126856284227,0.903,0.0,0.3,0.5,5.924780906464207,96,0.6749515466696822,5.38,2,"[612.4000244140625, 455.20001220703125]"
1779197695.4212136,193.936152711,0.8243558491514772,0.903,0.0,0.3,0.5,6.0818958726363235,96,0.6979612584879668,5.38,2,"[612.4000244140625, 455.20001220703125]"
1779197695.470983,193.98592215600002,0.8659351960714213,0.903,0.0,0.3,0.5,6.238439128635719,96,0.7286408742456796,2.69,2,"[590.5999755859375, 475.79998779296875]"
1779197695.5210934,194.03603264400002,0.9080798690453147,0.903,0.0,0.3,0.5,0.11263144676522785,97,0.760854470791278,2.69,2,"[590.5999755859375, 475.79998779296875]"
1779197695.5711265,194.086065366,0.9493408794778911,0.903,0.0,0.3,0.5,0.26974345041546854,97,0.7976700097005334,2.69,2,"[567.4000244140625, 512.7999877929688]"
1779197695.6211421,194.136081229,0.9886587167332322,0.903,0.0,0.3,0.5,0.42687581158609333,97,0.8390874909734457,2.69,2,"[567.4000244140625, 512.7999877929688]"
1779197695.671245,194.186184281,1.0249752816069255,0.903,0.0,0.3,0.5,0.5841672473006625,97,0.8789709914584724,5.38,2,"[553.7999877929688, 556.4000244140625]"
1779197695.721157,194.236096065,1.0571547949691502,0.903,0.0,0.3,0.5,0.7410399935375622,97,0.9188544919434991,5.38,2,"[553.7999877929688, 556.4000244140625]"
1779197695.7716033,194.28654237400002,1.0845018071968104,0.903,0.0,0.3,0.5,0.8986212914399871,97,0.9587379924285258,24.21,2,"[530.5999755859375, 580.7999877929688]"
1779197695.82143,194.336368837,1.1060150593055982,0.903,0.0,0.3,0.5,1.055770409865751,97,0.9940195505498954,59.18,2,"[530.5999755859375, 580.7999877929688]"
1779197695.8714128,194.38635191100002,1.1210834389156994,0.903,0.0,0.3,0.5,1.2122891300265124,97,1.0246991663076084,96.84,2,"[503.3999938964844, 613.0]"
1779197695.9210768,194.43601603000002,1.129333348832894,0.903,0.0,0.3,0.5,1.3691493130344057,97,1.055378782065321,115.67,2,"[503.3999938964844, 613.0]"
1779197695.971138,194.48607692200002,1.1304026558593225,0.903,0.0,0.3,0.5,1.5263752151262011,97,1.0799224746714913,134.5,2,"[479.6000061035156, 630.7999877929688]"
1779197696.0211926,194.536131613,1.1241275683384615,0.903,0.0,0.3,0.5,1.6835492400985927,97,1.0983302441261191,126.42999999999999,2,"[479.6000061035156, 630.7999877929688]"
1779197696.0711787,194.586117658,1.1105613782017558,0.903,0.0,0.3,0.5,1.8406397521134537,97,1.1106020904292042,121.05,2,"[460.79998779296875, 644.0]"
1779197696.12127,194.636209022,1.0899052016173572,0.903,0.0,0.3,0.5,1.9978664867273679,97,1.1121360712170898,121.05,2,"[460.79998779296875, 644.0]"
1779197696.1713567,194.68629579,1.0625664437396507,0.903,0.0,0.3,0.5,2.155098401827537,97,1.1136700520049756,107.6,2,"[448.0, 654.5999755859375]"
1779197696.2212238,194.736162952,1.029179602086631,0.903,0.0,0.3,0.5,2.312035871156219,97,1.1060001480655473,21.52,2,"[448.0, 654.5999755859375]"
1779197696.2710438,194.785982788,0.9904980125022901,0.903,0.0,0.3,0.5,2.4686519272821457,97,1.0906603401866908,-2.69,2,"[450.6000061035156, 650.2000122070312]"
1779197696.3210015,194.83594058600002,0.9471893757800712,0.903,0.0,0.3,0.5,2.6256577827997276,97,1.0676506283684062,-2.69,2,"[450.6000061035156, 650.2000122070312]"
1779197696.371336,194.88627504500002,0.9001002639216152,0.903,0.0,0.3,0.5,2.783329693659063,97,1.0400389741864646,-2.69,2,"[453.20001220703125, 637.7999877929688]"
1779197696.4211605,194.93609974900002,0.8507231791565787,0.903,0.0,0.3,0.5,2.9402120625942203,97,1.004757416065095,-2.69,2,"[453.20001220703125, 637.7999877929688]"
1779197696.4712431,194.98618215300002,0.7998211326156947,0.903,0.0,0.3,0.5,3.0974684946835183,97,0.9648739155800683,-5.38,2,"[476.6000061035156, 621.4000244140625]"
1779197696.5212421,195.036181182,0.7487268500693655,0.903,0.0,0.3,0.5,3.2545375464789927,97,0.9249904150950417,-5.38,2,"[476.6000061035156, 621.4000244140625]"
1779197696.5713615,195.086300754,0.6984589600305553,0.903,0.0,0.3,0.5,3.411867991349574,97,0.8789709914584724,-13.45,2,"[509.79998779296875, 599.4000244140625]"
1779197696.623149,195.13808802600002,0.6486851351454684,0.903,0.0,0.3,0.5,3.574458920021222,97,0.8298836062461319,-48.42,2,"[509.79998779296875, 599.4000244140625]"
1779197696.6710746,195.18601374600001,0.6055151227487644,0.903,0.0,0.3,0.5,3.725352474022408,97,0.7807962210337913,-80.7,2,"[548.5999755859375, 561.4000244140625]"
1779197696.7211108,195.236050014,0.5646244767983959,0.903,0.0,0.3,0.5,3.8825820769104453,97,0.7317088358214509,-96.84,2,"[548.5999755859375, 561.4000244140625]"
1779197696.7710948,195.286034043,0.528863188754593,0.903,0.0,0.3,0.5,4.03958527464065,97,0.684155431396996,-137.19,2,"[594.7999877929688, 504.6000061035156]"
1779197696.821226,195.33616489300002,0.49889765262396835,0.903,0.0,0.3,0.5,4.19696359424163,97,0.6366020269725411,-147.95,2,"[594.7999877929688, 504.6000061035156]"
1779197696.871131,195.38606994300002,0.47553726331161944,0.903,0.0,0.3,0.5,4.353848008353658,97,0.5951845456996288,-164.09,2,"[613.4000244140625, 466.79998779296875]"
1779197696.9214473,195.43638644100002,0.4591057879027624,0.903,0.0,0.3,0.5,4.511515153416873,97,0.5583690067903734,-164.09,2,"[613.4000244140625, 466.79998779296875]"
1779197696.97124,195.486179052,0.45009519967114137,0.903,0.0,0.3,0.5,4.668205790952449,97,0.526155410244775,-188.29999999999998,2,"[639.7999877929688, 433.6000061035156]"
1779197697.0212345,195.536173665,0.4485304101600022,0.903,0.0,0.3,0.5,4.825342785972204,97,0.5031456984264903,-193.68,2,"[639.7999877929688, 433.6000061035156]"
1779197697.0710266,195.585965536,0.45437187877509816,0.903,0.0,0.3,0.5,4.9818554397175845,97,0.483203948183977,-217.89,2,"[658.5999755859375, 414.3999938964844]"
1779197697.1210349,195.63597387000002,0.46745022362497346,0.903,0.0,0.3,0.5,5.139010238142852,97,0.4693981210930062,-228.65,2,"[658.5999755859375, 414.3999938964844]"
1779197697.1711578,195.68609689000002,0.48738767914422937,0.903,0.0,0.3,0.5,5.296335332881178,97,0.46479617872934925,-242.1,2,"[666.7999877929688, 410.3999938964844]"
1779197697.2212398,195.736178896,0.5136041013673034,0.903,0.0,0.3,0.5,5.453617557446115,97,0.4663301595172349,-134.5,2,"[666.7999877929688, 410.3999938964844]"
1779197697.2715006,195.78643980700002,0.5454357029522416,0.903,0.0,0.3,0.5,5.61110956814364,97,0.4678641403051206,-61.87,2,"[673.4000244140625, 397.6000061035156]"
1779197697.3212774,195.83621625700002,0.5818214747712397,0.903,0.0,0.3,0.5,5.76787697363725,97,0.4816699673960913,-61.87,2,"[673.4000244140625, 397.6000061035156]"
1779197697.371175,195.886114214,0.6219649549266113,0.903,0.0,0.3,0.5,5.9247300220881485,97,0.5062136600022615,-75.32,2,"[655.2000122070312, 395.6000061035156]"
1779197697.4211903,195.93612937400002,0.6648781770361991,0.903,0.0,0.3,0.5,6.081851240029643,97,0.5338253141842031,-78.01,2,"[655.2000122070312, 395.6000061035156]"
1779197697.4710295,195.98596867700002,0.7092451265382682,0.903,0.0,0.3,0.5,6.2384937515073275,97,0.5645049299419159,-51.11,2,"[636.0, 407.3999938964844]"
1779197697.5216029,196.036542064,0.7545201857266053,0.903,0.0,0.3,0.5,0.1135882973478175,98,0.6013204688511713,-40.35,2,"[636.0, 407.3999938964844]"
1779197697.5714922,196.08643136700002,0.798654943423217,0.903,0.0,0.3,0.5,0.27039629221856387,98,0.641203969336198,5.38,2,"[622.4000244140625, 428.79998779296875]"
1779197697.6211178,196.136056907,0.8408367315865009,0.903,0.0,0.3,0.5,0.4268113680960397,98,0.6856894121848816,2.69,2,"[622.4000244140625, 428.79998779296875]"
1779197697.6712375,196.18617664200002,0.8803330019325013,0.903,0.0,0.3,0.5,0.5841869293787596,98,0.7271068934577939,2.69,2,"[600.7999877929688, 458.0]"
1779197697.721199,196.236138075,0.9157660838755184,0.903,0.0,0.3,0.5,0.7411218885749378,98,0.7715923363064775,2.69,2,"[600.7999877929688, 458.0]"
1779197697.771484,196.286423035,0.9464629720212312,0.903,0.0,0.3,0.5,0.8987445392613864,98,0.8145437983672754,2.69,2,"[565.4000244140625, 525.7999877929688]"
1779197697.8212075,196.33614649400002,0.9713228282572812,0.903,0.0,0.3,0.5,1.0553750655630694,98,0.8544272988523022,2.69,2,"[565.4000244140625, 525.7999877929688]"
1779197697.8710396,196.385978631,0.9899098383841103,0.903,0.0,0.3,0.5,1.2119730355401117,98,0.8866408953979006,18.83,2,"[545.2000122070312, 573.0]"
1779197697.9210796,196.43601878200002,1.001780316466248,0.903,0.0,0.3,0.5,1.3692474595305413,98,0.9203884727313847,32.28,2,"[545.2000122070312, 573.0]"
1779197697.9711416,196.486080442,1.006518259353752,0.903,0.0,0.3,0.5,1.5264214970693075,98,0.9480001269133262,45.73,2,"[521.4000244140625, 604.2000122070312]"
1779197698.0215707,196.536509671,1.0039689101449791,0.903,0.0,0.3,0.5,1.6841754066384311,98,0.9694758579437253,61.87,2,"[521.4000244140625, 604.2000122070312]"
1779197698.07141,196.58634919600001,0.9942168820655541,0.903,0.0,0.3,0.5,1.841053213981084,98,0.9848156658225816,72.63,2,"[505.3999938964844, 620.0]"
1779197698.1211817,196.636120815,0.9775008186042955,0.903,0.0,0.3,0.5,1.9978380301811995,98,0.9924855697620099,72.63,2,"[505.3999938964844, 620.0]"
1779197698.1712227,196.686161763,0.9541487027761628,0.903,0.0,0.3,0.5,2.1549941857745836,98,0.9955535313377811,80.7,2,"[497.3999938964844, 620.7999877929688]"
1779197698.2212334,196.73617228,0.9247928352090988,0.903,0.0,0.3,0.5,2.3119635171360216,98,0.9924855697620099,2.69,2,"[497.3999938964844, 620.7999877929688]"
1779197698.2710066,196.78594552700002,0.8902088317566773,0.903,0.0,0.3,0.5,2.4685615813608166,98,0.9786797426710391,0.0,2,"[490.0, 619.4000244140625]"
1779197698.3210099,196.835948871,0.851030110399878,0.903,0.0,0.3,0.5,2.625708400140823,98,0.9602719732164113,-2.69,2,"[490.0, 619.4000244140625]"
1779197698.371189,196.886128218,0.8082581491644846,0.903,0.0,0.3,0.5,2.7831134641200634,98,0.9357282806102412,-2.69,2,"[495.6000061035156, 602.2000122070312]"
1779197698.4211307,196.936069792,0.7631155000806458,0.903,0.0,0.3,0.5,2.9401603802536584,98,0.9050486648525283,-18.83,2,"[495.6000061035156, 602.2000122070312]"
1779197698.4712274,196.98616650900001,0.7165628111609733,0.903,0.0,0.3,0.5,3.0974050973439518,98,0.8713010875190442,-21.52,2,"[514.4000244140625, 584.4000244140625]"
1779197698.5212154,197.03615445100002,0.6698962558013294,0.903,0.0,0.3,0.5,3.2543563079990037,98,0.8314175870340175,-21.52,2,"[514.4000244140625, 584.4000244140625]"
1779197698.5711737,197.086112887,0.6241450254143975,0.903,0.0,0.3,0.5,3.411448353111112,98,0.786932144185334,-32.28,2,"[533.0, 565.4000244140625]"
1779197698.6211324,197.136071531,0.5805140406566103,0.903,0.0,0.3,0.5,3.568447485620439,98,0.7455146629124216,-75.32,2,"[533.0, 565.4000244140625]"
1779197698.6709685,197.18590746700002,0.5401382738407088,0.903,0.0,0.3,0.5,3.725141157934516,98,0.701029220063738,-123.74,2,"[565.5999755859375, 526.4000244140625]"
1779197698.7209775,197.23591665200001,0.5038512845017776,0.903,0.0,0.3,0.5,3.8822317641971296,98,0.6565437772150544,-137.19,2,"[565.5999755859375, 526.4000244140625]"
1779197698.7711813,197.286120403,0.4725978803773443,0.903,0.0,0.3,0.5,4.039742687282526,98,0.6151262959421421,-166.78,2,"[606.7999877929688, 477.6000061035156]"
1779197698.8212078,197.33614685700002,0.44733001438166065,0.903,0.0,0.3,0.5,4.196886449292904,98,0.5737088146692298,-177.54,2,"[606.7999877929688, 477.6000061035156]"
1779197698.8712401,197.386179074,0.42861535351423685,0.903,0.0,0.3,0.5,4.354051860018174,98,0.5353592949720888,-193.68,2,"[630.7999877929688, 442.3999938964844]"
1779197698.92118,197.436119108,0.41695866316126645,0.903,0.0,0.3,0.5,4.511014989875733,98,0.5016117176386047,-193.68,2,"[630.7999877929688, 442.3999938964844]"
1779197698.9712362,197.48617529,0.4126494035117231,0.903,0.0,0.3,0.5,4.668182854184877,98,0.4740000634566631,-217.89,2,"[652.0, 414.0]"
1779197699.0212152,197.536154237,0.41584813018669414,0.903,0.0,0.3,0.5,4.825336744689892,98,0.4540583132141498,-215.2,2,"[652.0, 414.0]"
1779197699.0712872,197.58622634600002,0.4264981065822339,0.903,0.0,0.3,0.5,4.982324727686844,98,0.4387185053352934,-236.72,2,"[673.7999877929688, 392.20001220703125]"
1779197699.1213186,197.636257472,0.44440225928000876,0.903,0.0,0.3,0.5,5.139494520933866,98,0.4356505437595221,-244.79,2,"[673.7999877929688, 392.20001220703125]"
1779197699.17116,197.68609901000002,0.4691017342334195,0.903,0.0,0.3,0.5,5.296366079648763,98,0.4356505437595221,-207.13,2,"[662.2000122070312, 387.3999938964844]"
1779197699.2211704,197.73610950900002,0.5001125968510466,0.903,0.0,0.3,0.5,5.453465526353128,98,0.4356505437595221,-99.53,2,"[662.2000122070312, 387.3999938964844]"
1779197699.2712057,197.786144694,0.5367055563955897,0.903,0.0,0.3,0.5,5.6106305538041426,98,0.44485442848683593,-83.39,2,"[653.5999755859375, 390.0]"
1779197699.3214073,197.836346424,0.5780904448961108,0.903,0.0,0.3,0.5,5.768054724950005,98,0.461728217153578,-83.39,2,"[653.5999755859375, 390.0]"
1779197699.3712647,197.886203717,0.6230612980423152,0.903,0.0,0.3,0.5,5.924866731634509,98,0.4908738521234052,-67.25,2,"[652.2000122070312, 385.79998779296875]"
1779197699.421176,197.936115105,0.6707811754371366,0.903,0.0,0.3,0.5,6.081863196931707,98,0.521553467881118,-69.94,2,"[652.2000122070312, 385.79998779296875]"
1779197699.471007,197.985946167,0.7199637754070615,0.903,0.0,0.3,0.5,6.238475885270262,98,0.5583690067903734,-56.49,2,"[647.7999877929688, 405.6000061035156]"
1779197699.5210881,198.03602720100002,0.7697968835336958,0.903,0.0,0.3,0.5,0.11258674190224127,99,0.5982525072754,-45.73,2,"[647.7999877929688, 405.6000061035156]"
1779197699.571222,198.086161209,0.8189220346036389,0.903,0.0,0.3,0.5,0.269943199159961,99,0.6442719309119693,5.38,2,"[614.5999755859375, 434.3999938964844]"
1779197699.6212564,198.136195342,0.8661199105655741,0.903,0.0,0.3,0.5,0.4271133379822274,99,0.6918253353364242,2.69,2,"[614.5999755859375, 434.3999938964844]"
1779197699.6712136,198.18615280100002,0.9102984610569241,0.903,0.0,0.3,0.5,0.5840697102739156,99,0.7393787397608791,2.69,2,"[589.5999755859375, 488.79998779296875]"
1779197699.7212284,198.236167588,0.9505604719163552,0.903,0.0,0.3,0.5,0.7412360980345554,99,0.786932144185334,2.69,2,"[589.5999755859375, 488.79998779296875]"
1779197699.7711704,198.28610960900002,0.9858781566487215,0.903,0.0,0.3,0.5,0.898165949001104,99,0.8375535101855601,2.69,2,"[580.4000244140625, 531.4000244140625]"
1779197699.8213468,198.33628564400001,1.015605606836563,0.903,0.0,0.3,0.5,1.0555747169180947,99,0.8759030298827011,2.69,2,"[580.4000244140625, 531.4000244140625]"
1779197699.8710115,198.38595046900002,1.0388365257632404,0.903,0.0,0.3,0.5,1.211916807315042,99,0.9203884727313847,32.28,2,"[542.4000244140625, 580.5999755859375]"
1779197699.921049,198.435988331,1.0553729804550986,0.903,0.0,0.3,0.5,1.3690615652102949,99,0.9556700308527545,56.49,2,"[542.4000244140625, 580.5999755859375]"
1779197699.97114,198.48607904800002,1.0647617774176534,0.903,0.0,0.3,0.5,1.526371916454245,99,0.9878836273983529,72.63,2,"[499.79998779296875, 623.2000122070312]"
1779197700.0212708,198.536209723,1.0668359251723407,0.903,0.0,0.3,0.5,1.6837492181792229,99,1.0139613007924089,99.53,2,"[499.79998779296875, 623.2000122070312]"
1779197700.0712626,198.58620167400002,1.0616435055036477,0.903,0.0,0.3,0.5,1.840839453733956,99,1.0354370318228079,107.6,2,"[485.3999938964844, 632.7999877929688]"
1779197700.1214426,198.63638165100002,1.049393228539331,0.903,0.0,0.3,0.5,1.9981310151122713,99,1.047708878125893,107.6,2,"[485.3999938964844, 632.7999877929688]"
1779197700.1712227,198.686161773,1.030556046075358,0.903,0.0,0.3,0.5,2.154896856092755,99,1.0507768397016641,112.98,2,"[479.6000061035156, 640.5999755859375]"
1779197700.2212145,198.73615355200002,1.0055906007652056,0.903,0.0,0.3,0.5,2.312045738899137,99,1.0507768397016641,94.14999999999999,2,"[479.6000061035156, 640.5999755859375]"
1779197700.2710173,198.785956488,0.9753712175488256,0.903,0.0,0.3,0.5,2.4685965190129124,99,1.0461748973380072,-2.69,2,"[471.20001220703125, 645.4000244140625]"
1779197700.3212335,198.836172656,0.9403987424210716,0.903,0.0,0.3,0.5,2.626220162442614,99,1.0277671278833795,-2.69,2,"[471.20001220703125, 645.4000244140625]"
1779197700.3711846,198.886123563,0.9020244872671842,0.903,0.0,0.3,0.5,2.7830798836363826,99,1.009359358428752,-2.69,2,"[465.3999938964844, 638.2000122070312]"
1779197700.4211175,198.936056537,0.8610866548424883,0.903,0.0,0.3,0.5,2.940111405965972,99,0.9848156658225816,-2.69,2,"[465.3999938964844, 638.2000122070312]"
1779197700.471479,198.986417979,0.8185490278272171,0.903,0.0,0.3,0.5,3.0978301139894526,99,0.9541360500648688,-2.69,2,"[488.20001220703125, 617.5999755859375]"
1779197700.5211678,199.036106861,0.7760760279026393,0.903,0.0,0.3,0.5,3.254331828709205,99,0.9188544919434991,-2.69,2,"[488.20001220703125, 617.5999755859375]"
1779197700.5712483,199.086187391,0.7342902012576172,0.903,0.0,0.3,0.5,3.411586743409252,99,0.880504972246358,-13.45,2,"[521.2000122070312, 597.2000122070312]"
1779197700.6210856,199.13602472300002,0.6946609299536999,0.903,0.0,0.3,0.5,3.5683264966043495,99,0.842155452549217,-16.14,2,"[521.2000122070312, 597.2000122070312]"
1779197700.6710408,199.185979851,0.6580937653174486,0.903,0.0,0.3,0.5,3.7252251327062638,99,0.7992039904884191,-61.87,2,"[533.4000244140625, 575.2000122070312]"
1779197700.7211475,199.23608669,0.6255449591132014,0.903,0.0,0.3,0.5,3.8826094244748717,99,0.760854470791278,-75.32,2,"[533.4000244140625, 575.2000122070312]"
1779197700.7711246,199.286063538,0.5981077973799521,0.903,0.0,0.3,0.5,4.039622257469823,99,0.7209709703062513,-115.67,2,"[566.7999877929688, 526.0]"
1779197700.821339,199.336278174,0.5764215423177141,0.903,0.0,0.3,0.5,4.197195270992374,99,0.684155431396996,-126.42999999999999,2,"[566.7999877929688, 526.0]"
1779197700.8712707,199.386209919,0.5612889386937857,0.903,0.0,0.3,0.5,4.3541851892104475,99,0.6504078540635119,-126.42999999999999,2,"[590.4000244140625, 489.20001220703125]"
1779197700.9211628,199.436101901,0.5531100380689669,0.903,0.0,0.3,0.5,4.510999812841696,99,0.6212622190936846,-126.42999999999999,2,"[590.4000244140625, 489.20001220703125]"
1779197700.971363,199.486302359,0.5521915211722446,0.903,0.0,0.3,0.5,4.668482848009084,99,0.5967185264875144,-147.95,2,"[608.2000122070312, 459.79998779296875]"
1779197701.0211482,199.536087401,0.558672570668253,0.903,0.0,0.3,0.5,4.825187233154047,99,0.5798447378207724,-166.78,2,"[608.2000122070312, 459.79998779296875]"
1779197701.0710092,199.585948308,0.5724825009890886,0.903,0.0,0.3,0.5,4.9818441456924845,99,0.5691068723055729,-182.92,2,"[633.4000244140625, 437.3999938964844]"
1779197701.1209843,199.635923488,0.5934611627057453,0.903,0.0,0.3,0.5,5.13889013819783,99,0.5675728915176872,-190.99,2,"[633.4000244140625, 437.3999938964844]"
1779197701.1711612,199.686100245,0.6212689009165876,0.903,0.0,0.3,0.5,5.296361119074213,99,0.5660389107298016,-107.6,2,"[630.2000122070312, 429.3999938964844]"
1779197701.221274,199.736213095,0.6552788725616336,0.903,0.0,0.3,0.5,5.453784181237829,99,0.5691068723055729,-64.56,2,"[630.2000122070312, 429.3999938964844]"
1779197701.2714505,199.78638953,0.6947285487586425,0.903,0.0,0.3,0.5,5.6110234602312445,99,0.5844466801844292,-64.56,2,"[625.0, 428.20001220703125]"
1779197701.322933,199.837871831,0.7401693120373769,0.903,0.0,0.3,0.5,5.77292783466924,99,0.6105243535784852,-43.04,2,"[625.0, 428.20001220703125]"
1779197701.375396,199.890335082,0.7870196541426849,0.903,0.0,0.3,0.5,5.927069848881324,99,0.641203969336198,-53.8,2,"[615.5999755859375, 433.20001220703125]"
1779197701.4293308,199.944269757,0.8404212094630337,0.903,0.0,0.3,0.5,6.093668900000289,99,0.6764855274575677,-43.04,2,"[615.5999755859375, 433.20001220703125]"
1779197701.470979,199.985917961,0.8881440437182457,0.903,0.0,0.3,0.5,6.238424909788186,99,0.7117670855789375,2.69,2,"[597.2000122070312, 460.79998779296875]"
1779197701.5209758,200.03591484600003,0.9402195298860685,0.903,0.0,0.3,0.5,0.11232087519945821,100,0.7547185476397354,2.69,2,"[597.2000122070312, 460.79998779296875]"
1779197701.5710604,200.085999296,0.9915331290540645,0.903,0.0,0.3,0.5,0.26961504724127394,100,0.8022719520641903,2.69,2,"[570.7999877929688, 509.0]"
1779197701.6212292,200.13616834400003,1.0409057429947803,0.903,0.0,0.3,0.5,0.42703200214876347,100,0.8528933180644165,2.69,2,"[570.7999877929688, 509.0]"
1779197701.671222,200.186160938,1.0871088596936977,0.903,0.0,0.3,0.5,0.5841361926580078,100,0.9004467224888714,32.28,2,"[541.2000122070312, 564.2000122070312]"
1779197701.7213757,200.236314724,1.1292797621912738,0.903,0.0,0.3,0.5,0.7414562482817075,100,0.9541360500648688,32.28,2,"[541.2000122070312, 564.2000122070312]"
1779197701.7711143,200.286053552,1.1662750242730997,0.903,0.0,0.3,0.5,0.8980601778600033,100,1.0016894544893238,59.18,2,"[509.79998779296875, 615.5999755859375]"
1779197701.821145,200.336084043,1.197614962960507,0.903,0.0,0.3,0.5,1.0552506647779012,100,1.047708878125893,83.39,2,"[509.79998779296875, 615.5999755859375]"
1779197701.8711052,200.386044274,1.2224647131392699,0.903,0.0,0.3,0.5,1.212199569503838,100,1.0891263593988052,131.81,2,"[481.3999938964844, 647.5999755859375]"
1779197701.9210365,200.43597548600002,1.2403865538247039,0.903,0.0,0.3,0.5,1.3691706287412728,100,1.1274758790959463,134.5,2,"[481.3999938964844, 647.5999755859375]"
1779197701.9710205,200.485959374,1.251055782456472,0.903,0.0,0.3,0.5,1.526190612001102,100,1.1612234564294304,150.64,2,"[458.3999938964844, 675.5999755859375]"
1779197702.0211947,200.536133643,1.2543192292435266,0.903,0.0,0.3,0.5,1.683631389605722,100,1.188835110611372,172.16,2,"[458.3999938964844, 675.5999755859375]"
1779197702.0712237,200.586162682,1.2501929322879923,0.903,0.0,0.3,0.5,1.8407126087894596,100,1.210310841641771,177.54,2,"[443.0, 690.2000122070312]"
1779197702.121377,200.636315986,1.2388842163552694,0.903,0.0,0.3,0.5,1.998071456799181,100,1.2256506495206272,177.54,2,"[443.0, 690.2000122070312]"
1779197702.171182,200.686120915,1.2208795617815946,0.903,0.0,0.3,0.5,2.1547605203967635,100,1.2333205534600555,177.54,2,"[439.0, 696.5999755859375]"
1779197702.2215164,200.73645535,1.19641313660148,0.903,0.0,0.3,0.5,2.3131105723046232,100,1.23178657267217,96.84,2,"[439.0, 696.5999755859375]"
1779197702.2709556,200.78589472800002,1.1669796179686378,0.903,0.0,0.3,0.5,2.4684842290670588,100,1.23178657267217,51.11,2,"[425.0, 693.2000122070312]"
1779197702.3210738,200.83601278100002,1.1325347992007209,0.903,0.0,0.3,0.5,2.6258346324757724,100,1.2164467647933135,-5.38,2,"[425.0, 693.2000122070312]"
1779197702.3714275,200.88636643700002,1.0942800938150954,0.903,0.0,0.3,0.5,2.7835913097880223,100,1.1965050145508,-5.38,2,"[420.3999938964844, 692.4000244140625]"
1779197702.421275,200.93621399100002,1.053606163404348,0.903,0.0,0.3,0.5,2.9404197501436613,100,1.1704273411567443,-5.38,2,"[420.3999938964844, 692.4000244140625]"
1779197702.4711468,200.98608597400002,1.011410622594834,0.903,0.0,0.3,0.5,3.0972230671829095,100,1.141281706186917,-2.69,2,"[425.6000061035156, 672.2000122070312]"
1779197702.521101,201.036039866,0.96876429550252,0.903,0.0,0.3,0.5,3.2542646991576305,100,1.1044661672776617,-2.69,2,"[425.6000061035156, 672.2000122070312]"
1779197702.5711026,201.08604152400002,0.9268911467584816,0.903,0.0,0.3,0.5,3.4112840101165887,100,1.069184609156292,-2.69,2,"[436.0, 661.5999755859375]"
1779197702.621006,201.13594493000002,0.8869636565284629,0.903,0.0,0.3,0.5,3.568122377905098,100,1.0293011086712651,-2.69,2,"[436.0, 661.5999755859375]"
1779197702.6709738,201.185913,0.8499642859118947,0.903,0.0,0.3,0.5,3.7251866104974454,100,0.9878836273983529,-2.69,2,"[460.6000061035156, 648.7999877929688]"
1779197702.7211564,201.236095557,0.816878488266341,0.903,0.0,0.3,0.5,3.8826868081854684,100,0.9464661461254406,-2.69,2,"[460.6000061035156, 648.7999877929688]"
1779197702.7710373,201.28597632100002,0.7888469210577468,0.903,0.0,0.3,0.5,4.039477141022218,100,0.9050486648525283,-2.69,2,"[507.79998779296875, 609.2000122070312]"
1779197702.8215106,201.336449546,0.7663470861289883,0.903,0.0,0.3,0.5,4.19747192592493,100,0.868233125943273,-29.59,2,"[507.79998779296875, 609.2000122070312]"
1779197702.8712823,201.38622129100003,0.7503842398443634,0.903,0.0,0.3,0.5,4.354070137804598,100,0.8314175870340175,-21.52,2,"[540.5999755859375, 583.7999877929688]"
1779197702.9212244,201.436163483,0.7412023666427356,0.903,0.0,0.3,0.5,4.511058186775045,100,0.803805932852076,-21.52,2,"[540.5999755859375, 583.7999877929688]"
1779197702.971105,201.48604419400002,0.7391651870299638,0.903,0.0,0.3,0.5,4.6679175938095625,100,0.7807962210337913,-51.11,2,"[560.5999755859375, 552.5999755859375]"
1779197703.021212,201.536151093,0.7444193879086083,0.903,0.0,0.3,0.5,4.82509315502071,100,0.7623884515791637,-53.8,2,"[560.5999755859375, 552.5999755859375]"
1779197703.0709908,201.58592985700002,0.7568895160887865,0.903,0.0,0.3,0.5,4.981829509012556,100,0.7516505860639642,-53.8,2,"[576.7999877929688, 523.7999877929688]"
1779197703.121093,201.63603205700002,0.7764396459764429,0.903,0.0,0.3,0.5,5.139117865966369,100,0.7439806821245359,-80.7,2,"[576.7999877929688, 523.7999877929688]"
1779197703.1710548,201.685994058,0.8025989118326589,0.903,0.0,0.3,0.5,5.296189299088979,100,0.7439806821245359,-21.52,2,"[574.0, 512.7999877929688]"
1779197703.221137,201.736076102,0.8348518301639406,0.903,0.0,0.3,0.5,5.453374847423248,100,0.7501166052760785,0.0,2,"[574.0, 512.7999877929688]"
1779197703.2711396,201.78607884800002,0.8724338222587416,0.903,0.0,0.3,0.5,5.610436576166222,100,0.765456413154935,0.0,2,"[568.2000122070312, 509.6000061035156]"
1779197703.3211527,201.836091807,0.9145515647301469,0.903,0.0,0.3,0.5,5.7676139846338685,100,0.7900001057611052,0.0,2,"[568.2000122070312, 509.6000061035156]"
1779197703.3713796,201.886318571,0.9603097582912444,0.903,0.0,0.3,0.5,5.92510760696851,100,0.8160777791551611,0.0,2,"[557.7999877929688, 527.0]"
1779197703.421422,201.936360932,1.0084908591410122,0.903,0.0,0.3,0.5,6.082355918040804,100,0.8467573949128739,0.0,2,"[557.7999877929688, 527.0]"
1779197703.471092,201.98603114800002,1.057708633889922,0.903,0.0,0.3,0.5,6.238546316636558,100,0.8820389530342436,26.9,2,"[545.4000244140625, 555.4000244140625]"
1779197703.5211134,202.03605256100002,1.107502185736039,0.903,0.0,0.3,0.5,0.11267864605429878,101,0.9249904150950417,24.21,2,"[545.4000244140625, 555.4000244140625]"
1779197703.5711255,202.08606476300002,1.1562788610767445,0.903,0.0,0.3,0.5,0.26974857435403266,101,0.9710098387316108,69.94,2,"[520.0, 585.7999877929688]"
1779197703.6210976,202.136036767,1.202962646490922,0.903,0.0,0.3,0.5,0.4267660946051208,101,1.01702926236818,94.14999999999999,2,"[520.0, 585.7999877929688]"
1779197703.671209,202.186148265,1.2465568679472674,0.903,0.0,0.3,0.5,0.5840730592121943,101,1.064582666792635,94.14999999999999,2,"[494.0, 618.5999755859375]"
1779197703.7210715,202.23601060000001,1.2858407361605724,0.903,0.0,0.3,0.5,0.7409021844350789,101,1.1136700520049756,129.12,2,"[494.0, 618.5999755859375]"
1779197703.7714455,202.28638478800002,1.3202184842462947,0.903,0.0,0.3,0.5,0.8986185394056818,101,1.1596894756415448,126.42999999999999,2,"[460.20001220703125, 649.4000244140625]"
1779197703.8214176,202.336356655,1.3486136247320792,0.903,0.0,0.3,0.5,1.0560881976715635,101,1.201106956914457,180.23,2,"[460.20001220703125, 649.4000244140625]"
1779197703.8711038,202.38604283700002,1.370261875175983,0.903,0.0,0.3,0.5,1.2121187834490073,101,1.2409904573994837,172.16,2,"[434.20001220703125, 684.5999755859375]"
1779197703.921094,202.43603302600002,1.3850437474029067,0.903,0.0,0.3,0.5,1.3692010801991117,101,1.2762720155208536,180.23,2,"[434.20001220703125, 684.5999755859375]"
1779197703.97136,202.48629881500003,1.3924800217172444,0.903,0.0,0.3,0.5,1.5267481630159025,101,1.3084856120664519,231.34,2,"[415.6000061035156, 708.0]"
1779197704.021313,202.536251901,1.3923837086636786,0.903,0.0,0.3,0.5,1.6838183112271352,101,1.3314953238847365,234.03,2,"[415.6000061035156, 708.0]"
1779197704.0719712,202.586910246,1.3847608836213756,0.903,0.0,0.3,0.5,1.841820035907979,101,1.35143707412725,234.03,2,"[404.0, 722.0]"
1779197704.12145,202.636388955,1.3700020041796317,0.903,0.0,0.3,0.5,1.9982113864778128,101,1.3621749396424494,255.54999999999998,2,"[404.0, 722.0]"
1779197704.171406,202.68634491900002,1.3483469617741382,0.903,0.0,0.3,0.5,2.1553027058819296,101,1.3652429012182206,242.1,2,"[405.0, 726.4000244140625]"
1779197704.2211032,202.73604238200002,1.3205438425841212,0.903,0.0,0.3,0.5,2.311697502778891,101,1.3652429012182206,247.48,2,"[405.0, 726.4000244140625]"
1779197704.2710624,202.78600157800003,1.287077059486517,0.903,0.0,0.3,0.5,2.468692777412464,101,1.363708920430335,67.25,2,"[398.0, 724.5999755859375]"
1779197704.3210557,202.835994792,1.2488584891241141,0.903,0.0,0.3,0.5,2.625798730355207,101,1.346835131763593,-8.07,2,"[398.0, 724.5999755859375]"
1779197704.3713546,202.88629342800002,1.2067295985597886,0.903,0.0,0.3,0.5,2.7834121290512783,101,1.3222914391574228,-5.38,2,"[400.3999938964844, 712.7999877929688]"
1779197704.421286,202.936225021,1.1620303166638064,0.903,0.0,0.3,0.5,2.9404648037242467,101,1.2931458041875956,-8.07,2,"[400.3999938964844, 712.7999877929688]"
1779197704.4718082,202.98674721400002,1.1153037266659298,0.903,0.0,0.3,0.5,3.0989507106649015,101,1.2578642460662257,-5.38,2,"[405.0, 702.7999877929688]"
1779197704.5214653,203.03640439900002,1.068881141087199,0.903,0.0,0.3,0.5,3.254898462068816,101,1.2195147263690846,-5.38,2,"[405.0, 702.7999877929688]"
1779197704.571593,203.086532182,1.0227435283102808,0.903,0.0,0.3,0.5,3.4122807526429213,101,1.1765632643082868,-5.38,2,"[409.79998779296875, 688.5999755859375]"
1779197704.62114,203.13607911000003,0.9788511849184819,0.903,0.0,0.3,0.5,3.5682383874973382,101,1.1336118022474888,-2.69,2,"[409.79998779296875, 688.5999755859375]"
1779197704.6710284,203.18596729400002,0.9375864836285813,0.903,0.0,0.3,0.5,3.7252353711572894,101,1.0891263593988052,-2.69,2,"[431.20001220703125, 666.0]"
1779197704.721098,203.236036828,0.9001975845255643,0.903,0.0,0.3,0.5,3.8825214850139744,101,1.0446409165501216,-2.69,2,"[431.20001220703125, 666.0]"
1779197704.7714062,203.286345153,0.8676086436323569,0.903,0.0,0.3,0.5,4.040191344413309,101,0.9986214929135524,-2.69,2,"[464.20001220703125, 635.7999877929688]"
1779197704.82117,203.336109017,0.8408736650522612,0.903,0.0,0.3,0.5,4.19681992921074,101,0.9556700308527545,-2.69,2,"[464.20001220703125, 635.7999877929688]"
1779197704.8711526,203.38609186800002,0.8203619949055021,0.903,0.0,0.3,0.5,4.353830142117324,101,0.9157865303677277,-2.69,2,"[504.79998779296875, 611.0]"
1779197704.9211645,203.436103384,0.8066255341587198,0.903,0.0,0.3,0.5,4.511006020629345,101,0.8820389530342436,-5.38,2,"[504.79998779296875, 611.0]"
1779197704.971605,203.48654412500002,0.7999938362959342,0.903,0.0,0.3,0.5,4.669074177428463,101,0.8513593372765309,-21.52,2,"[528.5999755859375, 597.7999877929688]"
1779197705.0215278,203.536466718,0.8006885123835272,0.903,0.0,0.3,0.5,4.826388298583659,101,0.8283496254582462,-37.66,2,"[528.5999755859375, 597.7999877929688]"
1779197705.0713453,203.586284266,0.8085301118372574,0.903,0.0,0.3,0.5,4.982467286879121,101,0.8130098175793898,-29.59,2,"[551.7999877929688, 567.5999755859375]"
1779197705.1214466,203.636385534,0.8234203544585459,0.903,0.0,0.3,0.5,5.139761628566937,101,0.803805932852076,-48.42,2,"[551.7999877929688, 567.5999755859375]"
1779197705.1711876,203.68612672,0.8448259276917645,0.903,0.0,0.3,0.5,5.2963975489832436,101,0.803805932852076,-16.14,2,"[562.2000122070312, 547.0]"
1779197705.2212029,203.73614193900002,0.872335311531004,0.903,0.0,0.3,0.5,5.453533903118121,101,0.8053399136399616,0.0,2,"[562.2000122070312, 547.0]"
1779197705.271216,203.78615511700002,0.9051774806537171,0.903,0.0,0.3,0.5,5.610670263536129,101,0.8160777791551611,0.0,2,"[562.2000122070312, 539.0]"
1779197705.321259,203.836198101,0.9425097560244458,0.903,0.0,0.3,0.5,5.76782472895264,101,0.8329515678219032,0.0,2,"[562.2000122070312, 539.0]"
1779197705.3712633,203.88620241400002,0.9833428281606179,0.903,0.0,0.3,0.5,5.92488670588137,101,0.8544272988523022,0.0,2,"[547.4000244140625, 547.2000122070312]"
1779197705.4216597,203.93659879900002,1.0270465894367693,0.903,0.0,0.3,0.5,6.083363395389149,101,0.8820389530342436,5.38,2,"[547.4000244140625, 547.2000122070312]"
1779197705.4710774,203.986016438,1.071187519746663,0.903,0.0,0.3,0.5,6.2385664950863955,101,0.9127185687919565,10.76,2,"[533.4000244140625, 554.7999877929688]"
1779197705.5210662,204.036005057,1.11607350818709,0.903,0.0,0.3,0.5,0.11246929974491593,102,0.9526020692769832,53.8,2,"[533.4000244140625, 554.7999877929688]"
1779197705.5712004,204.08613938300002,1.1601171626602487,0.903,0.0,0.3,0.5,0.2699225086316659,102,0.9924855697620099,61.87,2,"[506.79998779296875, 592.0]"
1779197705.6211946,204.136133701,1.2019691025443024,0.903,0.0,0.3,0.5,0.4269867192327723,102,1.0354370318228079,91.46,2,"[506.79998779296875, 592.0]"
1779197705.671331,204.18627001500002,1.2406862741616318,0.903,0.0,0.3,0.5,0.5841968756621867,102,1.0768545130957201,91.46,2,"[484.20001220703125, 625.0]"
1779197705.721311,204.23625020100002,1.275199718329627,0.903,0.0,0.3,0.5,0.7413392051063141,102,1.1213399559444037,123.74,2,"[484.20001220703125, 625.0]"
1779197705.7714002,204.286339354,1.3046282006349568,0.903,0.0,0.3,0.5,0.8985672026404785,102,1.162757437217316,131.81,2,"[458.20001220703125, 654.2000122070312]"
1779197705.8217957,204.33673476500002,1.3283579785237594,0.903,0.0,0.3,0.5,1.057324373540368,102,1.1995729761265714,169.47,2,"[458.20001220703125, 654.2000122070312]"
1779197705.8711329,204.386071783,1.3450773728681182,0.903,0.0,0.3,0.5,1.2122082088842348,102,1.2348545342479411,169.47,2,"[432.0, 681.5999755859375]"
1779197705.9211614,204.43610035400002,1.3550655385099426,0.903,0.0,0.3,0.5,1.3693787309807561,102,1.265534150005654,180.23,2,"[432.0, 681.5999755859375]"
1779197705.9711387,204.48607776100002,1.3577087427510877,0.903,0.0,0.3,0.5,1.5263972314088363,102,1.2931458041875956,196.37,2,"[424.0, 692.0]"
1779197706.021212,204.53615109,1.3528702710821694,0.903,0.0,0.3,0.5,1.6835964425294918,102,1.3130875544301088,220.57999999999998,2,"[424.0, 692.0]"
1779197706.0714674,204.586406388,1.340549335389145,0.903,0.0,0.3,0.5,1.8411428593286558,102,1.325359400733194,220.57999999999998,2,"[416.0, 703.0]"
1779197706.1214697,204.63640883500003,1.3210288509067085,0.903,0.0,0.3,0.5,1.9983087035937928,102,1.3299613430968509,223.26999999999998,2,"[416.0, 703.0]"
1779197706.1712904,204.686229606,1.294776304662645,0.903,0.0,0.3,0.5,2.155000550642498,102,1.3299613430968509,212.51,2,"[403.20001220703125, 702.5999755859375]"
1779197706.2214637,204.736402779,1.2621364016528953,0.903,0.0,0.3,0.5,2.312431554752365,102,1.3284273623089653,147.95,2,"[403.20001220703125, 702.5999755859375]"
1779197706.2711365,204.786075715,1.2241904994300112,0.903,0.0,0.3,0.5,2.4688845622196,102,1.3192234775816514,-5.38,2,"[400.79998779296875, 703.4000244140625]"
1779197706.3211398,204.836078821,1.1814241194645645,0.903,0.0,0.3,0.5,2.6259338062733235,102,1.2962137657633668,-5.38,2,"[400.79998779296875, 703.4000244140625]"
1779197706.3711782,204.886117229,1.1349092910271616,0.903,0.0,0.3,0.5,2.783064433284821,102,1.2670681307935396,-8.07,2,"[406.79998779296875, 691.7999877929688]"
1779197706.4212148,204.93615388,1.0856723655222502,0.903,0.0,0.3,0.5,2.9403463908143834,102,1.2348545342479411,-8.07,2,"[406.79998779296875, 691.7999877929688]"
1779197706.4712465,204.98618541300002,1.034943486463998,0.903,0.0,0.3,0.5,3.097425134423119,102,1.1965050145508,-8.07,2,"[403.6000061035156, 693.2000122070312]"
1779197706.5213785,205.036317614,0.9837085182798807,0.903,0.0,0.3,0.5,3.254827528048608,102,1.1520195717021164,-2.69,2,"[403.6000061035156, 693.2000122070312]"
1779197706.57124,205.08617915500002,0.9334482612816359,0.903,0.0,0.3,0.5,3.4115671555799594,102,1.1060001480655473,-2.69,2,"[430.3999938964844, 672.7999877929688]"
1779197706.621649,205.136588194,0.8845992501659233,0.903,0.0,0.3,0.5,3.5699093346566855,102,1.059980724428978,-2.69,2,"[430.3999938964844, 672.7999877929688]"
1779197706.6710522,205.18599112500002,0.8396255559735605,0.903,0.0,0.3,0.5,3.7252764003577425,102,1.0108933392166375,-2.69,2,"[462.3999938964844, 638.5999755859375]"
1779197706.7215536,205.236492477,0.7979455462757198,0.903,0.0,0.3,0.5,3.883154176642037,102,0.9602719732164113,-2.69,2,"[462.3999938964844, 638.5999755859375]"
1779197706.7712333,205.286172381,0.7614782153556039,0.903,0.0,0.3,0.5,4.039940456824283,102,0.9111845880040709,-10.76,2,"[504.6000061035156, 614.5999755859375]"
1779197706.821193,205.336132219,0.7306791809271258,0.903,0.0,0.3,0.5,4.1968988523017146,102,0.863631183579616,-37.66,2,"[504.6000061035156, 614.5999755859375]"
1779197706.8711543,205.386093337,0.7062396616253166,0.903,0.0,0.3,0.5,4.353870037202782,102,0.8176117599430467,-37.66,2,"[547.5999755859375, 577.4000244140625]"
1779197706.921029,205.43596792800003,0.688666971874698,0.903,0.0,0.3,0.5,4.510705558708295,102,0.7792622402459057,-61.87,2,"[547.5999755859375, 577.4000244140625]"
1779197706.9711788,205.48611792000003,0.6782343394183346,0.903,0.0,0.3,0.5,4.668114292067784,102,0.7501166052760785,-72.63,2,"[577.0, 532.0]"
1779197707.0212305,205.536169645,0.6751647463526086,0.903,0.0,0.3,0.5,4.825503506712138,102,0.7240389318820226,-99.53,2,"[577.0, 532.0]"
1779197707.071045,205.58598416700002,0.6793724403370535,0.903,0.0,0.3,0.5,4.981951742100122,102,0.7040971816395093,-115.67,2,"[591.2000122070312, 503.79998779296875]"
1779197707.1213214,205.63626052400002,0.6907089921238574,0.903,0.0,0.3,0.5,5.139539417435557,102,0.6902913545485385,-96.84,2,"[591.2000122070312, 503.79998779296875]"
1779197707.1714292,205.68636820700002,0.7087390179923316,0.903,0.0,0.3,0.5,5.296870135624644,102,0.684155431396996,-131.81,2,"[603.0, 482.79998779296875]"
1779197707.2212303,205.736169323,0.7328097927064638,0.903,0.0,0.3,0.5,5.45359380386536,102,0.684155431396996,-78.01,2,"[603.0, 482.79998779296875]"
1779197707.2712708,205.786209942,0.7623499557985987,0.903,0.0,0.3,0.5,5.610696225657975,102,0.6872233929727672,-78.01,2,"[607.7999877929688, 480.20001220703125]"
1779197707.3212347,205.836173932,0.796462108387863,0.903,0.0,0.3,0.5,5.767791016521969,102,0.7025632008516236,2.69,2,"[607.7999877929688, 480.20001220703125]"
1779197707.371206,205.886144972,0.8341559408888787,0.903,0.0,0.3,0.5,5.924750316778031,102,0.7209709703062513,2.69,2,"[591.4000244140625, 480.0]"
1779197707.421431,205.93637012500002,0.874659019584134,0.903,0.0,0.3,0.5,6.082642453282332,102,0.7439806821245359,2.69,2,"[591.4000244140625, 480.0]"
1779197707.4710147,205.98595393000002,0.9160910419597522,0.903,0.0,0.3,0.5,6.238528079691477,102,0.7731263170943632,2.69,2,"[582.4000244140625, 500.6000061035156]"
1779197707.5212533,206.03619224300002,0.9582637517547632,0.903,0.0,0.3,0.5,0.11285200227879244,103,0.8084078752157329,2.69,2,"[582.4000244140625, 500.6000061035156]"
1779197707.5710568,206.08599582300002,0.9993774501365453,0.903,0.0,0.3,0.5,0.2695489512739968,103,0.8482913757007595,2.69,2,"[568.4000244140625, 529.2000122070312]"
1779197707.6212049,206.13614386900002,1.038672539561833,0.903,0.0,0.3,0.5,0.42686510189795257,103,0.8866408953979006,24.21,2,"[568.4000244140625, 529.2000122070312]"
1779197707.6720195,206.18695854100002,1.075365405903466,0.903,0.0,0.3,0.5,0.5863482760105043,103,0.9280583766708129,24.21,2,"[549.0, 568.7999877929688]"
1779197707.721538,206.236477298,1.1070226586337002,0.903,0.0,0.3,0.5,0.7414972115088503,103,0.9710098387316108,29.59,2,"[549.0, 568.7999877929688]"
1779197707.7714174,206.28635641000002,1.1341176974337266,0.903,0.0,0.3,0.5,0.8986206159987304,103,1.0062913968529805,56.49,2,"[503.20001220703125, 600.2000122070312]"
1779197707.821343,206.33628198800002,1.155440180898193,0.903,0.0,0.3,0.5,1.0558171096417581,103,1.0415729549743504,110.28999999999999,2,"[503.20001220703125, 600.2000122070312]"
1779197707.8718808,206.38681976100003,1.170422524450231,0.903,0.0,0.3,0.5,1.2142864541059097,103,1.0737865515199487,121.05,2,"[484.6000061035156, 616.7999877929688]"
1779197707.921106,206.436045228,1.178271239049552,0.903,0.0,0.3,0.5,1.369245621699939,103,1.1013982057018903,131.81,2,"[484.6000061035156, 616.7999877929688]"
1779197707.9711277,206.48606662,1.1790487961272387,0.903,0.0,0.3,0.5,1.5263485807049264,103,1.1259418983080607,126.42999999999999,2,"[461.3999938964844, 644.4000244140625]"
1779197708.0211627,206.536102032,1.1724496453262434,0.903,0.0,0.3,0.5,1.6836008250512222,103,1.145883648550574,142.57,2,"[461.3999938964844, 644.4000244140625]"
1779197708.071102,206.58604077,1.1585495321587567,0.903,0.0,0.3,0.5,1.8405207957088905,103,1.1566215140657734,142.57,2,"[442.79998779296875, 668.7999877929688]"
1779197708.1211812,206.636120406,1.137515844088104,0.903,0.0,0.3,0.5,1.9977574954546853,103,1.158155494853659,142.57,2,"[442.79998779296875, 668.7999877929688]"
1779197708.1712062,206.686145218,1.1098001099220538,0.903,0.0,0.3,0.5,2.154837423443915,103,1.158155494853659,131.81,2,"[425.20001220703125, 676.2000122070312]"
1779197708.2211804,206.73611971600002,1.075910692004893,0.903,0.0,0.3,0.5,2.312082514383711,103,1.1535535524900022,40.35,2,"[425.20001220703125, 676.2000122070312]"
1779197708.2709527,206.785891851,1.0368134308777281,0.903,0.0,0.3,0.5,2.468492720792561,103,1.1382137446111458,-2.69,2,"[438.6000061035156, 652.0]"
1779197708.3211432,206.83608213600002,0.992855008535966,0.903,0.0,0.3,0.5,2.626029426928845,103,1.1121360712170898,-5.38,2,"[438.6000061035156, 652.0]"
1779197708.3710165,206.885955646,0.9455185195254395,0.903,0.0,0.3,0.5,2.78276884397345,103,1.0845244170351482,-2.69,2,"[449.6000061035156, 645.2000122070312]"
1779197708.4211538,206.93609286,0.8954098453312873,0.903,0.0,0.3,0.5,2.940214321400582,103,1.0492428589137786,-2.69,2,"[449.6000061035156, 645.2000122070312]"
1779197708.4711769,206.986115939,0.8439723461472172,0.903,0.0,0.3,0.5,3.097317798768323,103,1.009359358428752,-2.69,2,"[453.79998779296875, 638.0]"
1779197708.5211828,207.036121806,0.7922594881948344,0.903,0.0,0.3,0.5,3.2544029386596875,103,0.9648739155800683,-2.69,2,"[453.79998779296875, 638.0]"
1779197708.5711372,207.08607613100003,0.741465878201202,0.903,0.0,0.3,0.5,3.411365550154379,103,0.9219224535192704,-8.07,2,"[490.6000061035156, 608.5999755859375]"
1779197708.6212094,207.136148482,0.6925552973437457,0.903,0.0,0.3,0.5,3.568772684443239,103,0.8743690490948155,-59.18,2,"[490.6000061035156, 608.5999755859375]"
1779197708.670979,207.185917936,0.6470572094174365,0.903,0.0,0.3,0.5,3.7251588890843195,103,0.8222137023067037,-32.28,2,"[527.4000244140625, 576.0]"
1779197708.721104,207.23604296800002,0.6054013347065731,0.903,0.0,0.3,0.5,3.882542725322047,103,0.7715923363064775,-91.46,2,"[527.4000244140625, 576.0]"
1779197708.7711806,207.28611974100002,0.5688341497332892,0.903,0.0,0.3,0.5,4.039819618604234,103,0.722504951094137,-112.98,2,"[564.2000122070312, 536.0]"
1779197708.8211496,207.336088584,0.5381698313997224,0.903,0.0,0.3,0.5,4.196827770626065,103,0.6764855274575677,-134.5,2,"[564.2000122070312, 536.0]"
1779197708.871058,207.38599720300002,0.5140137544131267,0.903,0.0,0.3,0.5,4.353671406865452,103,0.6350680461846554,-134.5,2,"[612.5999755859375, 484.6000061035156]"
1779197708.9209988,207.435937714,0.4968076068567563,0.903,0.0,0.3,0.5,4.51067904680766,103,0.5967185264875144,-158.71,2,"[612.5999755859375, 484.6000061035156]"
1779197708.9711778,207.48611702000002,0.4868865792255223,0.903,0.0,0.3,0.5,4.668101741404904,103,0.5675728915176872,-174.85,2,"[641.4000244140625, 450.3999938964844]"
1779197709.0214624,207.53640155000002,0.48445682602024637,0.903,0.0,0.3,0.5,4.826174092230154,103,0.5399612373357456,-207.13,2,"[641.4000244140625, 450.3999938964844]"
1779197709.0711205,207.58605945600002,0.48941973246667936,0.903,0.0,0.3,0.5,4.982136059340824,103,0.5184855063053467,-188.29999999999998,2,"[650.0, 427.3999938964844]"
1779197709.1210203,207.63595939,0.5015693225142713,0.903,0.0,0.3,0.5,5.139003766463098,103,0.504679679214376,-209.82,2,"[650.0, 427.3999938964844]"
1779197709.1711698,207.686108834,0.5205846568350225,0.903,0.0,0.3,0.5,5.296424076591585,103,0.500077736850719,-217.89,2,"[657.7999877929688, 412.0]"
1779197709.2213535,207.73629269600002,0.5458918930791791,0.903,0.0,0.3,0.5,5.453949391312868,103,0.500077736850719,-134.5,2,"[657.7999877929688, 412.0]"
1779197709.2712214,207.786160321,0.5765949847897653,0.903,0.0,0.3,0.5,5.610678607606211,103,0.5016117176386047,-134.5,2,"[659.2000122070312, 403.0]"
1779197709.321237,207.836176185,0.6120806281096502,0.903,0.0,0.3,0.5,5.7678836966467415,103,0.5154175447295755,-69.94,2,"[659.2000122070312, 403.0]"
1779197709.3710802,207.886019105,0.6511545239265185,0.903,0.0,0.3,0.5,5.924516321532302,103,0.5368932757599744,-67.25,2,"[649.4000244140625, 405.79998779296875]"
1779197709.4213264,207.936265469,0.6932292494541795,0.903,0.0,0.3,0.5,6.082360529899084,103,0.5629709491540303,-56.49,2,"[649.4000244140625, 405.79998779296875]"
1779197709.470981,207.98591994900002,0.7363925903938603,0.903,0.0,0.3,0.5,6.238431815009299,103,0.5936505649117432,-40.35,2,"[631.4000244140625, 418.20001220703125]"
1779197709.5210602,208.03599916000002,0.7803037307864976,0.903,0.0,0.3,0.5,0.11248980492013061,104,0.6289321230331129,-45.73,2,"[631.4000244140625, 418.20001220703125]"
1779197709.571261,208.086200171,0.8235930449167724,0.903,0.0,0.3,0.5,0.270141279719212,104,0.6703496043060252,5.38,2,"[614.0, 442.0]"
1779197709.6214507,208.136389557,0.8648927696033714,0.903,0.0,0.3,0.5,0.42737853238526213,104,0.7117670855789375,2.69,2,"[614.0, 442.0]"
1779197709.6711628,208.186101806,0.9030899689576981,0.903,0.0,0.3,0.5,0.5840241257653247,104,0.7547185476397354,2.69,2,"[588.2000122070312, 491.0]"
1779197709.7212079,208.236146968,0.9374463101145507,0.903,0.0,0.3,0.5,0.741189021269463,104,0.8007379712763046,2.69,2,"[588.2000122070312, 491.0]"
1779197709.7711432,208.28608244900002,0.9668757202089473,0.903,0.0,0.3,0.5,0.8981167548025155,104,0.8406214717613314,2.69,2,"[568.7999877929688, 539.7999877929688]"
1779197709.8218374,208.33677652100002,0.990931789103533,0.903,0.0,0.3,0.5,1.0572130889036657,104,0.8743690490948155,16.14,2,"[568.7999877929688, 539.7999877929688]"
1779197709.8709853,208.385924286,1.0081066048974907,0.903,0.0,0.3,0.5,1.211910737758842,104,0.9096506072161852,16.14,2,"[543.0, 578.4000244140625]"
1779197709.9210923,208.43603129000002,1.0187970645690658,0.903,0.0,0.3,0.5,1.3691478647612598,104,0.9418642037617837,48.42,2,"[543.0, 578.4000244140625]"
1779197709.9711504,208.486089646,1.0223483841991692,0.903,0.0,0.3,0.5,1.5265062698064753,104,0.9679418771558396,56.49,2,"[523.4000244140625, 603.4000244140625]"
1779197710.0212038,208.536142833,1.0186169801148894,0.903,0.0,0.3,0.5,1.6836756546464926,104,0.9894176081862386,75.32,2,"[523.4000244140625, 603.4000244140625]"
1779197710.0712073,208.58614640000002,1.007667451883213,0.903,0.0,0.3,0.5,1.8406843124647025,104,1.0032234352772094,75.32,2,"[499.20001220703125, 613.7999877929688]"
1779197710.121112,208.636051301,0.9897293393151353,0.903,0.0,0.3,0.5,1.9976327679428891,104,1.0108933392166375,78.01,2,"[499.20001220703125, 613.7999877929688]"
1779197710.1714551,208.68639409000002,0.9650816785382845,0.903,0.0,0.3,0.5,2.155227995667076,104,1.0108933392166375,86.08,2,"[490.6000061035156, 622.5999755859375]"
1779197710.2212913,208.73623041500002,0.9344449093006563,0.903,0.0,0.3,0.5,2.3123877735167184,104,1.0062913968529805,-2.69,2,"[490.6000061035156, 622.5999755859375]"
1779197710.2712302,208.78616946900001,0.8986112787540637,0.903,0.0,0.3,0.5,2.468990983670267,104,0.9909515889741242,-2.69,2,"[482.3999938964844, 622.5999755859375]"
1779197710.3211288,208.83606791000003,0.8582226414629257,0.903,0.0,0.3,0.5,2.6259676160929644,104,0.9710098387316108,-2.69,2,"[482.3999938964844, 622.5999755859375]"
1779197710.3711398,208.886078894,0.8142923928013888,0.903,0.0,0.3,0.5,2.783032784879822,104,0.9433981845496693,-2.69,2,"[489.6000061035156, 612.4000244140625]"
1779197710.4211655,208.936104418,0.7678519100862495,0.903,0.0,0.3,0.5,2.940233940646351,104,0.9111845880040709,-2.69,2,"[489.6000061035156, 612.4000244140625]"
1779197710.4712029,208.986141938,0.720081518237103,0.903,0.0,0.3,0.5,3.097349038765344,104,0.8759030298827011,-2.69,2,"[514.5999755859375, 599.2000122070312]"
1779197710.521159,209.03609798500003,0.6721527779102915,0.903,0.0,0.3,0.5,3.254317367958663,104,0.8360195293976744,-34.97,2,"[514.5999755859375, 599.2000122070312]"
1779197710.5710826,209.086021718,0.625175600385457,0.903,0.0,0.3,0.5,3.411294254850361,104,0.7930680673368765,-37.66,2,"[541.0, 567.5999755859375]"
1779197710.621173,209.136111814,0.5801868619679917,0.903,0.0,0.3,0.5,3.5686396285692012,104,0.7501166052760785,-86.08,2,"[541.0, 567.5999755859375]"
1779197710.6710634,209.186002567,0.5385644449052326,0.903,0.0,0.3,0.5,3.725311658451403,104,0.7071651432152806,-115.67,2,"[575.7999877929688, 538.5999755859375]"
1779197710.7210717,209.236010711,0.5010075487083416,0.903,0.0,0.3,0.5,3.8824742982920384,104,0.6596117387908257,-150.64,2,"[575.7999877929688, 538.5999755859375]"
1779197710.7711954,209.28613466500002,0.46853261709571503,0.903,0.0,0.3,0.5,4.039823891169874,104,0.6151262959421421,-161.4,2,"[610.7999877929688, 471.0]"
1779197710.821361,209.336300061,0.4419798041823276,0.903,0.0,0.3,0.5,4.197191350285095,104,0.5721748338813442,-182.92,2,"[610.7999877929688, 471.0]"
1779197710.8710785,209.38601750400002,0.42209333152077966,0.903,0.0,0.3,0.5,4.353721612657239,104,0.5322913333963175,-182.92,2,"[633.4000244140625, 435.0]"
1779197710.921049,209.435988172,0.4091708556191837,0.903,0.0,0.3,0.5,4.510761730384331,104,0.4970097752749477,-193.68,2,"[633.4000244140625, 435.0]"
1779197710.9710257,209.485964738,0.40360838918793923,0.903,0.0,0.3,0.5,4.66779398156342,104,0.47093210188089185,-228.65,2,"[661.5999755859375, 425.6000061035156]"
1779197711.020857,209.535796311,0.4055336126234809,0.903,0.0,0.3,0.5,4.82445118312836,104,0.44945637085049284,-236.72,2,"[661.5999755859375, 425.6000061035156]"
1779197711.0711398,209.586078667,0.41497646090612583,0.903,0.0,0.3,0.5,4.982203170042737,104,0.4325825821837508,-258.24,2,"[649.4000244140625, 409.3999938964844]"
1779197711.1211917,209.636130919,0.4316547760113636,0.903,0.0,0.3,0.5,5.139395523066639,104,0.42644665903220824,-266.31,2,"[649.4000244140625, 409.3999938964844]"
1779197711.1714327,209.68637195300002,0.45523344941371613,0.903,0.0,0.3,0.5,5.296831855317635,104,0.42644665903220824,-231.34,2,"[650.2000122070312, 385.6000061035156]"
1779197711.2211378,209.73607686000003,0.4849430581083417,0.903,0.0,0.3,0.5,5.453388692422038,104,0.4279806398200939,-137.19,2,"[650.2000122070312, 385.6000061035156]"
1779197711.2711453,209.78608433500003,0.520313124960518,0.903,0.0,0.3,0.5,5.61045597550077,104,0.43104860139586515,-137.19,2,"[653.2000122070312, 387.3999938964844]"
1779197711.3210714,209.836010614,0.5603875778524252,0.903,0.0,0.3,0.5,5.767443063143844,104,0.44945637085049284,-86.08,2,"[653.2000122070312, 387.3999938964844]"
1779197711.371273,209.88621210800002,0.6043534583347477,0.903,0.0,0.3,0.5,5.924879140925839,104,0.4740000634566631,-64.56,2,"[651.0, 379.0]"
1779197711.4212852,209.936224189,0.6510503056333674,0.903,0.0,0.3,0.5,6.082334866228223,104,0.5031456984264903,-69.94,2,"[651.0, 379.0]"
1779197711.4709904,209.985929644,0.6989301858579391,0.903,0.0,0.3,0.5,6.238434149212196,104,0.5414952181236313,-56.49,2,"[650.5999755859375, 398.20001220703125]"
1779197711.5212083,210.03614720800002,0.7477313513589845,0.903,0.0,0.3,0.5,0.1128908386466847,105,0.581378718608658,-43.04,2,"[650.5999755859375, 398.20001220703125]"
1779197711.5710788,210.08601789600002,0.7955312154528131,0.903,0.0,0.3,0.5,0.26958896259751697,105,0.6258641614573416,-40.35,2,"[617.4000244140625, 435.3999938964844]"
1779197711.6213992,210.136338273,0.841778120419201,0.903,0.0,0.3,0.5,0.42729455447162223,105,0.6718835850939109,5.38,2,"[617.4000244140625, 435.3999938964844]"
1779197711.6710937,210.186032611,0.8847545649797313,0.903,0.0,0.3,0.5,0.583847794452403,105,0.7194369895183657,5.38,2,"[594.2000122070312, 456.20001220703125]"
1779197711.7211652,210.23610411700002,0.9239654473234606,0.903,0.0,0.3,0.5,0.7410996649490826,105,0.7669903939428205,2.69,2,"[594.2000122070312, 456.20001220703125]"
1779197711.7710314,210.285970568,0.9581988749536892,0.903,0.0,0.3,0.5,0.8978815060609477,105,0.8114758367915041,2.69,2,"[568.2000122070312, 523.5999755859375]"
1779197711.821093,210.33603217,0.9868719700262589,0.903,0.0,0.3,0.5,1.0551646385461382,105,0.8544272988523022,5.38,2,"[568.2000122070312, 523.5999755859375]"
1779197711.8709648,210.38590384100002,1.0091430668266952,0.903,0.0,0.3,0.5,1.211860478559096,105,0.8927768185494431,13.45,2,"[584.4000244140625, 572.5999755859375]"
1779197711.9209743,210.435913352,1.0246711566875817,0.903,0.0,0.3,0.5,1.3689448267692015,105,0.9311263382465842,37.66,2,"[584.4000244140625, 572.5999755859375]"
1779197711.9710743,210.486013473,1.0330793849291044,0.903,0.0,0.3,0.5,1.5263190748661728,105,0.961805954004297,45.73,2,"[510.20001220703125, 618.4000244140625]"
1779197712.0211537,210.536092735,1.0341892816361378,0.903,0.0,0.3,0.5,1.6836023424398618,105,0.9863496466104673,69.94,2,"[510.20001220703125, 618.4000244140625]"
1779197712.071415,210.586354064,1.028036616902043,0.903,0.0,0.3,0.5,1.8410346503106112,105,1.0062913968529805,69.94,2,"[489.3999938964844, 638.5999755859375]"
1779197712.121131,210.636070025,1.0149225990189923,0.903,0.0,0.3,0.5,1.9976565655067944,105,1.01702926236818,83.39,2,"[489.3999938964844, 638.5999755859375]"
