mode,t_ros_sec,t_rel_sec,tail_target_rad,tail_bias_rad,tail_bias_offset_rad,tail_amp_rad,tail_freq_hz,phase_rad,cycle_idx,present_position_rad,present_current_ma,sensor_len,sensor_values
std,1788868276.669914,0.021489781000000003,0.9377421868315011,0.903,0.0,0.519,0.5,0.06699072484254458,0,0.5553010452146021,5.38,2,"[638.25, 380.25]"
std,1788868276.7197282,0.07130415100000001,1.0181593450745816,0.903,0.0,0.519,0.5,0.22374927104487408,0,0.6335340653967698,5.38,2,"[638.25, 380.25]"
std,1788868276.7696934,0.121269179,1.095878394655369,0.903,0.0,0.519,0.5,0.380769182048019,0,0.7163690279425944,2.69,2,"[612.0, 460.6666564941406]"
std,1788868276.819696,0.17127182900000001,1.168865210973983,0.903,0.0,0.519,0.5,0.5378193120308988,0,0.8176117599430467,2.69,2,"[612.0, 460.6666564941406]"
std,1788868276.8696876,0.221263645,1.2353319645737386,0.903,0.0,0.519,0.5,0.6949295626723904,0,0.9265243958829272,5.38,2,"[538.25, 604.75]"
std,1788868276.9198391,0.27141502700000003,1.2937151747023852,0.903,0.0,0.519,0.5,0.8523405548370174,0,1.01702926236818,88.77,2,"[538.25, 604.75]"
std,1788868276.9698694,0.321445227,1.3423636968909198,0.903,0.0,0.519,0.5,1.0094856740153713,0,1.0952622825503477,115.67,2,"[461.5, 669.3333129882812]"
std,1788868277.0199568,0.371532819,1.3802306444185815,0.903,0.0,0.519,0.5,1.1668563406966967,0,1.167359379580973,102.22,2,"[461.5, 669.3333129882812]"
std,1788868277.0699112,0.421487002,1.406237151370266,0.903,0.0,0.519,0.5,1.3237069764044809,0,1.2287186110963986,134.5,2,"[421.5, 703.75]"
std,1788868277.1196814,0.471257191,1.4198761382051668,0.903,0.0,0.519,0.5,1.4802975604971789,0,1.2946797849754812,134.5,2,"[421.5, 703.75]"
std,1788868277.1697142,0.521290193,1.420847671116744,0.903,0.0,0.519,0.5,1.6374462925070843,0,1.3345632854605078,166.78,2,"[327.0, 727.7999877929688]"
std,1788868277.2196703,0.571246287,1.4090702702785844,0.903,0.0,0.519,0.5,1.7944787258985464,0,1.3652429012182206,199.06,2,"[327.0, 727.7999877929688]"
std,1788868277.2698398,0.621415683,1.3847657961544528,0.903,0.0,0.519,0.5,1.9518916627090261,0,1.3867186322486196,225.96,2,"[389.1666564941406, 632.8333129882812]"
std,1788868277.319889,0.6714648910000001,1.3486113798903494,0.903,0.0,0.519,0.5,2.1090677799820927,0,1.394388536188048,215.2,2,"[389.1666564941406, 632.8333129882812]"
std,1788868277.369961,0.721536943,1.3014077178729573,0.903,0.0,0.519,0.5,2.2664344065752657,0,1.394388536188048,88.77,2,"[385.0, 746.25]"
std,1788868277.4199317,0.771507563,1.2445058160087048,0.903,0.0,0.519,0.5,2.423423200103177,0,1.3882526130365052,-5.38,2,"[385.0, 746.25]"
std,1788868277.4699347,0.821510509,1.1791626723763349,0.903,0.0,0.519,0.5,2.580507435215904,0,1.363708920430335,-8.07,2,"[382.8333435058594, 739.8333129882812]"
std,1788868277.5196795,0.871255608,1.1073340023225224,0.903,0.0,0.519,0.5,2.7369316845439653,0,1.3161555160058802,-8.07,2,"[382.8333435058594, 739.8333129882812]"
std,1788868277.5696833,0.9212592860000001,1.030173855375185,0.903,0.0,0.519,0.5,2.8940354886373316,0,1.2686021115814252,-2.69,2,"[396.25, 722.75]"
std,1788868277.6198585,0.9714345620000001,0.949690534543058,0.903,0.0,0.519,0.5,3.0515083670356415,0,1.2118448224296565,-2.69,2,"[396.25, 722.75]"
std,1788868277.6697612,1.0213370860000002,0.8683780091355126,0.903,0.0,0.519,0.5,3.2083512681423128,0,1.1504855909142309,-2.69,2,"[401.0, 684.6666870117188]"
std,1788868277.7198834,1.0714593410000002,0.7876636997859854,0.903,0.0,0.519,0.5,3.3656916090297533,0,1.081456455459377,-5.38,2,"[401.0, 684.6666870117188]"
std,1788868277.7699158,1.1214915600000002,0.7098444800695016,0.903,0.0,0.519,0.5,3.5229370549694994,0,1.0062913968529805,-16.14,2,"[452.25, 650.25]"
std,1788868277.8198647,1.1714407260000002,0.6369502779289673,0.903,0.0,0.519,0.5,3.679825967842175,0,0.9311263382465842,-40.35,2,"[452.25, 650.25]"
std,1788868277.869963,1.2215387560000002,0.5703847620909706,0.903,0.0,0.519,0.5,3.8372330204496143,0,0.8559612796401878,-110.28999999999999,2,"[535.75, 591.25]"
std,1788868277.9196844,1.2712603020000002,0.5124098873874989,0.903,0.0,0.519,0.5,3.993567197174704,0,0.7562525284276211,-110.28999999999999,2,"[535.75, 591.25]"
std,1788868277.9697583,1.32133435,0.4636734359165333,0.903,0.0,0.519,0.5,4.150943930271444,0,0.6856894121848816,-110.28999999999999,2,"[604.1666870117188, 494.1666564941406]"
std,1788868278.0196893,1.371265288,0.42591082446874023,0.903,0.0,0.519,0.5,4.307756046911702,0,0.6212622190936846,-142.57,2,"[604.1666870117188, 494.1666564941406]"
std,1788868278.0698643,1.421440229,0.39977264358510667,0.903,0.0,0.519,0.5,4.465222478761888,0,0.5614369683661447,-156.02,2,"[641.5, 411.0]"
std,1788868278.1198401,1.471415992,0.38610614951458744,0.903,0.0,0.519,0.5,4.622268625205283,0,0.5092816215780329,-185.60999999999999,2,"[641.5, 411.0]"
std,1788868278.1700184,1.521594466,0.3851790671833424,0.903,0.0,0.519,0.5,4.779808064527145,0,0.4678641403051206,-188.29999999999998,2,"[663.1666870117188, 371.6666564941406]"
std,1788868278.2198677,1.5714436820000002,0.39697484255812465,0.903,0.0,0.519,0.5,4.936462900472794,0,0.4325825821837508,-196.37,2,"[663.1666870117188, 371.6666564941406]"
std,1788868278.2698622,1.621438114,0.421247133599492,0.903,0.0,0.519,0.5,5.093551291912601,0,0.4111068511533518,-207.13,2,"[682.0, 355.75]"
std,1788868278.3196778,1.671253651,0.4572645405950697,0.903,0.0,0.519,0.5,5.250193903921235,0,0.401902966426038,-207.13,2,"[682.0, 355.75]"
std,1788868278.3696816,1.72125736,0.5043630159526598,0.903,0.0,0.519,0.5,5.407337490002374,0,0.40343694721392365,-61.87,2,"[538.7999877929688, 363.79998779296875]"
std,1788868278.4196727,1.771248578,0.5612524353786299,0.903,0.0,0.519,0.5,5.564397107595068,0,0.4111068511533518,5.38,2,"[538.7999877929688, 363.79998779296875]"
std,1788868278.4698954,1.8214712050000001,0.6267591889363631,0.903,0.0,0.519,0.5,5.721922258953541,0,0.43718452454740775,8.07,2,"[662.3333129882812, 350.0]"
std,1788868278.5198696,1.871445497,0.6988555627737945,0.903,0.0,0.519,0.5,5.87892164593188,0,0.4770680250324344,8.07,2,"[662.3333129882812, 350.0]"
std,1788868278.569952,1.921527986,0.7761734784488328,0.903,0.0,0.519,0.5,6.036318362699489,0,0.521553467881118,2.69,2,"[645.25, 360.25]"
std,1788868278.6198301,1.9714059680000002,0.8562560061107969,0.903,0.0,0.519,0.5,6.192997596253686,0,0.5767767762450011,2.69,2,"[645.25, 360.25]"
std,1788868278.6699445,2.021520352,0.9378854001684042,0.903,0.0,0.519,0.5,0.06726728866861809,1,0.641203969336198,2.69,2,"[607.8333129882812, 427.0]"
std,1788868278.719724,2.071299735,1.0181547599642182,0.903,0.0,0.519,0.5,0.22374021069166083,1,0.7301748550335652,2.69,2,"[607.8333129882812, 427.0]"
std,1788868278.7697356,2.121311421,1.0959537568691142,0.903,0.0,0.519,0.5,0.3809255956630553,1,0.8022719520641903,2.69,2,"[581.5, 529.75]"
std,1788868278.8196871,2.171262845,1.1688943395971685,0.903,0.0,0.519,0.5,0.5378846634412779,1,0.8774370106705868,13.45,2,"[581.5, 529.75]"
std,1788868278.8698618,2.2214377770000002,1.2354843893490357,0.903,0.0,0.519,0.5,0.6953119824629255,1,0.9510680884890975,56.49,2,"[432.79998779296875, 612.0]"
std,1788868278.9199674,2.271543249,1.293840127593365,0.903,0.0,0.519,0.5,0.8527063995847124,1,1.0246991663076084,96.84,2,"[432.79998779296875, 612.0]"
std,1788868278.9699516,2.321527578,1.3424418564216463,0.903,0.0,0.519,0.5,1.0097686561152353,1,1.0967962633382335,102.22,2,"[460.1666564941406, 548.1666870117188]"
std,1788868279.0199432,2.3715193080000003,1.380224775926314,0.903,0.0,0.519,0.5,1.1668275731327675,1,1.1658253987930873,137.19,2,"[460.1666564941406, 548.1666870117188]"
std,1788868279.0699434,2.421519282,1.4062621556328518,0.903,0.0,0.519,0.5,1.3239040328036769,1,1.2256506495206272,131.81,2,"[414.0, 707.5]"
std,1788868279.1197755,2.471351401,1.4198900098428506,0.903,0.0,0.519,0.5,1.480593784410078,1,1.2946797849754812,131.81,2,"[414.0, 707.5]"
std,1788868279.169605,2.5211809090000004,1.4208573789877446,0.903,0.0,0.519,0.5,1.6371648466460265,1,1.3345632854605078,169.47,2,"[397.6666564941406, 726.8333129882812]"
std,1788868279.219839,2.57141507,1.4090335581952367,0.903,0.0,0.519,0.5,1.7947973902077692,1,1.3652429012182206,193.68,2,"[397.6666564941406, 726.8333129882812]"
std,1788868279.2700846,2.621660539,1.3846234573054768,0.903,0.0,0.519,0.5,1.9526283567615135,1,1.3867186322486196,228.65,2,"[394.5, 741.25]"
std,1788868279.3197598,2.671335715,1.348686339190551,0.903,0.0,0.519,0.5,2.1087859822626562,1,1.394388536188048,215.2,2,"[394.5, 741.25]"
std,1788868279.3705323,2.722108231,1.3008129492390343,0.903,0.0,0.519,0.5,2.268220659609428,1,1.394388536188048,102.22,2,"[380.1666564941406, 753.1666870117188]"
std,1788868279.4199517,2.7715275530000003,1.2444900191745851,0.903,0.0,0.519,0.5,2.4234636198342567,1,1.3882526130365052,-5.38,2,"[380.1666564941406, 753.1666870117188]"
std,1788868279.4699569,2.8215328140000002,1.1791380894273311,0.903,0.0,0.519,0.5,2.5805633775562846,1,1.3621749396424494,-8.07,2,"[383.5, 736.5]"
std,1788868279.5197592,2.871335043,1.1072103787842718,0.903,0.0,0.519,0.5,2.737190793681254,1,1.3146215352179944,-8.07,2,"[383.5, 736.5]"
std,1788868279.5697293,2.921305315,1.030096039988575,0.903,0.0,0.519,0.5,2.8941901335357034,1,1.2686021115814252,-2.69,2,"[379.0, 720.75]"
std,1788868279.6198246,2.9714007110000002,0.9497348239442255,0.903,0.0,0.519,0.5,3.0514226832376075,1,1.2118448224296565,-2.69,2,"[379.0, 720.75]"
std,1788868279.6699293,3.0215053590000003,0.8681936838224452,0.903,0.0,0.519,0.5,3.208707220014743,1,1.1504855909142309,-2.69,2,"[396.5, 689.8333129882812]"
std,1788868279.719916,3.07149208,0.7875825812481413,0.903,0.0,0.519,0.5,3.365851918219681,1,1.081456455459377,-13.45,2,"[396.5, 689.8333129882812]"
std,1788868279.7699466,3.1215224540000004,0.7097976651655239,0.903,0.0,0.519,0.5,3.523034240138239,1,1.0062913968529805,-18.83,2,"[452.25, 637.0]"
std,1788868279.8199463,3.171522199,0.6368213582290456,0.903,0.0,0.519,0.5,3.680115295959201,1,0.9341942998223555,-26.9,2,"[452.25, 637.0]"
std,1788868279.8699558,3.221531569,0.5703899013211527,0.903,0.0,0.519,0.5,3.83722012107018,1,0.8559612796401878,-107.6,2,"[534.6666870117188, 592.1666870117188]"
std,1788868279.9196782,3.271254147,0.5123983778360671,0.903,0.0,0.519,0.5,3.9936008750479512,1,0.7562525284276211,-107.6,2,"[534.6666870117188, 592.1666870117188]"
std,1788868279.9696133,3.321189234,0.46379841160035135,0.903,0.0,0.519,0.5,4.150491807964704,1,0.684155431396996,-118.36,2,"[601.0, 495.5]"
std,1788868280.0196848,3.3712605520000003,0.42590237950087473,0.903,0.0,0.519,0.5,4.307797380846248,1,0.6212622190936846,-150.64,2,"[601.0, 495.5]"
std,1788868280.0698721,3.4214481770000003,0.39976959445554394,0.903,0.0,0.519,0.5,4.465246493096133,1,0.5614369683661447,-147.95,2,"[507.3999938964844, 423.6000061035156]"
std,1788868280.1201212,3.4716971200000004,0.3860602405328438,0.903,0.0,0.519,0.5,4.623256897997473,1,0.5077476407901472,-180.23,2,"[507.3999938964844, 423.6000061035156]"
std,1788868280.1698768,3.5214527660000003,0.3851652138524988,0.903,0.0,0.519,0.5,4.779410678189208,1,0.4663301595172349,-188.29999999999998,2,"[653.5, 319.5]"
std,1788868280.2198315,3.5714073,0.3969662690435394,0.903,0.0,0.519,0.5,4.93638854525787,1,0.4325825821837508,-193.68,2,"[653.5, 319.5]"
std,1788868280.2699516,3.621527431,0.42130247895993983,0.903,0.0,0.519,0.5,5.0938378522865,1,0.4111068511533518,-204.44,2,"[671.25, 360.75]"
std,1788868280.319679,3.671255028,0.45727728489460084,0.903,0.0,0.519,0.5,5.250241838341946,1,0.401902966426038,-204.44,2,"[671.25, 360.75]"
std,1788868280.369833,3.7214089360000004,0.5045261255348616,0.903,0.0,0.519,0.5,5.407828137659829,1,0.401902966426038,-48.42,2,"[676.5, 353.6666564941406]"
std,1788868280.4196622,3.7712379940000003,0.5612379471131486,0.903,0.0,0.519,0.5,5.5643600148106085,1,0.4111068511533518,-59.18,2,"[676.5, 353.6666564941406]"
std,1788868280.4698334,3.8214092070000003,0.6267048938705266,0.903,0.0,0.519,0.5,5.7217986812649215,1,0.43718452454740775,-61.87,2,"[656.0, 346.75]"
std,1788868280.5199125,3.8714884460000003,0.6989468455748097,0.903,0.0,0.519,0.5,5.8791129406501526,1,0.47553404424454876,-64.56,2,"[656.0, 346.75]"
std,1788868280.5699356,3.92151132,0.7761416947573092,0.903,0.0,0.519,0.5,6.036255207262377,1,0.5230874486690036,5.38,2,"[640.3333129882812, 365.8333435058594]"
std,1788868280.6198783,3.971454092,0.8563277275867488,0.903,0.0,0.519,0.5,6.19313635097642,1,0.5767767762450011,2.69,2,"[640.3333129882812, 365.8333435058594]"
std,1788868280.6699429,4.02151877,0.9378750992696454,0.903,0.0,0.519,0.5,0.06724739610393904,2,0.641203969336198,2.69,2,"[623.0, 418.25]"
std,1788868280.7197838,4.071359706,1.0182844033337493,0.903,0.0,0.519,0.5,0.22399639814778638,2,0.7301748550335652,2.69,2,"[623.0, 418.25]"
std,1788868280.7697086,4.121284494,1.0959113052794838,0.903,0.0,0.519,0.5,0.380837486555496,2,0.8022719520641903,2.69,2,"[578.25, 540.5]"
std,1788868280.8196945,4.171270399,1.1688754303462483,0.903,0.0,0.519,0.5,0.537842239374088,2,0.8789709914584724,13.45,2,"[578.25, 540.5]"
std,1788868280.869845,4.221420651,1.2354722074726279,0.903,0.0,0.519,0.5,0.695281414766411,2,0.9510680884890975,61.87,2,"[507.1666564941406, 628.6666870117188]"
std,1788868280.919952,4.271527982,1.2937871407011556,0.903,0.0,0.519,0.5,0.8525512426067419,2,1.0246991663076084,94.14999999999999,2,"[507.1666564941406, 628.6666870117188]"
std,1788868280.9699059,4.321481766000001,1.3423767409653622,0.903,0.0,0.519,0.5,1.0095328921529578,2,1.0983302441261191,102.22,2,"[461.5, 671.25]"
std,1788868281.0199554,4.371531245,1.3802311750436016,0.903,0.0,0.519,0.5,1.1668589419354163,2,1.1658253987930873,137.19,2,"[461.5, 671.25]"
std,1788868281.0699189,4.421494762,1.4062338356677409,0.903,0.0,0.519,0.5,1.3236808572031613,2,1.2256506495206272,137.19,2,"[422.6666564941406, 700.6666870117188]"
std,1788868281.1197567,4.4713325,1.4198889107837633,0.903,0.0,0.519,0.5,1.4805702790138469,2,1.2946797849754812,137.19,2,"[422.6666564941406, 700.6666870117188]"
std,1788868281.169654,4.521229912,1.4208510809705617,0.903,0.0,0.519,0.5,1.637347571099541,2,1.3345632854605078,207.13,2,"[397.75, 734.0]"
std,1788868281.2196968,4.571272703,1.409065085119356,0.903,0.0,0.519,0.5,1.7945237606292395,2,1.3667768820061064,199.06,2,"[397.75, 734.0]"
std,1788868281.2698543,4.621430295000001,1.384757226696467,0.903,0.0,0.519,0.5,1.9519360534132257,2,1.3867186322486196,231.34,2,"[311.3999938964844, 745.7999877929688]"
std,1788868281.3197021,4.671278105,1.3487058180165847,0.903,0.0,0.519,0.5,2.1087127328883515,2,1.394388536188048,234.03,2,"[311.3999938964844, 745.7999877929688]"
std,1788868281.369863,4.7214388540000005,1.3015177855676847,0.903,0.0,0.519,0.5,2.266103424081251,2,1.3959225169759335,99.53,2,"[383.3333435058594, 635.3333129882812]"
std,1788868281.4199178,4.771493918,1.2445219474555398,0.903,0.0,0.519,0.5,2.423381922717306,2,1.3882526130365052,-5.38,2,"[383.3333435058594, 635.3333129882812]"
std,1788868281.4698684,4.821444270000001,1.1792702255555338,0.903,0.0,0.519,0.5,2.5802626580243047,2,1.363708920430335,-8.07,2,"[384.0, 738.25]"
std,1788868281.5196984,4.871274137,1.1072979630490214,0.903,0.0,0.519,0.5,2.737007224139326,2,1.3146215352179944,-8.07,2,"[384.0, 738.25]"
std,1788868281.569624,4.921199879,1.0302594353515553,0.903,0.0,0.519,0.5,2.8938654059526634,2,1.2670681307935396,-2.69,2,"[383.3333435058594, 714.5]"
std,1788868281.6197407,4.971316736,0.9498143017245295,0.903,0.0,0.519,0.5,3.051268921126775,2,1.2118448224296565,-2.69,2,"[383.3333435058594, 714.5]"
std,1788868281.6698806,5.0214565900000006,0.8682367831742579,0.903,0.0,0.519,0.5,3.208623989800575,2,1.1520195717021164,-2.69,2,"[402.5, 685.25]"
std,1788868281.719951,5.071526833,0.7875281313699413,0.903,0.0,0.519,0.5,3.3659595271928477,2,1.081456455459377,-5.38,2,"[402.5, 685.25]"
std,1788868281.7698631,5.121438847,0.7099369757011171,0.903,0.0,0.519,0.5,3.522745050251295,2,1.0078253776408663,-21.52,2,"[444.6000061035156, 647.2000122070312]"
std,1788868281.8197558,5.171331812,0.6370526781220158,0.903,0.0,0.519,0.5,3.679596191755497,2,0.9341942998223555,-24.21,2,"[444.6000061035156, 647.2000122070312]"
std,1788868281.869856,5.221432014,0.5705210304834103,0.903,0.0,0.519,0.5,3.8368910360981268,2,0.8574952604280734,-104.91,2,"[520.2000122070312, 595.2000122070312]"
std,1788868281.9196756,5.271251448,0.5123982865773999,0.903,0.0,0.519,0.5,3.9936011420833317,2,0.7577865092155067,-104.91,2,"[520.2000122070312, 595.2000122070312]"
std,1788868281.9697006,5.321276436000001,0.4637212115898195,0.903,0.0,0.519,0.5,4.1507710547109085,2,0.684155431396996,-110.28999999999999,2,"[592.75, 496.0]"
std,1788868282.0197158,5.371291652,0.42588915815556116,0.903,0.0,0.519,0.5,4.307862100796509,2,0.6212622190936846,-153.32999999999998,2,"[592.75, 496.0]"
std,1788868282.0698588,5.421434538000001,0.39977415828546947,0.903,0.0,0.519,0.5,4.465210550134589,2,0.5614369683661447,-142.57,2,"[629.6666870117188, 416.5]"
std,1788868282.1199334,5.471509157000001,0.38609406028701143,0.903,0.0,0.519,0.5,4.6225278160239895,2,0.5077476407901472,-180.23,2,"[629.6666870117188, 416.5]"
std,1788868282.169866,5.521442005,0.38516390855904314,0.903,0.0,0.519,0.5,4.779373114165857,2,0.4663301595172349,-188.29999999999998,2,"[649.75, 375.5]"
std,1788868282.2198675,5.571443511,0.3969770986962702,0.903,0.0,0.519,0.5,4.9364824631702575,2,0.4325825821837508,-190.99,2,"[649.75, 375.5]"
std,1788868282.2698538,5.6214296820000005,0.4212410077841232,0.903,0.0,0.519,0.5,5.09351956182681,2,0.4111068511533518,-207.13,2,"[669.1666870117188, 357.5]"
std,1788868282.3196943,5.671270092,0.4572878098621155,0.903,0.0,0.519,0.5,5.25028142240939,2,0.401902966426038,-207.13,2,"[669.1666870117188, 357.5]"
std,1788868282.3695788,5.7211548400000005,0.504260249974051,0.903,0.0,0.519,0.5,5.407028212772008,2,0.401902966426038,-43.04,2,"[648.0, 351.5]"
std,1788868282.4198053,5.771381193000001,0.5613530833275284,0.903,0.0,0.519,0.5,5.56465475275019,2,0.4111068511533518,5.38,2,"[648.0, 351.5]"
std,1788868282.4698505,5.8214265,0.6267182602020857,0.903,0.0,0.519,0.5,5.721829104448187,2,0.4387185053352934,5.38,2,"[694.25, 347.5]"
std,1788868282.519876,5.871451844,0.6988588622026521,0.903,0.0,0.519,0.5,5.878928560577322,2,0.47553404424454876,8.07,2,"[694.25, 347.5]"
std,1788868282.5698578,5.921433716,0.7760161617911877,0.903,0.0,0.519,0.5,6.036005758522506,2,0.521553467881118,5.38,2,"[655.3333129882812, 408.6666564941406]"
std,1788868282.6198437,5.971419629000001,0.8562863691263817,0.903,0.0,0.519,0.5,6.193056337753134,2,0.5767767762450011,5.38,2,"[655.3333129882812, 408.6666564941406]"
std,1788868282.6699562,6.021532131000001,0.9378884992200575,0.903,0.0,0.519,0.5,0.067273273402634,3,0.641203969336198,2.69,2,"[635.0, 418.25]"
std,1788868282.7196891,6.071264967,1.0181349758359475,0.903,0.0,0.519,0.5,0.22370111671268944,3,0.7301748550335652,2.69,2,"[635.0, 418.25]"
std,1788868282.7696297,6.121205614,1.0958087241551395,0.903,0.0,0.519,0.5,0.38062459024614625,3,0.8022719520641903,2.69,2,"[585.5, 528.0]"
std,1788868282.819811,6.171387161,1.1690047931604137,0.903,0.0,0.519,0.5,0.5381324942609496,3,0.8789709914584724,13.45,2,"[585.5, 528.0]"
std,1788868282.8698392,6.221415028,1.2354671142794837,0.903,0.0,0.519,0.5,0.6952686347674977,3,0.9526020692769832,53.8,2,"[522.0, 623.75]"
std,1788868282.919702,6.271277990000001,1.293614007320662,0.903,0.0,0.519,0.5,0.8520444628710138,3,1.0246991663076084,110.28999999999999,2,"[522.0, 623.75]"
std,1788868282.9699264,6.321502069,1.3424181353098976,0.903,0.0,0.519,0.5,1.009682758688907,3,1.0983302441261191,107.6,2,"[370.20001220703125, 676.5999755859375]"
std,1788868283.019944,6.371520093,1.380224131181999,0.903,0.0,0.519,0.5,1.1668244126905627,3,1.1658253987930873,121.05,2,"[370.20001220703125, 676.5999755859375]"
std,1788868283.0699577,6.421533706000001,1.4062669362065583,0.903,0.0,0.519,0.5,1.3239417256323378,3,1.2287186110963986,121.05,2,"[410.8333435058594, 589.6666870117188]"
std,1788868283.1196759,6.471251754000001,1.4198762098194306,0.903,0.0,0.519,0.5,1.480299087311213,3,1.2946797849754812,121.05,2,"[410.8333435058594, 589.6666870117188]"
std,1788868283.1696272,6.521203277000001,1.4208540917482735,0.903,0.0,0.519,0.5,1.6372602819476612,3,1.3330293046726223,199.06,2,"[396.75, 731.75]"
std,1788868283.219808,6.571384030000001,1.409035542164532,0.903,0.0,0.519,0.5,1.7947801805632189,3,1.3652429012182206,196.37,2,"[396.75, 731.75]"
std,1788868283.2698576,6.6214336220000005,1.3847555581799103,0.903,0.0,0.519,0.5,1.9519446959346176,3,1.3867186322486196,223.26999999999998,2,"[387.3333435058594, 757.5]"
std,1788868283.3198845,6.671460515000001,1.3485824894845893,0.903,0.0,0.519,0.5,2.109176353424207,3,1.394388536188048,220.57999999999998,2,"[387.3333435058594, 757.5]"
std,1788868283.3699567,6.721532743,1.3014114587283943,0.903,0.0,0.519,0.5,2.2664231596735718,3,1.394388536188048,104.91,2,"[378.0, 751.0]"
std,1788868283.4199386,6.771514511,1.2444973209517212,0.903,0.0,0.519,0.5,2.4234449367827544,3,1.3882526130365052,-5.38,2,"[378.0, 751.0]"
std,1788868283.469957,6.8215331180000005,1.1791286063931417,0.903,0.0,0.519,0.5,2.58058495715623,3,1.363708920430335,-8.07,2,"[386.3333435058594, 741.0]"
std,1788868283.5197582,6.8713340810000005,1.1072024222330257,0.903,0.0,0.519,0.5,2.7372074692550648,3,1.3161555160058802,-8.07,2,"[386.3333435058594, 741.0]"
std,1788868283.5696392,6.921215289,1.0302408871971749,0.903,0.0,0.519,0.5,2.8939022694008614,3,1.2686021115814252,-2.69,2,"[390.75, 714.0]"
std,1788868283.6196759,6.971251557,0.9499057004529841,0.903,0.0,0.519,0.5,3.0510920934426764,3,1.2118448224296565,-2.69,2,"[390.75, 714.0]"
std,1788868283.6698592,7.021435001,0.8681646305736531,0.903,0.0,0.519,0.5,3.2087633257179498,3,1.1504855909142309,-2.69,2,"[401.5, 689.25]"
std,1788868283.7196817,7.071257667,0.7878567743964704,0.903,0.0,0.519,0.5,3.365310072026759,3,1.081456455459377,-8.07,2,"[401.5, 689.25]"
std,1788868283.7698448,7.121420835,0.7099127088513613,0.903,0.0,0.519,0.5,3.5227954225479046,3,1.0078253776408663,-29.59,2,"[456.5, 647.0]"
std,1788868283.8199492,7.171524983,0.63681865537572,0.903,0.0,0.519,0.5,3.6801213623746207,3,0.9341942998223555,-16.14,2,"[456.5, 647.0]"
std,1788868283.8699446,7.221520732,0.5704031952368622,0.903,0.0,0.519,0.5,3.8371867542146134,3,0.8559612796401878,-102.22,2,"[556.75, 580.25]"
std,1788868283.919745,7.2713208830000005,0.512326910434643,0.903,0.0,0.519,0.5,3.9938100234372804,3,0.7577865092155067,-102.22,2,"[556.75, 580.25]"
std,1788868283.9705522,7.322128204,0.4635210657754573,0.903,0.0,0.519,0.5,4.1514955970830165,3,0.6856894121848816,-37.66,2,"[601.3333129882812, 484.3333435058594]"
std,1788868284.0196872,7.371263118000001,0.42590401746694806,0.903,0.0,0.519,0.5,4.307789363501804,3,0.6227961998815703,-139.88,2,"[601.3333129882812, 484.3333435058594]"
std,1788868284.069822,7.421397962,0.39978272245619273,0.903,0.0,0.519,0.5,4.4651431158482815,3,0.5614369683661447,-147.95,2,"[635.5, 387.5]"
std,1788868284.1198153,7.471391271000001,0.3861102623246745,0.903,0.0,0.519,0.5,4.622180616628693,3,0.5077476407901472,-180.23,2,"[635.5, 387.5]"
std,1788868284.1699514,7.521527197,0.3851742830107665,0.903,0.0,0.519,0.5,4.779671094229048,3,0.4678641403051206,-182.92,2,"[526.4000244140625, 354.0]"
std,1788868284.2198417,7.5714176680000005,0.39697032542923916,0.903,0.0,0.519,0.5,4.936423727954004,3,0.4325825821837508,-196.37,2,"[526.4000244140625, 354.0]"
std,1788868284.2699602,7.621535864,0.42130039160425964,0.903,0.0,0.519,0.5,5.093827048349372,3,0.4111068511533518,-201.75,2,"[670.0, 303.5]"
std,1788868284.3197703,7.67134608,0.4573422233838487,0.903,0.0,0.519,0.5,5.250486028055732,3,0.401902966426038,-201.75,2,"[670.0, 303.5]"
std,1788868284.3696287,7.721204677,0.5042833373156468,0.903,0.0,0.519,0.5,5.407097704801508,3,0.401902966426038,-48.42,2,"[660.25, 356.25]"
std,1788868284.4196606,7.771236528,0.5612374906428768,0.903,0.0,0.519,0.5,5.564358846138152,3,0.4111068511533518,-53.8,2,"[660.25, 356.25]"
std,1788868284.469847,7.821422901000001,0.6267179247984458,0.903,0.0,0.519,0.5,5.721828341041174,3,0.43718452454740775,-61.87,2,"[660.6666870117188, 352.5]"
std,1788868284.5198631,7.8714390210000005,0.6988766921792446,0.903,0.0,0.519,0.5,5.878965926680344,3,0.47553404424454876,-64.56,2,"[660.6666870117188, 352.5]"
std,1788868284.5699549,7.921530743000001,0.7761689281783324,0.903,0.0,0.519,0.5,6.036309321195844,3,0.521553467881118,5.38,2,"[679.75, 366.5]"
std,1788868284.6198647,7.971440629000001,0.8563114871819483,0.903,0.0,0.519,0.5,6.193104931908302,3,0.5752427954571154,2.69,2,"[679.75, 366.5]"
std,1788868284.6699517,8.021527607000001,0.9378947168411715,0.903,0.0,0.519,0.5,0.06728528056975946,4,0.6396699885483124,2.69,2,"[628.2000122070312, 420.3999938964844]"
std,1788868284.7197735,8.071349363000001,1.0182526859452519,0.903,0.0,0.519,0.5,0.2239337202327647,4,0.7286408742456796,2.69,2,"[628.2000122070312, 420.3999938964844]"
std,1788868284.769649,8.121224814,1.0958234048708662,0.903,0.0,0.519,0.5,0.3806550574117047,4,0.8022719520641903,2.69,2,"[595.5999755859375, 512.0]"
std,1788868284.8196821,8.171258171,1.1688900156045097,0.903,0.0,0.519,0.5,0.5378749622031762,4,0.8789709914584724,10.76,2,"[595.5999755859375, 512.0]"
std,1788868284.869887,8.221463089,1.235496742431013,0.903,0.0,0.519,0.5,0.6953429805576512,4,0.9510680884890975,56.49,2,"[524.75, 622.25]"
std,1788868284.9198754,8.271451435000001,1.2937421811545766,0.903,0.0,0.519,0.5,0.8524196130161563,4,1.0246991663076084,94.14999999999999,2,"[524.75, 622.25]"
std,1788868284.9699461,8.321522111,1.3424318363782675,0.903,0.0,0.519,0.5,1.0097323707200978,4,1.0983302441261191,96.84,2,"[467.0, 666.3333129882812]"
std,1788868285.0199049,8.371480728,1.3801787743454021,0.903,0.0,0.519,0.5,1.1666021387271428,4,1.1642914180052018,134.5,2,"[467.0, 666.3333129882812]"
std,1788868285.0699637,8.421539631,1.406266652133439,0.903,0.0,0.519,0.5,1.3239394856767852,4,1.2256506495206272,137.19,2,"[421.5, 705.0]"
std,1788868285.1196969,8.471272637,1.4198787830070414,0.903,0.0,0.519,0.5,1.4803539646516946,4,1.2946797849754812,137.19,2,"[421.5, 705.0]"
std,1788868285.169653,8.521228862000001,1.420853546232653,0.903,0.0,0.519,0.5,1.6372761061498657,4,1.3345632854605078,217.89,2,"[395.8333435058594, 755.0]"
std,1788868285.2198567,8.57143256,1.4090280125720853,0.903,0.0,0.519,0.5,1.79484548799131,4,1.3652429012182206,196.37,2,"[395.8333435058594, 755.0]"
std,1788868285.26986,8.621435882,1.3847563290620775,0.903,0.0,0.519,0.5,1.9519407029703615,4,1.3867186322486196,228.65,2,"[377.5, 751.75]"
std,1788868285.3198512,8.671427151000001,1.3486261290248869,0.903,0.0,0.519,0.5,2.109012343438142,4,1.394388536188048,220.57999999999998,2,"[377.5, 751.75]"
std,1788868285.3698251,8.721401089,1.3015521138266326,0.903,0.0,0.519,0.5,2.2660001693555145,4,1.394388536188048,102.22,2,"[308.3999938964844, 752.2000122070312]"
std,1788868285.4199765,8.771552462,1.2444580849306577,0.903,0.0,0.519,0.5,2.4235453263760043,4,1.3882526130365052,-5.38,2,"[308.3999938964844, 752.2000122070312]"
std,1788868285.4697285,8.821304314,1.1793977425852942,0.903,0.0,0.519,0.5,2.5799723968542665,4,1.363708920430335,-8.07,2,"[385.6666564941406, 625.6666870117188]"
std,1788868285.5197666,8.871342689,1.1071894469967591,0.903,0.0,0.519,0.5,2.737234662881079,4,1.3146215352179944,-8.07,2,"[385.6666564941406, 625.6666870117188]"
std,1788868285.5696325,8.921208671,1.03023569450494,0.903,0.0,0.519,0.5,2.8939125895327322,4,1.2686021115814252,-2.69,2,"[376.25, 720.25]"
std,1788868285.6198785,8.971454327,0.9496802602753449,0.903,0.0,0.519,0.5,3.0515282438923705,4,1.213378803217542,-2.69,2,"[376.25, 720.25]"
std,1788868285.6698532,9.021429198,0.8682667981521754,0.903,0.0,0.519,0.5,3.208566027416122,4,1.1504855909142309,-2.69,2,"[408.6666564941406, 698.8333129882812]"
std,1788868285.7199574,9.071533209,0.7875185316833198,0.903,0.0,0.519,0.5,3.365978499270888,4,1.081456455459377,-10.76,2,"[408.6666564941406, 698.8333129882812]"
std,1788868285.769906,9.121481932,0.7099019573739103,0.903,0.0,0.519,0.5,3.5228177404221164,4,1.0062913968529805,-13.45,2,"[457.25, 643.0]"
std,1788868285.8198612,9.17143691,0.6369527852638918,0.903,0.0,0.519,0.5,3.679820341249741,4,0.9311263382465842,-21.52,2,"[457.25, 643.0]"
std,1788868285.8699508,9.221526801000001,0.5703971271273368,0.903,0.0,0.519,0.5,3.837201984655799,4,0.8544272988523022,-110.28999999999999,2,"[530.0, 597.2000122070312]"
std,1788868285.9197056,9.271281688,0.5123891898386661,0.903,0.0,0.519,0.5,3.9936277607978887,4,0.7562525284276211,-110.28999999999999,2,"[530.0, 597.2000122070312]"
std,1788868285.9696338,9.321209834000001,0.4637858513576937,0.903,0.0,0.519,0.5,4.150537232252891,4,0.684155431396996,-115.67,2,"[591.4000244140625, 504.0]"
std,1788868286.0199254,9.371501221,0.42581768867664144,0.903,0.0,0.519,0.5,4.308212121342013,4,0.6227961998815703,-147.95,2,"[591.4000244140625, 504.0]"
std,1788868286.0698762,9.421451914,0.399771371483606,0.903,0.0,0.519,0.5,4.465232497300871,4,0.5614369683661447,-142.57,2,"[643.0, 413.25]"
std,1788868286.1198647,9.471440523,0.38610665550860834,0.903,0.0,0.519,0.5,4.622257792993825,4,0.5077476407901472,-174.85,2,"[643.0, 413.25]"
std,1788868286.1699307,9.521506625,0.38517224671829886,0.903,0.0,0.519,0.5,4.779612710871177,4,0.4678641403051206,-193.68,2,"[661.3333129882812, 364.6666564941406]"
std,1788868286.2199228,9.571498695,0.3969847902961319,0.903,0.0,0.519,0.5,4.9365491434743305,4,0.4325825821837508,-190.99,2,"[661.3333129882812, 364.6666564941406]"
std,1788868286.269926,9.621502034,0.42128871401098567,0.903,0.0,0.519,0.5,5.093766600965125,4,0.4111068511533518,-201.75,2,"[676.25, 336.75]"
std,1788868286.3196895,9.671265613000001,0.4572853606565327,0.903,0.0,0.519,0.5,5.25027221125973,4,0.401902966426038,-201.75,2,"[676.25, 336.75]"
std,1788868286.369624,9.721199744,0.5043083452078958,0.903,0.0,0.519,0.5,5.407172971078303,4,0.4003689856381523,-51.11,2,"[669.2000122070312, 342.79998779296875]"
std,1788868286.4198024,9.771378514,0.5613325459218694,0.903,0.0,0.519,0.5,5.5646021844803215,4,0.4111068511533518,-53.8,2,"[669.2000122070312, 342.79998779296875]"
std,1788868286.469821,9.821396997,0.6266628876563365,0.903,0.0,0.519,0.5,5.72170306689252,4,0.43718452454740775,-67.25,2,"[653.0, 352.79998779296875]"
std,1788868286.5198634,9.871439336,0.6988620507104134,0.903,0.0,0.519,0.5,5.878935242744898,4,0.47553404424454876,-53.8,2,"[653.0, 352.79998779296875]"
std,1788868286.5699472,9.921523205,0.7761631652550649,0.903,0.0,0.519,0.5,6.036297870090625,4,0.5230874486690036,-37.66,2,"[677.0, 373.25]"
std,1788868286.619941,9.971516931,0.8564435260441366,0.903,0.0,0.519,0.5,6.193360374806968,4,0.5767767762450011,2.69,2,"[677.0, 373.25]"
std,1788868286.6699355,10.021511288000001,0.9378676013389279,0.903,0.0,0.519,0.5,0.06723291650341068,5,0.641203969336198,2.69,2,"[638.1666870117188, 438.3333435058594]"
std,1788868286.7196846,10.071260537,1.018133357358011,0.903,0.0,0.519,0.5,0.223697918571375,5,0.7286408742456796,2.69,2,"[638.1666870117188, 438.3333435058594]"
std,1788868286.7696307,10.121206569,1.0958134290276398,0.903,0.0,0.519,0.5,0.3806343543161219,5,0.8022719520641903,2.69,2,"[587.25, 536.0]"
std,1788868286.8197012,10.17127701,1.1688812863280442,0.903,0.0,0.519,0.5,0.5378553775145782,5,0.8774370106705868,10.76,2,"[587.25, 536.0]"
std,1788868286.8698814,10.221457256,1.2354932244580443,0.903,0.0,0.519,0.5,0.6953341526822996,5,0.9510680884890975,56.49,2,"[519.0, 628.8333129882812]"
std,1788868286.9198895,10.271465555,1.2937486638420541,0.903,0.0,0.519,0.5,0.8524385913773855,5,1.0246991663076084,94.14999999999999,2,"[519.0, 628.8333129882812]"
std,1788868286.969884,10.321459897,1.3423703882850113,0.903,0.0,0.519,0.5,1.0095098956947481,5,1.0967962633382335,107.6,2,"[468.25, 678.25]"
std,1788868287.019947,10.371523015000001,1.3802265133795646,0.903,0.0,0.519,0.5,1.1668360899904684,5,1.1658253987930873,129.12,2,"[468.25, 678.25]"
std,1788868287.0699456,10.421521449,1.406263694116869,0.903,0.0,0.519,0.5,1.323916162492928,5,1.227184630308513,134.5,2,"[345.3999938964844, 688.7999877929688]"
std,1788868287.1197662,10.47134207,1.4198901421748602,0.903,0.0,0.519,0.5,1.4805966149850747,5,1.2946797849754812,134.5,2,"[345.3999938964844, 688.7999877929688]"
std,1788868287.1696253,10.521201063000001,1.420853955516894,0.903,0.0,0.519,0.5,1.6372642340712318,5,1.3345632854605078,207.13,2,"[402.1666564941406, 608.5]"
std,1788868287.219808,10.571384062,1.4090375325022806,0.903,0.0,0.519,0.5,1.7947629143700041,5,1.3667768820061064,201.75,2,"[402.1666564941406, 608.5]"
std,1788868287.2698486,10.621424644000001,1.3847609159857273,0.903,0.0,0.519,0.5,1.9519169431051253,5,1.3867186322486196,231.34,2,"[387.25, 745.25]"
std,1788868287.319956,10.671531993,1.3485528797292707,0.903,0.0,0.519,0.5,2.109287609786449,5,1.394388536188048,215.2,2,"[387.25, 745.25]"
std,1788868287.369982,10.721557897,1.3013983487942942,0.903,0.0,0.519,0.5,2.2664625740950086,5,1.394388536188048,104.91,2,"[372.8333435058594, 758.1666870117188]"
std,1788868287.4198856,10.771461495,1.244579417527169,0.903,0.0,0.519,0.5,2.423234855340418,5,1.3882526130365052,-5.38,2,"[372.8333435058594, 758.1666870117188]"
std,1788868287.4700239,10.821599755000001,1.179078639213094,0.903,0.0,0.519,0.5,2.5806986576775515,5,1.363708920430335,-5.38,2,"[363.75, 727.0]"
std,1788868287.5197544,10.87133039,1.107206578893573,0.903,0.0,0.519,0.5,2.7371987576186427,5,1.3176894967937658,-5.38,2,"[363.75, 727.0]"
std,1788868287.569624,10.921199749000001,1.0302416317190572,0.903,0.0,0.519,0.5,2.8939007897107274,5,1.2701360923693108,-2.69,2,"[380.0, 706.7999877929688]"
std,1788868287.619793,10.971368853000001,0.9497926250425933,0.903,0.0,0.519,0.5,3.0513108582471133,5,1.213378803217542,-2.69,2,"[380.0, 706.7999877929688]"
std,1788868287.669866,11.021442135000001,0.8682565881660966,0.903,0.0,0.519,0.5,3.208585744051618,5,1.1520195717021164,-2.69,2,"[400.20001220703125, 675.2000122070312]"
std,1788868287.7199244,11.071500301,0.7875708432464424,0.903,0.0,0.519,0.5,3.365875115739847,5,1.081456455459377,-5.38,2,"[400.20001220703125, 675.2000122070312]"
std,1788868287.769805,11.121380819,0.7099611840139384,0.903,0.0,0.519,0.5,3.522694800476806,5,1.0078253776408663,-16.14,2,"[451.5, 645.25]"
std,1788868287.8199608,11.171536960000001,0.6368158293577838,0.903,0.0,0.519,0.5,3.680127705250193,5,0.9341942998223555,-21.52,2,"[451.5, 645.25]"
std,1788868287.8699524,11.221528339,0.5704088628807837,0.903,0.0,0.519,0.5,3.837172529083084,5,0.8574952604280734,-110.28999999999999,2,"[532.3333129882812, 601.5]"
std,1788868287.9197936,11.271369466000001,0.5122933038848048,0.903,0.0,0.519,0.5,3.9939083898448615,5,0.7577865092155067,-110.28999999999999,2,"[532.3333129882812, 601.5]"
std,1788868287.969656,11.321231930000001,0.4637575817490373,0.903,0.0,0.519,0.5,4.150639481668989,5,0.6856894121848816,-110.28999999999999,2,"[599.75, 501.25]"
std,1788868288.0196905,11.371266622,0.42590047713676177,0.903,0.0,0.519,0.5,4.307806692526881,5,0.6212622190936846,-147.95,2,"[599.75, 501.25]"
std,1788868288.0698364,11.421412427,0.39977881134064674,0.903,0.0,0.519,0.5,4.465173909739477,5,0.5614369683661447,-153.32999999999998,2,"[642.7999877929688, 411.3999938964844]"
std,1788868288.1198604,11.471436225000001,0.38610493789961375,0.903,0.0,0.519,0.5,4.622294568477429,5,0.5092816215780329,-190.99,2,"[642.7999877929688, 411.3999938964844]"
std,1788868288.1698968,11.521472829,0.38516863069725127,0.903,0.0,0.519,0.5,4.7795089095083085,5,0.4678641403051206,-182.92,2,"[655.5999755859375, 376.20001220703125]"
std,1788868288.2199507,11.571526641,0.39700534886310923,0.903,0.0,0.519,0.5,4.936727274919377,5,0.4325825821837508,-188.29999999999998,2,"[655.5999755859375, 376.20001220703125]"
std,1788868288.2699206,11.621496544000001,0.42128553349034487,0.903,0.0,0.519,0.5,5.093750135878025,5,0.4111068511533518,-204.44,2,"[567.5999755859375, 349.20001220703125]"
std,1788868288.3197715,11.671347399,0.4573506977244819,0.903,0.0,0.519,0.5,5.250517886946831,5,0.4003689856381523,-204.44,2,"[567.5999755859375, 349.20001220703125]"
std,1788868288.3696556,11.721231515000001,0.5043436657352012,0.903,0.0,0.519,0.5,5.407279263724142,5,0.401902966426038,-48.42,2,"[672.5, 283.6666564941406]"
std,1788868288.4198413,11.771417311,0.561395167522678,0.903,0.0,0.519,0.5,5.5647624653959085,5,0.4111068511533518,-51.11,2,"[672.5, 283.6666564941406]"
std,1788868288.469865,11.821441117,0.6267372583896769,0.903,0.0,0.519,0.5,5.721872345329466,5,0.43718452454740775,-51.11,2,"[663.0, 355.0]"
std,1788868288.5199423,11.871518175,0.6989617205323121,0.903,0.0,0.519,0.5,5.879144111532462,5,0.47553404424454876,-51.11,2,"[663.0, 355.0]"
std,1788868288.5699432,11.921519154,0.7761620253207662,0.903,0.0,0.519,0.5,6.036295605002309,5,0.521553467881118,2.69,2,"[647.6666870117188, 361.3333435058594]"
std,1788868288.619863,11.971439121000001,0.8563061413853428,0.903,0.0,0.519,0.5,6.193094589785275,5,0.5752427954571154,5.38,2,"[647.6666870117188, 361.3333435058594]"
std,1788868288.669988,12.021563887000001,0.9379544948955331,0.903,0.0,0.519,0.5,0.06740072153339582,6,0.6396699885483124,2.69,2,"[604.75, 424.0]"
std,1788868288.7197802,12.071356126000001,1.0182734165236027,0.903,0.0,0.519,0.5,0.223974686600954,6,0.7286408742456796,2.69,2,"[604.75, 424.0]"
std,1788868288.7696555,12.121231266,1.0958576808750065,0.903,0.0,0.519,0.5,0.3807261924941443,6,0.803805932852076,2.69,2,"[593.4000244140625, 518.5999755859375]"
std,1788868288.819845,12.171420784,1.1690347283347453,0.903,0.0,0.519,0.5,0.5381996677950553,6,0.8789709914584724,16.14,2,"[593.4000244140625, 518.5999755859375]"
std,1788868288.8699546,12.221530625000002,1.2356095804971803,0.903,0.0,0.519,0.5,0.6956261668610182,6,0.9510680884890975,61.87,2,"[532.2000122070312, 623.5999755859375]"
std,1788868288.9199152,12.271490994,1.2937942897814452,0.903,0.0,0.519,0.5,0.8525721750385813,6,1.0246991663076084,99.53,2,"[532.2000122070312, 623.5999755859375]"
std,1788868288.969975,12.321550801,1.3424494226891588,0.903,0.0,0.519,0.5,1.009796057086355,6,1.0967962633382335,102.22,2,"[471.0, 669.75]"
std,1788868289.0199504,12.371526312,1.380228950626532,0.903,0.0,0.519,0.5,1.166848037467311,6,1.1658253987930873,129.12,2,"[471.0, 669.75]"
std,1788868289.0698924,12.421468322,1.4062360638544829,0.903,0.0,0.519,0.5,1.323698409281313,6,1.227184630308513,131.81,2,"[416.1666564941406, 717.6666870117188]"
std,1788868289.119757,12.471332758,1.4198878665453627,0.903,0.0,0.519,0.5,1.480547951714854,6,1.2931458041875956,131.81,2,"[416.1666564941406, 717.6666870117188]"
std,1788868289.169659,12.52123489,1.4208505968844194,0.903,0.0,0.519,0.5,1.6373615951691392,6,1.3330293046726223,196.37,2,"[398.5, 731.0]"
std,1788868289.2198975,12.571473418,1.4090173331363895,0.903,0.0,0.519,0.5,1.794938083293168,6,1.3652429012182206,199.06,2,"[398.5, 731.0]"
std,1788868289.269877,12.621452695,1.384748819457232,0.903,0.0,0.519,0.5,1.951979599028995,6,1.3882526130365052,228.65,2,"[441.79998779296875, 751.5999755859375]"
std,1788868289.3197315,12.671307591000001,1.3486994063750637,0.903,0.0,0.519,0.5,2.1087368446119683,6,1.394388536188048,217.89,2,"[441.79998779296875, 751.5999755859375]"
std,1788868289.3699374,12.721513459,1.3014326500364852,0.903,0.0,0.519,0.5,2.266359445032961,6,1.394388536188048,104.91,2,"[390.0, 720.4000244140625]"
std,1788868289.4198604,12.771436315,1.2445990631747472,0.903,0.0,0.519,0.5,2.423184577291586,6,1.3882526130365052,-5.38,2,"[390.0, 720.4000244140625]"
std,1788868289.4698727,12.821448687,1.1792610038107654,0.903,0.0,0.519,0.5,2.5802836470048263,6,1.363708920430335,-5.38,2,"[307.20001220703125, 735.7999877929688]"
std,1788868289.5197582,12.871334240000001,1.1072042584805808,0.903,0.0,0.519,0.5,2.737203620804067,6,1.3161555160058802,-5.38,2,"[307.20001220703125, 735.7999877929688]"
std,1788868289.5696585,12.921234516,1.030186326104852,0.903,0.0,0.519,0.5,2.894010704612896,6,1.2701360923693108,-2.69,2,"[382.0, 613.3333129882812]"
std,1788868289.6198828,12.971458674,0.9496833115415387,0.903,0.0,0.519,0.5,3.0515223408397745,6,1.213378803217542,-2.69,2,"[382.0, 613.3333129882812]"
std,1788868289.6698775,13.021453437000002,0.8682517353364673,0.903,0.0,0.519,0.5,3.2085951154225043,6,1.1520195717021164,-2.69,2,"[395.25, 690.0]"
std,1788868289.7199192,13.071495159000001,0.7875850992674243,0.903,0.0,0.519,0.5,3.3658469419369297,6,1.081456455459377,-8.07,2,"[395.25, 690.0]"
std,1788868289.7699087,13.121484521000001,0.709862219815716,0.903,0.0,0.519,0.5,3.5229002292204257,6,1.0078253776408663,-26.9,2,"[449.8333435058594, 658.6666870117188]"
std,1788868289.8199852,13.17156124,0.6367972134597307,0.903,0.0,0.519,0.5,3.680169488432483,6,0.9326603190344698,-26.9,2,"[449.8333435058594, 658.6666870117188]"
std,1788868289.8699665,13.221542426000001,0.5703782048340339,0.903,0.0,0.519,0.5,3.8372494792535363,6,0.8559612796401878,-112.98,2,"[553.0, 590.75]"
std,1788868289.9197552,13.271331161,0.5123166566606339,0.903,0.0,0.519,0.5,3.993840035071898,6,0.7577865092155067,-112.98,2,"[553.0, 590.75]"
std,1788868289.9696658,13.321241552,0.4637541008059254,0.903,0.0,0.519,0.5,4.150652073172338,6,0.6856894121848816,-112.98,2,"[534.7999877929688, 502.3999938964844]"
std,1788868290.0198586,13.371434571,0.4258340904079337,0.903,0.0,0.519,0.5,4.308131768826705,6,0.6212622190936846,-145.26,2,"[534.7999877929688, 502.3999938964844]"
std,1788868290.0699415,13.421517415,0.3997378499458315,0.903,0.0,0.519,0.5,4.465496642411175,6,0.5614369683661447,-145.26,2,"[649.8333129882812, 353.6666564941406]"
std,1788868290.1199749,13.47155081,0.3860870118211953,0.903,0.0,0.519,0.5,4.622679278488995,6,0.5077476407901472,-185.60999999999999,2,"[649.8333129882812, 353.6666564941406]"
std,1788868290.1699433,13.521519395,0.3851736706445158,0.903,0.0,0.519,0.5,4.779653542150882,6,0.4678641403051206,-188.29999999999998,2,"[650.75, 368.0]"
std,1788868290.2198224,13.571398306,0.3969678326283421,0.903,0.0,0.519,0.5,4.936402107513352,6,0.4325825821837508,-190.99,2,"[650.75, 368.0]"
std,1788868290.269876,13.621452087000002,0.4212504478071304,0.903,0.0,0.519,0.5,5.093568457574861,6,0.4111068511533518,-199.06,2,"[673.6666870117188, 351.1666564941406]"
std,1788868290.3197732,13.671349177000002,0.45735446832890003,0.903,0.0,0.519,0.5,5.250532061812876,6,0.401902966426038,-199.06,2,"[673.6666870117188, 351.1666564941406]"
std,1788868290.369644,13.72121989,0.5043301472771483,0.903,0.0,0.519,0.5,5.407238583240861,6,0.401902966426038,-43.04,2,"[672.25, 355.0]"
std,1788868290.4198804,13.771456233,0.5614106662476086,0.903,0.0,0.519,0.5,5.564802131144745,6,0.4111068511533518,8.07,2,"[672.25, 355.0]"
std,1788868290.4698858,13.821461626000001,0.626758508427556,0.903,0.0,0.519,0.5,5.7219207101483605,6,0.4387185053352934,8.07,2,"[658.7999877929688, 348.0]"
std,1788868290.5198874,13.871463372000001,0.698892002441217,0.903,0.0,0.519,0.5,5.8789980117661,6,0.47553404424454876,8.07,2,"[658.7999877929688, 348.0]"
std,1788868290.569946,13.921521898000002,0.7761317026750814,0.903,0.0,0.519,0.5,6.036235352396801,6,0.521553467881118,5.38,2,"[677.0, 362.0]"
std,1788868290.6198404,13.971416331,0.8562799824545045,0.903,0.0,0.519,0.5,6.1930439818692165,6,0.5767767762450011,2.69,2,"[677.0, 362.0]"
std,1788868290.6697297,14.021305529000001,0.93760416702464,0.903,0.0,0.519,0.5,0.06672419526340434,7,0.641203969336198,2.69,2,"[613.75, 428.5]"
std,1788868290.7197669,14.071342787,1.0182589337549455,0.903,0.0,0.519,0.5,0.22394606669188022,7,0.7286408742456796,2.69,2,"[613.75, 428.5]"
std,1788868290.7696686,14.121244273,1.0958565591963734,0.903,0.0,0.519,0.5,0.3807238645739943,7,0.8022719520641903,2.69,2,"[583.5, 521.0]"
std,1788868290.8196955,14.1712714,1.1688964847811352,0.903,0.0,0.519,0.5,0.5378894763612294,7,0.8789709914584724,10.76,2,"[583.5, 521.0]"
std,1788868290.869829,14.221404876000001,1.23545746861447,0.903,0.0,0.519,0.5,0.6952444319376951,7,0.9510680884890975,56.49,2,"[510.75, 627.25]"
std,1788868290.919863,14.271438863,1.2937310934046147,0.903,0.0,0.519,0.5,0.8523871540808514,7,1.0246991663076084,102.22,2,"[510.75, 627.25]"
std,1788868290.9698555,14.321431569000001,1.3423570321450533,0.903,0.0,0.519,0.5,1.009461549725387,7,1.0967962633382335,99.53,2,"[456.6000061035156, 659.2000122070312]"
std,1788868291.019862,14.37143782,1.3801682170633098,0.903,0.0,0.519,0.5,1.1665504186872795,7,1.1658253987930873,134.5,2,"[456.6000061035156, 659.2000122070312]"
std,1788868291.0699499,14.421525715000001,1.406265090682242,0.903,0.0,0.519,0.5,1.3239271737751679,7,1.2256506495206272,137.19,2,"[422.0, 706.2000122070312]"
std,1788868291.1197858,14.471361698,1.4198900511144323,0.903,0.0,0.519,0.5,1.4805946671976216,7,1.2946797849754812,137.19,2,"[422.0, 706.2000122070312]"
std,1788868291.1696603,14.521236085000002,1.420850389186319,0.903,0.0,0.519,0.5,1.6373676113190854,7,1.3345632854605078,204.44,2,"[333.20001220703125, 728.7999877929688]"
std,1788868291.2197945,14.571370548,1.4090419443142685,0.903,0.0,0.519,0.5,1.7947246372051069,7,1.3667768820061064,196.37,2,"[333.20001220703125, 728.7999877929688]"
std,1788868291.269833,14.62140901,1.3847639434610644,0.903,0.0,0.519,0.5,1.9519012602745889,7,1.3867186322486196,236.72,2,"[386.0, 617.5]"
std,1788868291.3198676,14.671443487000001,1.3486187955846853,0.903,0.0,0.519,0.5,2.109039907772079,7,1.394388536188048,220.57999999999998,2,"[386.0, 617.5]"
std,1788868291.3699484,14.721524310000001,1.301422409322769,0.903,0.0,0.519,0.5,2.2663902357825663,7,1.394388536188048,99.53,2,"[373.0, 739.5]"
std,1788868291.4198651,14.771441242000002,1.2445943163331434,0.903,0.0,0.519,0.5,2.4231967258303797,7,1.3882526130365052,51.11,2,"[373.0, 739.5]"
std,1788868291.4699667,14.821542517000001,1.1791196685605807,0.903,0.0,0.519,0.5,2.5806052958270698,7,1.363708920430335,59.18,2,"[380.5, 739.3333129882812]"
std,1788868291.5197845,14.871360468,1.1071935287561494,0.903,0.0,0.519,0.5,2.737226108324279,7,1.3176894967937658,59.18,2,"[380.5, 739.3333129882812]"
std,1788868291.5696704,14.921246557000002,1.0301726761133987,0.903,0.0,0.519,0.5,2.894037832265454,7,1.2686021115814252,-2.69,2,"[381.5, 726.25]"
std,1788868291.6196828,14.97125856,0.949869606200739,0.903,0.0,0.519,0.5,3.0511619247641804,7,1.213378803217542,-2.69,2,"[381.5, 726.25]"
std,1788868291.6698184,15.021394326000001,0.8682950513819159,0.903,0.0,0.519,0.5,3.2085114673765034,7,1.1520195717021164,-2.69,2,"[383.20001220703125, 694.7999877929688]"
std,1788868291.7199476,15.071523524000002,0.7875363290487908,0.903,0.0,0.519,0.5,3.365943325999538,7,1.081456455459377,-8.07,2,"[383.20001220703125, 694.7999877929688]"
std,1788868291.769942,15.121518170000002,0.7098113515451205,0.903,0.0,0.519,0.5,3.5230058275742877,7,1.0078253776408663,-21.52,2,"[454.79998779296875, 643.2000122070312]"
std,1788868291.8198807,15.171456809,0.6369486399760205,0.903,0.0,0.519,0.5,3.6798296435055917,7,0.9341942998223555,-24.21,2,"[454.79998779296875, 643.2000122070312]"
std,1788868291.8699472,15.2215231,0.57041094695847,0.903,0.0,0.519,0.5,3.837167298331316,7,0.8574952604280734,-110.28999999999999,2,"[525.5, 590.0]"
std,1788868291.9196851,15.271261213,0.5123960953041578,0.903,0.0,0.519,0.5,3.9936075540739466,7,0.7593204900033924,-110.28999999999999,2,"[525.5, 590.0]"
std,1788868291.969662,15.321237967,0.4637542936108314,0.903,0.0,0.519,0.5,4.150651375738775,7,0.6856894121848816,-115.67,2,"[589.5, 493.5]"
std,1788868292.0197473,15.371323161000001,0.4258948010978123,0.903,0.0,0.519,0.5,4.307834476772314,7,0.6212622190936846,-142.57,2,"[589.5, 493.5]"
std,1788868292.0699236,15.421499735000001,0.3997639903826926,0.903,0.0,0.519,0.5,4.465290635614522,7,0.5614369683661447,-158.71,2,"[638.25, 409.25]"
std,1788868292.1198573,15.471433113000002,0.386105578436431,0.903,0.0,0.519,0.5,4.622280852283907,7,0.5092816215780329,-182.92,2,"[638.25, 409.25]"
std,1788868292.169941,15.521516683000002,0.38517265900606223,0.903,0.0,0.519,0.5,4.779624535825931,7,0.4678641403051206,-182.92,2,"[666.5999755859375, 373.79998779296875]"
std,1788868292.2198708,15.571446755,0.3969741759348119,0.903,0.0,0.519,0.5,4.936457119942325,7,0.4325825821837508,-185.60999999999999,2,"[666.5999755859375, 373.79998779296875]"
std,1788868292.2700024,15.621578227,0.42131432799934054,0.903,0.0,0.519,0.5,5.093899176175114,7,0.41264083194123746,-199.06,2,"[673.0, 356.3999938964844]"
std,1788868292.3197045,15.671280422,0.45729115126769154,0.903,0.0,0.519,0.5,5.250293988780008,7,0.4003689856381523,-199.06,2,"[673.0, 356.3999938964844]"
std,1788868292.3696594,15.721235359000001,0.5043423711751709,0.903,0.0,0.519,0.5,5.407275368149257,7,0.4003689856381523,-48.42,2,"[548.0, 367.6000061035156]"
std,1788868292.4198053,15.771381262,0.5613577989758103,0.903,0.0,0.519,0.5,5.5646668227491745,7,0.4111068511533518,-59.18,2,"[548.0, 367.6000061035156]"
std,1788868292.469885,15.821461005000002,0.6267384275045563,0.903,0.0,0.519,0.5,5.721875006258458,7,0.43718452454740775,-72.63,2,"[684.3333129882812, 292.5]"
std,1788868292.5199904,15.871566404000001,0.6990428061785047,0.903,0.0,0.519,0.5,5.879314021429558,7,0.47553404424454876,-53.8,2,"[684.3333129882812, 292.5]"
std,1788868292.5700004,15.921576378000001,0.7761924322236263,0.903,0.0,0.519,0.5,6.036356024112244,7,0.5200194870932323,-37.66,2,"[655.0, 336.5]"
std,1788868292.6198692,15.971445122,0.8563043356374475,0.903,0.0,0.519,0.5,6.193091096334264,7,0.5752427954571154,2.69,2,"[655.0, 336.5]"
std,1788868292.6699746,16.021550474,0.9379059921637497,0.903,0.0,0.519,0.5,0.06730705494845068,8,0.6396699885483124,2.69,2,"[634.8333129882812, 406.8333435058594]"
std,1788868292.7198052,16.071381226,1.0182754466473074,0.903,0.0,0.519,0.5,0.2239786984147969,8,0.7286408742456796,2.69,2,"[634.8333129882812, 406.8333435058594]"
std,1788868292.769657,16.121232770000002,1.0958557190720242,0.903,0.0,0.519,0.5,0.38072212099009306,8,0.8022719520641903,2.69,2,"[587.5, 528.25]"
std,1788868292.819794,16.171369994000003,1.168993070486787,0.903,0.0,0.519,0.5,0.5381061897056796,8,0.8789709914584724,18.83,2,"[587.5, 528.25]"
std,1788868292.8698716,16.221447569000002,1.2354901872121422,0.903,0.0,0.519,0.5,0.6953265311785302,8,0.9510680884890975,51.11,2,"[532.5999755859375, 620.4000244140625]"
std,1788868292.9199464,16.27152238,1.2938299403526226,0.903,0.0,0.519,0.5,0.8526765670209002,8,1.0246991663076084,94.14999999999999,2,"[532.5999755859375, 620.4000244140625]"
std,1788868292.969891,16.321467225,1.3423724086708484,0.903,0.0,0.519,0.5,1.0095172093224534,8,1.0967962633382335,86.08,2,"[465.20001220703125, 664.4000244140625]"
std,1788868293.0199194,16.371495294000002,1.3801937740969925,0.903,0.0,0.519,0.5,1.1666756331456938,8,1.1642914180052018,137.19,2,"[465.20001220703125, 664.4000244140625]"
std,1788868293.0699573,16.421533141,1.4062681250630218,0.903,0.0,0.519,0.5,1.3239511001448392,8,1.227184630308513,137.19,2,"[415.5, 709.25]"
std,1788868293.1196961,16.471272268,1.4198772561932893,0.903,0.0,0.519,0.5,1.4803213989022623,8,1.2946797849754812,137.19,2,"[415.5, 709.25]"
std,1788868293.1696515,16.521227411,1.4208509984532205,0.903,0.0,0.519,0.5,1.6373499618515766,8,1.3345632854605078,199.06,2,"[388.5, 732.8333129882812]"
std,1788868293.219685,16.571260799,1.4090657557934794,0.903,0.0,0.519,0.5,1.7945179361164847,8,1.3667768820061064,190.99,2,"[388.5, 732.8333129882812]"
std,1788868293.26986,16.621435816,1.3847368939373792,0.903,0.0,0.519,0.5,1.9520413595990007,8,1.3882526130365052,207.13,2,"[382.5, 751.75]"
std,1788868293.319853,16.671429007,1.348630330513974,0.903,0.0,0.519,0.5,2.108996550651888,8,1.3959225169759335,220.57999999999998,2,"[382.5, 751.75]"
std,1788868293.3700032,16.721579356,1.3013955973641675,0.903,0.0,0.519,0.5,2.2664708459084864,8,1.3959225169759335,91.46,2,"[374.0, 755.0]"
std,1788868293.4199235,16.771499553,1.2445645697843621,0.903,0.0,0.519,0.5,2.4232728529035867,8,1.3882526130365052,-5.38,2,"[374.0, 755.0]"
std,1788868293.4699142,16.821490269,1.1792335172927433,0.903,0.0,0.519,0.5,2.580346205539364,8,1.363708920430335,-8.07,2,"[367.0, 743.4000244140625]"
std,1788868293.5196996,16.871275406000002,1.107295812196693,0.903,0.0,0.519,0.5,2.7370117323248166,8,1.3161555160058802,-8.07,2,"[367.0, 743.4000244140625]"
std,1788868293.5696702,16.921246306,1.0301878705160445,0.903,0.0,0.519,0.5,2.8940076352768997,8,1.2686021115814252,-2.69,2,"[308.0, 709.2000122070312]"
std,1788868293.6197233,16.971299284,0.9498387696938665,0.903,0.0,0.519,0.5,3.051221583608701,8,1.2118448224296565,-2.69,2,"[308.0, 709.2000122070312]"
std,1788868293.6699297,17.021505817,0.8681438253328334,0.903,0.0,0.519,0.5,3.2088035035464273,8,1.1504855909142309,-2.69,2,"[405.8333435058594, 585.0]"
std,1788868293.7199492,17.071524985,0.7875497566483326,0.903,0.0,0.519,0.5,3.365916788966423,8,1.0799224746714913,-8.07,2,"[405.8333435058594, 585.0]"
std,1788868293.7697246,17.121300498,0.7100772408476989,0.903,0.0,0.519,0.5,3.5224539125769354,8,1.0062913968529805,-10.76,2,"[457.0, 645.25]"
std,1788868293.8198764,17.171452447,0.6369445269100221,0.903,0.0,0.519,0.5,3.679838873504835,8,0.9311263382465842,-26.9,2,"[457.0, 645.25]"
std,1788868293.8699608,17.221536861,0.5703957302714542,0.903,0.0,0.519,0.5,3.8372054906732274,8,0.8544272988523022,-115.67,2,"[535.4000244140625, 587.4000244140625]"
std,1788868293.9197972,17.271373092,0.5122982344549019,0.903,0.0,0.519,0.5,3.993893957368236,8,0.7577865092155067,-115.67,2,"[535.4000244140625, 587.4000244140625]"
std,1788868293.969661,17.321237025000002,0.4637578544605887,0.903,0.0,0.519,0.5,4.1506384952089235,8,0.684155431396996,-110.28999999999999,2,"[611.2000122070312, 501.6000061035156]"
std,1788868294.0198169,17.371392701,0.4258497684608512,0.903,0.0,0.519,0.5,4.308054975735914,8,0.6212622190936846,-147.95,2,"[611.2000122070312, 501.6000061035156]"
std,1788868294.069856,17.42143166,0.3997739025725321,0.903,0.0,0.519,0.5,4.465212563895513,8,0.5614369683661447,-139.88,2,"[520.4000244140625, 415.3999938964844]"
std,1788868294.1199467,17.471522622000002,0.3860915373130892,0.903,0.0,0.519,0.5,4.622582002214109,8,0.5077476407901472,-180.23,2,"[520.4000244140625, 415.3999938964844]"
std,1788868294.1699483,17.521524133,0.3851739655731584,0.903,0.0,0.519,0.5,4.779661996176756,8,0.4678641403051206,-185.60999999999999,2,"[660.1666870117188, 310.5]"
std,1788868294.2199512,17.571527264,0.39699733287965466,0.903,0.0,0.519,0.5,4.9366578362969875,8,0.4325825821837508,-188.29999999999998,2,"[660.1666870117188, 310.5]"
std,1788868294.2699509,17.621526797,0.42130170264401134,0.903,0.0,0.519,0.5,5.093833834189532,8,0.41264083194123746,-199.06,2,"[669.25, 354.5]"
std,1788868294.319759,17.671334825000002,0.45732931009734434,0.903,0.0,0.519,0.5,5.25043747788289,8,0.401902966426038,-199.06,2,"[669.25, 354.5]"
std,1788868294.3696866,17.721262483,0.5043375813556641,0.903,0.0,0.519,0.5,5.407260954522187,8,0.401902966426038,-45.73,2,"[667.5, 347.6666564941406]"
std,1788868294.4198434,17.771419475000002,0.5613790298286652,0.903,0.0,0.519,0.5,5.564721162877326,8,0.4111068511533518,-69.94,2,"[667.5, 347.6666564941406]"
std,1788868294.4698632,17.821439239,0.6267293217111567,0.903,0.0,0.519,0.5,5.721854281171744,8,0.43718452454740775,-56.49,2,"[658.25, 344.0]"
std,1788868294.5199733,17.871549129,0.6990133391617959,0.903,0.0,0.519,0.5,5.879252276567563,8,0.4740000634566631,-69.94,2,"[658.25, 344.0]"
std,1788868294.5698647,17.921440789000002,0.7760225250452504,0.903,0.0,0.519,0.5,6.036018403432962,8,0.521553467881118,5.38,2,"[651.4000244140625, 371.20001220703125]"
std,1788868294.6199605,17.971536432,0.8564691823061819,0.903,0.0,0.519,0.5,6.193410008829325,8,0.5767767762450011,2.69,2,"[651.4000244140625, 371.20001220703125]"
std,1788868294.6698978,18.021473732,0.9378012958223413,0.903,0.0,0.519,0.5,0.0671048714700575,9,0.641203969336198,2.69,2,"[628.4000244140625, 422.79998779296875]"
std,1788868294.719794,18.071370068,1.0183044468491325,0.903,0.0,0.519,0.5,0.22403600734799767,9,0.7286408742456796,2.69,2,"[628.4000244140625, 422.79998779296875]"
std,1788868294.7696698,18.121245739000003,1.095858959980967,0.903,0.0,0.519,0.5,0.38072884713997723,9,0.8007379712763046,2.69,2,"[579.5, 544.5]"
std,1788868294.8197627,18.171338619,1.168955529531721,0.903,0.0,0.519,0.5,0.5380219541818718,9,0.8789709914584724,13.45,2,"[579.5, 544.5]"
std,1788868294.869951,18.221526908,1.2355968222866796,0.903,0.0,0.519,0.5,0.6955941446071492,9,0.9510680884890975,61.87,2,"[532.8333129882812, 615.5]"
std,1788868294.9196928,18.271268611,1.2936113941983747,0.903,0.0,0.519,0.5,0.8520368162345306,9,1.0246991663076084,94.14999999999999,2,"[532.8333129882812, 615.5]"
std,1788868294.9699407,18.321516531,1.342428637650395,0.903,0.0,0.519,0.5,1.0097207876680159,9,1.0967962633382335,107.6,2,"[473.0, 665.75]"
std,1788868295.0198562,18.371432084000002,1.3801611437462797,0.903,0.0,0.519,0.5,1.1665157700619417,9,1.1658253987930873,131.81,2,"[473.0, 665.75]"
std,1788868295.06991,18.42148608,1.4062469509048898,0.903,0.0,0.519,0.5,1.3237841873271705,9,1.2287186110963986,126.42999999999999,2,"[429.3999938964844, 702.0]"
std,1788868295.1198165,18.471392478000002,1.4198923859008619,0.903,0.0,0.519,0.5,1.4806446216624423,9,1.2931458041875956,126.42999999999999,2,"[429.3999938964844, 702.0]"
std,1788868295.1696875,18.521263366,1.4208499647297819,0.903,0.0,0.519,0.5,1.6373799043711728,9,1.3330293046726223,201.75,2,"[396.6000061035156, 727.4000244140625]"
std,1788868295.2198956,18.571471492,1.40902304840969,0.903,0.0,0.519,0.5,1.7948885340938787,9,1.3652429012182206,199.06,2,"[396.6000061035156, 727.4000244140625]"
std,1788868295.269883,18.621458912,1.384746036454351,0.903,0.0,0.519,0.5,1.9519940126561295,9,1.3867186322486196,231.34,2,"[320.79998779296875, 746.7999877929688]"
std,1788868295.3199112,18.67148714,1.3485819912127586,0.903,0.0,0.519,0.5,2.1091782258134657,9,1.394388536188048,204.44,2,"[320.79998779296875, 746.7999877929688]"
std,1788868295.369925,18.721500878,1.301469910884,0.903,0.0,0.519,0.5,2.266247403272601,9,1.394388536188048,107.6,2,"[368.0, 631.5]"
std,1788868295.419922,18.771497903,1.2445210880430917,0.903,0.0,0.519,0.5,2.4233841218322,9,1.3882526130365052,-5.38,2,"[368.0, 631.5]"
std,1788868295.4699514,18.821527200000002,1.1791379872669083,0.903,0.0,0.519,0.5,2.580563610034183,9,1.363708920430335,-8.07,2,"[374.25, 735.75]"
std,1788868295.51977,18.871345862000002,1.107187909025506,0.903,0.0,0.519,0.5,2.737237886155171,9,1.3176894967937658,-8.07,2,"[374.25, 735.75]"
std,1788868295.56966,18.921235981000002,1.0301935106892628,0.903,0.0,0.519,0.5,2.8939964260743167,9,1.2701360923693108,-2.69,2,"[379.0, 724.2000122070312]"
std,1788868295.6198905,18.971466442,0.9496634401209442,0.903,0.0,0.519,0.5,3.051560784509107,9,1.213378803217542,-2.69,2,"[379.0, 724.2000122070312]"
std,1788868295.6698663,19.021442286000003,0.8682532613013234,0.903,0.0,0.519,0.5,3.208592168608625,9,1.1520195717021164,-2.69,2,"[400.79998779296875, 697.5999755859375]"
std,1788868295.719924,19.071499943000003,0.7875702821002847,0.903,0.0,0.519,0.5,3.3658762247220864,9,1.081456455459377,-8.07,2,"[400.79998779296875, 697.5999755859375]"
std,1788868295.7698655,19.121441490000002,0.7099408108586417,0.903,0.0,0.519,0.5,3.5227370894555534,9,1.0078253776408663,-24.21,2,"[451.0, 660.4000244140625]"
std,1788868295.8199115,19.171487411,0.6368840472980946,0.903,0.0,0.519,0.5,3.6799745997322546,9,0.9326603190344698,-29.59,2,"[451.0, 660.4000244140625]"
std,1788868295.8699627,19.221538529,0.5703941732075357,0.903,0.0,0.519,0.5,3.837209398814501,9,0.8574952604280734,-104.91,2,"[520.2000122070312, 597.7999877929688]"
std,1788868295.9198172,19.271393191,0.512273580271843,0.903,0.0,0.519,0.5,3.9939661260346853,9,0.7593204900033924,-104.91,2,"[520.2000122070312, 597.7999877929688]"
std,1788868295.9696736,19.321249485000003,0.46375577005188023,0.903,0.0,0.519,0.5,4.150646035031301,9,0.6856894121848816,-118.36,2,"[578.5, 507.75]"
std,1788868296.0198119,19.371387765,0.425853141880554,0.903,0.0,0.519,0.5,4.308038454100156,9,0.6227961998815703,-150.64,2,"[578.5, 507.75]"
std,1788868296.069939,19.421514742000003,0.39973995357731873,0.903,0.0,0.519,0.5,4.465480057943601,9,0.5629709491540303,-153.32999999999998,2,"[611.1666870117188, 424.8333435058594]"
std,1788868296.1199577,19.471533656000002,0.38609184265729524,0.903,0.0,0.519,0.5,4.622575442568653,9,0.5077476407901472,-182.92,2,"[611.1666870117188, 424.8333435058594]"
std,1788868296.1698737,19.521449746000002,0.38516413371558267,0.903,0.0,0.519,0.5,4.779379595271536,9,0.4678641403051206,-182.92,2,"[698.75, 367.25]"
std,1788868296.219895,19.571470852,0.3969771048559009,0.903,0.0,0.519,0.5,4.936482516577364,9,0.4325825821837508,-188.29999999999998,2,"[698.75, 367.25]"
std,1788868296.2699568,19.621532697000003,0.421296745088141,0.903,0.0,0.519,0.5,5.09380817366074,9,0.4111068511533518,-204.44,2,"[677.5999755859375, 329.0]"
std,1788868296.319789,19.671364903,0.4573544616433629,0.903,0.0,0.519,0.5,5.250532036680177,9,0.4003689856381523,-204.44,2,"[677.5999755859375, 329.0]"
std,1788868296.3696473,19.721223042000002,0.5043236978197896,0.903,0.0,0.519,0.5,5.40721917448149,9,0.4003689856381523,-48.42,2,"[675.7999877929688, 346.20001220703125]"
std,1788868296.419778,19.771354021,0.5613049956399292,0.903,0.0,0.519,0.5,5.564531662008463,9,0.4111068511533518,-61.87,2,"[675.7999877929688, 346.20001220703125]"
std,1788868296.4698472,19.821423068,0.6267167156903722,0.903,0.0,0.519,0.5,5.721825589006038,9,0.4387185053352934,-69.94,2,"[528.7999877929688, 343.20001220703125]"
std,1788868296.5199025,19.871478609,0.698951822861657,0.903,0.0,0.519,0.5,5.879123370737801,9,0.47553404424454876,-51.11,2,"[528.7999877929688, 343.20001220703125]"
std,1788868296.5698583,19.921434378,0.7760145524049462,0.903,0.0,0.519,0.5,6.036002560381213,9,0.521553467881118,-43.04,2,"[648.3333129882812, 304.8333435058594]"
std,1788868296.6198552,19.971431250000002,0.8563003766346009,0.903,0.0,0.519,0.5,6.193083437131392,9,0.5767767762450011,2.69,2,"[648.3333129882812, 304.8333435058594]"
std,1788868296.669973,20.021548716,0.9379200183751459,0.903,0.0,0.519,0.5,0.06733414176032682,10,0.641203969336198,2.69,2,"[628.5, 429.0]"
std,1788868296.7197843,20.071360182000003,1.0182687950839906,0.903,0.0,0.519,0.5,0.2239655539911496,10,0.7301748550335652,2.69,2,"[628.5, 429.0]"
std,1788868296.7696705,20.121246537,1.0958605251809448,0.903,0.0,0.519,0.5,0.380732095546783,10,0.8022719520641903,2.69,2,"[576.0, 530.4000244140625]"
std,1788868296.8198857,20.171461638,1.1690614424551597,0.903,0.0,0.519,0.5,0.5382596156661137,10,0.8774370106705868,2.69,2,"[576.0, 530.4000244140625]"
std,1788868296.8698356,20.221411463000003,1.2354530451154848,0.903,0.0,0.519,0.5,0.6952333326908828,10,0.9510680884890975,56.49,2,"[527.2000122070312, 639.2000122070312]"
std,1788868296.919823,20.271398868000002,1.2937022667626235,0.903,0.0,0.519,0.5,0.8523027709022131,10,1.0246991663076084,96.84,2,"[527.2000122070312, 639.2000122070312]"
std,1788868296.969935,20.321510758000002,1.3424109841581287,0.903,0.0,0.519,0.5,1.0096568656822882,10,1.0967962633382335,94.14999999999999,2,"[463.0, 678.0]"
std,1788868297.0198672,20.3714432,1.3801721475764241,0.903,0.0,0.519,0.5,1.1665696735086897,10,1.1658253987930873,137.19,2,"[463.0, 678.0]"
std,1788868297.0699139,20.421489968000003,1.4062467742949978,0.903,0.0,0.519,0.5,1.3237827956016162,10,1.227184630308513,129.12,2,"[421.3999938964844, 690.0]"
std,1788868297.1196873,20.471263237000002,1.419877359608554,0.903,0.0,0.519,0.5,1.4803236043003096,10,1.2946797849754812,129.12,2,"[421.3999938964844, 690.0]"
std,1788868297.169662,20.521237860000003,1.4208497427619855,0.903,0.0,0.519,0.5,1.637386332069724,10,1.3345632854605078,204.44,2,"[403.0, 713.5]"
std,1788868297.2198203,20.571396029000002,1.409035469008776,0.903,0.0,0.519,0.5,1.7947808151649554,10,1.3667768820061064,188.29999999999998,2,"[403.0, 713.5]"
std,1788868297.269853,20.621428957000003,1.3847575378335193,0.903,0.0,0.519,0.5,1.951934441776217,10,1.3867186322486196,225.96,2,"[380.8333435058594, 747.5]"
std,1788868297.3199053,20.671481313,1.3485925064232624,0.903,0.0,0.519,0.5,2.109138710861046,10,1.394388536188048,209.82,2,"[380.8333435058594, 747.5]"
std,1788868297.3699021,20.721478171,1.3014554361236592,0.903,0.0,0.519,0.5,2.2662909300387923,10,1.394388536188048,102.22,2,"[381.0, 741.75]"
std,1788868297.4199455,20.771521388,1.2444971957162574,0.903,0.0,0.519,0.5,2.423445257225211,10,1.3882526130365052,-5.38,2,"[381.0, 741.75]"
std,1788868297.469956,20.821531853,1.179143854563304,0.903,0.0,0.519,0.5,2.580550258265376,10,1.363708920430335,-8.07,2,"[380.0, 736.5999755859375]"
std,1788868297.5196965,20.871272425,1.1072913950674728,0.903,0.0,0.519,0.5,2.7370209905983387,10,1.3176894967937658,-8.07,2,"[380.0, 736.5999755859375]"
std,1788868297.5696685,20.921244374,1.0301787289121267,0.903,0.0,0.519,0.5,2.8940258031071835,10,1.2701360923693108,-2.69,2,"[379.79998779296875, 716.7999877929688]"
std,1788868297.619691,20.971266807000003,0.9498617615001467,0.903,0.0,0.519,0.5,3.051177101798288,10,1.213378803217542,-2.69,2,"[379.79998779296875, 716.7999877929688]"
std,1788868297.6698804,21.02145626,0.8682125337603156,0.903,0.0,0.519,0.5,3.208670818380668,10,1.1520195717021164,-2.69,2,"[396.25, 691.75]"
std,1788868297.719913,21.071488993000003,0.7875749127524577,0.903,0.0,0.519,0.5,3.365867073262649,10,1.0829904362472627,-10.76,2,"[396.25, 691.75]"
std,1788868297.7697985,21.121374555000003,0.7099892871543572,0.903,0.0,0.519,0.5,3.522636467384416,10,1.0078253776408663,-24.21,2,"[458.3333435058594, 651.8333129882812]"
std,1788868297.8199158,21.171491777,0.6368789127134056,0.903,0.0,0.519,0.5,3.679986123094068,10,0.9326603190344698,-26.9,2,"[458.3333435058594, 651.8333129882812]"
std,1788868297.8699017,21.221477563,0.5704542214767025,0.903,0.0,0.519,0.5,3.8370586903316735,10,0.8559612796401878,-112.98,2,"[537.75, 586.75]"
std,1788868297.9196732,21.271249247,0.5124018199185398,0.903,0.0,0.519,0.5,3.9935908031019096,10,0.7593204900033924,-112.98,2,"[537.75, 586.75]"
std,1788868297.9696565,21.321232227000003,0.4637609889371977,0.903,0.0,0.519,0.5,4.150627157201001,10,0.6856894121848816,-112.98,2,"[596.5999755859375, 507.20001220703125]"
std,1788868298.0196862,21.371262154,0.4259020945287165,0.903,0.0,0.519,0.5,4.307798775713394,10,0.6227961998815703,-139.88,2,"[596.5999755859375, 507.20001220703125]"
std,1788868298.0699284,21.421504146,0.39975022546258154,0.903,0.0,0.519,0.5,4.465399092817691,10,0.5629709491540303,-150.64,2,"[643.4000244140625, 419.79998779296875]"
std,1788868298.119925,21.471500905000003,0.38609551496296435,0.903,0.0,0.519,0.5,4.622496588593009,10,0.5077476407901472,-182.92,2,"[643.4000244140625, 419.79998779296875]"
std,1788868298.1698585,21.521434218000003,0.38516385311908363,0.903,0.0,0.519,0.5,4.779371518236786,10,0.4678641403051206,-185.60999999999999,2,"[544.7999877929688, 372.3999938964844]"
std,1788868298.2199564,21.571532225000002,0.39701109497669784,0.903,0.0,0.519,0.5,4.936777037747007,10,0.4325825821837508,-188.29999999999998,2,"[544.7999877929688, 372.3999938964844]"
std,1788868298.2699075,21.621483407000003,0.4212776194702265,0.903,0.0,0.519,0.5,5.0937091632266345,10,0.4111068511533518,-201.75,2,"[670.5, 299.5]"
std,1788868298.3197813,21.671357204000003,0.45735899200239644,0.903,0.0,0.519,0.5,5.250549067253914,10,0.401902966426038,-201.75,2,"[670.5, 299.5]"
std,1788868298.3696637,21.721239482,0.5043459061735476,0.903,0.0,0.519,0.5,5.407286005581966,10,0.401902966426038,-43.04,2,"[683.25, 343.25]"
std,1788868298.4196932,21.771269043,0.5612763978198321,0.903,0.0,0.519,0.5,5.564458453474813,10,0.4111068511533518,5.38,2,"[683.25, 343.25]"
std,1788868298.4698932,21.821469116000003,0.6267578569065635,0.903,0.0,0.519,0.5,5.721919227316633,10,0.4387185053352934,8.07,2,"[663.0, 345.20001220703125]"
std,1788868298.5199473,21.871523346,0.6990045055052861,0.903,0.0,0.519,0.5,5.879233766303614,10,0.4770680250324344,5.38,2,"[663.0, 345.20001220703125]"
std,1788868298.5699587,21.921534606,0.7761776239787999,0.903,0.0,0.519,0.5,6.03632659995543,10,0.5230874486690036,5.38,2,"[619.4000244140625, 359.6000061035156]"
std,1788868298.6199343,21.971510339,0.8564326231012439,0.903,0.0,0.519,0.5,6.193339282153886,10,0.5767767762450011,2.69,2,"[619.4000244140625, 359.6000061035156]"
std,1788868298.6698873,22.021463316000002,0.9377741181717469,0.903,0.0,0.519,0.5,0.06705238802316416,11,0.641203969336198,2.69,2,"[622.4000244140625, 416.20001220703125]"
std,1788868298.7197568,22.071332826000003,1.0182494904938066,0.903,0.0,0.519,0.5,0.22392740563153524,11,0.7286408742456796,2.69,2,"[622.4000244140625, 416.20001220703125]"
std,1788868298.7696598,22.121235776000002,1.0958637781867522,0.903,0.0,0.519,0.5,0.38073884682936665,11,0.8007379712763046,2.69,2,"[586.5999755859375, 531.7999877929688]"
std,1788868298.8199115,22.171487473000003,1.169112164733161,0.903,0.0,0.519,0.5,0.5383734449927076,11,0.8774370106705868,2.69,2,"[586.5999755859375, 531.7999877929688]"
std,1788868298.8698626,22.22143833,1.2354799135158578,0.903,0.0,0.519,0.5,0.6953007512692082,11,0.9510680884890975,64.56,2,"[520.25, 626.5]"
std,1788868298.9199433,22.271519320000003,1.2938227320474402,0.903,0.0,0.519,0.5,0.8526554586598465,11,1.0246991663076084,94.14999999999999,2,"[520.25, 626.5]"
std,1788868298.969855,22.321431058,1.3423552086038182,0.903,0.0,0.519,0.5,1.0094549492392346,11,1.0967962633382335,96.84,2,"[453.6666564941406, 675.5]"
std,1788868299.0198448,22.371420635,1.38015947425985,0.903,0.0,0.519,0.5,1.166507592496238,11,1.1658253987930873,131.81,2,"[453.6666564941406, 675.5]"
std,1788868299.0698943,22.421470064,1.4062366281549639,0.903,0.0,0.519,0.5,1.3237028546349379,11,1.227184630308513,137.19,2,"[410.0, 721.25]"
std,1788868299.1197553,22.471331295000002,1.419888702603146,0.903,0.0,0.519,0.5,1.4805658273770703,11,1.2931458041875956,137.19,2,"[410.0, 721.25]"
std,1788868299.1696587,22.521234654,1.4208501480594822,0.903,0.0,0.519,0.5,1.6373745950795566,11,1.3345632854605078,204.44,2,"[390.20001220703125, 743.5999755859375]"
std,1788868299.2196472,22.571222971,1.4090776315496396,0.903,0.0,0.519,0.5,1.7944147756385078,11,1.3667768820061064,196.37,2,"[390.20001220703125, 743.5999755859375]"
std,1788868299.2698495,22.621425378,1.384758424536941,0.903,0.0,0.519,0.5,1.9519298487677545,11,1.3882526130365052,212.51,2,"[386.3999938964844, 746.2000122070312]"
std,1788868299.3198228,22.671398742,1.3486520624816916,0.903,0.0,0.519,0.5,2.1089148566765132,11,1.3959225169759335,223.26999999999998,2,"[386.3999938964844, 746.2000122070312]"
std,1788868299.369967,22.721542778,1.3014012715711347,0.903,0.0,0.519,0.5,2.266453787060364,11,1.3959225169759335,102.22,2,"[307.79998779296875, 746.0]"
std,1788868299.4199975,22.771573428,1.2444719133962547,0.903,0.0,0.519,0.5,2.423509945759541,11,1.389786593824391,-5.38,2,"[307.79998779296875, 746.0]"
std,1788868299.469979,22.821555021,1.1791100886345363,0.903,0.0,0.519,0.5,2.5806270953385066,11,1.363708920430335,-8.07,2,"[370.6666564941406, 623.3333129882812]"
std,1788868299.5197537,22.871329578,1.107205370720478,0.903,0.0,0.519,0.5,2.7372012897423375,11,1.3161555160058802,-8.07,2,"[370.6666564941406, 623.3333129882812]"
std,1788868299.56966,22.921235851000002,1.0301831155593946,0.903,0.0,0.519,0.5,2.894017085187592,11,1.2686021115814252,-2.69,2,"[347.25, 720.75]"
std,1788868299.619858,22.971433891,0.9496973743013677,0.903,0.0,0.519,0.5,3.0514951346474035,11,1.213378803217542,-2.69,2,"[347.25, 720.75]"
std,1788868299.6699288,23.021504772,0.868201429096412,0.903,0.0,0.519,0.5,3.2086922628921357,11,1.1504855909142309,-2.69,2,"[405.6000061035156, 699.2000122070312]"
std,1788868299.7199368,23.071512756,0.7875504544978761,0.903,0.0,0.519,0.5,3.365915409807222,11,1.081456455459377,-16.14,2,"[405.6000061035156, 699.2000122070312]"
std,1788868299.7698705,23.121446465000002,0.709931129152602,0.903,0.0,0.519,0.5,3.5227571862237212,11,1.0078253776408663,-13.45,2,"[435.20001220703125, 661.4000244140625]"
std,1788868299.819858,23.171433833000002,0.6369538212394634,0.903,0.0,0.519,0.5,3.679818016471181,11,0.9311263382465842,-26.9,2,"[435.20001220703125, 661.4000244140625]"
std,1788868299.8700345,23.221610452,0.5703405740046268,0.903,0.0,0.519,0.5,3.8373439375198544,11,0.8559612796401878,-110.28999999999999,2,"[527.2000122070312, 599.0]"
std,1788868299.9197528,23.271328685,0.5123193260642012,0.903,0.0,0.519,0.5,3.9938322219309796,11,0.7577865092155067,-110.28999999999999,2,"[527.2000122070312, 599.0]"
std,1788868299.9696603,23.321236306000003,0.46375587079773334,0.903,0.0,0.519,0.5,4.150645670606529,11,0.684155431396996,-110.28999999999999,2,"[603.5999755859375, 504.20001220703125]"
std,1788868300.0198967,23.371472661000002,0.42583045543083076,0.903,0.0,0.519,0.5,4.308149575373882,11,0.6212622190936846,-145.26,2,"[603.5999755859375, 504.20001220703125]"
std,1788868300.0698862,23.42146216,0.3997685426449685,0.903,0.0,0.519,0.5,4.465254777475984,11,0.5614369683661447,-142.57,2,"[648.0, 409.25]"
std,1788868300.119965,23.471540914000002,0.3860898179737767,0.903,0.0,0.519,0.5,4.622618947343703,11,0.5077476407901472,-174.85,2,"[648.0, 409.25]"
std,1788868300.1698952,23.521471287,0.38516640701658866,0.903,0.0,0.519,0.5,4.779444996947383,11,0.4678641403051206,-188.29999999999998,2,"[661.3333129882812, 372.5]"
std,1788868300.2198517,23.571427506000003,0.39697267935460834,0.903,0.0,0.519,0.5,4.936444142023085,11,0.4325825821837508,-188.29999999999998,2,"[661.3333129882812, 372.5]"
std,1788868300.2699535,23.621529218000003,0.42129911578965784,0.903,0.0,0.519,0.5,5.093820444721636,11,0.4111068511533518,-204.44,2,"[724.75, 356.75]"
std,1788868300.3196905,23.67126631,0.4572853046894582,0.903,0.0,0.519,0.5,5.250272000773045,11,0.4003689856381523,-204.44,2,"[724.75, 356.75]"
std,1788868300.3696575,23.721233418,0.5043441376247252,0.903,0.0,0.519,0.5,5.407280683724046,11,0.401902966426038,-48.42,2,"[669.7999877929688, 330.79998779296875]"
std,1788868300.4198716,23.771447611000003,0.561411763674941,0.903,0.0,0.519,0.5,5.56480493972861,11,0.41264083194123746,-51.11,2,"[669.7999877929688, 330.79998779296875]"
std,1788868300.4698973,23.821473313000002,0.6267504555602974,0.903,0.0,0.519,0.5,5.72190238209685,11,0.4387185053352934,-59.18,2,"[661.7999877929688, 350.79998779296875]"
std,1788868300.5200202,23.871596201000003,0.6991091480435804,0.903,0.0,0.519,0.5,5.879453027479705,11,0.47553404424454876,-59.18,2,"[661.7999877929688, 350.79998779296875]"
std,1788868300.5699127,23.921488738,0.7760634116105896,0.903,0.0,0.519,0.5,6.036099651302159,11,0.5230874486690036,5.38,2,"[519.7999877929688, 362.3999938964844]"
std,1788868300.6198566,23.971432365000002,0.8563015214649161,0.903,0.0,0.519,0.5,6.193085651954199,11,0.5783107570328867,5.38,2,"[519.7999877929688, 362.3999938964844]"
std,1788868300.6699617,24.021537604000002,0.9379151705341523,0.903,0.0,0.519,0.5,0.06732477981420004,12,0.641203969336198,2.69,2,"[619.3333129882812, 354.5]"
std,1788868300.7197661,24.071342066000003,1.0182556429260825,0.903,0.0,0.519,0.5,0.2239395635951098,12,0.7286408742456796,2.69,2,"[619.3333129882812, 354.5]"
std,1788868300.769656,24.121231959000003,1.095857570372308,0.903,0.0,0.519,0.5,0.3807259631579001,12,0.8007379712763046,2.69,2,"[576.25, 536.0]"
std,1788868300.8198202,24.171396117,1.1690086628763572,0.903,0.0,0.519,0.5,0.5381411776230465,12,0.8774370106705868,8.07,2,"[576.25, 536.0]"
std,1788868300.8698678,24.221443856,1.235491210062563,0.903,0.0,0.519,0.5,0.6953290978597124,12,0.9510680884890975,53.8,2,"[512.2000122070312, 621.4000244140625]"
std,1788868300.9198399,24.271415697000002,1.2937146273578237,0.903,0.0,0.519,0.5,0.8523389526247769,12,1.0246991663076084,94.14999999999999,2,"[512.2000122070312, 621.4000244140625]"
std,1788868300.9699209,24.321496697,1.3423880077229309,0.903,0.0,0.519,0.5,1.0095736794503836,12,1.0967962633382335,96.84,2,"[436.6000061035156, 675.7999877929688]"
std,1788868301.0198133,24.371389243000003,1.3801409551234465,0.903,0.0,0.519,0.5,1.1664168915747268,12,1.1658253987930873,129.12,2,"[436.6000061035156, 675.7999877929688]"
std,1788868301.0699568,24.421532754,1.406266619861297,0.903,0.0,0.519,0.5,1.323939231207774,12,1.227184630308513,131.81,2,"[343.79998779296875, 710.4000244140625]"
std,1788868301.119768,24.471343905,1.4198905108026794,0.903,0.0,0.519,0.5,1.4806045003826256,12,1.2931458041875956,131.81,2,"[343.79998779296875, 710.4000244140625]"
std,1788868301.1696572,24.521233057,1.420850325192005,0.903,0.0,0.519,0.5,1.6373694648587502,12,1.3330293046726223,190.99,2,"[391.0, 617.5]"
std,1788868301.2198536,24.571429484000003,1.4090262338127588,0.903,0.0,0.519,0.5,1.794860913211238,12,1.3652429012182206,190.99,2,"[391.0, 617.5]"
std,1788868301.2698674,24.621443252000002,1.3847549686409213,0.903,0.0,0.519,0.5,1.9519477495626774,12,1.3867186322486196,228.65,2,"[381.25, 751.25]"
std,1788868301.3199453,24.671521301000002,1.348546837370772,0.903,0.0,0.519,0.5,2.1093103109349585,12,1.394388536188048,217.89,2,"[381.25, 751.25]"
std,1788868301.3698802,24.721455990000003,1.3015065138758963,0.903,0.0,0.519,0.5,2.266137325007577,12,1.3959225169759335,107.6,2,"[381.6000061035156, 749.0]"
std,1788868301.4199426,24.771518432,1.2444929352340617,0.903,0.0,0.519,0.5,2.4234561585517156,12,1.3882526130365052,-5.38,2,"[381.6000061035156, 749.0]"
std,1788868301.469785,24.821360751,1.1793370957818343,0.903,0.0,0.519,0.5,2.580110451001829,12,1.363708920430335,-5.38,2,"[377.0, 741.2000122070312]"
std,1788868301.5196977,24.871273775000002,1.1072973979823013,0.903,0.0,0.519,0.5,2.737008408519756,12,1.3176894967937658,-5.38,2,"[377.0, 741.2000122070312]"
std,1788868301.5696793,24.921255154,1.030172220848607,0.903,0.0,0.519,0.5,2.8940387370441414,12,1.2701360923693108,-2.69,2,"[376.6000061035156, 719.7999877929688]"
std,1788868301.6198773,24.971453039,0.9496792485991867,0.903,0.0,0.519,0.5,3.0515302011045833,12,1.214912784005428,-2.69,2,"[376.6000061035156, 719.7999877929688]"
std,1788868301.669855,25.021430927,0.8682576992904485,0.903,0.0,0.519,0.5,3.2085835983438216,12,1.1520195717021164,-2.69,2,"[399.3999938964844, 686.0]"
std,1788868301.719975,25.071550835,0.7875128822100839,0.903,0.0,0.519,0.5,3.365989664491167,12,1.081456455459377,-8.07,2,"[399.3999938964844, 686.0]"
std,1788868301.7698598,25.121435543,0.7099367744086581,0.903,0.0,0.519,0.5,3.522745468083116,12,1.0078253776408663,-16.14,2,"[457.75, 648.75]"
std,1788868301.8199618,25.17153757,0.6368145192312658,0.903,0.0,0.519,0.5,3.680130645780906,12,0.9326603190344698,-24.21,2,"[457.75, 648.75]"
std,1788868301.8700135,25.221589432000002,0.5703557851781855,0.903,0.0,0.519,0.5,3.837305754602724,12,0.8574952604280734,-104.91,2,"[533.0, 573.5]"
std,1788868301.9197576,25.271333703,0.5123217464728649,0.903,0.0,0.519,0.5,3.9938251376395186,12,0.7593204900033924,-104.91,2,"[533.0, 573.5]"
std,1788868301.969661,25.321237058,0.46375666547607847,0.903,0.0,0.519,0.5,4.150642796049212,12,0.6856894121848816,-115.67,2,"[601.0, 493.5]"
std,1788868302.0197463,25.371322257000003,0.4258766478196023,0.903,0.0,0.519,0.5,4.307923349286867,12,0.6227961998815703,-142.57,2,"[601.0, 493.5]"
std,1788868302.0698433,25.421419307,0.3997789166735627,0.903,0.0,0.519,0.5,4.465173080358994,12,0.5614369683661447,-137.19,2,"[635.7999877929688, 420.79998779296875]"
std,1788868302.1198463,25.471422243000003,0.38610607570440425,0.903,0.0,0.519,0.5,4.622270205426375,12,0.5077476407901472,-177.54,2,"[635.7999877929688, 420.79998779296875]"
std,1788868302.1698182,25.521394048,0.3851598288474538,0.903,0.0,0.519,0.5,4.779255571476696,12,0.4678641403051206,-190.99,2,"[663.5999755859375, 371.20001220703125]"
std,1788868302.2198431,25.57141915,0.3969674599238616,0.903,0.0,0.519,0.5,4.9363988748145005,12,0.4325825821837508,-190.99,2,"[663.5999755859375, 371.20001220703125]"
std,1788868302.269755,25.621330971000003,0.4212188460895721,0.903,0.0,0.519,0.5,5.093404749181673,12,0.40803888957758055,-190.99,2,"[554.5999755859375, 356.3999938964844]"
std,1788868302.3197594,25.671335328,0.4573409114516138,0.903,0.0,0.519,0.5,5.250481095755248,12,0.401902966426038,-193.68,2,"[554.5999755859375, 356.3999938964844]"
std,1788868302.3696585,25.721234349000003,0.5043436385911316,0.903,0.0,0.519,0.5,5.407279182042714,12,0.401902966426038,-45.73,2,"[680.6666870117188, 293.1666564941406]"
std,1788868302.419652,25.771227838,0.5612352058443666,0.903,0.0,0.519,0.5,5.564352996492616,12,0.4111068511533518,-61.87,2,"[680.6666870117188, 293.1666564941406]"
std,1788868302.4698677,25.821443638,0.626735232112565,0.903,0.0,0.519,0.5,5.721867733471441,12,0.43718452454740775,-59.18,2,"[686.0, 350.5]"
std,1788868302.519925,25.871500996,0.6989623172138356,0.903,0.0,0.519,0.5,5.87914536188633,12,0.47553404424454876,-59.18,2,"[686.0, 350.5]"
std,1788868302.5698888,25.921464838000002,0.7760484067034051,0.903,0.0,0.519,0.5,6.036069834446252,12,0.521553467881118,-37.66,2,"[646.5999755859375, 372.0]"
std,1788868302.619967,25.971542967,0.8564610529660861,0.903,0.0,0.519,0.5,6.193394282016456,12,0.5767767762450011,2.69,2,"[646.5999755859375, 372.0]"
std,1788868302.6699655,26.021541437000003,0.9379224422944689,0.903,0.0,0.519,0.5,0.06733882273334046,13,0.641203969336198,2.69,2,"[630.2000122070312, 407.6000061035156]"
std,1788868302.7196906,26.071266546,1.0181318724273043,0.903,0.0,0.519,0.5,0.22369498432382073,13,0.7271068934577939,2.69,2,"[630.2000122070312, 407.6000061035156]"
std,1788868302.7696643,26.12124034,1.0958677865317592,0.903,0.0,0.519,0.5,0.3807471657666994,13,0.7992039904884191,2.69,2,"[591.2000122070312, 519.5999755859375]"
std,1788868302.819694,26.17126992,1.1688928525273818,0.903,0.0,0.519,0.5,0.5378813270698757,13,0.8759030298827011,2.69,2,"[591.2000122070312, 519.5999755859375]"
std,1788868302.869949,26.221524848,1.2356016825379474,0.903,0.0,0.519,0.5,0.6956063434113773,13,0.9495341077012119,53.8,2,"[542.7999877929688, 611.4000244140625]"
std,1788868302.9199471,26.271523118,1.2938306838098108,0.903,0.0,0.519,0.5,0.8526787441445762,13,1.0231651855197226,88.77,2,"[542.7999877929688, 611.4000244140625]"
std,1788868302.9699638,26.321539739000002,1.3424482455238302,0.903,0.0,0.519,0.5,1.0097917939451193,13,1.0967962633382335,94.14999999999999,2,"[463.5, 668.5]"
std,1788868303.0199547,26.371530640000003,1.3802274426560952,0.903,0.0,0.519,0.5,1.1668406452997928,13,1.1642914180052018,129.12,2,"[463.5, 668.5]"
std,1788868303.0699518,26.421527683,1.406265043666197,0.903,0.0,0.519,0.5,1.3239268030672307,13,1.227184630308513,129.12,2,"[410.0, 707.5999755859375]"
std,1788868303.119756,26.47133184,1.4198887274325642,0.903,0.0,0.519,0.5,1.4805663583062127,13,1.2931458041875956,129.12,2,"[410.0, 707.5999755859375]"
std,1788868303.169669,26.521244934000002,1.420849367885099,0.903,0.0,0.519,0.5,1.6373971862723167,13,1.3345632854605078,204.44,2,"[380.6000061035156, 735.4000244140625]"
std,1788868303.2198496,26.571425484000002,1.409028607034866,0.903,0.0,0.519,0.5,1.7948403326377544,13,1.3667768820061064,190.99,2,"[380.6000061035156, 735.4000244140625]"
std,1788868303.2698867,26.621462878000003,1.3847491373003638,0.903,0.0,0.519,0.5,1.9519779528344472,13,1.3882526130365052,199.06,2,"[378.79998779296875, 750.7999877929688]"
std,1788868303.3199508,26.671526726000003,1.3485438370111344,0.903,0.0,0.519,0.5,2.109321582969393,13,1.3959225169759335,215.2,2,"[378.79998779296875, 750.7999877929688]"
std,1788868303.3699038,26.721479771000002,1.3014929770039467,0.903,0.0,0.519,0.5,2.2661780369067728,13,1.3959225169759335,88.77,2,"[368.20001220703125, 756.4000244140625]"
std,1788868303.419976,26.771551923,1.2444514971655467,0.903,0.0,0.519,0.5,2.4235621810205785,13,1.3882526130365052,-5.38,2,"[368.20001220703125, 756.4000244140625]"
std,1788868303.4698644,26.821440352000003,1.1792610700653183,0.903,0.0,0.519,0.5,2.5802834962083736,13,1.363708920430335,-5.38,2,"[295.3999938964844, 739.7999877929688]"
std,1788868303.5196707,26.871246439,1.1073416701664105,0.903,0.0,0.519,0.5,2.736915612155947,13,1.3176894967937658,-5.38,2,"[295.3999938964844, 739.7999877929688]"
std,1788868303.569653,26.921229144,1.0301920642898825,0.903,0.0,0.519,0.5,2.893999300631556,13,1.2701360923693108,-2.69,2,"[380.8333435058594, 593.3333129882812]"
std,1788868303.61988,26.971456041000003,0.9496770125181677,0.903,0.0,0.519,0.5,3.0515345270776706,13,1.213378803217542,-2.69,2,"[380.8333435058594, 593.3333129882812]"
std,1788868303.6699393,27.021515228000002,0.8681209085610682,0.903,0.0,0.519,0.5,3.2088477591621043,13,1.1520195717021164,-2.69,2,"[401.5, 696.5]"
std,1788868303.7199574,27.071533378,0.7875320847552006,0.903,0.0,0.519,0.5,3.365951714051924,13,1.081456455459377,-10.76,2,"[401.5, 696.5]"
std,1788868303.7698367,27.121412478000003,0.7099641338441727,0.903,0.0,0.519,0.5,3.5226886775127255,13,1.0078253776408663,-21.52,2,"[455.79998779296875, 646.7999877929688]"
std,1788868303.81997,27.171545813,0.6368065031546755,0.903,0.0,0.519,0.5,3.680148637682045,13,0.9326603190344698,-16.14,2,"[455.79998779296875, 646.7999877929688]"
std,1788868303.8699884,27.221564376000003,0.5703717340274728,0.903,0.0,0.519,0.5,3.837265721287558,13,0.8559612796401878,-110.28999999999999,2,"[531.2000122070312, 589.2000122070312]"
std,1788868303.9196663,27.271242212,0.512417195967886,0.903,0.0,0.519,0.5,3.993545812353524,13,0.7577865092155067,-110.28999999999999,2,"[531.2000122070312, 589.2000122070312]"
std,1788868303.9696624,27.321238197000003,0.4637567974885615,0.903,0.0,0.519,0.5,4.150642318527154,13,0.6856894121848816,-115.67,2,"[608.7999877929688, 496.79998779296875]"
std,1788868304.0198092,27.371385119000003,0.4258506023421809,0.903,0.0,0.519,0.5,4.308050891665438,13,0.6212622190936846,-147.95,2,"[608.7999877929688, 496.79998779296875]"
std,1788868304.0698915,27.421467337000003,0.39976608975110006,0.903,0.0,0.519,0.5,4.46527409827079,13,0.5614369683661447,-142.57,2,"[649.0, 415.0]"
std,1788868304.1199577,27.471533456000003,0.38608981110368357,0.903,0.0,0.519,0.5,4.622619094998548,13,0.5077476407901472,-166.78,2,"[649.0, 415.0]"
std,1788868304.1698809,27.521456965000002,0.38516461607997765,0.903,0.0,0.519,0.5,4.7793934779694425,13,0.4678641403051206,-190.99,2,"[664.75, 360.5]"
std,1788868304.2199988,27.571574668,0.39701742803545137,0.903,0.0,0.519,0.5,4.936831871105191,13,0.4325825821837508,-180.23,2,"[664.75, 360.5]"
std,1788868304.2698643,27.621440342000003,0.421246237744532,0.903,0.0,0.519,0.5,5.093546651780265,13,0.4111068511533518,-201.75,2,"[658.2000122070312, 357.3999938964844]"
std,1788868304.3196754,27.671251523000002,0.45727723895381583,0.903,0.0,0.519,0.5,5.250241665554363,13,0.401902966426038,-201.75,2,"[658.2000122070312, 357.3999938964844]"
std,1788868304.369677,27.721252970000002,0.5043461212398825,0.903,0.0,0.519,0.5,5.4072866527500665,13,0.4003689856381523,-45.73,2,"[669.4000244140625, 329.20001220703125]"
std,1788868304.4199173,27.771493295000003,0.5614367425367479,0.903,0.0,0.519,0.5,5.564868864855903,13,0.41264083194123746,-53.8,2,"[669.4000244140625, 329.20001220703125]"
std,1788868304.4699445,27.821520364,0.6268547524787375,0.903,0.0,0.519,0.5,5.72213974198818,13,0.4387185053352934,-72.63,2,"[662.4000244140625, 346.0]"
std,1788868304.5198553,27.871431181000002,0.698811602301126,0.903,0.0,0.519,0.5,5.878829515585728,13,0.47553404424454876,-56.49,2,"[662.4000244140625, 346.0]"
std,1788868304.5698555,27.921431293,0.7760202864422409,0.903,0.0,0.519,0.5,6.0360139549377365,13,0.5200194870932323,5.38,2,"[651.4000244140625, 382.0]"
std,1788868304.6198862,27.971462130000003,0.8563140918793026,0.903,0.0,0.519,0.5,6.193109971022913,13,0.5767767762450011,2.69,2,"[651.4000244140625, 382.0]"
std,1788868304.6698616,28.021437404,0.937737137151577,0.903,0.0,0.519,0.5,0.06698097333895703,14,0.641203969336198,2.69,2,"[501.20001220703125, 421.79998779296875]"
std,1788868304.7196858,28.071261693,1.0181311538095281,0.903,0.0,0.519,0.5,0.22369356432395193,14,0.7286408742456796,2.69,2,"[501.20001220703125, 421.79998779296875]"
std,1788868304.7696717,28.12124769,1.0958661441412594,0.903,0.0,0.519,0.5,0.38074375713868847,14,0.8007379712763046,2.69,2,"[587.3333129882812, 446.5]"
std,1788868304.8197403,28.171316295,1.168947317677525,0.903,0.0,0.519,0.5,0.5380035287409299,14,0.8759030298827011,5.38,2,"[587.3333129882812, 446.5]"
std,1788868304.8698401,28.221416113,1.2354648606368728,0.903,0.0,0.519,0.5,0.6952629799007326,14,0.9510680884890975,53.8,2,"[493.5, 638.5]"
std,1788868304.9200146,28.271590653,1.2938744114968663,0.903,0.0,0.519,0.5,0.8528068048859438,14,1.0231651855197226,91.46,2,"[493.5, 638.5]"
std,1788868304.9697,28.32127622,1.3422622833566644,0.903,0.0,0.519,0.5,1.0091186888695631,14,1.0967962633382335,96.84,2,"[465.79998779296875, 676.7999877929688]"
std,1788868305.0199728,28.371548742,1.3802344285759323,0.903,0.0,0.519,0.5,1.166874891801342,14,1.1658253987930873,134.5,2,"[465.79998779296875, 676.7999877929688]"
std,1788868305.069681,28.421256933000002,1.406174517863077,0.903,0.0,0.519,0.5,1.3232140416675975,14,1.2425244381873692,134.5,2,"[419.6000061035156, 706.2000122070312]"
std,1788868305.1197171,28.471293244,1.4198791729444955,0.903,0.0,0.519,0.5,1.480362283589045,14,1.2931458041875956,112.98,2,"[419.6000061035156, 706.2000122070312]"
std,1788868305.169679,28.521254948000003,1.4208507304954292,0.903,0.0,0.519,0.5,1.6373577247270106,14,1.3330293046726223,199.06,2,"[331.20001220703125, 733.7999877929688]"
std,1788868305.2197156,28.571291632,1.4090614000845785,0.903,0.0,0.519,0.5,1.794555760892024,14,1.3652429012182206,199.06,2,"[331.20001220703125, 733.7999877929688]"
std,1788868305.2698882,28.621464137,1.3847445102489968,0.903,0.0,0.519,0.5,1.952001916903228,14,1.3867186322486196,231.34,2,"[378.5, 629.3333129882812]"
std,1788868305.3199034,28.67147937,1.34860988450607,0.903,0.0,0.519,0.5,2.109073400291379,14,1.3959225169759335,215.2,2,"[378.5, 629.3333129882812]"
std,1788868305.3698978,28.721473682000003,1.301467920714517,0.903,0.0,0.519,0.5,2.2662533880065894,14,1.394388536188048,107.6,2,"[370.0, 794.5]"
std,1788868305.419875,28.771450863000002,1.2445926726645717,0.903,0.0,0.519,0.5,2.423200932422958,14,1.3882526130365052,-5.38,2,"[370.0, 794.5]"
std,1788868305.4699328,28.821508915000003,1.1791963777879504,0.903,0.0,0.519,0.5,2.5804307300897023,14,1.363708920430335,-8.07,2,"[380.79998779296875, 744.2000122070312]"
std,1788868305.5197692,28.871345003000002,1.107195615349367,0.903,0.0,0.519,0.5,2.7372217352273225,14,1.3176894967937658,-8.07,2,"[380.79998779296875, 744.2000122070312]"
std,1788868305.5696676,28.9212436,1.0302006652133642,0.903,0.0,0.519,0.5,2.893982207225946,14,1.2701360923693108,-2.69,2,"[378.20001220703125, 720.2000122070312]"
std,1788868305.6197023,28.971278321000003,0.9498514518161473,0.903,0.0,0.519,0.5,3.05119704777006,14,1.214912784005428,-2.69,2,"[378.20001220703125, 720.2000122070312]"
std,1788868305.6699457,29.021521723000003,0.8681277687815262,0.903,0.0,0.519,0.5,3.208834511065902,14,1.1520195717021164,-2.69,2,"[389.3999938964844, 699.5999755859375]"
std,1788868305.7199326,29.071508536000003,0.7875543045964948,0.903,0.0,0.519,0.5,3.36590780086982,14,1.081456455459377,-16.14,2,"[389.3999938964844, 699.5999755859375]"
std,1788868305.7699213,29.121497364000003,0.7098440593552702,0.903,0.0,0.519,0.5,3.5229379283322686,14,1.0078253776408663,-13.45,2,"[462.20001220703125, 654.5999755859375]"
std,1788868305.819861,29.171436866,0.6369541250325716,0.903,0.0,0.519,0.5,3.6798173347455787,14,0.9326603190344698,-26.9,2,"[462.20001220703125, 654.5999755859375]"
std,1788868305.8698525,29.221428418000002,0.5705229660633258,0.903,0.0,0.519,0.5,3.8368861791959006,14,0.8559612796401878,-110.28999999999999,2,"[538.75, 559.75]"
std,1788868305.9197667,29.271342548000003,0.5123118320452027,0.903,0.0,0.519,0.5,3.9938541565308867,14,0.7593204900033924,-110.28999999999999,2,"[538.75, 559.75]"
std,1788868305.9696612,29.321237262,0.46376176800539237,0.903,0.0,0.519,0.5,4.1506243391924045,14,0.6856894121848816,-112.98,2,"[600.1666870117188, 492.5]"
std,1788868306.019731,29.371307060000003,0.42588379599715576,0.903,0.0,0.519,0.5,4.30788835194474,14,0.6212622190936846,-145.26,2,"[600.1666870117188, 492.5]"
std,1788868306.0699632,29.421539161000002,0.3997294133000874,0.903,0.0,0.519,0.5,4.465563165635643,14,0.5614369683661447,-142.57,2,"[654.5, 404.5]"
std,1788868306.1199486,29.471524665,0.3860908977417221,0.903,0.0,0.519,0.5,4.622595743540373,14,0.5077476407901472,-174.85,2,"[654.5, 404.5]"
std,1788868306.169841,29.521416914000003,0.38516178172385995,0.903,0.0,0.519,0.5,4.779311862533916,14,0.4678641403051206,-188.29999999999998,2,"[664.4000244140625, 362.3999938964844]"
std,1788868306.2199445,29.571520444,0.3970057554755313,0.903,0.0,0.519,0.5,4.936730796644767,14,0.4325825821837508,-182.92,2,"[664.4000244140625, 362.3999938964844]"
std,1788868306.269972,29.621547916,0.42131102866117043,0.903,0.0,0.519,0.5,5.093882101619059,14,0.4111068511533518,-207.13,2,"[658.0, 354.6000061035156]"
std,1788868306.319822,29.671398207000003,0.4573758961208543,0.903,0.0,0.519,0.5,5.250612609106952,14,0.4003689856381523,-207.13,2,"[658.0, 354.6000061035156]"
std,1788868306.3696609,29.721236608,0.5043451106383887,0.903,0.0,0.519,0.5,5.407283611688399,14,0.4003689856381523,-51.11,2,"[549.0, 343.6000061035156]"
std,1788868306.4198272,29.771403193,0.5613778600618262,0.903,0.0,0.519,0.5,5.564718168939521,14,0.4111068511533518,-61.87,2,"[549.0, 343.6000061035156]"
std,1788868306.4699485,29.821524489,0.6268417148581249,0.903,0.0,0.519,0.5,5.7221100727871885,14,0.4387185053352934,-51.11,2,"[662.8333129882812, 285.6666564941406]"
std,1788868306.5199294,29.871505310000003,0.6989755147514188,0.903,0.0,0.519,0.5,5.879173017326508,14,0.47553404424454876,-64.56,2,"[662.8333129882812, 285.6666564941406]"
std,1788868306.5699542,29.921530035000004,0.7761515319478887,0.903,0.0,0.519,0.5,6.036274754251906,14,0.5200194870932323,5.38,2,"[633.25, 365.25]"
std,1788868306.6199434,29.971519110000003,0.8564396595081157,0.903,0.0,0.519,0.5,6.193352894674888,14,0.5767767762450011,2.69,2,"[633.25, 365.25]"
std,1788868306.6699417,30.021517613,0.9378677916748733,0.903,0.0,0.519,0.5,0.06723328406977913,15,0.6396699885483124,2.69,2,"[611.0, 424.0]"
std,1788868306.7198102,30.071386161000003,1.0182884540207142,0.903,0.0,0.519,0.5,0.22400440292590673,15,0.7271068934577939,2.69,2,"[611.0, 424.0]"
std,1788868306.7696652,30.121241023000003,1.095857797432668,0.903,0.0,0.519,0.5,0.3807264343968271,15,0.8007379712763046,2.69,2,"[586.7999877929688, 528.2000122070312]"
std,1788868306.8198657,30.171441516,1.1690412270574457,0.903,0.0,0.519,0.5,0.5382142510682044,15,0.8759030298827011,2.69,2,"[586.7999877929688, 528.2000122070312]"
std,1788868306.869878,30.221454059000003,1.2354885083305085,0.903,0.0,0.519,0.5,0.6953223183028072,15,0.9495341077012119,53.8,2,"[524.2000122070312, 621.7999877929688]"
std,1788868306.9198549,30.271430781000003,1.2937189932077495,0.903,0.0,0.519,0.5,0.852351732623724,15,1.0231651855197226,96.84,2,"[524.2000122070312, 621.7999877929688]"
std,1788868306.9697244,30.321300433,1.3422707822611117,0.903,0.0,0.519,0.5,1.0091494356368926,15,1.0952622825503477,99.53,2,"[463.3999938964844, 668.4000244140625]"
std,1788868307.0199554,30.371531143000002,1.3802325144088274,0.903,0.0,0.519,0.5,1.1668655078641095,15,1.1658253987930873,137.19,2,"[463.3999938964844, 668.4000244140625]"
std,1788868307.0699592,30.421535097000003,1.4062679453827975,0.903,0.0,0.519,0.5,1.3239496832865782,15,1.227184630308513,121.05,2,"[413.0, 710.25]"
std,1788868307.119685,30.471260857,1.4198760726313813,0.903,0.0,0.519,0.5,1.480296162488493,15,1.2931458041875956,121.05,2,"[413.0, 710.25]"
std,1788868307.1696405,30.521216396000003,1.420852945008108,0.903,0.0,0.519,0.5,1.6372935419891306,15,1.3330293046726223,188.29999999999998,2,"[392.6000061035156, 732.0]"
std,1788868307.219856,30.571432001,1.4090266844914745,0.903,0.0,0.519,0.5,1.7948570050700212,15,1.3652429012182206,199.06,2,"[392.6000061035156, 732.0]"
std,1788868307.2698867,30.62146285,1.3847248045751703,0.903,0.0,0.519,0.5,1.9521039589742415,15,1.3867186322486196,223.26999999999998,2,"[386.79998779296875, 739.2000122070312]"
std,1788868307.3199408,30.671516565,1.348549932164017,0.903,0.0,0.519,0.5,2.1092986839005974,15,1.394388536188048,212.51,2,"[386.79998779296875, 739.2000122070312]"
std,1788868307.369921,30.721496742000003,1.3014459411902344,0.903,0.0,0.519,0.5,2.2663194808328697,15,1.394388536188048,112.98,2,"[384.79998779296875, 742.7999877929688]"
std,1788868307.4199338,30.771509719,1.2445033052014431,0.903,0.0,0.519,0.5,2.4234296246602085,15,1.3882526130365052,-5.38,2,"[384.79998779296875, 742.7999877929688]"
std,1788868307.469971,30.82154694,1.179113529084218,0.903,0.0,0.519,0.5,2.5806192664896557,15,1.3621749396424494,-8.07,2,"[383.20001220703125, 741.2000122070312]"
std,1788868307.5196717,30.871247707000002,1.1073440967072337,0.903,0.0,0.519,0.5,2.7369105259175015,15,1.3161555160058802,-8.07,2,"[383.20001220703125, 741.2000122070312]"
std,1788868307.5696597,30.921235627,1.0301868714702338,0.903,0.0,0.519,0.5,2.8940096207634767,15,1.2686021115814252,-2.69,2,"[341.79998779296875, 726.4000244140625]"
std,1788868307.619862,30.971438111,0.9496958819616159,0.903,0.0,0.519,0.5,3.0514980217710885,15,1.213378803217542,-2.69,2,"[341.79998779296875, 726.4000244140625]"
std,1788868307.6698675,31.021443441000002,0.8682484231152265,0.903,0.0,0.519,0.5,3.20860151170519,15,1.1520195717021164,-2.69,2,"[410.6666564941406, 594.1666870117188]"
std,1788868307.7199628,31.071538750000002,0.7875086586262106,0.903,0.0,0.519,0.5,3.3659980117029065,15,1.0829904362472627,-13.45,2,"[410.6666564941406, 594.1666870117188]"
std,1788868307.7699249,31.121500919000002,0.7098444830962001,0.903,0.0,0.519,0.5,3.522937048686366,15,1.009359358428752,-18.83,2,"[457.25, 649.25]"
std,1788868307.8199039,31.171479773,0.636922410819247,0.903,0.0,0.519,0.5,3.6798885043855947,15,0.9326603190344698,-24.21,2,"[457.25, 649.25]"
std,1788868307.8698983,31.221474165000004,0.570488616319236,0.903,0.0,0.519,0.5,3.8369723750735787,15,0.8559612796401878,-99.53,2,"[528.4000244140625, 596.5999755859375]"
std,1788868307.9196892,31.271264891,0.5123923956210465,0.903,0.0,0.519,0.5,3.9936183800022818,15,0.7593204900033924,-99.53,2,"[528.4000244140625, 596.5999755859375]"
std,1788868307.969802,31.321377757,0.46368435940244057,0.903,0.0,0.519,0.5,4.150904399611143,15,0.6872233929727672,-126.42999999999999,2,"[606.7999877929688, 502.20001220703125]"
std,1788868308.019939,31.371514922000003,0.42579852056972006,0.903,0.0,0.519,0.5,4.308306045537627,15,0.6227961998815703,-156.02,2,"[606.7999877929688, 502.20001220703125]"
std,1788868308.0699582,31.421534062000003,0.39973330961813325,0.903,0.0,0.519,0.5,4.465532440859526,15,0.5629709491540303,-150.64,2,"[650.5999755859375, 419.6000061035156]"
std,1788868308.119941,31.471516973000004,0.3860921114604954,0.903,0.0,0.519,0.5,4.622569668321383,15,0.5092816215780329,-182.92,2,"[650.5999755859375, 419.6000061035156]"
std,1788868308.1698346,31.521410517000003,0.38516226949046883,0.903,0.0,0.519,0.5,4.779325914877894,15,0.4693981210930062,-180.23,2,"[669.0, 367.79998779296875]"
std,1788868308.2199419,31.571517563,0.39700459514143893,0.903,0.0,0.519,0.5,4.9367207466899075,15,0.4325825821837508,-185.60999999999999,2,"[669.0, 367.79998779296875]"
std,1788868308.269994,31.621570141000003,0.42132264526148533,0.903,0.0,0.519,0.5,5.093942215994524,15,0.41264083194123746,-199.06,2,"[676.5, 358.0]"
std,1788868308.3197505,31.671326443,0.45733293814512227,0.903,0.0,0.519,0.5,5.250451118678235,15,0.40343694721392365,-199.06,2,"[676.5, 358.0]"
std,1788868308.3697987,31.721374563,0.5044434537959244,0.903,0.0,0.519,0.5,5.4075794900261585,15,0.40343694721392365,-56.49,2,"[676.4000244140625, 341.6000061035156]"
std,1788868308.4198456,31.771421453000002,0.5613834167884564,0.903,0.0,0.519,0.5,5.564732390929514,15,0.41264083194123746,-59.18,2,"[676.4000244140625, 341.6000061035156]"
std,1788868308.4699576,31.821533497,0.6268710719354063,0.903,0.0,0.519,0.5,5.722176878755015,15,0.440252486123179,-56.49,2,"[668.0, 337.3999938964844]"
std,1788868308.5198417,31.871417581000003,0.6988349269491152,0.903,0.0,0.519,0.5,5.87887839876749,15,0.4770680250324344,-43.04,2,"[668.0, 337.3999938964844]"
std,1788868308.5698404,31.921416453000003,0.7759978799986402,0.903,0.0,0.519,0.5,6.035969429145133,15,0.521553467881118,5.38,2,"[651.5999755859375, 345.6000061035156]"
std,1788868308.619837,31.971412945,0.8562398584694569,0.903,0.0,0.519,0.5,6.192966356256427,15,0.5783107570328867,2.69,2,"[651.5999755859375, 345.6000061035156]"
std,1788868308.6698554,32.021431377,0.9377308657178542,0.903,0.0,0.519,0.5,0.06696886249935119,16,0.641203969336198,2.69,2,"[622.2000122070312, 421.20001220703125]"
std,1788868308.7196898,32.071265653000005,1.018144867922118,0.903,0.0,0.519,0.5,0.2237206637022524,16,0.7286408742456796,2.69,2,"[622.2000122070312, 421.20001220703125]"
std,1788868308.769666,32.121241798,1.095867703277033,0.903,0.0,0.519,0.5,0.3807469929791836,16,0.8007379712763046,2.69,2,"[590.25, 530.25]"
std,1788868308.81984,32.171415706000005,1.1690153620296915,0.903,0.0,0.519,0.5,0.538156210143967,16,0.8759030298827011,5.38,2,"[590.25, 530.25]"
std,1788868308.8698552,32.221431089,1.2354697460198238,0.903,0.0,0.519,0.5,0.6952752383953396,16,0.9495341077012119,53.8,2,"[533.0, 623.0]"
std,1788868308.9199395,32.271515266,1.2938176982534968,0.903,0.0,0.519,0.5,0.8526407183071996,16,1.0231651855197226,88.77,2,"[533.0, 623.0]"
std,1788868308.969847,32.321422743,1.342347337039375,0.903,0.0,0.519,0.5,1.009426458135536,16,1.0967962633382335,91.46,2,"[464.20001220703125, 655.7999877929688]"
std,1788868309.019939,32.371514825000006,1.380219224944629,0.903,0.0,0.519,0.5,1.1668003637988846,16,1.1658253987930873,134.5,2,"[464.20001220703125, 655.7999877929688]"
std,1788868309.0696945,32.421270570000004,1.4061828497770754,0.903,0.0,0.519,0.5,1.3232795595824598,16,1.2409904573994837,134.5,2,"[439.6000061035156, 712.2000122070312]"
std,1788868309.1196856,32.471261551000005,1.4198790507247505,0.903,0.0,0.519,0.5,1.4803596760672235,16,1.2931458041875956,123.74,2,"[439.6000061035156, 712.2000122070312]"
std,1788868309.1696668,32.521242564000005,1.4208497804090547,0.903,0.0,0.519,0.5,1.6373852419371389,16,1.3345632854605078,201.75,2,"[355.3999938964844, 743.7999877929688]"
std,1788868309.2198591,32.571435054000005,1.409028841048812,0.903,0.0,0.519,0.5,1.7948383031689872,16,1.3667768820061064,204.44,2,"[355.3999938964844, 743.7999877929688]"
std,1788868309.2698276,32.621403568000005,1.3847651442297462,0.903,0.0,0.519,0.5,1.9518950399212116,16,1.3867186322486196,220.57999999999998,2,"[309.3999938964844, 735.0]"
std,1788868309.3199627,32.671538591,1.3485431086544006,0.903,0.0,0.519,0.5,2.1093243192966753,16,1.394388536188048,215.2,2,"[309.3999938964844, 735.0]"
std,1788868309.3699958,32.721571855,1.3014008400010666,0.903,0.0,0.519,0.5,2.266455084538194,16,1.394388536188048,107.6,2,"[380.8333435058594, 632.8333129882812]"
std,1788868309.419972,32.771547785,1.2444735280400199,0.903,0.0,0.519,0.5,2.4235058145652744,16,1.3882526130365052,-5.38,2,"[380.8333435058594, 632.8333129882812]"
std,1788868309.4697757,32.821351642,1.1793245100545313,0.903,0.0,0.519,0.5,2.580139099185317,16,1.3560390164909069,-5.38,2,"[374.75, 739.5]"
std,1788868309.5197744,32.871350353000004,1.1071932469458114,0.903,0.0,0.519,0.5,2.737226698943772,16,1.3176894967937658,-8.07,2,"[374.75, 739.5]"
std,1788868309.569697,32.921272797,1.0301484742192355,0.903,0.0,0.519,0.5,2.8940859300490587,16,1.2701360923693108,-2.69,2,"[379.6000061035156, 716.7999877929688]"
std,1788868309.6198637,32.971439496,0.9496794791898736,0.903,0.0,0.519,0.5,3.051529754998512,16,1.214912784005428,-2.69,2,"[379.6000061035156, 716.7999877929688]"
std,1788868309.6699286,33.021504364,0.8681407457910375,0.903,0.0,0.519,0.5,3.20880945058137,16,1.1535535524900022,-2.69,2,"[391.3999938964844, 692.5999755859375]"
std,1788868309.719984,33.071559865000005,0.7874882338888627,0.903,0.0,0.519,0.5,3.3660383780269427,16,1.0845244170351482,-13.45,2,"[391.3999938964844, 692.5999755859375]"
std,1788868309.7700133,33.121589164,0.7097318807109496,0.903,0.0,0.519,0.5,3.5231708114541647,16,1.009359358428752,-18.83,2,"[452.3999938964844, 646.2000122070312]"
std,1788868309.8198047,33.171380723,0.6370198816504924,0.903,0.0,0.519,0.5,3.6796697804219036,16,0.9341942998223555,-24.21,2,"[452.3999938964844, 646.2000122070312]"
std,1788868309.869777,33.221352996,0.5705750406138006,0.903,0.0,0.519,0.5,3.83675551721592,16,0.8574952604280734,-99.53,2,"[561.0, 602.7999877929688]"
std,1788868309.919748,33.271323911,0.5123613452103221,0.903,0.0,0.519,0.5,3.9937092442866344,16,0.7593204900033924,-99.53,2,"[561.0, 602.7999877929688]"
std,1788868309.9696743,33.321250325,0.4637567940145248,0.903,0.0,0.519,0.5,4.150642331093607,16,0.6872233929727672,-118.36,2,"[620.5, 507.75]"
std,1788868310.0197263,33.371302067,0.4258972899352053,0.903,0.0,0.519,0.5,4.307822293676082,16,0.624330180669456,-145.26,2,"[620.5, 507.75]"
std,1788868310.0697544,33.421330435,0.3998039402487594,0.903,0.0,0.519,0.5,4.46497612449086,16,0.5629709491540303,-150.64,2,"[634.0, 428.0]"
std,1788868310.1198132,33.471389280000004,0.38610837528484987,0.903,0.0,0.519,0.5,4.622220986094376,16,0.5092816215780329,-174.85,2,"[634.0, 428.0]"
std,1788868310.1697743,33.521350033000004,0.38515751918908814,0.903,0.0,0.519,0.5,4.779188935155034,16,0.4693981210930062,-180.23,2,"[657.7999877929688, 368.79998779296875]"
std,1788868310.2197251,33.571301186,0.39693945232988104,0.903,0.0,0.519,0.5,4.936155816074191,16,0.4325825821837508,-185.60999999999999,2,"[657.7999877929688, 368.79998779296875]"
std,1788868310.2698643,33.621440228000004,0.42124667990863185,0.903,0.0,0.519,0.5,5.093548942001391,16,0.41264083194123746,-207.13,2,"[675.4000244140625, 369.3999938964844]"
std,1788868310.3197749,33.671350702000005,0.4573550533154689,0.903,0.0,0.519,0.5,5.250534260927822,16,0.401902966426038,-207.13,2,"[675.4000244140625, 369.3999938964844]"
std,1788868310.369828,33.721403894000005,0.5044610667530447,0.903,0.0,0.519,0.5,5.407632469844671,16,0.401902966426038,-59.18,2,"[678.2000122070312, 345.20001220703125]"
std,1788868310.4198601,33.771436087000005,0.561401607051222,0.903,0.0,0.519,0.5,5.564778946191055,16,0.41264083194123746,-64.56,2,"[678.2000122070312, 345.20001220703125]"
std,1788868310.4698725,33.821448313000005,0.626737417124207,0.903,0.0,0.519,0.5,5.721872706612714,16,0.4387185053352934,-67.25,2,"[543.2000122070312, 347.3999938964844]"
std,1788868310.5199761,33.87155206,0.6990340337600764,0.903,0.0,0.519,0.5,5.879295639971019,16,0.47553404424454876,-59.18,2,"[543.2000122070312, 347.3999938964844]"
std,1788868310.569952,33.92152792,0.7761660158842112,0.903,0.0,0.519,0.5,6.03630353438227,16,0.5200194870932323,-34.97,2,"[645.4000244140625, 363.79998779296875]"
std,1788868310.6199374,33.971513194,0.8564350540952571,0.903,0.0,0.519,0.5,6.19334398511819,16,0.5767767762450011,2.69,2,"[645.4000244140625, 363.79998779296875]"
std,1788868310.6697652,34.021341187000004,0.9376612549015081,0.903,0.0,0.519,0.5,0.06683443689131963,17,0.6565437772150544,2.69,2,"[626.7999877929688, 416.0]"
std,1788868310.7199073,34.071483214000004,0.9696652894877464,0.903,0.0,0.3,0.5,0.22408838398079212,17,0.7286408742456796,2.69,2,"[626.7999877929688, 416.0]"
std,1788868310.769712,34.121287885,1.0144929687116704,0.903,0.0,0.3,0.5,0.380778399480981,17,0.8007379712763046,2.69,2,"[591.2000122070312, 527.2000122070312]"
std,1788868310.8198652,34.171441162,1.056787432830447,0.903,0.0,0.3,0.5,0.5382390068183796,17,0.8713010875190442,2.69,2,"[591.2000122070312, 527.2000122070312]"
std,1788868310.8697848,34.22136093,1.0951542797352536,0.903,0.0,0.3,0.5,0.6951677425195371,17,0.9280583766708129,21.52,2,"[524.2000122070312, 620.5999755859375]"
std,1788868310.9197302,34.271306098000004,1.1287912317389592,0.903,0.0,0.3,0.5,0.8520585780469148,17,0.9740778003073821,72.63,2,"[524.2000122070312, 620.5999755859375]"
std,1788868310.969743,34.321318888,1.1569196431537088,0.903,0.0,0.3,0.5,1.0091863399258543,17,1.0139613007924089,69.94,2,"[484.3999938964844, 648.4000244140625]"
std,1788868311.0197928,34.371368732,1.17880974167416,0.903,0.0,0.3,0.5,1.1664653663494775,17,1.055378782065321,88.77,2,"[484.3999938964844, 648.4000244140625]"
std,1788868311.069805,34.421380936000006,1.193878044217917,0.903,0.0,0.3,0.5,1.3235641533193743,17,1.0906603401866908,96.84,2,"[456.3999938964844, 674.5999755859375]"
std,1788868311.1198323,34.471408121,1.201782413828718,0.903,0.0,0.3,0.5,1.4806700936957427,17,1.1259418983080607,96.84,2,"[456.3999938964844, 674.5999755859375]"
std,1788868311.1697226,34.521298427000005,1.2023338451430385,0.903,0.0,0.3,0.5,1.6374497356927478,17,1.1504855909142309,107.6,2,"[435.25, 702.0]"
std,1788868311.219743,34.571318940000005,1.1955187022251028,0.903,0.0,0.3,0.5,1.794590883897989,17,1.1688933603688585,107.6,2,"[435.25, 702.0]"
std,1788868311.2698402,34.621416053000004,1.1814733501638794,0.903,0.0,0.3,0.5,1.951927407750354,17,1.179631225884058,123.74,2,"[422.20001220703125, 688.5999755859375]"
std,1788868311.319794,34.671369964,1.160606161776649,0.903,0.0,0.3,0.5,2.108890053802604,17,1.184233168247715,104.91,2,"[422.20001220703125, 688.5999755859375]"
std,1788868311.3699353,34.721511132,1.1333308213914077,0.903,0.0,0.3,0.5,2.266240155618412,17,1.184233168247715,56.49,2,"[418.20001220703125, 692.5999755859375]"
std,1788868311.4199657,34.771541839,1.1003856132556025,0.903,0.0,0.3,0.5,2.4234966473979327,17,1.1780972450961724,-2.69,2,"[418.20001220703125, 692.5999755859375]"
std,1788868311.4697711,34.821347098000004,1.0627249452882985,0.903,0.0,0.3,0.5,2.580139906574651,17,1.1612234564294304,-2.69,2,"[421.6000061035156, 679.7999877929688]"
std,1788868311.5197318,34.871307652,1.0210702432975434,0.903,0.0,0.3,0.5,2.7370836056816117,17,1.1397477253990314,-2.69,2,"[421.6000061035156, 679.7999877929688]"
std,1788868311.5696766,34.921252472,0.9765119370749875,0.903,0.0,0.3,0.5,2.8940319197881834,17,1.1121360712170898,-2.69,2,"[406.3999938964844, 679.5999755859375]"
std,1788868311.6198442,34.971420067000004,0.9300037648784485,0.903,0.0,0.3,0.5,3.051458107836474,17,1.0799224746714913,-2.69,2,"[406.3999938964844, 679.5999755859375]"
std,1788868311.6698604,35.021436348,0.8829179126393145,0.903,0.0,0.3,0.5,3.208583039140443,17,1.0446409165501216,-2.69,2,"[365.6000061035156, 667.7999877929688]"
std,1788868311.7199364,35.071512191000004,0.8362770160122277,0.903,0.0,0.3,0.5,3.365878288748526,17,1.0032234352772094,-18.83,2,"[365.6000061035156, 667.7999877929688]"
std,1788868311.7698753,35.121451237,0.7741670856008468,0.903,0.0,0.3,0.7,3.5854686245624734,17,0.9633399347921826,-16.14,2,"[493.20001220703125, 631.0]"
std,1788868311.8197622,35.17133822,0.7182300897052275,0.903,0.0,0.3,0.7,3.805120117760616,17,0.9188544919434991,-37.66,2,"[493.20001220703125, 631.0]"
std,1788868311.8699741,35.221549976000006,0.6709742784623418,0.903,0.0,0.3,0.7,4.025809949428115,17,0.8743690490948155,-80.7,2,"[499.0, 583.7999877929688]"
std,1788868311.9199202,35.271496231,0.6351266830523457,0.903,0.0,0.3,0.7,4.2453626012098695,17,0.8068738944278473,-80.7,2,"[499.0, 583.7999877929688]"
std,1788868311.969779,35.321354866,0.6121473399153079,0.903,0.0,0.3,0.7,4.464811287637623,17,0.7531845668518499,-78.01,2,"[555.4000244140625, 540.0]"
std,1788868312.0197277,35.371303748,0.6031159221747121,0.903,0.0,0.3,0.7,4.68458854381624,17,0.7071651432152806,-110.28999999999999,2,"[555.4000244140625, 540.0]"
std,1788868312.0697722,35.421348054,0.6085333676620981,0.903,0.0,0.3,0.7,4.904750825422333,17,0.6672816427302539,-88.77,2,"[593.2000122070312, 475.79998779296875]"
std,1788868312.1197205,35.471296588,0.6281109900557793,0.903,0.0,0.3,0.7,5.124451583191508,17,0.6366020269725411,-107.6,2,"[593.2000122070312, 475.79998779296875]"
std,1788868312.169718,35.521294164000004,0.660932805529974,0.903,0.0,0.3,0.7,5.344316113442353,17,0.619728238305799,-107.6,2,"[627.4000244140625, 433.6000061035156]"
std,1788868312.2197857,35.571361383,0.7054644105109569,0.903,0.0,0.3,0.7,5.564425255637026,17,0.6181942575179133,-67.25,2,"[627.4000244140625, 433.6000061035156]"
std,1788868312.2697523,35.621328015,0.7594410315838027,0.903,0.0,0.3,0.7,5.7842056037711345,17,0.6227961998815703,2.69,2,"[614.7999877929688, 410.6000061035156]"
std,1788868312.319892,35.671467688,0.820541652357123,0.903,0.0,0.3,0.7,6.004740010796958,17,0.6473398924877406,2.69,2,"[614.7999877929688, 410.6000061035156]"
std,1788868312.36973,35.721305856,0.8852617951302255,0.903,0.0,0.3,0.7,6.2240234513360875,17,0.6810874698212247,2.69,2,"[611.0, 437.75]"
std,1788868312.4198704,35.771446299000004,0.9511452681627166,0.903,0.0,0.3,0.7,0.16118121939325647,18,0.7240389318820226,2.69,2,"[611.0, 437.75]"
std,1788868312.4698718,35.821447663,1.014577790811954,0.903,0.0,0.3,0.7,0.38108297186218465,18,0.7746602978822488,2.69,2,"[583.0, 495.0]"
std,1788868312.5199883,35.871564166,1.072765095441607,0.903,0.0,0.3,0.7,0.6015046214727988,18,0.8329515678219032,2.69,2,"[583.0, 495.0]"
std,1788868312.569944,35.921519884000006,1.1225992709559058,0.903,0.0,0.3,0.7,0.8212493175568341,18,0.8912428377615575,2.69,2,"[556.5999755859375, 573.0]"
