t_ros_sec,t_rel_sec,tail_target_rad,tail_bias_rad,tail_bias_offset_rad,tail_amp_rad,tail_freq_hz,phase_rad,cycle_idx,present_position_rad,present_current_ma,sensor_len,sensor_values
1779196824.621259,0.024978035000000003,0.9185170093717763,0.903,0.0,0.2,0.5008226774333333,0.0776630948725394,0,1.086058397823034,43.04,2,"[460.20001220703125, 627.0]"
1779196824.671388,0.07510719,0.949742598779043,0.903,0.0,0.2,0.5024932366333333,0.23589469291550447,0,1.0753205323078345,43.04,2,"[472.3999938964844, 652.5999755859375]"
1779196824.7212029,0.12492199500000001,0.9797610812872245,0.903,0.0,0.2,0.50415605,0.39391380357708683,0,1.038504993398579,-2.69,2,"[472.3999938964844, 652.5999755859375]"
1779196824.7714005,0.17511965100000002,1.0080816136749147,0.903,0.0,0.2,0.5058266048666666,0.5531946427455408,0,0.9878836273983529,-2.69,2,"[462.20001220703125, 625.0]"
1779196824.8212154,0.22493446500000003,1.0337218119250469,0.903,0.0,0.2,0.5074903015333333,0.7123433138375534,0,0.9602719732164113,-2.69,2,"[462.20001220703125, 625.0]"
1779196824.8714101,0.275129185,1.0562005179552012,0.903,0.0,0.2,0.509160082,0.8725995162803085,0,0.9602719732164113,8.07,2,"[503.3999938964844, 622.2000122070312]"
1779196824.9211397,0.324858947,1.074731697417935,0.903,0.0,0.2,0.5108222569666667,1.0326465656746666,0,0.9771457618831534,64.56,2,"[503.3999938964844, 622.2000122070312]"
1779196824.9710014,0.374720594,1.0889136328794022,0.903,0.0,0.2,0.5124846931666667,1.193239712701379,0,1.0016894544893238,75.32,2,"[479.6000061035156, 595.4000244140625]"
1779196825.0211124,0.424831528,1.098364342037546,0.903,0.0,0.2,0.5141545210666667,1.355072492917172,0,1.026233147095494,96.84,2,"[479.6000061035156, 595.4000244140625]"
1779196825.0711672,0.47488637800000005,1.1027127490451072,0.903,0.0,0.2,0.5158219219,1.5171941120863086,0,1.0507768397016641,115.67,2,"[480.0, 598.4000244140625]"
1779196825.1212027,0.524921987,1.1018119591830247,0.903,0.0,0.2,0.5174894029333333,1.679847639695078,0,1.0676506283684062,123.74,2,"[480.0, 598.4000244140625]"
1779196825.1713843,0.57510351,1.095619601039214,0.903,0.0,0.2,0.5191597603666667,1.8433076644927948,0,1.0783884938836057,123.74,2,"[453.20001220703125, 635.7999877929688]"
1779196825.2213955,0.6251147730000001,1.0842749836604386,0.903,0.0,0.2,0.5208268296666667,2.006969766621593,0,1.086058397823034,139.88,2,"[453.20001220703125, 635.7999877929688]"
1779196825.2711904,0.674909572,1.068074974714666,0.903,0.0,0.2,0.5224895576666667,2.1707267949040947,0,1.086058397823034,126.42999999999999,2,"[453.6000061035156, 622.2000122070312]"
1779196825.3212514,0.7249706490000001,1.0472883671227358,0.903,0.0,0.2,0.5241594035333333,2.3357104384769922,0,1.086058397823034,10.76,2,"[453.6000061035156, 622.2000122070312]"
1779196825.3709905,0.7747095810000001,1.0226781617335476,0.903,0.0,0.2,0.5258180036,2.5001015203151353,0,1.081456455459377,34.97,2,"[452.0, 627.0]"
1779196825.4211621,0.824881178,0.9945489334896367,0.903,0.0,0.2,0.5274878794333333,2.666135809630305,0,1.0676506283684062,-2.69,2,"[452.0, 627.0]"
1779196825.471191,0.8749101020000001,0.9638241655006238,0.903,0.0,0.2,0.5291565712666667,2.832577246862484,0,1.0492428589137786,-2.69,2,"[455.3999938964844, 614.5999755859375]"
1779196825.521217,0.9249361450000001,0.931350845671843,0.903,0.0,0.2,0.5308234277666667,2.999359339281869,0,1.0246991663076084,-2.69,2,"[455.3999938964844, 614.5999755859375]"
1779196825.5712914,0.9750105290000001,0.8979952467571777,0.903,0.0,0.2,0.5324898262333333,3.1666190321407606,0,1.0016894544893238,-2.69,2,"[474.79998779296875, 617.0]"
1779196825.621384,1.0251029010000001,0.8646086486623485,0.903,0.0,0.2,0.5341596513333333,3.334748248087633,0,0.9740778003073821,-2.69,2,"[474.79998779296875, 617.0]"
1779196825.6712568,1.074975771,0.8322939366398002,0.903,0.0,0.2,0.5358248578,3.502935110689969,0,0.944932165337555,-2.69,2,"[507.20001220703125, 608.2000122070312]"
1779196825.7210445,1.1247636970000001,0.8019586955543819,0.903,0.0,0.2,0.5374858258,3.6712139099086474,0,0.9142525495798421,-2.69,2,"[507.20001220703125, 608.2000122070312]"
1779196825.7709959,1.174714896,0.7743264727363063,0.903,0.0,0.2,0.5391513948333333,3.8404817661374753,0,0.8820389530342436,-29.59,2,"[506.20001220703125, 585.5999755859375]"
1779196825.8211575,1.224876714,0.7502336754099544,0.903,0.0,0.2,0.5408223350333333,4.010821768736694,0,0.8513593372765309,-10.76,2,"[506.20001220703125, 585.5999755859375]"
1779196825.8711245,1.274843664,0.7305642155225449,0.903,0.0,0.2,0.5424880076,4.18114774940383,0,0.8176117599430467,-48.42,2,"[529.2000122070312, 575.2000122070312]"
1779196825.9211562,1.324875384,0.7158343995918046,0.903,0.0,0.2,0.5441555945666666,4.352193667245197,0,0.7884661249732196,-56.49,2,"[529.2000122070312, 575.2000122070312]"
1779196825.971133,1.374852224,0.7065529835026108,0.903,0.0,0.2,0.5458217421333333,4.523615217180492,0,0.7639224323670493,-56.49,2,"[547.0, 529.0]"
1779196826.0211852,1.4249043730000002,0.7030276833066612,0.903,0.0,0.2,0.5474897295333333,4.695750487267025,0,0.7424467013366504,-75.32,2,"[547.0, 529.0]"
1779196826.071202,1.4749213870000002,0.705425533718324,0.903,0.0,0.2,0.5491565407,4.86828806037117,0,0.7271068934577939,-88.77,2,"[560.4000244140625, 509.20001220703125]"
1779196826.1210759,1.5247949440000002,0.7137014870293168,0.903,0.0,0.2,0.5508199664666666,5.040996763075946,0,0.7163690279425944,-102.22,2,"[560.4000244140625, 509.20001220703125]"
1779196826.1713216,1.5750407190000002,0.7277420661609922,0.903,0.0,0.2,0.5524915496,5.215079114087937,0,0.7148350471547088,-99.53,2,"[569.0, 489.79998779296875]"
1779196826.2211301,1.624849247,0.7470313519353475,0.903,0.0,0.2,0.5541543688,5.388769953901654,0,0.7148350471547088,-80.7,2,"[569.0, 489.79998779296875]"
1779196826.271231,1.674949924,0.7711998070466206,0.903,0.0,0.2,0.5558239787333333,5.563695573813226,0,0.7148350471547088,-24.21,2,"[574.0, 496.79998779296875]"
1779196826.3214173,1.7251364230000001,0.7994874315892431,0.903,0.0,0.2,0.5574939539666667,5.7391851460070065,0,0.7209709703062513,2.69,2,"[574.0, 496.79998779296875]"
1779196826.3712275,1.7749465240000002,0.8309146024261043,0.903,0.0,0.2,0.5591569225333334,5.914459699459632,0,0.7378447589729934,2.69,2,"[579.0, 499.79998779296875]"
1779196826.421225,1.824944286,0.864731887931445,0.903,0.0,0.2,0.5608236827666667,6.090657546825385,0,0.7593204900033924,2.69,2,"[579.0, 499.79998779296875]"
1779196826.471194,1.874913118,0.8998237437436676,0.903,0.0,0.2,0.5624897312,6.267303358238999,0,0.782330201821677,2.69,2,"[590.5999755859375, 506.79998779296875]"
1779196826.5211432,1.924862359,0.9351258235108946,0.903,0.0,0.2,0.5641561635,0.1613280141626623,1,0.8099418560036186,2.69,2,"[590.5999755859375, 506.79998779296875]"
1779196826.571066,1.9747851410000001,0.969469676897098,0.903,0.0,0.2,0.5658200808333333,0.3387924061111507,1,0.842155452549217,2.69,2,"[556.7999877929688, 522.4000244140625]"
1779196826.6211104,2.02482949,1.0018878337216566,0.903,0.0,0.2,0.5674878275333334,0.5171894951250477,1,0.8743690490948155,5.38,2,"[556.7999877929688, 522.4000244140625]"
1779196826.671251,2.074970198,1.0312617753513258,0.903,0.0,0.2,0.5691564297333334,0.6962029116763961,1,0.9096506072161852,13.45,2,"[543.0, 540.2000122070312]"
1779196826.7213383,2.125057253,1.0566241764466455,0.903,0.0,0.2,0.5708265155,0.8759012396551942,1,0.9433981845496693,48.42,2,"[543.0, 540.2000122070312]"
1779196826.7714982,2.1752171490000003,1.0770628322618858,0.903,0.0,0.2,0.5724939636666666,1.055839856376486,1,0.9756117810952678,48.42,2,"[502.0, 583.0]"
1779196826.821236,2.224954828,1.0918835311676656,0.903,0.0,0.2,0.5741569536666666,1.2358186720819129,1,1.004757416065095,69.94,2,"[502.0, 583.0]"
1779196826.8711872,2.2749064260000003,1.1006288174230445,0.903,0.0,0.2,0.5758230538666667,1.41665733531927,1,1.0277671278833795,78.01,2,"[488.20001220703125, 617.4000244140625]"
1779196826.9212403,2.324959649,1.1029241751103689,0.903,0.0,0.2,0.5774920328666666,1.598333516428883,1,1.0507768397016641,115.67,2,"[488.20001220703125, 617.4000244140625]"
1779196826.9711535,2.374872658,1.0986447662133587,0.903,0.0,0.2,0.5791549298333334,1.7798688726057534,1,1.0676506283684062,137.19,2,"[491.20001220703125, 615.7999877929688]"
1779196827.0211313,2.4248504210000004,1.0878661601279302,0.903,0.0,0.2,0.5808213701333333,1.9623145044198793,1,1.0799224746714913,139.88,2,"[491.20001220703125, 615.7999877929688]"
1779196827.0711663,2.474885537,1.0708797418209537,0.903,0.0,0.2,0.5824890190666667,2.1454166762633324,1,1.086058397823034,112.98,2,"[464.79998779296875, 635.4000244140625]"
1779196827.121324,2.525043236,1.0481627016542374,0.903,0.0,0.2,0.5841596865,2.329376384672438,1,1.086058397823034,69.94,2,"[464.79998779296875, 635.4000244140625]"
1779196827.1711192,2.574838422,1.0206245179215356,0.903,0.0,0.2,0.5858212775,2.512857087827312,1,1.081456455459377,69.94,2,"[456.6000061035156, 631.4000244140625]"
1779196827.2212043,2.62492347,0.9889312105303768,0.903,0.0,0.2,0.5874884749,2.6974808083707025,1,1.069184609156292,-2.69,2,"[456.6000061035156, 631.4000244140625]"
1779196827.2713654,2.675084532,0.9541317972350021,0.903,0.0,0.2,0.5891595774666667,2.8830633726858412,1,1.0507768397016641,-2.69,2,"[455.3999938964844, 624.5999755859375]"
1779196827.321199,2.7249181,0.9176006426753918,0.903,0.0,0.2,0.5908248789,3.06852443947402,1,1.026233147095494,-2.69,2,"[455.3999938964844, 624.5999755859375]"
1779196827.3713365,2.7750555930000003,0.8804276469527559,0.903,0.0,0.2,0.5924918514333334,3.2546954040779106,1,1.000155473701438,-2.69,2,"[463.20001220703125, 613.0]"
1779196827.421374,2.8250931510000004,0.8439257875535571,0.903,0.0,0.2,0.5941592369333333,3.4414365401885902,1,0.9679418771558396,-2.69,2,"[463.20001220703125, 613.0]"
1779196827.4715228,2.875242043,0.8093121794408796,0.903,0.0,0.2,0.5958302996333333,3.6291158739065867,1,0.9326603190344698,-2.69,2,"[481.79998779296875, 596.7999877929688]"
1779196827.5211692,2.924888263,0.7781284935711157,0.903,0.0,0.2,0.597488788,3.815901439882934,1,0.9004467224888714,-2.69,2,"[481.79998779296875, 596.7999877929688]"
1779196827.5712337,2.974952742,0.7510884989724376,0.903,0.0,0.2,0.5991562804333334,4.00422519746108,1,0.8651651643675016,-2.69,2,"[518.2000122070312, 583.4000244140625]"
1779196827.6214888,3.0252078030000003,0.7293200096026013,0.903,0.0,0.2,0.6008280517333333,4.193559013981515,1,0.8268156446703606,-24.21,2,"[518.2000122070312, 583.4000244140625]"
1779196827.6713302,3.0750492900000004,0.7137936383179125,0.903,0.0,0.2,0.6024904873,4.38235647044899,1,0.7961360289126478,-48.42,2,"[526.7999877929688, 578.0]"
1779196827.7210371,3.124756248,0.7049776406729473,0.903,0.0,0.2,0.6041526545333333,4.5716442286778065,1,0.7685243747307062,-72.63,2,"[526.7999877929688, 578.0]"
1779196827.77111,3.174829243,0.7032469396388299,0.903,0.0,0.2,0.6058203616,4.76208711632111,1,0.7455146629124216,-86.08,2,"[558.7999877929688, 519.4000244140625]"
1779196827.8211944,3.2249134670000004,0.7087729965994576,0.903,0.0,0.2,0.6074896978666666,4.953241327036952,1,0.7286408742456796,-88.77,2,"[558.7999877929688, 519.4000244140625]"
1779196827.8712833,3.2750023610000003,0.7214140091713639,0.903,0.0,0.2,0.6091585665666667,5.144866980377733,1,0.7148350471547088,-91.46,2,"[594.4000244140625, 523.4000244140625]"
1779196827.9214652,3.325184369,0.7407802603121454,0.903,0.0,0.2,0.6108286444666666,5.337157222828145,1,0.7117670855789375,-96.84,2,"[594.4000244140625, 523.4000244140625]"
1779196827.9715064,3.375225357,0.7661615412350976,0.903,0.0,0.2,0.6124962733333333,5.529689690804336,1,0.7102331047910518,-96.84,2,"[580.7999877929688, 499.0]"
1779196828.0214405,3.4251597890000003,0.7966296113261718,0.903,0.0,0.2,0.6141609127666667,5.722399346051377,1,0.7148350471547088,-26.9,2,"[580.7999877929688, 499.0]"
1779196828.0712433,3.47496252,0.8311059272872399,0.903,0.0,0.2,0.6158242954666666,5.915485050978711,1,0.7301748550335652,2.69,2,"[575.7999877929688, 488.20001220703125]"
1779196828.121053,3.5247721920000004,0.868323806960111,0.903,0.0,0.2,0.6174862336666667,6.10892371014349,1,0.7501166052760785,2.69,2,"[575.7999877929688, 488.20001220703125]"
1779196828.1711686,3.5748877190000004,0.9071112191087611,0.903,0.0,0.2,0.6191555196666667,0.020557543492675023,2,0.7761942786701345,2.69,2,"[564.0, 501.0]"
1779196828.2213743,3.6250934810000004,0.9458792631355225,0.903,0.0,0.2,0.6208262698333333,0.21607373173877598,2,0.8099418560036186,2.69,2,"[564.0, 501.0]"
1779196828.2712708,3.6749898150000004,0.9829875149139782,0.903,0.0,0.2,0.6224913477333334,0.4114487353514864,2,0.8452234141249882,2.69,2,"[557.7999877929688, 523.5999755859375]"
1779196828.3212614,3.7249806170000004,1.0171669691904366,0.903,0.0,0.2,0.6241579171,0.6075222806137397,2,0.8789709914584724,5.38,2,"[557.7999877929688, 523.5999755859375]"
1779196828.371131,3.774850192,1.0469919768352138,0.903,0.0,0.2,0.6258213172666667,0.8037445147250359,2,0.9157865303677277,5.38,2,"[539.2000122070312, 542.5999755859375]"
1779196828.4211779,3.824897018,1.0714093395139077,0.903,0.0,0.2,0.6274895923333333,1.0010664240190685,2,0.9541360500648688,26.9,2,"[539.2000122070312, 542.5999755859375]"
1779196828.4711704,3.8748894920000003,1.089312988976289,0.903,0.0,0.2,0.6291560236333333,1.1986937053333708,2,0.9863496466104673,51.11,2,"[498.6000061035156, 579.0]"
1779196828.5209787,3.9246979950000003,1.0999622323345701,0.903,0.0,0.2,0.6308177459666666,1.3962830323825255,2,1.01702926236818,96.84,2,"[498.6000061035156, 579.0]"
1779196828.570986,3.97470529,1.1029414404608417,0.903,0.0,0.2,0.6324845140666666,1.594995995607606,2,1.043106935762236,112.98,2,"[483.0, 603.0]"
1779196828.621096,4.024814974,1.0980123495474565,0.903,0.0,0.2,0.6341542937333333,1.7945935559411001,2,1.0630486860047492,129.12,2,"[483.0, 603.0]"
1779196828.6712096,4.074928713,1.0853026475260787,0.903,0.0,0.2,0.635823469,1.9946440453201593,2,1.0768545130957201,139.88,2,"[464.79998779296875, 631.7999877929688]"
1779196828.7211084,4.124827499,1.065322322364409,0.903,0.0,0.2,0.6374882236666667,2.194687124349384,2,1.086058397823034,126.42999999999999,2,"[464.79998779296875, 631.7999877929688]"
1779196828.7714303,4.175149299,1.0386519284064957,0.903,0.0,0.2,0.6391608299666667,2.396201022092077,2,1.086058397823034,126.42999999999999,2,"[455.6000061035156, 624.4000244140625]"
1779196828.8213964,4.225115362,1.0065389525851536,0.903,0.0,0.2,0.640826798,2.597438308153924,2,1.081456455459377,34.97,2,"[455.6000061035156, 624.4000244140625]"
1779196828.8712287,4.274947967,0.9702035642292873,0.903,0.0,0.2,0.6424903630000001,2.798906976351109,2,1.0676506283684062,0.0,2,"[465.3999938964844, 632.4000244140625]"
1779196828.9216895,4.325408677,0.9307701313821483,0.903,0.0,0.2,0.6441653841333334,3.00229191887761,2,1.047708878125893,-2.69,2,"[465.3999938964844, 632.4000244140625]"
1779196828.9710207,4.374739783,0.8906231658731647,0.903,0.0,0.2,0.6458183705333334,3.20351639157502,2,1.01702926236818,-2.69,2,"[473.6000061035156, 624.5999755859375]"
1779196829.021093,4.42481201,0.8505063118348481,0.903,0.0,0.2,0.6474870172333334,3.4071720971930493,2,0.983281685034696,-2.69,2,"[473.6000061035156, 624.5999755859375]"
1779196829.0711138,4.474833029,0.81248539448261,0.903,0.0,0.2,0.6491547565333333,3.611241329015929,2,0.9464661461254406,-5.38,2,"[479.6000061035156, 607.5999755859375]"
1779196829.1212456,4.5249647490000005,0.7780908640938325,0.903,0.0,0.2,0.6508249959333333,3.816142326043405,2,0.9127185687919565,-10.76,2,"[479.6000061035156, 607.5999755859375]"
1779196829.1711142,4.574833335,0.7489708445919265,0.903,0.0,0.2,0.6524878808,4.020662311710311,2,0.8728350683069298,-10.76,2,"[507.0, 580.2000122070312]"
1779196829.2211003,4.624819535,0.7261786055683529,0.903,0.0,0.2,0.6541545561333333,4.226172095141706,2,0.8329515678219032,-34.97,2,"[507.0, 580.2000122070312]"
1779196829.2710989,4.674817885,0.7107999444377765,0.903,0.0,0.2,0.6558211021,4.432189449926955,2,0.7976700097005334,-37.66,2,"[527.7999877929688, 569.7999877929688]"
1779196829.3209977,4.7247167480000005,0.7035471642047934,0.903,0.0,0.2,0.6574850019666667,4.638401557296316,2,0.7685243747307062,-78.01,2,"[527.7999877929688, 569.7999877929688]"
1779196829.3709717,4.774690866,0.7047666340398581,0.903,0.0,0.2,0.6591510395333333,4.84540179982146,2,0.7439806821245359,-80.7,2,"[556.4000244140625, 519.4000244140625]"
1779196829.4210675,4.824786582000001,0.7145111619036597,0.903,0.0,0.2,0.6608202283,5.053318754287819,2,0.7240389318820226,-91.46,2,"[556.4000244140625, 519.4000244140625]"
1779196829.471114,4.8748330310000005,0.7324068545046529,0.903,0.0,0.2,0.6624876868666667,5.261544288597332,2,0.7133010663668231,-88.77,2,"[565.5999755859375, 501.20001220703125]"
1779196829.5211866,4.9249057370000004,0.757765242980017,0.903,0.0,0.2,0.6641563504333333,5.470445152687709,2,0.7133010663668231,-78.01,2,"[565.5999755859375, 501.20001220703125]"
1779196829.571196,4.974915035,0.7894875752852404,0.903,0.0,0.2,0.6658232067000001,5.679643477858015,2,0.7148350471547088,-78.01,2,"[566.5999755859375, 499.0]"
1779196829.6211736,5.024892829000001,0.8262371502571881,0.903,0.0,0.2,0.6674892416666667,5.889261927945686,2,0.7271068934577939,0.0,2,"[566.5999755859375, 499.0]"
1779196829.67133,5.075049036,0.8665613803639051,0.903,0.0,0.2,0.6691597473,6.099968885407723,2,0.7455146629124216,2.69,2,"[591.0, 495.3999938964844]"
1779196829.7211268,5.124845925000001,0.9083853013011349,0.903,0.0,0.2,0.6708216794666667,0.026929761352207038,3,0.7700583555185919,2.69,2,"[591.0, 495.3999938964844]"
1779196829.7711484,5.174867564,0.9501662579530094,0.903,0.0,0.2,0.6724873679000001,0.23807389709426374,3,0.8022719520641903,2.69,2,"[552.5999755859375, 507.3999938964844]"
1779196829.8211,5.224819050000001,0.9899772278068414,0.903,0.0,0.2,0.6741543972,0.44991182892789894,3,0.8406214717613314,2.69,2,"[552.5999755859375, 507.3999938964844]"
1779196829.8711503,5.2748693950000005,1.0260053047327191,0.903,0.0,0.2,0.6758225699,0.6624196039142021,3,0.8789709914584724,2.69,2,"[557.4000244140625, 535.0]"
1779196829.9212081,5.324927333000001,1.056554028972496,0.903,0.0,0.2,0.6774899749666666,0.8753536532618931,3,0.9188544919434991,8.07,2,"[557.4000244140625, 535.0]"
1779196829.9710953,5.374814649,1.0801728867659484,0.903,0.0,0.2,0.6791538125000001,1.0883539375492894,3,0.9587379924285258,8.07,2,"[520.0, 569.7999877929688]"
1779196830.02114,5.424859163000001,1.0958407531710674,0.903,0.0,0.2,0.6808219093000001,1.3024239801525184,3,0.9955535313377811,64.56,2,"[520.0, 569.7999877929688]"
1779196830.071271,5.474990194,1.1027134325399752,0.903,0.0,0.2,0.6824918626,1.5172579368045476,3,1.0246991663076084,78.01,2,"[497.6000061035156, 605.7999877929688]"
1779196830.1209564,5.524675588,1.1004325282928507,0.903,0.0,0.2,0.6841508624333333,1.7312015589193344,3,1.05231082048955,112.98,2,"[497.6000061035156, 605.7999877929688]"
1779196830.1710494,5.574768371,1.089019030516194,0.903,0.0,0.2,0.6858195613666667,1.9469208476097712,3,1.0707185899441776,139.88,2,"[495.0, 625.0]"
1779196830.2212076,5.6249267650000006,1.0688838425126757,0.903,0.0,0.2,0.6874910349,2.1635254431533326,3,1.0829904362472627,126.42999999999999,2,"[495.0, 625.0]"
1779196830.271204,5.6749229880000005,1.041029938842733,0.903,0.0,0.2,0.6891566728666667,2.3798967660306154,3,1.0845244170351482,99.53,2,"[454.20001220703125, 631.0]"
1779196830.3212233,5.724942524,1.006621415765049,0.903,0.0,0.2,0.690823577,2.5969563157124362,3,1.0829904362472627,29.59,2,"[454.20001220703125, 631.0]"
1779196830.3710914,5.7748103980000005,0.9673296558358386,0.903,0.0,0.2,0.6924872962999999,2.814122893918036,3,1.069184609156292,29.59,2,"[450.3999938964844, 649.4000244140625]"
1779196830.4210362,5.824755373,0.9248550914634132,0.903,0.0,0.2,0.6941532062333333,3.0320985406156566,3,1.0461748973380072,-2.69,2,"[450.3999938964844, 649.4000244140625]"
1779196830.471045,5.874764063000001,0.8812319785394775,0.903,0.0,0.2,0.6958195078333334,3.250648804281255,3,1.01702926236818,-2.69,2,"[462.0, 616.7999877929688]"
1779196830.5211253,5.9248443250000005,0.8385299327845465,0.903,0.0,0.2,0.6974864280666666,3.469803965314817,3,0.983281685034696,-2.69,2,"[462.0, 616.7999877929688]"
1779196830.5712678,5.974987105,0.7987307091873825,0.903,0.0,0.2,0.6991574195,3.6900206992420905,3,0.944932165337555,-2.69,2,"[474.79998779296875, 606.5999755859375]"
1779196830.6213155,6.0250345560000005,0.7639532565187748,0.903,0.0,0.2,0.7008251931333334,3.9103376600559265,3,0.9035146840646426,-2.69,2,"[474.79998779296875, 606.5999755859375]"
1779196830.671039,6.074758139,0.7359371566246864,0.903,0.0,0.2,0.7024863203,4.130296730416987,3,0.863631183579616,-32.28,2,"[504.6000061035156, 601.5999755859375]"
1779196830.721197,6.124915921,0.7158469311506528,0.903,0.0,0.2,0.7041567678,4.352015934896944,3,0.8191457407309324,-32.28,2,"[504.6000061035156, 601.5999755859375]"
1779196830.7711232,6.174842309000001,0.7049267240755795,0.903,0.0,0.2,0.7058212892,4.573470817345168,3,0.7838641826095626,-32.28,2,"[543.2000122070312, 543.0]"
1779196830.821408,6.2251271280000005,0.7037109522311862,0.903,0.0,0.2,0.7074954161666667,4.796731961231938,3,0.7531845668518499,-72.63,2,"[543.2000122070312, 543.0]"
1779196830.8714383,6.275157369,0.7123230390331425,0.903,0.0,0.2,0.7091576229000001,5.018924226117814,3,0.7301748550335652,-88.77,2,"[559.0, 528.2000122070312]"
1779196830.9210293,6.324748452000001,0.7303506045474385,0.903,0.0,0.2,0.7108189425,5.241518149677827,3,0.7163690279425944,-99.53,2,"[559.0, 528.2000122070312]"
1779196830.9710426,6.374761833,0.7570638203534915,0.903,0.0,0.2,0.7124854460000001,5.465330140632922,3,0.7117670855789375,-88.77,2,"[567.0, 498.20001220703125]"
1779196831.0210862,6.424805572,0.7911743437522192,0.903,0.0,0.2,0.7141533256333333,5.6898513079484765,3,0.7117670855789375,-29.59,2,"[567.0, 498.20001220703125]"
1779196831.0711892,6.474908353,0.8310440597584859,0.903,0.0,0.2,0.7158231033,5.91515353380851,3,0.7209709703062513,2.69,2,"[576.7999877929688, 494.3999938964844]"
1779196831.1213362,6.52505538,0.8746572881970641,0.903,0.0,0.2,0.7174929677333334,6.140993076968577,3,0.7439806821245359,2.69,2,"[576.7999877929688, 494.3999938964844]"
1779196831.1713226,6.575041481,0.9196516286858918,0.903,0.0,0.2,0.7191568097000001,0.0833546345009637,4,0.7715923363064775,2.69,2,"[564.2000122070312, 493.6000061035156]"
1779196831.2212496,6.6249688860000004,0.9639380733358454,0.903,0.0,0.2,0.7208220468,0.30961332144659437,4,0.8084078752157329,2.69,2,"[564.2000122070312, 493.6000061035156]"
1779196831.2712088,6.6749278510000005,1.005271448815076,0.903,0.0,0.2,0.7224899849333334,0.53676340049741,4,0.8482913757007595,2.69,2,"[562.7999877929688, 523.4000244140625]"
1779196831.3210306,6.724749691,1.041317778416731,0.903,0.0,0.2,0.7241524313666667,0.7636865365297112,4,0.885106914610015,24.21,2,"[562.7999877929688, 523.4000244140625]"
1779196831.3711278,6.774846988,1.0704274212261078,0.903,0.0,0.2,0.7258214233,0.9920281909567628,4,0.9280583766708129,16.14,2,"[530.7999877929688, 554.4000244140625]"
1779196831.4210935,6.8248125150000005,1.0908504387976876,0.903,0.0,0.2,0.727487142,1.220445024181842,4,0.9694758579437253,67.25,2,"[530.7999877929688, 554.4000244140625]"
1779196831.4711344,6.874853364000001,1.1015348543232528,0.903,0.0,0.2,0.7291549967000001,1.4496791085242435,4,1.0062913968529805,80.7,2,"[527.5999755859375, 585.0]"
1779196831.521148,6.924867261,1.1018251916421025,0.903,0.0,0.2,0.7308214064333334,1.6792380304181762,4,1.0400389741864646,102.22,2,"[527.5999755859375, 585.0]"
1779196831.571351,6.975070229000001,1.0916154485165068,0.903,0.0,0.2,0.7324914822,1.9098277155287988,4,1.0630486860047492,102.22,2,"[472.0, 618.7999877929688]"
1779196831.6211452,7.024864251,1.0714654016474743,0.903,0.0,0.2,0.7341548038666666,2.140006351812893,4,1.0799224746714913,131.81,2,"[472.0, 618.7999877929688]"
1779196831.6715567,7.075275719,1.0421353977024388,0.903,0.0,0.2,0.7358290904666667,2.372230766988082,4,1.0845244170351482,139.88,2,"[467.20001220703125, 630.4000244140625]"
1779196831.7211545,7.124873664000001,1.0056416606490939,0.903,0.0,0.2,0.7374867998,2.6026738925652815,4,1.0845244170351482,29.59,2,"[467.20001220703125, 630.4000244140625]"
1779196831.7710147,7.174733789,0.9634364273235576,0.903,0.0,0.2,0.7391515033666667,2.834611673458028,4,1.0707185899441776,-2.69,2,"[458.20001220703125, 630.0]"
1779196831.821239,7.224958106000001,0.9176897440418251,0.903,0.0,0.2,0.7408233943,3.0680777333999245,4,1.047708878125893,-2.69,2,"[458.20001220703125, 630.0]"
1779196831.8713975,7.275116556,0.8710963462487905,0.903,0.0,0.2,0.7424933221000001,3.3017953074447135,4,1.0139613007924089,-2.69,2,"[457.0, 614.2000122070312]"
1779196831.9213717,7.325090849,0.8262345178884007,0.903,0.0,0.2,0.7441596347,3.5355302863820697,4,0.9786797426710391,-2.69,2,"[457.0, 614.2000122070312]"
1779196831.971304,7.3750232790000005,0.785502709780018,0.903,0.0,0.2,0.7458241960666667,3.769541895254495,4,0.9372622613981267,-2.69,2,"[460.79998779296875, 611.7999877929688]"
1779196832.0213542,7.425073108,0.7510473030302871,0.903,0.0,0.2,0.7474920585,4.004541933462665,4,0.8943107993373288,-2.69,2,"[460.79998779296875, 611.7999877929688]"
1779196832.0712402,7.474959522000001,0.7249343354483747,0.903,0.0,0.2,0.7491570386333334,4.239658398306197,4,0.8528933180644165,-10.76,2,"[514.2000122070312, 582.7999877929688]"
1779196832.1210563,7.524775426000001,0.708610519654428,0.903,0.0,0.2,0.7508196849666666,4.474966376547915,4,0.8084078752157329,-61.87,2,"[514.2000122070312, 582.7999877929688]"
1779196832.1710994,7.574818727,0.7030000732522022,0.903,0.0,0.2,0.7524875205666667,4.711533105354857,4,0.7731263170943632,-67.25,2,"[550.7999877929688, 544.2000122070312]"
1779196832.2210958,7.624814815000001,0.708545236025533,0.903,0.0,0.2,0.7541539212666667,4.948419738825152,4,0.7455146629124216,-86.08,2,"[550.7999877929688, 544.2000122070312]"
1779196832.271233,7.674952343,0.725045975721601,0.903,0.0,0.2,0.7558239235666666,5.186344053250476,4,0.7255729126699083,-75.32,2,"[561.7999877929688, 532.0]"
1779196832.3211,7.7248189830000005,0.7515242916738933,0.903,0.0,0.2,0.7574876515666666,5.423896225570637,4,0.7179030087304801,-96.84,2,"[561.7999877929688, 532.0]"
1779196832.371099,7.7748181370000005,0.7866644316631297,0.903,0.0,0.2,0.7591543450333333,5.662395431905956,4,0.7163690279425944,-96.84,2,"[569.5999755859375, 501.20001220703125]"
1779196832.4210382,7.824757433,0.8284574662335294,0.903,0.0,0.2,0.7608199005,5.901254694422526,4,0.722504951094137,-24.21,2,"[569.5999755859375, 501.20001220703125]"
1779196832.4711492,7.874868387,0.8746746582184478,0.903,0.0,0.2,0.7624885381333333,6.1410808119776625,4,0.7409127205487647,2.69,2,"[571.2000122070312, 489.20001220703125]"
1779196832.5209498,7.924668959000001,0.9224361699481767,0.903,0.0,0.2,0.764150858,0.09733446805735824,5,0.765456413154935,2.69,2,"[571.2000122070312, 489.20001220703125]"
1779196832.5711782,7.97489729,0.9694541886970403,0.903,0.0,0.2,0.7658229658,0.3387102989909785,5,0.8022719520641903,2.69,2,"[562.7999877929688, 499.6000061035156]"
1779196832.6211786,8.024897819000001,1.0125764301488691,0.903,0.0,0.2,0.7674896754,0.5798305026816948,5,0.8452234141249882,2.69,2,"[562.7999877929688, 499.6000061035156]"
1779196832.67134,8.075059099,1.0495228685372329,0.903,0.0,0.2,0.7691610699,0.8221550369129744,5,0.8866408953979006,24.21,2,"[531.5999755859375, 541.0]"
1779196832.7213717,8.125090963,1.0778993346663595,0.903,0.0,0.2,0.7708282819333334,1.0643971242097976,5,0.9326603190344698,21.52,2,"[531.5999755859375, 541.0]"
1779196832.7710505,8.174769503,1.0960228816575648,0.903,0.0,0.2,0.7724867006,1.3058799847114173,5,0.9771457618831534,21.52,2,"[518.0, 567.7999877929688]"
1779196832.8211188,8.224837992000001,1.102954439111637,0.903,0.0,0.2,0.7741558528333333,1.5494509248785846,5,1.0154952815802945,72.63,2,"[518.0, 567.7999877929688]"
1779196832.8710446,8.274763758,1.0980920105488392,0.903,0.0,0.2,0.7758198512666666,1.7927917207050612,5,1.0461748973380072,99.53,2,"[480.79998779296875, 628.2000122070312]"
1779196832.920939,8.324657906,1.0816858535698883,0.903,0.0,0.2,0.7774839584000001,2.0366704044752453,5,1.069184609156292,131.81,2,"[480.79998779296875, 628.2000122070312]"
1779196832.971046,8.374765248000001,1.0545369193543015,0.903,0.0,0.2,0.7791532540999999,2.281834736435549,5,1.081456455459377,126.42999999999999,2,"[467.20001220703125, 632.0]"
1779196833.0210376,8.424756924,1.0183058090144108,0.903,0.0,0.2,0.7808197975666666,2.527118377709705,5,1.086058397823034,72.63,2,"[467.20001220703125, 632.0]"
1779196833.0712106,8.474929683000001,0.9749665461223614,0.903,0.0,0.2,0.7824902548666667,2.7735040443489396,5,1.0799224746714913,0.0,2,"[484.20001220703125, 642.7999877929688]"
1779196833.1211913,8.524910522,0.9272925822737672,0.903,0.0,0.2,0.7841567519000001,3.0198290799380203,5,1.0584467436410925,-2.69,2,"[484.20001220703125, 642.7999877929688]"
1779196833.1720912,8.575810392000001,0.8772942862806227,0.903,0.0,0.2,0.7858488489333333,3.270477752249896,5,1.0277671278833795,-2.69,2,"[459.6000061035156, 625.4000244140625]"
1779196833.2213905,8.62510965,0.8301380671545271,0.903,0.0,0.2,0.7874926658000001,3.51448407111193,5,0.9878836273983529,-2.69,2,"[459.6000061035156, 625.4000244140625]"
1779196833.271369,8.675088242000001,0.7866595049301754,0.903,0.0,0.2,0.7891593796,3.7624128132847616,5,0.9464661461254406,-8.07,2,"[470.79998779296875, 606.0]"
1779196833.320972,8.724691065,0.7503879806227337,0.903,0.0,0.2,0.7908178060333333,4.009627218567623,5,0.9065826456404139,-2.69,2,"[470.79998779296875, 606.0]"
1779196833.371178,8.774896928,0.7231727941010788,0.903,0.0,0.2,0.7924897538666666,4.25938412234494,5,0.8620972027917303,-45.73,2,"[503.79998779296875, 591.4000244140625]"
1779196833.421039,8.824758342,0.7071489557596772,0.903,0.0,0.2,0.7941528849,4.508345345118734,5,0.8114758367915041,-37.66,2,"[503.79998779296875, 591.4000244140625]"
1779196833.4713717,8.875090759,0.70322005609052,0.903,0.0,0.2,0.7958258312666666,4.75930341912872,5,0.7731263170943632,-78.01,2,"[534.4000244140625, 554.5999755859375]"
1779196833.5213792,8.925098288000001,0.7117882757882391,0.903,0.0,0.2,0.7974931125,5.009935653544986,5,0.7409127205487647,-75.32,2,"[534.4000244140625, 554.5999755859375]"
1779196833.5713444,8.9750637,0.7323329528819844,0.903,0.0,0.2,0.7991586984333334,5.260835963787251,5,0.7194369895183657,-75.32,2,"[557.7999877929688, 529.7999877929688]"
1779196833.6214075,9.02512678,0.7636869389882328,0.903,0.0,0.2,0.8008264453666667,5.5125860802045565,5,0.7102331047910518,-78.01,2,"[557.7999877929688, 529.7999877929688]"
1779196833.6712272,9.074946292,0.8038015220612856,0.903,0.0,0.2,0.8024898876333333,5.764207972379992,5,0.7102331047910518,-83.39,2,"[572.7999877929688, 501.79998779296875]"
1779196833.7209876,9.124706618000001,0.8501996346003051,0.903,0.0,0.2,0.8041511242666667,6.0160164202514395,5,0.7209709703062513,2.69,2,"[572.7999877929688, 501.79998779296875]"
1779196833.771258,9.174977381,0.9003803663213322,0.903,0.0,0.2,0.8058238038666667,6.270086764232637,5,0.7455146629124216,2.69,2,"[582.5999755859375, 488.79998779296875]"
1779196833.8211958,9.224914943,0.9506281879607832,0.903,0.0,0.2,0.8074896129666667,0.24045127196367133,6,0.7807962210337913,2.69,2,"[582.5999755859375, 488.79998779296875]"
1779196833.871158,9.274876998,0.997931860761,0.903,0.0,0.2,0.8091557673,0.4945769111372158,6,0.8222137023067037,2.69,2,"[553.0, 508.0]"
1779196833.9211855,9.324904479,1.039243411788573,0.903,0.0,0.2,0.8108232144,0.7494238152669794,6,0.868233125943273,2.69,2,"[553.0, 508.0]"
1779196833.9711125,9.374831617,1.0717525398861445,0.903,0.0,0.2,0.8124871483,1.0042556570760226,6,0.9127185687919565,2.69,2,"[547.5999755859375, 537.4000244140625]"
1779196834.0211725,9.424891835,1.0934319523008644,0.903,0.0,0.2,0.8141550989999999,1.2602270785545642,6,0.9633399347921826,21.52,2,"[547.5999755859375, 537.4000244140625]"
1779196834.0714982,9.475217334,1.1027146275652866,0.903,0.0,0.2,0.8158272471666667,1.5173697112302165,6,1.0016894544893238,64.56,2,"[501.0, 583.0]"
1779196834.1214452,9.525164417000001,1.098858997877611,0.903,0.0,0.2,0.8174968321333334,1.7746436094916191,6,1.0369710126106935,110.28999999999999,2,"[501.0, 583.0]"
1779196834.1710455,9.574764502,1.0822456046997069,0.903,0.0,0.2,0.8191532182333334,2.030400793923242,6,1.064582666792635,126.42999999999999,2,"[479.3999938964844, 627.4000244140625]"
1779196834.2210371,9.624756402000001,1.0536986940791584,0.903,0.0,0.2,0.8208196529666667,2.2882330081667845,6,1.0799224746714913,115.67,2,"[479.3999938964844, 627.4000244140625]"
1779196834.2710729,9.674791944,1.0150732040595742,0.903,0.0,0.2,0.8224872227,2.546764996928701,6,1.0845244170351482,83.39,2,"[461.0, 621.7999877929688]"
1779196834.3211746,9.72489365,0.9688537615413269,0.903,0.0,0.2,0.8241563496666666,2.806063557423414,6,1.0799224746714913,0.0,2,"[461.0, 621.7999877929688]"
1779196834.3711915,9.774910542,0.9182037721185571,0.903,0.0,0.2,0.8258229963000001,3.0655003847894235,6,1.0569127628532067,0.0,2,"[463.20001220703125, 633.7999877929688]"
1779196834.421246,9.82496508,0.866357478420756,0.903,0.0,0.2,0.8274921078,3.3258460391164917,6,1.0246991663076084,-2.69,2,"[463.20001220703125, 633.7999877929688]"
1779196834.4713566,9.875075538,0.8168848622514865,0.903,0.0,0.2,0.8291612598333333,3.5867231773175163,6,0.9863496466104673,-2.69,2,"[452.79998779296875, 622.2000122070312]"
1779196834.5209944,9.924713638,0.7734610172037724,0.903,0.0,0.2,0.8308178084,3.8461477398719097,6,0.9418642037617837,-5.38,2,"[452.79998779296875, 622.2000122070312]"
1779196834.5710266,9.974745765,0.7384358000449104,0.903,0.0,0.2,0.8324861887666667,4.107949903074129,6,0.8958447801252144,-26.9,2,"[493.6000061035156, 588.5999755859375]"
1779196834.6209903,10.024709401,0.7146248330241858,0.903,0.0,0.2,0.8341513111000001,4.369763444741494,6,0.8482913757007595,-43.04,2,"[493.6000061035156, 588.5999755859375]"
1779196834.6710894,10.074808554,0.7036334267314961,0.903,0.0,0.2,0.8358207424666667,4.632779849499748,6,0.7976700097005334,-53.8,2,"[542.2000122070312, 567.0]"
1779196834.7211735,10.124892781,0.7063662825816078,0.903,0.0,0.2,0.8374889096333333,4.896121623438454,6,0.760854470791278,-80.7,2,"[542.2000122070312, 567.0]"
1779196834.771158,10.174876903000001,0.7226790176773739,0.903,0.0,0.2,0.8391553847333333,5.159719761175509,6,0.7317088358214509,-80.7,2,"[575.5999755859375, 526.0]"
1779196834.8211823,10.224901411000001,0.7515378377000227,0.903,0.0,0.2,0.8408228583333334,5.423999944619986,6,0.7148350471547088,-83.39,2,"[575.5999755859375, 526.0]"
1779196834.8714275,10.275146615,0.7910734598935791,0.903,0.0,0.2,0.8424930879666668,5.6892427754231605,6,0.7148350471547088,-88.77,2,"[579.2000122070312, 500.6000061035156]"
1779196834.9211564,10.324875564000001,0.8382562368745776,0.903,0.0,0.2,0.8441540131,5.953527991362527,6,0.7179030087304801,0.0,2,"[579.2000122070312, 500.6000061035156]"
1779196834.9711142,10.374833288000001,0.8902522555166432,0.903,0.0,0.2,0.8458216372333334,6.219403347919574,6,0.7393787397608791,2.69,2,"[577.7999877929688, 488.6000061035156]"
1779196835.021247,10.424965921,0.9433187536264145,0.903,0.0,0.2,0.8474915556333333,0.20298482443571686,7,0.7700583555185919,2.69,2,"[577.7999877929688, 488.6000061035156]"
1779196835.0712228,10.474942109,0.9935123057947993,0.903,0.0,0.2,0.8491574742666668,0.46963578070510437,7,0.8099418560036186,2.69,2,"[584.4000244140625, 503.20001220703125]"
1779196835.1214135,10.525132641,1.0374818757943878,0.903,0.0,0.2,0.8508274333000001,0.7374591226216864,7,0.8574952604280734,2.69,2,"[584.4000244140625, 503.20001220703125]"
1779196835.1711788,10.574897871000001,1.071782964691358,0.903,0.0,0.2,0.8524895107333333,1.0045391549003853,7,0.9019807032767571,2.69,2,"[545.5999755859375, 546.0]"
1779196835.221144,10.624862922,1.0941811410443902,0.903,0.0,0.2,0.8541552369000001,1.272728511924285,7,0.9556700308527545,32.28,2,"[545.5999755859375, 546.0]"
1779196835.2711186,10.674837828000001,1.1029142063537234,0.903,0.0,0.2,0.8558213581,1.541504727185135,7,0.9986214929135524,51.11,2,"[509.79998779296875, 582.7999877929688]"
1779196835.3210814,10.724800488000001,1.0972688056528956,0.903,0.0,0.2,0.8574872734333334,1.8107708591442204,7,1.0369710126106935,107.6,2,"[509.79998779296875, 582.7999877929688]"
1779196835.3711462,10.774865310000001,1.0775311582972391,0.903,0.0,0.2,0.8591557643000001,2.080978026687397,7,1.0630486860047492,129.12,2,"[499.3999938964844, 614.4000244140625]"
1779196835.4215746,10.825293649,1.044883201340609,0.903,0.0,0.2,0.8608317190333334,2.3529233962919776,7,1.0799224746714913,131.81,2,"[499.3999938964844, 614.4000244140625]"
1779196835.471126,10.87484513,1.002250363322276,0.903,0.0,0.2,0.8624887550666667,2.622316526858789,7,1.0829904362472627,75.32,2,"[469.0, 628.0]"
1779196835.5212204,10.924939493,0.9519691705522771,0.903,0.0,0.2,0.8641580748,2.8942319507140297,7,1.0768545130957201,0.0,2,"[469.0, 628.0]"
1779196835.571239,10.974958027000001,0.8981484610438248,0.903,0.0,0.2,0.8658223803333334,3.1658527280166737,7,1.0507768397016641,0.0,2,"[455.20001220703125, 628.0]"
1779196835.621089,11.024808108,0.8445803410253886,0.903,0.0,0.2,0.8674867903333334,3.4380127364931354,7,1.0139613007924089,-2.69,2,"[455.20001220703125, 628.0]"
1779196835.6711984,11.074917498000001,0.795068503183067,0.903,0.0,0.2,0.8691568534666667,3.7116228656904227,7,0.9740778003073821,-2.69,2,"[464.3999938964844, 617.5999755859375]"
1779196835.7209828,11.124701996,0.7537130818064938,0.903,0.0,0.2,0.8708179293666667,3.9842806884996733,7,0.9265243958829272,-24.21,2,"[464.3999938964844, 617.5999755859375]"
1779196835.7710576,11.174776544,0.7232276470457198,0.903,0.0,0.2,0.8724868905000001,4.25875787682299,7,0.8774370106705868,-37.66,2,"[499.79998779296875, 574.0]"
1779196835.821048,11.224767094,0.7061979904406213,0.903,0.0,0.2,0.8741531892000001,4.53332056921586,7,0.8252816638824749,-40.35,2,"[499.79998779296875, 574.0]"
1779196835.8712354,11.274954683,0.7039369117375354,0.903,0.0,0.2,0.8758244115,4.809221007923199,7,0.7792622402459057,-75.32,2,"[520.2000122070312, 577.4000244140625]"
1779196835.9212167,11.324935786000001,0.7167095498671215,0.903,0.0,0.2,0.8774905259000001,5.084801440298726,7,0.7439806821245359,-75.32,2,"[520.2000122070312, 577.4000244140625]"
1779196835.9712012,11.374920305,0.7436250329041785,0.903,0.0,0.2,0.8791576981333333,5.361080758033054,7,0.7209709703062513,-75.32,2,"[562.5999755859375, 517.0]"
1779196836.0211015,11.424820479000001,0.7826095338848118,0.903,0.0,0.2,0.8808210082333334,5.637241545280631,7,0.7117670855789375,-72.63,2,"[562.5999755859375, 517.0]"
1779196836.07105,11.474768898,0.8308807996954145,0.903,0.0,0.2,0.8824864465,5.9142785010792025,7,0.7133010663668231,-86.08,2,"[572.0, 496.79998779296875]"
1779196836.1209545,11.524673617000001,0.8847239810105826,0.903,0.0,0.2,0.8841509221666667,6.19167755643074,7,0.7301748550335652,2.69,2,"[572.0, 496.79998779296875]"
1779196836.171154,11.574873206000001,0.9402901826145718,0.903,0.0,0.2,0.8858221822000001,0.18754846597754948,8,0.7593204900033924,2.69,2,"[567.0, 485.6000061035156]"
1779196836.2210515,11.624770564,0.9928675352363935,0.903,0.0,0.2,0.8874868352,0.4660238172250146,8,0.8007379712763046,2.69,2,"[567.0, 485.6000061035156]"
1779196836.27109,11.674809252000001,1.038662222973767,0.903,0.0,0.2,0.8891541096333333,0.7454616817647803,8,0.8513593372765309,2.69,2,"[554.0, 515.5999755859375]"
1779196836.3212793,11.724998422,1.0740744039886727,0.903,0.0,0.2,0.8908264072333334,1.0262685798526547,8,0.8989127417009857,29.59,2,"[554.0, 515.5999755859375]"
1779196836.3711128,11.774832051,1.0960237798914723,0.903,0.0,0.2,0.892488586,1.305897138348321,8,0.9526020692769832,29.59,2,"[531.2000122070312, 558.2000122070312]"
1779196836.4214132,11.825132353,1.1029715680335932,0.903,0.0,0.2,0.8941603102,1.5876583077223216,8,1.000155473701438,53.8,2,"[531.2000122070312, 558.2000122070312]"
1779196836.4712067,11.874925993000002,1.094205092880496,0.903,0.0,0.2,0.8958232258000001,1.868456073990572,8,1.038504993398579,67.25,2,"[495.0, 600.5999755859375]"
1779196836.5209773,11.924696394000001,1.070433970698794,0.903,0.0,0.2,0.8974845454333333,2.149504591927098,8,1.0661166475805206,121.05,2,"[495.0, 600.5999755859375]"
1779196836.5711343,11.974853573,1.0332088187920137,0.903,0.0,0.2,0.8991550531000001,2.432633481400238,8,1.0799224746714913,129.12,2,"[467.3999938964844, 626.0]"
1779196836.6212876,12.025006603000001,0.9854874046438792,0.903,0.0,0.2,0.9008265993,2.7164650576616296,8,1.0799224746714913,18.83,2,"[467.3999938964844, 626.0]"
1779196836.6710253,12.074744444,0.9314697124479009,0.903,0.0,0.2,0.9024860326666666,2.998758916676671,8,1.0676506283684062,0.0,2,"[457.79998779296875, 620.5999755859375]"
1779196836.7210817,12.12480084,0.8748012391994509,0.903,0.0,0.2,0.9041541691666667,3.2830578285257204,8,1.043106935762236,-2.69,2,"[457.79998779296875, 620.5999755859375]"
1779196836.7711244,12.174843362,0.8203275501044153,0.903,0.0,0.2,0.9058214571333334,3.5677361148711597,8,1.0016894544893238,-2.69,2,"[473.0, 629.0]"
1779196836.821087,12.224806016,0.7724639357324028,0.903,0.0,0.2,0.9074874093333334,3.8527094779375375,8,0.9556700308527545,-2.69,2,"[473.0, 629.0]"
1779196836.8712885,12.275007506000001,0.7349827355325772,0.903,0.0,0.2,0.9091581901000001,4.139034989737603,8,0.9081166264282996,-10.76,2,"[483.20001220703125, 602.4000244140625]"
1779196836.920986,12.324704974000001,0.7112580807870752,0.903,0.0,0.2,0.9108181303333334,4.424022115569464,8,0.8559612796401878,-43.04,2,"[483.20001220703125, 602.4000244140625]"
1779196836.9710836,12.374802694000001,0.7030001689202999,0.903,0.0,0.2,0.9124871277333334,4.7110892868682654,8,0.8022719520641903,-53.8,2,"[511.6000061035156, 581.2000122070312]"
1779196837.0211244,12.424843577,0.7111294877581621,0.903,0.0,0.2,0.9141549941333333,4.998486279287185,8,0.7623884515791637,-72.63,2,"[511.6000061035156, 581.2000122070312]"
1779196837.0710886,12.474807590000001,0.7350181158525799,0.903,0.0,0.2,0.9158209025333334,5.2860690030380155,8,0.7301748550335652,-72.63,2,"[555.7999877929688, 551.2000122070312]"
1779196837.1212027,12.524921838000001,0.7728709827145238,0.903,0.0,0.2,0.9174901403333333,5.574751690540992,8,0.7194369895183657,-78.01,2,"[555.7999877929688, 551.2000122070312]"
1779196837.1710844,12.574803501000002,0.8214181051398075,0.903,0.0,0.2,0.9191539769,5.863022095616685,8,0.7194369895183657,-78.01,2,"[581.2000122070312, 495.3999938964844]"
1779196837.2214243,12.625143413,0.8772482126758162,0.903,0.0,0.2,0.9208307736,6.154067910299183,8,0.7301748550335652,-37.66,2,"[581.2000122070312, 495.3999938964844]"
1779196837.2710817,12.674800591,0.9346604894119592,0.903,0.0,0.2,0.9224875519333333,0.15897118380484443,9,0.7547185476397354,2.69,2,"[567.0, 493.0]"
1779196837.32097,12.724689133,0.9897681257059818,0.903,0.0,0.2,0.9241510572666667,0.448751101921701,9,0.7915340865489908,2.69,2,"[567.0, 493.0]"
1779196837.3711715,12.774890683,1.0379317088984024,0.903,0.0,0.2,0.9258228529333333,0.7405020089748149,9,0.8406214717613314,2.69,2,"[551.2000122070312, 509.6000061035156]"
1779196837.421291,12.825010287000001,1.0746929668412952,0.903,0.0,0.2,0.9274917316666667,1.032268861373602,9,0.8912428377615575,29.59,2,"[551.2000122070312, 509.6000061035156]"
1779196837.4714127,12.875131623000001,1.0969837227507822,0.903,0.0,0.2,0.9291625228333333,1.3248962542880562,9,0.9464661461254406,21.52,2,"[542.4000244140625, 557.5999755859375]"
1779196837.5213785,12.925097462,1.1027859978463423,0.903,0.0,0.2,0.9308276872666668,1.617060819513675,9,0.9955535313377811,75.32,2,"[542.4000244140625, 557.5999755859375]"
1779196837.5711303,12.974849394000001,1.0916662256788978,0.903,0.0,0.2,0.9324889640666667,1.9090634904012873,9,1.038504993398579,75.32,2,"[492.3999938964844, 603.0]"
1779196837.6210136,13.024732827000001,1.0644620004963952,0.903,0.0,0.2,0.9341526604666667,2.20201318861546,9,1.0676506283684062,112.98,2,"[492.3999938964844, 603.0]"
1779196837.6710107,13.074729877000001,1.0233446654225706,0.903,0.0,0.2,0.9358189091666667,2.49593564126603,9,1.0783884938836057,115.67,2,"[457.0, 629.4000244140625]"
1779196837.7209516,13.124670863,0.9718412283610577,0.903,0.0,0.2,0.9374841303,2.7901995244252475,9,1.0768545130957201,-2.69,2,"[457.0, 629.4000244140625]"
1779196837.7711847,13.174903884,0.9140589646781128,0.903,0.0,0.2,0.939156589,3.086269613877974,9,1.0630486860047492,-2.69,2,"[460.20001220703125, 648.7999877929688]"
1779196837.8211606,13.22487957,0.8554492860627749,0.903,0.0,0.2,0.9408221701,3.381645100407745,9,1.033903051034922,-2.69,2,"[460.20001220703125, 648.7999877929688]"
1779196837.8711884,13.274907548000002,0.8008035870914549,0.903,0.0,0.2,0.9424898641,3.6779195347832143,9,0.9924855697620099,-2.69,2,"[466.0, 606.2000122070312]"
1779196837.921172,13.324890895000001,0.7550039869568855,0.903,0.0,0.2,0.9441570822333334,3.974633374322387,9,0.9418642037617837,-10.76,2,"[466.0, 606.2000122070312]"
1779196837.971019,13.374738137000001,0.7221697395419734,0.903,0.0,0.2,0.9458193194666666,4.2709815853702295,9,0.8881748761857863,-10.76,2,"[487.0, 599.2000122070312]"
1779196838.0211124,13.424831500000002,0.7050449454474768,0.903,0.0,0.2,0.9474894637,4.569265264130166,9,0.8329515678219032,-21.52,2,"[487.0, 599.2000122070312]"
1779196838.0711806,13.474899847000001,0.7054081455022342,0.903,0.0,0.2,0.9491576684333334,4.867727118546945,9,0.782330201821677,-43.04,2,"[525.7999877929688, 555.5999755859375]"
1779196838.120992,13.524710906000001,0.7231643426154555,0.903,0.0,0.2,0.9508179848666667,5.165297277798267,9,0.7455146629124216,-75.32,2,"[525.7999877929688, 555.5999755859375]"
1779196838.171145,13.574864191000001,0.7570590522564367,0.903,0.0,0.2,0.9524889112,5.4652952746584305,9,0.7209709703062513,-86.08,2,"[569.0, 525.2000122070312]"
1779196838.2212126,13.62493156,0.8039842565493704,0.903,0.0,0.2,0.9541567311666668,5.765259878330902,9,0.7133010663668231,-78.01,2,"[569.0, 525.2000122070312]"
1779196838.2712126,13.674931884000001,0.8598268418751877,0.903,0.0,0.2,0.9558237647000001,6.065606867891596,9,0.7179030087304801,0.0,2,"[580.0, 494.6000061035156]"
1779196838.3213456,13.725064891,0.9197629962573396,0.903,0.0,0.2,0.9574942332666667,0.08391342550059733,10,0.7409127205487647,2.69,2,"[580.0, 494.6000061035156]"
1779196838.3710713,13.774790366000001,0.9779028349424347,0.903,0.0,0.2,0.9591533357666666,0.3838727606627472,10,0.77772825945802,2.69,2,"[562.0, 492.6000061035156]"
1779196838.4210722,13.824791251,1.0296553466849336,0.903,0.0,0.2,0.9608203142,0.6857798288877959,10,0.8268156446703606,2.69,2,"[562.0, 492.6000061035156]"
1779196838.4711108,13.874829989,1.0700254228012454,0.903,0.0,0.2,0.9624881353000001,0.9883638371569177,10,0.8789709914584724,2.69,2,"[538.2000122070312, 529.2000122070312]"
1779196838.5209785,13.924697652,1.0952011160303514,0.903,0.0,0.2,0.9641512533666667,1.2906159703277211,10,0.9326603190344698,37.66,2,"[538.2000122070312, 529.2000122070312]"
1779196838.5710163,13.974735426,1.1029449365501416,0.903,0.0,0.2,0.9658191584666667,1.5942624676572024,10,0.9863496466104673,72.63,2,"[513.4000244140625, 592.4000244140625]"
1779196838.6213398,14.025058896,1.0923065491893065,0.903,0.0,0.2,0.9674916958666666,1.899279581312058,10,1.0293011086712651,91.46,2,"[513.4000244140625, 592.4000244140625]"
1779196838.671198,14.074916857000002,1.0642927131503803,0.903,0.0,0.2,0.9691567037666667,2.2034461130127596,10,1.0630486860047492,115.67,2,"[508.6000061035156, 619.5999755859375]"
1779196838.7211664,14.124885635,1.0213696425304148,0.903,0.0,0.2,0.9708222987,2.508242810583397,10,1.0783884938836057,123.74,2,"[508.6000061035156, 619.5999755859375]"
1779196838.7712767,14.174995710000001,0.9672737181329428,0.903,0.0,0.2,0.9724925544,2.814418264635677,10,1.0768545130957201,123.74,2,"[483.0, 631.2000122070312]"
1779196838.8213837,14.225103036,0.9072030759298766,0.903,0.0,0.2,0.9741598534333333,3.1205757267392045,10,1.0630486860047492,0.0,2,"[483.0, 631.2000122070312]"
1779196838.8710718,14.274791032000001,0.8468768923442752,0.903,0.0,0.2,0.9758204813,3.426028008515061,10,1.033903051034922,-2.69,2,"[478.6000061035156, 622.2000122070312]"
1779196838.9210262,14.324745182000001,0.7915062801589022,0.903,0.0,0.2,0.9774861267333333,3.732926167914357,10,0.9909515889741242,-2.69,2,"[478.6000061035156, 622.2000122070312]"
1779196838.9710495,14.374768617,0.746455059648109,0.903,0.0,0.2,0.9791532713666667,4.040624456737319,10,0.940330222973898,-21.52,2,"[479.3999938964844, 602.5999755859375]"
1779196839.0213268,14.425045841000001,0.7160063128768588,0.903,0.0,0.2,0.9808253625666667,4.34976272645558,10,0.8835729338221293,-24.21,2,"[479.3999938964844, 602.5999755859375]"
1779196839.071206,14.474925243000001,0.7032945857975517,0.903,0.0,0.2,0.9824903304333334,4.658106557511658,10,0.8283496254582462,-45.73,2,"[503.0, 600.0]"
1779196839.1212146,14.524933606000001,0.7094620173745196,0.903,0.0,0.2,0.9841569693333334,4.967283437022715,10,0.7761942786701345,-67.25,2,"[503.0, 600.0]"
1779196839.1714485,14.575167603,0.7341258995565796,0.903,0.0,0.2,0.9858279721666667,5.277796193208729,10,0.7409127205487647,-67.25,2,"[559.4000244140625, 535.4000244140625]"
1779196839.2212393,14.624958525,0.7747865261095574,0.903,0.0,0.2,0.9874907253666667,5.587297110681149,10,0.7194369895183657,-75.32,2,"[559.4000244140625, 535.4000244140625]"
1779196839.2712185,14.674937659000001,0.8278490504443399,0.903,0.0,0.2,0.989156986,5.897974237122668,10,0.7179030087304801,-72.63,2,"[570.4000244140625, 507.0]"
1779196839.3210099,14.724728931000001,0.8880332863727052,0.903,0.0,0.2,0.9908184733000001,6.208281716993298,10,0.7271068934577939,2.69,2,"[570.4000244140625, 507.0]"
1779196839.3710513,14.774770418000001,0.9499971301459083,0.903,0.0,0.2,0.9924867888666666,0.23720380542653885,11,0.7562525284276211,2.69,2,"[567.2000122070312, 499.0]"
1779196839.4210792,14.824798404000001,1.007476058401133,0.903,0.0,0.2,0.9941540611666666,0.5496400067624805,11,0.7976700097005334,2.69,2,"[567.2000122070312, 499.0]"
1779196839.4711304,14.874849725,1.0549181565342187,0.903,0.0,0.2,0.9958217776666667,0.8626837069600484,11,0.8513593372765309,2.69,2,"[562.4000244140625, 514.5999755859375]"
1779196839.5212264,14.924945464,1.08765149700223,0.903,0.0,0.2,0.9974906796333334,1.1764749329122068,11,0.9050486648525283,32.28,2,"[562.4000244140625, 514.5999755859375]"
1779196839.5712357,14.974954846000001,1.1023522490850515,0.903,0.0,0.2,0.9991569336,1.4902916146169431,11,0.9633399347921826,32.28,2,"[526.7999877929688, 563.7999877929688]"
1779196839.6212041,15.024923148000001,1.0975775045472973,0.903,0.0,0.2,0.9991764206333333,1.8041882085744803,11,1.012427320004523,51.11,2,"[526.7999877929688, 563.7999877929688]"
1779196839.6711872,15.074906257,1.0738591064164724,0.903,0.0,0.2,0.9975106410333333,2.1173986268629292,11,1.0507768397016641,86.08,2,"[490.3999938964844, 599.4000244140625]"
1779196839.720994,15.124713137,1.033704668311361,0.903,0.0,0.2,0.9958487216999999,2.429362593206015,11,1.0737865515199487,126.42999999999999,2,"[490.3999938964844, 599.4000244140625]"
1779196839.7711427,15.174861942000001,0.9807352493456994,0.903,0.0,0.2,0.9941782914,2.7423982129538516,11,1.081456455459377,72.63,2,"[489.3999938964844, 628.0]"
1779196839.821155,15.224874184,0.9204345889985173,0.903,0.0,0.2,0.9925110679666667,3.054308923022326,11,1.0737865515199487,-2.69,2,"[489.3999938964844, 628.0]"
1779196839.8710942,15.274813183000001,0.8586332394328969,0.903,0.0,0.2,0.9908460343333333,3.365287383490376,11,1.0446409165501216,-2.69,2,"[451.20001220703125, 624.4000244140625]"
1779196839.9211721,15.324891290000002,0.8010655401971734,0.903,0.0,0.2,0.9891774913,3.676396516472657,11,1.000155473701438,-2.69,2,"[451.20001220703125, 624.4000244140625]"
1779196839.9710712,15.37479047,0.7534523507418219,0.903,0.0,0.2,0.9875129250333333,3.986241879294731,11,0.9480001269133262,-2.69,2,"[468.0, 612.2000122070312]"
1779196840.021145,15.42486433,0.720068024111171,0.903,0.0,0.2,0.9858446210666666,4.296258356299695,11,0.8912428377615575,-10.76,2,"[468.0, 612.2000122070312]"
1779196840.071141,15.474859994000001,0.7041436767424996,0.903,0.0,0.2,0.9841782343666666,4.605395129870935,11,0.8375535101855601,-21.52,2,"[509.6000061035156, 587.4000244140625]"
1779196840.12097,15.524689318000002,0.7070237573461563,0.903,0.0,0.2,0.9825155721666666,4.913319873711849,11,0.7838641826095626,-64.56,2,"[509.6000061035156, 587.4000244140625]"
1779196840.1710489,15.574768066,0.7284002104286365,0.903,0.0,0.2,0.9808467118333333,5.221867532740056,11,0.7485826244881929,-72.63,2,"[563.0, 537.7999877929688]"
1779196840.2210355,15.624754427000001,0.7661286098199215,0.903,0.0,0.2,0.9791801652333333,5.529463893265564,11,0.722504951094137,-78.01,2,"[563.0, 537.7999877929688]"
1779196840.2711806,15.674899719,0.8167286435826935,0.903,0.0,0.2,0.9775100715999999,5.837189179464637,11,0.7148350471547088,-69.94,2,"[597.4000244140625, 524.5999755859375]"
1779196840.3211913,15.724910362000001,0.8751982313921703,0.903,0.0,0.2,0.9758435932999999,6.143724837265005,11,0.7209709703062513,0.0,2,"[597.4000244140625, 524.5999755859375]"
1779196840.3712525,15.774971667,0.9362239182664541,0.903,0.0,0.2,0.9741752517333333,0.16689326955041395,12,0.7470486437003072,0.0,2,"[601.2000122070312, 512.4000244140625]"
1779196840.421224,15.824943121,0.9940066050121452,0.903,0.0,0.2,0.9725086208666667,0.4724093008118473,12,0.7884661249732196,2.69,2,"[601.2000122070312, 512.4000244140625]"
1779196840.471206,15.874925073000002,1.043279923263676,0.903,0.0,0.2,0.9708422227333333,0.7773592388335402,12,0.8390874909734457,2.69,2,"[559.0, 514.0]"
1779196840.5209808,15.924700013,1.079456171131689,0.903,0.0,0.2,0.9691818556999999,1.0806858408065523,12,0.8897088569736719,29.59,2,"[559.0, 514.0]"
1779196840.5710526,15.974771717000001,1.0995582860920599,0.903,0.0,0.2,0.9675131513333333,1.3850106809414626,12,0.9480001269133262,32.28,2,"[524.4000244140625, 546.0]"
1779196840.621166,16.024885022,1.101606115786149,0.903,0.0,0.2,0.9658438019,1.6889278773667087,12,0.9986214929135524,80.7,2,"[524.4000244140625, 546.0]"
1779196840.671181,16.074900105,1.0855287795288344,0.903,0.0,0.2,0.9641768410666667,1.9918864281803934,12,1.0415729549743504,104.91,2,"[492.20001220703125, 608.5999755859375]"
1779196840.721108,16.124827124,1.0529555911499366,0.903,0.0,0.2,0.9625123923666666,2.2938662100996225,12,1.069184609156292,99.53,2,"[492.20001220703125, 608.5999755859375]"
1779196840.7711287,16.174847729,1.0068137883798114,0.903,0.0,0.2,0.9608451362999999,2.5958313614487167,12,1.0737865515199487,99.53,2,"[467.0, 633.7999877929688]"
1779196840.8211563,16.22487539,0.9513676472274338,0.903,0.0,0.2,0.9591775465,2.8973327779662412,12,1.0737865515199487,91.46,2,"[467.0, 633.7999877929688]"
1779196840.8711863,16.274905537000002,0.8916754891622585,0.903,0.0,0.2,0.9575103147333334,3.198245507905014,12,1.0538448012774355,0.0,2,"[458.0, 622.4000244140625]"
1779196840.920984,16.324703023,0.8333101556605009,0.903,0.0,0.2,0.9558493406666667,3.4975087797163837,12,1.021631204731837,-2.69,2,"[458.0, 622.4000244140625]"
1779196840.9711764,16.374895552,0.7808997329187222,0.903,0.0,0.2,0.9541770376666666,3.798286077289802,12,0.9771457618831534,-2.69,2,"[465.3999938964844, 617.5999755859375]"
1779196841.0211992,16.42491842,0.7396148683272202,0.903,0.0,0.2,0.9525096634666667,4.097652846664602,12,0.9219224535192704,-16.14,2,"[465.3999938964844, 617.5999755859375]"
1779196841.071159,16.474878087,0.7129205574808862,0.903,0.0,0.2,0.9508444827666666,4.396103121091258,12,0.8697671067311585,-40.35,2,"[491.0, 600.7999877929688]"
1779196841.12111,16.524828988,0.7030333175805039,0.903,0.0,0.2,0.9491787147666667,4.6941356229959865,12,0.8145437983672754,-29.59,2,"[491.0, 600.7999877929688]"
1779196841.1711152,16.574834157,0.710764101095194,0.903,0.0,0.2,0.9475112941666666,4.991939728844073,12,0.7685243747307062,-29.59,2,"[535.5999755859375, 566.4000244140625]"
1779196841.221193,16.624912308000003,0.7353664023469937,0.903,0.0,0.2,0.9458435926666666,5.2892697547192,12,0.7363107781851077,-78.01,2,"[535.5999755859375, 566.4000244140625]"
1779196841.2712405,16.674959698000002,0.7746316749886815,0.903,0.0,0.2,0.9441746959999999,5.5862878627893195,12,0.7194369895183657,-88.77,2,"[582.5999755859375, 504.0]"
1779196841.3209689,16.724687906,0.8247092241500986,0.903,0.0,0.2,0.9425159867333333,5.8809742804659635,12,0.7179030087304801,-26.9,2,"[582.5999755859375, 504.0]"
1779196841.371064,16.774782953000003,0.8818213461629328,0.903,0.0,0.2,0.9408462566666667,6.177093128994599,12,0.7286408742456796,2.69,2,"[573.2000122070312, 516.0]"
1779196841.421256,16.824975047000002,0.9407451388598377,0.903,0.0,0.2,0.9391744712333333,0.18986436011615382,13,0.7562525284276211,2.69,2,"[573.2000122070312, 516.0]"
1779196841.4711645,16.874883703000002,0.9960374942616866,0.903,0.0,0.2,0.9375108926333333,0.4838463806465185,13,0.7961360289126478,2.69,2,"[561.4000244140625, 503.20001220703125]"
1779196841.5212195,16.924938622000003,1.043386124647494,0.903,0.0,0.2,0.9358427835666666,0.7781045045693347,13,0.8467573949128739,2.69,2,"[561.4000244140625, 503.20001220703125]"
1779196841.5711548,16.974874008,1.078554902748012,0.903,0.0,0.2,0.9341783227666666,1.0711968524878799,13,0.8973787609131001,2.69,2,"[538.5999755859375, 532.7999877929688]"
1779196841.6210241,17.024743324000003,1.0987304420542183,0.903,0.0,0.2,0.9325136859333333,1.3637978736756011,13,0.9541360500648688,40.35,2,"[538.5999755859375, 532.7999877929688]"
1779196841.6711414,17.074860503,1.102261876648743,0.903,0.0,0.2,0.9308441371666666,1.6567368771977513,13,1.0016894544893238,40.35,2,"[544.7999877929688, 588.4000244140625]"
1779196841.7209709,17.124689882000002,1.0889545880161675,0.903,0.0,0.2,0.9291823294999999,1.9477970771946858,13,1.043106935762236,112.98,2,"[544.7999877929688, 588.4000244140625]"
1779196841.7710092,17.174728372,1.0599424074080734,0.903,0.0,0.2,0.9275146514333332,2.239361224180847,13,1.069184609156292,107.6,2,"[472.0, 641.5999755859375]"
1779196841.8210483,17.224767398,1.017776116992437,0.903,0.0,0.2,0.9258472320666666,2.5303560702092156,13,1.0768545130957201,129.12,2,"[472.0, 641.5999755859375]"
1779196841.8711336,17.274852784,0.9660020195855532,0.903,0.0,0.2,0.924178096,2.8211253599508908,13,1.0753205323078345,16.14,2,"[467.3999938964844, 627.2000122070312]"
1779196841.9211752,17.324894280000002,0.9091080946773703,0.903,0.0,0.2,0.9225108154333334,3.111047430588137,13,1.0584467436410925,-2.69,2,"[467.3999938964844, 627.2000122070312]"
1779196841.9712465,17.374965477,0.8517821649609199,0.903,0.0,0.2,0.9208428340666667,3.400566937619381,13,1.0277671278833795,-2.69,2,"[461.3999938964844, 621.0]"
1779196842.0213661,17.425085226,0.7987669280632438,0.903,0.0,0.2,0.9191734275333333,3.689808495948718,13,0.9863496466104673,-2.69,2,"[461.3999938964844, 621.0]"
1779196842.0711913,17.474910456,0.7546182952163528,0.903,0.0,0.2,0.9175099281999999,3.9775049615884015,13,0.9372622613981267,-2.69,2,"[477.3999938964844, 601.4000244140625]"
1779196842.120998,17.524717239,0.722740143901489,0.903,0.0,0.2,0.9158483303333332,4.264352156336251,13,0.8835729338221293,-26.9,2,"[477.3999938964844, 601.4000244140625]"
1779196842.1712065,17.574925676,0.7055521450838378,0.903,0.0,0.2,0.9141763529333333,4.552464263700038,13,0.8314175870340175,-56.49,2,"[513.2000122070312, 564.0]"
1779196842.221312,17.625031214,0.704612106721842,0.903,0.0,0.2,0.9125079066,4.839443186502088,13,0.782330201821677,-69.94,2,"[513.2000122070312, 564.0]"
1779196842.2712154,17.674934646,0.7198110526965167,0.903,0.0,0.2,0.9108427739333333,5.1253295110376555,13,0.7455146629124216,-86.08,2,"[567.4000244140625, 535.4000244140625]"
1779196842.321187,17.724906123,0.7498343149865951,0.903,0.0,0.2,0.9091766856,5.410856678348232,13,0.7209709703062513,-80.7,2,"[567.4000244140625, 535.4000244140625]"
1779196842.37125,17.774969157,0.7922410163293542,0.903,0.0,0.2,0.9075081977666667,5.6962703181400585,13,0.7133010663668231,-80.7,2,"[578.4000244140625, 510.6000061035156]"
1779196842.4210467,17.8247657,0.8432757522322252,0.903,0.0,0.2,0.9058468772666667,5.979937659756054,13,0.7163690279425944,-75.32,2,"[578.4000244140625, 510.6000061035156]"
1779196842.4710433,17.87476248,0.8991763876612686,0.903,0.0,0.2,0.9041797883666667,6.264066080684849,13,0.7363107781851077,0.0,2,"[573.2000122070312, 491.0]"
1779196842.5209632,17.924682411000003,0.9551934746618281,0.903,0.0,0.2,0.9025154153,0.2640241657798299,14,0.7669903939428205,2.69,2,"[573.2000122070312, 491.0]"
1779196842.5711906,17.974909752000002,1.0071903922119112,0.903,0.0,0.2,0.9008432517333332,0.5479658207913758,14,0.8099418560036186,2.69,2,"[561.4000244140625, 517.5999755859375]"
1779196842.6209831,18.024702211,1.050519859819661,0.903,0.0,0.2,0.8991821555,0.829508083173863,14,0.8620972027917303,2.69,2,"[561.4000244140625, 517.5999755859375]"
1779196842.671028,18.074746996000002,1.08229253113818,0.903,0.0,0.2,0.8975140072333333,1.1117210775784798,14,0.9127185687919565,37.66,2,"[532.4000244140625, 545.2000122070312]"
1779196842.7211747,18.124893769,1.0998726234669738,0.903,0.0,0.2,0.8958440100666666,1.393721170605346,14,0.966407896367954,48.42,2,"[532.4000244140625, 545.2000122070312]"
1779196842.7711303,18.174849354000003,1.101927023336995,0.903,0.0,0.2,0.8941785796999999,1.6744272795564257,14,1.0108933392166375,48.42,2,"[537.4000244140625, 588.2000122070312]"
1779196842.8211849,18.2249039,1.0884006600113607,0.903,0.0,0.2,0.8925093386333333,1.9552504594378206,14,1.0492428589137786,91.46,2,"[537.4000244140625, 588.2000122070312]"
1779196842.8711932,18.274912339,1.060464657629347,0.903,0.0,0.2,0.8908425506333333,2.2351372749722316,14,1.0722525707320631,107.6,2,"[480.79998779296875, 618.5999755859375]"
1779196842.9209793,18.324698376,1.0205321977747577,0.903,0.0,0.2,0.8891821747666666,2.5134277123355844,14,1.0768545130957201,129.12,2,"[480.79998779296875, 618.5999755859375]"
1779196842.9711823,18.374901632,0.9712925407032813,0.903,0.0,0.2,0.8875102917,2.793119954252731,14,1.0768545130957201,0.0,2,"[464.3999938964844, 626.4000244140625]"
1779196843.0213726,18.425091536,0.9168468872174236,0.903,0.0,0.2,0.8858383038,3.0723027863790833,14,1.059980724428978,-2.69,2,"[464.3999938964844, 626.4000244140625]"
1779196843.0712154,18.474934507,0.8617465894575098,0.903,0.0,0.2,0.8841759799,3.3493510830842013,14,1.0293011086712651,-2.69,2,"[462.0, 622.5999755859375]"
1779196843.1213348,18.525053930000002,0.8096654637005611,0.903,0.0,0.2,0.8825061932999999,3.627117576671239,14,0.9894176081862386,-2.69,2,"[462.0, 622.5999755859375]"
1779196843.1711478,18.574866936,0.7649922539489145,0.903,0.0,0.2,0.8808437883666667,3.9031352166193614,14,0.9418642037617837,-2.69,2,"[501.6000061035156, 612.4000244140625]"
1779196843.2210395,18.624758558,0.7308039064837262,0.903,0.0,0.2,0.879180447,4.178786825897106,14,0.8912428377615575,-10.76,2,"[501.6000061035156, 612.4000244140625]"
1779196843.2711418,18.674860835,0.7095896509494461,0.903,0.0,0.2,0.8775106922999999,4.454975722258709,14,0.842155452549217,-26.9,2,"[532.7999877929688, 581.4000244140625]"
1779196843.3209496,18.724668686,0.703028642165683,0.903,0.0,0.2,0.8758489841333332,4.729313178845416,14,0.7930680673368765,-67.25,2,"[532.7999877929688, 581.4000244140625]"
1779196843.3711607,18.774879932,0.7114874329139758,0.903,0.0,0.2,0.8741773586,5.004761210475934,14,0.7547185476397354,-80.7,2,"[547.5999755859375, 537.5999755859375]"
1779196843.421366,18.825085072,0.7343397608411452,0.903,0.0,0.2,0.8725050848,5.279788934780171,14,0.7271068934577939,-56.49,2,"[547.5999755859375, 537.5999755859375]"
1779196843.4713602,18.875079193,0.7696461245063353,0.903,0.0,0.2,0.8708387297333332,5.553319841458233,14,0.7194369895183657,-80.7,2,"[570.5999755859375, 510.0]"
1779196843.5212746,18.924993616000002,0.8146439151753334,0.903,0.0,0.2,0.8691768042666667,5.825603008663293,14,0.7194369895183657,-21.52,2,"[570.5999755859375, 510.0]"
1779196843.5712814,18.975000703000003,0.8662593574853144,0.903,0.0,0.2,0.8675083393333334,6.098432846449015,14,0.7286408742456796,-21.52,2,"[583.0, 498.3999938964844]"
1779196843.621201,19.024920095000002,0.9203658603604489,0.903,0.0,0.2,0.8658436429333333,0.08693877939416694,15,0.7547185476397354,2.69,2,"[583.0, 498.3999938964844]"
1779196843.6711006,19.074819593,0.9730747207660428,0.903,0.0,0.2,0.8641797934666666,0.3579699633204072,15,0.7884661249732196,2.69,2,"[564.4000244140625, 502.0]"
1779196843.7209923,19.124711591,1.0205996983857761,0.903,0.0,0.2,0.8625153103666666,0.6285821346497542,15,0.8329515678219032,2.69,2,"[564.4000244140625, 502.0]"
1779196843.771239,19.174958091,1.0596683842278036,0.903,0.0,0.2,0.8608424786333333,0.900024149773536,15,0.880504972246358,10.76,2,"[538.5999755859375, 542.5999755859375]"
1779196843.82118,19.224899266,1.0871369761896974,0.903,0.0,0.2,0.8591764961999999,1.1698315943922566,15,0.9311263382465842,16.14,2,"[538.5999755859375, 542.5999755859375]"
1779196843.8711169,19.274836055,1.1012616447512509,0.903,0.0,0.2,0.8575121374,1.4388539403393352,15,0.9817477042468103,75.32,2,"[515.0, 570.0]"
1779196843.9212346,19.324953735,1.1011144014753733,0.903,0.0,0.2,0.8558423913,1.7082215391067948,15,1.021631204731837,94.14999999999999,2,"[515.0, 570.0]"
1779196843.971187,19.374906078000002,1.0867833691269368,0.903,0.0,0.2,0.8541776025333333,1.9762669889954694,15,1.055378782065321,94.14999999999999,2,"[479.0, 607.4000244140625]"
1779196844.0211375,19.424856576,1.059372060959769,0.903,0.0,0.2,0.8525118254666667,2.243948523794778,15,1.0768545130957201,121.05,2,"[479.0, 607.4000244140625]"
1779196844.071119,19.474838081,1.0208732357624535,0.903,0.0,0.2,0.8508447265666667,2.5113185998051293,15,1.0829904362472627,139.88,2,"[461.6000061035156, 630.2000122070312]"
1779196844.1209893,19.524708514,0.9742235472540913,0.903,0.0,0.2,0.8491818973999999,2.777482703672156,15,1.081456455459377,0.0,2,"[461.6000061035156, 630.2000122070312]"
1779196844.1712148,19.574933801,0.9223617666872206,0.903,0.0,0.2,0.8475096204,3.0446319642493833,15,1.0630486860047492,-2.69,2,"[449.6000061035156, 639.5999755859375]"
1779196844.2212186,19.624937807000002,0.869403117974478,0.903,0.0,0.2,0.8458428534666667,3.3103773199824857,15,1.033903051034922,-2.69,2,"[449.6000061035156, 639.5999755859375]"
1779196844.2713847,19.675103706,0.8187626586752708,0.903,0.0,0.2,0.8441713828333334,3.576346000909645,15,0.9924855697620099,-2.69,2,"[468.79998779296875, 620.4000244140625]"
1779196844.321386,19.725105339000002,0.7742499256084663,0.903,0.0,0.2,0.8425049991333332,3.8409818150006387,15,0.944932165337555,-16.14,2,"[468.79998779296875, 620.4000244140625]"
1779196844.3711843,19.774903385000002,0.7388440342003404,0.903,0.0,0.2,0.8408432097333333,4.104367476642956,15,0.8973787609131001,-16.14,2,"[489.6000061035156, 595.2000122070312]"
1779196844.4211984,19.824917644000003,0.7147336336896191,0.903,0.0,0.2,0.8391756226999999,4.368147858185232,15,0.8498253564886452,-18.83,2,"[489.6000061035156, 595.2000122070312]"
1779196844.4711082,19.874827380000003,0.7036634275492593,0.903,0.0,0.2,0.8375111373333333,4.630915386248766,15,0.7992039904884191,-45.73,2,"[529.0, 561.2000122070312]"
1779196844.5209794,19.924698478,0.706247561171833,0.903,0.0,0.2,0.8358486683,4.892843636909383,15,0.7623884515791637,-67.25,2,"[529.0, 561.2000122070312]"
1779196844.5711896,19.974908789,0.7223350673185733,0.903,0.0,0.2,0.8341767905333334,5.155727390778743,15,0.7317088358214509,-86.08,2,"[558.4000244140625, 522.2000122070312]"
1779196844.6210914,20.024810648000003,0.75061529550747,0.903,0.0,0.2,0.8325124272,5.416907432967442,15,0.7163690279425944,-83.39,2,"[558.4000244140625, 522.2000122070312]"
1779196844.671108,20.074826991000002,0.7892229127022695,0.903,0.0,0.2,0.8308450567999999,5.678035317740971,15,0.7148350471547088,-43.04,2,"[575.4000244140625, 493.20001220703125]"
1779196844.7212055,20.12492443,0.8354918627110559,0.903,0.0,0.2,0.8291761277333333,5.9388822849937455,15,0.7194369895183657,0.0,2,"[575.4000244140625, 493.20001220703125]"
1779196844.7710352,20.174754463000003,0.8860162059454423,0.903,0.0,0.2,0.8275138813999999,6.198163942556597,15,0.7393787397608791,0.0,2,"[567.7999877929688, 488.0]"
1779196844.821051,20.224770124000003,0.937726836366753,0.903,0.0,0.2,0.8258466191666666,0.1745187134757913,16,0.7700583555185919,2.69,2,"[567.7999877929688, 488.0]"
1779196844.8710947,20.274813799,0.9870349009127075,0.903,0.0,0.2,0.8241786939,0.4336376150502872,16,0.8084078752157329,2.69,2,"[561.0, 505.0]"
1779196844.9209716,20.324690847000003,1.0305367693317475,0.903,0.0,0.2,0.8225155799999999,0.6914876825674554,16,0.8528933180644165,2.69,2,"[561.0, 505.0]"
1779196844.9710279,20.374747068,1.0656434878170993,0.903,0.0,0.2,0.8208470054333332,0.9496595765311326,16,0.8973787609131001,32.28,2,"[528.2000122070312, 542.0]"
1779196845.0211759,20.424895136,1.0899481008044298,0.903,0.0,0.2,0.8191769941333332,1.20752806813924,16,0.9480001269133262,37.66,2,"[528.2000122070312, 542.0]"
1779196845.0711734,20.474892528,1.1018675903083626,0.903,0.0,0.2,0.8175104913333333,1.4643313121421073,16,0.9924855697620099,67.25,2,"[527.7999877929688, 588.0]"
1779196845.121193,20.52491199,1.1007571736965354,0.903,0.0,0.2,0.8158434264666666,1.7206973199848363,16,1.0293011086712651,99.53,2,"[527.7999877929688, 588.0]"
1779196845.171202,20.574921001,1.0867689483415561,0.903,0.0,0.2,0.8141769474999999,1.976449745601343,16,1.059980724428978,99.53,2,"[480.3999938964844, 616.4000244140625]"
1779196845.221108,20.624827309,1.0609323954548262,0.903,0.0,0.2,0.8125127186,2.2313347881219983,16,1.0783884938836057,126.42999999999999,2,"[480.3999938964844, 616.4000244140625]"
1779196845.271035,20.674754214,1.0249318898986823,0.903,0.0,0.2,0.8108467588666667,2.485961761799288,16,1.0845244170351482,134.5,2,"[472.79998779296875, 631.5999755859375]"
1779196845.320993,20.724711922,0.9811919554605566,0.903,0.0,0.2,0.8091817653,2.7399185175207634,16,1.0829904362472627,0.0,2,"[472.79998779296875, 631.5999755859375]"
1779196845.3710485,20.774767754000003,0.9324386576080168,0.903,0.0,0.2,0.8075134150333333,2.9938626040446508,16,1.0661166475805206,-2.69,2,"[458.20001220703125, 664.4000244140625]"
1779196845.4212317,20.824950751000003,0.8818267857838608,0.903,0.0,0.2,0.8058425879333332,3.2476574799240154,16,1.0369710126106935,-2.69,2,"[458.20001220703125, 664.4000244140625]"
1779196845.4712527,20.874971627,0.832772783744778,0.903,0.0,0.2,0.8041753922333332,3.5003768230869383,16,0.9986214929135524,-2.69,2,"[458.0, 617.2000122070312]"
1779196845.5215073,20.925226188,0.7881142878606224,0.903,0.0,0.2,0.8025020602999999,3.753498522855395,16,0.9556700308527545,-2.69,2,"[458.0, 617.2000122070312]"
1779196845.5712485,20.974967731,0.7511013313489635,0.903,0.0,0.2,0.8008417785,4.004126559351022,16,0.9096506072161852,-2.69,2,"[495.20001220703125, 597.5999755859375]"
1779196845.6211848,21.0249041,0.7235683253650697,0.903,0.0,0.2,0.7991771643333333,4.25488627882595,16,0.8620972027917303,-10.76,2,"[495.20001220703125, 597.5999755859375]"
1779196845.6711812,21.074900208000003,0.707264932657911,0.903,0.0,0.2,0.7975100211,4.505503082054872,16,0.8130098175793898,-56.49,2,"[517.0, 568.5999755859375]"
1779196845.7209878,21.124706878,0.7031789011475468,0.903,0.0,0.2,0.7958489376333333,4.754688841526445,16,0.7746602978822488,-75.32,2,"[517.0, 568.5999755859375]"
1779196845.771059,21.174778204000003,0.7114755231661155,0.903,0.0,0.2,0.7941798211,5.004554534181494,16,0.7439806821245359,-80.7,2,"[541.5999755859375, 542.2000122070312]"
1779196845.8211899,21.224909215,0.7316165690167069,0.903,0.0,0.2,0.7925104935999999,5.253926536452482,16,0.722504951094137,-94.14999999999999,2,"[541.5999755859375, 542.2000122070312]"
1779196845.871282,21.275001123000003,0.7622985331916878,0.903,0.0,0.2,0.7908405517,5.502864662001073,16,0.7117670855789375,-96.84,2,"[580.2000122070312, 500.6000061035156]"
1779196845.9212396,21.324958869,0.8014447545280365,0.903,0.0,0.2,0.7891752805333333,5.7505837993249,16,0.7117670855789375,-26.9,2,"[580.2000122070312, 500.6000061035156]"
1779196845.9711123,21.374831439,0.8466356078442784,0.903,0.0,0.2,0.7875119497,5.997492795446647,16,0.722504951094137,-26.9,2,"[586.7999877929688, 489.79998779296875]"
1779196846.0211473,21.424866376,0.8952916034750689,0.903,0.0,0.2,0.7858435213333334,6.244633775918118,16,0.7470486437003072,2.69,2,"[586.7999877929688, 489.79998779296875]"
1779196846.071151,21.474870155,0.9442413834029172,0.903,0.0,0.2,0.7841775863333333,0.20769697260069364,17,0.7792622402459057,2.69,2,"[580.5999755859375, 497.0]"
1779196846.1210244,21.524743389,0.9905248261349964,0.903,0.0,0.2,0.7825148289,0.45295464223445236,17,0.8191457407309324,2.69,2,"[580.5999755859375, 497.0]"
1779196846.1710527,21.574771833,1.031615965858206,0.903,0.0,0.2,0.7808464743666667,0.6985132274795447,17,0.863631183579616,2.69,2,"[554.4000244140625, 530.7999877929688]"
1779196846.2212207,21.624939729,1.0649485587721217,0.903,0.0,0.2,0.7791769837666666,0.943713651330107,17,0.9065826456404139,34.97,2,"[554.4000244140625, 530.7999877929688]"
1779196846.2712076,21.674926583,1.0885287664919612,0.903,0.0,0.2,0.7775097841666666,1.1880536591192978,17,0.9556700308527545,48.42,2,"[521.4000244140625, 559.7999877929688]"
1779196846.3211792,21.724898277,1.1010684241258495,0.903,0.0,0.2,0.7758437265666666,1.4317030824951829,17,0.9955535313377811,72.63,2,"[521.4000244140625, 559.7999877929688]"
1779196846.3710458,21.774764951,1.1019260868038356,0.903,0.0,0.2,0.7741801189333333,1.6744725366657818,17,1.0323690702470365,72.63,2,"[491.6000061035156, 596.7999877929688]"
1779196846.4211648,21.824883744,1.0910980699765098,0.903,0.0,0.2,0.7725109921666665,1.9175222496411024,17,1.059980724428978,96.84,2,"[491.6000061035156, 596.7999877929688]"
1779196846.47143,21.875149203000003,1.0692209819516814,0.903,0.0,0.2,0.7708387322666665,2.1605010744820206,17,1.0768545130957201,129.12,2,"[470.0, 628.4000244140625]"
1779196846.5210087,21.924727805,1.037977356133264,0.903,0.0,0.2,0.7691814814,2.400781392248483,17,1.0829904362472627,134.5,2,"[470.0, 628.4000244140625]"
1779196846.571049,21.974768145000002,0.9987937075395759,0.903,0.0,0.2,0.7675133597,2.6421133293186827,17,1.081456455459377,26.9,2,"[457.3999938964844, 639.7999877929688]"
1779196846.6210237,22.024742773,0.9542268558446143,0.903,0.0,0.2,0.7658476611666667,2.8825717092809455,17,1.0707185899441776,-2.69,2,"[457.3999938964844, 639.7999877929688]"
1779196846.6713567,22.075075999000003,0.9065217901058549,0.903,0.0,0.2,0.7641716954333333,3.123982792917225,17,1.0461748973380072,-2.69,2,"[457.0, 626.0]"
1779196846.7210522,22.124771392000003,0.8592040612124733,0.903,0.0,0.2,0.7625131833333333,3.3623613157076235,17,1.0108933392166375,-2.69,2,"[457.0, 626.0]"
1779196846.7710533,22.174772580000003,0.8142531962378166,0.903,0.0,0.2,0.7608467581333332,3.6013537440533057,17,0.9710098387316108,-2.69,2,"[473.79998779296875, 613.5999755859375]"
1779196846.821258,22.224977147,0.7743443623358915,0.903,0.0,0.2,0.7591765356333333,3.8403649315138253,17,0.9280583766708129,-5.38,2,"[473.79998779296875, 613.5999755859375]"
1779196846.8709948,22.274713900000002,0.7419477424956017,0.903,0.0,0.2,0.7575143259666667,4.077708669156941,17,0.8835729338221293,-24.21,2,"[504.3999938964844, 591.2000122070312]"
1779196846.921024,22.324743296,0.7185720908315094,0.903,0.0,0.2,0.7558476413666667,4.3151677639243715,17,0.8406214717613314,-26.9,2,"[504.3999938964844, 591.2000122070312]"
1779196846.9710548,22.374773741000002,0.7055583070080259,0.903,0.0,0.2,0.7541797748,4.552270905154266,17,0.7961360289126478,-67.25,2,"[528.4000244140625, 561.2000122070312]"
1779196847.020977,22.424696233000002,0.7035762404835952,0.903,0.0,0.2,0.7525156669,4.788317723776608,17,0.7639224323670493,-75.32,2,"[528.4000244140625, 561.2000122070312]"
1779196847.0711865,22.474905752,0.7126912530859366,0.903,0.0,0.2,0.7508435912666667,5.024967729553033,17,0.7363107781851077,-80.7,2,"[557.7999877929688, 522.0]"
1779196847.1210682,22.524787217,0.7322324308139248,0.903,0.0,0.2,0.7491801710333333,5.259871169691131,17,0.7179030087304801,-91.46,2,"[557.7999877929688, 522.0]"
1779196847.1711743,22.574893364,0.761200679084536,0.903,0.0,0.2,0.7475106486333333,5.495110945701974,17,0.7117670855789375,-91.46,2,"[574.5999755859375, 492.20001220703125]"
1779196847.2211266,22.624845571,0.7978063167369411,0.903,0.0,0.2,0.7458446434333332,5.729331956412516,17,0.7117670855789375,-83.39,2,"[574.5999755859375, 492.20001220703125]"
1779196847.2711527,22.674871991,0.8401204349188275,0.903,0.0,0.2,0.7441762569999999,5.963363061020566,17,0.7240389318820226,-13.45,2,"[573.5999755859375, 490.20001220703125]"
1779196847.3209603,22.724679371,0.885545707138241,0.903,0.0,0.2,0.7425155099,6.195802680390621,17,0.7455146629124216,2.69,2,"[573.5999755859375, 490.20001220703125]"
1779196847.3711715,22.774890618,0.932110601978111,0.903,0.0,0.2,0.7408437473999999,0.1460719121406271,18,0.7746602978822488,2.69,2,"[562.5999755859375, 504.0]"
1779196847.4214084,22.825127480000003,0.9769647612182142,0.903,0.0,0.2,0.7391732816666666,0.37881937458797665,18,0.8130098175793898,2.69,2,"[562.5999755859375, 504.0]"
1779196847.4711988,22.874917951,1.01758448718787,0.903,0.0,0.2,0.7375098365333332,0.610067074068823,18,0.8559612796401878,2.69,2,"[547.7999877929688, 530.2000122070312]"
1779196847.5210984,22.924817538000003,1.052046221849822,0.903,0.0,0.2,0.7358457543,0.8408813653027494,18,0.8958447801252144,2.69,2,"[547.7999877929688, 530.2000122070312]"
1779196847.5711944,22.974913639,1.078606101368404,0.903,0.0,0.2,0.7341776323666666,1.0717314641538565,18,0.944932165337555,29.59,2,"[525.0, 565.4000244140625]"
1779196847.621228,23.024946966,1.0958170368363762,0.903,0.0,0.2,0.7325100904999999,1.301977139205107,18,0.983281685034696,48.42,2,"[525.0, 565.4000244140625]"
1779196847.6711302,23.074849303,1.102844032371152,0.903,0.0,0.2,0.7308454417,1.531301022688055,18,1.01702926236818,69.94,2,"[505.6000061035156, 594.7999877929688]"
1779196847.7209637,23.124682788,1.099435657259326,0.903,0.0,0.2,0.7291824705333333,1.7598725141249645,18,1.047708878125893,123.74,2,"[505.6000061035156, 594.7999877929688]"
1779196847.771195,23.174914114,1.0857431197611085,0.903,0.0,0.2,0.7275097483999999,1.9892568426396906,18,1.0676506283684062,134.5,2,"[476.3999938964844, 617.4000244140625]"
1779196847.8211632,23.224882183000002,1.0626589684260361,0.903,0.0,0.2,0.7258442037999999,2.217134005094337,18,1.081456455459377,126.42999999999999,2,"[476.3999938964844, 617.4000244140625]"
1779196847.8711295,23.274848688000002,1.0313920963789267,0.903,0.0,0.2,0.7241782779,2.4445402029667633,18,1.086058397823034,96.84,2,"[462.6000061035156, 630.4000244140625]"
1779196847.9212687,23.324987696,0.9934857576506325,0.903,0.0,0.2,0.7225073293333334,2.6721057242572925,18,1.0829904362472627,0.0,2,"[462.6000061035156, 630.4000244140625]"
1779196847.9711833,23.37490233,0.9512275686964544,0.903,0.0,0.2,0.7208444245333332,2.8980545318135142,18,1.064582666792635,0.0,2,"[457.0, 630.5999755859375]"
1779196848.0212405,23.424959558,0.9064578517158334,0.903,0.0,0.2,0.7191754536,3.1243025335483168,18,1.0400389741864646,-2.69,2,"[457.0, 630.5999755859375]"
1779196848.071041,23.474760205000003,0.8617999534006657,0.903,0.0,0.2,0.7175135015333333,3.349078407341821,18,1.0078253776408663,-2.69,2,"[460.20001220703125, 621.4000244140625]"
1779196848.120972,23.524690992,0.819235824080452,0.903,0.0,0.2,0.7158485376666666,3.573739091967809,18,0.9694758579437253,-2.69,2,"[460.20001220703125, 621.4000244140625]"
1779196848.1711545,23.574873721000003,0.7808347924467474,0.903,0.0,0.2,0.7141774767666667,3.798696111944821,18,0.9280583766708129,-8.07,2,"[468.3999938964844, 606.4000244140625]"
1779196848.221175,23.624894054000002,0.748722571209987,0.903,0.0,0.2,0.7125102672333333,4.022610723778783,18,0.885106914610015,-16.14,2,"[468.3999938964844, 606.4000244140625]"
1779196848.27133,23.675049288,0.7243143322166763,0.903,0.0,0.2,0.7108392317333333,4.246512834754995,18,0.842155452549217,-34.97,2,"[507.6000061035156, 583.0]"
1779196848.321339,23.725058119,0.7088821803524394,0.903,0.0,0.2,0.7091729208333333,4.469258521130655,18,0.8007379712763046,-45.73,2,"[507.6000061035156, 583.0]"
1779196848.3711445,23.774863651,0.7030457216320105,0.903,0.0,0.2,0.7075101791333333,4.691005955768645,18,0.7669903939428205,-45.73,2,"[545.0, 543.2000122070312]"
1779196848.421108,23.824827112,0.7069964496465486,0.903,0.0,0.2,0.7058444062666667,4.912634597117574,18,0.7409127205487647,-75.32,2,"[545.0, 543.2000122070312]"
1779196848.4710493,23.874768430000003,0.7204801633690782,0.903,0.0,0.2,0.7041797793,5.133588460170515,18,0.7209709703062513,-83.39,2,"[572.2000122070312, 513.4000244140625]"
1779196848.52102,23.924739196,0.742784629250004,0.903,0.0,0.2,0.7025145984333333,5.354093179371688,18,0.7163690279425944,-131.81,2,"[572.2000122070312, 513.4000244140625]"
1779196848.5711663,23.974885373000003,0.7728767228369919,0.903,0.0,0.2,0.7008439980333333,5.574789484627388,18,0.7163690279425944,-75.32,2,"[573.2000122070312, 497.3999938964844]"
1779196848.621394,24.025113144000002,0.8091858958743687,0.903,0.0,0.2,0.6991734922999999,5.79494727013973,18,0.7179030087304801,0.0,2,"[573.2000122070312, 497.3999938964844]"
1779196848.6713367,24.075055798,0.8498399570947313,0.903,0.0,0.2,0.6975062469333333,6.014151405901174,18,0.7332428166093364,2.69,2,"[568.4000244140625, 491.3999938964844]"
1779196848.7210593,24.124778489,0.892732571682409,0.903,0.0,0.2,0.6958466897,6.231825588948553,18,0.7577865092155067,2.69,2,"[568.4000244140625, 491.3999938964844]"
1779196848.7711205,24.17483962,0.9362559846451457,0.903,0.0,0.2,0.6941774758666667,0.16705586277344509,19,0.7884661249732196,2.69,2,"[566.5999755859375, 494.20001220703125]"
1779196848.8209984,24.224717512,0.9779538277976096,0.903,0.0,0.2,0.6925143938333332,0.38414775269557566,19,0.8237476830945893,2.69,2,"[566.5999755859375, 494.20001220703125]"
1779196848.8711584,24.274877584000002,1.0162064274397957,0.903,0.0,0.2,0.6908438724,0.6016847277045443,19,0.8620972027917303,2.69,2,"[542.2000122070312, 523.2000122070312]"
1779196848.9209986,24.324717595000003,1.0489026300720574,0.903,0.0,0.2,0.6891817295333332,0.8176098771206242,19,0.9004467224888714,18.83,2,"[542.2000122070312, 523.2000122070312]"
1779196848.971172,24.374891227000003,1.0748911303417161,0.903,0.0,0.2,0.6875103846666666,1.0342038948501013,19,0.9433981845496693,43.04,2,"[514.0, 569.7999877929688]"
1779196849.021269,24.424988332,1.0927948681490562,0.903,0.0,0.2,0.6858413968,1.2499674044489169,19,0.9817477042468103,72.63,2,"[514.0, 569.7999877929688]"
1779196849.0710611,24.47478024,1.1018655613812425,0.903,0.0,0.2,0.6841799485,1.4642358884016389,19,1.0154952815802945,94.14999999999999,2,"[501.0, 594.7999877929688]"
1779196849.1211658,24.524884807000003,1.1018303883298564,0.903,0.0,0.2,0.6825106019333333,1.6789976874228287,19,1.0461748973380072,118.36,2,"[501.0, 594.7999877929688]"
1779196849.171256,24.574975253,1.0926988031589546,0.903,0.0,0.2,0.6808419528666666,1.8931449078222258,19,1.0676506283684062,118.36,2,"[478.3999938964844, 617.5999755859375]"
1779196849.2211964,24.624915638,1.0750056151144887,0.903,0.0,0.2,0.6791772137,2.1062679601363,19,1.081456455459377,131.81,2,"[478.3999938964844, 617.5999755859375]"
1779196849.2709785,24.674697442000003,1.0496489354106506,0.903,0.0,0.2,0.6775152811999999,2.3185110692471724,19,1.0845244170351482,139.88,2,"[462.79998779296875, 634.2000122070312]"
1779196849.3209867,24.724705735,1.0176952214464283,0.903,0.0,0.2,0.6758484987333333,2.5308498893794464,19,1.0845244170351482,26.9,2,"[462.79998779296875, 634.2000122070312]"
1779196849.3711903,24.774909467,0.9805628070709231,0.903,0.0,0.2,0.6741764405333333,2.7433338167538537,19,1.0737865515199487,-2.69,2,"[454.6000061035156, 632.2000122070312]"
1779196849.4213147,24.825033858,0.9401012057560665,0.903,0.0,0.2,0.6725066354333332,2.955005849267856,19,1.05231082048955,-2.69,2,"[454.6000061035156, 632.2000122070312]"
1779196849.4712648,24.874984054000002,0.8982108827197965,0.903,0.0,0.2,0.6708416805,3.1655405289458614,19,1.0231651855197226,-2.69,2,"[464.0, 615.4000244140625]"
1779196849.5213294,24.925048648,0.8565704963013512,0.903,0.0,0.2,0.6691741432999999,3.3758775921032296,19,0.9924855697620099,-2.69,2,"[464.0, 615.4000244140625]"
1779196849.5710433,24.974762239,0.8171961998165598,0.903,0.0,0.2,0.6675121147333333,3.584999127708123,19,0.9541360500648688,-2.69,2,"[470.0, 609.0]"
1779196849.6210222,25.024741405,0.7815834966834233,0.903,0.0,0.2,0.6658470777666666,3.7939766141293276,19,0.9173205111556134,-2.69,2,"[470.0, 609.0]"
1779196849.6711297,25.074848778000003,0.7512548665552269,0.903,0.0,0.2,0.6641779109333332,4.002947266028421,19,0.8789709914584724,-8.07,2,"[490.6000061035156, 588.2000122070312]"
1779196849.7209902,25.124709182,0.7276567843809516,0.903,0.0,0.2,0.6625152316,4.210584621589,19,0.8406214717613314,-24.21,2,"[490.6000061035156, 588.2000122070312]"
1779196849.7711642,25.174883440000002,0.7115599000123995,0.903,0.0,0.2,0.6608440103666666,4.418762235288675,19,0.8022719520641903,-56.49,2,"[524.4000244140625, 563.7999877929688]"
1779196849.8210826,25.224801687000003,0.7037522136655879,0.903,0.0,0.2,0.6591790976666666,4.62563152190193,19,0.7715923363064775,-64.56,2,"[524.4000244140625, 563.7999877929688]"
1779196849.871207,25.274926261,0.7044413400051491,0.903,0.0,0.2,0.6575098273333333,4.832517018636189,19,0.7439806821245359,-91.46,2,"[552.2000122070312, 541.7999877929688]"
1779196849.9213207,25.325039808000003,0.7135719648654251,0.903,0.0,0.2,0.6558396904666667,5.038984130067185,19,0.7240389318820226,-80.7,2,"[552.2000122070312, 541.7999877929688]"
1779196849.9711719,25.374891099000003,0.7306063322198947,0.903,0.0,0.2,0.6541767060999999,5.244045741252016,19,0.7133010663668231,-80.7,2,"[578.2000122070312, 507.3999938964844]"
1779196850.0211818,25.424900943,0.7548139410951392,0.903,0.0,0.2,0.6525125421666667,5.448730776656994,19,0.7133010663668231,-96.84,2,"[578.2000122070312, 507.3999938964844]"
1779196850.0711546,25.474873794,0.7851904155573836,0.903,0.0,0.2,0.6508450165666666,5.653305144063985,19,0.7133010663668231,-78.01,2,"[572.2000122070312, 495.20001220703125]"
1779196850.120978,25.524697151,0.820279230894944,0.903,0.0,0.2,0.6491822336999999,5.85677650497248,19,0.722504951094137,2.69,2,"[572.2000122070312, 495.20001220703125]"
1779196850.1712074,25.57492655,0.8589172077956357,0.903,0.0,0.2,0.6475094314333333,6.060946458518494,19,0.7424467013366504,2.69,2,"[571.4000244140625, 487.3999938964844]"
1779196850.2212403,25.624959302,0.8991466627854429,0.903,0.0,0.2,0.6458421596,6.263917428925332,19,0.7685243747307062,2.69,2,"[571.4000244140625, 487.3999938964844]"
1779196850.2711675,25.674886601,0.9393678018886671,0.903,0.0,0.2,0.6441775530666667,0.18285631769528266,20,0.7992039904884191,2.69,2,"[557.0, 504.6000061035156]"
1779196850.3210752,25.724794314,0.9780133698115454,0.903,0.0,0.2,0.6425128581333333,0.3844688869483406,20,0.8360195293976744,2.69,2,"[557.0, 504.6000061035156]"
1779196850.3711019,25.774820847,1.0135912131922344,0.903,0.0,0.2,0.6408452682999999,0.585907880936702,20,0.8743690490948155,2.69,2,"[538.2000122070312, 531.7999877929688]"
1779196850.4210882,25.824807143,1.0446115210812625,0.903,0.0,0.2,0.6391783355333334,0.7867437375953443,20,0.9081166264282996,10.76,2,"[538.2000122070312, 531.7999877929688]"
1779196850.4710813,25.874800443,1.069870134067159,0.903,0.0,0.2,0.6375122542333334,0.9869537765670628,20,0.9464661461254406,10.76,2,"[513.7999877929688, 566.2000122070312]"
1779196850.5209763,25.924695295000003,1.0884002589712685,0.903,0.0,0.2,0.6358487138,1.1863368477441583,20,0.9817477042468103,67.25,2,"[513.7999877929688, 566.2000122070312]"
1779196850.5710301,25.974749342000003,1.0995867730430418,0.903,0.0,0.2,0.6341802660999999,1.3857833592638826,20,1.012427320004523,96.84,2,"[489.3999938964844, 594.2000122070312]"
1779196850.621061,26.024780022,1.1029810910515694,0.903,0.0,0.2,0.6325131449,1.5845474163499347,20,1.0415729549743504,115.67,2,"[489.3999938964844, 594.2000122070312]"
1779196850.6713698,26.075088903,1.0984841020206935,0.903,0.0,0.2,0.6308382910333332,1.783704652145346,20,1.0615147052168636,134.5,2,"[472.79998779296875, 619.0]"
1779196850.721329,26.125048080000003,1.0863947535216916,0.903,0.0,0.2,0.6291733123333333,1.9811650910030778,20,1.0768545130957201,126.42999999999999,2,"[472.79998779296875, 619.0]"
1779196850.77123,26.174949216,1.0672625396881825,0.903,0.0,0.2,0.6275101867333333,2.177884382696277,20,1.086058397823034,126.42999999999999,2,"[466.0, 637.7999877929688]"
1779196850.8212333,26.224952412,1.0417810546996817,0.903,0.0,0.2,0.6258418604666666,2.3746941821870564,20,1.086058397823034,115.67,2,"[466.0, 637.7999877929688]"
1779196850.8711803,26.274899455,1.011080168296801,0.903,0.0,0.2,0.6241760918666667,2.570679223148403,20,1.081456455459377,29.59,2,"[458.79998779296875, 635.4000244140625]"
1779196850.9211204,26.324839489000002,0.9763785494034928,0.903,0.0,0.2,0.6225121621666666,2.7659260288933467,20,1.0661166475805206,-2.69,2,"[458.79998779296875, 635.4000244140625]"
1779196850.9710371,26.374756100000003,0.9389701398135201,0.903,0.0,0.2,0.6208473154666666,2.960757980250662,20,1.0461748973380072,-2.69,2,"[456.79998779296875, 622.5999755859375]"
1779196851.0211174,26.424836715,0.900218828045447,0.903,0.0,0.2,0.6191787618,3.1554989615710554,20,1.0185632431560658,-2.69,2,"[456.79998779296875, 622.5999755859375]"
1779196851.0712154,26.474934708000003,0.8616712497249456,0.903,0.0,0.2,0.6175100279333333,3.349736076033224,20,0.9878836273983529,-2.69,2,"[466.3999938964844, 608.4000244140625]"
1779196851.1211238,26.524842853000003,0.8248607927814144,0.903,0.0,0.2,0.6158453368666666,3.542980258867999,20,0.9541360500648688,-2.69,2,"[466.3999938964844, 608.4000244140625]"
1779196851.1710477,26.574766953,0.7910346400248609,0.903,0.0,0.2,0.6141800626333332,3.7357694138375166,20,0.9173205111556134,-2.69,2,"[484.20001220703125, 595.2000122070312]"
1779196851.2210152,26.624734371000002,0.7614231007490679,0.903,0.0,0.2,0.6125143069666666,3.92809127791341,20,0.8820389530342436,-21.52,2,"[484.20001220703125, 595.2000122070312]"
1779196851.2710567,26.674775771,0.7370591168123134,0.903,0.0,0.2,0.6108461086333333,4.120170601473632,20,0.8467573949128739,-24.21,2,"[506.3999938964844, 572.5999755859375]"
1779196851.3209703,26.724689578000003,0.7188781526769965,0.903,0.0,0.2,0.6091822318666666,4.311230484863586,20,0.8084078752157329,-53.8,2,"[506.3999938964844, 572.5999755859375]"
1779196851.371227,26.774946024000002,0.7073787582642191,0.903,0.0,0.2,0.6075097564666666,4.502750478502207,20,0.77772825945802,-69.94,2,"[530.5999755859375, 546.5999755859375]"
1779196851.4210868,26.824805855,0.70303842387982,0.903,0.0,0.2,0.6058456805,4.692786656488863,20,0.7516505860639642,-80.7,2,"[530.5999755859375, 546.5999755859375]"
1779196851.4712276,26.874946944,0.7058999958268681,0.903,0.0,0.2,0.6041764244666666,4.882889167063695,20,0.7317088358214509,-80.7,2,"[556.4000244140625, 522.7999877929688]"
1779196851.5213377,26.925056739000002,0.715817621067413,0.903,0.0,0.2,0.6025082302333332,5.072346195985034,20,0.7194369895183657,-80.7,2,"[556.4000244140625, 522.7999877929688]"
1779196851.5712485,26.974967678000002,0.7323478196498637,0.903,0.0,0.2,0.6008426935,5.260978523238862,20,0.7148350471547088,-96.84,2,"[576.0, 499.79998779296875]"
1779196851.62118,27.024899161,0.7548563052498598,0.903,0.0,0.2,0.5991775281999999,5.4490461275084385,20,0.7148350471547088,-102.22,2,"[576.0, 499.79998779296875]"
1779196851.6711125,27.074831813000003,0.7825238824366718,0.903,0.0,0.2,0.5975113473999999,5.636705131145902,20,0.7163690279425944,-78.01,2,"[582.5999755859375, 495.3999938964844]"
1779196851.7209997,27.124719042000002,0.8142602959238396,0.903,0.0,0.2,0.5958485327666666,5.8234638281024615,20,0.7255729126699083,2.69,2,"[582.5999755859375, 495.3999938964844]"
1779196851.7709792,27.174698253000003,0.8490597205874871,0.903,0.0,0.2,0.5941821274,6.010102382954955,20,0.7439806821245359,2.69,2,"[566.4000244140625, 490.6000061035156]"
1779196851.821198,27.22491717,0.8857637268156219,0.903,0.0,0.2,0.5925096217333332,6.196896901677121,20,0.7669903939428205,2.69,2,"[566.4000244140625, 490.6000061035156]"
1779196851.871203,27.274922167000003,0.922824927817308,0.903,0.0,0.2,0.5908433394999999,0.09928768911942853,21,0.7961360289126478,2.69,2,"[558.2000122070312, 501.20001220703125]"
1779196851.9214313,27.325150528,0.9592025360721815,0.903,0.0,0.2,0.5891724635333333,0.2848491471077992,21,0.8268156446703606,2.69,2,"[558.2000122070312, 501.20001220703125]"
1779196851.9713604,27.375079503000002,0.9934722941682826,0.903,0.0,0.2,0.5875058701333332,0.4694114459476353,21,0.8620972027917303,2.69,2,"[543.0, 528.2000122070312]"
1779196852.0213363,27.425055463000003,1.0245662871444046,0.903,0.0,0.2,0.5858403976333333,0.6533267650748726,21,0.8943107993373288,2.69,2,"[543.0, 528.2000122070312]"
1779196852.0712168,27.474935910000003,1.0514781991269857,0.903,0.0,0.2,0.5841757181333332,0.836632163603305,21,0.9311263382465842,18.83,2,"[521.7999877929688, 554.7999877929688]"
1779196852.1210291,27.524748469000002,1.0733182385252638,0.903,0.0,0.2,0.5825147096333333,1.019013282017717,21,0.9633399347921826,56.49,2,"[521.7999877929688, 554.7999877929688]"
1779196852.1711051,27.574824215000003,1.0895347581071553,0.903,0.0,0.2,0.5808456295,1.2017555610631305,21,0.9940195505498954,75.32,2,"[495.3999938964844, 596.4000244140625]"
1779196852.2212193,27.624938210000003,1.0995200545799575,0.903,0.0,0.2,0.5791764948666667,1.3839786565474483,21,1.0231651855197226,96.84,2,"[495.3999938964844, 596.4000244140625]"
1779196852.2713532,27.675072431,1.1029973247297638,0.903,0.0,0.2,0.5775078446666666,1.5656240195723754,21,1.047708878125893,121.05,2,"[476.3999938964844, 616.5999755859375]"
1779196852.3213515,27.725070736000003,1.0999189022899614,0.903,0.0,0.2,0.5758409640666665,1.7465530148723545,21,1.0661166475805206,121.05,2,"[476.3999938964844, 616.5999755859375]"
1779196852.37143,27.775149145,1.0904356723756794,0.903,0.0,0.2,0.5741723933333333,1.9271406672805043,21,1.0799224746714913,123.74,2,"[471.20001220703125, 626.5999755859375]"
1779196852.4212456,27.824964576000003,1.0749672485547368,0.903,0.0,0.2,0.5725090244333333,2.106643801970172,21,1.086058397823034,142.57,2,"[471.20001220703125, 626.5999755859375]"
1779196852.4712012,27.87492031,1.0540072078862994,0.903,0.0,0.2,0.5708432492666665,2.2858835711312295,21,1.0875923786109196,129.12,2,"[467.0, 630.2000122070312]"
1779196852.5210176,27.924736505000002,1.0283580693286682,0.903,0.0,0.2,0.5691815383666666,2.4641655298329184,21,1.0845244170351482,32.28,2,"[467.0, 630.2000122070312]"
1779196852.5710719,27.974790932,0.9987034945249592,0.903,0.0,0.2,0.5675132636666667,2.6426270971515535,21,1.0722525707320631,-2.69,2,"[451.3999938964844, 636.2000122070312]"
1779196852.6212652,28.024984387000003,0.9660588502368371,0.903,0.0,0.2,0.5658425262666665,2.820825949058708,21,1.0538448012774355,-2.69,2,"[451.3999938964844, 636.2000122070312]"
1779196852.6712105,28.074929664000003,0.9316223553667556,0.903,0.0,0.2,0.5641766066999999,2.9979878071634474,21,1.0323690702470365,-2.69,2,"[456.0, 621.5999755859375]"
1779196852.7211795,28.124898562000002,0.8963945673726866,0.903,0.0,0.2,0.5625106938666666,3.1746258239780403,21,1.0062913968529805,-2.69,2,"[456.0, 621.5999755859375]"
1779196852.7712345,28.174953618000004,0.8614282674174456,0.903,0.0,0.2,0.5608425302666666,3.350977951561511,21,0.9756117810952678,-2.69,2,"[468.3999938964844, 606.2000122070312]"
1779196852.8212857,28.225004892,0.8278416930494664,0.903,0.0,0.2,0.5591740061999999,3.526843419892039,21,0.944932165337555,-2.69,2,"[468.3999938964844, 606.2000122070312]"
1779196852.8711758,28.274894852000003,0.7967505253025045,0.903,0.0,0.2,0.5575104381666666,3.7016648596474298,21,0.9142525495798421,-2.69,2,"[487.3999938964844, 590.4000244140625]"
1779196852.9210126,28.324731699,0.7689947922817477,0.903,0.0,0.2,0.5558480966999999,3.8758365169698052,21,0.880504972246358,-18.83,2,"[487.3999938964844, 590.4000244140625]"
1779196852.9710782,28.374797311000002,0.7452766389764788,0.903,0.0,0.2,0.5541794027999999,4.050148876547105,21,0.8452234141249882,-21.52,2,"[508.3999938964844, 573.0]"
1779196853.0211174,28.424836640000002,0.726402434212887,0.903,0.0,0.2,0.5525121907333332,4.223782501769627,21,0.8114758367915041,-61.87,2,"[508.3999938964844, 573.0]"
1779196853.0711555,28.474874794,0.7128700579606638,0.903,0.0,0.2,0.5508447493999999,4.396915918593926,21,0.7838641826095626,-56.49,2,"[529.7999877929688, 560.5999755859375]"
1779196853.1211948,28.524914089000003,0.7050364329183098,0.903,0.0,0.2,0.5491769328333332,4.569563975038228,21,0.7593204900033924,-56.49,2,"[529.7999877929688, 560.5999755859375]"
1779196853.1713173,28.57503647,0.7030869742233941,0.903,0.0,0.2,0.5475072333333333,4.741881441775384,21,0.7378447589729934,-78.01,2,"[563.7999877929688, 527.7999877929688]"
1779196853.2213297,28.625048999,0.707026121969629,0.903,0.0,0.2,0.5458404029666666,4.913379104620795,21,0.722504951094137,-80.7,2,"[563.7999877929688, 527.7999877929688]"
1779196853.271192,28.674911223000002,0.7166544897483067,0.903,0.0,0.2,0.5441765939333333,5.0840441022248015,21,0.7133010663668231,-88.77,2,"[583.7999877929688, 498.6000061035156]"
1779196853.3210163,28.724735470000002,0.7316227420756045,0.903,0.0,0.2,0.5425147553333333,5.253986413277353,21,0.7102331047910518,-104.91,2,"[583.7999877929688, 498.6000061035156]"
1779196853.371034,28.774753161000003,0.7515274002612924,0.903,0.0,0.2,0.5408478802999999,5.423920028468196,21,0.7117670855789375,-56.49,2,"[575.2000122070312, 492.6000061035156]"
1779196853.4213645,28.825083687000003,0.7758172700264391,0.903,0.0,0.2,0.5391744555999999,5.5939935117195105,21,0.7133010663668231,-34.97,2,"[575.2000122070312, 492.6000061035156]"
1779196853.47121,28.874929207,0.8035285321091474,0.903,0.0,0.2,0.5375099792333332,5.762635334568479,21,0.7255729126699083,2.69,2,"[572.5999755859375, 491.79998779296875]"
1779196853.521339,28.925058217,0.8340654036643042,0.903,0.0,0.2,0.5358401400999999,5.9312949095274305,21,0.7424467013366504,2.69,2,"[572.5999755859375, 491.79998779296875]"
1779196853.5713565,28.975075607,0.8664055400261353,0.903,0.0,0.2,0.5341728168333333,6.099176361769771,21,0.7639224323670493,2.69,2,"[565.0, 490.20001220703125]"
1779196853.6212516,29.024970717000002,0.8996069200247504,0.903,0.0,0.2,0.5325086387333332,6.266219093354131,21,0.786932144185334,2.69,2,"[565.0, 490.20001220703125]"
1779196853.6712844,29.075003553000002,0.9328864415396716,0.903,0.0,0.2,0.5308400542333334,0.14999400794310702,22,0.8145437983672754,2.69,2,"[549.0, 511.0]"
1779196853.7209957,29.124714695,0.9650368332924253,0.903,0.0,0.2,0.5291819558666666,0.3153867478064427,22,0.8436894333371027,2.69,2,"[549.0, 511.0]"
1779196853.7711513,29.174870342000002,0.995621067694644,0.903,0.0,0.2,0.5275114035999999,0.481495701859032,22,0.8743690490948155,10.76,2,"[534.5999755859375, 538.4000244140625]"
1779196853.8210676,29.224786649000002,1.0234833015412648,0.903,0.0,0.2,0.5258464526333333,0.6465251774043708,22,0.9050486648525283,10.76,2,"[534.5999755859375, 538.4000244140625]"
1779196853.8712232,29.274942171000003,1.0480751844209755,0.903,0.0,0.2,0.5241759354333333,0.811580355513783,22,0.9387962421860124,51.11,2,"[518.2000122070312, 567.2000122070312]"
1779196853.9212203,29.3249394,1.0686049348107398,0.903,0.0,0.2,0.5225108581,0.9755754478447471,22,0.9710098387316108,51.11,2,"[518.2000122070312, 567.2000122070312]"
1779196853.9713676,29.375086737,1.0846953709469958,0.903,0.0,0.2,0.5208398836,1.1396250489135724,22,0.9986214929135524,64.56,2,"[494.79998779296875, 602.5999755859375]"
1779196854.021257,29.424976008,1.0958475481659256,0.903,0.0,0.2,0.5191750210333334,1.302552138944506,22,1.021631204731837,80.7,2,"[494.79998779296875, 602.5999755859375]"
1779196854.0713637,29.475082722000003,1.1018934760790877,0.903,0.0,0.2,0.5175039922333333,1.4655563268768077,22,1.0415729549743504,123.74,2,"[485.3999938964844, 610.5999755859375]"
1779196854.1214068,29.525126053,1.1026788925787188,0.903,0.0,0.2,0.5158387819333332,1.6274702522870115,22,1.059980724428978,142.57,2,"[485.3999938964844, 610.5999755859375]"
1779196854.1711123,29.574831406,1.0982856478767837,0.903,0.0,0.2,0.5141788590333333,1.7883506961282905,22,1.0722525707320631,139.88,2,"[476.20001220703125, 622.4000244140625]"
1779196854.2211075,29.624826678,1.0888411245624334,0.903,0.0,0.2,0.5125124623333333,1.9493351542952126,22,1.081456455459377,134.5,2,"[476.20001220703125, 622.4000244140625]"
1779196854.2712274,29.674946318000003,1.0746108539057586,0.903,0.0,0.2,0.5108426523999999,2.110123776773989,22,1.086058397823034,118.36,2,"[465.79998779296875, 626.5999755859375]"
1779196854.3211708,29.724889802000003,1.056079767793678,0.903,0.0,0.2,0.5091775988999999,2.269931809129062,22,1.086058397823034,118.36,2,"[465.79998779296875, 626.5999755859375]"
1779196854.3714192,29.775138301000002,1.0336314437659644,0.903,0.0,0.2,0.5075059491333334,2.42984620166429,22,1.0829904362472627,51.11,2,"[457.0, 629.7999877929688]"
1779196854.4213963,29.825115439,1.008045481801713,0.903,0.0,0.2,0.5058408605666666,2.588610324936795,22,1.0737865515199487,34.97,2,"[457.0, 629.7999877929688]"
1779196854.4713852,29.875104396,0.9798640296655111,0.903,0.0,0.2,0.5041729266666667,2.7471213518982296,22,1.0584467436410925,-2.69,2,"[453.79998779296875, 629.2000122070312]"
1779196854.521033,29.924752071,0.9500363454785044,0.903,0.0,0.2,0.5025147469333332,2.9041871180400136,22,1.038504993398579,-2.69,2,"[453.79998779296875, 629.2000122070312]"
1779196854.5710704,29.974789356000002,0.9189615273092965,0.903,0.0,0.2,0.5008463068,3.0617000540500072,22,1.0139613007924089,-2.69,2,"[458.3999938964844, 621.7999877929688]"
1779196854.621326,30.025044968000003,0.8874271853284168,0.903,0.0,0.2,0.5008256198333334,3.2195356216147815,22,0.9878836273983529,-2.69,2,"[458.3999938964844, 621.7999877929688]"
1779196854.671056,30.074775033,0.8563733844477168,0.903,0.0,0.2,0.5024869485000001,3.3768909552195083,22,0.9602719732164113,-2.69,2,"[469.6000061035156, 607.7999877929688]"
1779196854.7213287,30.125047948000002,0.826184429478167,0.903,0.0,0.2,0.5041591322666668,3.535801517546119,22,0.9295923574586985,-5.38,2,"[469.6000061035156, 607.7999877929688]"
1779196854.771217,30.174936061,0.7979670243208274,0.903,0.0,0.2,0.5058236049333333,3.69450150163901,22,0.9004467224888714,-5.38,2,"[492.3999938964844, 595.4000244140625]"
1779196854.8212552,30.224974467000003,0.7722764364861793,0.903,0.0,0.2,0.5074904098333335,3.8539475393265974,22,0.8728350683069298,-2.69,2,"[492.3999938964844, 595.4000244140625]"
1779196854.8712375,30.274956524,0.7498057318897939,0.903,0.0,0.2,0.5091595649333335,4.014143559885937,22,0.8406214717613314,-26.9,2,"[516.4000244140625, 575.0]"
1779196854.9209714,30.324690621000002,0.7313179341017122,0.903,0.0,0.2,0.5108172347666666,4.173755250978147,22,0.8114758367915041,-53.8,2,"[516.4000244140625, 575.0]"
1779196854.971239,30.374958243000002,0.7170481978942624,0.903,0.0,0.2,0.5124900260666667,4.335350393476389,22,0.786932144185334,-61.87,2,"[553.7999877929688, 546.7999877929688]"
1779196855.0212204,30.424939715,0.7076253236421778,0.903,0.0,0.2,0.5141569929666667,4.496906674172763,22,0.7639224323670493,-72.63,2,"[553.7999877929688, 546.7999877929688]"
1779196855.0712235,30.474942416,0.7032854033656464,0.903,0.0,0.2,0.5158236802666668,4.658959468808874,22,0.7439806821245359,-80.7,2,"[557.7999877929688, 519.2000122070312]"
1779196855.1212852,30.525004457,0.7041918337739737,0.903,0.0,0.2,0.5174911700666667,4.82161440699285,22,0.7271068934577939,-80.7,2,"[557.7999877929688, 519.2000122070312]"
1779196855.1712248,30.574944171000002,0.7103622858157586,0.903,0.0,0.2,0.5191563187666668,4.984563628518188,22,0.7148350471547088,-80.7,2,"[571.4000244140625, 500.6000061035156]"
1779196855.2215195,30.6252387,0.7217181858293723,0.903,0.0,0.2,0.5208259967666666,5.14848157383652,22,0.7133010663668231,-104.91,2,"[571.4000244140625, 500.6000061035156]"
1779196855.2714615,30.675180561,0.7380222707159841,0.903,0.0,0.2,0.5224982567333334,5.313180118615705,22,0.7133010663668231,-86.08,2,"[571.4000244140625, 493.79998779296875]"
1779196855.321046,30.724765129,0.7586124108313066,0.903,0.0,0.2,0.5241521604666667,5.476586393945141,22,0.7133010663668231,-48.42,2,"[571.4000244140625, 493.79998779296875]"
1779196855.3711872,30.774906368000003,0.7834062119419336,0.903,0.0,0.2,0.5258232862000001,5.642220613219237,22,0.7179030087304801,0.0,2,"[572.4000244140625, 487.20001220703125]"
1779196855.4210427,30.824761957000003,0.8114207403044869,0.903,0.0,0.2,0.5274861575,5.807557908199939,22,0.7301748550335652,2.69,2,"[572.4000244140625, 487.20001220703125]"
1779196855.4711304,30.874849668000003,0.8421427584405428,0.903,0.0,0.2,0.5291548242333335,5.973996292360809,22,0.7470486437003072,2.69,2,"[561.5999755859375, 494.0]"
1779196855.5210736,30.924792596000003,0.8745869605048168,0.903,0.0,0.2,0.5308202860000001,6.140637844447625,22,0.7700583555185919,2.69,2,"[561.5999755859375, 494.0]"
1779196855.5712085,30.974927735,0.9080139750102413,0.903,0.0,0.2,0.5324902724333335,0.02507250185791321,23,0.7961360289126478,2.69,2,"[546.4000244140625, 516.2000122070312]"
1779196855.6212065,31.024925754,0.9413500794284383,0.903,0.0,0.2,0.5341575576666667,0.1929453289664238,23,0.8222137023067037,2.69,2,"[546.4000244140625, 516.2000122070312]"
1779196855.671022,31.074741088000003,0.9735883544138005,0.903,0.0,0.2,0.5358186365666667,0.36071335692778206,23,0.8528933180644165,2.69,2,"[550.4000244140625, 526.0]"
1779196855.7210636,31.124782720000002,1.0040612934999091,0.903,0.0,0.2,0.5374869536333334,0.5297370718882561,23,0.8820389530342436,21.52,2,"[550.4000244140625, 526.0]"
1779196855.7711422,31.174861265,1.0317368582568114,0.903,0.0,0.2,0.5391554412666667,0.6993028111713429,23,0.9157865303677277,13.45,2,"[530.2000122070312, 550.7999877929688]"
1779196855.8211262,31.224845494,1.0557715165375536,0.903,0.0,0.2,0.5408227167,0.8692693378450187,23,0.9480001269133262,53.8,2,"[530.2000122070312, 550.7999877929688]"
1779196855.8711743,31.274893296000002,1.0754469649176936,0.903,0.0,0.2,0.5424890718666667,1.0396654531406497,23,0.9786797426710391,64.56,2,"[514.2000122070312, 581.2000122070312]"
1779196855.9212317,31.324950765,1.090172366949685,0.903,0.0,0.2,0.5441565160666667,1.2106970169074813,23,1.004757416065095,64.56,2,"[514.2000122070312, 581.2000122070312]"
1779196855.9711869,31.374905891,1.0994515150875666,0.903,0.0,0.2,0.5458228924,1.3821424647994363,23,1.0277671278833795,88.77,2,"[486.6000061035156, 602.7999877929688]"
1779196856.0211496,31.424868652,1.1029721474061285,0.903,0.0,0.2,0.5474892272666667,1.5541070367057088,23,1.0507768397016641,110.28999999999999,2,"[486.6000061035156, 602.7999877929688]"
1779196856.071477,31.475195878,1.100540368417786,0.903,0.0,0.2,0.5491670678000001,1.7277896282783658,23,1.0661166475805206,129.12,2,"[470.0, 617.4000244140625]"
1779196856.120989,31.524708279000002,1.092309513443862,0.903,0.0,0.2,0.5508183177333333,1.8992336361300417,23,1.0783884938836057,142.57,2,"[470.0, 617.4000244140625]"
1779196856.1712303,31.574949519,1.0782703078564262,0.903,0.0,0.2,0.5524903083,2.073358026935601,23,1.0829904362472627,112.98,2,"[462.79998779296875, 626.0]"
1779196856.2211554,31.624874560000002,1.0589628869110679,0.903,0.0,0.2,0.5541547963000001,2.247223316444938,23,1.086058397823034,94.14999999999999,2,"[462.79998779296875, 626.0]"
1779196856.2711446,31.674863604000002,1.03483476448922,0.903,0.0,0.2,0.5558217798333335,2.42187307656868,23,1.0829904362472627,29.59,2,"[459.0, 630.7999877929688]"
1779196856.3214314,31.725150585,1.0065072705512483,0.903,0.0,0.2,0.5574942360333334,2.5976234504002704,23,1.0753205323078345,29.59,2,"[459.0, 630.7999877929688]"
1779196856.3713775,31.775096716000004,0.9750294756671677,0.903,0.0,0.2,0.5591597463333334,2.7731667854871134,23,1.0584467436410925,-2.69,2,"[457.3999938964844, 630.4000244140625]"
1779196856.4214122,31.825131347000003,0.941197656615526,0.903,0.0,0.2,0.5608270561333335,2.9494237892528687,23,1.038504993398579,-2.69,2,"[457.3999938964844, 630.4000244140625]"
1779196856.4710226,31.874741883000002,0.9062760259865353,0.903,0.0,0.2,0.5624850279333333,3.1252117910802255,23,1.0139613007924089,-2.69,2,"[464.0, 618.5999755859375]"
1779196856.5212352,31.924954448,0.8708783005112426,0.903,0.0,0.2,0.5641559560333335,3.3028997763991796,23,0.9878836273983529,-2.69,2,"[464.0, 618.5999755859375]"
1779196856.5710762,31.974795255000004,0.8365210027418936,0.903,0.0,0.2,0.5658205312000001,3.480434470589948,23,0.9556700308527545,-2.69,2,"[478.79998779296875, 602.5999755859375]"
1779196856.6211853,32.024904534,0.8040675019989183,0.903,0.0,0.2,0.567490211,3.6590390913947246,23,0.9219224535192704,-8.07,2,"[478.79998779296875, 602.5999755859375]"
1779196856.6711738,32.074892882,0.7747492867952853,0.903,0.0,0.2,0.5691557483000002,3.8377234809375054,23,0.8866408953979006,-2.69,2,"[497.20001220703125, 584.7999877929688]"
1779196856.7212636,32.124982913000004,0.7493958480353913,0.903,0.0,0.2,0.5708250551666668,4.017337541125038,23,0.8528933180644165,-2.69,2,"[497.20001220703125, 584.7999877929688]"
1779196856.771269,32.174988017000004,0.7289656938304097,0.903,0.0,0.2,0.5724912770000001,4.197142977248909,23,0.8176117599430467,-24.21,2,"[523.2000122070312, 561.2000122070312]"
1779196856.8214004,32.225119541000005,0.7140909438456975,0.903,0.0,0.2,0.5741605209666668,4.377799757409683,23,0.7884661249732196,-48.42,2,"[523.2000122070312, 561.2000122070312]"
1779196856.8713415,32.275060633,0.705351712689722,0.903,0.0,0.2,0.5758288794333334,4.558885365124489,23,0.765456413154935,-80.7,2,"[545.0, 532.0]"
1779196856.9210052,32.324724289,0.7030716880004995,0.903,0.0,0.2,0.5774850434666667,4.739164395143398,23,0.7439806821245359,-88.77,2,"[545.0, 532.0]"
1779196856.971136,32.374855285,0.7073554622534466,0.903,0.0,0.2,0.5791549687333335,4.921467029949717,23,0.7255729126699083,-94.14999999999999,2,"[562.5999755859375, 512.4000244140625]"
1779196857.0211642,32.424883345000005,0.7181389993106555,0.903,0.0,0.2,0.5808219744666667,5.103974756572363,23,0.7163690279425944,-96.84,2,"[562.5999755859375, 512.4000244140625]"
1779196857.0714693,32.475188509,0.7351931472630827,0.903,0.0,0.2,0.5824950941666667,5.28767951589753,23,0.7117670855789375,-104.91,2,"[570.5999755859375, 500.3999938964844]"
1779196857.1214347,32.525153763,0.7578589423602043,0.903,0.0,0.2,0.5841610997666669,5.471126346628658,23,0.7102331047910518,-104.91,2,"[570.5999755859375, 500.3999938964844]"
1779196857.171442,32.575161138,0.7855015922035725,0.903,0.0,0.2,0.5858283045666667,5.65522916034751,23,0.7148350471547088,-26.9,2,"[574.2000122070312, 496.6000061035156]"
1779196857.2212749,32.624993791,0.8171451757558965,0.903,0.0,0.2,0.5874922719333334,5.839496381272248,23,0.7271068934577939,2.69,2,"[574.2000122070312, 496.6000061035156]"
1779196857.2714036,32.675122847000004,0.8519527865172296,0.903,0.0,0.2,0.5891634940666668,6.025093457738983,23,0.7455146629124216,2.69,2,"[572.7999877929688, 490.6000061035156]"
1779196857.3210204,32.724739362,0.8882613937938065,0.903,0.0,0.2,0.5908186743000001,6.209425412283615,23,0.7685243747307062,2.69,2,"[572.7999877929688, 490.6000061035156]"
1779196857.3711145,32.774833712,0.9254830914447958,0.903,0.0,0.2,0.5924878296333335,0.11265358398603098,24,0.7961360289126478,2.69,2,"[561.5999755859375, 504.6000061035156]"
1779196857.4211388,32.824857879,0.9619756225527031,0.903,0.0,0.2,0.5941546319333334,0.2993279569881224,24,0.8283496254582462,2.69,2,"[561.5999755859375, 504.6000061035156]"
1779196857.4711988,32.874917921000005,0.9965455085758891,0.903,0.0,0.2,0.5958231389,0.48671800071082316,24,0.863631183579616,2.69,2,"[548.5999755859375, 526.7999877929688]"
1779196857.52123,32.924949036,1.0278933869338436,0.903,0.0,0.2,0.5974900171000002,0.6744488493178835,24,0.8958447801252144,2.69,2,"[548.5999755859375, 526.7999877929688]"
1779196857.5711973,32.974916381,1.0548934162246306,0.903,0.0,0.2,0.5991550419666668,0.8624935354236527,24,0.9357282806102412,24.21,2,"[527.7999877929688, 554.2000122070312]"
1779196857.621222,33.024941092,1.0766166623001325,0.903,0.0,0.2,0.6008224211000001,1.0513281543778135,24,0.9679418771558396,43.04,2,"[527.7999877929688, 554.2000122070312]"
1779196857.6716251,33.075344287,1.0923184863258588,0.903,0.0,0.2,0.6025057051333335,1.242498132590356,24,0.9986214929135524,83.39,2,"[491.6000061035156, 591.4000244140625]"
1779196857.72101,33.124729166,1.1010198474972028,0.903,0.0,0.2,0.6041518593000001,1.429962074551355,24,1.0246991663076084,110.28999999999999,2,"[491.6000061035156, 591.4000244140625]"
1779196857.771275,33.174994143,1.1027482859098265,0.903,0.0,0.2,0.6058245266,1.6209727064856736,24,1.0492428589137786,118.36,2,"[474.3999938964844, 611.0]"
1779196857.8212485,33.224967679,1.0972128060605209,0.903,0.0,0.2,0.6074922766666667,1.811946093531276,24,1.0676506283684062,131.81,2,"[474.3999938964844, 611.0]"
1779196857.8711526,33.274871934000004,1.0846171346013207,0.903,0.0,0.2,0.6091553269666666,2.002902641203235,24,1.0799224746714913,137.19,2,"[476.20001220703125, 614.7999877929688]"
1779196857.9213777,33.325096657,1.065254108388447,0.903,0.0,0.2,0.6108260878333335,2.1952707142391716,24,1.0845244170351482,137.19,2,"[476.20001220703125, 614.7999877929688]"
1779196857.9713817,33.375100746,1.0398912439333163,0.903,0.0,0.2,0.6124931354333334,2.3877350873094656,24,1.0845244170351482,115.67,2,"[453.0, 641.4000244140625]"
1779196858.0215733,33.425292237,1.0092620672294543,0.903,0.0,0.2,0.6141664099333333,2.5814461287386905,24,1.0799224746714913,16.14,2,"[453.0, 641.4000244140625]"
1779196858.072034,33.475752989,0.9743391492385449,0.903,0.0,0.2,0.6158498144666669,2.7768640685246453,24,1.0661166475805206,-2.69,2,"[447.20001220703125, 639.2000122070312]"
1779196858.1210313,33.5247505,0.9376797253547986,0.903,0.0,0.2,0.6174860677666667,2.9673131233498964,24,1.0446409165501216,-2.69,2,"[447.20001220703125, 639.2000122070312]"
1779196858.171021,33.574740013,0.8989537737986056,0.903,0.0,0.2,0.6191527299333335,3.1618251649468334,24,1.01702926236818,-2.69,2,"[471.3999938964844, 618.0]"
1779196858.221064,33.624783131,0.8602667842337811,0.903,0.0,0.2,0.6208198866000001,3.3569188251192656,24,0.9863496466104673,-2.69,2,"[471.3999938964844, 618.0]"
1779196858.2710245,33.674743716,0.8231227037749669,0.903,0.0,0.2,0.6224862256000001,3.55244019339014,24,0.9526020692769832,-2.69,2,"[479.6000061035156, 596.0]"
1779196858.3211055,33.724824677,0.7888982200574076,0.903,0.0,0.2,0.6241545402333335,3.7487180090904246,24,0.9157865303677277,-2.69,2,"[479.6000061035156, 596.0]"
1779196858.371091,33.77480999,0.7589988584048066,0.903,0.0,0.2,0.6258218634666667,3.945403197614553,24,0.8789709914584724,-5.38,2,"[494.20001220703125, 591.5999755859375]"
1779196858.4210708,33.824789720000005,0.7346065235655219,0.903,0.0,0.2,0.6274883405666669,4.14251205199696,24,0.8436894333371027,-32.28,2,"[494.20001220703125, 591.5999755859375]"
1779196858.4710963,33.874815381000005,0.7166957784423661,0.903,0.0,0.2,0.6291549978000002,4.340165805176156,24,0.8068738944278473,-53.8,2,"[522.0, 564.0]"
1779196858.5210075,33.92472664,0.7060342376173123,0.903,0.0,0.2,0.6308185869333334,4.5379773702975115,24,0.77772825945802,-67.25,2,"[522.0, 564.0]"
1779196858.5710518,33.974770959000004,0.7030598470207586,0.903,0.0,0.2,0.6324867156666668,4.736853241198872,24,0.7516505860639642,-83.39,2,"[551.4000244140625, 521.4000244140625]"
1779196858.6210651,34.024784286,0.7079813537271809,0.903,0.0,0.2,0.6341530978333334,4.936044304819632,24,0.7301748550335652,-88.77,2,"[551.4000244140625, 521.4000244140625]"
1779196858.6710916,34.074810603,0.7206726883589838,0.903,0.0,0.2,0.6358209609666668,5.135936746661912,24,0.7163690279425944,-86.08,2,"[557.5999755859375, 509.79998779296875]"
1779196858.721119,34.12483803,0.7406753870170071,0.903,0.0,0.2,0.6374880491333333,5.336260172838109,24,0.7102331047910518,-86.08,2,"[557.5999755859375, 509.79998779296875]"
1779196858.7710226,34.17474165,0.7672043311299441,0.903,0.0,0.2,0.6391527175,5.536815170933949,24,0.7102331047910518,-86.08,2,"[581.0, 504.3999938964844]"
1779196858.8211186,34.224837666,0.7993534306971487,0.903,0.0,0.2,0.6408215921666667,5.738401920345012,24,0.7163690279425944,-29.59,2,"[581.0, 504.3999938964844]"
1779196858.871234,34.274952967000004,0.8358623577060383,0.903,0.0,0.2,0.6424932333000001,5.940849565854677,24,0.7317088358214509,2.69,2,"[572.5999755859375, 491.6000061035156]"
1779196858.921038,34.324757128,0.8749095017992528,0.903,0.0,0.2,0.6441520839000001,6.142266886003853,24,0.7516505860639642,2.69,2,"[572.5999755859375, 491.6000061035156]"
1779196858.9712133,34.374932424,0.9154889139155119,0.903,0.0,0.2,0.6458229595333334,0.0624852228898547,25,0.7807962210337913,2.69,2,"[568.0, 495.6000061035156]"
1779196859.0212586,34.424977611,0.9555850489305695,0.903,0.0,0.2,0.6474908748333335,0.266052875096797,25,0.8130098175793898,2.69,2,"[568.0, 495.6000061035156]"
1779196859.0710752,34.474794394,0.9935026810509737,0.903,0.0,0.2,0.6491542000666667,0.4695818149435027,25,0.8498253564886452,2.69,2,"[548.2000122070312, 522.2000122070312]"
1779196859.1212199,34.524938966,1.027845709183575,0.903,0.0,0.2,0.6508216834666667,0.674143671293912,25,0.8835729338221293,2.69,2,"[548.2000122070312, 522.2000122070312]"
1779196859.171086,34.574805397,1.0570096532349524,0.903,0.0,0.2,0.6524866297666667,0.878916802230016,25,0.9265243958829272,29.59,2,"[537.7999877929688, 563.0]"
1779196859.2211273,34.624846359,1.0798151328310277,0.903,0.0,0.2,0.6541540028333335,1.0845124459317859,25,0.9633399347921826,29.59,2,"[537.7999877929688, 563.0]"
1779196859.2711732,34.674892399,1.095227318992802,0.903,0.0,0.2,0.6558250715,1.2910901443382912,25,0.9970875121256667,83.39,2,"[503.79998779296875, 577.0]"
1779196859.3209555,34.724674608,1.1024513138946834,0.903,0.0,0.2,0.6574841626666668,1.4967060326001516,25,1.0246991663076084,102.22,2,"[503.79998779296875, 577.0]"
1779196859.3711774,34.774896337,1.1012147298572794,0.903,0.0,0.2,0.6591566541000001,1.7045099190123452,25,1.0507768397016641,115.67,2,"[491.79998779296875, 613.2000122070312]"
1779196859.4211824,34.824901348000004,1.0914639312306822,0.903,0.0,0.2,0.6608231980000001,1.9120983573374204,25,1.069184609156292,137.19,2,"[491.79998779296875, 613.2000122070312]"
1779196859.4712586,34.874977758,1.158845967893438,0.903,0.0,0.3,0.6624899068333334,2.120230965397674,25,1.081456455459377,139.88,2,"[465.20001220703125, 627.5999755859375]"
1779196859.521349,34.925068089,1.1207782783285145,0.903,0.0,0.3,0.6641591918333333,2.3292105211063543,25,1.086058397823034,139.88,2,"[465.20001220703125, 627.5999755859375]"
1779196859.5711865,34.974905608,1.0733349668321188,0.903,0.0,0.3,0.6658210609000002,2.5377822569661603,25,1.0921943209745766,161.4,2,"[454.3999938964844, 638.7999877929688]"
1779196859.6210988,35.024818082,1.0182250590336723,0.903,0.0,0.3,0.6674869183333333,2.747377640488061,25,1.1060001480655473,139.88,2,"[454.3999938964844, 638.7999877929688]"
1779196859.6712656,35.074984826000005,0.957616987277957,0.903,0.0,0.3,0.6691608337333335,2.9585150270315026,25,1.1060001480655473,0.0,2,"[454.3999938964844, 633.5999755859375]"
1779196859.7209826,35.124701648000006,0.895067640211934,0.903,0.0,0.3,0.6708178383333333,3.168036934856623,25,1.081456455459377,-2.69,2,"[454.3999938964844, 633.5999755859375]"
1779196859.7710888,35.174807974000004,0.8322432437481146,0.903,0.0,0.3,0.6724875556000001,3.3796918281430024,25,1.0415729549743504,-2.69,2,"[450.0, 634.4000244140625]"
1779196859.8210409,35.224759888,0.7725855313074855,0.903,0.0,0.3,0.6741528932666668,3.591314323386719,25,0.9863496466104673,-2.69,2,"[450.0, 634.4000244140625]"
1779196859.8710678,35.274786988,0.7185506491742981,0.903,0.0,0.3,0.6758206188666667,3.8037645291791264,25,0.9280583766708129,-18.83,2,"[512.2000122070312, 604.5999755859375]"
1779196859.921089,35.32480805,0.6727365907013398,0.903,0.0,0.3,0.6774872158666667,4.016594518540451,25,0.868233125943273,-18.83,2,"[512.2000122070312, 604.5999755859375]"
1779196859.9710867,35.374805737,0.6372400452606007,0.903,0.0,0.3,0.6791538363666667,4.229951078698697,25,0.8053399136399616,-64.56,2,"[517.4000244140625, 559.5999755859375]"
1779196860.0211198,35.424839104,0.6137368941331314,0.903,0.0,0.3,0.6808220913333334,4.444041476373776,25,0.7516505860639642,-48.42,2,"[517.4000244140625, 559.5999755859375]"
1779196860.0710938,35.474813088000005,0.6034359032049577,0.903,0.0,0.3,0.6824889385333334,4.658474924834458,25,0.705631162427395,-123.74,2,"[560.2000122070312, 521.5999755859375]"
1779196860.1210172,35.524736341,0.6068631981378979,0.903,0.0,0.3,0.6841527857333335,4.873044263643614,25,0.6672816427302539,-145.26,2,"[560.2000122070312, 521.5999755859375]"
1779196860.1709952,35.574714356,0.6239614505044135,0.903,0.0,0.3,0.6858188498000002,5.088422709269658,25,0.6366020269725411,-139.88,2,"[597.5999755859375, 474.6000061035156]"
1779196860.2209892,35.624708343,0.6540558029969887,0.903,0.0,0.3,0.6874855809666668,5.304411032755674,25,0.6212622190936846,-150.64,2,"[597.5999755859375, 474.6000061035156]"
1779196860.2712762,35.674995272000004,0.6959980269204374,0.903,0.0,0.3,0.6891581805666668,5.521687167840021,25,0.6212622190936846,-91.46,2,"[642.5999755859375, 479.3999938964844]"
1779196860.3211505,35.724869797000004,0.7475158510666919,0.903,0.0,0.3,0.6908220127333334,5.738346204103216,25,0.6258641614573416,-91.46,2,"[642.5999755859375, 479.3999938964844]"
1779196860.3711846,35.774903525,0.8065934451207508,0.903,0.0,0.3,0.6924896510666668,5.956025076990365,25,0.6458059116998549,2.69,2,"[607.5999755859375, 456.3999938964844]"
1779196860.4212358,35.824955031,0.8704111077530836,0.903,0.0,0.3,0.6941581488000002,6.174340878312144,25,0.6764855274575677,5.38,2,"[607.5999755859375, 456.3999938964844]"
1779196860.4713717,35.875090724,0.9360763835734724,0.903,0.0,0.3,0.6958303209666667,0.11047922005711541,26,0.7179030087304801,2.69,2,"[593.0, 473.79998779296875]"
1779196860.5210109,35.924729836000004,0.9996521841222017,0.903,0.0,0.3,0.6974850033000001,0.328024982124802,26,0.7685243747307062,2.69,2,"[593.0, 473.79998779296875]"
1779196860.571061,35.974779956,1.0592749322826343,0.903,0.0,0.3,0.6991535946333334,0.5479242085032894,26,0.8283496254582462,2.69,2,"[552.5999755859375, 517.5999755859375]"
1779196860.6210833,36.024802319,1.1114365702225775,0.903,0.0,0.3,0.7008205067000001,0.7681258817578538,26,0.8897088569736719,24.21,2,"[552.5999755859375, 517.5999755859375]"
1779196860.6710942,36.074813128,1.1536169280299928,0.903,0.0,0.3,0.7024873448666668,0.988841499245396,26,0.9526020692769832,40.35,2,"[544.4000244140625, 555.4000244140625]"
1779196860.7211287,36.124847980000006,1.1837200595421375,0.903,0.0,0.3,0.7041560790333335,1.2103330756151962,26,1.012427320004523,40.35,2,"[544.4000244140625, 555.4000244140625]"
1779196860.7710855,36.174804617,1.2001105645757246,0.903,0.0,0.3,0.7058213959333335,1.4318938282116136,26,1.0676506283684062,99.53,2,"[492.6000061035156, 601.4000244140625]"
1779196860.8211386,36.224857563,1.201956353842984,0.903,0.0,0.3,0.7074886255,1.6542330025279597,26,1.1106020904292042,134.5,2,"[492.6000061035156, 601.4000244140625]"
1779196860.8710809,36.274799888000004,1.189047150613212,0.903,0.0,0.3,0.7091549966,1.8769811061302306,26,1.1474176293384597,161.4,2,"[510.3999938964844, 667.5999755859375]"
1779196860.921032,36.324751094,1.1619608926791702,0.903,0.0,0.3,0.7108195809333333,2.100012659268671,26,1.1704273411567443,166.78,2,"[510.3999938964844, 667.5999755859375]"
1779196860.971194,36.374913091,1.1217761289904278,0.903,0.0,0.3,0.7124900742333333,2.3243619390713235,26,1.179631225884058,180.23,2,"[445.20001220703125, 670.4000244140625]"
1779196861.0213645,36.425083401,1.0704542055717245,0.903,0.0,0.3,0.7141617825,2.5494011616709003,26,1.179631225884058,32.28,2,"[445.20001220703125, 670.4000244140625]"
1779196861.0711782,36.474897101,1.0109345331162063,0.903,0.0,0.3,0.7158230763000001,2.7735586553908576,26,1.162757437217316,-8.07,2,"[444.3999938964844, 665.4000244140625]"
1779196861.1211667,36.524885907000005,0.9456482700724983,0.903,0.0,0.3,0.7174896234666667,2.998948506790711,26,1.1305438406717176,-8.07,2,"[444.3999938964844, 665.4000244140625]"
