mode,t_ros_sec,t_rel_sec,tail_target_rad,tail_bias_rad,tail_bias_offset_rad,tail_amp_rad,tail_freq_hz,phase_rad,cycle_idx,present_position_rad,present_current_ma,sensor_len,sensor_values
random_walk,1788870538.3707888,0.030849095000000003,0.9648971367693566,0.903,0.0,0.48975388619448956,0.6185015493880088,0.11896704250332328,0,1.3652429012182206,91.46,2,"[395.3999938964844, 715.4000244140625]"
random_walk,1788870538.4205136,0.080574249,1.0574406583738107,0.903,0.0,0.48975388619448956,0.6185015493880088,0.3127178994620618,0,1.346835131763593,91.46,2,"[393.6000061035156, 706.2000122070312]"
random_walk,1788870538.4704561,0.13051663700000002,1.1445339858542598,0.903,0.0,0.48975388619448956,0.6185015493880088,0.506908304416521,0,1.2670681307935396,-2.69,2,"[393.6000061035156, 706.2000122070312]"
random_walk,1788870538.520515,0.18057545300000002,1.222799445098852,0.903,0.0,0.48975388619448956,0.6185015493880088,0.7013928217205649,0,1.1504855909142309,-5.38,2,"[435.3999938964844, 674.5999755859375]"
random_walk,1788870538.5705423,0.23060291600000002,1.2891226771641462,0.903,0.0,0.48975388619448956,0.6185015493880088,0.8957914510058175,0,1.0829904362472627,80.7,2,"[435.3999938964844, 674.5999755859375]"
random_walk,1788870538.6205354,0.280595806,1.3410136727356674,0.903,0.0,0.48975388619448956,0.6185015493880088,1.090065299584524,0,1.0921943209745766,59.18,2,"[484.0, 626.0]"
random_walk,1788870538.6706562,0.33071662700000004,1.3766105599661527,0.903,0.0,0.48975388619448956,0.6185015493880088,1.2846556836551357,0,1.1474176293384597,80.7,2,"[484.0, 626.0]"
random_walk,1788870538.7204738,0.38053431800000004,1.3944404159332988,0.903,0.0,0.48975388619448956,0.6185015493880088,1.4785255892346452,0,1.213378803217542,115.67,2,"[449.25, 654.0]"
random_walk,1788870538.7706635,0.43072412800000004,1.393952568086907,0.903,0.0,0.48975388619448956,0.6185015493880088,1.6733110429849662,0,1.2762720155208536,139.88,2,"[449.25, 654.0]"
random_walk,1788870538.820485,0.48054580500000005,1.375168588865169,0.903,0.0,0.48975388619448956,0.6185015493880088,1.8671898828459652,0,1.3284273623089653,139.88,2,"[406.0, 699.0]"
random_walk,1788870538.8704367,0.5304973040000001,1.3387725123018583,0.903,0.0,0.48975388619448956,0.6185015493880088,2.0613311783984303,0,1.3575729972787924,182.92,2,"[406.0, 699.0]"
random_walk,1788870538.9204485,0.5805091440000001,1.2860808088933637,0.903,0.0,0.48975388619448956,0.6185015493880088,2.2556796023846117,0,1.368310862793992,180.23,2,"[385.20001220703125, 715.2000122070312]"
random_walk,1788870538.9706163,0.630676797,1.2189556370667036,0.903,0.0,0.48975388619448956,0.6185015493880088,2.450429404504491,0,1.3667768820061064,43.04,2,"[385.20001220703125, 715.2000122070312]"
random_walk,1788870539.0204504,0.680510952,1.140413493154671,0.903,0.0,0.48975388619448956,0.6185015493880088,2.6442824791257005,0,1.3453011509757073,-5.38,2,"[391.0, 702.2000122070312]"
random_walk,1788870539.0707304,0.7307907640000001,1.052565659764641,0.903,0.0,0.48975388619448956,0.6185015493880088,2.839318652364748,0,1.3054176504906807,-2.69,2,"[391.0, 702.2000122070312]"
random_walk,1788870539.1204982,0.7805588880000001,0.9598263300811087,0.903,0.0,0.48975388619448956,0.6185015493880088,3.033046798605337,0,1.2517283229146832,-2.69,2,"[406.6000061035156, 684.4000244140625]"
random_walk,1788870539.170758,0.830818593,0.8643980898729026,0.903,0.0,0.48975388619448956,0.6185015493880088,3.2282174990398285,0,1.184233168247715,-32.28,2,"[406.6000061035156, 684.4000244140625]"
random_walk,1788870539.220454,0.880514423,0.7714216081915136,0.903,0.0,0.48975388619448956,0.6185015493880088,3.421596998449692,0,1.0983302441261191,-32.28,2,"[467.3999938964844, 640.4000244140625]"
random_walk,1788870539.270491,0.930551537,0.683016451771247,0.903,0.0,0.48975388619448956,0.6185015493880088,3.6160650345498224,0,1.0139613007924089,-18.83,2,"[467.3999938964844, 640.4000244140625]"
random_walk,1788870539.3204453,0.9805057530000001,0.6031772406085145,0.903,0.0,0.48975388619448956,0.6185015493880088,3.8101928995338543,0,0.9280583766708129,-142.57,2,"[522.4000244140625, 582.0]"
random_walk,1788870539.3704565,1.030516929,0.5346974289499673,0.903,0.0,0.48975388619448956,0.6185015493880088,4.004464552432247,0,0.8406214717613314,-32.28,2,"[522.4000244140625, 582.0]"
random_walk,1788870539.4206457,1.080706242,0.4800790472855021,0.903,0.0,0.48975388619448956,0.6185015493880088,4.199305893047336,0,0.7393787397608791,-5.38,2,"[590.0, 513.2000122070312]"
random_walk,1788870539.4707131,1.1307736160000001,0.4416406232237678,0.903,0.0,0.48975388619448956,0.6185015493880088,4.393934501386209,0,0.6550097964271688,-59.18,2,"[590.0, 513.2000122070312]"
random_walk,1788870539.5204844,1.18054498,0.4208342000666737,0.903,0.0,0.48975388619448956,0.6185015493880088,4.587438820364216,0,0.5859806609723149,-145.26,2,"[619.5999755859375, 460.0]"
random_walk,1788870539.570753,1.230813541,0.4182256944649118,0.903,0.0,0.48975388619448956,0.6185015493880088,4.782688079520026,0,0.5230874486690036,-112.98,2,"[619.5999755859375, 460.0]"
random_walk,1788870539.620442,1.2805023800000002,0.43393853927398107,0.903,0.0,0.48975388619448956,0.6185015493880088,4.976032486906466,0,0.4724660826687775,-112.98,2,"[641.2000122070312, 384.79998779296875]"
random_walk,1788870539.6705024,1.330563114,0.46753143201159714,0.903,0.0,0.48975388619448956,0.6185015493880088,5.170576854958322,0,0.4479223900626072,-161.4,2,"[641.2000122070312, 384.79998779296875]"
random_walk,1788870539.7204704,1.3805309220000002,0.5175639932290313,0.903,0.0,0.48975388619448956,0.6185015493880088,5.364677167069035,0,0.4325825821837508,-137.19,2,"[651.2000122070312, 358.6000061035156]"
random_walk,1788870539.7705963,1.430656731,0.5824171318081368,0.903,0.0,0.48975388619448956,0.6185015493880088,5.559331501786099,0,0.4341165629716365,-69.94,2,"[651.2000122070312, 358.6000061035156]"
random_walk,1788870539.8206143,1.480674834,0.6593763238151833,0.903,0.0,0.48975388619448956,0.6185015493880088,5.753642777970298,0,0.45252433242626416,2.69,2,"[647.0, 356.79998779296875]"
random_walk,1788870539.8707156,1.5307758980000001,0.7457677844922561,0.903,0.0,0.48975388619448956,0.6185015493880088,5.948215266274811,0,0.4908738521234052,2.69,2,"[647.0, 356.79998779296875]"
random_walk,1788870539.9205828,1.5806433500000001,0.8379375232453888,0.903,0.0,0.48975388619448956,0.6185015493880088,6.142173609193972,0,0.5445631796994026,2.69,2,"[631.0, 328.20001220703125]"
random_walk,1788870539.970609,1.6306694130000001,0.9329130976952437,0.903,0.0,0.48975388619448956,0.6185015493880088,0.05340564704546491,1,0.6089903727905995,2.69,2,"[631.0, 328.20001220703125]"
random_walk,1788870540.02066,1.680720366,1.0268839191580148,0.903,0.0,0.48975388619448956,0.6185015493880088,0.24778150343401073,1,0.6902913545485385,2.69,2,"[603.7999877929688, 494.6000061035156]"
random_walk,1788870540.0704348,1.730495429,1.1160485949859644,0.903,0.0,0.48975388619448956,0.6185015493880088,0.44151977700716305,1,0.7715923363064775,48.42,2,"[603.7999877929688, 494.6000061035156]"
random_walk,1788870540.1204543,1.780514793,1.1976362265685234,0.903,0.0,0.48975388619448956,0.6185015493880088,0.6359014898385986,1,0.8620972027917303,2.69,2,"[558.7999877929688, 566.0]"
random_walk,1788870540.170476,1.830536318,1.2682651497358084,0.903,0.0,0.48975388619448956,0.6185015493880088,0.8302738098216826,1,0.9587379924285258,2.69,2,"[558.7999877929688, 566.0]"
random_walk,1788870540.2204747,1.880535257,1.3252594658190124,0.903,0.0,0.48975388619448956,0.6185015493880088,1.0245673340276973,1,1.047708878125893,45.73,2,"[508.0, 619.7999877929688]"
random_walk,1788870540.270618,1.9306785190000002,1.3665698274986435,0.903,0.0,0.48975388619448956,0.6185015493880088,1.2192423975213877,1,1.1305438406717176,86.08,2,"[508.0, 619.7999877929688]"
random_walk,1788870540.3205626,1.980622941,1.3904693779880155,0.903,0.0,0.48975388619448956,0.6185015493880088,1.41339422068088,1,1.2072428800659996,80.7,2,"[457.3999938964844, 667.7999877929688]"
random_walk,1788870540.3707924,2.0308527890000003,1.3961797190960499,0.903,0.0,0.48975388619448956,0.6185015493880088,1.6082829996492283,1,1.2686021115814252,145.26,2,"[457.3999938964844, 667.7999877929688]"
random_walk,1788870540.4205866,2.080647102,1.3834801086260717,0.903,0.0,0.48975388619448956,0.6185015493880088,1.8021065394555968,1,1.3192234775816514,145.26,2,"[397.6000061035156, 709.7999877929688]"
random_walk,1788870540.470453,2.130513466,1.352919446020529,0.903,0.0,0.48975388619448956,0.6185015493880088,1.9959707051770117,1,1.3529710549151355,199.06,2,"[397.6000061035156, 709.7999877929688]"
random_walk,1788870540.5204966,2.180557033,1.3054579623940845,0.903,0.0,0.48975388619448956,0.6185015493880088,2.190487298844438,1,1.363708920430335,199.06,2,"[377.79998779296875, 733.4000244140625]"
random_walk,1788870540.570511,2.2305717830000003,1.2430211869748802,0.903,0.0,0.48975388619448956,0.6185015493880088,2.3848290969280797,1,1.363708920430335,75.32,2,"[377.79998779296875, 733.4000244140625]"
random_walk,1788870540.6204739,2.280534438,1.1679802862899349,0.903,0.0,0.48975388619448956,0.6185015493880088,2.579036356157797,1,1.3529710549151355,-8.07,2,"[386.3999938964844, 715.4000244140625]"
random_walk,1788870540.6705964,2.3306570460000002,1.0829146598564707,0.903,0.0,0.48975388619448956,0.6185015493880088,2.7736894511898686,1,1.3192234775816514,-2.69,2,"[386.3999938964844, 715.4000244140625]"
random_walk,1788870540.7206037,2.380664331,0.9913494239741032,0.903,0.0,0.48975388619448956,0.6185015493880088,2.9680244795830557,1,1.2701360923693108,-2.69,2,"[403.79998779296875, 688.5999755859375]"
random_walk,1788870540.77062,2.430680515,0.8965790276654179,0.903,0.0,0.48975388619448956,0.6185015493880088,3.1624023179131235,1,1.2087768608538851,-8.07,2,"[403.79998779296875, 688.5999755859375]"
random_walk,1788870540.8204808,2.4805412710000003,0.802426378754921,0.903,0.0,0.48975388619448956,0.6185015493880088,3.356291281220525,1,1.1305438406717176,-8.07,2,"[455.79998779296875, 655.2000122070312]"
random_walk,1788870540.870489,2.530549492,0.7120397878220196,0.903,0.0,0.48975388619448956,0.6185015493880088,3.5505012180143787,1,1.047708878125893,-26.9,2,"[455.79998779296875, 655.2000122070312]"
random_walk,1788870540.9204612,2.580521681,0.628920539771355,0.903,0.0,0.48975388619448956,0.6185015493880088,3.7448458685393486,1,0.9602719732164113,-99.53,2,"[524.2000122070312, 597.4000244140625]"
random_walk,1788870540.9706123,2.630672919,0.5561394203277689,0.903,0.0,0.48975388619448956,0.6185015493880088,3.9395507855129885,1,0.8713010875190442,-88.77,2,"[524.2000122070312, 597.4000244140625]"
random_walk,1788870541.0205622,2.68062272,0.49675925292384016,0.903,0.0,0.48975388619448956,0.6185015493880088,4.133693647187872,1,0.7685243747307062,-2.69,2,"[583.5999755859375, 521.0]"
random_walk,1788870541.0708208,2.730881245,0.4526746198933224,0.903,0.0,0.48975388619448956,0.6185015493880088,4.328435024113203,1,0.6826214506091103,-21.52,2,"[583.5999755859375, 521.0]"
random_walk,1788870541.1207008,2.7807613250000003,0.42580582883199464,0.903,0.0,0.48975388619448956,0.6185015493880088,4.522645240710565,1,0.6089903727905995,-123.74,2,"[625.7999877929688, 388.20001220703125]"
random_walk,1788870541.1706061,2.830666597,0.41702076037720404,0.903,0.0,0.48975388619448956,0.6185015493880088,4.716788829097341,1,0.5445631796994026,-115.67,2,"[625.7999877929688, 388.20001220703125]"
random_walk,1788870541.2205753,2.8806358370000003,0.426644314168416,0.903,0.0,0.48975388619448956,0.6185015493880088,4.911005244119661,1,0.48473792897186263,-115.67,2,"[642.7999877929688, 397.79998779296875]"
random_walk,1788870541.270521,2.930581471,0.45431233751029065,0.903,0.0,0.48975388619448956,0.6185015493880088,5.105173544596907,1,0.45559229400203544,-177.54,2,"[642.7999877929688, 397.79998779296875]"
random_walk,1788870541.320585,2.980645646,0.49906864040795257,0.903,0.0,0.48975388619448956,0.6185015493880088,5.299649819355913,1,0.4433204476989503,-153.32999999999998,2,"[647.7999877929688, 357.0]"
random_walk,1788870541.3706722,3.0307328360000003,0.5591392878223443,0.903,0.0,0.48975388619448956,0.6185015493880088,5.493961472497617,1,0.440252486123179,-67.25,2,"[647.7999877929688, 357.0]"
random_walk,1788870541.4205027,3.080563145,0.6322063750378577,0.903,0.0,0.48975388619448956,0.6185015493880088,5.688056623788052,1,0.45099035163837853,2.69,2,"[643.0, 360.0]"
random_walk,1788870541.470494,3.1305544380000003,0.7156647302290614,0.903,0.0,0.48975388619448956,0.6185015493880088,5.882329388128161,1,0.47860200582032003,2.69,2,"[643.0, 360.0]"
random_walk,1788870541.520566,3.180626444,0.8064236826740274,0.903,0.0,0.48975388619448956,0.6185015493880088,6.076832838802982,1,0.5246214294568893,2.69,2,"[625.4000244140625, 397.20001220703125]"
random_walk,1788870541.57067,3.230730528,0.9009441646817282,0.903,0.0,0.48975388619448956,0.6185015493880088,6.271289783802908,1,0.5859806609723149,5.38,2,"[625.4000244140625, 397.20001220703125]"
random_walk,1788870541.6205218,3.280582334,0.9954892847446457,0.903,0.0,0.48975388619448956,0.6185015493880088,0.1821566314412042,2,0.662679700366597,5.38,2,"[613.0, 467.5]"
random_walk,1788870541.6704528,3.3305133590000002,1.086709797238182,0.903,0.0,0.48975388619448956,0.6185015493880088,0.37622143182322887,2,0.7424467013366504,45.73,2,"[613.0, 467.5]"
random_walk,1788870541.7204795,3.3805400540000003,1.1713281640229427,0.903,0.0,0.48975388619448956,0.6185015493880088,0.5706582737182622,2,0.8283496254582462,10.76,2,"[565.4000244140625, 561.7999877929688]"
random_walk,1788870541.770604,3.430664332,1.2460460257247066,0.903,0.0,0.48975388619448956,0.6185015493880088,0.7652928045647425,2,0.9265243958829272,2.69,2,"[565.4000244140625, 561.7999877929688]"
random_walk,1788870541.8204825,3.48054297,1.307759743667035,0.903,0.0,0.48975388619448956,0.6185015493880088,0.9592441640546578,2,1.01702926236818,21.52,2,"[512.7999877929688, 629.5999755859375]"
random_walk,1788870541.8705626,3.530623062,1.3545551876803432,0.903,0.0,0.48975388619448956,0.6185015493880088,1.1537929545564207,2,1.1013982057018903,96.84,2,"[512.7999877929688, 629.5999755859375]"
random_walk,1788870541.920665,3.5807254900000003,1.3844438067195017,0.903,0.0,0.48975388619448956,0.6185015493880088,1.3482317745068162,2,1.1811652066719438,99.53,2,"[471.79998779296875, 651.7999877929688]"
random_walk,1788870541.9707925,3.6308531150000003,1.3963339730493902,0.903,0.0,0.48975388619448956,0.6185015493880088,1.5429537012021086,2,1.2563302652783401,99.53,2,"[471.79998779296875, 651.7999877929688]"
random_walk,1788870542.0204988,3.6805592440000003,1.3898136029595491,0.903,0.0,0.48975388619448956,0.6185015493880088,1.7365222894916759,2,1.3054176504906807,150.64,2,"[410.79998779296875, 698.5999755859375]"
random_walk,1788870542.0704715,3.730531973,1.3651403898198742,0.903,0.0,0.48975388619448956,0.6185015493880088,1.9307303764734414,2,1.342233189399936,185.60999999999999,2,"[410.79998779296875, 698.5999755859375]"
random_walk,1788870542.1204803,3.7805407270000004,1.3231858864258899,0.903,0.0,0.48975388619448956,0.6185015493880088,2.1251219756955297,2,1.363708920430335,201.75,2,"[389.79998779296875, 719.2000122070312]"
random_walk,1788870542.1705825,3.8306430670000005,1.2654952211194535,0.903,0.0,0.48975388619448956,0.6185015493880088,2.3196637983126855,2,1.3667768820061064,134.5,2,"[389.79998779296875, 719.2000122070312]"
random_walk,1788870542.2206318,3.8806925280000004,1.1943221235705712,0.903,0.0,0.48975388619448956,0.6185015493880088,2.5140762079207573,2,1.363708920430335,-5.38,2,"[389.20001220703125, 715.2000122070312]"
random_walk,1788870542.2705717,3.9306322230000004,1.1124060092311538,0.903,0.0,0.48975388619448956,0.6185015493880088,2.7082835137843944,2,1.3330293046726223,-2.69,2,"[389.20001220703125, 715.2000122070312]"
random_walk,1788870542.3206062,3.980666733,1.0226731145731185,0.903,0.0,0.48975388619448956,0.6185015493880088,2.902669994933964,2,1.2885438618239387,-2.69,2,"[390.3999938964844, 569.2000122070312]"
random_walk,1788870542.370638,4.030698350000001,0.9285525033134614,0.903,0.0,0.48975388619448956,0.6185015493880088,3.097101357343613,2,1.2302525918842842,-5.38,2,"[390.3999938964844, 569.2000122070312]"
random_walk,1788870542.4204504,4.0805108070000005,0.8339045935932108,0.903,0.0,0.48975388619448956,0.6185015493880088,3.2909265215647974,2,1.1535535524900022,-5.38,2,"[439.6000061035156, 661.7999877929688]"
random_walk,1788870542.470459,4.1305195040000005,0.7417590865151206,0.903,0.0,0.48975388619448956,0.6185015493880088,3.485242744830483,2,1.0768545130957201,-29.59,2,"[439.6000061035156, 661.7999877929688]"
random_walk,1788870542.5204992,4.18055977,0.6558056038106996,0.903,0.0,0.48975388619448956,0.6185015493880088,3.679604156362874,2,0.9909515889741242,-67.25,2,"[509.20001220703125, 606.5999755859375]"
random_walk,1788870542.570609,4.2306695130000005,0.5792033769880965,0.903,0.0,0.48975388619448956,0.6185015493880088,3.874238694981674,2,0.9019807032767571,-137.19,2,"[509.20001220703125, 606.5999755859375]"
random_walk,1788870542.6206446,4.2807050140000005,0.5150415859670279,0.903,0.0,0.48975388619448956,0.6185015493880088,4.068633403131642,2,0.8068738944278473,-8.07,2,"[567.2000122070312, 540.7999877929688]"
random_walk,1788870542.6707187,4.3307791700000005,0.4655812048726155,0.903,0.0,0.48975388619448956,0.6185015493880088,4.263287516337595,2,0.7117670855789375,-26.9,2,"[567.2000122070312, 540.7999877929688]"
random_walk,1788870542.720659,4.380719557,0.4328760612646699,0.903,0.0,0.48975388619448956,0.6185015493880088,4.4572027500855675,2,0.6320000846088841,-80.7,2,"[608.5999755859375, 488.3999938964844]"
random_walk,1788870542.7707348,4.43079507,0.41791742098845425,0.903,0.0,0.48975388619448956,0.6185015493880088,4.651708120523352,2,0.5645049299419159,-118.36,2,"[608.5999755859375, 488.3999938964844]"
random_walk,1788870542.8206618,4.4807223160000005,0.42136648648462105,0.903,0.0,0.48975388619448956,0.6185015493880088,4.84577674100051,2,0.500077736850719,-118.36,2,"[641.5999755859375, 328.3999938964844]"
random_walk,1788870542.8707082,4.530768888,0.44313704063507253,0.903,0.0,0.48975388619448956,0.6185015493880088,5.04046201732228,2,0.4632621979414636,-190.99,2,"[641.5999755859375, 328.3999938964844]"
random_walk,1788870542.9206195,4.580679899000001,0.48223653934555977,0.903,0.0,0.48975388619448956,0.6185015493880088,5.23437629118877,2,0.440252486123179,-164.09,2,"[649.2000122070312, 362.79998779296875]"
random_walk,1788870542.9706378,4.630698113,0.5374156110025123,0.903,0.0,0.48975388619448956,0.6185015493880088,5.428806592676782,2,0.43718452454740775,-91.46,2,"[649.2000122070312, 362.79998779296875]"
random_walk,1788870543.0204995,4.680559942,0.6062815932954037,0.903,0.0,0.48975388619448956,0.6185015493880088,5.622637372398945,2,0.4433204476989503,2.69,2,"[654.2000122070312, 354.0]"
random_walk,1788870543.0706708,4.730731424,0.6868203787600642,0.903,0.0,0.48975388619448956,0.6185015493880088,5.817425103438936,2,0.4663301595172349,2.69,2,"[654.2000122070312, 354.0]"
random_walk,1788870543.120743,4.780803381,0.7755927979781118,0.903,0.0,0.48975388619448956,0.6185015493880088,6.0120318637871435,2,0.5062136600022615,2.69,2,"[629.7999877929688, 382.79998779296875]"
random_walk,1788870543.1706934,4.830753875,0.8690935679377979,0.903,0.0,0.48975388619448956,0.6185015493880088,6.206180100021097,2,0.5629709491540303,2.69,2,"[629.7999877929688, 382.79998779296875]"
random_walk,1788870543.2205431,4.880603529,0.9638460895492303,0.903,0.0,0.48975388619448956,0.6185015493880088,0.11680597077340238,3,0.6350680461846554,2.69,2,"[610.7999877929688, 465.79998779296875]"
random_walk,1788870543.2705545,4.930615029,1.0567184654442523,0.903,0.0,0.48975388619448956,0.6185015493880088,0.3111685209506305,3,0.7133010663668231,34.97,2,"[610.7999877929688, 465.79998779296875]"
random_walk,1788870543.3204863,4.980546815,1.1438454735665662,0.903,0.0,0.48975388619448956,0.6185015493880088,0.505300975489444,3,0.7992039904884191,34.97,2,"[561.75, 547.75]"
random_walk,1788870543.3706555,5.030716161,1.2223030173950664,0.903,0.0,0.48975388619448956,0.6185015493880088,0.7000667302954966,3,0.8958447801252144,2.69,2,"[561.75, 547.75]"
random_walk,1788870543.4206674,5.080727878,1.2887183200807815,0.903,0.0,0.48975388619448956,0.6185015493880088,0.8944713170637968,3,0.9894176081862386,2.69,2,"[532.5999755859375, 619.4000244140625]"
random_walk,1788870543.470695,5.130755483000001,1.3407041220405687,0.903,0.0,0.48975388619448956,0.6185015493880088,1.0887002688377834,3,1.0768545130957201,78.01,2,"[532.5999755859375, 619.4000244140625]"
random_walk,1788870543.5205457,5.18060624,1.37633589643435,0.903,0.0,0.48975388619448956,0.6185015493880088,1.2826753999674843,3,1.1566215140657734,99.53,2,"[471.6000061035156, 656.2000122070312]"
random_walk,1788870543.5706437,5.230704118,1.3943834429458475,0.903,0.0,0.48975388619448956,0.6185015493880088,1.4772715510993102,3,1.2287186110963986,104.91,2,"[471.6000061035156, 656.2000122070312]"
random_walk,1788870543.6205084,5.280569043000001,1.394057388924892,0.903,0.0,0.48975388619448956,0.6185015493880088,1.6711979031506061,3,1.2885438618239387,104.91,2,"[434.0, 709.7999877929688]"
random_walk,1788870543.6704652,5.330525612000001,1.375427780189225,0.903,0.0,0.48975388619448956,0.6185015493880088,1.8653725030929635,3,1.3299613430968509,169.47,2,"[434.0, 709.7999877929688]"
random_walk,1788870543.720644,5.380704560000001,1.339027932654673,0.903,0.0,0.48975388619448956,0.6185015493880088,2.060222980069856,3,1.359106978066678,201.75,2,"[400.6000061035156, 727.4000244140625]"
random_walk,1788870543.7706456,5.430706055,1.286423816426526,0.903,0.0,0.48975388619448956,0.6185015493880088,2.2545716955180275,3,1.3698448435818775,190.99,2,"[400.6000061035156, 727.4000244140625]"
random_walk,1788870543.8204684,5.480528747,1.2197276452576875,0.903,0.0,0.48975388619448956,0.6185015493880088,2.448381843617561,3,1.368310862793992,61.87,2,"[391.0, 748.4000244140625]"
random_walk,1788870543.87071,5.5307702370000005,1.1408272395618277,0.903,0.0,0.48975388619448956,0.6185015493880088,2.6433209872175354,3,1.346835131763593,32.28,2,"[391.0, 748.4000244140625]"
random_walk,1788870543.9205263,5.580586793,1.0535886780181092,0.903,0.0,0.48975388619448956,0.6185015493880088,2.8371298606566384,3,1.3084856120664519,-2.69,2,"[399.20001220703125, 695.2000122070312]"
random_walk,1788870543.9706798,5.630740198000001,0.9603636909172169,0.903,0.0,0.48975388619448956,0.6185015493880088,3.0319430304989936,3,1.2517283229146832,-2.69,2,"[399.20001220703125, 695.2000122070312]"
random_walk,1788870544.0205064,5.68056708,0.8656252041936883,0.903,0.0,0.48975388619448956,0.6185015493880088,3.225702767332983,3,1.1811652066719438,-2.69,2,"[421.6000061035156, 546.2000122070312]"
random_walk,1788870544.0704882,5.730548701,0.7721705887069124,0.903,0.0,0.48975388619448956,0.6185015493880088,3.420006088547975,3,1.1044661672776617,-34.97,2,"[421.6000061035156, 546.2000122070312]"
random_walk,1788870544.1205049,5.780565537,0.6837787767833791,0.903,0.0,0.48975388619448956,0.6185015493880088,3.614315973486949,3,1.0200972239439514,-29.59,2,"[503.79998779296875, 617.0]"
random_walk,1788870544.1706185,5.830678908,0.6036514622976459,0.903,0.0,0.48975388619448956,0.6185015493880088,3.8089595279965955,3,0.9295923574586985,-123.74,2,"[503.79998779296875, 617.0]"
random_walk,1788870544.2205157,5.880576274,0.5351848881360198,0.903,0.0,0.48975388619448956,0.6185015493880088,4.002935273139553,3,0.8406214717613314,-34.97,2,"[556.5999755859375, 553.7999877929688]"
random_walk,1788870544.2705977,5.930658151,0.48051488450708546,0.903,0.0,0.48975388619448956,0.6185015493880088,4.1974958581364525,3,0.7393787397608791,-21.52,2,"[556.5999755859375, 553.7999877929688]"
random_walk,1788870544.3206148,5.980675304,0.44195818248230123,0.903,0.0,0.48975388619448956,0.6185015493880088,4.3918700357039455,3,0.6565437772150544,-40.35,2,"[603.4000244140625, 496.0]"
random_walk,1788870544.3706224,6.030682846,0.4209101375187764,0.903,0.0,0.48975388619448956,0.6185015493880088,4.58620077377666,3,0.5859806609723149,-137.19,2,"[603.4000244140625, 496.0]"
random_walk,1788870544.4204676,6.080528108,0.4181371982424549,0.903,0.0,0.48975388619448956,0.6185015493880088,4.780066789310162,3,0.5184855063053467,-137.19,2,"[647.7999877929688, 435.20001220703125]"
random_walk,1788870544.4704096,6.130470192000001,0.43371248596125095,0.903,0.0,0.48975388619448956,0.6185015493880088,4.974255472695809,3,0.47553404424454876,-172.16,2,"[647.7999877929688, 435.20001220703125]"
random_walk,1788870544.5206037,6.180664317000001,0.46720233693686447,0.903,0.0,0.48975388619448956,0.6185015493880088,5.169055347985324,3,0.44945637085049284,-177.54,2,"[632.25, 364.75]"
random_walk,1788870544.5707252,6.230785770000001,0.5173185762981649,0.903,0.0,0.48975388619448956,0.6185015493880088,5.363851189440918,3,0.4341165629716365,-166.78,2,"[632.25, 364.75]"
random_walk,1788870544.6206136,6.280673930000001,0.5818136060402221,0.903,0.0,0.48975388619448956,0.6185015493880088,5.5576856066087,3,0.4325825821837508,-67.25,2,"[666.7999877929688, 356.6000061035156]"
random_walk,1788870544.6707559,6.330816424,0.6588916351738356,0.903,0.0,0.48975388619448956,0.6185015493880088,5.752495679181656,3,0.45252433242626416,2.69,2,"[666.7999877929688, 356.6000061035156]"
random_walk,1788870544.7205708,6.380631286000001,0.7448447349102043,0.903,0.0,0.48975388619448956,0.6185015493880088,5.946218932746998,3,0.4878058905476339,2.69,2,"[640.0, 366.3999938964844]"
random_walk,1788870544.7707508,6.430811263000001,0.8374373228543249,0.903,0.0,0.48975388619448956,0.6185015493880088,6.141141964328241,3,0.543029198911517,2.69,2,"[640.0, 366.3999938964844]"
random_walk,1788870544.8204608,6.480521329,0.9318920756495738,0.903,0.0,0.48975388619448956,0.6185015493880088,0.05131801985050899,4,0.6120583343663708,2.69,2,"[615.7999877929688, 422.6000061035156]"
random_walk,1788870544.8704221,6.530482687,1.025820546020065,0.903,0.0,0.48975388619448956,0.6185015493880088,0.2455424947683511,4,0.6856894121848816,10.76,2,"[615.7999877929688, 422.6000061035156]"
random_walk,1788870544.9204264,6.5804867300000005,1.1153075329588626,0.903,0.0,0.48975388619448956,0.6185015493880088,0.4398468108402618,4,0.7669903939428205,53.8,2,"[573.5999755859375, 540.5999755859375]"
random_walk,1788870544.9706767,6.630737138000001,1.1972480447967992,0.903,0.0,0.48975388619448956,0.6185015493880088,0.6349166770851866,4,0.859029241215959,2.69,2,"[573.5999755859375, 540.5999755859375]"
random_walk,1788870545.0205815,6.680641881000001,1.2678036351182136,0.903,0.0,0.48975388619448956,0.6185015493880088,0.8288781405907066,4,0.9572040116406401,2.69,2,"[528.5999755859375, 597.4000244140625]"
random_walk,1788870545.0706272,6.730687675,1.3249400234266289,0.903,0.0,0.48975388619448956,0.6185015493880088,1.0233130160888564,4,1.047708878125893,45.73,2,"[528.5999755859375, 597.4000244140625]"
random_walk,1788870545.1205912,6.780651766,1.366267177843225,0.903,0.0,0.48975388619448956,0.6185015493880088,1.217452224773485,4,1.1305438406717176,86.08,2,"[484.0, 646.0]"
random_walk,1788870545.1706612,6.830721685,1.3903621334695757,0.903,0.0,0.48975388619448956,0.6185015493880088,1.4120033625157973,4,1.2041749184902284,96.84,2,"[484.0, 646.0]"
random_walk,1788870545.220476,6.880536619000001,1.3962233643465924,0.903,0.0,0.48975388619448956,0.6185015493880088,1.6058245745124147,4,1.2701360923693108,96.84,2,"[420.79998779296875, 569.0]"
random_walk,1788870545.2705529,6.930613419,1.3836815701873457,0.903,0.0,0.48975388619448956,0.6185015493880088,1.8003053338998853,4,1.3176894967937658,164.09,2,"[420.79998779296875, 569.0]"
random_walk,1788870545.3205936,6.980654123000001,1.3531593237473418,0.903,0.0,0.48975388619448956,0.6185015493880088,1.9947817096990477,4,1.35143707412725,199.06,2,"[392.3999938964844, 713.4000244140625]"
random_walk,1788870545.3706908,7.030751507000001,1.3057973318588543,0.903,0.0,0.48975388619448956,0.6185015493880088,2.1892931891801126,4,1.363708920430335,209.82,2,"[392.3999938964844, 713.4000244140625]"
random_walk,1788870545.420535,7.080595566,1.2436002590103508,0.903,0.0,0.48975388619448956,0.6185015493880088,2.38320161048987,4,1.363708920430335,86.08,2,"[387.0, 718.5999755859375]"
random_walk,1788870545.4707444,7.130804902,1.1683738151309275,0.903,0.0,0.48975388619448956,0.6185015493880088,2.5780861613163033,4,1.3529710549151355,-5.38,2,"[387.0, 718.5999755859375]"
random_walk,1788870545.5206487,7.1807091860000005,1.083596767425811,0.903,0.0,0.48975388619448956,0.6185015493880088,2.7721963831346272,4,1.3192234775816514,-5.38,2,"[388.79998779296875, 690.7999877929688]"
random_walk,1788870545.5706477,7.230708159000001,0.9921145450076635,0.903,0.0,0.48975388619448956,0.6185015493880088,2.966438170894591,4,1.2701360923693108,-2.69,2,"[388.79998779296875, 690.7999877929688]"
random_walk,1788870545.620754,7.280814544,0.8972037802010766,0.903,0.0,0.48975388619448956,0.6185015493880088,3.1611264123563245,4,1.205708899278114,-2.69,2,"[413.79998779296875, 686.4000244140625]"
random_walk,1788870545.670443,7.3305035510000005,0.8032909007452836,0.903,0.0,0.48975388619448956,0.6185015493880088,3.354484938161491,4,1.1351457830353744,-26.9,2,"[413.79998779296875, 686.4000244140625]"
random_walk,1788870545.720601,7.380661603,0.7126069371951648,0.903,0.0,0.48975388619448956,0.6185015493880088,3.549239481396384,4,1.0538448012774355,-16.14,2,"[481.0, 637.0]"
random_walk,1788870545.77064,7.430700430000001,0.6294067414097841,0.903,0.0,0.48975388619448956,0.6185015493880088,3.743640838765849,4,0.961805954004297,-83.39,2,"[481.0, 637.0]"
random_walk,1788870545.8204527,7.48051311,0.5568471540819167,0.903,0.0,0.48975388619448956,0.6185015493880088,3.9374831642689188,4,0.8728350683069298,-83.39,2,"[543.2000122070312, 565.2000122070312]"
random_walk,1788870545.8708255,7.530885964,0.49693460358832814,0.903,0.0,0.48975388619448956,0.6185015493880088,4.133039344557172,4,0.7715923363064775,-5.38,2,"[543.2000122070312, 565.2000122070312]"
random_walk,1788870545.920523,7.580583404,0.4530836584493125,0.903,0.0,0.48975388619448956,0.6185015493880088,4.3262115212253285,4,0.6826214506091103,-13.45,2,"[601.4000244140625, 467.3999938964844]"
random_walk,1788870545.9706779,7.630738293,0.42595335863525896,0.903,0.0,0.48975388619448956,0.6185015493880088,4.5210546844493855,4,0.6089903727905995,-104.91,2,"[601.4000244140625, 467.3999938964844]"
random_walk,1788870546.020462,7.68052239,0.417017355437104,0.903,0.0,0.48975388619448956,0.6185015493880088,4.71472434787043,4,0.5399612373357456,-104.91,2,"[629.0, 435.3999938964844]"
random_walk,1788870546.0704446,7.730505079,0.4264480011895192,0.903,0.0,0.48975388619448956,0.6185015493880088,4.908963392001542,4,0.48627190975974827,-137.19,2,"[629.0, 435.3999938964844]"
random_walk,1788870546.1204214,7.780482085,0.4539533030636887,0.903,0.0,0.48975388619448956,0.6185015493880088,5.103253830596639,4,0.45559229400203544,-172.16,2,"[658.0, 372.79998779296875]"
random_walk,1788870546.1706088,7.8306693130000005,0.49863549422065234,0.903,0.0,0.48975388619448956,0.6185015493880088,5.298051720058471,4,0.4433204476989503,-158.71,2,"[658.0, 372.79998779296875]"
random_walk,1788870546.2206106,7.880671246,0.5585869070793323,0.903,0.0,0.48975388619448956,0.6185015493880088,5.492358985725705,4,0.440252486123179,-83.39,2,"[655.0, 358.75]"
random_walk,1788870546.270596,7.930656321000001,0.6316140334263194,0.903,0.0,0.48975388619448956,0.6185015493880088,5.686595325089563,4,0.44945637085049284,2.69,2,"[655.0, 358.75]"
random_walk,1788870546.3206394,7.9806997420000005,0.7150765710486429,0.903,0.0,0.48975388619448956,0.6185015493880088,5.881024701671528,4,0.4770680250324344,2.69,2,"[545.3333129882812, 368.0]"
random_walk,1788870546.3706067,8.030667275,0.8057002841198269,0.903,0.0,0.48975388619448956,0.6185015493880088,6.075323518827254,4,0.5230874486690036,2.69,2,"[545.3333129882812, 368.0]"
random_walk,1788870546.4204822,8.080542569,0.8999381800592229,0.903,0.0,0.48975388619448956,0.6185015493880088,6.269235550379513,4,0.5875146417602005,2.69,2,"[622.0, 348.79998779296875]"
random_walk,1788870546.4704812,8.130541808,0.9946101053368614,0.903,0.0,0.48975388619448956,0.6185015493880088,0.18033159206713734,5,0.6565437772150544,10.76,2,"[622.0, 348.79998779296875]"
random_walk,1788870546.5206225,8.180682842000001,1.0861497579569677,0.903,0.0,0.48975388619448956,0.6185015493880088,0.37499222624931505,5,0.7363107781851077,48.42,2,"[596.7999877929688, 508.0]"
random_walk,1788870546.5705216,8.230582212,1.1706852682699487,0.903,0.0,0.48975388619448956,0.6185015493880088,0.5690991953518463,5,0.8268156446703606,18.83,2,"[596.7999877929688, 508.0]"
random_walk,1788870546.6206295,8.280690214,1.2454597248443604,0.903,0.0,0.48975388619448956,0.6185015493880088,0.7636341588968705,5,0.9249904150950417,2.69,2,"[541.7999877929688, 624.2000122070312]"
random_walk,1788870546.6705859,8.330646531000001,1.3073790615214242,0.903,0.0,0.48975388619448956,0.6185015493880088,0.9578916273118168,5,1.0185632431560658,26.9,2,"[541.7999877929688, 624.2000122070312]"
random_walk,1788870546.7206266,8.380687079000001,1.3542586106849388,0.903,0.0,0.48975388619448956,0.6185015493880088,1.1523003334095563,5,1.1013982057018903,86.08,2,"[498.20001220703125, 655.7999877929688]"
random_walk,1788870546.7705946,8.430655091,1.38425849352776,0.903,0.0,0.48975388619448956,0.6185015493880088,1.34652400777847,5,1.179631225884058,72.63,2,"[498.20001220703125, 655.7999877929688]"
random_walk,1788870546.82045,8.480510718,1.3962984139951389,0.903,0.0,0.48975388619448956,0.6185015493880088,1.5404575025915648,5,1.2517283229146832,72.63,2,"[432.20001220703125, 717.0]"
random_walk,1788870546.8704422,8.530502557,1.3899611681402315,0.903,0.0,0.48975388619448956,0.6185015493880088,1.7346857665152626,5,1.3023496889149093,182.92,2,"[432.20001220703125, 717.0]"
random_walk,1788870546.9206111,8.580671743,1.3653560684446284,0.903,0.0,0.48975388619448956,0.6185015493880088,1.9294779627529195,5,1.3406992086120504,182.92,2,"[406.79998779296875, 572.5999755859375]"
random_walk,1788870546.970535,8.630595393,1.3235771205942009,0.903,0.0,0.48975388619448956,0.6185015493880088,2.123602473981002,5,1.363708920430335,209.82,2,"[406.79998779296875, 572.5999755859375]"
random_walk,1788870547.0204833,8.680543728,1.266134594074579,0.903,0.0,0.48975388619448956,0.6185015493880088,2.317744247531131,5,1.368310862793992,134.5,2,"[392.3999938964844, 725.5999755859375]"
random_walk,1788870547.0706668,8.730727437,1.19491130879786,0.903,0.0,0.48975388619448956,0.6185015493880088,2.512589252794953,5,1.363708920430335,-5.38,2,"[392.3999938964844, 725.5999755859375]"
random_walk,1788870547.1205983,8.780658853,1.1131120798578544,0.903,0.0,0.48975388619448956,0.6185015493880088,2.706694438150116,5,1.3330293046726223,-2.69,2,"[392.6000061035156, 705.2000122070312]"
random_walk,1788870547.1705942,8.830654623000001,1.023469965457956,0.903,0.0,0.48975388619448956,0.6185015493880088,2.900995039053214,5,1.2885438618239387,-2.69,2,"[392.6000061035156, 705.2000122070312]"
random_walk,1788870547.2207267,8.880787135,0.9292959955744177,0.903,0.0,0.48975388619448956,0.6185015493880088,3.095581707955013,5,1.2256506495206272,-2.69,2,"[402.3999938964844, 682.0]"
random_walk,1788870547.2704713,8.930531639,0.8347193325072018,0.903,0.0,0.48975388619448956,0.6185015493880088,3.289244442353045,5,1.158155494853659,-32.28,2,"[402.3999938964844, 682.0]"
random_walk,1788870547.3205545,8.980615019,0.7424134459525612,0.903,0.0,0.48975388619448956,0.6185015493880088,3.483824034557763,5,1.081456455459377,-26.9,2,"[461.3999938964844, 647.4000244140625]"
random_walk,1788870547.3706267,9.030687047,0.6563401909339781,0.903,0.0,0.48975388619448956,0.6185015493880088,3.678333524324991,5,0.9924855697620099,-37.66,2,"[461.3999938964844, 647.4000244140625]"
random_walk,1788870547.4205227,9.080582977,0.5798929102900363,0.903,0.0,0.48975388619448956,0.6185015493880088,3.872346432814574,5,0.9035146840646426,-134.5,2,"[561.75, 593.25]"
random_walk,1788870547.4706607,9.130721228,0.515512321014638,0.903,0.0,0.48975388619448956,0.6185015493880088,4.067033706622503,5,0.8068738944278473,-5.38,2,"[561.75, 593.25]"
random_walk,1788870547.5205715,9.180631892000001,0.4660661050108165,0.903,0.0,0.48975388619448956,0.6185015493880088,4.261012393588466,5,0.7102331047910518,-26.9,2,"[581.7999877929688, 511.3999938964844]"
random_walk,1788870547.5705824,9.2306428,0.43309601110447005,0.903,0.0,0.48975388619448956,0.6185015493880088,4.455429625920907,5,0.6304661038209985,-72.63,2,"[581.7999877929688, 511.3999938964844]"
random_walk,1788870547.6204987,9.280559113,0.4179836070939886,0.903,0.0,0.48975388619448956,0.6185015493880088,4.649519099531801,5,0.5614369683661447,-72.63,2,"[644.4000244140625, 445.79998779296875]"
random_walk,1788870547.6704516,9.330512054,0.42123040774097964,0.903,0.0,0.48975388619448956,0.6185015493880088,4.843670992642174,5,0.5031456984264903,-129.12,2,"[644.4000244140625, 445.79998779296875]"
random_walk,1788870547.720509,9.380569432,0.44276879388421425,0.903,0.0,0.48975388619448956,0.6185015493880088,5.038120452898234,5,0.4632621979414636,-177.54,2,"[649.7999877929688, 381.20001220703125]"
random_walk,1788870547.7705915,9.430652081,0.4818254180715099,0.903,0.0,0.48975388619448956,0.6185015493880088,5.232690228663174,5,0.4433204476989503,-161.4,2,"[649.7999877929688, 381.20001220703125]"
random_walk,1788870547.820571,9.480631565000001,0.5368040958433871,0.903,0.0,0.48975388619448956,0.6185015493880088,5.426903122824669,5,0.4356505437595221,-102.22,2,"[662.0, 357.20001220703125]"
random_walk,1788870547.870599,9.53065946,0.6057742681367962,0.903,0.0,0.48975388619448956,0.6185015493880088,5.621324894191815,5,0.4433204476989503,2.69,2,"[662.0, 357.20001220703125]"
random_walk,1788870547.9205492,9.580609811,0.6859600092253314,0.903,0.0,0.48975388619448956,0.6185015493880088,5.8154579549715635,5,0.4663301595172349,2.69,2,"[644.2000122070312, 362.3999938964844]"
random_walk,1788870547.9706278,9.630688196000001,0.7746492675797796,0.903,0.0,0.48975388619448956,0.6185015493880088,6.010031706278028,5,0.5062136600022615,2.69,2,"[644.2000122070312, 362.3999938964844]"
random_walk,1788870548.0205278,9.680588177,0.8680219313912684,0.903,0.0,0.48975388619448956,0.6185015493880088,6.203985296423696,5,0.5660389107298016,2.69,2,"[642.7999877929688, 415.3999938964844]"
random_walk,1788870548.0704439,9.730504347,0.9629312151561433,0.903,0.0,0.48975388619448956,0.6185015493880088,0.11492533211040268,6,0.6320000846088841,5.38,2,"[642.7999877929688, 415.3999938964844]"
random_walk,1788870548.1205316,9.780592149,1.0558991278341003,0.903,0.0,0.48975388619448956,0.6185015493880088,0.309411664251094,6,0.7102331047910518,34.97,2,"[594.0, 397.6000061035156]"
random_walk,1788870548.1705399,9.830600362,1.1431979515310386,0.903,0.0,0.48975388619448956,0.6185015493880088,0.5037906412259971,6,0.7961360289126478,40.35,2,"[594.0, 397.6000061035156]"
random_walk,1788870548.2205424,9.880602785,1.221575399430666,0.903,0.0,0.48975388619448956,0.6185015493880088,0.6981257395700595,6,0.8943107993373288,2.69,2,"[536.0, 598.7999877929688]"
random_walk,1788870548.2706106,9.930670944000001,1.2881495182001537,0.903,0.0,0.48975388619448956,0.6185015493880088,0.8926179747875622,6,0.9894176081862386,2.69,2,"[536.0, 598.7999877929688]"
random_walk,1788870548.3205445,9.980604838000001,1.340261878572472,0.903,0.0,0.48975388619448956,0.6185015493880088,1.0867562546799832,6,1.0753205323078345,61.87,2,"[451.6000061035156, 641.4000244140625]"
random_walk,1788870548.3706071,10.030667792000001,1.376128329750753,0.903,0.0,0.48975388619448956,0.6185015493880088,1.281187609317314,6,1.1535535524900022,94.14999999999999,2,"[451.6000061035156, 641.4000244140625]"
random_walk,1788870548.4205244,10.080584959000001,1.3942910504737722,0.903,0.0,0.48975388619448956,0.6185015493880088,1.4752727809492612,6,1.23178657267217,94.14999999999999,2,"[403.3999938964844, 706.2000122070312]"
random_walk,1788870548.4705129,10.130573293000001,1.3941366219516929,0.903,0.0,0.48975388619448956,0.6185015493880088,1.6695707081743834,6,1.2870098810360528,164.09,2,"[403.3999938964844, 706.2000122070312]"
random_walk,1788870548.520629,10.180689406,1.3756051754193306,0.903,0.0,0.48975388619448956,0.6185015493880088,1.8641223550036372,6,1.3299613430968509,174.85,2,"[375.79998779296875, 715.4000244140625]"
random_walk,1788870548.5707362,10.230796757,1.3393979027319456,0.903,0.0,0.48975388619448956,0.6185015493880088,2.058613680859736,6,1.359106978066678,196.37,2,"[375.79998779296875, 715.4000244140625]"
random_walk,1788870548.620539,10.280599440000001,1.2870638989511143,0.903,0.0,0.48975388619448956,0.6185015493880088,2.252500203658755,6,1.368310862793992,190.99,2,"[393.25, 706.25]"
random_walk,1788870548.6706505,10.330711074,1.2201846706312756,0.903,0.0,0.48975388619448956,0.6185015493880088,2.4471680544397714,6,1.368310862793992,59.18,2,"[393.25, 706.25]"
random_walk,1788870548.7205245,10.380585188000001,1.1417835620939634,0.903,0.0,0.48975388619448956,0.6185015493880088,2.6410966915530594,6,1.3453011509757073,-5.38,2,"[395.79998779296875, 715.7999877929688]"
random_walk,1788870548.7706738,10.430734358,1.0542008611399074,0.903,0.0,0.48975388619448956,0.6185015493880088,2.8358193488464067,6,1.3069516312785663,-2.69,2,"[395.79998779296875, 715.7999877929688]"
random_walk,1788870548.820551,10.480611583,0.961414412372211,0.903,0.0,0.48975388619448956,0.6185015493880088,3.0297844031636245,6,1.248660361338912,-2.69,2,"[396.20001220703125, 698.0]"
random_walk,1788870548.8704674,10.530527902000001,0.8665292311754196,0.903,0.0,0.48975388619448956,0.6185015493880088,3.2238504820922387,6,1.1811652066719438,-10.76,2,"[396.20001220703125, 698.0]"
random_walk,1788870548.920459,10.580519651000001,0.7730198637210096,0.903,0.0,0.48975388619448956,0.6185015493880088,3.418203017635541,6,1.1060001480655473,-21.52,2,"[463.0, 635.2000122070312]"
random_walk,1788870548.9706964,10.630757068000001,0.6842494047860457,0.903,0.0,0.48975388619448956,0.6185015493880088,3.6132369563326776,6,1.0200972239439514,-24.21,2,"[463.0, 635.2000122070312]"
random_walk,1788870549.0204678,10.680528245000001,0.604464218261544,0.903,0.0,0.48975388619448956,0.6185015493880088,3.8068484672577583,6,0.9311263382465842,-118.36,2,"[520.4000244140625, 595.5999755859375]"
random_walk,1788870549.0706248,10.730685375,0.5356219861936484,0.903,0.0,0.48975388619448956,0.6185015493880088,4.001566301826735,6,0.842155452549217,-40.35,2,"[520.4000244140625, 595.5999755859375]"
random_walk,1788870549.120456,10.780516403,0.4810189358778889,0.903,0.0,0.48975388619448956,0.6185015493880088,4.195409723226881,6,0.7393787397608791,-10.76,2,"[580.25, 540.75]"
random_walk,1788870549.1706095,10.830670063000001,0.4422233859998164,0.903,0.0,0.48975388619448956,0.6185015493880088,4.39015572468243,6,0.6534758156392831,-34.97,2,"[580.25, 540.75]"
random_walk,1788870549.2205927,10.880653351000001,0.42102071665708324,0.903,0.0,0.48975388619448956,0.6185015493880088,4.584419251620581,6,0.581378718608658,-34.97,2,"[525.0, 469.3333435058594]"
random_walk,1788870549.2704332,10.930493686,0.41807936343270125,0.903,0.0,0.48975388619448956,0.6185015493880088,4.778297485240643,6,0.521553467881118,-99.53,2,"[525.0, 469.3333435058594]"
random_walk,1788870549.3204517,10.980512129000001,0.43351439298630096,0.903,0.0,0.48975388619448956,0.6185015493880088,4.972688513197234,6,0.4770680250324344,-156.02,2,"[626.4000244140625, 317.3999938964844]"
random_walk,1788870549.3706334,11.030693881000001,0.4668688095944145,0.903,0.0,0.48975388619448956,0.6185015493880088,5.167508526567076,6,0.45099035163837853,-182.92,2,"[626.4000244140625, 317.3999938964844]"
random_walk,1788870549.4206707,11.080731257,0.516734599802534,0.903,0.0,0.48975388619448956,0.6185015493880088,5.361882144527549,6,0.4356505437595221,-153.32999999999998,2,"[682.7999877929688, 353.6000061035156]"
random_walk,1788870549.4707081,11.130768462,0.5813478192950817,0.903,0.0,0.48975388619448956,0.6185015493880088,5.556413699910387,6,0.4341165629716365,-61.87,2,"[682.7999877929688, 353.6000061035156]"
random_walk,1788870549.5204518,11.180512188000002,0.6577782803007481,0.903,0.0,0.48975388619448956,0.6185015493880088,5.749857802841554,6,0.45252433242626416,2.69,2,"[654.2000122070312, 338.79998779296875]"
random_walk,1788870549.5708032,11.230863446,0.7443730236383125,0.903,0.0,0.48975388619448956,0.6185015493880088,5.945198196331951,6,0.48933987133551954,2.69,2,"[654.2000122070312, 338.79998779296875]"
random_walk,1788870549.620434,11.280494526,0.8361585440432947,0.903,0.0,0.48975388619448956,0.6185015493880088,6.138503835387752,6,0.5460971604872883,2.69,2,"[639.2000122070312, 381.20001220703125]"
random_walk,1788870549.6704133,11.330473728000001,0.9310289826310779,0.903,0.0,0.48975388619448956,0.6185015493880088,0.04955347632679974,7,0.6089903727905995,8.07,2,"[639.2000122070312, 381.20001220703125]"
random_walk,1788870549.7206092,11.380669631,1.02527971263011,0.903,0.0,0.48975388619448956,0.6185015493880088,0.24440421367639686,7,0.6826214506091103,21.52,2,"[599.0, 488.6000061035156]"
random_walk,1788870549.7705529,11.430613518000001,1.114707806752649,0.903,0.0,0.48975388619448956,0.6185015493880088,0.43849387770912784,7,0.765456413154935,45.73,2,"[599.0, 488.6000061035156]"
random_walk,1788870549.8204656,11.480525954,1.1963282314606374,0.903,0.0,0.48975388619448956,0.6185015493880088,0.6325859667056051,7,0.8605632220038447,2.69,2,"[566.25, 567.75]"
random_walk,1788870549.8706083,11.530668679000001,1.2672578173467839,0.903,0.0,0.48975388619448956,0.6185015493880088,0.8272302673579404,7,0.9572040116406401,2.69,2,"[566.25, 567.75]"
random_walk,1788870549.920533,11.580593273,1.3244386897463154,0.903,0.0,0.48975388619448956,0.6185015493880088,1.0213496721719864,7,1.0461748973380072,43.04,2,"[508.3999938964844, 623.5999755859375]"
random_walk,1788870549.9705157,11.630576367000002,1.3659473234617978,0.903,0.0,0.48975388619448956,0.6185015493880088,1.2155696818921626,7,1.1397477253990314,43.04,2,"[508.3999938964844, 623.5999755859375]"
random_walk,1788870550.0204983,11.680558648,1.3901976406735328,0.903,0.0,0.48975388619448956,0.6185015493880088,1.4098932150245176,7,1.2087768608538851,86.08,2,"[453.0, 674.4000244140625]"
random_walk,1788870550.0704563,11.730516640000001,1.3962525419043854,0.903,0.0,0.48975388619448956,0.6185015493880088,1.6040800019641566,7,1.2670681307935396,166.78,2,"[453.0, 674.4000244140625]"
random_walk,1788870550.1204903,11.780550735,1.3838825693331527,0.903,0.0,0.48975388619448956,0.6185015493880088,1.7984943157905562,7,1.3130875544301088,172.16,2,"[393.3999938964844, 707.4000244140625]"
random_walk,1788870550.1705835,11.830643981000001,1.3535087629032632,0.903,0.0,0.48975388619448956,0.6185015493880088,1.9930440273122016,7,1.3483691125514785,199.06,2,"[393.3999938964844, 707.4000244140625]"
random_walk,1788870550.2204816,11.880542013000001,1.3064212431164597,0.903,0.0,0.48975388619448956,0.6185015493880088,2.1870926418384613,7,1.363708920430335,215.2,2,"[397.0, 724.4000244140625]"
random_walk,1788870550.270504,11.930564499,1.2442254157660741,0.903,0.0,0.48975388619448956,0.6185015493880088,2.381441780878056,7,1.363708920430335,99.53,2,"[397.0, 724.4000244140625]"
random_walk,1788870550.3204758,11.980536348000001,1.1693603237594812,0.903,0.0,0.48975388619448956,0.6185015493880088,2.5757016742567487,7,1.3560390164909069,-5.38,2,"[397.0, 705.5]"
random_walk,1788870550.3705666,12.030627022000001,1.0844285832847829,0.903,0.0,0.48975388619448956,0.6185015493880088,2.7703744488022863,7,1.320757458369537,-5.38,2,"[397.0, 705.5]"
random_walk,1788870550.4204967,12.080557168,0.993124973315062,0.903,0.0,0.48975388619448956,0.6185015493880088,2.9643425887304247,7,1.2670681307935396,-5.38,2,"[317.0, 702.0]"
random_walk,1788870550.4705834,12.130643858000001,0.8983221975497377,0.903,0.0,0.48975388619448956,0.6185015493880088,3.1588423941873103,7,1.210310841641771,-10.76,2,"[317.0, 702.0]"
random_walk,1788870550.5208035,12.180863825000001,0.8036560644150774,0.903,0.0,0.48975388619448956,0.6185015493880088,3.353722172809455,7,1.1366797638232602,-21.52,2,"[449.79998779296875, 660.0]"
random_walk,1788870550.570542,12.230602690000001,0.7134407443293381,0.903,0.0,0.48975388619448956,0.6185015493880088,3.547385758276498,7,1.0507768397016641,-13.45,2,"[449.79998779296875, 660.0]"
random_walk,1788870550.6204865,12.280547037000002,0.6302538113643457,0.903,0.0,0.48975388619448956,0.6185015493880088,3.741543791519426,7,0.9602719732164113,-69.94,2,"[525.7999877929688, 593.7999877929688]"
random_walk,1788870550.6706858,12.33074638,0.5571981198907971,0.903,0.0,0.48975388619448956,0.6185015493880088,3.936459447169284,7,0.8743690490948155,-107.6,2,"[525.7999877929688, 593.7999877929688]"
random_walk,1788870550.7204664,12.380526691,0.49772119732129605,0.903,0.0,0.48975388619448956,0.6185015493880088,4.130112264087387,7,0.7731263170943632,-2.69,2,"[584.2000122070312, 570.0]"
random_walk,1788870550.7706537,12.430714210000001,0.45331971158408835,0.903,0.0,0.48975388619448956,0.6185015493880088,4.324933870782772,7,0.684155431396996,-16.14,2,"[584.2000122070312, 570.0]"
random_walk,1788870550.8206441,12.480704708000001,0.42612624912016556,0.903,0.0,0.48975388619448956,0.6185015493880088,4.519207171412937,7,0.6043884304269426,-16.14,2,"[606.2000122070312, 482.79998779296875]"
random_walk,1788870550.8708055,12.530866145000001,0.4170168241473391,0.903,0.0,0.48975388619448956,0.6185015493880088,4.714201249768514,7,0.543029198911517,-102.22,2,"[606.2000122070312, 482.79998779296875]"
random_walk,1788870550.9205627,12.580623287000002,0.42631920644703974,0.903,0.0,0.48975388619448956,0.6185015493880088,4.907612347544095,7,0.48933987133551954,-131.81,2,"[639.5999755859375, 397.20001220703125]"
random_walk,1788870550.970519,12.630579571,0.45367682033168644,0.903,0.0,0.48975388619448956,0.6185015493880088,5.101769393702426,7,0.45559229400203544,-169.47,2,"[639.5999755859375, 397.20001220703125]"
random_walk,1788870551.0204942,12.680554588000001,0.4980893110252633,0.903,0.0,0.48975388619448956,0.6185015493880088,5.296031063056169,7,0.4433204476989503,-166.78,2,"[658.0, 291.0]"
random_walk,1788870551.0707128,12.730773106000001,0.558141075229831,0.903,0.0,0.48975388619448956,0.6185015493880088,5.491063707662079,7,0.440252486123179,-86.08,2,"[658.0, 291.0]"
random_walk,1788870551.120637,12.780697513000002,0.6309913486936077,0.903,0.0,0.48975388619448956,0.6185015493880088,5.685057605057686,7,0.45099035163837853,2.69,2,"[653.5999755859375, 359.3999938964844]"
random_walk,1788870551.1706371,12.830697673000001,0.7143308969244924,0.903,0.0,0.48975388619448956,0.6185015493880088,5.879369565206019,7,0.4770680250324344,2.69,2,"[653.5999755859375, 359.3999938964844]"
random_walk,1788870551.220468,12.880528539,0.8046899876549284,0.903,0.0,0.48975388619448956,0.6185015493880088,6.073214801442816,7,0.5276893910326605,2.69,2,"[628.7999877929688, 401.6000061035156]"
random_walk,1788870551.2704246,12.93048506,0.8990552108658708,0.903,0.0,0.48975388619448956,0.6185015493880088,6.267432467808604,7,0.5844466801844292,8.07,2,"[628.7999877929688, 401.6000061035156]"
random_walk,1788870551.3206828,12.980743276,0.9940754638296713,0.903,0.0,0.48975388619448956,0.6185015493880088,0.17922205689959014,8,0.6550097964271688,10.76,2,"[607.5999755859375, 480.6000061035156]"
random_walk,1788870551.3707047,13.030765315,1.0855713798390028,0.903,0.0,0.48975388619448956,0.6185015493880088,0.37372339350345385,8,0.7378447589729934,43.04,2,"[607.5999755859375, 480.6000061035156]"
random_walk,1788870551.4206493,13.080709863000001,1.1701442682832943,0.903,0.0,0.48975388619448956,0.6185015493880088,0.5677884270550706,8,0.8268156446703606,5.38,2,"[566.7999877929688, 553.4000244140625]"
random_walk,1788870551.470684,13.130744481,1.2449793495443249,0.903,0.0,0.48975388619448956,0.6185015493880088,0.7622771375255866,8,0.9265243958829272,2.69,2,"[566.7999877929688, 553.4000244140625]"
random_walk,1788870551.520461,13.180521610000001,1.3067928760260852,0.903,0.0,0.48975388619448956,0.6185015493880088,0.9558140225231142,8,1.0185632431560658,8.07,2,"[526.0, 623.25]"
random_walk,1788870551.5706284,13.230688941,1.3539481082580402,0.903,0.0,0.48975388619448956,0.6185015493880088,1.1507429766119657,8,1.102932186489776,99.53,2,"[526.0, 623.25]"
random_walk,1788870551.620461,13.280521454,1.384035725460586,0.903,0.0,0.48975388619448956,0.6185015493880088,1.3444878449983761,8,1.1857671490356005,99.53,2,"[467.3999938964844, 664.4000244140625]"
random_walk,1788870551.670449,13.33050961,1.3962717723297366,0.903,0.0,0.48975388619448956,0.6185015493880088,1.5387142746546232,8,1.2501943421267976,139.88,2,"[467.3999938964844, 664.4000244140625]"
random_walk,1788870551.720507,13.3805674,1.390077797641481,0.903,0.0,0.48975388619448956,0.6185015493880088,1.7332196956124903,8,1.3023496889149093,182.92,2,"[406.6000061035156, 701.0]"
random_walk,1788870551.7706294,13.430689984,1.3656317772200504,0.903,0.0,0.48975388619448956,0.6185015493880088,1.9278708436784768,8,1.3406992086120504,182.92,2,"[406.6000061035156, 701.0]"
random_walk,1788870551.820484,13.480544367,1.3240501351147236,0.903,0.0,0.48975388619448956,0.6185015493880088,2.121760335503616,8,1.3652429012182206,207.13,2,"[383.0, 723.0]"
random_walk,1788870551.8704576,13.530518295,1.266718197465356,0.903,0.0,0.48975388619448956,0.6185015493880088,2.3159886499473856,8,1.368310862793992,145.26,2,"[383.0, 723.0]"
random_walk,1788870551.9204605,13.58052089,1.1958077274145777,0.903,0.0,0.48975388619448956,0.6185015493880088,2.5103238260146483,8,1.363708920430335,-5.38,2,"[372.3999938964844, 723.7999877929688]"
random_walk,1788870551.9705312,13.630591701,1.1139500826635897,0.903,0.0,0.48975388619448956,0.6185015493880088,2.7048069132118684,8,1.3330293046726223,-2.69,2,"[372.3999938964844, 723.7999877929688]"
random_walk,1788870552.0204585,13.68051896,1.024449978597621,0.903,0.0,0.48975388619448956,0.6185015493880088,2.898934136979527,8,1.2839419194602817,-2.69,2,"[391.25, 705.0]"
random_walk,1788870552.0704267,13.730487231000001,0.9304765169260034,0.903,0.0,0.48975388619448956,0.6185015493880088,3.0931685798973803,8,1.2302525918842842,-5.38,2,"[391.25, 705.0]"
random_walk,1788870552.1205966,13.780656952000001,0.835357018073497,0.903,0.0,0.48975388619448956,0.6185015493880088,3.287928194570874,8,1.162757437217316,-26.9,2,"[358.8333435058594, 672.0]"
random_walk,1788870552.1706338,13.83069438,0.7431027729991004,0.903,0.0,0.48975388619448956,0.6185015493880088,3.482330286424549,8,1.081456455459377,-24.21,2,"[358.8333435058594, 672.0]"
random_walk,1788870552.2204432,13.880503714000001,0.6572744133572581,0.903,0.0,0.48975388619448956,0.6185015493880088,3.6761153221591485,8,0.9909515889741242,-43.04,2,"[507.0, 489.20001220703125]"
random_walk,1788870552.270633,13.93069355,0.580382726690646,0.903,0.0,0.48975388619448956,0.6185015493880088,3.871004194395333,8,0.9019807032767571,-131.81,2,"[507.0, 489.20001220703125]"
random_walk,1788870552.3206549,13.980715454,0.5160118157553344,0.903,0.0,0.48975388619448956,0.6185015493880088,4.065339984475848,8,0.803805932852076,-2.69,2,"[608.5999755859375, 538.4000244140625]"
random_walk,1788870552.3706813,14.030741786,0.4663393912020127,0.903,0.0,0.48975388619448956,0.6185015493880088,4.259734844186049,8,0.7086991240031663,-5.38,2,"[608.5999755859375, 538.4000244140625]"
random_walk,1788870552.4204535,14.080513967000002,0.43335155340687653,0.903,0.0,0.48975388619448956,0.6185015493880088,4.453384482225395,8,0.6258641614573416,-5.38,2,"[616.2000122070312, 472.0]"
random_walk,1788870552.470473,14.130533468000001,0.4180402725642926,0.903,0.0,0.48975388619448956,0.6185015493880088,4.6477037211511245,8,0.5645049299419159,-123.74,2,"[616.2000122070312, 472.0]"
random_walk,1788870552.5206044,14.180664727000002,0.4211501797377216,0.903,0.0,0.48975388619448956,0.6185015493880088,4.842413620181688,8,0.504679679214376,-115.67,2,"[642.5999755859375, 429.6000061035156]"
random_walk,1788870552.5707211,14.230781721000001,0.44261576213473713,0.903,0.0,0.48975388619448956,0.6185015493880088,5.037142584712463,8,0.46479617872934925,-185.60999999999999,2,"[642.5999755859375, 429.6000061035156]"
random_walk,1788870552.6205685,14.280628864,0.48139393650302775,0.903,0.0,0.48975388619448956,0.6185015493880088,5.230915312978823,8,0.4433204476989503,-164.09,2,"[649.5999755859375, 363.0]"
random_walk,1788870552.6705735,14.330633875,0.5362750998490616,0.903,0.0,0.48975388619448956,0.6185015493880088,5.42525313552094,8,0.4341165629716365,-129.12,2,"[649.5999755859375, 363.0]"
random_walk,1788870552.720608,14.380668626,0.6051265299889844,0.903,0.0,0.48975388619448956,0.6185015493880088,5.619647206340694,8,0.43718452454740775,-37.66,2,"[648.5, 349.75]"
random_walk,1788870552.770639,14.430699465000002,0.6853518178285282,0.903,0.0,0.48975388619448956,0.6185015493880088,5.814066206875864,8,0.4632621979414636,2.69,2,"[648.5, 349.75]"
random_walk,1788870552.820472,14.480532371,0.7736375155154065,0.903,0.0,0.48975388619448956,0.6185015493880088,6.007885681759035,8,0.5077476407901472,2.69,2,"[645.5999755859375, 383.3999938964844]"
random_walk,1788870552.8704453,14.530505611,0.8671072901174187,0.903,0.0,0.48975388619448956,0.6185015493880088,6.202111730571616,8,0.5629709491540303,2.69,2,"[645.5999755859375, 383.3999938964844]"
random_walk,1788870552.9206216,14.580682157,0.962349417160841,0.903,0.0,0.48975388619448956,0.6185015493880088,0.11372958637277719,9,0.6289321230331129,8.07,2,"[608.7999877929688, 462.3999938964844]"
random_walk,1788870552.9706345,14.630694716,1.0552942645987569,0.903,0.0,0.48975388619448956,0.6185015493880088,0.30811532526581686,9,0.7102331047910518,21.52,2,"[608.7999877929688, 462.3999938964844]"
random_walk,1788870553.0206137,14.680674118,1.1425755080650433,0.903,0.0,0.48975388619448956,0.6185015493880088,0.5023399867193348,9,0.7961360289126478,32.28,2,"[574.0, 604.2000122070312]"
random_walk,1788870553.0706387,14.730699308,1.2210470789183583,0.903,0.0,0.48975388619448956,0.6185015493880088,0.6967183729979425,9,0.8943107993373288,2.69,2,"[574.0, 604.2000122070312]"
random_walk,1788870553.1204343,14.780494656,1.287482490580923,0.903,0.0,0.48975388619448956,0.6185015493880088,0.8904499973515954,9,0.9863496466104673,2.69,2,"[531.2000122070312, 623.0]"
random_walk,1788870553.17075,14.830810416,1.340026401015911,0.903,0.0,0.48975388619448956,0.6185015493880088,1.085724069638033,9,1.0737865515199487,69.94,2,"[531.2000122070312, 623.0]"
random_walk,1788870553.2204378,14.880498341000001,1.3758396921429998,0.903,0.0,0.48975388619448956,0.6185015493880088,1.2791309820194599,9,1.158155494853659,69.94,2,"[497.0, 636.5]"
random_walk,1788870553.270418,14.930478612000002,1.3942005370115549,0.903,0.0,0.48975388619448956,0.6185015493880088,1.4733542910893505,9,1.227184630308513,110.28999999999999,2,"[497.0, 636.5]"
random_walk,1788870553.3204641,14.980524815,1.3942226192647627,0.903,0.0,0.48975388619448956,0.6185015493880088,1.6677738045976227,9,1.2839419194602817,164.09,2,"[351.3333435058594, 689.1666870117188]"
random_walk,1788870553.3706944,15.030755082,1.3757927521128765,0.903,0.0,0.48975388619448956,0.6185015493880088,1.8627948023824672,9,1.3284273623089653,166.78,2,"[351.3333435058594, 689.1666870117188]"
random_walk,1788870553.420612,15.080672763,1.3398113494965787,0.903,0.0,0.48975388619448956,0.6185015493880088,2.056809471302458,9,1.359106978066678,199.06,2,"[386.20001220703125, 593.4000244140625]"
random_walk,1788870553.4707243,15.130784861,1.2873562671224634,0.903,0.0,0.48975388619448956,0.6185015493880088,2.25155225501765,9,1.3698448435818775,204.44,2,"[386.20001220703125, 593.4000244140625]"
random_walk,1788870553.5205753,15.180635737000001,1.2208803791343257,0.903,0.0,0.48975388619448956,0.6185015493880088,2.4453179998547654,9,1.368310862793992,43.04,2,"[379.79998779296875, 717.7999877929688]"
random_walk,1788870553.5707111,15.230771653000001,1.1422074948568142,0.903,0.0,0.48975388619448956,0.6185015493880088,2.640109807476435,9,1.346835131763593,-2.69,2,"[379.79998779296875, 717.7999877929688]"
random_walk,1788870553.6204298,15.280490125000002,1.0552426488979245,0.903,0.0,0.48975388619448956,0.6185015493880088,2.83358792596475,9,1.3054176504906807,-2.69,2,"[383.0, 711.4000244140625]"
random_walk,1788870553.6704087,15.330469256,0.9623708278292573,0.903,0.0,0.48975388619448956,0.6185015493880088,3.0278190656467316,9,1.2517283229146832,-2.69,2,"[383.0, 711.4000244140625]"
random_walk,1788870553.7206311,15.380691693000001,0.8671071775017847,0.903,0.0,0.48975388619448956,0.6185015493880088,3.222666460898864,9,1.188835110611372,-18.83,2,"[422.0, 680.0]"
random_walk,1788870553.7707,15.430760368000001,0.7734379931230316,0.903,0.0,0.48975388619448956,0.6185015493880088,3.4173156386818135,9,1.1090681096413186,-26.9,2,"[422.0, 680.0]"
random_walk,1788870553.8205712,15.480631704,0.6851568204305589,0.903,0.0,0.48975388619448956,0.6185015493880088,3.6111581818098344,9,1.0200972239439514,-34.97,2,"[506.3333435058594, 633.3333129882812]"
random_walk,1788870553.8706868,15.530747297000001,0.6048376330823176,0.903,0.0,0.48975388619448956,0.6185015493880088,3.8058797276614627,9,0.9311263382465842,-115.67,2,"[506.3333435058594, 633.3333129882812]"
random_walk,1788870553.9204643,15.5805246,0.5362928275393694,0.903,0.0,0.48975388619448956,0.6185015493880088,3.999469479977563,9,0.8436894333371027,-61.87,2,"[556.5, 565.0]"
random_walk,1788870553.9707255,15.630786011000001,0.48121158501193384,0.903,0.0,0.48975388619448956,0.6185015493880088,4.194614419058425,9,0.7409127205487647,-5.38,2,"[556.5, 565.0]"
random_walk,1788870554.0204577,15.680518306000002,0.44254784285867405,0.903,0.0,0.48975388619448956,0.6185015493880088,4.388070289281615,9,0.6534758156392831,-5.38,2,"[609.5999755859375, 507.79998779296875]"
random_walk,1788870554.070424,15.730484562000001,0.4211550225225627,0.903,0.0,0.48975388619448956,0.6185015493880088,4.582288099435317,9,0.5859806609723149,-131.81,2,"[609.5999755859375, 507.79998779296875]"
random_walk,1788870554.1205044,15.780565024000001,0.41803249009539617,0.903,0.0,0.48975388619448956,0.6185015493880088,4.776827940110948,9,0.5246214294568893,-102.22,2,"[642.5999755859375, 400.6000061035156]"
random_walk,1788870554.1706064,15.830666817000001,0.43334811131794293,0.903,0.0,0.48975388619448956,0.6185015493880088,4.971366035900807,9,0.4770680250324344,-158.71,2,"[642.5999755859375, 400.6000061035156]"
random_walk,1788870554.2204764,15.880536832,0.4663999877908082,0.903,0.0,0.48975388619448956,0.6185015493880088,5.165325937170067,9,0.45099035163837853,-177.54,2,"[655.7999877929688, 376.79998779296875]"
random_walk,1788870554.2705846,15.930645108,0.5161269264067172,0.903,0.0,0.48975388619448956,0.6185015493880088,5.359827763430069,9,0.4356505437595221,-174.85,2,"[655.7999877929688, 376.79998779296875]"
random_walk,1788870554.3204703,15.980530867,0.5804447865900604,0.903,0.0,0.48975388619448956,0.6185015493880088,5.553943713448007,9,0.4356505437595221,-43.04,2,"[659.5999755859375, 355.6000061035156]"
random_walk,1788870554.370605,16.030665477,0.6572447724008197,0.903,0.0,0.48975388619448956,0.6185015493880088,5.748592304420818,9,0.45252433242626416,2.69,2,"[659.5999755859375, 355.6000061035156]"
random_walk,1788870554.4205275,16.08058803,0.7431996805150506,0.903,0.0,0.48975388619448956,0.6185015493880088,5.942657606117464,9,0.4908738521234052,2.69,2,"[639.5, 370.75]"
random_walk,1788870554.470461,16.130521213,0.8353285792610035,0.903,0.0,0.48975388619448956,0.6185015493880088,6.136791071057836,9,0.5414952181236313,2.69,2,"[639.5, 370.75]"
random_walk,1788870554.5204608,16.180521501,0.930258149553821,0.903,0.0,0.48975388619448956,0.6185015493880088,0.04797768358687193,10,0.6043884304269426,18.83,2,"[612.2000122070312, 451.6000061035156]"
random_walk,1788870554.5706892,16.230749611,1.0245275986212432,0.903,0.0,0.48975388619448956,0.6185015493880088,0.2428217911477759,10,0.679553489033339,2.69,2,"[612.2000122070312, 451.6000061035156]"
random_walk,1788870554.620471,16.280531424,1.1138693421060832,0.903,0.0,0.48975388619448956,0.6185015493880088,0.4366038073361693,10,0.7639224323670493,51.11,2,"[592.7999877929688, 535.0]"
random_walk,1788870554.6706414,16.330701941,1.1958427781921455,0.903,0.0,0.48975388619448956,0.6185015493880088,0.6313574839574159,10,0.859029241215959,2.69,2,"[592.7999877929688, 535.0]"
random_walk,1788870554.720597,16.380657569,1.2667103108133537,0.903,0.0,0.48975388619448956,0.6185015493880088,0.825580256737247,10,0.9572040116406401,2.69,2,"[543.0, 598.7999877929688]"
random_walk,1788870554.7706373,16.430697654,1.324082474471024,0.903,0.0,0.48975388619448956,0.6185015493880088,1.019958464252504,10,1.0461748973380072,26.9,2,"[543.0, 598.7999877929688]"
random_walk,1788870554.8205185,16.480579114,1.3656792910008528,0.903,0.0,0.48975388619448956,0.6185015493880088,1.2139994696777876,10,1.1336118022474888,26.9,2,"[494.79998779296875, 644.0]"
random_walk,1788870554.8704653,16.530525872000002,1.3900577928739655,0.903,0.0,0.48975388619448956,0.6185015493880088,1.4081205610852123,10,1.205708899278114,96.84,2,"[494.79998779296875, 644.0]"
random_walk,1788870554.9204693,16.580529943000002,1.3962782817496397,0.903,0.0,0.48975388619448956,0.6185015493880088,1.6024613099056921,10,1.2670681307935396,158.71,2,"[433.0, 685.75]"
random_walk,1788870554.970536,16.630596424,1.3840608340401672,0.903,0.0,0.48975388619448956,0.6185015493880088,1.796876210542223,10,1.3161555160058802,180.23,2,"[433.0, 685.75]"
random_walk,1788870555.0206323,16.680692547,1.3538186891862551,0.903,0.0,0.48975388619448956,0.6185015493880088,1.991497190349321,10,1.35143707412725,185.60999999999999,2,"[339.6666564941406, 706.1666870117188]"
random_walk,1788870555.0705068,16.730567452000003,1.3068816484672112,0.903,0.0,0.48975388619448956,0.6185015493880088,2.1854643898267767,10,1.363708920430335,212.51,2,"[339.6666564941406, 706.1666870117188]"
random_walk,1788870555.12047,16.780530503,1.2448497023069278,0.903,0.0,0.48975388619448956,0.6185015493880088,2.3796814577239473,10,1.363708920430335,91.46,2,"[390.79998779296875, 572.7999877929688]"
random_walk,1788870555.1706402,16.830700694,1.169874525335175,0.903,0.0,0.48975388619448956,0.6185015493880088,2.5744573670656763,10,1.3529710549151355,-5.38,2,"[390.79998779296875, 572.7999877929688]"
random_walk,1788870555.2204678,16.880528388000002,1.0853798293963872,0.903,0.0,0.48975388619448956,0.6185015493880088,2.7682893398389155,10,1.3176894967937658,-5.38,2,"[397.0, 709.2000122070312]"
random_walk,1788870555.2704508,16.930511256000003,0.9939936590021703,0.903,0.0,0.48975388619448956,0.6185015493880088,2.9625403455700337,10,1.2701360923693108,-2.69,2,"[397.0, 709.2000122070312]"
random_walk,1788870555.3204763,16.980536628,0.8992753301253232,0.903,0.0,0.48975388619448956,0.6185015493880088,3.156895990041207,10,1.210310841641771,-16.14,2,"[408.3999938964844, 689.4000244140625]"
random_walk,1788870555.370486,17.030546606,0.8048475818960756,0.903,0.0,0.48975388619448956,0.6185015493880088,3.351234162337704,10,1.1366797638232602,-21.52,2,"[408.3999938964844, 689.4000244140625]"
random_walk,1788870555.4204655,17.080525931,0.7142844545478477,0.903,0.0,0.48975388619448956,0.6185015493880088,3.545511520118751,10,1.0538448012774355,-29.59,2,"[490.3999938964844, 633.2000122070312]"
random_walk,1788870555.4705882,17.130648798000003,0.6308089425291193,0.903,0.0,0.48975388619448956,0.6185015493880088,3.7401711128100885,10,0.9633399347921826,-78.01,2,"[490.3999938964844, 633.2000122070312]"
random_walk,1788870555.520483,17.180543431,0.5579775838759482,0.903,0.0,0.48975388619448956,0.6185015493880088,3.934189671776082,10,0.8743690490948155,-123.74,2,"[552.0, 585.0]"
random_walk,1788870555.5706284,17.230688982,0.49804744229782316,0.903,0.0,0.48975388619448956,0.6185015493880088,4.1289020501766345,10,0.7715923363064775,-2.69,2,"[552.0, 585.0]"
random_walk,1788870555.620461,17.280521399,0.45372412933265344,0.903,0.0,0.48975388619448956,0.6185015493880088,4.322754184347161,10,0.6780195082454534,-2.69,2,"[595.25, 525.75]"
random_walk,1788870555.670442,17.33050263,0.4263368271483008,0.903,0.0,0.48975388619448956,0.6185015493880088,4.516980229273585,10,0.6089903727905995,-115.67,2,"[595.25, 525.75]"
random_walk,1788870555.720485,17.380545549,0.4170162482629673,0.903,0.0,0.48975388619448956,0.6185015493880088,4.711423273479738,10,0.5460971604872883,-96.84,2,"[628.5999755859375, 451.3999938964844]"
random_walk,1788870555.770617,17.430677447,0.42617567348737934,0.903,0.0,0.48975388619448956,0.6185015493880088,4.906095741018646,10,0.4908738521234052,-123.74,2,"[628.5999755859375, 451.3999938964844]"
random_walk,1788870555.820505,17.480565309000003,0.4533664796396003,0.903,0.0,0.48975388619448956,0.6185015493880088,5.100096750086777,10,0.4586602555778067,-164.09,2,"[654.7999877929688, 374.6000061035156]"
random_walk,1788870555.8706002,17.530660702000002,0.4977202211767672,0.903,0.0,0.48975388619448956,0.6185015493880088,5.2946620723125335,10,0.4433204476989503,-161.4,2,"[654.7999877929688, 374.6000061035156]"
random_walk,1788870555.9206316,17.580692168000002,0.5574413898759032,0.903,0.0,0.48975388619448956,0.6185015493880088,5.489027471044935,10,0.440252486123179,-83.39,2,"[666.7999877929688, 355.6000061035156]"
random_walk,1788870555.970653,17.630713624000002,0.6303254296601402,0.903,0.0,0.48975388619448956,0.6185015493880088,5.683411332922773,10,0.45099035163837853,2.69,2,"[666.7999877929688, 355.6000061035156]"
random_walk,1788870556.0204365,17.680497157,0.7133519096693183,0.903,0.0,0.48975388619448956,0.6185015493880088,5.87719477533183,10,0.48013598660820567,2.69,2,"[633.2000122070312, 360.79998779296875]"
random_walk,1788870556.0705988,17.730659243,0.8040653546760653,0.903,0.0,0.48975388619448956,0.6185015493880088,6.071910577439198,10,0.5246214294568893,2.69,2,"[633.2000122070312, 360.79998779296875]"
random_walk,1788870556.1206067,17.780667165,0.8984710553374486,0.903,0.0,0.48975388619448956,0.6185015493880088,6.266239555081498,10,0.5829126993965437,2.69,2,"[626.25, 427.0]"
random_walk,1788870556.1706934,17.830753958000003,0.9932574961570511,0.903,0.0,0.48975388619448956,0.6185015493880088,0.17752496933849926,11,0.6534758156392831,2.69,2,"[626.25, 427.0]"
random_walk,1788870556.2206242,17.880684671,1.0846465933968554,0.903,0.0,0.48975388619448956,0.6185015493880088,0.3716959279490837,11,0.7363107781851077,51.11,2,"[488.6666564941406, 511.6666564941406]"
random_walk,1788870556.2707014,17.930761966000002,1.1695513618218838,0.903,0.0,0.48975388619448956,0.6185015493880088,0.566353153969068,11,0.8268156446703606,26.9,2,"[488.6666564941406, 511.6666564941406]"
random_walk,1788870556.3204994,17.980559769000003,1.244163380146414,0.903,0.0,0.48975388619448956,0.6185015493880088,0.7599761096348985,11,0.9249904150950417,2.69,2,"[543.2000122070312, 504.79998779296875]"
random_walk,1788870556.3707566,18.030817093,1.3065960342204743,0.903,0.0,0.48975388619448956,0.6185015493880088,0.955117729935246,11,1.0154952815802945,2.69,2,"[543.2000122070312, 504.79998779296875]"
random_walk,1788870556.4204304,18.080490907,1.353489192168187,0.903,0.0,0.48975388619448956,0.6185015493880088,1.1484511278308318,11,1.1044661672776617,2.69,2,"[494.79998779296875, 645.2000122070312]"
random_walk,1788870556.470604,18.130664463000002,1.3838939952005784,0.903,0.0,0.48975388619448956,0.6185015493880088,1.3432017110688363,11,1.1811652066719438,88.77,2,"[494.79998779296875, 645.2000122070312]"
random_walk,1788870556.5206227,18.180683224000003,1.3962533842096518,0.903,0.0,0.48975388619448956,0.6185015493880088,1.5375643739446971,11,1.2471263805510262,134.5,2,"[433.3999938964844, 693.2000122070312]"
random_walk,1788870556.5706124,18.23067279,1.3901877023596516,0.903,0.0,0.48975388619448956,0.6185015493880088,1.7318260510707617,11,1.2992817273391382,169.47,2,"[433.3999938964844, 693.2000122070312]"
random_walk,1788870556.6204684,18.280528750000002,1.3659955133870012,0.903,0.0,0.48975388619448956,0.6185015493880088,1.9257399557520714,11,1.3391652278241648,172.16,2,"[402.25, 710.75]"
random_walk,1788870556.670717,18.330777534000003,1.3242776882827774,0.903,0.0,0.48975388619448956,0.6185015493880088,2.120872167659435,11,1.3621749396424494,199.06,2,"[402.25, 710.75]"
random_walk,1788870556.7204776,18.380538129,1.2672573659538207,0.903,0.0,0.48975388619448956,0.6185015493880088,2.3143637478054657,11,1.368310862793992,166.78,2,"[386.5, 720.0]"
random_walk,1788870556.7707396,18.430800042,1.1961170034662096,0.903,0.0,0.48975388619448956,0.6185015493880088,2.5095413539460125,11,1.3652429012182206,-2.69,2,"[386.5, 720.0]"
random_walk,1788870556.820439,18.480499701,1.1147812356481461,0.903,0.0,0.48975388619448956,0.6185015493880088,2.702933172482595,11,1.3330293046726223,-2.69,2,"[382.25, 713.75]"
random_walk,1788870556.870415,18.530475341000002,1.0252903433793226,0.903,0.0,0.48975388619448956,0.6185015493880088,2.8971660687088345,11,1.2885438618239387,-2.69,2,"[382.25, 713.75]"
random_walk,1788870556.9204447,18.580505371,0.9312607666664612,0.903,0.0,0.48975388619448956,0.6185015493880088,3.091565323665826,11,1.2333205534600555,-2.69,2,"[408.20001220703125, 673.7999877929688]"
random_walk,1788870556.9707093,18.630769733,0.8359638757420583,0.903,0.0,0.48975388619448956,0.6185015493880088,3.286675815825795,11,1.162757437217316,-18.83,2,"[408.20001220703125, 673.7999877929688]"
random_walk,1788870557.0204644,18.68052497,0.7441090646867885,0.903,0.0,0.48975388619448956,0.6185015493880088,3.4801511051897407,11,1.0829904362472627,-29.59,2,"[478.79998779296875, 647.0]"
random_walk,1788870557.070722,18.730782516,0.6575999020400994,0.903,0.0,0.48975388619448956,0.6185015493880088,3.675343171731079,11,0.9924855697620099,-37.66,2,"[478.79998779296875, 647.0]"
random_walk,1788870557.1204803,18.780540968,0.5811789818103283,0.903,0.0,0.48975388619448956,0.6185015493880088,3.8688256543768986,11,0.9019807032767571,-139.88,2,"[540.0, 576.4000244140625]"
random_walk,1788870557.1707292,18.830789618,0.5164262854769983,0.903,0.0,0.48975388619448956,0.6185015493880088,4.0639374484004165,11,0.8053399136399616,-13.45,2,"[540.0, 576.4000244140625]"
random_walk,1788870557.2204473,18.880507727,0.46684046185270883,0.903,0.0,0.48975388619448956,0.6185015493880088,4.257401129804897,11,0.705631162427395,-13.45,2,"[596.2000122070312, 521.7999877929688]"
random_walk,1788870557.270445,18.930505757000002,0.43355795284499027,0.903,0.0,0.48975388619448956,0.6185015493880088,4.4517440898503295,11,0.6320000846088841,-110.28999999999999,2,"[596.2000122070312, 521.7999877929688]"
random_walk,1788870557.3205628,18.980623378,0.4180852719292154,0.903,0.0,0.48975388619448956,0.6185015493880088,4.646297551516234,11,0.5675728915176872,-142.57,2,"[620.0, 465.25]"
random_walk,1788870557.370577,19.030637422,0.42104166870110776,0.903,0.0,0.48975388619448956,0.6185015493880088,4.840693491578868,11,0.5062136600022615,-107.6,2,"[620.0, 465.25]"
random_walk,1788870557.420495,19.080555376,0.44223471346577725,0.903,0.0,0.48975388619448956,0.6185015493880088,5.034695262334331,11,0.4663301595172349,-177.54,2,"[547.8333129882812, 378.8333435058594]"
random_walk,1788870557.470491,19.130551454000003,0.48093498090641773,0.903,0.0,0.48975388619448956,0.6185015493880088,5.22902130203979,11,0.44485442848683593,-169.47,2,"[547.8333129882812, 378.8333435058594]"
random_walk,1788870557.5204868,19.180547129,0.5356646630811568,0.903,0.0,0.48975388619448956,0.6185015493880088,5.423345204357339,11,0.4325825821837508,-137.19,2,"[657.0, 292.20001220703125]"
random_walk,1788870557.570801,19.230861386,0.6045886841723978,0.903,0.0,0.48975388619448956,0.6185015493880088,5.618252473674239,11,0.4356505437595221,-45.73,2,"[657.0, 292.20001220703125]"
random_walk,1788870557.620524,19.280584399000002,0.6844350199733474,0.903,0.0,0.48975388619448956,0.6185015493880088,5.811966404342108,11,0.4632621979414636,-45.73,2,"[646.0, 360.0]"
random_walk,1788870557.6704655,19.330525967,0.7728274319959274,0.903,0.0,0.48975388619448956,0.6185015493880088,6.006166478062262,11,0.504679679214376,2.69,2,"[646.0, 360.0]"
random_walk,1788870557.720457,19.380517530000002,0.8663047372373375,0.903,0.0,0.48975388619448956,0.6185015493880088,6.200467533646055,11,0.5599029875782591,2.69,2,"[628.4000244140625, 421.3999938964844]"
random_walk,1788870557.7706206,19.430680912,0.9615422475136481,0.903,0.0,0.48975388619448956,0.6185015493880088,0.11207091350178189,12,0.6273981422452273,8.07,2,"[628.4000244140625, 421.3999938964844]"
random_walk,1788870557.8204768,19.48053737,1.0542899200931013,0.903,0.0,0.48975388619448956,0.6185015493880088,0.30596400002478674,12,0.7086991240031663,26.9,2,"[602.5, 496.25]"
random_walk,1788870557.8706229,19.530683349,1.141849068549968,0.903,0.0,0.48975388619448956,0.6185015493880088,0.5006484213913893,12,0.7961360289126478,51.11,2,"[602.5, 496.25]"
random_walk,1788870557.920625,19.580685485,1.2203876304985142,0.903,0.0,0.48975388619448956,0.6185015493880088,0.6949640228715026,12,0.8943107993373288,2.69,2,"[475.3333435058594, 575.1666870117188]"
random_walk,1788870557.9705644,19.630625062,1.287058905546615,0.903,0.0,0.48975388619448956,0.6185015493880088,0.8890762693791032,12,0.9955535313377811,2.69,2,"[475.3333435058594, 575.1666870117188]"
random_walk,1788870558.0204656,19.680525927,1.3394414187339159,0.903,0.0,0.48975388619448956,0.6185015493880088,1.0831685798866886,12,1.0768545130957201,8.07,2,"[508.0, 515.0]"
random_walk,1788870558.0704353,19.730495612000002,1.3755944405757345,0.903,0.0,0.48975388619448956,0.6185015493880088,1.2773945004559977,12,1.1535535524900022,88.77,2,"[508.0, 515.0]"
random_walk,1788870558.1205926,19.780653103000002,1.3941423657628682,0.903,0.0,0.48975388619448956,0.6185015493880088,1.47214094493377,12,1.2256506495206272,99.53,2,"[426.3999938964844, 685.5999755859375]"
random_walk,1788870558.1706214,19.830681671,1.3942816905773194,0.903,0.0,0.48975388619448956,0.6185015493880088,1.6665200384934735,12,1.282407938672396,174.85,2,"[426.3999938964844, 685.5999755859375]"
random_walk,1788870558.220599,19.880659487000003,1.3760768174745877,0.903,0.0,0.48975388619448956,0.6185015493880088,1.860773123320115,12,1.3268933815210797,161.4,2,"[395.79998779296875, 724.7999877929688]"
random_walk,1788870558.270711,19.930771506000003,1.3401121671105065,0.903,0.0,0.48975388619448956,0.6185015493880088,2.0554928737658997,12,1.3575729972787924,209.82,2,"[395.79998779296875, 724.7999877929688]"
random_walk,1788870558.3205693,19.980629703,1.2880456091727825,0.903,0.0,0.48975388619448956,0.6185015493880088,2.2493127877851293,12,1.368310862793992,207.13,2,"[386.0, 705.2000122070312]"
random_walk,1788870558.3706295,20.030689862000003,1.2214591279993576,0.903,0.0,0.48975388619448956,0.6185015493880088,2.4437767861651736,12,1.368310862793992,37.66,2,"[386.0, 705.2000122070312]"
random_walk,1788870558.4204462,20.080506622,1.143270034955847,0.903,0.0,0.48975388619448956,0.6185015493880088,2.6376339412542222,12,1.3453011509757073,37.66,2,"[384.6000061035156, 722.0]"
random_walk,1788870558.4705548,20.130615249,1.0558860127293066,0.903,0.0,0.48975388619448956,0.6185015493880088,2.832209103236707,12,1.3069516312785663,-2.69,2,"[384.6000061035156, 722.0]"
random_walk,1788870558.520564,20.180624545,0.962991903824778,0.903,0.0,0.48975388619448956,0.6185015493880088,3.0265425810521123,12,1.2532623037025687,-2.69,2,"[395.75, 691.0]"
random_walk,1788870558.5706062,20.230666727000003,0.8679477127313303,0.903,0.0,0.48975388619448956,0.6185015493880088,3.220944684564273,12,1.188835110611372,-24.21,2,"[395.75, 691.0]"
random_walk,1788870558.6206448,20.280705106000003,0.7743639033350936,0.903,0.0,0.48975388619448956,0.6185015493880088,3.4153514087204826,12,1.1090681096413186,-40.35,2,"[456.20001220703125, 655.7999877929688]"
random_walk,1788870558.6706195,20.33067994,0.6858383613479021,0.903,0.0,0.48975388619448956,0.6185015493880088,3.6095982990083257,12,1.021631204731837,-24.21,2,"[456.20001220703125, 655.7999877929688]"
random_walk,1788870558.7204757,20.380536118000002,0.6057577465847465,0.903,0.0,0.48975388619448956,0.6185015493880088,3.803495831298193,12,0.9326603190344698,-121.05,2,"[516.0, 587.0]"
random_walk,1788870558.7706423,20.430702759000003,0.5366820958480261,0.903,0.0,0.48975388619448956,0.6185015493880088,3.998255088444978,12,0.8436894333371027,-64.56,2,"[516.0, 587.0]"
random_walk,1788870558.8204362,20.480496834,0.4818318907660776,0.903,0.0,0.48975388619448956,0.6185015493880088,4.192061148304347,12,0.7378447589729934,-64.56,2,"[583.7999877929688, 526.0]"
random_walk,1788870558.870595,20.530655483,0.44275082250736164,0.903,0.0,0.48975388619448956,0.6185015493880088,4.386772197638223,12,0.6565437772150544,-43.04,2,"[583.7999877929688, 526.0]"
random_walk,1788870558.9204347,20.580495295000002,0.4212575612353208,0.903,0.0,0.48975388619448956,0.6185015493880088,4.580684108719524,12,0.5890486225480862,-131.81,2,"[627.4000244140625, 467.6000061035156]"
random_walk,1788870558.970636,20.630696248,0.41799087042229527,0.903,0.0,0.48975388619448956,0.6185015493880088,4.7754944688683025,12,0.5246214294568893,-96.84,2,"[627.4000244140625, 467.6000061035156]"
random_walk,1788870559.02061,20.680670753,0.4331396514205531,0.903,0.0,0.48975388619448956,0.6185015493880088,4.969698720210303,12,0.47553404424454876,-147.95,2,"[650.0, 382.5]"
random_walk,1788870559.0707471,20.730807761,0.4662357358694971,0.903,0.0,0.48975388619448956,0.6185015493880088,5.164558947562256,12,0.44945637085049284,-190.99,2,"[650.0, 382.5]"
random_walk,1788870559.1206255,20.780686064,0.5156975139097053,0.903,0.0,0.48975388619448956,0.6185015493880088,5.35837266315653,12,0.4341165629716365,-164.09,2,"[601.1666870117188, 370.8333435058594]"
random_walk,1788870559.1706486,20.830709072,0.5800094469599636,0.903,0.0,0.48975388619448956,0.6185015493880088,5.552751018345859,12,0.4325825821837508,-51.11,2,"[601.1666870117188, 370.8333435058594]"
random_walk,1788870559.220473,20.880533384,0.656393158313863,0.903,0.0,0.48975388619448956,0.6185015493880088,5.7465702794902285,12,0.4540583132141498,-51.11,2,"[655.7999877929688, 288.79998779296875]"
random_walk,1788870559.2704315,20.930492172,0.7423282979709391,0.903,0.0,0.48975388619448956,0.6185015493880088,5.940769358353464,12,0.48933987133551954,2.69,2,"[655.7999877929688, 288.79998779296875]"
random_walk,1788870559.320489,20.980549248000003,0.8345703833615326,0.903,0.0,0.48975388619448956,0.6185015493880088,6.135226035208362,12,0.5399612373357456,2.69,2,"[631.7999877929688, 390.79998779296875]"
random_walk,1788870559.3706465,21.030706828,0.9296714498814628,0.903,0.0,0.48975388619448956,0.6185015493880088,0.04677838978529536,13,0.602854449639057,13.45,2,"[631.7999877929688, 390.79998779296875]"
random_walk,1788870559.420487,21.080547517000003,1.0234969790440052,0.903,0.0,0.48975388619448956,0.6185015493880088,0.24065440829424034,13,0.6826214506091103,18.83,2,"[599.0, 490.79998779296875]"
random_walk,1788870559.4706223,21.130682853,1.1133058786200363,0.903,0.0,0.48975388619448956,0.6185015493880088,0.4353345820881245,13,0.7639224323670493,56.49,2,"[599.0, 490.79998779296875]"
random_walk,1788870559.5205507,21.180611362,1.1950765041255802,0.903,0.0,0.48975388619448956,0.6185015493880088,0.6294206009029111,13,0.859029241215959,10.76,2,"[554.0, 575.75]"
random_walk,1788870559.5706322,21.230692868000002,1.2661720153225502,0.903,0.0,0.48975388619448956,0.6185015493880088,0.8239608768284441,13,0.9572040116406401,2.69,2,"[554.0, 575.75]"
random_walk,1788870559.6204646,21.280524982000003,1.3235369525984884,0.903,0.0,0.48975388619448956,0.6185015493880088,1.017834000148305,13,1.0492428589137786,2.69,2,"[510.3333435058594, 625.5]"
random_walk,1788870559.67046,21.330520602,1.3653486167019486,0.903,0.0,0.48975388619448956,0.6185015493880088,1.212071349913721,13,1.1274758790959463,102.22,2,"[510.3333435058594, 625.5]"
random_walk,1788870559.7206275,21.380687961,1.3899565153843154,0.903,0.0,0.48975388619448956,0.6185015493880088,1.4068486699314846,13,1.2041749184902284,86.08,2,"[452.5, 668.5]"
random_walk,1788870559.770635,21.430695262,1.3962973372826786,0.903,0.0,0.48975388619448956,0.6185015493880088,1.6012075399153431,13,1.265534150005654,169.47,2,"[452.5, 668.5]"
random_walk,1788870559.820643,21.480703517000002,1.3842060416060968,0.903,0.0,0.48975388619448956,0.6185015493880088,1.7955497032980148,13,1.3146215352179944,177.54,2,"[396.3999938964844, 712.7999877929688]"
random_walk,1788870559.8707137,21.530774247,1.3540815913646327,0.903,0.0,0.48975388619448956,0.6185015493880088,1.9901808454131142,13,1.35143707412725,188.29999999999998,2,"[396.3999938964844, 712.7999877929688]"
random_walk,1788870559.9204733,21.580533919,1.3073806946218687,0.903,0.0,0.48975388619448956,0.6185015493880088,2.1836952295451297,13,1.363708920430335,207.13,2,"[395.20001220703125, 723.0]"
random_walk,1788870559.9707181,21.630778525,1.2451654184020673,0.903,0.0,0.48975388619448956,0.6185015493880088,2.3787900954563597,13,1.363708920430335,94.14999999999999,2,"[395.20001220703125, 723.0]"
random_walk,1788870560.020446,21.680506531000002,1.1707755951079202,0.903,0.0,0.48975388619448956,0.6185015493880088,2.572274501751302,13,1.35143707412725,94.14999999999999,2,"[398.6000061035156, 703.5999755859375]"
random_walk,1788870560.070436,21.730496404,1.0861874153511435,0.903,0.0,0.48975388619448956,0.6185015493880088,2.7665177934551295,13,1.3176894967937658,-2.69,2,"[398.6000061035156, 703.5999755859375]"
random_walk,1788870560.1204631,21.78052366,0.9947784429483246,0.903,0.0,0.48975388619448956,0.6185015493880088,2.960911666080726,13,1.2701360923693108,-2.69,2,"[364.6000061035156, 699.7999877929688]"
random_walk,1788870560.1706293,21.830689764000002,0.8998829749593928,0.903,0.0,0.48975388619448956,0.6185015493880088,3.155655141532371,13,1.210310841641771,-24.21,2,"[364.6000061035156, 699.7999877929688]"
random_walk,1788870560.220464,21.880524486000002,0.8056709953464312,0.903,0.0,0.48975388619448956,0.6185015493880088,3.349515560995691,13,1.1366797638232602,-40.35,2,"[460.75, 648.5]"
random_walk,1788870560.2706573,21.930717927,0.714812134537201,0.903,0.0,0.48975388619448956,0.6185015493880088,3.54434008231096,13,1.0507768397016641,-16.14,2,"[460.75, 648.5]"
random_walk,1788870560.322363,21.982423498000003,0.6287179237570335,0.903,0.0,0.48975388619448956,0.6185015493880088,3.7453483388989,13,0.9602719732164113,-72.63,2,"[435.3333435058594, 608.5]"
random_walk,1788870560.3707986,22.030859175,0.5583120607641072,0.903,0.0,0.48975388619448956,0.6185015493880088,3.933217286961856,13,0.863631183579616,-72.63,2,"[435.3333435058594, 608.5]"
random_walk,1788870560.4205458,22.080606422000002,0.49859887951302884,0.903,0.0,0.48975388619448956,0.6185015493880088,4.126861507694379,13,0.765456413154935,-61.87,2,"[587.2000122070312, 496.79998779296875]"
random_walk,1788870560.4704492,22.130509846000002,0.45405092672590613,0.903,0.0,0.48975388619448956,0.6185015493880088,4.321001264327542,13,0.6826214506091103,-10.76,2,"[587.2000122070312, 496.79998779296875]"
random_walk,1788870560.5204663,22.180526893,0.4264904709737356,0.903,0.0,0.48975388619448956,0.6185015493880088,4.515371069965205,13,0.6105243535784852,-129.12,2,"[618.4000244140625, 476.6000061035156]"
random_walk,1788870560.570646,22.230706514,0.4170172400751397,0.903,0.0,0.48975388619448956,0.6185015493880088,4.710156752998962,13,0.5460971604872883,-110.28999999999999,2,"[618.4000244140625, 476.6000061035156]"
random_walk,1788870560.6204662,22.280526821000002,0.42597979766473554,0.903,0.0,0.48975388619448956,0.6185015493880088,4.904006944089566,13,0.4908738521234052,-126.42999999999999,2,"[645.7999877929688, 399.3999938964844]"
random_walk,1788870560.670599,22.330659498000003,0.4531049181702544,0.903,0.0,0.48975388619448956,0.6185015493880088,5.0986816733735125,13,0.45712627478992107,-166.78,2,"[645.7999877929688, 399.3999938964844]"
random_walk,1788870560.720493,22.380553575,0.4971851047120527,0.903,0.0,0.48975388619448956,0.6185015493880088,5.292672201468527,13,0.4433204476989503,-164.09,2,"[657.25, 370.75]"
random_walk,1788870560.7706246,22.430685113000003,0.5568642675867409,0.903,0.0,0.48975388619448956,0.6185015493880088,5.4873447389583205,13,0.440252486123179,-91.46,2,"[657.25, 370.75]"
random_walk,1788870560.8204734,22.480533862,0.6294495576044224,0.903,0.0,0.48975388619448956,0.6185015493880088,5.681243192268077,13,0.44945637085049284,-91.46,2,"[657.8333129882812, 360.6666564941406]"
random_walk,1788870560.870466,22.530526294,0.7125825405472024,0.903,0.0,0.48975388619448956,0.6185015493880088,5.875484218340709,13,0.4770680250324344,2.69,2,"[657.8333129882812, 360.6666564941406]"
random_walk,1788870560.9204626,22.580523182,0.8030773537373228,0.903,0.0,0.48975388619448956,0.6185015493880088,6.06984690064737,13,0.521553467881118,2.69,2,"[648.5, 382.5]"
random_walk,1788870560.9705956,22.630656127,0.89762592727077,0.903,0.0,0.48975388619448956,0.6185015493880088,6.2645136633036245,13,0.581378718608658,8.07,2,"[648.5, 382.5]"
random_walk,1788870561.0204697,22.680530114,0.9921812380665093,0.903,0.0,0.48975388619448956,0.6185015493880088,0.17529277699719614,14,0.6534758156392831,5.38,2,"[595.4000244140625, 477.0]"
random_walk,1788870561.070606,22.730666380000002,1.0838512670228633,0.903,0.0,0.48975388619448956,0.6185015493880088,0.3699535666257674,14,0.7363107781851077,45.73,2,"[595.4000244140625, 477.0]"
random_walk,1788870561.1204684,22.780528851,1.168538398286286,0.903,0.0,0.48975388619448956,0.6185015493880088,0.563904055615879,14,0.8268156446703606,26.9,2,"[568.2000122070312, 577.4000244140625]"
random_walk,1788870561.1706846,22.830744958,1.2437133769761965,0.903,0.0,0.48975388619448956,0.6185015493880088,0.7587092549443923,14,0.9249904150950417,2.69,2,"[568.2000122070312, 577.4000244140625]"
random_walk,1788870561.2204864,22.880547011,1.305859561905406,0.903,0.0,0.48975388619448956,0.6185015493880088,0.9525186452427619,14,1.021631204731837,2.69,2,"[505.3999938964844, 650.7999877929688]"
random_walk,1788870561.2704742,22.93053469,1.3531612102477295,0.903,0.0,0.48975388619448956,0.6185015493880088,1.1468203070675003,14,1.102932186489776,83.39,2,"[505.3999938964844, 650.7999877929688]"
random_walk,1788870561.320585,22.980645663,1.3837047055886451,0.903,0.0,0.48975388619448956,0.6185015493880088,1.3414950557822465,14,1.179631225884058,86.08,2,"[453.3999938964844, 708.2000122070312]"
random_walk,1788870561.3704743,23.030534757,1.3962180106599513,0.903,0.0,0.48975388619448956,0.6185015493880088,1.535457319836695,14,1.2471263805510262,129.12,2,"[453.3999938964844, 708.2000122070312]"
random_walk,1788870561.4204583,23.080518921000003,1.3903502902044826,0.903,0.0,0.48975388619448956,0.6185015493880088,1.7297421468169745,14,1.2977477465512524,177.54,2,"[412.25, 701.0]"
random_walk,1788870561.4706013,23.130661849000003,1.3662250143416554,0.903,0.0,0.48975388619448956,0.6185015493880088,1.9243891366919286,14,1.3406992086120504,185.60999999999999,2,"[412.25, 701.0]"
random_walk,1788870561.5204656,23.180525988000003,1.3249202420016248,0.903,0.0,0.48975388619448956,0.6185015493880088,2.118357226099988,14,1.363708920430335,199.06,2,"[323.1666564941406, 721.0]"
random_walk,1788870561.570634,23.230694407,1.267684395304319,0.903,0.0,0.48975388619448956,0.6185015493880088,2.313074761434649,14,1.3667768820061064,199.06,2,"[323.1666564941406, 721.0]"
random_walk,1788870561.6205266,23.280587001,1.197050681750154,0.903,0.0,0.48975388619448956,0.6185015493880088,2.5071764103843464,14,1.363708920430335,123.74,2,"[381.0, 590.0]"
random_walk,1788870561.6704466,23.33050731,1.1155445259297756,0.903,0.0,0.48975388619448956,0.6185015493880088,2.7012109686704378,14,1.3345632854605078,-2.69,2,"[381.0, 590.0]"
random_walk,1788870561.7205274,23.380587943000002,1.0259653703696394,0.903,0.0,0.48975388619448956,0.6185015493880088,2.895745294885245,14,1.2916118233997098,-2.69,2,"[395.79998779296875, 695.4000244140625]"
random_walk,1788870561.7704902,23.430550686,0.9320561829354868,0.903,0.0,0.48975388619448956,0.6185015493880088,3.089939108001886,14,1.2333205534600555,-2.69,2,"[395.79998779296875, 695.4000244140625]"
random_walk,1788870561.8204677,23.480528202000002,0.8371600778199552,0.903,0.0,0.48975388619448956,0.6185015493880088,3.2842078695973527,14,1.1642914180052018,-18.83,2,"[438.6000061035156, 664.7999877929688]"
random_walk,1788870561.8707294,23.530789825000003,0.7444636265546973,0.903,0.0,0.48975388619448956,0.6185015493880088,3.479383680332049,14,1.0829904362472627,-26.9,2,"[438.6000061035156, 664.7999877929688]"
random_walk,1788870561.9204857,23.580546189000003,0.6586609741289838,0.903,0.0,0.48975388619448956,0.6185015493880088,3.6728284516827188,14,0.9924855697620099,-26.9,2,"[509.75, 626.0]"
random_walk,1788870561.9705932,23.630653522000003,0.5816754305131373,0.903,0.0,0.48975388619448956,0.6185015493880088,3.8674695151639042,14,0.9035146840646426,-129.12,2,"[509.75, 626.0]"
random_walk,1788870562.0205462,23.680606566,0.5171075503278031,0.903,0.0,0.48975388619448956,0.6185015493880088,4.061637718487148,14,0.8007379712763046,-129.12,2,"[488.6666564941406, 548.3333129882812]"
random_walk,1788870562.0704527,23.730513000000002,0.46720970558562586,0.903,0.0,0.48975388619448956,0.6185015493880088,4.2556884937182815,14,0.7102331047910518,-18.83,2,"[488.6666564941406, 548.3333129882812]"
random_walk,1788870562.120611,23.780671326,0.4337230075554528,0.903,0.0,0.48975388619448956,0.6185015493880088,4.450439516092359,14,0.6320000846088841,-86.08,2,"[614.4000244140625, 389.6000061035156]"
random_walk,1788870562.1707032,23.830763617000002,0.418123203914969,0.903,0.0,0.48975388619448956,0.6185015493880088,4.645135028559167,14,0.5675728915176872,-139.88,2,"[614.4000244140625, 389.6000061035156]"
random_walk,1788870562.2206266,23.880686974000003,0.42094341520037376,0.903,0.0,0.48975388619448956,0.6185015493880088,4.839115938408568,14,0.504679679214376,-99.53,2,"[641.5999755859375, 410.79998779296875]"
random_walk,1788870562.2707143,23.930774584,0.44209395695204756,0.903,0.0,0.48975388619448956,0.6185015493880088,5.033786692150983,14,0.46479617872934925,-180.23,2,"[641.5999755859375, 410.79998779296875]"
random_walk,1788870562.3205729,23.980633179,0.4805580227783412,0.903,0.0,0.48975388619448956,0.6185015493880088,5.2274609412406505,14,0.44485442848683593,-169.47,2,"[645.5999755859375, 367.6000061035156]"
random_walk,1788870562.3706813,24.030741754,0.5352707274498195,0.903,0.0,0.48975388619448956,0.6185015493880088,5.422111704576821,14,0.4341165629716365,-169.47,2,"[645.5999755859375, 367.6000061035156]"
random_walk,1788870562.4205704,24.080630912,0.6038036624288339,0.903,0.0,0.48975388619448956,0.6185015493880088,5.616214025832178,14,0.4387185053352934,-91.46,2,"[651.0, 354.79998779296875]"
random_walk,1788870562.4705026,24.130563046000002,0.6836992210358499,0.903,0.0,0.48975388619448956,0.6185015493880088,5.810279529609133,14,0.461728217153578,2.69,2,"[651.0, 354.79998779296875]"
random_walk,1788870562.520539,24.180599461,0.7721100348714903,0.903,0.0,0.48975388619448956,0.6185015493880088,6.004643276723598,14,0.5031456984264903,2.69,2,"[646.7999877929688, 381.3999938964844]"
random_walk,1788870562.5705862,24.230646606,0.8656300884614679,0.903,0.0,0.48975388619448956,0.6185015493880088,6.199085201715718,14,0.5599029875782591,2.69,2,"[646.7999877929688, 381.3999938964844]"
random_walk,1788870562.6205084,24.280569078000003,0.9605350258195096,0.903,0.0,0.48975388619448956,0.6185015493880088,0.1100015823474294,15,0.6289321230331129,2.69,2,"[618.75, 468.75]"
random_walk,1788870562.6706998,24.330760429,1.0538339196251918,0.903,0.0,0.48975388619448956,0.6185015493880088,0.30498772127844376,15,0.7086991240031663,24.21,2,"[618.75, 468.75]"
random_walk,1788870562.7204838,24.380544141,1.1409686254052598,0.903,0.0,0.48975388619448956,0.6185015493880088,0.4986003436452435,15,0.7930680673368765,45.73,2,"[578.2000122070312, 553.4000244140625]"
random_walk,1788870562.7705424,24.430602984,1.2196623736847338,0.903,0.0,0.48975388619448956,0.6185015493880088,0.6930375586116284,15,0.9004467224888714,45.73,2,"[578.2000122070312, 553.4000244140625]"
random_walk,1788870562.820658,24.480718443,1.286703535373203,0.903,0.0,0.48975388619448956,0.6185015493880088,0.8879255603480019,15,0.9909515889741242,5.38,2,"[518.5999755859375, 610.5999755859375]"
random_walk,1788870562.8704457,24.530506038000002,1.339037072627584,0.903,0.0,0.48975388619448956,0.6185015493880088,1.0814093720604987,15,1.0753205323078345,75.32,2,"[518.5999755859375, 610.5999755859375]"
random_walk,1788870562.9204793,24.580539780000002,1.3753708196863554,0.903,0.0,0.48975388619448956,0.6185015493880088,1.2758198269301673,15,1.1535535524900022,88.77,2,"[473.79998779296875, 657.2000122070312]"
random_walk,1788870562.9706633,24.630723863,1.3940687958492717,0.903,0.0,0.48975388619448956,0.6185015493880088,1.4706273890438624,15,1.2256506495206272,110.28999999999999,2,"[473.79998779296875, 657.2000122070312]"
random_walk,1788870563.020471,24.68053171,1.3943784397076064,0.903,0.0,0.48975388619448956,0.6185015493880088,1.664430429357033,15,1.282407938672396,169.47,2,"[406.0, 698.5999755859375]"
random_walk,1788870563.070606,24.730666433000003,1.3763092336074303,0.903,0.0,0.48975388619448956,0.6185015493880088,1.8591087844281091,15,1.3284273623089653,164.09,2,"[406.0, 698.5999755859375]"
random_walk,1788870563.120681,24.78074149,1.3405367556897685,0.903,0.0,0.48975388619448956,0.6185015493880088,2.053628941704112,15,1.3575729972787924,209.82,2,"[384.75, 718.25]"
random_walk,1788870563.1704745,24.830535127,1.2886411439492933,0.903,0.0,0.48975388619448956,0.6185015493880088,2.2473730522893547,15,1.368310862793992,209.82,2,"[384.75, 718.25]"
random_walk,1788870563.2204125,24.880473071,1.2223148115410754,0.903,0.0,0.48975388619448956,0.6185015493880088,2.4414944351587664,15,1.368310862793992,177.54,2,"[323.8333435058594, 721.6666870117188]"
random_walk,1788870563.2704332,24.930493685000002,1.144026873039847,0.903,0.0,0.48975388619448956,0.6185015493880088,2.635868340695062,15,1.346835131763593,-5.38,2,"[323.8333435058594, 721.6666870117188]"
random_walk,1788870563.3205764,24.980636869,1.0566469452617349,0.903,0.0,0.48975388619448956,0.6185015493880088,2.830577528558372,15,1.3100195928543377,-2.69,2,"[383.0, 566.5999755859375]"
random_walk,1788870563.3706014,25.030661846,0.9637639264632357,0.903,0.0,0.48975388619448956,0.6185015493880088,3.0249555961718713,15,1.2547962844904545,-2.69,2,"[383.0, 566.5999755859375]"
random_walk,1788870563.4206207,25.080681153,0.8687569969604705,0.903,0.0,0.48975388619448956,0.6185015493880088,3.2192871464519968,15,1.188835110611372,-21.52,2,"[422.0, 678.5999755859375]"
random_walk,1788870563.4707916,25.130852015000002,0.7749208789387745,0.903,0.0,0.48975388619448956,0.6185015493880088,3.4141703604394493,15,1.1106020904292042,-29.59,2,"[422.0, 678.5999755859375]"
random_walk,1788870563.5206785,25.180739053,0.6865180922282159,0.903,0.0,0.48975388619448956,0.6185015493880088,3.608043782993626,15,1.021631204731837,-16.14,2,"[500.20001220703125, 628.5999755859375]"
random_walk,1788870563.5704753,25.230535850000003,0.6063953378950179,0.903,0.0,0.48975388619448956,0.6185015493880088,3.801846508527852,15,0.923456434307156,-16.14,2,"[500.20001220703125, 628.5999755859375]"
random_walk,1788870563.6206017,25.280662154,0.5371875950146046,0.903,0.0,0.48975388619448956,0.6185015493880088,3.9966806286579484,15,0.8375535101855601,-8.07,2,"[554.75, 561.5]"
random_walk,1788870563.6706147,25.330675215000003,0.48208799698660865,0.903,0.0,0.48975388619448956,0.6185015493880088,4.19101029026438,15,0.7409127205487647,-13.45,2,"[554.75, 561.5]"
random_walk,1788870563.7208836,25.380943945000002,0.442887182281031,0.903,0.0,0.48975388619448956,0.6185015493880088,4.385902947620259,15,0.6596117387908257,-59.18,2,"[604.6666870117188, 494.3333435058594]"
random_walk,1788870563.770663,25.430723398,0.42133403667268005,0.903,0.0,0.48975388619448956,0.6185015493880088,4.579500351785093,15,0.5890486225480862,-129.12,2,"[604.6666870117188, 494.3333435058594]"
random_walk,1788870563.8206093,25.480669998000003,0.4179374050012999,0.903,0.0,0.48975388619448956,0.6185015493880088,4.773739007300215,15,0.526155410244775,-94.14999999999999,2,"[631.75, 433.0]"
random_walk,1788870563.870754,25.530814467000003,0.43299678416902865,0.903,0.0,0.48975388619448956,0.6185015493880088,4.968549903739053,15,0.4770680250324344,-156.02,2,"[631.75, 433.0]"
random_walk,1788870563.9206216,25.58068207,0.46576855253373256,0.903,0.0,0.48975388619448956,0.6185015493880088,5.162370738778172,15,0.44945637085049284,-193.68,2,"[654.5999755859375, 363.3999938964844]"
random_walk,1788870563.970533,25.630593566,0.5151766894094425,0.903,0.0,0.48975388619448956,0.6185015493880088,5.356604027506556,15,0.4325825821837508,-193.68,2,"[654.5999755859375, 363.3999938964844]"
random_walk,1788870564.020442,25.680502331000003,0.57921071665012,0.903,0.0,0.48975388619448956,0.6185015493880088,5.550559424716546,15,0.4341165629716365,-131.81,2,"[652.4000244140625, 360.3999938964844]"
random_walk,1788870564.070415,25.730475378,0.6556401405378391,0.903,0.0,0.48975388619448956,0.6185015493880088,5.744780328253491,15,0.45099035163837853,2.69,2,"[652.4000244140625, 360.3999938964844]"
random_walk,1788870564.1204605,25.780520856000003,0.7415986844548199,0.903,0.0,0.48975388619448956,0.6185015493880088,5.93918733998553,15,0.48627190975974827,2.69,2,"[638.2000122070312, 375.79998779296875]"
random_walk,1788870564.170638,25.830698551,0.8339728787248175,0.903,0.0,0.48975388619448956,0.6185015493880088,6.133992434387714,15,0.5399612373357456,2.69,2,"[638.2000122070312, 375.79998779296875]"
random_walk,1788870564.2206225,25.880682917,0.9288239300230794,0.903,0.0,0.48975388619448956,0.6185015493880088,0.04504606252676524,16,0.6043884304269426,2.69,2,"[620.0, 452.20001220703125]"
random_walk,1788870564.2706168,25.930677059,1.02285346093861,0.903,0.0,0.48975388619448956,0.6185015493880088,0.23930168112963202,16,0.6810874698212247,13.45,2,"[620.0, 452.20001220703125]"
random_walk,1788870564.3205423,25.980602898,1.1124901806642185,0.903,0.0,0.48975388619448956,0.6185015493880088,0.43349851379248605,16,0.7639224323670493,51.11,2,"[586.5, 531.5]"
random_walk,1788870564.370542,26.030602366,1.1943908305256492,0.903,0.0,0.48975388619448956,0.6185015493880088,0.6276897620436301,16,0.868233125943273,51.11,2,"[586.5, 531.5]"
random_walk,1788870564.4204845,26.080544947,1.2654988898644182,0.903,0.0,0.48975388619448956,0.6185015493880088,0.8219398584133444,16,0.9602719732164113,5.38,2,"[440.5, 606.8333129882812]"
random_walk,1788870564.4704785,26.130538823000002,1.32310586640115,0.903,0.0,0.48975388619448956,0.6185015493880088,1.0161603500173442,16,1.0461748973380072,56.49,2,"[440.5, 606.8333129882812]"
random_walk,1788870564.5205383,26.180598814000003,1.3651051071956513,0.903,0.0,0.48975388619448956,0.6185015493880088,1.210657792689048,16,1.1244079175201749,94.14999999999999,2,"[487.6000061035156, 525.2000122070312]"
random_walk,1788870564.5706,26.230660623000002,1.389819460006724,0.903,0.0,0.48975388619448956,0.6185015493880088,1.4051428734862697,16,1.2026409377023426,94.14999999999999,2,"[487.6000061035156, 525.2000122070312]"
random_walk,1788870564.620467,26.280527555000003,1.3963278280164684,0.903,0.0,0.48975388619448956,0.6185015493880088,1.5990860681543495,16,1.265534150005654,145.26,2,"[417.79998779296875, 691.5999755859375]"
random_walk,1788870564.6706028,26.33066347,1.3844034743134312,0.903,0.0,0.48975388619448956,0.6185015493880088,1.7937336603840777,16,1.3146215352179944,180.23,2,"[417.79998779296875, 691.5999755859375]"
random_walk,1788870564.7205052,26.380565669000003,1.3545594486307362,0.903,0.0,0.48975388619448956,0.6185015493880088,1.9877782177594554,16,1.35143707412725,188.29999999999998,2,"[387.79998779296875, 717.0]"
random_walk,1788870564.7705631,26.430623667000003,1.3077586286736294,0.903,0.0,0.48975388619448956,0.6185015493880088,2.1823524548359075,16,1.363708920430335,188.29999999999998,2,"[387.79998779296875, 717.0]"
random_walk,1788870564.820484,26.480544396000003,1.24602723393812,0.903,0.0,0.48975388619448956,0.6185015493880088,2.376353051971094,16,1.363708920430335,48.42,2,"[376.25, 725.0]"
random_walk,1788870564.8704462,26.530506786,1.1714830369737022,0.903,0.0,0.48975388619448956,0.6185015493880088,2.570558566315043,16,1.3529710549151355,-5.38,2,"[376.25, 725.0]"
random_walk,1788870564.9204807,26.580541233,1.086909136835989,0.903,0.0,0.48975388619448956,0.6185015493880088,2.764933556089943,16,1.320757458369537,-5.38,2,"[382.3333435058594, 713.5]"
random_walk,1788870564.9706364,26.630696790000002,0.9953458199587693,0.903,0.0,0.48975388619448956,0.6185015493880088,2.959733874401678,16,1.2716700731571966,-2.69,2,"[382.3333435058594, 713.5]"
random_walk,1788870565.0204663,26.680526829,0.9009171947803077,0.903,0.0,0.48975388619448956,0.6185015493880088,3.1535432491554047,16,1.2087768608538851,-5.38,2,"[400.0, 689.5]"
random_walk,1788870565.0706153,26.730675798,0.8062925014798993,0.903,0.0,0.48975388619448956,0.6185015493880088,3.3482187867605973,16,1.1366797638232602,-29.59,2,"[400.0, 689.5]"
random_walk,1788870565.1205814,26.780641897000002,0.7156544957090292,0.903,0.0,0.48975388619448956,0.6185015493880088,3.5424712692324647,16,1.05231082048955,-24.21,2,"[487.20001220703125, 630.2000122070312]"
random_walk,1788870565.1705766,26.83063694,0.6321281934907458,0.903,0.0,0.48975388619448956,0.6185015493880088,3.7369141269029456,16,0.9556700308527545,-24.21,2,"[487.20001220703125, 630.2000122070312]"
random_walk,1788870565.220514,26.880574686000003,0.5590841360568104,0.903,0.0,0.48975388619448956,0.6185015493880088,3.930976370191786,16,0.8713010875190442,-67.25,2,"[549.0, 564.4000244140625]"
random_walk,1788870565.270442,26.930502526,0.49910234283922383,0.903,0.0,0.48975388619448956,0.6185015493880088,4.125003956707104,16,0.7731263170943632,-2.69,2,"[549.0, 564.4000244140625]"
random_walk,1788870565.3205314,26.980591873,0.4543178266641374,0.903,0.0,0.48975388619448956,0.6185015493880088,4.319575135375743,16,0.6872233929727672,-21.52,2,"[601.5, 514.75]"
random_walk,1788870565.3706741,27.030734392000003,0.4266026274856658,0.903,0.0,0.48975388619448956,0.6185015493880088,4.514204563694349,16,0.6105243535784852,-134.5,2,"[601.5, 514.75]"
random_walk,1788870565.4204476,27.080508192,0.41702084196713607,0.903,0.0,0.48975388619448956,0.6185015493880088,4.7079514295669185,16,0.5460971604872883,-112.98,2,"[635.5, 441.6666564941406]"
random_walk,1788870565.4706812,27.130741627000003,0.4258797129639211,0.903,0.0,0.48975388619448956,0.6185015493880088,4.90293092316459,16,0.48933987133551954,-115.67,2,"[635.5, 441.6666564941406]"
random_walk,1788870565.5207274,27.18078788,0.4528360851732307,0.903,0.0,0.48975388619448956,0.6185015493880088,5.0972221079023825,16,0.45559229400203544,-166.78,2,"[655.5, 372.0]"
random_walk,1788870565.5711458,27.23120635,0.4973218579348666,0.903,0.0,0.48975388619448956,0.6185015493880088,5.2931813023976275,16,0.4433204476989503,-166.78,2,"[655.5, 372.0]"
random_walk,1788870565.620736,27.280796440000003,0.5562716108136019,0.903,0.0,0.48975388619448956,0.6185015493880088,5.48561369801871,16,0.440252486123179,-129.12,2,"[655.7999877929688, 356.0]"
random_walk,1788870565.6705008,27.330561149,0.6287719219108587,0.903,0.0,0.48975388619448956,0.6185015493880088,5.679563549678605,16,0.4479223900626072,2.69,2,"[655.7999877929688, 356.0]"
random_walk,1788870565.720477,27.380537598,0.7118488690735068,0.903,0.0,0.48975388619448956,0.6185015493880088,5.873851850885785,16,0.4770680250324344,2.69,2,"[645.5999755859375, 365.0]"
random_walk,1788870565.7705958,27.430656265000003,0.8024335015758577,0.903,0.0,0.48975388619448956,0.6185015493880088,6.068501564958794,16,0.521553467881118,2.69,2,"[645.5999755859375, 365.0]"
random_walk,1788870565.8205028,27.480563002,0.8966711968756709,0.903,0.0,0.48975388619448956,0.6185015493880088,6.26256387819852,16,0.581378718608658,13.45,2,"[625.5999755859375, 437.0]"
random_walk,1788870565.8706172,27.530677777,0.9915621890309554,0.903,0.0,0.48975388619448956,0.6185015493880088,0.17400925068100292,17,0.6534758156392831,2.69,2,"[625.5999755859375, 437.0]"
random_walk,1788870565.9205356,27.580596148,1.083000515168513,0.903,0.0,0.48975388619448956,0.6185015493880088,0.3680910841016427,17,0.7363107781851077,45.73,2,"[590.2000122070312, 523.7999877929688]"
random_walk,1788870565.9706726,27.630732943,1.1680550973988462,0.903,0.0,0.48975388619448956,0.6185015493880088,0.5627368886978346,17,0.8360195293976744,45.73,2,"[590.2000122070312, 523.7999877929688]"
random_walk,1788870566.0206094,27.680669846,1.2431327403555035,0.903,0.0,0.48975388619448956,0.6185015493880088,0.757076883603311,17,0.9295923574586985,2.69,2,"[542.75, 590.5]"
random_walk,1788870566.0704508,27.730511353,1.3053613945480227,0.903,0.0,0.48975388619448956,0.6185015493880088,0.9507659350758288,17,1.0154952815802945,18.83,2,"[542.75, 590.5]"
random_walk,1788870566.1205318,27.780592412,1.3528630422248775,0.903,0.0,0.48975388619448956,0.6185015493880088,1.1453428263994496,17,1.0998642249140047,99.53,2,"[414.6666564941406, 636.3333129882812]"
random_walk,1788870566.1723647,27.832425158000003,1.3842506410415567,0.903,0.0,0.48975388619448956,0.6185015493880088,1.346451924949271,17,1.1780972450961724,94.14999999999999,2,"[414.6666564941406, 636.3333129882812]"
random_walk,1788870566.2206316,27.880692209000003,1.3961951147480762,0.903,0.0,0.48975388619448956,0.6185015493880088,1.5341580234838048,17,1.2455923997631406,129.12,2,"[428.20001220703125, 547.0]"
random_walk,1788870566.270627,27.930687455,1.3904471915078613,0.903,0.0,0.48975388619448956,0.6185015493880088,1.728487168230977,17,1.2977477465512524,166.78,2,"[428.20001220703125, 547.0]"
random_walk,1788870566.3206024,27.980663044000003,1.3665030569456158,0.903,0.0,0.48975388619448956,0.6185015493880088,1.9227459540541147,17,1.337631247036279,177.54,2,"[394.79998779296875, 706.0]"
random_walk,1788870566.3706956,28.030755906000003,1.3252081442017252,0.903,0.0,0.48975388619448956,0.6185015493880088,2.1172270126758903,17,1.3621749396424494,177.54,2,"[394.79998779296875, 706.0]"
random_walk,1788870566.4207275,28.080787774,1.2680876500354064,0.903,0.0,0.48975388619448956,0.6185015493880088,2.3118558736151513,17,1.3667768820061064,129.12,2,"[381.79998779296875, 717.7999877929688]"
random_walk,1788870566.470481,28.130541482,1.1978048750562338,0.903,0.0,0.48975388619448956,0.6185015493880088,2.5052630813447294,17,1.363708920430335,-5.38,2,"[381.79998779296875, 717.7999877929688]"
random_walk,1788870566.520673,28.180733691,1.1160942463400654,0.903,0.0,0.48975388619448956,0.6185015493880088,2.6999697742934146,17,1.3345632854605078,-5.38,2,"[378.75, 709.0]"
random_walk,1788870566.5706885,28.230748929,1.0265853612769273,0.903,0.0,0.48975388619448956,0.6185015493880088,2.8944399128060283,17,1.2916118233997098,-2.69,2,"[378.75, 709.0]"
random_walk,1788870566.6205797,28.280640204,0.9327757528479973,0.903,0.0,0.48975388619448956,0.6185015493880088,3.0884678413034194,17,1.2348545342479411,-10.76,2,"[394.6666564941406, 687.8333129882812]"
random_walk,1788870566.670731,28.330791638,0.8376301277114132,0.903,0.0,0.48975388619448956,0.6185015493880088,3.2832383255660105,17,1.1658253987930873,-16.14,2,"[394.6666564941406, 687.8333129882812]"
random_walk,1788870566.7237332,28.383793587000003,0.7400039427209272,0.903,0.0,0.48975388619448956,0.6185015493880088,3.489051624497499,17,1.0845244170351482,-37.66,2,"[394.6666564941406, 687.8333129882812]"
random_walk,1788870566.7707682,28.430828777000002,0.6590670951231006,0.903,0.0,0.48975388619448956,0.6185015493880088,3.6718669364576115,17,0.9817477042468103,-37.66,2,"[465.25, 647.5]"
random_walk,1788870566.8206408,28.480701332000002,0.5821903066766196,0.903,0.0,0.48975388619448956,0.6185015493880088,3.866064760091213,17,0.9004467224888714,-131.81,2,"[535.5999755859375, 576.7999877929688]"
random_walk,1788870566.8707972,28.530857717000004,0.5173872984519563,0.903,0.0,0.48975388619448956,0.6185015493880088,4.06069538923321,17,0.8084078752157329,-2.69,2,"[535.5999755859375, 576.7999877929688]"
random_walk,1788870566.9206002,28.580660672,0.4674843696021746,0.903,0.0,0.48975388619448956,0.6185015493880088,4.254418401856647,17,0.7133010663668231,-32.28,2,"[596.2000122070312, 517.4000244140625]"
random_walk,1788870566.9706185,28.630678944000003,0.4339363146504794,0.903,0.0,0.48975388619448956,0.6185015493880088,4.448762904707543,17,0.6350680461846554,-99.53,2,"[596.2000122070312, 517.4000244140625]"
random_walk,1788870567.0205054,28.680565993000002,0.4182023522549803,0.903,0.0,0.48975388619448956,0.6185015493880088,4.642771717184651,17,0.5675728915176872,-131.81,2,"[628.2000122070312, 458.3999938964844]"
random_walk,1788870567.070628,28.73068856,0.42083968391636933,0.903,0.0,0.48975388619448956,0.6185015493880088,4.837428954863121,17,0.5062136600022615,-104.91,2,"[628.2000122070312, 458.3999938964844]"
random_walk,1788870567.120543,28.780603476000003,0.44173784285641654,0.903,0.0,0.48975388619448956,0.6185015493880088,5.031476858222128,17,0.4663301595172349,-180.23,2,"[658.7999877929688, 377.0]"
random_walk,1788870567.1706493,28.8307098,0.4802364042679746,0.903,0.0,0.48975388619448956,0.6185015493880088,5.226126241971549,17,0.4433204476989503,-180.23,2,"[658.7999877929688, 377.0]"
random_walk,1788870567.2205482,28.880608701000003,0.5346597714728891,0.903,0.0,0.48975388619448956,0.6185015493880088,5.42019515391069,17,0.4325825821837508,-91.46,2,"[657.25, 355.75]"
random_walk,1788870567.2704854,28.930545925,0.6030485941665749,0.903,0.0,0.48975388619448956,0.6185015493880088,5.614250266096214,17,0.4356505437595221,2.69,2,"[657.25, 355.75]"
random_walk,1788870567.3204632,28.980523686,0.6829266206405655,0.903,0.0,0.48975388619448956,0.6185015493880088,5.808506716337284,17,0.461728217153578,2.69,2,"[548.5, 358.0]"
random_walk,1788870567.3705997,29.030660202000004,0.7714060228489388,0.903,0.0,0.48975388619448956,0.6185015493880088,6.003147849769341,17,0.5031456984264903,2.69,2,"[548.5, 358.0]"
random_walk,1788870567.420539,29.080599598000003,0.8647843616194572,0.903,0.0,0.48975388619448956,0.6185015493880088,6.197352108883656,17,0.5599029875782591,2.69,2,"[624.0, 339.0]"
random_walk,1788870567.4705517,29.130612231,0.9598150313712591,0.903,0.0,0.48975388619448956,0.6185015493880088,0.10852264825555835,18,0.6258641614573416,8.07,2,"[624.0, 339.0]"
random_walk,1788870567.5205376,29.180598195,1.0527936457905789,0.903,0.0,0.48975388619448956,0.6185015493880088,0.3027616574112244,18,0.7071651432152806,13.45,2,"[597.4000244140625, 507.6000061035156]"
random_walk,1788870567.5705888,29.230649210000003,1.1403647526161746,0.903,0.0,0.48975388619448956,0.6185015493880088,0.4971969409561581,18,0.8007379712763046,13.45,2,"[597.4000244140625, 507.6000061035156]"
random_walk,1788870567.6206353,29.280695794000003,1.2191530290405175,0.903,0.0,0.48975388619448956,0.6185015493880088,0.6916864519756132,18,0.8943107993373288,2.69,2,"[545.7999877929688, 588.0]"
random_walk,1788870567.6705275,29.330587835000003,1.285976210858025,0.903,0.0,0.48975388619448956,0.6185015493880088,0.8855755007785291,18,0.9863496466104673,2.69,2,"[545.7999877929688, 588.0]"
random_walk,1788870567.7206771,29.380737759000002,1.3387838579660498,0.903,0.0,0.48975388619448956,0.6185015493880088,1.0803106520757808,18,1.0707185899441776,78.01,2,"[506.0, 636.5]"
random_walk,1788870567.7707033,29.430763702,1.3752148824836588,0.903,0.0,0.48975388619448956,0.6185015493880088,1.2747265747723588,18,1.1504855909142309,96.84,2,"[506.0, 636.5]"
random_walk,1788870567.8206418,29.480702141000002,1.3939722994920811,0.903,0.0,0.48975388619448956,0.6185015493880088,1.468676057247066,18,1.2241166687327416,112.98,2,"[445.1666564941406, 673.8333129882812]"
random_walk,1788870567.8706174,29.530678037,1.3944368623143009,0.903,0.0,0.48975388619448956,0.6185015493880088,1.6631457799405638,18,1.282407938672396,164.09,2,"[445.1666564941406, 673.8333129882812]"
random_walk,1788870567.920587,29.580647523000003,1.3765479580330098,0.903,0.0,0.48975388619448956,0.6185015493880088,1.8573894913496503,18,1.3284273623089653,166.78,2,"[399.5, 707.5]"
random_walk,1788870567.970599,29.630659479000002,1.3409771514476572,0.903,0.0,0.48975388619448956,0.6185015493880088,2.051688588308892,18,1.359106978066678,166.78,2,"[399.5, 707.5]"
random_walk,1788870568.020458,29.680518671,1.2891829741346352,0.903,0.0,0.48975388619448956,0.6185015493880088,2.245604160152766,18,1.3667768820061064,199.06,2,"[382.3999938964844, 719.0]"
random_walk,1788870568.0704908,29.730551244,1.2228717831783773,0.903,0.0,0.48975388619448956,0.6185015493880088,2.440006473517556,18,1.3667768820061064,61.87,2,"[382.3999938964844, 719.0]"
random_walk,1788870568.1204903,29.78055093,1.1446813933307767,0.903,0.0,0.48975388619448956,0.6185015493880088,2.6343400407146333,18,1.3483691125514785,-5.38,2,"[378.3999938964844, 709.7999877929688]"
random_walk,1788870568.1705148,29.830575268,1.0575209459978951,0.903,0.0,0.48975388619448956,0.6185015493880088,2.8287024587624217,18,1.3100195928543377,-2.69,2,"[378.3999938964844, 709.7999877929688]"
random_walk,1788870568.2204716,29.880532099000003,0.9647721686399879,0.903,0.0,0.48975388619448956,0.6185015493880088,3.022882588710246,18,1.2563302652783401,-2.69,2,"[389.0, 691.7999877929688]"
random_walk,1788870568.2706997,29.930760201000002,0.8694410681025357,0.903,0.0,0.48975388619448956,0.6185015493880088,3.217886230905208,18,1.188835110611372,-18.83,2,"[389.0, 691.7999877929688]"
random_walk,1788870568.3206453,29.980705839000002,0.775980984404631,0.903,0.0,0.48975388619448956,0.6185015493880088,3.411923517275511,18,1.1075341288534328,-21.52,2,"[460.6000061035156, 649.0]"
random_walk,1788870568.370631,30.03069161,0.6873201131515899,0.903,0.0,0.48975388619448956,0.6185015493880088,3.606211157835517,18,1.012427320004523,-21.52,2,"[460.6000061035156, 649.0]"
random_walk,1788870568.4204915,30.080551802000002,0.6070278941629533,0.903,0.0,0.48975388619448956,0.6185015493880088,3.8002122951469204,18,0.9295923574586985,-129.12,2,"[520.0, 596.25]"
random_walk,1788870568.4704807,30.130541253,0.5379006361032179,0.903,0.0,0.48975388619448956,0.6185015493880088,3.99446457942463,18,0.8436894333371027,-16.14,2,"[520.0, 596.25]"
random_walk,1788870568.5206428,30.180703189000003,0.48252695247596505,0.903,0.0,0.48975388619448956,0.6185015493880088,4.189213619857185,18,0.7439806821245359,-13.45,2,"[490.5, 530.6666870117188]"
random_walk,1788870568.5704875,30.230547805,0.44333065541596445,0.903,0.0,0.48975388619448956,0.6185015493880088,4.383091247236308,18,0.6611457195787114,-37.66,2,"[490.5, 530.6666870117188]"
random_walk,1788870568.6204586,30.280519213,0.4214767288553804,0.903,0.0,0.48975388619448956,0.6185015493880088,4.577319204153369,18,0.5890486225480862,-142.57,2,"[625.2000122070312, 391.20001220703125]"
random_walk,1788870568.6706069,30.330667374,0.4178869843544732,0.903,0.0,0.48975388619448956,0.6185015493880088,4.772036261490371,18,0.526155410244775,-107.6,2,"[625.2000122070312, 391.20001220703125]"
random_walk,1788870568.720471,30.380531357000002,0.43267766311167133,0.903,0.0,0.48975388619448956,0.6185015493880088,4.965965423235232,18,0.47553404424454876,-145.26,2,"[655.5999755859375, 386.79998779296875]"
random_walk,1788870568.7705867,30.430647221,0.4653912573366027,0.903,0.0,0.48975388619448956,0.6185015493880088,5.1605962894329735,18,0.4479223900626072,-145.26,2,"[655.5999755859375, 386.79998779296875]"
random_walk,1788870568.8205295,30.480589971,0.514652813567497,0.903,0.0,0.48975388619448956,0.6185015493880088,5.354820818757048,18,0.4325825821837508,-145.26,2,"[660.5999755859375, 357.6000061035156]"
random_walk,1788870568.8704596,30.530520044000003,0.5785879292399994,0.903,0.0,0.48975388619448956,0.6185015493880088,5.548847589178806,18,0.4325825821837508,-67.25,2,"[660.5999755859375, 357.6000061035156]"
random_walk,1788870568.920472,30.580532411000004,0.6549614169006894,0.903,0.0,0.48975388619448956,0.6185015493880088,5.743165335819157,18,0.45099035163837853,2.69,2,"[652.25, 356.0]"
random_walk,1788870568.9704874,30.630547942000003,0.7408532710741578,0.903,0.0,0.48975388619448956,0.6185015493880088,5.937570136326244,18,0.48627190975974827,2.69,2,"[652.25, 356.0]"
random_walk,1788870569.0204754,30.680535877,0.8329279243962682,0.903,0.0,0.48975388619448956,0.6185015493880088,6.13183448324412,18,0.5399612373357456,2.69,2,"[634.0, 396.6666564941406]"
random_walk,1788870569.0705855,30.730645944000003,0.9279547355780937,0.903,0.0,0.48975388619448956,0.6185015493880088,0.04326957294764355,19,0.6043884304269426,2.69,2,"[634.0, 396.6666564941406]"
random_walk,1788870569.1206372,30.780697890000003,1.02208138377614,0.903,0.0,0.48975388619448956,0.6185015493880088,0.23767930110542324,19,0.6810874698212247,2.69,2,"[603.0, 483.5]"
random_walk,1788870569.1705244,30.830584673,1.11168639636509,0.903,0.0,0.48975388619448956,0.6185015493880088,0.43169078726050003,19,0.7715923363064775,2.69,2,"[603.0, 483.5]"
random_walk,1788870569.2204514,30.880511915000003,1.1936553155052656,0.903,0.0,0.48975388619448956,0.6185015493880088,0.6258355220644276,19,0.863631183579616,2.69,2,"[552.5999755859375, 577.7999877929688]"
random_walk,1788870569.270438,30.930498474,1.264881825203765,0.903,0.0,0.48975388619448956,0.6185015493880088,0.8200910124240082,19,0.9556700308527545,2.69,2,"[552.5999755859375, 577.7999877929688]"
random_walk,1788870569.3205256,30.980586095000003,1.3227029822790444,0.903,0.0,0.48975388619448956,0.6185015493880088,1.014600269021635,19,1.0446409165501216,51.11,2,"[508.3999938964844, 625.7999877929688]"
random_walk,1788870569.3706176,31.030678228000003,1.3648700882928555,0.903,0.0,0.48975388619448956,0.6185015493880088,1.2092985367757692,19,1.1228739367322893,88.77,2,"[508.3999938964844, 625.7999877929688]"
random_walk,1788870569.4204798,31.08054032,1.3896548750218196,0.903,0.0,0.48975388619448956,0.6185015493880088,1.4031171644760931,19,1.201106956914457,83.39,2,"[454.5, 668.5]"
random_walk,1788870569.470579,31.13063928,1.3963459834686514,0.903,0.0,0.48975388619448956,0.6185015493880088,1.5977436626301724,19,1.265534150005654,147.95,2,"[454.5, 668.5]"
random_walk,1788870569.5205019,31.180562297,1.3846126645851968,0.903,0.0,0.48975388619448956,0.6185015493880088,1.79179345854903,19,1.3146215352179944,172.16,2,"[401.1666564941406, 708.3333129882812]"
random_walk,1788870569.5705216,31.230582277000003,1.354849251734092,0.903,0.0,0.48975388619448956,0.6185015493880088,1.9863147428113948,19,1.3529710549151355,172.16,2,"[401.1666564941406, 708.3333129882812]"
random_walk,1788870569.620538,31.280598448000003,1.3082986704407786,0.903,0.0,0.48975388619448956,0.6185015493880088,2.1804292471778766,19,1.3652429012182206,199.06,2,"[387.75, 722.75]"
random_walk,1788870569.6706033,31.330663925000003,1.24650019680757,0.903,0.0,0.48975388619448956,0.6185015493880088,2.3750131802231422,19,1.3652429012182206,67.25,2,"[387.75, 722.75]"
random_walk,1788870569.7204258,31.380486201000004,1.1721831109213285,0.903,0.0,0.48975388619448956,0.6185015493880088,2.5688586379710543,19,1.3560390164909069,-5.38,2,"[380.79998779296875, 710.0]"
random_walk,1788870569.770731,31.430791334000002,1.0872748382239497,0.903,0.0,0.48975388619448956,0.6185015493880088,2.764130432967825,19,1.320757458369537,-2.69,2,"[380.79998779296875, 710.0]"
random_walk,1788870569.8204596,31.480520119,0.9963989761135477,0.903,0.0,0.48975388619448956,0.6185015493880088,2.957546998570315,19,1.2716700731571966,-2.69,2,"[385.79998779296875, 691.2000122070312]"
random_walk,1788870569.8706527,31.530713282,0.9014884245603327,0.903,0.0,0.48975388619448956,0.6185015493880088,3.1523768128352927,19,1.2118448224296565,-2.69,2,"[385.79998779296875, 691.2000122070312]"
random_walk,1788870569.9206016,31.580662083000004,0.8070944747759088,0.903,0.0,0.48975388619448956,0.6185015493880088,3.346545987698498,19,1.1366797638232602,-8.07,2,"[437.0, 657.5]"
random_walk,1788870569.9704642,31.630524504,0.7165492613174715,0.903,0.0,0.48975388619448956,0.6185015493880088,3.5404878144383005,19,1.0461748973380072,-8.07,2,"[437.0, 657.5]"
random_walk,1788870570.0204105,31.680470874,0.6331128759763847,0.903,0.0,0.48975388619448956,0.6185015493880088,3.7344878053325417,19,0.9602719732164113,-83.39,2,"[511.5, 603.1666870117188]"
random_walk,1788870570.0704446,31.730505147000002,0.5597595508939031,0.903,0.0,0.48975388619448956,0.6185015493880088,3.929020149605826,19,0.8743690490948155,-88.77,2,"[511.5, 603.1666870117188]"
random_walk,1788870570.120503,31.780563345,0.49950849885200443,0.903,0.0,0.48975388619448956,0.6185015493880088,4.123509194286093,19,0.7731263170943632,-2.69,2,"[579.25, 539.0]"
random_walk,1788870570.1706011,31.830661439000004,0.45459792220193435,0.903,0.0,0.48975388619448956,0.6185015493880088,4.318083757799961,19,0.6856894121848816,-18.83,2,"[579.25, 539.0]"
random_walk,1788870570.2204967,31.880557207000003,0.4268036898144013,0.903,0.0,0.48975388619448956,0.6185015493880088,4.512130161101261,19,0.6105243535784852,-121.05,2,"[512.1666870117188, 482.6666564941406]"
random_walk,1788870570.2707016,31.930762251,0.41702286264714983,0.903,0.0,0.48975388619448956,0.6185015493880088,4.70710279951296,19,0.5476311412751739,-118.36,2,"[512.1666870117188, 482.6666564941406]"
random_walk,1788870570.3205338,31.980594397,0.4256856342098677,0.903,0.0,0.48975388619448956,0.6185015493880088,4.900827067366016,19,0.4908738521234052,-121.05,2,"[647.0, 323.6000061035156]"
random_walk,1788870570.370473,32.030533262,0.45242457101466726,0.903,0.0,0.48975388619448956,0.6185015493880088,5.094977643068198,19,0.45559229400203544,-121.05,2,"[647.0, 323.6000061035156]"
random_walk,1788870570.4205942,32.08065473,0.4963695929999099,0.903,0.0,0.48975388619448956,0.6185015493880088,5.289627986699095,19,0.4433204476989503,-150.64,2,"[666.5999755859375, 361.20001220703125]"
random_walk,1788870570.4704611,32.130521462000004,0.5555570610165855,0.903,0.0,0.48975388619448956,0.6185015493880088,5.4835225383043635,19,0.440252486123179,-83.39,2,"[666.5999755859375, 361.20001220703125]"
random_walk,1788870570.5204797,32.180540145,0.6280930342994828,0.903,0.0,0.48975388619448956,0.6185015493880088,5.6778788511950395,19,0.4479223900626072,2.69,2,"[648.4000244140625, 357.20001220703125]"
random_walk,1788870570.5705273,32.230587882,0.71115466487493,0.903,0.0,0.48975388619448956,0.6185015493880088,5.872306230290839,19,0.47553404424454876,2.69,2,"[648.4000244140625, 357.20001220703125]"
random_walk,1788870570.6204746,32.280534868000004,0.801473929494576,0.903,0.0,0.48975388619448956,0.6185015493880088,6.066495795834776,19,0.521553467881118,2.69,2,"[639.25, 387.0]"
random_walk,1788870570.670556,32.330616522,0.8959157798214648,0.903,0.0,0.48975388619448956,0.6185015493880088,6.261021082841786,19,0.581378718608658,5.38,2,"[639.25, 387.0]"
random_walk,1788870570.720468,32.380528456,0.9905539676704265,0.903,0.0,0.48975388619448956,0.6185015493880088,0.17191943946411925,20,0.6519418348513975,2.69,2,"[613.0, 464.6666564941406]"
random_walk,1788870570.770503,32.430563543000005,1.082178671923259,0.903,0.0,0.48975388619448956,0.6185015493880088,0.3662931584647424,20,0.7409127205487647,2.69,2,"[613.0, 464.6666564941406]"
random_walk,1788870570.8204393,32.480499897,1.1671004518472994,0.903,0.0,0.48975388619448956,0.6185015493880088,0.5604339488164243,20,0.8283496254582462,10.76,2,"[562.75, 558.5]"
random_walk,1788870570.8704634,32.530523931000005,1.2423355840426071,0.903,0.0,0.48975388619448956,0.6185015493880088,0.754839891854516,20,0.923456434307156,2.69,2,"[562.75, 558.5]"
random_walk,1788870570.920525,32.580585528,1.3049394275431396,0.903,0.0,0.48975388619448956,0.6185015493880088,0.9492846809464339,20,1.012427320004523,26.9,2,"[509.3999938964844, 617.0]"
random_walk,1788870570.9705496,32.630610187,1.3525322022590665,0.903,0.0,0.48975388619448956,0.6185015493880088,1.143709067699163,20,1.0967962633382335,96.84,2,"[509.3999938964844, 617.0]"
random_walk,1788870571.0204937,32.680554134000005,1.3832926233264256,0.903,0.0,0.48975388619448956,0.6185015493880088,1.3378221536172958,20,1.1765632643082868,83.39,2,"[461.6000061035156, 666.4000244140625]"
random_walk,1788870571.0706797,32.730740043000004,1.396168931842575,0.903,0.0,0.48975388619448956,0.6185015493880088,1.5327264849973545,20,1.2455923997631406,121.05,2,"[461.6000061035156, 666.4000244140625]"
random_walk,1788870571.1205883,32.78064897,1.390582682731502,0.903,0.0,0.48975388619448956,0.6185015493880088,1.726715614074834,20,1.2977477465512524,169.47,2,"[405.75, 702.5]"
random_walk,1788870571.1705358,32.830596240000006,1.3668163747321294,0.903,0.0,0.48975388619448956,0.6185015493880088,1.9208854456990565,20,1.342233189399936,169.47,2,"[405.75, 702.5]"
random_walk,1788870571.22046,32.880520311000005,1.325798431038724,0.903,0.0,0.48975388619448956,0.6185015493880088,2.114903138051403,20,1.363708920430335,201.75,2,"[384.5, 717.6666870117188]"
random_walk,1788870571.270509,32.930569489,1.2688947622359126,0.903,0.0,0.48975388619448956,0.6185015493880088,2.3094113842474826,20,1.368310862793992,134.5,2,"[384.5, 717.6666870117188]"
random_walk,1788870571.3204868,32.980547193,1.1984504570361707,0.903,0.0,0.48975388619448956,0.6185015493880088,2.50362313976413,20,1.3652429012182206,-5.38,2,"[385.75, 715.75]"
random_walk,1788870571.370583,33.030643541,1.1169014581780303,0.903,0.0,0.48975388619448956,0.6185015493880088,2.698145877450287,20,1.3360972662483934,-2.69,2,"[385.75, 715.75]"
random_walk,1788870571.4205475,33.080608024,1.0275413745821877,0.903,0.0,0.48975388619448956,0.6185015493880088,2.8924261964851326,20,1.2900778426118242,-2.69,2,"[327.1666564941406, 698.8333129882812]"
random_walk,1788870571.4705796,33.130639952,0.9335651809676981,0.903,0.0,0.48975388619448956,0.6185015493880088,3.0868536066702177,20,1.2348545342479411,-8.07,2,"[327.1666564941406, 698.8333129882812]"
random_walk,1788870571.5205104,33.18057075,0.8387414448426876,0.903,0.0,0.48975388619448956,0.6185015493880088,3.280946608914263,20,1.1642914180052018,-13.45,2,"[434.20001220703125, 542.7999877929688]"
random_walk,1788870571.5705855,33.230646059,0.7462774440556375,0.903,0.0,0.48975388619448956,0.6185015493880088,3.475461018559855,20,1.0768545130957201,-13.45,2,"[434.20001220703125, 542.7999877929688]"
random_walk,1788870571.6204622,33.280522768000004,0.6601126106575177,0.903,0.0,0.48975388619448956,0.6185015493880088,3.6693941053261767,20,0.9909515889741242,-61.87,2,"[503.20001220703125, 614.7999877929688]"
random_walk,1788870571.6704934,33.330553675000004,0.5830151107050451,0.903,0.0,0.48975388619448956,0.6185015493880088,3.8638180490566754,20,0.9050486648525283,-137.19,2,"[503.20001220703125, 614.7999877929688]"
random_walk,1788870571.7205164,33.380576907000005,0.5181331242936467,0.903,0.0,0.48975388619448956,0.6185015493880088,4.0581887485111,20,0.8099418560036186,-2.69,2,"[576.0, 543.5999755859375]"
random_walk,1788870571.7704992,33.430559786,0.4679095480027972,0.903,0.0,0.48975388619448956,0.6185015493880088,4.252458734246915,20,0.7117670855789375,-32.28,2,"[576.0, 543.5999755859375]"
random_walk,1788870571.8204908,33.480551258000006,0.4341950532565028,0.903,0.0,0.48975388619448956,0.6185015493880088,4.446743071571063,20,0.6335340653967698,-86.08,2,"[613.5, 491.25]"
random_walk,1788870571.8706076,33.530668323,0.41825113855439633,0.903,0.0,0.48975388619448956,0.6185015493880088,4.641354091150475,20,0.5675728915176872,-131.81,2,"[613.5, 491.25]"
random_walk,1788870571.9205577,33.580618174,0.42072551072899717,0.903,0.0,0.48975388619448956,0.6185015493880088,4.835545584229692,20,0.5077476407901472,-99.53,2,"[646.5, 421.8333435058594]"
random_walk,1788870571.9706159,33.630676332,0.44151094246224143,0.903,0.0,0.48975388619448956,0.6185015493880088,5.029996672786723,20,0.46479617872934925,-99.53,2,"[646.5, 421.8333435058594]"
random_walk,1788870572.0206745,33.680734885,0.4798435412084065,0.903,0.0,0.48975388619448956,0.6185015493880088,5.224491585568359,20,0.44485442848683593,-169.47,2,"[661.75, 369.75]"
random_walk,1788870572.0706027,33.730663069,0.5340959120760358,0.903,0.0,0.48975388619448956,0.6185015493880088,5.418422527174442,20,0.4341165629716365,-139.88,2,"[661.75, 369.75]"
random_walk,1788870572.1206615,33.780722031,0.602570484954238,0.903,0.0,0.48975388619448956,0.6185015493880088,5.613005236079346,20,0.4356505437595221,-43.04,2,"[657.4000244140625, 360.3999938964844]"
random_walk,1788870572.1706498,33.830710182000004,0.6824108698764251,0.903,0.0,0.48975388619448956,0.6185015493880088,5.807322372592608,20,0.46019423636569234,2.69,2,"[657.4000244140625, 360.3999938964844]"
random_walk,1788870572.2217152,33.881775719000004,0.7726395538755875,0.903,0.0,0.48975388619448956,0.6185015493880088,6.005767632924034,20,0.5031456984264903,2.69,2,"[655.0, 379.6000061035156]"
random_walk,1788870572.270817,33.930877499000005,0.8642925941694631,0.903,0.0,0.48975388619448956,0.6185015493880088,6.196344243429991,20,0.5599029875782591,2.69,2,"[655.0, 379.6000061035156]"
random_walk,1788870572.3207304,33.980791052,0.9591948235910955,0.903,0.0,0.48975388619448956,0.6185015493880088,0.10724887620049373,21,0.6366020269725411,2.69,2,"[618.5, 454.0]"
random_walk,1788870572.3706512,34.030711828,1.0521434723590612,0.903,0.0,0.48975388619448956,0.6185015493880088,0.3013711490004951,21,0.7133010663668231,2.69,2,"[618.5, 454.0]"
random_walk,1788870572.4205565,34.080617027,1.139591330145004,0.903,0.0,0.48975388619448956,0.6185015493880088,0.49540106332558054,21,0.7946020481247621,43.04,2,"[575.6666870117188, 542.6666870117188]"
random_walk,1788870572.4705207,34.130581136,1.2183305904381374,0.903,0.0,0.48975388619448956,0.6185015493880088,0.6895080052249867,21,0.885106914610015,2.69,2,"[575.6666870117188, 542.6666870117188]"
random_walk,1788870572.5205061,34.180566660000004,1.2854552374849577,0.903,0.0,0.48975388619448956,0.6185015493880088,0.8838963284143304,21,0.9802137234589247,8.07,2,"[532.5, 608.25]"
random_walk,1788870572.570652,34.230712463,1.3383948330767907,0.903,0.0,0.48975388619448956,0.6185015493880088,1.0786270300585628,21,1.0676506283684062,67.25,2,"[532.5, 608.25]"
random_walk,1788870572.620591,34.280651432,1.3749273942671112,0.903,0.0,0.48975388619448956,0.6185015493880088,1.2727212408983135,21,1.1520195717021164,88.77,2,"[389.5, 653.1666870117188]"
random_walk,1788870572.670718,34.330778434,1.3939056974800244,0.903,0.0,0.48975388619448956,0.6185015493880088,1.4673506381276482,21,1.2256506495206272,107.6,2,"[389.5, 653.1666870117188]"
random_walk,1788870572.720673,34.380733687,1.394511892157963,0.903,0.0,0.48975388619448956,0.6185015493880088,1.6614693395467626,21,1.282407938672396,158.71,2,"[407.79998779296875, 570.4000244140625]"
random_walk,1788870572.7707152,34.430775659000005,1.3767335917865413,0.903,0.0,0.48975388619448956,0.6185015493880088,1.8560455935401663,21,1.3314953238847365,158.71,2,"[407.79998779296875, 570.4000244140625]"
random_walk,1788870572.820498,34.480558393,1.3414300498220053,0.903,0.0,0.48975388619448956,0.6185015493880088,2.0496855939030993,21,1.3575729972787924,199.06,2,"[386.6000061035156, 717.7999877929688]"
random_walk,1788870572.8704886,34.53054926,1.289682608505046,0.903,0.0,0.48975388619448956,0.6185015493880088,2.243969550383561,21,1.368310862793992,196.37,2,"[386.6000061035156, 717.7999877929688]"
random_walk,1788870572.9204843,34.580544717,1.2235187411893613,0.903,0.0,0.48975388619448956,0.6185015493880088,2.438275759015319,21,1.368310862793992,64.56,2,"[388.20001220703125, 711.4000244140625]"
random_walk,1788870572.970559,34.630619347,1.1453243674341098,0.903,0.0,0.48975388619448956,0.6185015493880088,2.632837436023131,21,1.3483691125514785,-5.38,2,"[388.20001220703125, 711.4000244140625]"
random_walk,1788870573.0205176,34.680577932000006,1.0583089811556128,0.903,0.0,0.48975388619448956,0.6185015493880088,2.8270108429144116,21,1.3100195928543377,-2.69,2,"[384.5, 701.75]"
random_walk,1788870573.0705829,34.730643502,0.9654205102868327,0.903,0.0,0.48975388619448956,0.6185015493880088,3.021549288458665,21,1.2563302652783401,-2.69,2,"[384.5, 701.75]"
random_walk,1788870573.1205025,34.780562944,0.8705556916581141,0.903,0.0,0.48975388619448956,0.6185015493880088,3.2156039032157437,21,1.1903690913992575,-29.59,2,"[359.6666564941406, 663.1666870117188]"
random_walk,1788870573.1705313,34.830591751,0.7768930385082738,0.903,0.0,0.48975388619448956,0.6185015493880088,3.409991581302542,21,1.102932186489776,-29.59,2,"[359.6666564941406, 663.1666870117188]"
random_walk,1788870573.2204757,34.880536345,0.6882259481634465,0.903,0.0,0.48975388619448956,0.6185015493880088,3.6041433383973143,21,1.0185632431560658,-26.9,2,"[488.0, 506.79998779296875]"
random_walk,1788870573.270626,34.930686555,0.6075702304599655,0.903,0.0,0.48975388619448956,0.6185015493880088,3.7988128097069946,21,0.9326603190344698,-126.42999999999999,2,"[488.0, 506.79998779296875]"
random_walk,1788870573.3205788,34.980639418,0.5383790607762697,0.903,0.0,0.48975388619448956,0.6185015493880088,3.992980838153052,21,0.8436894333371027,-37.66,2,"[552.4000244140625, 553.7999877929688]"
random_walk,1788870573.37072,35.030780315,0.48291062744689767,0.903,0.0,0.48975388619448956,0.6185015493880088,4.187647787344993,21,0.7424467013366504,-18.83,2,"[552.4000244140625, 553.7999877929688]"
random_walk,1788870573.4206202,35.080680684,0.44354643472448757,0.903,0.0,0.48975388619448956,0.6185015493880088,4.381731501666998,21,0.6596117387908257,-29.59,2,"[604.2000122070312, 492.79998779296875]"
random_walk,1788870573.4706128,35.130673423000005,0.42156556106359344,0.903,0.0,0.48975388619448956,0.6185015493880088,4.5759788505217,21,0.5905826033359719,-145.26,2,"[604.2000122070312, 492.79998779296875]"
random_walk,1788870573.5205307,35.180591374,0.41783058596841854,0.903,0.0,0.48975388619448956,0.6185015493880088,4.770072190861647,21,0.5276893910326605,-110.28999999999999,2,"[622.75, 435.5]"
random_walk,1788870573.5706255,35.2306861,0.4325156373902769,0.903,0.0,0.48975388619448956,0.6185015493880088,4.964643303465586,21,0.4740000634566631,-110.28999999999999,2,"[622.75, 435.5]"
random_walk,1788870573.6205184,35.280579082,0.4649655711262288,0.903,0.0,0.48975388619448956,0.6185015493880088,5.158586358231908,21,0.4479223900626072,-180.23,2,"[648.0, 373.0]"
random_walk,1788870573.6705136,35.330574111000004,0.5141218164988623,0.903,0.0,0.48975388619448956,0.6185015493880088,5.353009023415815,21,0.4325825821837508,-164.09,2,"[648.0, 373.0]"
random_walk,1788870573.7204823,35.380542935,0.5779930418570658,0.903,0.0,0.48975388619448956,0.6185015493880088,5.547209967635787,21,0.4325825821837508,-64.56,2,"[658.25, 353.0]"
random_walk,1788870573.7705967,35.430657269,0.6544075024145956,0.903,0.0,0.48975388619448956,0.6185015493880088,5.74184616175868,21,0.45099035163837853,2.69,2,"[658.25, 353.0]"
random_walk,1788870573.8205993,35.480659762,0.7401903793501846,0.903,0.0,0.48975388619448956,0.6185015493880088,5.936131175274632,21,0.48627190975974827,2.69,2,"[646.4000244140625, 372.3999938964844]"
random_walk,1788870573.8707302,35.530790612000004,0.8324208743450087,0.903,0.0,0.48975388619448956,0.6185015493880088,6.130787111089553,21,0.5384272565478601,2.69,2,"[646.4000244140625, 372.3999938964844]"
random_walk,1788870573.9206216,35.580682062,0.927145759396586,0.903,0.0,0.48975388619448956,0.6185015493880088,0.04161628240812831,22,0.6013204688511713,10.76,2,"[620.5999755859375, 457.6000061035156]"
random_walk,1788870573.9706378,35.630698048,1.0212773374324535,0.903,0.0,0.48975388619448956,0.6185015493880088,0.23599042111401047,22,0.6856894121848816,10.76,2,"[620.5999755859375, 457.6000061035156]"
random_walk,1788870574.0204735,35.680534059,1.1108639804367861,0.903,0.0,0.48975388619448956,0.6185015493880088,0.4298427146170951,22,0.765456413154935,59.18,2,"[582.7999877929688, 538.4000244140625]"
random_walk,1788870574.0705864,35.730647083,1.193077694420115,0.903,0.0,0.48975388619448956,0.6185015493880088,0.624381074665834,22,0.8574952604280734,5.38,2,"[582.7999877929688, 538.4000244140625]"
random_walk,1788870574.1205845,35.780645117,1.2644173379963797,0.903,0.0,0.48975388619448956,0.6185015493880088,0.8187017320399121,22,0.9526020692769832,5.38,2,"[530.7999877929688, 603.2000122070312]"
random_walk,1788870574.1706254,35.830685747000004,1.3223383753717657,0.903,0.0,0.48975388619448956,0.6185015493880088,1.0131917754632553,22,1.043106935762236,51.11,2,"[530.7999877929688, 603.2000122070312]"
random_walk,1788870574.2207966,35.880856942,1.3646425095464827,0.903,0.0,0.48975388619448956,0.6185015493880088,1.2079869523855251,22,1.1274758790959463,94.14999999999999,2,"[486.3999938964844, 645.5999755859375]"
random_walk,1788870574.271192,35.931252711,1.389665390310922,0.903,0.0,0.48975388619448956,0.6185015493880088,1.4032458608762255,22,1.2164467647933135,94.14999999999999,2,"[486.3999938964844, 645.5999755859375]"
random_walk,1788870574.320755,35.98081563,1.3963630286506818,0.903,0.0,0.48975388619448956,0.6185015493880088,1.5964194365619306,22,1.2716700731571966,104.91,2,"[410.79998779296875, 694.0]"
random_walk,1788870574.3706813,36.030741701000004,1.3847443885564927,0.903,0.0,0.48975388619448956,0.6185015493880088,1.7905630987857393,22,1.3176894967937658,150.64,2,"[410.79998779296875, 694.0]"
random_walk,1788870574.4204862,36.080546716,1.3552401052307437,0.903,0.0,0.48975388619448956,0.6185015493880088,1.9843332505281097,22,1.3483691125514785,199.06,2,"[381.3999938964844, 574.5999755859375]"
random_walk,1788870574.4705238,36.130584143,1.308763207002665,0.903,0.0,0.48975388619448956,0.6185015493880088,2.1787706831194527,22,1.363708920430335,199.06,2,"[381.3999938964844, 574.5999755859375]"
random_walk,1788870574.5206385,36.180699085,1.2470628037001672,0.903,0.0,0.48975388619448956,0.6185015493880088,2.373417097842733,22,1.3652429012182206,91.46,2,"[373.0, 726.0]"
random_walk,1788870574.5707102,36.230770729,1.1725539731671115,0.903,0.0,0.48975388619448956,0.6185015493880088,2.567957350451323,22,1.3575729972787924,-5.38,2,"[373.0, 726.0]"
random_walk,1788870574.6204824,36.280542898,1.0884323451612024,0.903,0.0,0.48975388619448956,0.6185015493880088,2.7615867221670527,22,1.3238254199453083,-5.38,2,"[382.20001220703125, 713.5999755859375]"
random_walk,1788870574.670509,36.330569558,0.9971515898791334,0.903,0.0,0.48975388619448956,0.6185015493880088,2.955983653200448,22,1.2747380347329678,-2.69,2,"[382.20001220703125, 713.5999755859375]"
random_walk,1788870574.7204556,36.380516059,0.9025913291379762,0.903,0.0,0.48975388619448956,0.6185015493880088,3.15012475055876,22,1.213378803217542,-16.14,2,"[405.75, 682.5]"
random_walk,1788870574.770503,36.430563633000006,0.8080278849883908,0.903,0.0,0.48975388619448956,0.6185015493880088,3.3445997623158092,22,1.1351457830353744,-16.14,2,"[405.75, 682.5]"
random_walk,1788870574.8204591,36.480519547,0.7173153594470683,0.903,0.0,0.48975388619448956,0.6185015493880088,3.53879089786831,22,1.055378782065321,-21.52,2,"[478.3333435058594, 642.0]"
random_walk,1788870574.8705802,36.530640597,0.6336410230444196,0.903,0.0,0.48975388619448956,0.6185015493880088,3.7331880504128065,22,0.9679418771558396,-78.01,2,"[478.3333435058594, 642.0]"
random_walk,1788870574.920456,36.580516503000005,0.5603375715882335,0.903,0.0,0.48975388619448956,0.6185015493880088,3.9273490604541763,22,0.8789709914584724,-96.84,2,"[538.25, 569.75]"
random_walk,1788870574.970612,36.630672464,0.49988497981238,0.903,0.0,0.48975388619448956,0.6185015493880088,4.122126625299998,22,0.7761942786701345,-5.38,2,"[538.25, 569.75]"
random_walk,1788870575.0204782,36.680538903000006,0.45497988489780034,0.903,0.0,0.48975388619448956,0.6185015493880088,4.316058557876843,22,0.6872233929727672,-13.45,2,"[601.7999877929688, 501.6000061035156]"
random_walk,1788870575.070555,36.730615489,0.42695677407779636,0.903,0.0,0.48975388619448956,0.6185015493880088,4.510564864879157,22,0.6105243535784852,-104.91,2,"[601.7999877929688, 501.6000061035156]"
random_walk,1788870575.1204536,36.780513855,0.41703092158752075,0.903,0.0,0.48975388619448956,0.6185015493880088,4.704588075578485,22,0.5460971604872883,-131.81,2,"[629.0, 441.0]"
random_walk,1788870575.1705422,36.830602764000005,0.42553285060021606,0.903,0.0,0.48975388619448956,0.6185015493880088,4.899154388774988,22,0.48933987133551954,-131.81,2,"[629.0, 441.0]"
random_walk,1788870575.2204533,36.880513777000004,0.4521000353301171,0.903,0.0,0.48975388619448956,0.6185015493880088,5.093198705208451,22,0.45712627478992107,-177.54,2,"[649.25, 374.25]"
random_walk,1788870575.270469,36.930529535000005,0.4958124960765105,0.903,0.0,0.48975388619448956,0.6185015493880088,5.28754020017162,22,0.440252486123179,-153.32999999999998,2,"[649.25, 374.25]"
random_walk,1788870575.3204536,36.980514128,0.5549761388785088,0.903,0.0,0.48975388619448956,0.6185015493880088,5.4818191240750735,22,0.4387185053352934,-69.94,2,"[654.5, 359.6666564941406]"
random_walk,1788870575.3705297,37.030590201,0.6274670690568849,0.903,0.0,0.48975388619448956,0.6185015493880088,5.6763237405978515,22,0.4479223900626072,2.69,2,"[654.5, 359.6666564941406]"
random_walk,1788870575.4204602,37.0805206,0.7103248884038795,0.903,0.0,0.48975388619448956,0.6185015493880088,5.870457395960059,22,0.47553404424454876,2.69,2,"[645.25, 370.0]"
random_walk,1788870575.470524,37.130584384,0.8007417018281834,0.903,0.0,0.48975388619448956,0.6185015493880088,6.064964643413063,22,0.521553467881118,2.69,2,"[645.25, 370.0]"
random_walk,1788870575.5204666,37.180526914000005,0.8949740972449295,0.903,0.0,0.48975388619448956,0.6185015493880088,6.259097801346812,22,0.581378718608658,2.69,2,"[524.5, 429.5]"
random_walk,1788870575.5705128,37.230573276,0.9898018278660979,0.903,0.0,0.48975388619448956,0.6185015493880088,0.17036092070477338,23,0.6580777580029401,2.69,2,"[524.5, 429.5]"
random_walk,1788870575.620443,37.280503453,1.0813395373416572,0.903,0.0,0.48975388619448956,0.6185015493880088,0.3644586834946253,23,0.7363107781851077,56.49,2,"[590.7999877929688, 421.6000061035156]"
random_walk,1788870575.6704557,37.330516272000004,1.1664330707761157,0.903,0.0,0.48975388619448956,0.6185015493880088,0.5588259670145348,23,0.8222137023067037,13.45,2,"[590.7999877929688, 421.6000061035156]"
random_walk,1788870575.7204454,37.380505745,1.2417127310607934,0.903,0.0,0.48975388619448956,0.6185015493880088,0.753095303761647,23,0.9219224535192704,2.69,2,"[536.7999877929688, 596.0]"
random_walk,1788870575.7705114,37.430571836000006,1.304452350379112,0.903,0.0,0.48975388619448956,0.6185015493880088,0.9475786668762041,23,1.012427320004523,18.83,2,"[536.7999877929688, 596.0]"
random_walk,1788870575.8204522,37.480512589,1.35212882470779,0.903,0.0,0.48975388619448956,0.6185015493880088,1.1417250027779957,23,1.0983302441261191,86.08,2,"[499.20001220703125, 628.0]"
random_walk,1788870575.8704896,37.530550292,1.3831018010935798,0.903,0.0,0.48975388619448956,0.6185015493880088,1.336140474680029,23,1.1780972450961724,75.32,2,"[499.20001220703125, 628.0]"
random_walk,1788870575.920457,37.580517175000004,1.3961232648476176,0.903,0.0,0.48975388619448956,0.6185015493880088,1.5303506796189126,23,1.2455923997631406,121.05,2,"[428.25, 681.5]"
random_walk,1788870575.9706583,37.630718866,1.3907045483342282,0.903,0.0,0.48975388619448956,0.6185015493880088,1.7251049857980476,23,1.3023496889149093,121.05,2,"[428.25, 681.5]"
random_walk,1788870576.0204442,37.680504627000005,1.3671457990703253,0.903,0.0,0.48975388619448956,0.6185015493880088,1.9189190161712801,23,1.3406992086120504,185.60999999999999,2,"[387.0, 711.6666870117188]"
random_walk,1788870576.0706117,37.730672332000005,1.3260985047381249,0.903,0.0,0.48975388619448956,0.6185015493880088,2.113718362943068,23,1.363708920430335,201.75,2,"[387.0, 711.6666870117188]"
random_walk,1788870576.1204696,37.780530172,1.2694830594114332,0.903,0.0,0.48975388619448956,0.6185015493880088,2.3076254746169624,23,1.368310862793992,131.81,2,"[377.0, 722.25]"
random_walk,1788870576.1705174,37.830577828,1.1990494153574907,0.903,0.0,0.48975388619448956,0.6185015493880088,2.502099849043809,23,1.3652429012182206,-2.69,2,"[377.0, 722.25]"
random_walk,1788870576.2204752,37.880535618,1.1177383545827466,0.903,0.0,0.48975388619448956,0.6185015493880088,2.696253238325731,23,1.3360972662483934,-5.38,2,"[376.0, 713.4000244140625]"
random_walk,1788870576.2704864,37.930546985,1.0283982865684282,0.903,0.0,0.48975388619448956,0.6185015493880088,2.890620346968454,23,1.2916118233997098,-2.69,2,"[376.0, 713.4000244140625]"
random_walk,1788870576.3204608,37.980521366000005,0.9345363029698338,0.903,0.0,0.48975388619448956,0.6185015493880088,3.0848676453030848,23,1.2348545342479411,-2.69,2,"[401.0, 684.2000122070312]"
random_walk,1788870576.370506,38.030566702,0.8395529027787687,0.903,0.0,0.48975388619448956,0.6185015493880088,3.2792737165844343,23,1.158155494853659,-2.69,2,"[401.0, 684.2000122070312]"
random_walk,1788870576.4204721,38.080532552,0.7471964710627408,0.903,0.0,0.48975388619448956,0.6185015493880088,3.4734755196457385,23,1.081456455459377,-21.52,2,"[461.75, 648.0]"
random_walk,1788870576.4705207,38.130581198,0.6607183983403758,0.903,0.0,0.48975388619448956,0.6185015493880088,3.667962939911199,23,0.9940195505498954,-48.42,2,"[461.75, 648.0]"
random_walk,1788870576.5204806,38.180541114,0.5836388923348393,0.903,0.0,0.48975388619448956,0.6185015493880088,3.8621218591985595,23,0.9050486648525283,-126.42999999999999,2,"[528.1666870117188, 584.1666870117188]"
random_walk,1788870576.570485,38.23054571,0.518654380632009,0.903,0.0,0.48975388619448956,0.6185015493880088,4.056441716023691,23,0.8099418560036186,-2.69,2,"[528.1666870117188, 584.1666870117188]"
random_walk,1788870576.6204758,38.280536218,0.4682859606885541,0.903,0.0,0.48975388619448956,0.6185015493880088,4.250730277603587,23,0.7148350471547088,-26.9,2,"[592.25, 522.5]"
random_walk,1788870576.6704974,38.330557813000006,0.4344074853536015,0.903,0.0,0.48975388619448956,0.6185015493880088,4.445095870643989,23,0.6350680461846554,-78.01,2,"[592.25, 522.5]"
random_walk,1788870576.7204776,38.380538065,0.41832313849552605,0.903,0.0,0.48975388619448956,0.6185015493880088,4.639312068041356,23,0.5675728915176872,-129.12,2,"[522.5, 455.0]"
random_walk,1788870576.770492,38.430552619000004,0.420615811512995,0.903,0.0,0.48975388619448956,0.6185015493880088,4.833708618231093,23,0.5031456984264903,-129.12,2,"[522.5, 455.0]"
random_walk,1788870576.820439,38.480499724000005,0.4411836536983909,0.903,0.0,0.48975388619448956,0.6185015493880088,5.02784978554029,23,0.4663301595172349,-188.29999999999998,2,"[649.4000244140625, 371.0]"
random_walk,1788870576.8705025,38.530562887,0.4793212001446407,0.903,0.0,0.48975388619448956,0.6185015493880088,5.222310795463407,23,0.44485442848683593,-172.16,2,"[649.4000244140625, 371.0]"
random_walk,1788870576.9204452,38.580505864,0.5334800610831842,0.903,0.0,0.48975388619448956,0.6185015493880088,5.416482232071637,23,0.4341165629716365,-137.19,2,"[657.75, 352.25]"
random_walk,1788870576.970606,38.630666783,0.6018868775269615,0.903,0.0,0.48975388619448956,0.6185015493880088,5.611222936691313,23,0.4356505437595221,2.69,2,"[657.75, 352.25]"
random_walk,1788870577.0205486,38.680609073,0.6815027626892398,0.903,0.0,0.48975388619448956,0.6185015493880088,5.8052352816877075,23,0.46019423636569234,2.69,2,"[648.5, 360.6666564941406]"
random_walk,1788870577.0706036,38.730664229000006,0.769853287637299,0.903,0.0,0.48975388619448956,0.6185015493880088,5.9998473272132955,23,0.5031456984264903,2.69,2,"[648.5, 360.6666564941406]"
random_walk,1788870577.1204803,38.780540861000006,0.8630554928978086,0.903,0.0,0.48975388619448956,0.6185015493880088,6.193808440964425,23,0.5614369683661447,2.69,2,"[634.0, 413.75]"
random_walk,1788870577.1706295,38.830690009,0.9582517599502909,0.903,0.0,0.48975388619448956,0.6185015493880088,0.10531236233117625,24,0.6320000846088841,2.69,2,"[634.0, 413.75]"
random_walk,1788870577.2204504,38.880511024,1.0510972604508075,0.903,0.0,0.48975388619448956,0.6185015493880088,0.29913490339447435,24,0.7086991240031663,40.35,2,"[499.0, 501.1666564941406]"
random_walk,1788870577.2704997,38.930560164,1.138817451772177,0.903,0.0,0.48975388619448956,0.6185015493880088,0.49360586965912034,24,0.7915340865489908,37.66,2,"[499.0, 501.1666564941406]"
random_walk,1788870577.3204682,38.980528573,1.2176950784843141,0.903,0.0,0.48975388619448956,0.6185015493880088,0.6878273600061959,24,0.8881748761857863,2.69,2,"[549.4000244140625, 464.3999938964844]"
random_walk,1788870577.3704963,39.030556891,1.284931458435218,0.903,0.0,0.48975388619448956,0.6185015493880088,0.8822115716384076,24,0.9817477042468103,2.69,2,"[549.4000244140625, 464.3999938964844]"
random_walk,1788870577.4204855,39.080546024,1.337899221630587,0.903,0.0,0.48975388619448956,0.6185015493880088,1.0764897493991725,24,1.0676506283684062,61.87,2,"[495.3999938964844, 637.2000122070312]"
random_walk,1788870577.4705808,39.130641412,1.3746880863757345,0.903,0.0,0.48975388619448956,0.6185015493880088,1.2710619112662584,24,1.1489516101263453,96.84,2,"[495.3999938964844, 637.2000122070312]"
random_walk,1788870577.5205247,39.180585256,1.3937966314580679,0.903,0.0,0.48975388619448956,0.6185015493880088,1.465215961195355,24,1.2241166687327416,96.84,2,"[437.79998779296875, 680.5999755859375]"
random_walk,1788870577.570637,39.230697400000004,1.3945868097439713,0.903,0.0,0.48975388619448956,0.6185015493880088,1.6597639822374788,24,1.2854759002481673,96.84,2,"[437.79998779296875, 680.5999755859375]"
random_walk,1788870577.6204462,39.280506809,1.3770680689435422,0.903,0.0,0.48975388619448956,0.6185015493880088,1.8536084645592723,24,1.3284273623089653,177.54,2,"[405.5, 697.75]"
random_walk,1788870577.6706202,39.330680759,1.3417188499789872,0.903,0.0,0.48975388619448956,0.6185015493880088,2.048404298242559,24,1.3575729972787924,193.68,2,"[405.5, 697.75]"
random_walk,1788870577.7204752,39.380535639,1.2901837550961581,0.903,0.0,0.48975388619448956,0.6185015493880088,2.242326620346091,24,1.3667768820061064,190.99,2,"[383.1666564941406, 713.0]"
random_walk,1788870577.7704682,39.430528596,1.2241345753995576,0.903,0.0,0.48975388619448956,0.6185015493880088,2.436625942702591,24,1.3667768820061064,40.35,2,"[383.1666564941406, 713.0]"
random_walk,1788870577.82047,39.480530591000004,1.14614232827808,0.903,0.0,0.48975388619448956,0.6185015493880088,2.630924072008014,24,1.3483691125514785,-5.38,2,"[371.5, 718.0]"
random_walk,1788870577.8706632,39.530723752,1.0588950267894863,0.903,0.0,0.48975388619448956,0.6185015493880088,2.825752219110427,24,1.3115535736422232,-2.69,2,"[371.5, 718.0]"
random_walk,1788870577.9204683,39.580528823,0.9664099238375837,0.903,0.0,0.48975388619448956,0.6185015493880088,3.019514167169376,24,1.2563302652783401,-2.69,2,"[390.0, 690.5999755859375]"
random_walk,1788870577.9705498,39.630610381000004,0.8713177754145833,0.903,0.0,0.48975388619448956,0.6185015493880088,3.214043666773648,24,1.1826991874598294,-2.69,2,"[390.0, 690.5999755859375]"
random_walk,1788870578.0204427,39.680503238,0.7778052854228112,0.903,0.0,0.48975388619448956,0.6185015493880088,3.4080602632289185,24,1.1075341288534328,-24.21,2,"[452.0, 659.5999755859375]"
random_walk,1788870578.070521,39.730581666,0.6889199779081491,0.903,0.0,0.48975388619448956,0.6185015493880088,3.602560465074106,24,1.0246991663076084,-21.52,2,"[452.0, 659.5999755859375]"
random_walk,1788870578.1204703,39.78053081,0.6083688217727304,0.903,0.0,0.48975388619448956,0.6185015493880088,3.796754810594649,24,0.9357282806102412,-118.36,2,"[509.25, 607.75]"
random_walk,1788870578.170591,39.830651671000005,0.5388910414373203,0.903,0.0,0.48975388619448956,0.6185015493880088,3.991395808011106,24,0.8467573949128739,-34.97,2,"[509.25, 607.75]"
random_walk,1788870578.220491,39.880551322,0.483465749743542,0.903,0.0,0.48975388619448956,0.6185015493880088,4.185389720951349,24,0.7439806821245359,-8.07,2,"[583.3333129882812, 532.0]"
random_walk,1788870578.2705462,39.930606664,0.44384198526610463,0.903,0.0,0.48975388619448956,0.6185015493880088,4.379877766888541,24,0.6611457195787114,-40.35,2,"[583.3333129882812, 532.0]"
random_walk,1788870578.320492,39.980552622000005,0.42169704797085855,0.903,0.0,0.48975388619448956,0.6185015493880088,4.57401858055718,24,0.5890486225480862,-137.19,2,"[617.0, 478.0]"
random_walk,1788870578.3706062,40.030666672,0.41779509215057326,0.903,0.0,0.48975388619448956,0.6185015493880088,4.768801111915309,24,0.5230874486690036,-137.19,2,"[617.0, 478.0]"
random_walk,1788870578.4204414,40.080502062,0.4322600308966071,0.903,0.0,0.48975388619448956,0.6185015493880088,4.962543668036602,24,0.47553404424454876,-166.78,2,"[555.0, 393.6666564941406]"
random_walk,1788870578.470493,40.130553633000005,0.4646247482037992,0.903,0.0,0.48975388619448956,0.6185015493880088,5.1569710121569585,24,0.45099035163837853,-188.29999999999998,2,"[555.0, 393.6666564941406]"
random_walk,1788870578.5204666,40.180527151,0.5135959882505028,0.903,0.0,0.48975388619448956,0.6185015493880088,5.351210514854927,24,0.4341165629716365,-174.85,2,"[665.5999755859375, 284.20001220703125]"
random_walk,1788870578.5706115,40.230672170000005,0.5775605756031363,0.903,0.0,0.48975388619448956,0.6185015493880088,5.546017937066864,24,0.4325825821837508,-53.8,2,"[665.5999755859375, 284.20001220703125]"
random_walk,1788870578.6204805,40.280541146000004,0.6535799751081932,0.903,0.0,0.48975388619448956,0.6185015493880088,5.739873413334863,24,0.45099035163837853,2.69,2,"[648.4000244140625, 356.6000061035156]"
random_walk,1788870578.6706636,40.330723936000005,0.7395149403441295,0.903,0.0,0.48975388619448956,0.6185015493880088,5.9346642066688275,24,0.48627190975974827,2.69,2,"[648.4000244140625, 356.6000061035156]"
random_walk,1788870578.7206314,40.380691959,0.8314988058296677,0.903,0.0,0.48975388619448956,0.6185015493880088,6.128882036253344,24,0.5384272565478601,2.69,2,"[632.5999755859375, 406.6000061035156]"
random_walk,1788870578.770508,40.430568603000005,0.9262043332123419,0.903,0.0,0.48975388619448956,0.6185015493880088,0.03969244907833769,25,0.607456392002714,2.69,2,"[632.5999755859375, 406.6000061035156]"
random_walk,1788870578.8204434,40.480504076,1.0202373612693585,0.903,0.0,0.48975388619448956,0.6185015493880088,0.23380699230640545,25,0.679553489033339,18.83,2,"[609.5, 485.75]"
random_walk,1788870578.870444,40.530504503,1.110098115518235,0.903,0.0,0.48975388619448956,0.6185015493880088,0.4281231261904068,25,0.760854470791278,48.42,2,"[609.5, 485.75]"
random_walk,1788870578.9206467,40.580707261,1.1925230743352941,0.903,0.0,0.48975388619448956,0.6185015493880088,0.6229859767002566,25,0.8559612796401878,2.69,2,"[561.8333129882812, 569.0]"
random_walk,1788870578.9705732,40.630633720000006,1.2638989827451579,0.903,0.0,0.48975388619448956,0.6185015493880088,0.8171537642043987,25,0.9526020692769832,2.69,2,"[561.8333129882812, 569.0]"
random_walk,1788870579.0204697,40.680530071,1.3218021344738033,0.903,0.0,0.48975388619448956,0.6185015493880088,1.0111260118035048,25,1.043106935762236,32.28,2,"[514.25, 623.0]"
random_walk,1788870579.0706532,40.730713736000006,1.3642807612947334,0.903,0.0,0.48975388619448956,0.6185015493880088,1.2059113956029606,25,1.1244079175201749,91.46,2,"[514.25, 623.0]"
random_walk,1788870579.1204703,40.780530827,1.3893757768033157,0.903,0.0,0.48975388619448956,0.6185015493880088,1.3997363421991977,25,1.201106956914457,96.84,2,"[446.79998779296875, 676.7999877929688]"
random_walk,1788870579.170612,40.83067247,1.3963877504203968,0.903,0.0,0.48975388619448956,0.6185015493880088,1.5943670218612809,25,1.2686021115814252,96.84,2,"[446.79998779296875, 676.7999877929688]"
random_walk,1788870579.220449,40.880509399000005,1.3849896623670968,0.903,0.0,0.48975388619448956,0.6185015493880088,1.788253886642373,25,1.3146215352179944,174.85,2,"[398.79998779296875, 698.7999877929688]"
random_walk,1788870579.2706518,40.930712308000004,1.3554799814026361,0.903,0.0,0.48975388619448956,0.6185015493880088,1.983112718862948,25,1.346835131763593,201.75,2,"[398.79998779296875, 698.7999877929688]"
random_walk,1788870579.3204744,40.980535089,1.3092646359856557,0.903,0.0,0.48975388619448956,0.6185015493880088,2.176975951906009,25,1.363708920430335,199.06,2,"[383.25, 712.25]"
random_walk,1788870579.3705537,41.030614253,1.2477370568674597,0.903,0.0,0.48975388619448956,0.6185015493880088,2.371501032946533,25,1.3652429012182206,72.63,2,"[383.25, 712.25]"
random_walk,1788870579.420475,41.080535409,1.1735213222446936,0.903,0.0,0.48975388619448956,0.6185015493880088,2.5656039759874503,25,1.354505035703021,-8.07,2,"[374.6666564941406, 713.6666870117188]"
random_walk,1788870579.47058,41.130640660000005,1.089073137641805,0.903,0.0,0.48975388619448956,0.6185015493880088,2.7601774202872846,25,1.320757458369537,-2.69,2,"[374.6666564941406, 713.6666870117188]"
random_walk,1788870579.5204654,41.180525858,0.9980207160729289,0.903,0.0,0.48975388619448956,0.6185015493880088,2.9541777143020127,25,1.2732040539450822,-2.69,2,"[385.0, 698.25]"
random_walk,1788870579.570578,41.230638512000006,0.9032408720881948,0.903,0.0,0.48975388619448956,0.6185015493880088,3.148798445394881,25,1.2087768608538851,-2.69,2,"[385.0, 698.25]"
random_walk,1788870579.6204555,41.280515958,0.8089160275767734,0.903,0.0,0.48975388619448956,0.6185015493880088,3.342748646809163,25,1.1382137446111458,-32.28,2,"[365.8333435058594, 663.5]"
random_walk,1788870579.6704805,41.330540871000004,0.7180699266113849,0.903,0.0,0.48975388619448956,0.6185015493880088,3.537120702533379,25,1.0569127628532067,-18.83,2,"[365.8333435058594, 663.5]"
random_walk,1788870579.7204869,41.380547301,0.6343313528925597,0.903,0.0,0.48975388619448956,0.6185015493880088,3.731490877356215,25,0.9679418771558396,-86.08,2,"[513.2000122070312, 497.3999938964844]"
random_walk,1788870579.7706234,41.430683753000004,0.5607477239694763,0.903,0.0,0.48975388619448956,0.6185015493880088,3.92616498096843,25,0.8789709914584724,-104.91,2,"[513.2000122070312, 497.3999938964844]"
random_walk,1788870579.820483,41.480543318,0.5004427770431047,0.903,0.0,0.48975388619448956,0.6185015493880088,4.120083428570588,25,0.7746602978822488,-2.69,2,"[576.5, 534.25]"
random_walk,1788870579.8705153,41.530575756000005,0.45527777688000687,0.903,0.0,0.48975388619448956,0.6185015493880088,4.314485885723293,25,0.6872233929727672,-16.14,2,"[576.5, 534.25]"
random_walk,1788870579.9204936,41.580554156000005,0.42713844946233487,0.903,0.0,0.48975388619448956,0.6185015493880088,4.508722621475449,25,0.6120583343663708,-104.91,2,"[617.5, 487.6666564941406]"
random_walk,1788870579.9705074,41.630567899000006,0.417037220500419,0.903,0.0,0.48975388619448956,0.6185015493880088,4.703084293380563,25,0.5445631796994026,-104.91,2,"[617.5, 487.6666564941406]"
random_walk,1788870580.0204465,41.680507023000004,0.4253572493747295,0.903,0.0,0.48975388619448956,0.6185015493880088,4.897213425252694,25,0.48933987133551954,-139.88,2,"[651.25, 404.5]"
random_walk,1788870580.070477,41.7305373,0.45180978916248976,0.903,0.0,0.48975388619448956,0.6185015493880088,5.091601002299349,25,0.45712627478992107,-174.85,2,"[651.25, 404.5]"
random_walk,1788870580.120466,41.78052662,0.49537572163936705,0.903,0.0,0.48975388619448956,0.6185015493880088,5.285898622517841,25,0.440252486123179,-164.09,2,"[656.3333129882812, 365.0]"
random_walk,1788870580.1737897,41.833850225,0.5587247201169806,0.903,0.0,0.48975388619448956,0.6185015493880088,5.492759031675611,25,0.4387185053352934,-83.39,2,"[656.3333129882812, 365.0]"
random_walk,1788870580.2208693,41.880929633,0.6271930643448349,0.903,0.0,0.48975388619448956,0.6185015493880088,5.675642491334806,25,0.44945637085049284,2.69,2,"[654.25, 355.25]"
random_walk,1788870580.2706633,41.930723778,0.7098172126160477,0.903,0.0,0.48975388619448956,0.6185015493880088,5.8693254998287685,25,0.4816699673960913,2.69,2,"[654.25, 355.25]"
random_walk,1788870580.3233705,41.983430897000005,0.8051542812075575,0.903,0.0,0.48975388619448956,0.6185015493880088,6.074184004261134,25,0.526155410244775,2.69,2,"[643.4000244140625, 390.20001220703125]"
random_walk,1788870580.3706534,42.030713669,0.8943904811257556,0.903,0.0,0.48975388619448956,0.6185015493880088,6.2579057863226595,25,0.581378718608658,2.69,2,"[643.4000244140625, 390.20001220703125]"
random_walk,1788870580.420488,42.080548476000004,0.9889230176087069,0.903,0.0,0.48975388619448956,0.6185015493880088,0.16854045534087447,26,0.6473398924877406,2.69,2,"[603.5999755859375, 478.0]"
random_walk,1788870580.470569,42.130629321,1.0806821103776891,0.903,0.0,0.48975388619448956,0.6185015493880088,0.3630223456008679,26,0.7286408742456796,48.42,2,"[603.5999755859375, 478.0]"
random_walk,1788870580.5206087,42.180669168,1.1659398236288023,0.903,0.0,0.48975388619448956,0.6185015493880088,0.5576385804067883,26,0.8191457407309324,13.45,2,"[568.75, 556.75]"
random_walk,1788870580.5705607,42.230621018,1.2412144839253216,0.903,0.0,0.48975388619448956,0.6185015493880088,0.7517017835771043,26,0.9203884727313847,2.69,2,"[568.75, 556.75]"
random_walk,1788870580.6205463,42.280606846000005,1.3039917704218176,0.903,0.0,0.48975388619448956,0.6185015493880088,0.9459691772442937,26,1.0139613007924089,8.07,2,"[529.6666870117188, 606.8333129882812]"
random_walk,1788870580.6706676,42.330728238000006,1.3519057451319727,0.903,0.0,0.48975388619448956,0.6185015493880088,1.1406314436136,26,1.0998642249140047,99.53,2,"[529.6666870117188, 606.8333129882812]"
random_walk,1788870580.720694,42.380754595000006,1.382952648041202,0.903,0.0,0.48975388619448956,0.6185015493880088,1.334834210442537,26,1.1780972450961724,86.08,2,"[478.25, 654.25]"
random_walk,1788870580.7705934,42.43065382,1.3960967791728325,0.903,0.0,0.48975388619448956,0.6185015493880088,1.5290346222586066,26,1.248660361338912,86.08,2,"[478.25, 654.25]"
random_walk,1788870580.8205173,42.480577713,1.3908632065160063,0.903,0.0,0.48975388619448956,0.6185015493880088,1.7229827562358508,26,1.2977477465512524,180.23,2,"[403.3999938964844, 704.4000244140625]"
random_walk,1788870580.870514,42.530574582,1.3673946341712284,0.903,0.0,0.48975388619448956,0.6185015493880088,1.9174265543570215,26,1.3391652278241648,174.85,2,"[403.3999938964844, 704.4000244140625]"
random_walk,1788870580.9205198,42.580580362,1.32659216997365,0.903,0.0,0.48975388619448956,0.6185015493880088,2.1117641553880304,26,1.3621749396424494,196.37,2,"[386.20001220703125, 719.7999877929688]"
random_walk,1788870580.9706674,42.630727788,1.269838999842702,0.903,0.0,0.48975388619448956,0.6185015493880088,2.3065432280638873,26,1.368310862793992,150.64,2,"[386.20001220703125, 719.7999877929688]"
random_walk,1788870581.0204723,42.680532777,1.1997668739472205,0.903,0.0,0.48975388619448956,0.6185015493880088,2.5002729093376246,26,1.3652429012182206,-5.38,2,"[373.0, 721.25]"
random_walk,1788870581.070623,42.730683336000006,1.1182945408876184,0.903,0.0,0.48975388619448956,0.6185015493880088,2.694994478506217,26,1.3360972662483934,-5.38,2,"[373.0, 721.25]"
random_walk,1788870581.1205668,42.780627298000006,1.0291276273447165,0.903,0.0,0.48975388619448956,0.6185015493880088,2.889082681342856,26,1.2916118233997098,-2.69,2,"[383.0, 696.8333129882812]"
random_walk,1788870581.1705656,42.83062606,0.9352391438095735,0.903,0.0,0.48975388619448956,0.6185015493880088,3.083430184309165,26,1.2302525918842842,-2.69,2,"[383.0, 696.8333129882812]"
random_walk,1788870581.2204497,42.88051011,0.840451038732948,0.903,0.0,0.48975388619448956,0.6185015493880088,3.277422581647059,26,1.162757437217316,-29.59,2,"[415.5, 673.5]"
random_walk,1788870581.2704854,42.930545852,0.7479613862812036,0.903,0.0,0.48975388619448956,0.6185015493880088,3.4718240050812454,26,1.0845244170351482,-21.52,2,"[415.5, 673.5]"
random_walk,1788870581.3204606,42.980521211,0.661508797901771,0.903,0.0,0.48975388619448956,0.6185015493880088,3.6660974184100468,26,0.9955535313377811,-45.73,2,"[431.0, 613.3333129882812]"
random_walk,1788870581.3706114,43.030671875,0.5841335465799495,0.903,0.0,0.48975388619448956,0.6185015493880088,3.8607785870608637,26,0.9065826456404139,-145.26,2,"[431.0, 613.3333129882812]"
random_walk,1788870581.4204729,43.080533422,0.5191712021409671,0.903,0.0,0.48975388619448956,0.6185015493880088,4.054713453688393,26,0.8114758367915041,-2.69,2,"[569.2000122070312, 440.0]"
random_walk,1788870581.470634,43.130694542,0.46855368179385976,0.903,0.0,0.48975388619448956,0.6185015493880088,4.2495045695736025,26,0.7133010663668231,-18.83,2,"[569.2000122070312, 440.0]"
random_walk,1788870581.520653,43.180713445,0.4345723660911405,0.903,0.0,0.48975388619448956,0.6185015493880088,4.443824181570662,26,0.6335340653967698,-61.87,2,"[612.5999755859375, 486.79998779296875]"
random_walk,1788870581.5706844,43.230744898000005,0.41836478364235485,0.903,0.0,0.48975388619448956,0.6185015493880088,4.638156544058191,26,0.5645049299419159,-61.87,2,"[612.5999755859375, 486.79998779296875]"
random_walk,1788870581.6204593,43.280519748,0.4205084052936717,0.903,0.0,0.48975388619448956,0.6185015493880088,4.831882828828199,26,0.5062136600022615,-123.74,2,"[642.4000244140625, 418.20001220703125]"
random_walk,1788870581.6705313,43.330591573,0.44096867623362357,0.903,0.0,0.48975388619448956,0.6185015493880088,5.02643189913347,26,0.4678641403051206,-177.54,2,"[642.4000244140625, 418.20001220703125]"
random_walk,1788870581.7205362,43.380596645000004,0.4789361618504502,0.903,0.0,0.48975388619448956,0.6185015493880088,5.2206977888568105,26,0.44485442848683593,-166.78,2,"[664.0, 364.75]"
random_walk,1788870581.770738,43.430798333000006,0.5331650365514413,0.903,0.0,0.48975388619448956,0.6185015493880088,5.415488003152959,26,0.4341165629716365,-131.81,2,"[664.0, 364.75]"
random_walk,1788870581.820549,43.480609408,0.601171181183852,0.903,0.0,0.48975388619448956,0.6185015493880088,5.609354263514533,26,0.4356505437595221,-37.66,2,"[666.6666870117188, 360.0]"
random_walk,1788870581.8706605,43.53072087,0.6809556348930897,0.903,0.0,0.48975388619448956,0.6185015493880088,5.803976735607009,26,0.46019423636569234,2.69,2,"[666.6666870117188, 360.0]"
random_walk,1788870581.920508,43.580568508000006,0.7689268991650174,0.903,0.0,0.48975388619448956,0.6185015493880088,5.997876669543658,26,0.5031456984264903,2.69,2,"[645.25, 374.75]"
random_walk,1788870581.970574,43.630634341000004,0.8698635963793924,0.903,0.0,0.47292185078369814,0.6339387240335983,6.197211671624942,26,0.5629709491540303,2.69,2,"[645.25, 374.75]"
random_walk,1788870582.0205128,43.680573386000006,0.967243489925965,0.903,0.0,0.4586146206845254,0.6470603224823493,0.11719432832821752,27,0.6289321230331129,16.14,2,"[614.7999877929688, 462.0]"
random_walk,1788870582.0705194,43.730579907,1.0584024987940677,0.903,0.0,0.4464534751002286,0.6582136811637876,0.32394027691591276,27,0.705631162427395,26.9,2,"[614.7999877929688, 462.0]"
random_walk,1788870582.1204975,43.780558077,1.1404050219456774,0.903,0.0,0.43611650135357627,0.6676940360430103,0.5336325722664341,27,0.7946020481247621,43.04,2,"[568.4000244140625, 553.4000244140625]"
random_walk,1788870582.1705313,43.830591725000005,1.2105372389054891,0.903,0.0,0.42733007366892184,0.6757523376903495,0.7460148336481822,27,0.8943107993373288,2.69,2,"[568.4000244140625, 553.4000244140625]"
random_walk,1788870582.2205112,43.880571523,1.2661867558232425,0.903,0.0,0.41986161013696555,0.6826018940905878,0.9603988557755017,27,0.9894176081862386,2.69,2,"[524.25, 611.5]"
random_walk,1788870582.2706046,43.930665074000004,1.305391817315851,0.903,0.0,0.4135134161348027,0.6884240170307904,1.1769311835589846,27,1.0737865515199487,51.11,2,"[524.25, 611.5]"
random_walk,1788870582.320524,43.980584478000004,1.3265216970792182,0.903,0.0,0.4081174512329643,0.6933728215299626,1.3945437172558783,27,1.1489516101263453,99.53,2,"[479.3333435058594, 650.8333129882812]"
random_walk,1788870582.3705964,44.030656924000006,1.3288914356603292,0.903,0.0,0.4035308810664016,0.6975793053542589,1.61392580532128,27,1.217980745581199,99.53,2,"[479.3333435058594, 650.8333129882812]"
random_walk,1788870582.420464,44.080524342000004,1.3124816087777775,0.903,0.0,0.39963229642482334,0.7011548166049109,1.8338198455375547,27,1.260932207641997,158.71,2,"[417.25, 695.25]"
random_walk,1788870582.470496,44.130556305000006,1.2780536941064555,0.903,0.0,0.39631849947948183,0.7041940011679649,2.055155264853248,27,1.2900778426118242,131.81,2,"[417.25, 695.25]"
random_walk,1788870582.520516,44.180576416,1.227266378526058,0.903,0.0,0.39350177207594156,0.7067773080465609,2.277249833952162,27,1.3054176504906807,158.71,2,"[330.6666564941406, 707.8333129882812]"
random_walk,1788870582.5706348,44.230695335,1.1624215764962995,0.903,0.0,0.3911075537829323,0.7089731188933676,2.5003634223769993,27,1.3054176504906807,51.11,2,"[330.6666564941406, 707.8333129882812]"
