t_ros_sec,t_rel_sec,tail_target_rad,tail_bias_rad,tail_bias_offset_rad,tail_amp_rad,tail_freq_hz,phase_rad,cycle_idx,present_position_rad,present_current_ma,sensor_len,sensor_values
1779196418.4715326,0.04816133,0.947947725665041,0.903,0.0,0.3006941109681333,0.5,0.1500422420823701,0,0.9771457618831534,-16.14,2,"[500.0, 620.2000122070312]"
1779196418.5215278,0.098156567,0.994259226423524,0.903,0.0,0.3014229372009333,0.5,0.30758869658062726,0,0.8605632220038447,-2.69,2,"[500.0, 620.2000122070312]"
1779196418.5710993,0.147727918,1.0380651452190595,0.903,0.0,0.30214389404066666,0.5,0.4634340666215599,0,0.8651651643675016,8.07,2,"[548.5999755859375, 580.5999755859375]"
1779196418.6212914,0.197920165,1.0792022305841702,0.903,0.0,0.30287236574733334,0.5,0.6209038851086254,0,0.8973787609131001,8.07,2,"[548.5999755859375, 580.5999755859375]"
1779196418.671429,0.24805786100000002,1.1161437932106648,0.903,0.0,0.30360039189106663,0.5,0.7782773886481171,0,0.940330222973898,10.76,2,"[533.5999755859375, 572.7999877929688]"
1779196418.7213414,0.297970082,1.1478983266233498,0.903,0.0,0.30432636985213335,0.5,0.9352081475349385,0,0.9894176081862386,29.59,2,"[533.5999755859375, 572.7999877929688]"
1779196418.7714727,0.348101519,1.1738224042545564,0.903,0.0,0.3050540643452,0.5,1.0925099599300754,0,1.0354370318228079,78.01,2,"[492.6000061035156, 608.7999877929688]"
1779196418.8212254,0.397854134,1.1931017111205038,0.903,0.0,0.30577890302373334,0.5,1.2491944462271891,0,1.0737865515199487,96.84,2,"[492.6000061035156, 608.7999877929688]"
1779196418.8712287,0.447857673,1.2053679137252642,0.903,0.0,0.3065056690548,0.5,1.4062955579756513,0,1.1090681096413186,123.74,2,"[465.79998779296875, 631.7999877929688]"
1779196418.9211657,0.49779452700000004,1.2102217884207818,0.903,0.0,0.30723094684346663,0.5,1.5630749643532007,0,1.1397477253990314,145.26,2,"[465.79998779296875, 631.7999877929688]"
1779196418.9710336,0.547662207,1.207537351079626,0.903,0.0,0.30795668205426663,0.5,1.7199532492179292,0,1.162757437217316,147.95,2,"[447.0, 652.5999755859375]"
1779196419.0210278,0.597656457,1.197318967160566,0.903,0.0,0.30868349776026666,0.5,1.8770650989300814,0,1.179631225884058,174.85,2,"[447.0, 652.5999755859375]"
1779196419.0712624,0.6478911230000001,1.1797199889815593,0.903,0.0,0.30941244832573334,0.5,2.0346384297534903,0,1.188835110611372,177.54,2,"[435.6000061035156, 668.0]"
1779196419.1211774,0.6978061990000001,1.155265976264406,0.903,0.0,0.31013867931213335,0.5,2.1916238837684108,0,1.1903690913992575,147.95,2,"[435.6000061035156, 668.0]"
1779196419.1711748,0.747803514,1.1244736010993877,0.903,0.0,0.3108649549449333,0.5,2.348618988755963,0,1.188835110611372,147.95,2,"[430.0, 676.4000244140625]"
1779196419.221142,0.7977709040000001,1.088060132296085,0.903,0.0,0.31159149489546667,0.5,2.505671229889106,0,1.1780972450961724,45.73,2,"[430.0, 676.4000244140625]"
1779196419.2711642,0.8477929970000001,1.0469039559383326,0.903,0.0,0.3123181130934667,0.5,2.662740385357096,0,1.1566215140657734,-5.38,2,"[422.3999938964844, 666.4000244140625]"
1779196419.3210976,0.897726295,1.0021084254382318,0.903,0.0,0.3130430824557333,0.5,2.819453120855351,0,1.1320778214596032,-2.69,2,"[422.3999938964844, 666.4000244140625]"
1779196419.37111,0.94773881,0.9544728367864622,0.903,0.0,0.31377099445466666,0.5,2.9768019503261414,0,1.0983302441261191,-2.69,2,"[434.6000061035156, 651.0]"
1779196419.421407,0.9980358760000001,0.905258104304508,0.903,0.0,0.31450011771973335,0.5,3.1344126126950527,0,1.059980724428978,-2.69,2,"[434.6000061035156, 651.0]"
1779196419.4712512,1.047880106,0.8560138229755759,0.903,0.0,0.3152254600509333,0.5,3.2912059708855765,0,1.0185632431560658,-2.69,2,"[452.3999938964844, 636.0]"
1779196419.5214503,1.098079115,0.8075019047680454,0.903,0.0,0.3159538047653333,0.5,3.448648338136035,0,0.9740778003073821,-2.69,2,"[452.3999938964844, 636.0]"
1779196419.5712225,1.147851465,0.7613489139166844,0.903,0.0,0.31667867383306664,0.5,3.6053393935033875,0,0.9280583766708129,-2.69,2,"[496.3999938964844, 611.5999755859375]"
1779196419.6213071,1.1979360270000001,0.7183543161721795,0.903,0.0,0.31740549314333333,0.5,3.762452022330518,0,0.880504972246358,-5.38,2,"[496.3999938964844, 611.5999755859375]"
1779196419.671366,1.2479947180000002,0.6796401308161221,0.903,0.0,0.3181339848188,0.5,3.9199261573658895,0,0.8329515678219032,-53.8,2,"[525.7999877929688, 581.0]"
1779196419.7209978,1.2976265530000002,0.6465489230849342,0.903,0.0,0.3188562881718667,0.5,4.076062595966177,0,0.786932144185334,-83.39,2,"[525.7999877929688, 581.0]"
1779196419.7710428,1.3476717390000001,0.6193945569920032,0.903,0.0,0.31958374609133333,0.5,4.233313269516099,0,0.7455146629124216,-86.08,2,"[564.0, 541.7999877929688]"
1779196419.8211145,1.3977432280000002,0.5991474229217326,0.903,0.0,0.3203106016041333,0.5,4.39043372405053,0,0.7071651432152806,-123.74,2,"[564.0, 541.7999877929688]"
1779196419.8714635,1.448092441,0.5862737073413846,0.903,0.0,0.32104072403586664,0.5,4.548260370914375,0,0.6718835850939109,-142.57,2,"[590.5999755859375, 501.79998779296875]"
1779196419.9214783,1.498107093,0.5812404657115533,0.903,0.0,0.3217674830473333,0.5,4.705359965273585,0,0.641203969336198,-156.02,2,"[590.5999755859375, 501.79998779296875]"
1779196419.971569,1.5481977120000001,0.5841416476668475,0.903,0.0,0.32249543079826665,0.5,4.8627165230623035,0,0.619728238305799,-156.02,2,"[612.5999755859375, 471.0]"
1779196420.0214305,1.598059109,0.5948946632205745,0.903,0.0,0.3232203398617333,0.5,5.019416224092638,0,0.6013204688511713,-156.02,2,"[612.5999755859375, 471.0]"
1779196420.071405,1.6480337090000001,0.6133221994706157,0.903,0.0,0.32394709336506666,0.5,5.176514627788233,0,0.5982525072754,-147.95,2,"[627.5999755859375, 458.79998779296875]"
1779196420.1214027,1.698031646,0.6389999002601399,0.903,0.0,0.32467419250013335,0.5,5.333687744840316,0,0.5982525072754,-137.19,2,"[627.5999755859375, 458.79998779296875]"
1779196420.171137,1.7477659980000002,0.6711540498826989,0.903,0.0,0.3253979146408,0.5,5.490130875140225,0,0.5982525072754,-53.8,2,"[632.4000244140625, 440.0]"
1779196420.221125,1.7977537080000001,0.7092867644882374,0.903,0.0,0.32612444549346664,0.5,5.647181149636367,0,0.607456392002714,5.38,2,"[632.4000244140625, 440.0]"
1779196420.2711275,1.8477562630000002,0.7523899690734372,0.903,0.0,0.32685129084746667,0.5,5.804299408197533,0,0.6304661038209985,5.38,2,"[621.5999755859375, 444.0]"
1779196420.3211277,1.8977563620000002,0.7993786753099983,0.903,0.0,0.3275777366656,0.5,5.961331301235059,0,0.6565437772150544,5.38,2,"[621.5999755859375, 444.0]"
1779196420.3712206,1.947849316,0.8491874283731138,0.903,0.0,0.32830496347599997,0.5,6.118532017178603,0,0.6902913545485385,5.38,2,"[613.4000244140625, 453.0]"
1779196420.421157,1.9977856900000002,0.9004990157746363,0.903,0.0,0.32903150309226664,0.5,6.275584186055115,0,0.7286408742456796,2.69,2,"[613.4000244140625, 453.0]"
1779196420.4710913,2.047720098,0.9520684680354222,0.903,0.0,0.3297576043832,0.5,0.1493562973176079,1,0.7700583555185919,2.69,2,"[594.4000244140625, 488.20001220703125]"
1779196420.5209866,2.097615241,1.0026025636511156,0.903,0.0,0.3304829240569333,0.5,0.30614475776518457,1,0.8160777791551611,2.69,2,"[594.4000244140625, 488.20001220703125]"
1779196420.5711055,2.1477342100000003,1.051108278107203,0.903,0.0,0.3312113310176,0.5,0.46360058045697805,1,0.8651651643675016,10.76,2,"[565.4000244140625, 535.4000244140625]"
1779196420.6211061,2.1977348080000003,1.0960349542440067,0.903,0.0,0.3319377192692,0.5,0.6206200296460027,1,0.9127185687919565,21.52,2,"[565.4000244140625, 535.4000244140625]"
1779196420.6711445,2.247773235,1.1364260737627652,0.903,0.0,0.3326646688853333,0.5,0.777760825992865,1,0.9648739155800683,61.87,2,"[526.7999877929688, 591.5999755859375]"
1779196420.7211235,2.297752319,1.1712039816864197,0.903,0.0,0.33339108810746665,0.5,0.9347869699158347,1,1.0108933392166375,80.7,2,"[526.7999877929688, 591.5999755859375]"
1779196420.7711318,2.3477606630000003,1.1995327807154994,0.903,0.0,0.334117961598,0.5,1.091911310600378,1,1.0569127628532067,80.7,2,"[495.3999938964844, 625.2000122070312]"
1779196420.8210769,2.3977055600000003,1.220642037066515,0.903,0.0,0.334844055288,0.5,1.2488670859894997,1,1.0967962633382335,123.74,2,"[495.3999938964844, 625.2000122070312]"
1779196420.871056,2.447684842,1.234018230322448,0.903,0.0,0.33557047568733334,0.5,1.4058934843814743,1,1.1351457830353744,126.42999999999999,2,"[473.3999938964844, 647.5999755859375]"
1779196420.9210348,2.497663745,1.2392863924773154,0.903,0.0,0.3362968503066667,0.5,1.5629099867565905,1,1.1658253987930873,150.64,2,"[473.3999938964844, 647.5999755859375]"
1779196420.9710393,2.547668034,1.2362788974937708,0.903,0.0,0.33702359109333335,0.5,1.720005641558613,1,1.188835110611372,180.23,2,"[457.3999938964844, 677.4000244140625]"
1779196421.0211809,2.597809481,1.2249952672519246,0.903,0.0,0.33775195605266667,0.5,1.8774523850476381,1,1.205708899278114,182.92,2,"[457.3999938964844, 677.4000244140625]"
1779196421.0711465,2.647775491,1.2057509904266006,0.903,0.0,0.33847799934106665,0.5,2.0343972653934372,1,1.2164467647933135,177.54,2,"[437.79998779296875, 688.4000244140625]"
1779196421.121206,2.697834905,1.1789074899542296,0.903,0.0,0.3392053755105333,0.5,2.1916302674846833,1,1.217980745581199,129.12,2,"[437.79998779296875, 688.4000244140625]"
1779196421.17119,2.7478189360000003,1.1451680898343741,0.903,0.0,0.33993189412613334,0.5,2.3486778967598116,1,1.2164467647933135,129.12,2,"[432.79998779296875, 688.4000244140625]"
1779196421.221196,2.797824737,1.1053006830560685,0.903,0.0,0.3406585485412,0.5,2.505754881076694,1,1.2026409377023426,53.8,2,"[432.79998779296875, 688.4000244140625]"
1779196421.2712288,2.8478574880000003,1.0602477881525745,0.903,0.0,0.3413855323978667,0.5,2.662903079015848,1,1.179631225884058,-5.38,2,"[440.79998779296875, 677.7999877929688]"
1779196421.3210108,2.8976395430000004,1.0113142783541884,0.903,0.0,0.3421096998544,0.5,2.8194424708562558,1,1.1520195717021164,-5.38,2,"[440.79998779296875, 677.7999877929688]"
1779196421.371093,2.947721837,0.9592964388487822,0.903,0.0,0.34283690248133336,0.5,2.976637959189624,1,1.1167380135807468,-2.69,2,"[432.0, 667.2000122070312]"
1779196421.4211485,2.9977772430000003,0.9056417156441768,0.903,0.0,0.34356442888186667,0.5,3.133903435924129,1,1.0768545130957201,-2.69,2,"[432.0, 667.2000122070312]"
1779196421.471233,3.0478616950000004,0.8516835542409438,0.903,0.0,0.344292095718,0.5,3.2911992698684465,1,1.0293011086712651,-2.69,2,"[454.3999938964844, 646.2000122070312]"
1779196421.521251,3.097879733,0.7988022292718927,0.903,0.0,0.3450192694090667,0.5,3.4483885032908415,1,0.9817477042468103,-2.69,2,"[454.3999938964844, 646.2000122070312]"
1779196421.5712192,3.1478482160000003,0.748343840827309,0.903,0.0,0.3457453923256,0.5,3.60535059642279,1,0.9311263382465842,-2.69,2,"[489.20001220703125, 623.2000122070312]"
1779196421.6212432,3.197872056,0.7014547017397231,0.903,0.0,0.3464720059165333,0.5,3.762418756005909,1,0.880504972246358,-16.14,2,"[489.20001220703125, 623.2000122070312]"
1779196421.671425,3.2480538350000003,0.6592331641634097,0.903,0.0,0.3472006411958667,0.5,3.919923933118291,1,0.8298836062461319,-45.73,2,"[529.4000244140625, 582.5999755859375]"
1779196421.7210581,3.2976869960000004,0.6231376740922897,0.903,0.0,0.34792368877186663,0.5,4.076221246395184,1,0.7807962210337913,-91.46,2,"[529.4000244140625, 582.5999755859375]"
1779196421.771089,3.347717888,0.5935870307929366,0.903,0.0,0.3486507817448,0.5,4.233393031411982,1,0.7347767973972221,-99.53,2,"[566.7999877929688, 553.7999877929688]"
1779196421.8211498,3.397778508,0.5715592941939173,0.903,0.0,0.3493778700816,0.5,4.390563814260723,1,0.6902913545485385,-134.5,2,"[566.7999877929688, 553.7999877929688]"
1779196421.8713818,3.4480105300000004,0.5576036067705099,0.903,0.0,0.35010694577906665,0.5,4.548164194196879,1,0.6504078540635119,-137.19,2,"[601.4000244140625, 503.3999938964844]"
1779196421.9212053,3.4978340340000003,0.5521780547480802,0.903,0.0,0.35083186988453335,0.5,4.7048671467756105,1,0.619728238305799,-158.71,2,"[601.4000244140625, 503.3999938964844]"
1779196421.9712083,3.5478371070000003,0.5553659867408116,0.903,0.0,0.35155854598333336,0.5,4.861948818348733,1,0.5936505649117432,-158.71,2,"[629.2000122070312, 457.3999938964844]"
1779196422.021229,3.5978576510000004,0.5671541344335481,0.903,0.0,0.3522855040724,0.5,5.019091446244111,1,0.5767767762450011,-172.16,2,"[629.2000122070312, 457.3999938964844]"
1779196422.0711622,3.647790901,0.5872623509070356,0.903,0.0,0.3530117134332,0.5,5.176072225569163,1,0.5706408530934585,-164.09,2,"[640.2000122070312, 440.0]"
1779196422.1210003,3.6976290880000002,0.6151631383805021,0.903,0.0,0.35373623349746663,0.5,5.332687838730532,1,0.5706408530934585,-139.88,2,"[640.2000122070312, 440.0]"
1779196422.171099,3.747727798,0.6504188979569405,0.903,0.0,0.35446410707026665,0.5,5.490028361830346,1,0.5706408530934585,-40.35,2,"[632.2000122070312, 428.20001220703125]"
1779196422.2211616,3.79779036,0.6920367772018612,0.903,0.0,0.3551913605493333,0.5,5.64723484259641,1,0.5829126993965437,8.07,2,"[632.2000122070312, 428.20001220703125]"
1779196422.2711957,3.847824441,0.7390214214014348,0.903,0.0,0.35591832762,0.5,5.804379411996049,1,0.6059224112148283,5.38,2,"[635.4000244140625, 434.79998779296875]"
1779196422.3213048,3.897933434,0.7902857930404342,0.903,0.0,0.356645799288,0.5,5.961633057492621,1,0.6350680461846554,5.38,2,"[635.4000244140625, 434.79998779296875]"
1779196422.3714294,3.9480581540000004,0.8445843877294431,0.903,0.0,0.35737375105013336,0.5,6.118990482360912,1,0.6703496043060252,5.38,2,"[620.4000244140625, 441.6000061035156]"
1779196422.4212537,3.9978825020000004,0.9003344543098684,0.903,0.0,0.3580988981405333,0.5,6.275741636395727,1,0.7133010663668231,2.69,2,"[620.4000244140625, 441.6000061035156]"
1779196422.4712474,4.04787618,0.9565243522955376,0.903,0.0,0.35882597201666666,0.5,0.14972398618019156,2,0.7593204900033924,2.69,2,"[579.0, 495.0]"
1779196422.521013,4.097641763,1.0113666679713997,0.903,0.0,0.35954964246226667,0.5,0.3061559418350317,2,0.8084078752157329,2.69,2,"[579.0, 495.0]"
1779196422.5711093,4.147738103,1.064073655764029,0.903,0.0,0.3602775354225333,0.5,0.46350065581944655,2,0.8620972027917303,2.69,2,"[562.0, 542.4000244140625]"
1779196422.6213164,4.197945347,1.1130396058801562,0.903,0.0,0.3610059662469333,0.5,0.6209616370063777,2,0.9157865303677277,32.28,2,"[562.0, 542.4000244140625]"
1779196422.6711693,4.24779819,1.1568299453487472,0.903,0.0,0.36173148098706664,0.5,0.7777922639105519,2,0.9710098387316108,69.94,2,"[540.0, 595.0]"
1779196422.7211843,4.297813273,1.1946209452438827,0.903,0.0,0.3624584651344,0.5,0.9349405246815596,2,1.0200972239439514,86.08,2,"[540.0, 595.0]"
1779196422.7711892,4.347817926,1.2253500797418644,0.903,0.0,0.36318517775546666,0.5,1.092030091077019,2,1.069184609156292,86.08,2,"[493.6000061035156, 637.7999877929688]"
1779196422.8212078,4.3978365450000005,1.248248793813213,0.903,0.0,0.36391201276173335,0.5,1.2491461128242154,2,1.1136700520049756,112.98,2,"[493.6000061035156, 637.7999877929688]"
1779196422.871252,4.4478809230000005,1.2627169118719586,0.903,0.0,0.3646390348701333,0.5,1.4063025794352342,2,1.1550875332778878,134.5,2,"[468.20001220703125, 661.2000122070312]"
1779196422.921029,4.497657684,1.2683516846596068,0.903,0.0,0.36536322742573335,0.5,1.5628473968061556,2,1.1873011298234863,174.85,2,"[468.20001220703125, 661.2000122070312]"
1779196422.9712632,4.547891924,1.2649999926082343,0.903,0.0,0.3660923526237333,0.5,1.7204584770068898,2,1.214912784005428,164.09,2,"[451.6000061035156, 678.0]"
1779196423.0213807,4.598009568,1.2526793119339952,0.903,0.0,0.36681978021213335,0.5,1.877702594052943,2,1.2348545342479411,177.54,2,"[451.6000061035156, 678.0]"
1779196423.0714061,4.648035014,1.2316730353344703,0.903,0.0,0.36754687603360003,0.5,2.0348749948219,2,1.2455923997631406,196.37,2,"[440.79998779296875, 691.0]"
1779196423.1213949,4.698023631,1.2024924177184189,0.903,0.0,0.36827331048666667,0.5,2.1919044311339704,2,1.2471263805510262,147.95,2,"[440.79998779296875, 691.0]"
1779196423.171443,4.748071813,1.1657785776616876,0.903,0.0,0.369000309458,0.5,2.349055896329485,2,1.2471263805510262,147.95,2,"[430.3999938964844, 695.2000122070312]"
1779196423.2214124,4.798041282000001,1.1224467378130252,0.903,0.0,0.36972702373586663,0.5,2.5061458208665073,2,1.2302525918842842,64.56,2,"[430.3999938964844, 695.2000122070312]"
1779196423.2712429,4.847871550000001,1.07362046268283,0.903,0.0,0.37045242436026665,0.5,2.662951779985164,2,1.205708899278114,-5.38,2,"[426.6000061035156, 688.7999877929688]"
1779196423.3212824,4.8979111060000005,1.0202905201971633,0.903,0.0,0.371179354182,0.5,2.820088297482833,2,1.175029283520401,-5.38,2,"[426.6000061035156, 688.7999877929688]"
1779196423.3712716,4.947900413,0.963910850768148,0.903,0.0,0.37190557264066665,0.5,2.9770710434448855,2,1.1366797638232602,-5.38,2,"[425.79998779296875, 687.7999877929688]"
1779196423.4210587,4.997687509,0.9059400823750839,0.903,0.0,0.37263016595293336,0.5,3.1337024902332296,2,1.0921943209745766,-2.69,2,"[425.79998779296875, 687.7999877929688]"
1779196423.4713356,5.047964308,0.8472908707491119,0.903,0.0,0.37335951683906665,0.5,3.2913623562262817,2,1.043106935762236,-2.69,2,"[452.6000061035156, 656.2000122070312]"
1779196423.5213726,5.098001437000001,0.7899829253687364,0.903,0.0,0.37408646594653333,0.5,3.4485030426174,2,0.9894176081862386,-2.69,2,"[452.6000061035156, 656.2000122070312]"
1779196423.5712037,5.147832491,0.7353482380742853,0.903,0.0,0.37481197294040003,0.5,3.6053319950526905,2,0.9341942998223555,-2.69,2,"[484.79998779296875, 630.2000122070312]"
1779196423.6211803,5.197809125,0.6845683216327957,0.903,0.0,0.37553834363573335,0.5,3.762347649197789,2,0.8789709914584724,-16.14,2,"[484.79998779296875, 630.2000122070312]"
1779196423.6711798,5.2478087250000005,0.6389595268788886,0.903,0.0,0.3762650252136,0.5,3.9194305051513396,2,0.8222137023067037,-51.11,2,"[533.5999755859375, 591.4000244140625]"
1779196423.721002,5.297630944000001,0.5997865494736319,0.903,0.0,0.3769897566216,0.5,4.076091803353076,2,0.7669903939428205,-99.53,2,"[533.5999755859375, 591.4000244140625]"
1779196423.7711432,5.347772077,0.5677780433827814,0.903,0.0,0.3777177999001333,0.5,4.233469010830305,2,0.7179030087304801,-104.91,2,"[588.7999877929688, 528.4000244140625]"
1779196423.8210566,5.3976852850000006,0.5440022975592409,0.903,0.0,0.3784438889976,0.5,4.390423793476149,2,0.6703496043060252,-137.19,2,"[588.7999877929688, 528.4000244140625]"
1779196423.8711839,5.447812686000001,0.5289546208695555,0.903,0.0,0.3791717655642667,0.5,4.547764963744051,2,0.6304661038209985,-158.71,2,"[613.0, 470.3999938964844]"
1779196423.9211965,5.4978251060000005,0.5231123410238553,0.903,0.0,0.379898455804,0.5,4.704849692086825,2,0.5951845456996288,-161.4,2,"[613.0, 470.3999938964844]"
1779196423.9710882,5.547716934,0.526611511182665,0.903,0.0,0.38062412154546665,0.5,4.861712960138668,2,0.5675728915176872,-161.4,2,"[619.2000122070312, 452.0]"
1779196424.0211542,5.597782836,0.5394301644379791,0.903,0.0,0.3813515974572,0.5,5.018967522980294,2,0.5476311412751739,-180.23,2,"[619.2000122070312, 452.0]"
1779196424.0710855,5.647714184000001,0.5612176240396444,0.903,0.0,0.3820770709662667,0.5,5.175789237186109,2,0.543029198911517,-180.23,2,"[633.0, 426.79998779296875]"
1779196424.1209898,5.697618504,0.5915123862308885,0.903,0.0,0.3828029199004,0.5,5.332692105013351,2,0.543029198911517,-134.5,2,"[633.0, 426.79998779296875]"
1779196424.1711178,5.747746439,0.6297195286881779,0.903,0.0,0.38353099505053334,0.5,5.490076202003269,2,0.5445631796994026,-56.49,2,"[654.7999877929688, 418.20001220703125]"
1779196424.2210584,5.797687160000001,0.6747093036491864,0.903,0.0,0.3842570676672,0.5,5.647027422083042,2,0.5553010452146021,-59.18,2,"[654.7999877929688, 418.20001220703125]"
1779196424.2714283,5.848057197,0.7257707913113942,0.903,0.0,0.3849869144161333,0.5,5.804794476075841,2,0.5798447378207724,-48.42,2,"[648.0, 422.20001220703125]"
1779196424.321546,5.898174979,0.7813049096960214,0.903,0.0,0.3857150718685333,0.5,5.962196363904958,2,0.6120583343663708,-48.42,2,"[648.0, 422.20001220703125]"
1779196424.3714669,5.948095533,0.839854358969977,0.903,0.0,0.38644067488413336,0.5,6.1190460728429095,2,0.6534758156392831,-48.42,2,"[631.4000244140625, 445.20001220703125]"
1779196424.4212642,5.997893084,0.9001343867125404,0.903,0.0,0.38716575951026666,0.5,6.2757837243125,2,0.701029220063738,-34.97,2,"[631.4000244140625, 445.20001220703125]"
1779196424.4714117,6.048040556,0.9609355038384003,0.903,0.0,0.3878935466678667,0.5,0.14992026032280847,3,0.7485826244881929,2.69,2,"[596.4000244140625, 484.79998779296875]"
1779196424.5210047,6.097633565000001,1.0201246675989168,0.903,0.0,0.3886162772282667,0.5,0.30614904603914894,3,0.8007379712763046,2.69,2,"[596.4000244140625, 484.79998779296875]"
1779196424.571123,6.1477516770000005,1.0770593673604858,0.903,0.0,0.3893440769572,0.5,0.4634736067066889,3,0.8574952604280734,2.69,2,"[567.5999755859375, 540.5999755859375]"
1779196424.6214411,6.198069893,1.1300296474630314,0.903,0.0,0.3900737686936,0.5,0.6212071524722447,3,0.9142525495798421,32.28,2,"[567.5999755859375, 540.5999755859375]"
1779196424.6712065,6.247835209000001,1.177246477831363,0.903,0.0,0.3907984796532,0.5,0.7778640304531201,3,0.9756117810952678,64.56,2,"[538.2000122070312, 593.0]"
1779196424.7211862,6.29781482,1.2180063537027481,0.903,0.0,0.3915251204796,0.5,0.9349380773808704,3,1.0293011086712651,96.84,2,"[538.2000122070312, 593.0]"
1779196424.7713332,6.347961961,1.2511843597215875,0.903,0.0,0.39225273955920004,0.5,1.092223588051727,3,1.0829904362472627,96.84,2,"[497.3999938964844, 635.2000122070312]"
1779196424.8212886,6.3979172360000005,1.2758407467358714,0.903,0.0,0.392979253902,0.5,1.2492702936986149,3,1.1336118022474888,123.74,2,"[497.3999938964844, 635.2000122070312]"
1779196424.87106,6.447688681000001,1.291365380261102,0.903,0.0,0.39370397186666667,0.5,1.4059286859271474,3,1.175029283520401,145.26,2,"[454.6000061035156, 674.4000244140625]"
1779196424.9209862,6.4976149670000005,1.2974170672985532,0.903,0.0,0.394429676354,0.5,1.5628003294650057,3,1.210310841641771,172.16,2,"[454.6000061035156, 674.4000244140625]"
1779196424.9710116,6.54764059,1.2937689576286844,0.903,0.0,0.3951566980264,0.5,1.7199567018282451,3,1.239456476611598,172.16,2,"[442.3999938964844, 689.7999877929688]"
1779196425.0211987,6.5978275150000005,1.2804076540296465,0.903,0.0,0.39588564827213335,0.5,1.8775299635366167,3,1.260932207641997,182.92,2,"[442.3999938964844, 689.7999877929688]"
1779196425.0711548,6.64778348,1.257733588959534,0.903,0.0,0.39661172386813337,0.5,2.0344818276428853,3,1.2732040539450822,185.60999999999999,2,"[423.0, 708.5999755859375]"
1779196425.1211886,6.697817492,1.2262027121014474,0.903,0.0,0.39733850661253334,0.5,2.1915865522228977,3,1.2732040539450822,150.64,2,"[423.0, 708.5999755859375]"
1779196425.173044,6.7496728390000005,1.1850664164927402,0.903,0.0,0.39809055905946666,0.5,2.3541536927550055,3,1.2716700731571966,150.64,2,"[421.20001220703125, 710.5999755859375]"
1779196425.2233777,6.800006566,1.1390875412586894,0.903,0.0,0.39880257163533334,0.5,2.5080656292875467,3,1.2563302652783401,61.87,2,"[421.20001220703125, 710.5999755859375]"
1779196425.272037,6.848665761,1.086216975114666,0.903,0.0,0.39952946337973333,0.5,2.6651939158124627,3,1.2302525918842842,-5.38,2,"[414.6000061035156, 699.7999877929688]"
1779196425.322063,6.89869172,1.0286255766697683,0.903,0.0,0.4002564097694667,0.5,2.8223340147257545,3,1.1980389953386859,-8.07,2,"[414.6000061035156, 699.7999877929688]"
1779196425.3711088,6.947737599000001,0.9687801632974078,0.903,0.0,0.4009709648502667,0.5,2.976795550901894,3,1.158155494853659,-5.38,2,"[424.3999938964844, 684.4000244140625]"
1779196425.4211528,6.997781600000001,0.9060669989093525,0.903,0.0,0.4016980122902667,0.5,3.133957493308909,3,1.1090681096413186,-2.69,2,"[424.3999938964844, 684.4000244140625]"
1779196425.4713671,7.047995896000001,0.8430221874814385,0.903,0.0,0.4024253900874667,0.5,3.2911908472585303,3,1.055378782065321,-2.69,2,"[444.0, 654.4000244140625]"
1779196425.5214179,7.098046559,0.7811561848856912,0.903,0.0,0.403153675564,0.5,3.448620409377334,3,0.9970875121256667,-2.69,2,"[444.0, 654.4000244140625]"
1779196425.5714746,7.148103311000001,0.7221902719885205,0.903,0.0,0.40388063358040005,0.5,3.6057630215647514,3,0.9387962421860124,-2.69,2,"[488.3999938964844, 624.7999877929688]"
1779196425.621211,7.197839861,0.6676392967969047,0.903,0.0,0.4046053227981333,0.5,3.7624151997230157,3,0.8774370106705868,-21.52,2,"[488.3999938964844, 624.7999877929688]"
1779196425.671264,7.247892563000001,0.6184819969801898,0.903,0.0,0.40533296363413335,0.5,3.919705413358077,3,0.8176117599430467,-53.8,2,"[536.2000122070312, 588.4000244140625]"
1779196425.7210689,7.297697651000001,0.576368770275351,0.903,0.0,0.40605716755480004,0.5,4.076252687454453,3,0.7577865092155067,-104.91,2,"[536.2000122070312, 588.4000244140625]"
1779196425.7711244,7.3477532000000005,0.5419927136897654,0.903,0.0,0.40678419761293333,0.5,4.233410872516654,3,0.7040971816395093,-126.42999999999999,2,"[575.7999877929688, 530.5999755859375]"
1779196425.821202,7.397830803000001,0.5163977252896317,0.903,0.0,0.407511648382,0.5,4.390660000402988,3,0.6550097964271688,-142.57,2,"[575.7999877929688, 530.5999755859375]"
1779196425.8712063,7.447835109000001,0.5002807627917075,0.903,0.0,0.4082384433344,0.5,4.54776736392083,3,0.6089903727905995,-145.26,2,"[618.4000244140625, 483.3999938964844]"
1779196425.9212103,7.497838983,0.49404614011729164,0.903,0.0,0.4089653389592,0.5,4.704896489250984,3,0.5706408530934585,-177.54,2,"[618.4000244140625, 483.3999938964844]"
1779196425.9719508,7.548579463,0.49799829274739094,0.903,0.0,0.40970136797013335,0.5,4.86399992963473,3,0.5414952181236313,-177.54,2,"[645.0, 442.79998779296875]"
1779196426.0255837,7.602212540000001,0.5120121844040432,0.903,0.0,0.410429579472,0.5,5.021413501046926,3,0.5200194870932323,-209.82,2,"[645.0, 442.79998779296875]"
1779196426.0723495,7.648978272000001,0.5353485425048341,0.903,0.0,0.4111471381858667,0.5,5.176524316459968,3,0.5154175447295755,-180.23,2,"[655.4000244140625, 431.3999938964844]"
1779196426.1220098,7.698638522,0.5685315097905939,0.903,0.0,0.41188272712746665,0.5,5.335532629418164,3,0.5154175447295755,-201.75,2,"[655.4000244140625, 431.3999938964844]"
1779196426.1711366,7.747765283000001,0.6090154684915947,0.903,0.0,0.41259777565853334,0.5,5.49010083208967,3,0.516951525517461,-67.25,2,"[666.0, 417.0]"
1779196426.221225,7.797853902000001,0.6575814426256961,0.903,0.0,0.4133257110997334,0.5,5.647454728949409,3,0.5276893910326605,-72.63,2,"[666.0, 417.0]"
1779196426.2712123,7.847841069,0.7122647310129274,0.903,0.0,0.41405199623733335,0.5,5.804451888538555,3,0.5553010452146021,-59.18,2,"[647.2000122070312, 417.20001220703125]"
1779196426.3212101,7.897839101000001,0.7718765831813025,0.903,0.0,0.4147786987141333,0.5,5.961539262102342,3,0.5905826033359719,-48.42,2,"[647.2000122070312, 417.20001220703125]"
1779196426.3712127,7.947841329,0.8349188515133384,0.903,0.0,0.4155052394058667,0.5,6.118591663456709,3,0.6335340653967698,-48.42,2,"[625.2000122070312, 427.6000061035156]"
1779196426.4212437,7.997872646,0.8999047636678886,0.903,0.0,0.41623226516213335,0.5,6.2757489186074835,3,0.684155431396996,-48.42,2,"[625.2000122070312, 427.6000061035156]"
1779196426.4712744,8.047903256,0.9652037415046559,0.903,0.0,0.41695939404693333,0.5,0.14974315932014193,4,0.7347767973972221,2.69,2,"[605.0, 458.6000061035156]"
1779196426.5213785,8.098007228,1.029268484862053,0.903,0.0,0.41768738297080005,0.5,0.30710861724084637,4,0.7930680673368765,2.69,2,"[605.0, 458.6000061035156]"
1779196426.5711482,8.147776941,1.0900869923918926,0.903,0.0,0.41841115100773335,0.5,0.46356166869035675,4,0.8559612796401878,2.69,2,"[564.4000244140625, 537.0]"
1779196426.6213832,8.198012152,1.1469437931872746,0.903,0.0,0.41914039287933336,0.5,0.6211979695969134,4,0.9173205111556134,48.42,2,"[564.4000244140625, 537.0]"
1779196426.6714408,8.248069467,1.1977717842687547,0.903,0.0,0.4198670974634667,0.5,0.7782857986916376,4,0.9817477042468103,75.32,2,"[526.0, 600.5999755859375]"
1779196426.7212355,8.297864307000001,1.2414183461431503,0.903,0.0,0.4205922625316,0.5,0.9350408388765672,4,1.0415729549743504,107.6,2,"[526.0, 600.5999755859375]"
1779196426.7713354,8.347963939000001,1.277012626999468,0.903,0.0,0.42132004024253333,0.5,1.092360640031238,4,1.0967962633382335,107.6,2,"[488.3999938964844, 651.2000122070312]"
1779196426.8212137,8.397842628000001,1.3033997084530478,0.903,0.0,0.4220453107790667,0.5,1.2491384787540518,4,1.1520195717021164,131.81,2,"[488.3999938964844, 651.2000122070312]"
1779196426.8714068,8.448035508,1.3200872501815448,0.903,0.0,0.4227737312412,0.5,1.4065972199854215,4,1.1949710337629145,153.32999999999998,2,"[459.3999938964844, 685.0]"
1779196426.921248,8.497876651,1.3264866901895291,0.903,0.0,0.42349861590320004,0.5,1.5632916462816908,4,1.2348545342479411,174.85,2,"[459.3999938964844, 685.0]"
1779196426.971371,8.547999561000001,1.322473476453642,0.903,0.0,0.4242264743613333,0.5,1.7206289021251457,4,1.265534150005654,190.99,2,"[439.0, 707.0]"
1779196427.0212479,8.597876645000001,1.308108245294289,0.903,0.0,0.424952665352,0.5,1.8776057104770842,4,1.2870098810360528,209.82,2,"[439.0, 707.0]"
1779196427.0712242,8.647852901,1.2837166114817993,0.903,0.0,0.4256787507144,0.5,2.0345596857336155,4,1.2977477465512524,207.13,2,"[442.20001220703125, 710.5999755859375]"
1779196427.1212153,8.697844230000001,1.249834328880577,0.903,0.0,0.4264053960606667,0.5,2.1916347096966824,4,1.3023496889149093,158.71,2,"[442.20001220703125, 710.5999755859375]"
1779196427.171216,8.747844885000001,1.2072788265261278,0.903,0.0,0.4271320610850667,0.5,2.3487139873762004,4,1.2977477465512524,158.71,2,"[418.6000061035156, 714.4000244140625]"
1779196427.2212071,8.797835819000001,1.1570712305991007,0.903,0.0,0.4278587290742667,0.5,2.505793905940621,4,1.282407938672396,72.63,2,"[418.6000061035156, 714.4000244140625]"
1779196427.271163,8.847791779000001,1.1004584654650351,0.903,0.0,0.42858498299426667,0.5,2.6627843173887484,4,1.2547962844904545,-5.38,2,"[413.79998779296875, 709.5999755859375]"
1779196427.3210251,8.89765401,1.0389074477878115,0.903,0.0,0.4293098702868,0.5,2.8194793123132875,4,1.217980745581199,-5.38,2,"[413.79998779296875, 709.5999755859375]"
1779196427.3711696,8.947798335,0.9735043761040598,0.903,0.0,0.43003811479386667,0.5,2.9769000182824,4,1.1734953027325155,-2.69,2,"[420.6000061035156, 689.5999755859375]"
1779196427.4211762,8.997804935000001,0.9062465721713477,0.903,0.0,0.4307651338502667,0.5,3.13405582515896,4,1.1213399559444037,-2.69,2,"[420.6000061035156, 689.5999755859375]"
1779196427.4711869,9.047815648,0.8387145337279405,0.903,0.0,0.4314917919132,0.5,3.2911335980155982,4,1.064582666792635,-2.69,2,"[441.6000061035156, 665.4000244140625]"
1779196427.5212424,9.097871147000001,0.7724892243478734,0.903,0.0,0.4322190244933334,0.5,3.448335561171426,4,1.0032234352772094,-5.38,2,"[441.6000061035156, 665.4000244140625]"
1779196427.5713985,9.148027189,0.7092374955381152,0.903,0.0,0.4329465892473333,0.5,3.6056093285689457,4,0.940330222973898,-5.38,2,"[479.0, 635.4000244140625]"
1779196427.6212115,9.197840260000001,0.6507300097442124,0.903,0.0,0.43367200350400004,0.5,3.7624182345015136,4,0.8759030298827011,-18.83,2,"[479.0, 635.4000244140625]"
1779196427.6712272,9.247855955,0.5981177612562972,0.903,0.0,0.4343990574258667,0.5,3.9195815780588497,4,0.8114758367915041,-51.11,2,"[538.4000244140625, 597.2000122070312]"
1779196427.7210214,9.297649975,0.5530253856548555,0.903,0.0,0.43512316814426666,0.5,4.076108705121538,4,0.7485826244881929,-110.28999999999999,2,"[538.4000244140625, 597.2000122070312]"
1779196427.77113,9.347758655,0.5161938943084792,0.903,0.0,0.4358509349406667,0.5,4.2334261469401255,4,0.6902913545485385,-126.42999999999999,2,"[593.2000122070312, 532.5999755859375]"
1779196427.8212204,9.397849237,0.4888070193397119,0.903,0.0,0.4365788167974667,0.5,4.390768460747754,4,0.6366020269725411,-164.09,2,"[593.2000122070312, 532.5999755859375]"
1779196427.8714545,9.448083322,0.4715700807481002,0.903,0.0,0.43730735753746663,0.5,4.548253201799923,4,0.5905826033359719,-182.92,2,"[636.7999877929688, 472.0]"
1779196427.9214194,9.498048273,0.46497746971741444,0.903,0.0,0.43803367169813334,0.5,4.705256635149599,4,0.5491651220630596,-193.68,2,"[636.7999877929688, 472.0]"
1779196427.971206,9.547834909,0.46914030273060225,0.903,0.0,0.4387586130401333,0.5,4.861963313657217,4,0.516951525517461,-193.68,2,"[659.2000122070312, 429.3999938964844]"
1779196428.021196,9.597824648000001,0.4840111609561989,0.903,0.0,0.43948506332000004,0.5,5.018996171163689,4,0.49394181369917645,-204.44,2,"[659.2000122070312, 429.3999938964844]"
1779196428.071343,9.64797165,0.5093527775187218,0.903,0.0,0.44021370675253335,0.5,5.17650311070955,4,0.48933987133551954,-196.37,2,"[657.7999877929688, 416.0]"
1779196428.1210299,9.697658633000001,0.5442257795202531,0.903,0.0,0.4409365576634667,0.5,5.332757911954655,4,0.4878058905476339,-172.16,2,"[657.7999877929688, 416.0]"
1779196428.1711504,9.747779325,0.5883189727984732,0.903,0.0,0.4416646552385334,0.5,5.49014685642204,4,0.48933987133551954,-61.87,2,"[659.7999877929688, 406.3999938964844]"
1779196428.2211945,9.797823375,0.6402824842085455,0.903,0.0,0.4423918515870667,0.5,5.647340987587384,4,0.5031456984264903,-67.25,2,"[659.7999877929688, 406.3999938964844]"
1779196428.2711952,9.847824136,0.6988664573576334,0.903,0.0,0.44311856169386665,0.5,5.804430010487316,4,0.5338253141842031,-67.25,2,"[655.7999877929688, 406.0]"
1779196428.3212285,9.897857283,0.7627031004609386,0.903,0.0,0.44384553430173335,0.5,5.9615757768337545,4,0.5691068723055729,-56.49,2,"[655.7999877929688, 406.0]"
1779196428.3712127,9.947841364,0.8301658368904549,0.903,0.0,0.44457200752973336,0.5,6.1186135949150255,4,0.6135923151542565,-56.49,2,"[637.5999755859375, 423.0]"
1779196428.4212425,9.99787117,0.8996929858862772,0.903,0.0,0.4452989772454667,0.5,6.275758736084526,4,0.6688156235181395,-51.11,2,"[637.5999755859375, 423.0]"
1779196428.4712374,10.047866354,0.9695394840862988,0.903,0.0,0.44602605501653336,0.5,0.14974192781582119,5,0.7255729126699083,2.69,2,"[617.5999755859375, 467.79998779296875]"
1779196428.5211015,10.097730331000001,1.0377310335728207,0.903,0.0,0.4467505373813333,0.5,0.3063493916858455,5,0.786932144185334,2.69,2,"[617.5999755859375, 467.79998779296875]"
1779196428.5711577,10.14778644,1.1031010127502254,0.903,0.0,0.44747801598173337,0.5,0.46360453572211213,5,0.8528933180644165,2.69,2,"[573.5999755859375, 542.7999877929688]"
1779196428.6213899,10.198018718,1.1638474312300373,0.903,0.0,0.44820689014546666,0.5,0.6211613511929386,5,0.9173205111556134,59.18,2,"[573.5999755859375, 542.7999877929688]"
1779196428.671206,10.247834781,1.2180563282888686,0.903,0.0,0.4489320169182667,0.5,0.777908113281228,5,0.9863496466104673,61.87,2,"[531.4000244140625, 613.5999755859375]"
1779196428.7212021,10.297830759,1.2647872749178026,0.903,0.0,0.4496586081424,0.5,0.9349714379532514,5,1.0507768397016641,102.22,2,"[531.4000244140625, 613.5999755859375]"
1779196428.7714524,10.348081212,1.3028465119784958,0.903,0.0,0.4503873837410667,0.5,1.0925069471427022,5,1.1106020904292042,102.22,2,"[493.6000061035156, 650.0]"
1779196428.821466,10.398094654000001,1.3310473943294823,0.903,0.0,0.45111423768426673,0.5,1.249627062385123,5,1.1688933603688585,134.5,2,"[493.6000061035156, 650.0]"
1779196428.8714614,10.448090335,1.34877358162859,0.903,0.0,0.45184102481773336,0.5,1.4067327357261163,5,1.2164467647933135,164.09,2,"[459.79998779296875, 679.4000244140625]"
1779196428.9211895,10.497818262000001,1.3555512018137168,0.903,0.0,0.4525645154424,0.5,1.5631258204550562,5,1.2563302652783401,182.92,2,"[459.79998779296875, 679.4000244140625]"
1779196428.9712665,10.547895295,1.3512252010849024,0.903,0.0,0.4532923546148,0.5,1.7204589074050602,5,1.2900778426118242,204.44,2,"[427.3999938964844, 717.2000122070312]"
1779196429.021384,10.598012718000001,1.3358054612154175,0.903,0.0,0.4540197536306667,0.5,1.8776968480799567,5,1.3146215352179944,228.65,2,"[427.3999938964844, 717.2000122070312]"
1779196429.071189,10.647817625,1.3097229997534852,0.903,0.0,0.4547451881032,0.5,2.0345101239679053,5,1.325359400733194,236.72,2,"[420.0, 723.4000244140625]"
1779196429.121228,10.697856579000002,1.2734633381127232,0.903,0.0,0.45547230283253337,0.5,2.191686611948903,5,1.3268933815210797,182.92,2,"[420.0, 723.4000244140625]"
1779196429.1714382,10.748066882,1.2278618337004128,0.903,0.0,0.4562005290130667,0.5,2.3491033563696817,5,1.325359400733194,182.92,2,"[414.20001220703125, 726.0]"
1779196429.221444,10.798072859000001,1.1741906657905623,0.903,0.0,0.4569271823526667,0.5,2.50618010820871,5,1.3115535736422232,53.8,2,"[414.20001220703125, 726.0]"
1779196429.2714272,10.848055989,1.1136464248274067,0.903,0.0,0.457653981418,0.5,2.6632883607972744,5,1.2793399770966247,-8.07,2,"[413.79998779296875, 716.4000244140625]"
1779196429.3212075,10.897836257,1.0479758378886743,0.903,0.0,0.45837795992666663,0.5,2.819786908791592,5,1.2409904573994837,-5.38,2,"[413.79998779296875, 716.4000244140625]"
1779196429.3713405,10.947969177000001,0.9781319538043792,0.903,0.0,0.4591061921385333,0.5,2.977204956973317,5,1.1949710337629145,-2.69,2,"[416.20001220703125, 705.7999877929688]"
1779196429.4214518,10.998080722000001,0.9062519756287233,0.903,0.0,0.4598339502876,0.5,3.1345205295442753,5,1.1397477253990314,-2.69,2,"[416.20001220703125, 705.7999877929688]"
1779196429.4714565,11.048085311000001,0.834167180070398,0.903,0.0,0.46056065835973337,0.5,3.291609112621238,5,1.0768545130957201,-2.69,2,"[437.0, 677.2000122070312]"
1779196429.5214837,11.098112347,0.7635622801606982,0.903,0.0,0.46128726539613335,0.5,3.4486758553460675,5,1.009359358428752,-5.38,2,"[437.0, 677.2000122070312]"
1779196429.571461,11.148089682,0.696166378914275,0.903,0.0,0.4620139524094667,0.5,3.605759886255271,5,0.9433981845496693,-5.38,2,"[488.3999938964844, 636.5999755859375]"
1779196429.6214988,11.198127616,0.6336418871182418,0.903,0.0,0.46274086522720004,0.5,3.7628927280895326,5,0.8759030298827011,-29.59,2,"[488.3999938964844, 636.5999755859375]"
1779196429.671194,11.247822636,0.577753048872519,0.903,0.0,0.4634652290436,0.5,3.9194745659882813,5,0.8053399136399616,-48.42,2,"[549.0, 587.0]"
1779196429.7210052,11.297633903000001,0.5296637471195181,0.903,0.0,0.464189553184,0.5,4.076047827339089,5,0.7378447589729934,-115.67,2,"[549.0, 587.0]"
1779196429.7711961,11.347824883000001,0.4903734997955051,0.903,0.0,0.46491812072346667,0.5,4.233538361488115,5,0.6764855274575677,-137.19,2,"[614.5999755859375, 512.4000244140625]"
1779196429.8213725,11.398001195,0.46119934717396777,0.903,0.0,0.4656464425333333,0.5,4.390975777588551,5,0.619728238305799,-161.4,2,"[614.5999755859375, 512.4000244140625]"
1779196429.8713632,11.447991920000002,0.44290783301992753,0.903,0.0,0.4663732364102667,0.5,4.548082908628537,5,0.5675728915176872,-177.54,2,"[629.7999877929688, 463.3999938964844]"
1779196429.921287,11.497915931000001,0.435912712051389,0.903,0.0,0.46709966127133334,0.5,4.705110271489453,5,0.5246214294568893,-204.44,2,"[629.7999877929688, 463.3999938964844]"
1779196429.9712074,11.547836097000001,0.44039882721809576,0.903,0.0,0.4678253258792,0.5,4.861973294497069,5,0.4908738521234052,-204.44,2,"[653.0, 427.6000061035156]"
1779196430.0214965,11.59812523,0.456373065871569,0.903,0.0,0.4685541923838667,0.5,5.019528454348567,5,0.4678641403051206,-209.82,2,"[653.0, 427.6000061035156]"
1779196430.0714493,11.648078098000001,0.4833895319882883,0.903,0.0,0.4692810181614667,0.5,5.17664248118443,5,0.461728217153578,-207.13,2,"[669.7999877929688, 410.20001220703125]"
1779196430.1211991,11.697828079,0.5206510631091454,0.903,0.0,0.4700045251216,0.5,5.333039097063512,5,0.461728217153578,-193.68,2,"[669.7999877929688, 410.20001220703125]"
1779196430.1711738,11.747802497,0.5676291838820617,0.903,0.0,0.4707316031252,0.5,5.490207646239874,5,0.4632621979414636,-69.94,2,"[662.2000122070312, 404.0]"
1779196430.2214339,11.798062647,0.6231614595747945,0.903,0.0,0.4714602430261333,0.5,5.647713822378719,5,0.4770680250324344,-80.7,2,"[662.2000122070312, 404.0]"
1779196430.2714484,11.848077264,0.6856591867304223,0.903,0.0,0.47218725855093335,0.5,5.804868865848263,5,0.5062136600022615,-75.32,2,"[674.0, 399.20001220703125]"
1779196430.3213418,11.897970569,0.7536270299147814,0.903,0.0,0.47291335668813334,0.5,5.961825602564737,5,0.5476311412751739,-61.87,2,"[674.0, 399.20001220703125]"
1779196430.3714366,11.948065431000002,0.825574318524979,0.903,0.0,0.4736403646846667,0.5,6.118979018689288,5,0.5951845456996288,-61.87,2,"[649.4000244140625, 414.3999938964844]"
1779196430.4213736,11.998002416,0.8995441774882128,0.903,0.0,0.47436629791213336,0.5,6.27590010775392,5,0.6534758156392831,-45.73,2,"[649.4000244140625, 414.3999938964844]"
1779196430.471499,12.048127759000002,0.974050916987919,0.903,0.0,0.47509444429013337,0.5,0.15011429450984792,6,0.7148350471547088,-40.35,2,"[617.0, 461.20001220703125]"
1779196430.5211756,12.097804343,1.046546009865009,0.903,0.0,0.47581770270120005,0.5,0.3064571828713696,6,0.77772825945802,2.69,2,"[617.0, 461.20001220703125]"
1779196430.5713606,12.147989286000001,1.1162290367601975,0.903,0.0,0.47654608831240003,0.5,0.46390839056355304,6,0.8498253564886452,2.69,2,"[578.5999755859375, 534.5999755859375]"
1779196430.6213481,12.197976929000001,1.1807012217760453,0.903,0.0,0.47727281789386666,0.5,0.6210016231976425,6,0.9188544919434991,56.49,2,"[578.5999755859375, 534.5999755859375]"
1779196430.6715243,12.248152973000002,1.2385835604378732,0.903,0.0,0.47800041334226673,0.5,0.7782820256388447,6,0.9924855697620099,75.32,2,"[537.5999755859375, 602.5999755859375]"
1779196430.7214577,12.298086455,1.2882987629488576,0.903,0.0,0.47872728266173337,0.5,0.9354054646862977,6,1.059980724428978,121.05,2,"[537.5999755859375, 602.5999755859375]"
1779196430.7714431,12.348071785,1.3286412569621366,0.903,0.0,0.47945384124400003,0.5,1.0924617333412243,6,1.1244079175201749,121.05,2,"[482.20001220703125, 659.5999755859375]"
1779196430.8214107,12.398039344,1.3586073732699933,0.903,0.0,0.48018029879053337,0.5,1.249496161644025,6,1.1873011298234863,142.57,2,"[482.20001220703125, 659.5999755859375]"
1779196430.8714302,12.448059155000001,1.3774473089863748,0.903,0.0,0.4809075454244,0.5,1.4067011627199477,6,1.2379224958237125,172.16,2,"[446.6000061035156, 698.4000244140625]"
1779196430.9211934,12.497822042000001,1.3846173910725907,0.903,0.0,0.4816313923773334,0.5,1.5631712730175664,6,1.2808739578845103,188.29999999999998,2,"[446.6000061035156, 698.4000244140625]"
1779196430.9712682,12.547897067000001,1.3799664361937354,0.903,0.0,0.4823590561905333,0.5,1.7204664535106104,6,1.3161555160058802,215.2,2,"[426.79998779296875, 723.4000244140625]"
1779196431.0213432,12.59797204,1.3635193940922443,0.903,0.0,0.4830862431214667,0.5,1.877658548923911,6,1.3391652278241648,231.34,2,"[426.79998779296875, 723.4000244140625]"
1779196431.0714133,12.648042102000002,1.335644469483311,0.903,0.0,0.48381350373640003,0.5,2.0348665722119677,6,1.354505035703021,260.93,2,"[417.0, 741.5999755859375]"
1779196431.1211967,12.697825419,1.2971196763082289,0.903,0.0,0.4845387258188,0.5,2.191633936864875,6,1.3560390164909069,199.06,2,"[417.0, 741.5999755859375]"
1779196431.1712704,12.747899101000002,1.2486562468144515,0.903,0.0,0.4852658799334667,0.5,2.348818938561969,6,1.354505035703021,199.06,2,"[420.79998779296875, 734.2000122070312]"
1779196431.22143,12.798058986000001,1.1914691351539923,0.903,0.0,0.48599352594333334,0.5,2.5061102706040117,6,1.3360972662483934,61.87,2,"[420.79998779296875, 734.2000122070312]"
1779196431.27139,12.848018721,1.1270500034228235,0.903,0.0,0.48672037979933336,0.5,2.6632303669968778,6,1.3054176504906807,61.87,2,"[410.6000061035156, 727.0]"
1779196431.3211656,12.897794469,1.0571863983788823,0.903,0.0,0.4874444524549334,0.5,2.8197492662284063,6,1.2624661884298827,56.49,2,"[410.6000061035156, 727.0]"
1779196431.3712332,12.947861978,0.983001859610341,0.903,0.0,0.4881717697353334,0.5,2.976969538586218,6,1.2118448224296565,-5.38,2,"[411.3999938964844, 709.4000244140625]"
1779196431.4211779,12.997806678000002,0.906697600203777,0.903,0.0,0.4888983451908,0.5,3.134029454630216,6,1.1550875332778878,-2.69,2,"[411.3999938964844, 709.4000244140625]"
1779196431.4711883,13.047817169,0.8300604908449499,0.903,0.0,0.4896250593524,0.5,3.2911193540344996,6,1.0875923786109196,-2.69,2,"[434.3999938964844, 679.2000122070312]"
1779196431.5212662,13.097895154000001,0.7549115419089889,0.903,0.0,0.4903525948362667,0.5,3.4483867942644153,6,1.01702926236818,-2.69,2,"[434.3999938964844, 679.2000122070312]"
1779196431.5712097,13.14783828,0.6833339975010448,0.903,0.0,0.4910787304694667,0.5,3.6053516362899387,6,0.9464661461254406,-2.69,2,"[485.20001220703125, 631.5999755859375]"
1779196431.6211932,13.197821812,0.616929735343306,0.903,0.0,0.4918051497642667,0.5,3.7623777959208695,6,0.8743690490948155,-24.21,2,"[485.20001220703125, 631.5999755859375]"
1779196431.671271,13.247899844,0.5572707569960811,0.903,0.0,0.49253299469186673,0.5,3.919712126941562,6,0.8007379712763046,-53.8,2,"[541.2000122070312, 591.0]"
1779196431.7210388,13.297667538,0.5062642505981523,0.903,0.0,0.49325656102066673,0.5,4.076121576226633,6,0.7301748550335652,-123.74,2,"[541.2000122070312, 591.0]"
1779196431.771125,13.347753798000001,0.46459663137130447,0.903,0.0,0.49398437759373337,0.5,4.2334497780000575,6,0.6642136811544826,-139.88,2,"[607.2000122070312, 518.4000244140625]"
1779196431.8213422,13.397971086,0.4336355573287278,0.903,0.0,0.4947126954941333,0.5,4.390886349012071,6,0.6013204688511713,-158.71,2,"[607.2000122070312, 518.4000244140625]"
1779196431.871278,13.447906737,0.414246740872782,0.903,0.0,0.4954391410361334,0.5,4.547918182359339,6,0.5460971604872883,-201.75,2,"[647.4000244140625, 456.79998779296875]"
1779196431.9214046,13.498033314,0.40684663199567006,0.903,0.0,0.49616643097933333,0.5,4.7051325453813675,6,0.5016117176386047,-207.13,2,"[647.4000244140625, 456.79998779296875]"
1779196431.971328,13.547956908000002,0.41166901391764793,0.903,0.0,0.4968928089849334,0.5,4.862149779747568,6,0.4678641403051206,-207.13,2,"[671.4000244140625, 424.79998779296875]"
1779196432.0214086,13.598037352,0.42864321976677067,0.903,0.0,0.4976201165716,0.5,5.019367956663082,6,0.44485442848683593,-215.2,2,"[671.4000244140625, 424.79998779296875]"
1779196432.0714293,13.648057938000001,0.4573867047083814,0.903,0.0,0.49834741673173333,0.5,5.176584528224751,6,0.4325825821837508,-236.72,2,"[693.4000244140625, 401.79998779296875]"
1779196432.1212318,13.697860475,0.4970390802814292,0.903,0.0,0.4990717370062667,0.5,5.33315695391191,6,0.4325825821837508,-196.37,2,"[693.4000244140625, 401.79998779296875]"
1779196432.171259,13.747887684,0.5469700160841329,0.903,0.0,0.4997989256666667,0.5,5.490349423174742,6,0.4341165629716365,-67.25,2,"[680.0, 394.3999938964844]"
1779196432.221389,13.798018058,0.605850354424811,0.903,0.0,0.5005262345904,0.5,5.647567889116779,6,0.45099035163837853,-75.32,2,"[680.0, 394.3999938964844]"
1779196432.2714615,13.848090237000001,0.672291073831662,0.903,0.0,0.5012540384904001,0.5,5.804893351421413,6,0.4816699673960913,-86.08,2,"[670.0, 395.79998779296875]"
1779196432.3214836,13.898112431000001,0.7444927583797487,0.903,0.0,0.5019804777249334,0.5,5.96192382131747,6,0.5276893910326605,-83.39,2,"[670.0, 395.79998779296875]"
1779196432.3714697,13.948098474,0.8208780009411372,0.903,0.0,0.5027075469504,0.5,6.11909047297187,6,0.5767767762450011,-83.39,2,"[651.2000122070312, 407.0]"
1779196432.4214501,13.998078989000001,0.8994392237149963,0.903,0.0,0.5034339460729333,0.5,6.276112272072197,6,0.6366020269725411,-45.73,2,"[651.2000122070312, 407.0]"
1779196432.471396,14.048024857000001,0.9783177719938771,0.903,0.0,0.5041603686668,0.5,0.1499538376650733,7,0.7025632008516236,-37.66,2,"[622.0, 451.79998779296875]"
1779196432.5211658,14.097794719000001,1.0553227485894765,0.903,0.0,0.5048844443598667,0.5,0.306473393489469,7,0.7715923363064775,2.69,2,"[622.0, 451.79998779296875]"
1779196432.5710418,14.147670755,1.1289724333502529,0.903,0.0,0.5056100831129333,0.5,0.4633308276037553,7,0.8482913757007595,2.69,2,"[572.7999877929688, 538.4000244140625]"
1779196432.621399,14.198027624000002,1.1976648345054959,0.903,0.0,0.5063400556914667,0.5,0.6211250815057525,7,0.9203884727313847,56.49,2,"[572.7999877929688, 538.4000244140625]"
1779196432.6713634,14.247992245,1.258931782203966,0.903,0.0,0.5070663406256,0.5,0.7781221971126016,7,0.9986214929135524,80.7,2,"[532.2000122070312, 617.4000244140625]"
1779196432.7214897,14.298118658000002,1.311675181909369,0.903,0.0,0.5077936826126668,0.5,0.9353478101779231,7,1.0707185899441776,118.36,2,"[532.2000122070312, 617.4000244140625]"
1779196432.771384,14.348012673000001,1.3544183875832452,0.903,0.0,0.5085199801908,0.5,1.0923476589703824,7,1.141281706186917,118.36,2,"[482.20001220703125, 669.4000244140625]"
1779196432.8214223,14.398051325,1.3861882032880302,0.903,0.0,0.50924701115,0.5,1.249506038811326,7,1.2026409377023426,150.64,2,"[482.20001220703125, 669.4000244140625]"
1779196432.8713596,14.447988361,1.4061091720098147,0.903,0.0,0.5099734575785334,0.5,1.4065380637957432,7,1.2578642460662257,166.78,2,"[446.3999938964844, 717.5999755859375]"
1779196432.921481,14.498109593,1.4136894639366726,0.903,0.0,0.5107015313334667,0.5,1.5639218591927673,7,1.3054176504906807,212.51,2,"[446.3999938964844, 717.5999755859375]"
1779196432.9710703,14.547698979000002,1.4087357154249172,0.903,0.0,0.5114239413321333,0.5,1.7200813507999442,7,1.3406992086120504,234.03,2,"[423.3999938964844, 727.7999877929688]"
1779196433.021321,14.597949979000001,1.3912359637050566,0.903,0.0,0.5121526721245334,0.5,1.8776071744592429,7,1.368310862793992,250.17,2,"[423.3999938964844, 727.7999877929688]"
1779196433.0712419,14.647870589,1.3616791733707405,0.903,0.0,0.5128793045652,0.5,2.034679408688035,7,1.3836506706728484,234.03,2,"[416.6000061035156, 742.0]"
1779196433.121463,14.698091914,1.320644474613027,0.903,0.0,0.5136072389018667,0.5,2.1920330667867347,7,1.3836506706728484,188.29999999999998,2,"[416.6000061035156, 742.0]"
1779196433.1714606,14.748089533000002,1.2692624493289206,0.903,0.0,0.5143338146916001,0.5,2.3490930550873586,7,1.3821166898849626,188.29999999999998,2,"[413.79998779296875, 739.2000122070312]"
1779196433.2214835,14.798112128000001,1.2086607267613787,0.903,0.0,0.5150608822457333,0.5,2.506259345458602,7,1.3606409588545638,75.32,2,"[413.79998779296875, 739.2000122070312]"
1779196433.2713084,14.8479372,1.1405131142669702,0.903,0.0,0.5157862042448,0.5,2.6630483085610024,7,1.3284273623089653,64.56,2,"[406.79998779296875, 736.0]"
1779196433.3209836,14.897612485000002,1.0665505657633085,0.903,0.0,0.5165095099618667,0.5,2.8194014228066067,7,1.2854759002481673,-8.07,2,"[406.79998779296875, 736.0]"
1779196433.3710027,14.947631475000001,0.9879995303361632,0.903,0.0,0.5172363097102667,0.5,2.976509823050023,7,1.23178657267217,-5.38,2,"[400.20001220703125, 719.5999755859375]"
1779196433.4213374,14.997966296000001,0.9068093365827992,0.903,0.0,0.5179659774085333,0.5,3.1342381726213304,7,1.1704273411567443,-2.69,2,"[400.20001220703125, 719.5999755859375]"
1779196433.4711673,15.047796057000001,0.8259666712376812,0.903,0.0,0.5173085470332,0.5,3.291060329791712,7,1.0998642249140047,-2.69,2,"[426.0, 680.2000122070312]"
1779196433.5213246,15.097953379000002,0.7469426578659819,0.903,0.0,0.5165802874405333,0.5,3.4484842967340015,7,1.0246991663076084,-2.69,2,"[426.0, 680.2000122070312]"
1779196433.5712361,15.147864937000001,0.672242259961997,0.903,0.0,0.5158545105772,0.5,3.605371585403276,7,0.9495341077012119,-2.69,2,"[489.3999938964844, 642.0]"
1779196433.6211925,15.197821303000001,0.6033545701339822,0.903,0.0,0.5151280861957334,0.5,3.7623988445916368,7,0.8713010875190442,-16.14,2,"[489.3999938964844, 642.0]"
1779196433.6711826,15.247811605,0.5419953636797117,0.903,0.0,0.5144012838022667,0.5,3.91950781660492,7,0.7930680673368765,-56.49,2,"[551.7999877929688, 599.0]"
1779196433.721139,15.297767890000001,0.48981075310571676,0.903,0.0,0.5136763253545333,0.5,4.076218192767094,7,0.7209709703062513,-137.19,2,"[551.7999877929688, 599.0]"
1779196433.7711062,15.347734941,0.4477730603445673,0.903,0.0,0.5129490990092,0.5,4.233418808179671,7,0.6504078540635119,-153.32999999999998,2,"[610.2000122070312, 523.7999877929688]"
1779196433.8211253,15.397754118000002,0.4170774787523596,0.903,0.0,0.5122221877756,0.5,4.390551307580338,7,0.5875146417602005,-174.85,2,"[610.2000122070312, 523.7999877929688]"
1779196433.8711486,15.447777351000001,0.3984257173228325,0.903,0.0,0.5114952062152001,0.5,4.5476990091478555,7,0.5338253141842031,-207.13,2,"[659.0, 442.3999938964844]"
1779196433.921171,15.497799843000001,0.3922462996937539,0.903,0.0,0.5107682445364,0.5,4.704842413016621,7,0.48627190975974827,-209.82,2,"[659.0, 442.3999938964844]"
1779196433.9713914,15.548020198000001,0.3986994479623781,0.903,0.0,0.5100387497121334,0.5,4.862533393343313,7,0.45099035163837853,-209.82,2,"[673.7999877929688, 409.0]"
1779196434.0211675,15.597796293000002,0.4174336348800434,0.903,0.0,0.5093150625386667,0.5,5.0189689649713,7,0.42644665903220824,-217.89,2,"[673.7999877929688, 409.0]"
1779196434.0712209,15.647849628000001,0.4481495693038429,0.903,0.0,0.5085875544937333,0.5,5.176230473874284,7,0.42184471666855133,-242.1,2,"[685.0, 395.20001220703125]"
1779196434.1210127,15.697641354000002,0.48975721212739826,0.903,0.0,0.5078636367925333,0.5,5.33271587744494,7,0.42184471666855133,-193.68,2,"[685.0, 395.20001220703125]"
1779196434.171109,15.747737642,0.5416375282145576,0.903,0.0,0.5071357869236,0.5,5.490051276607133,7,0.42184471666855133,-75.32,2,"[682.2000122070312, 389.6000061035156]"
1779196434.2213547,15.797983364,0.6023516220944606,0.903,0.0,0.5064071823386667,0.5,5.647549818675827,7,0.440252486123179,-83.39,2,"[682.2000122070312, 389.6000061035156]"
1779196434.2711787,15.847807386000001,0.6700190866587968,0.903,0.0,0.5056817074053334,0.5,5.8043718407577245,7,0.4740000634566631,-75.32,2,"[672.5999755859375, 391.6000061035156]"
1779196434.3214142,15.898043039000001,0.7435332440832415,0.903,0.0,0.5049530572293334,0.5,5.961880238002578,7,0.5200194870932323,-75.32,2,"[672.5999755859375, 391.6000061035156]"
1779196434.3711972,15.947826050000002,0.8203620566750488,0.903,0.0,0.5042282743006666,0.5,6.118552673150276,7,0.5737088146692298,-75.32,2,"[652.2000122070312, 407.6000061035156]"
1779196434.4213734,15.998001974000001,0.899362906180085,0.903,0.0,0.5035000841773334,0.5,6.275961623279677,7,0.6350680461846554,-37.66,2,"[652.2000122070312, 407.6000061035156]"
1779196434.471208,16.047836762,0.9779700610004229,0.903,0.0,0.5027742733641334,0.5,0.1496709435298058,8,0.701029220063738,5.38,2,"[623.7999877929688, 458.79998779296875]"
1779196434.5211864,16.097815263,1.0544814473453543,0.903,0.0,0.5020487515172,0.5,0.30650310667278546,8,0.7715923363064775,2.69,2,"[623.7999877929688, 458.79998779296875]"
1779196434.5711079,16.147736779000002,1.1271384821925579,0.903,0.0,0.5013224007761333,0.5,0.4635144474111712,8,0.8482913757007595,8.07,2,"[580.4000244140625, 543.2000122070312]"
1779196434.6212702,16.197898858000002,1.1942941924521588,0.903,0.0,0.5005935785109333,0.5,0.6210600442546337,8,0.9219224535192704,56.49,2,"[580.4000244140625, 543.2000122070312]"
1779196434.671326,16.247954688,1.253801829292236,0.903,0.0,0.49986799472293336,0.5,0.7779055968655015,8,0.9986214929135524,80.7,2,"[532.4000244140625, 621.0]"
1779196434.7214878,16.298116499000002,1.3047444592723485,0.903,0.0,0.49913911157760005,0.5,0.9354643538405867,8,1.069184609156292,121.05,2,"[532.4000244140625, 621.0]"
1779196434.7712815,16.347910344000002,1.3453880368809032,0.903,0.0,0.498414555616,0.5,1.0920877267358122,8,1.1382137446111458,121.05,2,"[486.0, 657.2000122070312]"
1779196434.8212478,16.397876543000002,1.3751765316492983,0.903,0.0,0.4976876102872,0.5,1.249227596312842,8,1.201106956914457,145.26,2,"[486.0, 657.2000122070312]"
1779196434.871173,16.447801759,1.3932452644644204,0.903,0.0,0.4969614115212,0.5,1.4062060854168479,8,1.2517283229146832,169.47,2,"[443.0, 705.2000122070312]"
1779196434.9210196,16.497648282,1.3992210895346395,0.903,0.0,0.4962367343952,0.5,1.5628556497700217,8,1.2977477465512524,204.44,2,"[443.0, 705.2000122070312]"
1779196434.9711373,16.547766153,1.3929969360284717,0.903,0.0,0.49550931889853334,0.5,1.7200971530109896,8,1.3314953238847365,225.96,2,"[420.0, 729.4000244140625]"
1779196435.0210876,16.597716276,1.374739429014045,0.903,0.0,0.49478259388053336,0.5,1.877189399184985,8,1.354505035703021,252.85999999999999,2,"[420.0, 729.4000244140625]"
1779196435.0711792,16.647807861,1.3448921216149223,0.903,0.0,0.49405503156813335,0.5,2.0344626387949347,8,1.368310862793992,244.79,2,"[410.79998779296875, 740.2000122070312]"
1779196435.1211948,16.697823732,1.3042713512413933,0.903,0.0,0.4933279822533333,0.5,2.191624986467403,8,1.368310862793992,193.68,2,"[410.79998779296875, 740.2000122070312]"
1779196435.171213,16.747841769,1.2539185942467368,0.903,0.0,0.4926012860694667,0.5,2.3487109997215754,8,1.3667768820061064,193.68,2,"[406.79998779296875, 749.2000122070312]"
1779196435.2211854,16.797814276,1.1950975507199795,0.903,0.0,0.49187474808093334,0.5,2.5057628167397112,8,1.3453011509757073,69.94,2,"[406.79998779296875, 749.2000122070312]"
1779196435.2711432,16.847772058,1.1292906982510502,0.903,0.0,0.49114843400746666,0.5,2.6627662312398357,8,1.3130875544301088,72.63,2,"[399.3999938964844, 730.5999755859375]"
1779196435.3209999,16.897628514,1.0582700961079214,0.903,0.0,0.49042361968680004,0.5,2.8194454522276615,8,1.2701360923693108,53.8,2,"[399.3999938964844, 730.5999755859375]"
1779196435.3711126,16.947741471,0.9833475242964586,0.903,0.0,0.4896958153508,0.5,2.9767710087800765,8,1.217980745581199,-5.38,2,"[414.0, 712.5999755859375]"
1779196435.4213724,16.998001366,0.9065574424603475,0.903,0.0,0.48896699049866665,0.5,3.1343171648270314,8,1.158155494853659,-2.69,2,"[414.0, 712.5999755859375]"
1779196435.4713886,17.048017375,0.8300938426582747,0.903,0.0,0.48823994970039997,0.5,3.291477671526202,8,1.0906603401866908,-2.69,2,"[436.3999938964844, 679.7999877929688]"
1779196435.5215666,17.098195428,0.7555885772887906,0.903,0.0,0.48751227250199997,0.5,3.448775745426083,8,1.0185632431560658,-2.69,2,"[436.3999938964844, 679.7999877929688]"
1779196435.5712662,17.147894889,0.6852276330515098,0.903,0.0,0.48678766188053335,0.5,3.6054109338512745,8,0.9480001269133262,-2.69,2,"[487.6000061035156, 638.2000122070312]"
1779196435.6211345,17.197763322,0.6203232650062225,0.903,0.0,0.4860621366328,0.5,3.7622438321269343,8,0.8743690490948155,-16.14,2,"[487.6000061035156, 638.2000122070312]"
1779196435.6712391,17.24786793,0.5623429398801778,0.903,0.0,0.4853339243461333,0.5,3.919657573185134,8,0.8007379712763046,-59.18,2,"[555.4000244140625, 587.4000244140625]"
1779196435.721007,17.297636089,0.5132305429933577,0.903,0.0,0.4846102973988,0.5,4.076080126053164,8,0.7332428166093364,-126.42999999999999,2,"[555.4000244140625, 587.4000244140625]"
1779196435.771036,17.347664757,0.4736115402032838,0.903,0.0,0.48388333425213337,0.5,4.2332238472227885,8,0.6688156235181395,-153.32999999999998,2,"[603.4000244140625, 516.2000122070312]"
1779196435.8211129,17.397741853,0.44465345195265693,0.903,0.0,0.4831555744898667,0.5,4.390539768510536,8,0.607456392002714,-161.4,2,"[603.4000244140625, 516.2000122070312]"
1779196435.8712592,17.447888102,0.4270781121071419,0.903,0.0,0.4824272362718667,0.5,4.5479807314690746,8,0.5537670644267164,-190.99,2,"[638.7999877929688, 457.20001220703125]"
1779196435.9212382,17.497866825000003,0.4213123307029329,0.903,0.0,0.4817007199961333,0.5,4.705027854947787,8,0.5077476407901472,-204.44,2,"[638.7999877929688, 457.20001220703125]"
1779196435.971216,17.547844802,0.42739871517607525,0.903,0.0,0.4809745285985334,0.5,4.862004751264315,8,0.4740000634566631,-204.44,2,"[669.0, 419.20001220703125]"
1779196436.0213332,17.597961912000002,0.4451984696898266,0.903,0.0,0.4802467393336,0.5,5.019327049985144,8,0.4540583132141498,-228.65,2,"[669.0, 419.20001220703125]"
1779196436.071232,17.647860921,0.4741603639714725,0.903,0.0,0.47952056419879996,0.5,5.176300430859499,8,0.45099035163837853,-239.41,2,"[681.2000122070312, 404.79998779296875]"
1779196436.1209955,17.697624123,0.51340353019137,0.903,0.0,0.47879705037893333,0.5,5.332698529570308,8,0.45099035163837853,-201.75,2,"[681.2000122070312, 404.79998779296875]"
1779196436.171275,17.747903591,0.5624391165387923,0.903,0.0,0.47806789162346663,0.5,5.490316863708479,8,0.45099035163837853,-59.18,2,"[680.2000122070312, 395.0]"
1779196436.2211087,17.797737428,0.6194433081919488,0.903,0.0,0.4773424875546667,0.5,5.647123567384597,8,0.4663301595172349,-75.32,2,"[680.2000122070312, 395.0]"
1779196436.27133,17.847958950000002,0.6834661526466304,0.903,0.0,0.47661443918946667,0.5,5.804501874419259,8,0.500077736850719,-67.25,2,"[668.2000122070312, 397.0]"
1779196436.3211977,17.897826557000002,0.7525357329540509,0.903,0.0,0.47588819736119997,0.5,5.961489672062299,8,0.543029198911517,-67.25,2,"[668.2000122070312, 397.0]"
1779196436.371188,17.947816727000003,0.8251607581408196,0.903,0.0,0.4751612630922667,0.5,6.1186271508873205,8,0.5951845456996288,-56.49,2,"[653.5999755859375, 411.20001220703125]"
1779196436.421124,17.997752617,0.8993681506708867,0.903,0.0,0.4744354136204,0.5,6.275530134953492,8,0.6488738732756262,-34.97,2,"[653.5999755859375, 411.20001220703125]"
1779196436.4710298,18.047658675,0.97341157057857,0.903,0.0,0.4737098248910666,0.5,0.14919144852628108,9,0.7102331047910518,-34.97,2,"[628.2000122070312, 457.0]"
1779196436.520949,18.097577602,1.0455185845804498,0.903,0.0,0.47298406748786664,0.5,0.3060745306029915,9,0.7761942786701345,2.69,2,"[628.2000122070312, 457.0]"
1779196436.5711417,18.1477706,1.1141850972425669,0.903,0.0,0.47225527010373336,0.5,0.46361474903983435,9,0.8498253564886452,5.38,2,"[577.5999755859375, 529.4000244140625]"
1779196436.6212578,18.197886683,1.177372526653661,0.903,0.0,0.4715270071248,0.5,0.6210394479732102,9,0.9203884727313847,59.18,2,"[577.5999755859375, 529.4000244140625]"
1779196436.6713934,18.248022166000002,1.2335500729534994,0.903,0.0,0.4707992814577333,0.5,0.7783479990845876,9,0.9924855697620099,75.32,2,"[523.4000244140625, 615.4000244140625]"
1779196436.721618,18.298246919,1.2814035211312111,0.903,0.0,0.4700715357056,0.5,0.9356608918770135,9,1.0584467436410925,118.36,2,"[523.4000244140625, 615.4000244140625]"
1779196436.7710388,18.347667735,1.3195119391676624,0.903,0.0,0.4693495634945333,0.5,1.0917257492886918,9,1.1228739367322893,118.36,2,"[484.6000061035156, 660.7999877929688]"
1779196436.8211386,18.397767253,1.3475556010836154,0.903,0.0,0.46862236560546666,0.5,1.2489202134628528,9,1.1811652066719438,131.81,2,"[484.6000061035156, 660.7999877929688]"
1779196436.871281,18.447909691,1.364609983056615,0.903,0.0,0.46789226610733337,0.5,1.4067419028934935,9,1.23178657267217,182.92,2,"[446.20001220703125, 701.2000122070312]"
1779196436.9209626,18.497591513,1.3701554243063323,0.903,0.0,0.4671705077833333,0.5,1.562760525486084,9,1.2732040539450822,188.29999999999998,2,"[446.20001220703125, 701.2000122070312]"
1779196436.971019,18.547647912000002,1.3642608960999019,0.903,0.0,0.4664431070816,0.5,1.7199988305857303,9,1.3069516312785663,212.51,2,"[428.3999938964844, 725.4000244140625]"
1779196437.0211933,18.597822118,1.3469893009792226,0.903,0.0,0.4657147410468,0.5,1.8774458065526147,9,1.3299613430968509,220.57999999999998,2,"[428.3999938964844, 725.4000244140625]"
1779196437.07109,18.647718924,1.31893245028016,0.903,0.0,0.4649891961209333,0.5,2.034282958544729,9,1.3406992086120504,234.03,2,"[416.6000061035156, 730.7999877929688]"
1779196437.1212082,18.697836919,1.280619887076194,0.903,0.0,0.46426116804426665,0.5,2.191656879916046,9,1.3391652278241648,166.78,2,"[416.6000061035156, 730.7999877929688]"
1779196437.171047,18.747675792000003,1.2333247667752583,0.903,0.0,0.46353620546906665,0.5,2.3483681482905325,9,1.337631247036279,166.78,2,"[411.0, 736.0]"
1779196437.2211998,18.797828499,1.1778252340359028,0.903,0.0,0.4628079431586667,0.5,2.505792702710643,9,1.3176894967937658,51.11,2,"[411.0, 736.0]"
1779196437.2712438,18.84787259,1.1157837937950992,0.903,0.0,0.4620804792950667,0.5,2.663044661171959,9,1.2854759002481673,53.8,2,"[414.0, 714.5999755859375]"
1779196437.3209596,18.897588365,1.0490918838825045,0.903,0.0,0.4613572102165333,0.5,2.8193898554624823,9,1.2471263805510262,56.49,2,"[414.0, 714.5999755859375]"
1779196437.3710363,18.947664951,0.978628142763497,0.903,0.0,0.4606296545749333,0.5,2.9766616530814076,9,1.1995729761265714,-5.38,2,"[420.3999938964844, 696.7999877929688]"
1779196437.421105,18.997733854,0.9065345789320158,0.903,0.0,0.4599022209406667,0.5,3.1339070770300026,9,1.1428156869748027,-2.69,2,"[420.3999938964844, 696.7999877929688]"
1779196437.4713466,19.047975232000002,0.8344033770947185,0.903,0.0,0.4591729684306667,0.5,3.291545677582384,9,1.0799224746714913,-2.69,2,"[431.79998779296875, 673.0]"
1779196437.5211864,19.097815271,0.7646266839643157,0.903,0.0,0.458448250902,0.5,3.448203975563139,9,1.0108933392166375,-2.69,2,"[431.79998779296875, 673.0]"
1779196437.5711448,19.147773478,0.698312666904084,0.903,0.0,0.4577219218592,0.5,3.6052106259036947,9,0.9418642037617837,-2.69,2,"[473.79998779296875, 638.5999755859375]"
1779196437.6209893,19.197618142,0.637330655315995,0.903,0.0,0.4569967637961333,0.5,3.7619641518409637,9,0.8743690490948155,-24.21,2,"[473.79998779296875, 638.5999755859375]"
1779196437.6711285,19.247757241000002,0.5828501915378637,0.903,0.0,0.45626877129706667,0.5,3.919330382593465,9,0.8053399136399616,-48.42,2,"[555.7999877929688, 582.0]"
1779196437.7210395,19.29766825,0.536597628220304,0.903,0.0,0.4555434387613333,0.5,4.076121623350538,9,0.7409127205487647,-123.74,2,"[555.7999877929688, 582.0]"
1779196437.7712023,19.347831313,0.49932182470816483,0.903,0.0,0.4548148014328,0.5,4.233627243427485,9,0.679553489033339,-145.26,2,"[603.2000122070312, 520.4000244140625]"
1779196437.8213649,19.397993679000002,0.47214856281502693,0.903,0.0,0.45408627954253333,0.5,4.391107909833984,9,0.6227961998815703,-161.4,2,"[603.2000122070312, 520.4000244140625]"
1779196437.8712,19.447828951,0.45576464876473777,0.903,0.0,0.4533613545941333,0.5,4.547811044625092,9,0.5737088146692298,-177.54,2,"[630.0, 473.20001220703125]"
1779196437.9210992,19.497727929,0.45037771122545317,0.903,0.0,0.45263597553720003,0.5,4.704612341620255,9,0.5322913333963175,-188.29999999999998,2,"[630.0, 473.20001220703125]"
1779196437.9710512,19.547679820000003,0.4561135207174423,0.903,0.0,0.4519096093762667,0.5,4.8616270155884465,9,0.500077736850719,-188.29999999999998,2,"[664.7999877929688, 428.79998779296875]"
1779196438.0210567,19.597685430000002,0.4728280072303972,0.903,0.0,0.45118266010893326,0.5,5.018767736537086,9,0.47860200582032003,-225.96,2,"[664.7999877929688, 428.79998779296875]"
1779196438.0709817,19.647610445,0.5000039668489584,0.903,0.0,0.45045729562893333,0.5,5.175565882514817,9,0.4740000634566631,-204.44,2,"[679.0, 403.20001220703125]"
1779196438.1211321,19.697761009,0.5371543776274593,0.903,0.0,0.44972865115,0.5,5.333073048255351,9,0.4740000634566631,-150.64,2,"[679.0, 403.20001220703125]"
1779196438.1711547,19.747783543,0.5831109355408608,0.903,0.0,0.4490017245110667,0.5,5.49020887774423,9,0.47553404424454876,-75.32,2,"[671.0, 401.0]"
1779196438.2213364,19.797965197,0.6369366440297173,0.903,0.0,0.44827293394306666,0.5,5.647747622774112,9,0.4924078329112908,-78.01,2,"[671.0, 401.0]"
1779196438.2713616,19.847990535,0.6969736146358967,0.903,0.0,0.44754639378906663,0.5,5.804799907889553,9,0.5246214294568893,-83.39,2,"[649.7999877929688, 408.0]"
1779196438.321283,19.897911865,0.7617307096671743,0.903,0.0,0.4468214784472,0.5,5.961500966087911,9,0.5629709491540303,-83.39,2,"[649.7999877929688, 408.0]"
1779196438.3714697,19.948098376,0.8300810881515134,0.903,0.0,0.44609293071666667,0.5,6.118987218246147,9,0.6105243535784852,-48.42,2,"[645.4000244140625, 416.20001220703125]"
1779196438.4214187,19.998047401,0.899813307557834,0.903,0.0,0.44536643438066664,0.5,6.27603003145974,9,0.6642136811544826,-43.04,2,"[645.4000244140625, 416.20001220703125]"
1779196438.4712002,20.047828925,0.9692732501878943,0.903,0.0,0.44464123919946663,0.5,0.14960627384505898,10,0.7209709703062513,5.38,2,"[612.4000244140625, 462.6000061035156]"
1779196438.521529,20.098157715000003,1.0373171857253087,0.903,0.0,0.44391129286813336,0.5,0.30739485403071853,10,0.7838641826095626,2.69,2,"[612.4000244140625, 462.6000061035156]"
1779196438.5711732,20.147802088000002,1.1011770718245657,0.903,0.0,0.44318871923866665,0.5,0.4635897168295884,10,0.8528933180644165,2.69,2,"[574.5999755859375, 546.2000122070312]"
1779196438.6211498,20.197778527,1.1603308952500113,0.903,0.0,0.44246200202506664,0.5,0.6206802759683256,10,0.9188544919434991,51.11,2,"[574.5999755859375, 546.2000122070312]"
1779196438.6712224,20.247851068000003,1.2130195006550466,0.903,0.0,0.44173443855,0.5,0.7779537669056893,10,0.9878836273983529,72.63,2,"[529.4000244140625, 614.2000122070312]"
1779196438.7211936,20.297822347,1.2578407390783628,0.903,0.0,0.44100781586119997,0.5,0.935023893125809,10,1.0492428589137786,107.6,2,"[529.4000244140625, 614.2000122070312]"
1779196438.7711124,20.347741391,1.293745103235753,0.903,0.0,0.4402822543092,0.5,1.0918646390999172,10,1.1075341288534328,107.6,2,"[487.3999938964844, 666.2000122070312]"
1779196438.8212166,20.397845389,1.3200102623164631,0.903,0.0,0.43955471721213335,0.5,1.2491324280466216,10,1.1642914180052018,131.81,2,"[487.3999938964844, 666.2000122070312]"
1779196438.8712409,20.447869535000002,1.3359069247025646,0.903,0.0,0.43882743520413336,0.5,1.406345075759063,10,1.2118448224296565,164.09,2,"[457.20001220703125, 687.7999877929688]"
1779196438.9210224,20.49765112,1.3410896306208149,0.903,0.0,0.43810357020080004,0.5,1.562819087914761,10,1.2501943421267976,177.54,2,"[457.20001220703125, 687.7999877929688]"
1779196438.9710867,20.547715418000003,1.3355089814205015,0.903,0.0,0.43737589681013334,0.5,1.7201163387173608,10,1.2808739578845103,185.60999999999999,2,"[434.79998779296875, 708.4000244140625]"
1779196439.0211978,20.597826445000003,1.3192790439722781,0.903,0.0,0.43664808997439997,0.5,1.8774424356237063,10,1.3023496889149093,201.75,2,"[434.79998779296875, 708.4000244140625]"
1779196439.0712306,20.647859311,1.2928828943911483,0.903,0.0,0.43592138040533335,0.5,2.0345313422847084,10,1.3130875544301088,225.96,2,"[417.79998779296875, 718.0]"
1779196439.121235,20.697863529000003,1.2569742579218013,0.903,0.0,0.4351944394801333,0.5,2.1916702599591673,10,1.3146215352179944,225.96,2,"[417.79998779296875, 718.0]"
1779196439.171418,20.748046861000002,1.2123960765702912,0.903,0.0,0.4344663082749333,0.5,2.3490664740719467,10,1.3130875544301088,145.26,2,"[415.0, 718.5999755859375]"
1779196439.2214966,20.798125385000002,1.1603751884275506,0.903,0.0,0.43373878279,0.5,2.506331752886112,10,1.2946797849754812,72.63,2,"[415.0, 718.5999755859375]"
1779196439.271379,20.848007905000003,1.1023353396297395,0.903,0.0,0.4330130523461333,0.5,2.6632090073084527,10,1.265534150005654,-8.07,2,"[413.3999938964844, 711.7999877929688]"
1779196439.3212192,20.897847954000003,1.0396795136351322,0.903,0.0,0.4322882030437333,0.5,2.819895790109797,10,1.2287186110963986,-5.38,2,"[413.3999938964844, 711.7999877929688]"
1779196439.3712685,20.947897140000002,0.973670125502597,0.903,0.0,0.43156097328306664,0.5,2.977097143796655,10,1.1811652066719438,-5.38,2,"[411.79998779296875, 699.2000122070312]"
1779196439.4213562,20.997984973,0.9061396779054673,0.903,0.0,0.43083371278439997,0.5,3.1343051419519696,10,1.1274758790959463,-2.69,2,"[411.79998779296875, 699.2000122070312]"
1779196439.4713209,21.047949607,0.8388313202352431,0.903,0.0,0.4301072346732,0.5,3.2913440156083738,10,1.069184609156292,-2.69,2,"[438.0, 671.7999877929688]"
1779196439.521165,21.09779367,0.7734054794329126,0.903,0.0,0.4293816478622666,0.5,3.448190221670515,10,1.004757416065095,-10.76,2,"[438.0, 671.7999877929688]"
1779196439.5710306,21.147659359000002,0.7114127223713257,0.903,0.0,0.4286564902788,0.5,3.604943643935229,10,0.940330222973898,-10.76,2,"[482.20001220703125, 643.5999755859375]"
1779196439.6213787,21.198007431,0.65397460221593,0.903,0.0,0.4279267006749333,0.5,3.7626983451857114,10,0.8774370106705868,-24.21,2,"[482.20001220703125, 643.5999755859375]"
1779196439.671176,21.247804716,0.6032119148790966,0.903,0.0,0.4272015904992,0.5,3.9194415195751873,10,0.8114758367915041,-43.04,2,"[543.5999755859375, 596.5999755859375]"
1779196439.7209764,21.297605053,0.5599966931120166,0.903,0.0,0.42647714603733333,0.5,4.076040790171575,10,0.7501166052760785,-102.22,2,"[543.5999755859375, 596.5999755859375]"
1779196439.7711997,21.347828327000002,0.5251272983473281,0.903,0.0,0.42574830067866665,0.5,4.233591379005759,10,0.6918253353364242,-126.42999999999999,2,"[606.0, 518.5999755859375]"
1779196439.821283,21.397911881000002,0.4997698788785609,0.903,0.0,0.4250211066845333,0.5,4.390785001233098,10,0.6381360077604268,-147.95,2,"[606.0, 518.5999755859375]"
1779196439.8713398,21.447968646,0.4844385086721215,0.903,0.0,0.4242946846429333,0.5,4.5478117546250445,10,0.5921165841238575,-166.78,2,"[639.5999755859375, 465.6000061035156]"
1779196439.921223,21.497851922000002,0.47944380781237705,0.903,0.0,0.42356827318159995,0.5,4.704836220937537,10,0.5553010452146021,-196.37,2,"[639.5999755859375, 465.6000061035156]"
1779196439.9713254,21.547954119,0.4848909085286853,0.903,0.0,0.4228406274333333,0.5,4.862127496430915,10,0.526155410244775,-196.37,2,"[655.4000244140625, 428.79998779296875]"
1779196440.0213761,21.598004984000003,0.500614655131498,0.903,0.0,0.4221134123222667,0.5,5.019325683392367,10,0.5062136600022615,-182.92,2,"[655.4000244140625, 428.79998779296875]"
1779196440.071206,21.647834794,0.5261242821037624,0.903,0.0,0.4213878372687999,0.5,5.176169347906054,10,0.5031456984264903,-207.13,2,"[659.2000122070312, 413.3999938964844]"
1779196440.1210744,21.697703305,0.5607645362091291,0.903,0.0,0.42066263663759995,0.5,5.332932075568209,10,0.5031456984264903,-169.47,2,"[659.2000122070312, 413.3999938964844]"
1779196440.1711216,21.747750181,0.6037749008048878,0.903,0.0,0.4199357477998667,0.5,5.490059733774601,10,0.5031456984264903,-53.8,2,"[656.2000122070312, 414.3999938964844]"
1779196440.2211666,21.797795523,0.6540214961562523,0.903,0.0,0.41920854015893333,0.5,5.647256305957441,10,0.5184855063053467,-78.01,2,"[656.2000122070312, 414.3999938964844]"
1779196440.2712564,21.847885323,0.7102950378596249,0.903,0.0,0.4184804615353333,0.5,5.804641153788012,10,0.5476311412751739,-53.8,2,"[651.4000244140625, 411.0]"
1779196440.3211854,21.897814222,0.7709157870759934,0.903,0.0,0.4177548674141333,0.5,5.961488940071263,10,0.5859806609723149,-53.8,2,"[651.4000244140625, 411.0]"
1779196440.3712552,21.947883876000002,0.8347420377805224,0.903,0.0,0.41702727783719995,0.5,6.1187680733090275,10,0.6320000846088841,-53.8,2,"[638.7999877929688, 427.79998779296875]"
1779196440.421287,21.997915757,0.8999935213680728,0.903,0.0,0.4163000762276,0.5,6.275963341730915,10,0.679553489033339,5.38,2,"[638.7999877929688, 427.79998779296875]"
1779196440.4712048,22.047833429,0.9649513283087385,0.903,0.0,0.4155744549145334,0.5,0.14963169875442617,11,0.7332428166093364,5.38,2,"[613.2000122070312, 474.20001220703125]"
1779196440.5209908,22.097619591,1.0280319568801572,0.903,0.0,0.4148503822008,0.5,0.3061506105523293,11,0.7915340865489908,2.69,2,"[613.2000122070312, 474.20001220703125]"
1779196440.57153,22.148158929,1.0884974068966498,0.903,0.0,0.41411805987293326,0.5,0.4644527971545571,11,0.8544272988523022,2.69,2,"[573.4000244140625, 550.0]"
1779196440.6215024,22.198131112000002,1.1435880014297062,0.903,0.0,0.4133930891445333,0.5,0.6211658279625212,11,0.9157865303677277,43.04,2,"[573.4000244140625, 550.0]"
1779196440.67107,22.247698954,1.1925204839493768,0.903,0.0,0.4126693526013333,0.5,0.7776120715807551,11,0.9817477042468103,75.32,2,"[539.7999877929688, 600.7999877929688]"
1779196440.7211275,22.297756402,1.2344018013683764,0.903,0.0,0.4119421383041333,0.5,0.9348100826130192,11,1.0400389741864646,75.32,2,"[539.7999877929688, 600.7999877929688]"
1779196440.7711856,22.347814397,1.2680029321280042,0.903,0.0,0.4112142363332,0.5,1.092156744384873,11,1.0983302441261191,121.05,2,"[492.3999938964844, 645.2000122070312]"
1779196440.821262,22.397890608,1.2924389568597952,0.903,0.0,0.41048788258373337,0.5,1.2491687354329386,11,1.1474176293384597,131.81,2,"[492.3999938964844, 645.2000122070312]"
1779196440.8711793,22.447808051000003,1.3072215797792737,0.903,0.0,0.4097615698909333,0.5,1.4061718514817514,11,1.1903690913992575,156.02,2,"[455.0, 681.7999877929688]"
1779196440.920943,22.497571711000003,1.3120239960782518,0.903,0.0,0.40903727205586665,0.5,1.5627394265498609,11,1.2256506495206272,180.23,2,"[455.0, 681.7999877929688]"
1779196440.9710793,22.547707953,1.3067696911135103,0.903,0.0,0.40830950896546664,0.5,1.7200560672623268,11,1.2563302652783401,182.92,2,"[429.6000061035156, 706.0]"
1779196441.0213616,22.597990369,1.2915019459460355,0.903,0.0,0.4075790166749333,0.5,1.877962664517618,11,1.2762720155208536,188.29999999999998,2,"[429.6000061035156, 706.0]"
1779196441.0712402,22.647869008,1.2668727707376295,0.903,0.0,0.40685438460226664,0.5,2.034602489933569,11,1.2854759002481673,196.37,2,"[420.3999938964844, 716.4000244140625]"
1779196441.1211655,22.697794211,1.2333367341717367,0.903,0.0,0.4061278584148,0.5,2.1916517559784623,11,1.2854759002481673,196.37,2,"[420.3999938964844, 716.4000244140625]"
1779196441.1709898,22.747618518000003,1.1919259627804077,0.903,0.0,0.4054033243258667,0.5,2.348270400776748,11,1.282407938672396,121.05,2,"[412.0, 719.2000122070312]"
1779196441.221283,22.797911638000002,1.1432232271438831,0.903,0.0,0.40467346599386667,0.5,2.506039958618892,11,1.265534150005654,72.63,2,"[412.0, 719.2000122070312]"
1779196441.2713292,22.847957943,1.0888775678652736,0.903,0.0,0.4039453972238667,0.5,2.6634226764496347,11,1.239456476611598,53.8,2,"[415.0, 706.4000244140625]"
1779196441.3209553,22.897584068,1.0306822628355115,0.903,0.0,0.40322386112906666,0.5,2.8193932609489636,11,1.2041749184902284,-5.38,2,"[415.0, 706.4000244140625]"
1779196441.3711836,22.947812616,0.9690084681072666,0.903,0.0,0.4024954479336,0.5,2.976850431384001,11,1.1612234564294304,-2.69,2,"[425.3999938964844, 692.0]"
1779196441.4212737,22.997902470000003,0.9059166548089207,0.903,0.0,0.4017669171489333,0.5,3.1343330204452045,11,1.1106020904292042,-2.69,2,"[425.3999938964844, 692.0]"
1779196441.4712157,23.047844531000003,0.8432312502885894,0.903,0.0,0.4010413089885333,0.5,3.2911838415069568,11,1.0569127628532067,-2.69,2,"[448.3999938964844, 664.5999755859375]"
1779196441.5211327,23.097761346000002,0.782183228340529,0.903,0.0,0.40031504136359997,0.5,3.448177215476953,11,0.9970875121256667,-2.69,2,"[448.3999938964844, 664.5999755859375]"
1779196441.5710645,23.147693217,0.7243276687018356,0.903,0.0,0.3995888297065333,0.5,3.605158491173647,11,0.9357282806102412,-10.76,2,"[497.20001220703125, 622.5999755859375]"
1779196441.6210706,23.197699426,0.6710414563430688,0.903,0.0,0.39886221889146667,0.5,3.762226050712563,11,0.8789709914584724,-24.21,2,"[497.20001220703125, 622.5999755859375]"
1779196441.671096,23.247724937,0.6236222964704613,0.903,0.0,0.39813513651333327,0.5,3.9193955455083156,11,0.8191457407309324,-59.18,2,"[540.7999877929688, 587.4000244140625]"
1779196441.7209597,23.297588322000003,0.583381541407755,0.903,0.0,0.3974106259247999,0.5,4.076009110351272,11,0.760854470791278,-102.22,2,"[540.7999877929688, 587.4000244140625]"
1779196441.7711382,23.347767048,0.5509382692015092,0.903,0.0,0.396681967116,0.5,4.233519373702158,11,0.7086991240031663,-121.05,2,"[582.7999877929688, 532.0]"
1779196441.821275,23.397903663,0.527316736052726,0.903,0.0,0.39595330760959996,0.5,4.391029787849497,11,0.6596117387908257,-156.02,2,"[582.7999877929688, 532.0]"
1779196441.871336,23.447964902000002,0.5130884242554078,0.903,0.0,0.3952261714145333,0.5,4.548210915962848,11,0.6151262959421421,-156.02,2,"[616.4000244140625, 479.79998779296875]"
1779196441.9210722,23.497701015,0.5085092055802797,0.903,0.0,0.39450288475066664,0.5,4.704559911580482,11,0.5783107570328867,-156.02,2,"[616.4000244140625, 479.79998779296875]"
1779196441.9710133,23.54764202,0.513597633220277,0.903,0.0,0.393776499522,0.5,4.8615787073182375,11,0.5522330836388308,-185.60999999999999,2,"[650.4000244140625, 442.6000061035156]"
1779196442.0211244,23.597753205,0.5282817860204235,0.903,0.0,0.39304828880493337,0.5,5.018992109084429,11,0.5353592949720888,-185.60999999999999,2,"[650.4000244140625, 442.6000061035156]"
1779196442.0710025,23.647631181,0.5520477914753041,0.903,0.0,0.3923230456637333,0.5,5.175764025905089,11,0.5292233718205462,-182.92,2,"[660.7999877929688, 426.3999938964844]"
1779196442.120965,23.697593645,0.5843541917330389,0.903,0.0,0.3915971274056,0.5,5.332681879129289,11,0.5292233718205462,-137.19,2,"[660.7999877929688, 426.3999938964844]"
1779196442.1711483,23.747777056,0.6245236514882573,0.903,0.0,0.3908684593536,0.5,5.490194140533099,11,0.5307573526084318,-69.94,2,"[656.0, 416.20001220703125]"
1779196442.2212918,23.797920748000003,0.671425776699728,0.903,0.0,0.3901398158193333,0.5,5.6477011020701084,11,0.5460971604872883,-53.8,2,"[656.0, 416.20001220703125]"
1779196442.2711587,23.847787371000003,0.7235945006365253,0.903,0.0,0.3894149304452,0.5,5.804395682304424,11,0.5721748338813442,-56.49,2,"[642.0, 418.0]"
1779196442.3211362,23.897764977,0.7800668077546641,0.903,0.0,0.3886886902446667,0.5,5.961383128089089,11,0.6059224112148283,-56.49,2,"[642.0, 418.0]"
1779196442.3710818,23.947710515,0.8393581610699272,0.903,0.0,0.38796231738386666,0.5,6.1183992503315,11,0.6504078540635119,-51.11,2,"[634.4000244140625, 431.0]"
1779196442.4211855,23.997814165,0.9000385828707066,0.903,0.0,0.38723537888573334,0.5,6.275537643359989,11,0.6964272777000811,-40.35,2,"[634.4000244140625, 431.0]"
1779196442.4709864,24.047615077000003,0.9604204261416298,0.903,0.0,0.3865101869164,0.5,0.14911319145333835,12,0.7439806821245359,2.69,2,"[603.5999755859375, 472.6000061035156]"
1779196442.5211399,24.097768673,1.0194251275278121,0.903,0.0,0.38578177649679996,0.5,0.3065697618441874,12,0.7992039904884191,2.69,2,"[603.5999755859375, 472.6000061035156]"
1779196442.5710156,24.147644246000002,1.0750988485760016,0.903,0.0,0.38505651033479993,0.5,0.46334665494761396,12,0.859029241215959,2.69,2,"[561.0, 537.4000244140625]"
1779196442.621179,24.197807683,1.1265624317577068,0.903,0.0,0.3843280533649333,0.5,0.6208132878597326,12,0.9157865303677277,37.66,2,"[561.0, 537.4000244140625]"
1779196442.6714897,24.248118419,1.1724326252284818,0.903,0.0,0.3835974638609333,0.5,0.778740899228282,12,0.9771457618831534,67.25,2,"[524.5999755859375, 602.4000244140625]"
1779196442.7210891,24.297717872,1.211004902686015,0.903,0.0,0.38287574386133333,0.5,0.9347512374410485,12,1.0323690702470365,67.25,2,"[524.5999755859375, 602.4000244140625]"
1779196442.7710643,24.347692949000002,1.2421537669807925,0.903,0.0,0.38214888643013334,0.5,1.0918721066657042,12,1.0829904362472627,115.67,2,"[492.79998779296875, 646.5999755859375]"
1779196442.821066,24.397694505,1.264838281111641,0.903,0.0,0.38142219050786663,0.5,1.2489580633712052,12,1.1274758790959463,126.42999999999999,2,"[492.79998779296875, 646.5999755859375]"
1779196442.8713381,24.447966963000002,1.2785653033250945,0.903,0.0,0.38069350920146666,0.5,1.4064731899075156,12,1.167359379580973,147.95,2,"[462.3999938964844, 679.5999755859375]"
1779196442.9210157,24.497644396000002,1.2829581767496636,0.903,0.0,0.37997032342799997,0.5,1.562800376588953,12,1.2026409377023426,180.23,2,"[462.3999938964844, 679.5999755859375]"
1779196442.9712086,24.547837301,1.2780016713260423,0.903,0.0,0.3792409831657333,0.5,1.7204579460777722,12,1.2302525918842842,174.85,2,"[437.6000061035156, 706.0]"
1779196443.0213106,24.597939372000003,1.2638208763376164,0.903,0.0,0.37851332756386663,0.5,1.8777513515709643,12,1.248660361338912,180.23,2,"[437.6000061035156, 706.0]"
1779196443.0711603,24.647789200000002,1.240894431168059,0.903,0.0,0.3777881886557333,0.5,2.0345007368891146,12,1.2578642460662257,174.85,2,"[435.3999938964844, 703.4000244140625]"
1779196443.121061,24.697689761000003,1.2097686357974653,0.903,0.0,0.3770627301741333,0.5,2.1913192026881205,12,1.2578642460662257,174.85,2,"[435.3999938964844, 703.4000244140625]"
1779196443.1713238,24.747952493000003,1.171008013167847,0.903,0.0,0.376333154312,0.5,2.3490277005354443,12,1.2563302652783401,99.53,2,"[425.3999938964844, 703.7999877929688]"
1779196443.2211282,24.797757162,1.12609632757259,0.903,0.0,0.37560873679493334,0.5,2.505621146619049,12,1.239456476611598,67.25,2,"[425.3999938964844, 703.7999877929688]"
1779196443.2712603,24.847888946,1.0757294811465627,0.903,0.0,0.3748818674028,0.5,2.66274460137447,12,1.214912784005428,-5.38,2,"[423.3999938964844, 699.7999877929688]"
1779196443.3209968,24.897625491000003,1.0214607838796297,0.903,0.0,0.37415696838186663,0.5,2.819442131564287,12,1.1811652066719438,-5.38,2,"[423.3999938964844, 699.7999877929688]"
1779196443.37113,24.947758637000003,0.9642425911165085,0.903,0.0,0.37342879379466665,0.5,2.976847723331147,12,1.1428156869748027,-2.69,2,"[425.6000061035156, 680.5999755859375]"
1779196443.4211314,24.997760066,0.9058615355834341,0.903,0.0,0.37270218534853333,0.5,3.1339147707904687,12,1.0952622825503477,-2.69,2,"[425.6000061035156, 680.5999755859375]"
1779196443.4712734,25.047902173,0.8475108489922989,0.903,0.0,0.37197398304626667,0.5,3.2913263535745187,12,1.0446409165501216,-2.69,2,"[444.6000061035156, 653.7999877929688]"
1779196443.5212407,25.097869598000003,0.7908778318306837,0.903,0.0,0.37124735323613334,0.5,3.4483980191750447,12,0.9894176081862386,-2.69,2,"[444.6000061035156, 653.7999877929688]"
1779196443.5712388,25.147867651000002,0.7372282410193475,0.903,0.0,0.3705208101464,0.5,3.6054509388922042,12,0.9311263382465842,-2.69,2,"[485.79998779296875, 627.5999755859375]"
1779196443.621345,25.197973870000002,0.6878101824708878,0.903,0.0,0.3697934569977333,0.5,3.762678964700683,12,0.8789709914584724,-21.52,2,"[485.79998779296875, 627.5999755859375]"
1779196443.6711075,25.247736138,0.6440608669852977,0.903,0.0,0.36906921851679997,0.5,3.9192337095043825,12,0.8237476830945893,-45.73,2,"[532.7999877929688, 595.2000122070312]"
1779196443.7210104,25.297639290000003,0.6067389240132408,0.903,0.0,0.36834353883786664,0.5,4.076099990343579,12,0.7715923363064775,-99.53,2,"[532.7999877929688, 595.2000122070312]"
1779196443.7711146,25.347743279000003,0.5767505589843394,0.903,0.0,0.3676157243866666,0.5,4.233427733444472,12,0.7209709703062513,-115.67,2,"[582.2000122070312, 544.5999755859375]"
1779196443.8213654,25.397994192000002,0.5549053533761139,0.903,0.0,0.3668870541837333,0.5,4.390940459804,12,0.6764855274575677,-142.57,2,"[582.2000122070312, 544.5999755859375]"
1779196443.871398,25.448026787,0.541782391716402,0.903,0.0,0.36616102273999995,0.5,4.547882779751788,12,0.6350680461846554,-150.64,2,"[621.5999755859375, 486.79998779296875]"
1779196443.921476,25.498104854,0.5375765114839884,0.903,0.0,0.36543251469999993,0.5,4.705360452220489,12,0.602854449639057,-150.64,2,"[621.5999755859375, 486.79998779296875]"
1779196443.9712276,25.547856514000003,0.542366541904105,0.903,0.0,0.36470785863280003,0.5,4.862005464405911,12,0.5767767762450011,-156.02,2,"[643.4000244140625, 448.20001220703125]"
1779196444.0212061,25.597834811000002,0.555999469149761,0.903,0.0,0.36398135657066666,0.5,5.019049515407005,12,0.5583690067903734,-182.92,2,"[643.4000244140625, 448.20001220703125]"
1779196444.0711567,25.647785703,0.5780841693778824,0.903,0.0,0.3632554117892,0.5,5.175973102037801,12,0.5537670644267164,-188.29999999999998,2,"[648.4000244140625, 432.0]"
1779196444.1211364,25.697765322000002,0.6080803129680047,0.903,0.0,0.3625288578866666,0.5,5.333028359099899,12,0.5522330836388308,-112.98,2,"[648.4000244140625, 432.0]"
1779196444.1713502,25.747978857000003,0.6453054325155436,0.903,0.0,0.3618004783649333,0.5,5.490478250464761,12,0.5537670644267164,-67.25,2,"[643.4000244140625, 424.20001220703125]"
1779196444.2212324,25.797861176,0.6885958691446736,0.903,0.0,0.3610744571526667,0.5,5.647418358731315,12,0.5706408530934585,-61.87,2,"[643.4000244140625, 424.20001220703125]"
1779196444.2714784,25.848107243,0.7371531894058773,0.903,0.0,0.36034585701493327,0.5,5.804915939472664,12,0.5951845456996288,-53.8,2,"[635.5999755859375, 423.6000061035156]"
1779196444.321213,25.897841728000003,0.7893096776166528,0.903,0.0,0.35962135174559995,0.5,5.961528354492714,12,0.6273981422452273,-53.8,2,"[635.5999755859375, 423.6000061035156]"
1779196444.3715858,25.948214706,0.8444149481507695,0.903,0.0,0.3588918872088,0.5,6.1192127877403095,12,0.6688156235181395,-40.35,2,"[620.7999877929688, 440.20001220703125]"
1779196444.4212043,25.997833107,0.9003146192292131,0.903,0.0,0.358168018078,0.5,6.2756876921083204,12,0.7102331047910518,2.69,2,"[620.7999877929688, 440.20001220703125]"
1779196444.4711494,26.047778164,0.9562284206069891,0.903,0.0,0.3574418656878666,0.5,0.14947084921058007,13,0.7562525284276211,2.69,2,"[596.5999755859375, 487.0]"
1779196444.5210536,26.097682316,1.010552580545019,0.903,0.0,0.3567164826778666,0.5,0.3062730007189387,13,0.8068738944278473,2.69,2,"[596.5999755859375, 487.0]"
1779196444.5711668,26.147795638,1.0621831473825036,0.903,0.0,0.35598873991959995,0.5,0.46358524634327836,13,0.8605632220038447,2.69,2,"[559.7999877929688, 549.4000244140625]"
1779196444.6212301,26.197859012000002,1.1096641671189862,0.903,0.0,0.35526122954933326,0.5,0.6208472579010831,13,0.9127185687919565,34.97,2,"[559.7999877929688, 549.4000244140625]"
1779196444.671377,26.248005671,1.1518904467265065,0.903,0.0,0.3545331406797333,0.5,0.7782343205544677,13,0.9694758579437253,67.25,2,"[533.2000122070312, 607.2000122070312]"
1779196444.7212403,26.297869081,1.1876859139477085,0.903,0.0,0.35380764881506666,0.5,0.9350600025918041,13,1.0185632431560658,67.25,2,"[533.2000122070312, 607.2000122070312]"
1779196444.7713761,26.348005028000003,1.2164335727296185,0.903,0.0,0.35307999564026665,0.5,1.0923528834390268,13,1.069184609156292,107.6,2,"[497.0, 647.7999877929688]"
1779196444.8210905,26.397719227000003,1.2372598971982225,0.903,0.0,0.3523557022378666,0.5,1.248919500321371,13,1.1106020904292042,126.42999999999999,2,"[497.0, 647.7999877929688]"
1779196444.871395,26.448023923,1.249912997405267,0.903,0.0,0.35162484689013335,0.5,1.4069045777027398,13,1.1489516101263453,147.95,2,"[468.79998779296875, 663.4000244140625]"
1779196444.9209912,26.497619964000002,1.253892415245609,0.903,0.0,0.3509035957794666,0.5,1.5628135587117171,13,1.179631225884058,169.47,2,"[468.79998779296875, 663.4000244140625]"
1779196444.971047,26.547675881,1.2492831659543773,0.903,0.0,0.3501762122706666,0.5,1.7200481473072458,13,1.2041749184902284,185.60999999999999,2,"[457.20001220703125, 683.4000244140625]"
1779196445.0211587,26.597787612,1.2361541317419513,0.903,0.0,0.3494483983572,0.5,1.8773757741692165,13,1.222582687944856,180.23,2,"[457.20001220703125, 683.4000244140625]"
1779196445.071137,26.647765640000003,1.2149171155416865,0.903,0.0,0.34872209886066663,0.5,2.034376037651903,13,1.2302525918842842,172.16,2,"[434.3999938964844, 693.7999877929688]"
1779196445.1211495,26.697778242000002,1.1860817630215252,0.903,0.0,0.3479951888769333,0.5,2.1915082668755943,13,1.23178657267217,172.16,2,"[434.3999938964844, 693.7999877929688]"
1779196445.1711843,26.74781313,1.1504042166344641,0.903,0.0,0.34726828935719994,0.5,2.348638234152581,13,1.2287186110963986,86.08,2,"[426.0, 697.7999877929688]"
1779196445.2211988,26.797827463,1.1087953345515922,0.903,0.0,0.34654146918946666,0.5,2.5057510483336713,13,1.2118448224296565,-5.38,2,"[426.0, 697.7999877929688]"
1779196445.271237,26.84786576,1.062203107896013,0.903,0.0,0.3458131996269333,0.5,2.663177170408524,13,1.188835110611372,-5.38,2,"[429.0, 687.2000122070312]"
1779196445.3211877,26.897816440000003,1.0121102288416135,0.903,0.0,0.3450882218208,0.5,2.8198917311721132,13,1.1596894756415448,-5.38,2,"[429.0, 687.2000122070312]"
1779196445.371188,26.947816675000002,0.959428450757695,0.903,0.0,0.3443614859754666,0.5,2.9769863178326332,13,1.1213399559444037,-5.38,2,"[425.3999938964844, 681.0]"
1779196445.4212272,26.997855925000003,0.9055128085665163,0.903,0.0,0.3436338284988,0.5,3.1342801285912785,13,1.0783884938836057,-2.69,2,"[425.3999938964844, 681.0]"
1779196445.4714713,27.048099898,0.851733315982264,0.903,0.0,0.3429057639870666,0.5,3.2916619259353794,13,1.0323690702470365,-2.69,2,"[449.3999938964844, 660.7999877929688]"
1779196445.5211782,27.097806995000003,0.7997428938361826,0.903,0.0,0.3421819185165333,0.5,3.448131715790545,13,0.983281685034696,-2.69,2,"[449.3999938964844, 660.7999877929688]"
1779196445.571315,27.147943934,0.7502452651956583,0.903,0.0,0.34145433472386666,0.5,3.6054095986744343,13,0.9295923574586985,-5.38,2,"[485.79998779296875, 638.4000244140625]"
1779196445.6211782,27.197806907,0.7048177953024288,0.903,0.0,0.3407283608466667,0.5,3.762339474773718,13,0.880504972246358,-18.83,2,"[485.79998779296875, 638.4000244140625]"
1779196445.6714106,27.248039394000003,0.6641867840440511,0.903,0.0,0.33999737623946663,0.5,3.920352493480145,13,0.8298836062461319,-40.35,2,"[538.7999877929688, 582.4000244140625]"
1779196445.7210286,27.297657209,0.630091997055888,0.903,0.0,0.3392762775253333,0.5,4.076228531748562,13,0.7792622402459057,-88.77,2,"[538.7999877929688, 582.4000244140625]"
1779196445.7713406,27.347969533,0.6024926100860095,0.903,0.0,0.3385474169212,0.5,4.233782416113449,13,0.7317088358214509,-96.84,2,"[579.2000122070312, 531.4000244140625]"
1779196445.8225145,27.39914328,0.5824957430307103,0.903,0.0,0.33782095485479996,0.5,4.390817821451556,13,0.6918253353364242,-134.5,2,"[579.2000122070312, 531.4000244140625]"
1779196445.8712776,27.447906544000002,0.5704497946789459,0.903,0.0,0.33709373052959996,0.5,4.548018000182758,13,0.6565437772150544,-134.5,2,"[613.0, 491.0]"
1779196445.921137,27.497765728,0.566641031152123,0.903,0.0,0.33636892282159997,0.5,4.704695791745927,13,0.6227961998815703,-134.5,2,"[613.0, 491.0]"
1779196445.9710443,27.547672998000003,0.5710894355949523,0.903,0.0,0.33564280753506665,0.5,4.861656235541737,13,0.6013204688511713,-153.32999999999998,2,"[636.4000244140625, 434.0]"
1779196446.021011,27.597639735,0.5836701660791052,0.903,0.0,0.3349164412433333,0.5,5.0186709377842575,13,0.5875146417602005,-169.47,2,"[636.4000244140625, 434.0]"
1779196446.071,27.647628921000003,0.6040332649344835,0.903,0.0,0.33419024411959997,0.5,5.175649071888294,13,0.5844466801844292,-164.09,2,"[628.0, 440.0]"
1779196446.1210208,27.697649511,0.6316700122762986,0.903,0.0,0.33346350732959995,0.5,5.332743862752331,13,0.5859806609723149,-115.67,2,"[628.0, 440.0]"
1779196446.171057,27.747685873000002,0.6658934702926522,0.903,0.0,0.33273605587746663,0.5,5.489993138293521,13,0.5859806609723149,-51.11,2,"[627.0, 465.3999938964844]"
1779196446.2211225,27.797751134000002,0.7057948328852562,0.903,0.0,0.3320088305349333,0.5,5.647193536936207,13,0.5967185264875144,5.38,2,"[627.0, 465.3999938964844]"
1779196446.2711766,27.847805225000002,0.7503786555999666,0.903,0.0,0.3312815686265333,0.5,5.804401839826006,13,0.6212622190936846,5.38,2,"[639.7999877929688, 456.20001220703125]"
1779196446.3213494,27.897978342000002,0.7985873875615098,0.903,0.0,0.33055338415666663,0.5,5.961809567875868,13,0.6504078540635119,5.38,2,"[639.7999877929688, 456.20001220703125]"
1779196446.371276,27.947904682,0.8489906441460532,0.903,0.0,0.3298276192252,0.5,6.118694277297571,13,0.6872233929727672,5.38,2,"[627.4000244140625, 447.6000061035156]"
1779196446.4213047,27.997933569,0.9005957157863349,0.903,0.0,0.32910046354093336,0.5,6.275879618286673,13,0.7255729126699083,2.69,2,"[627.4000244140625, 447.6000061035156]"
1779196446.4716628,28.048291519000003,0.9523759229212547,0.903,0.0,0.3283684028130667,0.5,0.1509399490415433,14,0.7669903939428205,2.69,2,"[596.0, 493.0]"
1779196446.520957,28.097585756,1.0017348414861251,0.903,0.0,0.3276506181785333,0.5,0.3060996005123826,14,0.8145437983672754,2.69,2,"[596.0, 493.0]"
1779196446.5710297,28.147658429000003,1.0491268982922315,0.903,0.0,0.3269230110453333,0.5,0.46338252879408515,14,0.863631183579616,2.69,2,"[640.2000122070312, 543.0]"
1779196446.6210988,28.197727654,1.092686822655012,0.903,0.0,0.32619577026839996,0.5,0.6205862638081641,14,0.9127185687919565,26.9,2,"[640.2000122070312, 543.0]"
1779196446.6711254,28.247754213,1.1313829687630255,0.903,0.0,0.3254685384149333,0.5,0.777788069884366,14,0.9648739155800683,53.8,2,"[566.0, 583.2000122070312]"
1779196446.721287,28.297915711,1.164299815448055,0.903,0.0,0.3247409344354666,0.5,0.9350703164404592,14,1.009359358428752,53.8,2,"[566.0, 583.2000122070312]"
1779196446.7711728,28.347801533000002,1.1905749699009447,0.903,0.0,0.324015106284,0.5,1.091968691790214,14,1.055378782065321,91.46,2,"[475.3999938964844, 626.2000122070312]"
1779196446.8211687,28.39779761,1.2097009022450362,0.903,0.0,0.3232883309515999,0.5,1.249071814157972,14,1.0921943209745766,129.12,2,"[475.3999938964844, 626.2000122070312]"
1779196446.871285,28.447913521,1.2212212794970312,0.903,0.0,0.32255957931839996,0.5,1.4066021428611322,14,1.1259418983080607,131.81,2,"[491.79998779296875, 663.5999755859375]"
1779196446.9210804,28.497709272,1.2248262910574899,0.903,0.0,0.32183607847679996,0.5,1.5629974361297059,14,1.1550875332778878,153.32999999999998,2,"[491.79998779296875, 663.5999755859375]"
1779196446.9710286,28.547657474,1.2205426131439974,0.903,0.0,0.3211098080905333,0.5,1.7199914070023112,14,1.1780972450961724,166.78,2,"[437.0, 680.0]"
1779196447.0214136,28.598042301000003,1.208397807418428,0.903,0.0,0.3203796742792,0.5,1.877820513733198,14,1.1949710337629145,174.85,2,"[437.0, 680.0]"
1779196447.0711854,28.647813973,1.1888967977797382,0.903,0.0,0.3196547585885333,0.5,2.0345216473297825,14,1.2026409377023426,190.99,2,"[436.3999938964844, 688.2000122070312]"
1779196447.121405,28.6980335,1.1623565363734667,0.903,0.0,0.31892655451319996,0.5,2.19193361338813,14,1.2026409377023426,190.99,2,"[436.3999938964844, 688.2000122070312]"
1779196447.1714218,28.748050679000002,1.1296008970891722,0.903,0.0,0.3181996761104,0.5,2.3490590159309903,14,1.201106956914457,99.53,2,"[458.0, 701.5999755859375]"
1779196447.2213898,28.798018436000003,1.0914418529009517,0.903,0.0,0.31747315245173335,0.5,2.506107735338773,14,1.188835110611372,56.49,2,"[458.0, 701.5999755859375]"
1779196447.2715447,28.848173414,1.0485746896004862,0.903,0.0,0.31674250219839994,0.5,2.6640484785646095,14,1.1658253987930873,-5.38,2,"[426.6000061035156, 692.5999755859375]"
1779196447.321289,28.897917953,1.002884199289908,0.903,0.0,0.3160210068114666,0.5,2.820010263462919,14,1.1382137446111458,-2.69,2,"[426.6000061035156, 692.5999755859375]"
1779196447.371001,28.947629848000002,0.9548026266279109,0.903,0.0,0.31529685438239996,0.5,2.9765464068965173,14,1.102932186489776,-2.69,2,"[438.0, 660.7999877929688]"
1779196447.421082,28.997710848,0.9054521270447261,0.903,0.0,0.3145693950386666,0.5,3.1337973883225203,14,1.064582666792635,-2.69,2,"[438.0, 660.7999877929688]"
1779196447.471338,29.047966754,0.8561107400601669,0.903,0.0,0.3138395719209333,0.5,3.2915593340856617,14,1.0200972239439514,-2.69,2,"[458.0, 646.4000244140625]"
1779196447.5214987,29.098127429,0.8083134640789766,0.903,0.0,0.31311212802613325,0.5,3.4488069759986786,14,0.9740778003073821,-2.69,2,"[458.0, 646.4000244140625]"
1779196447.5710955,29.147724096,0.7633090307670883,0.903,0.0,0.3123886748248,0.5,3.60519197112653,14,0.9265243958829272,-13.45,2,"[495.20001220703125, 592.5999755859375]"
1779196447.6213553,29.197984069,0.721643958678178,0.903,0.0,0.3116602138437333,0.5,3.762659471118212,14,0.8820389530342436,-21.52,2,"[495.20001220703125, 592.5999755859375]"
1779196447.6711574,29.247786266000002,0.6848126555796034,0.903,0.0,0.31093515228199997,0.5,3.919392136880262,14,0.8360195293976744,-32.28,2,"[527.5999755859375, 572.2000122070312]"
1779196447.721003,29.297631787,0.653496652057399,0.903,0.0,0.310210223802,0.5,4.076096035078379,14,0.7900001057611052,-78.01,2,"[527.5999755859375, 572.2000122070312]"
1779196447.7709906,29.347619606000002,0.6283751815073995,0.903,0.0,0.3094834859801333,0.5,4.233191048995494,14,0.7485826244881929,-104.91,2,"[564.7999877929688, 544.7999877929688]"
1779196447.8210554,29.397684231000003,0.6101108608557115,0.903,0.0,0.30875619347906663,0.5,4.390405964937827,14,0.7102331047910518,-134.5,2,"[564.7999877929688, 544.7999877929688]"
1779196447.8711576,29.447786385,0.5991368313521201,0.903,0.0,0.30802828852879993,0.5,4.54775327073618,14,0.6764855274575677,-137.19,2,"[603.4000244140625, 499.0]"
1779196447.921138,29.497766914000003,0.595706861245108,0.903,0.0,0.3073022079624,0.5,4.70470620926713,14,0.6488738732756262,-137.19,2,"[603.4000244140625, 499.0]"
1779196447.971111,29.547739708,0.5998429593711727,0.903,0.0,0.306575212886,0.5,4.861856832515812,14,0.6258641614573416,-139.88,2,"[662.5999755859375, 477.20001220703125]"
1779196448.0210357,29.597664318000003,0.6113889255720667,0.903,0.0,0.30584954381639995,0.5,5.018720819992367,14,0.6151262959421421,-158.71,2,"[662.5999755859375, 477.20001220703125]"
1779196448.0717769,29.648405549000003,0.6303356393299017,0.903,0.0,0.3051137411476,0.5,5.177775333212125,14,0.6120583343663708,-131.81,2,"[630.2000122070312, 452.6000061035156]"
1779196448.1209753,29.697604008000003,0.6553121881193602,0.903,0.0,0.30439705986919996,0.5,5.332696478110293,14,0.6120583343663708,-94.14999999999999,2,"[630.2000122070312, 452.6000061035156]"
1779196448.1710165,29.747645278,0.6865749134353839,0.903,0.0,0.3036700598369333,0.5,5.48984817264207,14,0.6135923151542565,-59.18,2,"[642.0, 450.79998779296875]"
1779196448.2211783,29.797807007000003,0.723089953126625,0.903,0.0,0.30294159651599994,0.5,5.647316178430174,14,0.624330180669456,5.38,2,"[642.0, 450.79998779296875]"
1779196448.272069,29.848697753000003,0.7644268891429177,0.903,0.0,0.30220366298439993,0.5,5.806831308823206,14,0.6458059116998549,5.38,2,"[617.0, 455.0]"
1779196448.3254592,29.902088206000002,0.8114566631421608,0.903,0.0,0.30142749077039993,0.5,5.974612289930292,14,0.6749515466696822,5.38,2,"[617.0, 455.0]"
1779196448.3733103,29.949939211,0.8543967693132951,0.903,0.0,0.30075090036053326,0.5,6.120867206980279,14,0.7071651432152806,2.69,2,"[616.2000122070312, 459.3999938964844]"
1779196448.4212773,29.997906200000003,0.9008089190329577,0.903,0.0,0.3000337837216,0.5,6.275882461427983,14,0.7409127205487647,2.69,2,"[616.2000122070312, 459.3999938964844]"
1779196448.4710665,30.047695368000003,0.9477368094080999,0.903,0.0,0.3006908369569334,0.5,0.1493345166557063,15,0.7792622402459057,2.69,2,"[578.5999755859375, 496.79998779296875]"
1779196448.5209475,30.097576323000002,0.9938242913844135,0.903,0.0,0.3014159687728,0.5,0.30608236887663764,15,0.8222137023067037,2.69,2,"[578.5999755859375, 496.79998779296875]"
1779196448.5709484,30.147577374,1.0380007132299942,0.903,0.0,0.3021427996370667,0.5,0.4631974952699309,15,0.868233125943273,2.69,2,"[556.2000122070312, 542.4000244140625]"
1779196448.6214318,30.198060671,1.0792674565492453,0.903,0.0,0.3028735775076,0.5,0.6211658248208565,15,0.9111845880040709,24.21,2,"[556.2000122070312, 542.4000244140625]"
1779196448.6711864,30.247815380000002,1.1160532438897053,0.903,0.0,0.3035984834318667,0.5,0.7778648472671748,15,0.9587379924285258,59.18,2,"[563.2000122070312, 585.4000244140625]"
1779196448.7211804,30.297809218,1.1478467074659244,0.903,0.0,0.30432507500480005,0.5,0.9349282473374174,15,1.0016894544893238,59.18,2,"[563.2000122070312, 585.4000244140625]"
1779196448.7716248,30.348253552000003,1.173880840954294,0.903,0.0,0.30505593572986667,0.5,1.092914487108068,15,1.0461748973380072,94.14999999999999,2,"[494.3999938964844, 633.7999877929688]"
1779196448.8216105,30.398239236000002,1.1931751553947874,0.903,0.0,0.3057822690890667,0.5,1.249922070501647,15,1.0799224746714913,107.6,2,"[494.3999938964844, 633.7999877929688]"
1779196448.8714476,30.448076334000003,1.2053897672232647,0.903,0.0,0.30650751736053333,0.5,1.4066950963045102,15,1.1121360712170898,137.19,2,"[475.20001220703125, 647.2000122070312]"
1779196448.921318,30.49794666,1.2102239839059339,0.903,0.0,0.3072324082864,0.5,1.563390876627217,15,1.141281706186917,147.95,2,"[475.20001220703125, 647.2000122070312]"
1779196448.9713862,30.548015123000003,1.207508955111125,0.903,0.0,0.30795986319746665,0.5,1.7206408998674547,15,1.162757437217316,153.32999999999998,2,"[456.79998779296875, 671.5999755859375]"
1779196449.021066,30.597694682,1.197310234981135,0.903,0.0,0.30868395332213333,0.5,1.877163575293359,15,1.1780972450961724,177.54,2,"[456.79998779296875, 671.5999755859375]"
1779196449.0711699,30.647798608000002,1.1797388174508803,0.903,0.0,0.3094117996158667,0.5,2.0344982016237694,15,1.1873011298234863,180.23,2,"[435.6000061035156, 688.7999877929688]"
1779196449.1210864,30.697715000000002,1.1553167805498608,0.903,0.0,0.3101373485529334,0.5,2.1913362206954545,15,1.188835110611372,180.23,2,"[435.6000061035156, 688.7999877929688]"
1779196449.1710985,30.747727201000004,1.1245140968515117,0.903,0.0,0.3108640829013334,0.5,2.348430483771928,15,1.188835110611372,131.81,2,"[436.79998779296875, 676.7999877929688]"
1779196449.2210648,30.797693663,1.0881163422417472,0.903,0.0,0.3115904460102667,0.5,2.505444498005666,15,1.1780972450961724,32.28,2,"[436.79998779296875, 676.7999877929688]"
1779196449.271408,30.848036858,1.0466825879359312,0.903,0.0,0.31232183537080005,0.5,2.6635450100675016,15,1.1566215140657734,-2.69,2,"[427.20001220703125, 674.2000122070312]"
1779196449.3210905,30.897719118,1.0020515830533347,0.903,0.0,0.3130439723753333,0.5,2.8196454899982726,15,1.1320778214596032,-5.38,2,"[427.20001220703125, 674.2000122070312]"
1779196449.3711314,30.947760311000003,0.9544792824392482,0.903,0.0,0.31377089788066664,0.5,2.9767810744429184,15,1.0983302441261191,-2.69,2,"[428.6000061035156, 658.7999877929688]"
1779196449.4214854,30.998114312000002,0.9051849528556365,0.903,0.0,0.3145011938694667,0.5,3.1346452382062395,15,1.0615147052168636,-2.69,2,"[428.6000061035156, 658.7999877929688]"
1779196449.4712741,31.04790282,0.8559841363754115,0.903,0.0,0.31522589966973336,0.5,3.2913010009217274,15,1.0185632431560658,-2.69,2,"[457.6000061035156, 637.5999755859375]"
1779196449.5211854,31.097814163000002,0.8076349808017517,0.903,0.0,0.3159517702730667,0.5,3.448208552863612,15,0.9740778003073821,-2.69,2,"[457.6000061035156, 637.5999755859375]"
1779196449.571475,31.148103885,0.7614043400576531,0.903,0.0,0.31667777514986667,0.5,3.6051451299800235,15,0.9265243958829272,-5.38,2,"[521.5999755859375, 623.0]"
1779196449.621489,31.198117864,0.7182523352369511,0.903,0.0,0.3174073019038667,0.5,3.7628430123857797,15,0.8820389530342436,-10.76,2,"[521.5999755859375, 623.0]"
1779196449.6715117,31.248140415,0.6794947535766748,0.903,0.0,0.31813691245706666,0.5,3.9205590092147773,15,0.8360195293976744,-40.35,2,"[541.7999877929688, 598.5999755859375]"
1779196449.7212672,31.297896064000003,0.6464460478505752,0.903,0.0,0.31885875234213334,0.5,4.076595262425336,15,0.786932144185334,-83.39,2,"[541.7999877929688, 598.5999755859375]"
1779196449.7711866,31.347815363000002,0.6193486813171459,0.903,0.0,0.31958514804933336,0.5,4.23361632325139,15,0.7455146629124216,-83.39,2,"[583.7999877929688, 559.4000244140625]"
1779196449.8212423,31.397871003000002,0.5991123282402705,0.903,0.0,0.3203121376902667,0.5,4.390765771544416,15,0.7071651432152806,-129.12,2,"[583.7999877929688, 559.4000244140625]"
1779196449.8714278,31.44805648,0.5862835872857257,0.903,0.0,0.3210399228422667,0.5,4.548087181194525,15,0.6703496043060252,-139.88,2,"[611.4000244140625, 507.79998779296875]"
1779196449.9263139,31.502942618000002,0.5812371500868849,0.903,0.0,0.32176973559773336,0.5,4.705846887002103,15,0.641203969336198,-139.88,2,"[611.4000244140625, 507.79998779296875]"
1779196449.9714386,31.548067614,0.5841191059068311,0.903,0.0,0.32249304128573336,0.5,4.86219999496452,15,0.6166602767300278,-147.95,2,"[626.0, 480.6000061035156]"
1779196450.021314,31.597942752,0.5948739588875325,0.903,0.0,0.3232193126312,0.5,5.019194173182235,15,0.602854449639057,-150.64,2,"[626.0, 480.6000061035156]"
1779196450.0711727,31.647801487000002,0.6132727176062802,0.903,0.0,0.32394546786986667,0.5,5.176163253216252,15,0.5982525072754,-166.78,2,"[636.5999755859375, 439.3999938964844]"
1779196450.1210194,31.697647965,0.6388207769483735,0.903,0.0,0.3246697157248,0.5,5.332720024347218,15,0.5982525072754,-142.57,2,"[636.5999755859375, 439.3999938964844]"
1779196450.171059,31.747687569000004,0.6711174793895555,0.903,0.0,0.32539716275880004,0.5,5.489968344844236,15,0.5982525072754,-53.8,2,"[649.2000122070312, 445.20001220703125]"
1779196450.2212257,31.797854597,0.7093426437963137,0.903,0.0,0.3261254411430667,0.5,5.647396373865824,15,0.607456392002714,5.38,2,"[649.2000122070312, 445.20001220703125]"
1779196450.2712557,31.847884378000003,0.7524651417576524,0.903,0.0,0.3268524984512,0.5,5.804560449414247,15,0.6289321230331129,5.38,2,"[654.2000122070312, 447.3999938964844]"
1779196450.321245,31.897873938000004,0.7994630820161024,0.903,0.0,0.32757899907453336,0.5,5.961604189397669,15,0.6565437772150544,5.38,2,"[654.2000122070312, 447.3999938964844]"
1779196450.3711836,31.94781245,0.8492016424432158,0.903,0.0,0.3283051669862667,0.5,6.118576008900469,15,0.6918253353364242,2.69,2,"[640.5999755859375, 460.79998779296875]"
1779196450.4210649,31.997693693000002,0.9004398425492556,0.903,0.0,0.32903067101533334,0.5,6.275404320450853,15,0.7286408742456796,2.69,2,"[640.5999755859375, 460.79998779296875]"
1779196450.471331,32.047959672000005,0.9523129113000199,0.903,0.0,0.3297610650896,0.5,0.15010437964339474,16,0.7669903939428205,2.69,2,"[590.4000244140625, 484.6000061035156]"
1779196450.5212293,32.09785807,1.0027572334591885,0.903,0.0,0.3304851848622667,0.5,0.3066334639183026,16,0.8160777791551611,2.69,2,"[590.4000244140625, 484.6000061035156]"
1779196450.5711343,32.147763135000005,1.051099249994864,0.903,0.0,0.33121119101799995,0.5,0.4635703174948702,16,0.8651651643675016,5.38,2,"[565.0, 542.0]"
1779196450.6213229,32.197951667000005,1.0961797425355466,0.903,0.0,0.33194017566413336,0.5,0.6211510153530497,16,0.9127185687919565,34.97,2,"[565.0, 542.0]"
1779196450.671425,32.248053975000005,1.1366057121909738,0.903,0.0,0.3326681288941334,0.5,0.7785087575222036,16,0.9648739155800683,64.56,2,"[535.7999877929688, 591.2000122070312]"
1779196450.7212665,32.297895234,1.1712574615045577,0.903,0.0,0.33339231458999996,0.5,0.9350520920613974,16,1.0108933392166375,64.56,2,"[535.7999877929688, 591.2000122070312]"
1779196450.7710867,32.347715535,1.1995061766851693,0.903,0.0,0.33411718309093336,0.5,1.0917430249066342,16,1.0584467436410925,104.91,2,"[504.20001220703125, 630.7999877929688]"
1779196450.8210244,32.397653049,1.2206318090732933,0.903,0.0,0.3348436264965333,0.5,1.248774396439785,16,1.0967962633382335,123.74,2,"[504.20001220703125, 630.7999877929688]"
1779196450.871115,32.447743693,1.2340368792131362,0.903,0.0,0.3355719232509334,0.5,1.4062063964344844,16,1.1351457830353744,137.19,2,"[472.3999938964844, 656.0]"
1779196450.9209962,32.497625043,1.239285319186327,0.903,0.0,0.3362961704082667,0.5,1.5627630167690114,16,1.1642914180052018,166.78,2,"[472.3999938964844, 656.0]"
1779196450.9712222,32.547850799,1.2362608406343878,0.903,0.0,0.33702542326706664,0.5,1.7204016927196193,16,1.188835110611372,182.92,2,"[464.3999938964844, 682.4000244140625]"
1779196451.021088,32.597716622,1.2250257620385407,0.903,0.0,0.33775050911399995,0.5,1.8771396080829987,16,1.205708899278114,185.60999999999999,2,"[464.3999938964844, 682.4000244140625]"
1779196451.0712242,32.64785306,1.2057303555119951,0.903,0.0,0.3384786476585333,0.5,2.034537408700075,16,1.2164467647933135,199.06,2,"[435.20001220703125, 698.7999877929688]"
1779196451.121181,32.697809785000004,1.178921234263296,0.903,0.0,0.3392050469990667,0.5,2.1915592549243,16,1.2195147263690846,199.06,2,"[435.20001220703125, 698.7999877929688]"
1779196451.1711922,32.747820874,1.1451737423067432,0.903,0.0,0.3399317829752,0.5,2.348653869859149,16,1.217980745581199,121.05,2,"[433.3999938964844, 691.0]"
1779196451.221368,32.797997055,1.105226102564819,0.903,0.0,0.34065981994626665,0.5,2.5060297138851695,16,1.2041749184902284,59.18,2,"[433.3999938964844, 691.0]"
1779196451.2713363,32.847965097,1.060116290798888,0.903,0.0,0.3413875539409334,0.5,2.663340065129134,16,1.1811652066719438,-5.38,2,"[437.3999938964844, 691.0]"
1779196451.321133,32.897761739,1.0112045429440508,0.903,0.0,0.34211127119840007,0.5,2.8197821398539133,16,1.1520195717021164,-5.38,2,"[437.3999938964844, 691.0]"
1779196451.3710628,32.947691372,0.9593411139670135,0.903,0.0,0.342836289974,0.5,2.9765055567671936,16,1.1152040327928612,-2.69,2,"[433.0, 665.7999877929688]"
1779196451.4211662,32.997794947,0.9056112520575874,0.903,0.0,0.3435648391288001,0.5,3.133992116801508,16,1.0753205323078345,-2.69,2,"[433.0, 665.7999877929688]"
1779196451.4711907,33.047819306,0.8517094779489449,0.903,0.0,0.3442917441712,0.5,3.291123277883699,16,1.0293011086712651,-2.69,2,"[457.0, 658.0]"
1779196451.5212424,33.097871148,0.7988602135889301,0.903,0.0,0.3450184573300001,0.5,3.4482129605180916,16,0.9817477042468103,-2.69,2,"[457.0, 658.0]"
1779196451.571351,33.147979973000005,0.7482907071188712,0.903,0.0,0.3457461819652,0.5,3.605521288576398,16,0.9280583766708129,-8.07,2,"[509.3999938964844, 627.5999755859375]"
1779196451.6214368,33.198065604,0.7013532989270377,0.903,0.0,0.3464736549121334,0.5,3.762775210533121,16,0.8820389530342436,-24.21,2,"[509.3999938964844, 627.5999755859375]"
1779196451.671393,33.248021562000005,0.6592545196984483,0.903,0.0,0.3472002468048001,0.5,3.91983867971841,16,0.8298836062461319,-37.66,2,"[575.2000122070312, 595.4000244140625]"
1779196451.721808,33.298436769000006,0.6227034018926247,0.903,0.0,0.34793324878400006,0.5,4.078287782901086,16,0.7761942786701345,-83.39,2,"[575.2000122070312, 595.4000244140625]"
1779196451.7717953,33.348424108,0.5932639339383157,0.903,0.0,0.34865986823186673,0.5,4.2353572085460485,16,0.7301748550335652,-99.53,2,"[599.7999877929688, 540.7999877929688]"
1779196451.8213146,33.397943567,0.571528754733884,0.903,0.0,0.3493791001684,0.5,4.390829715521292,16,0.6902913545485385,-139.88,2,"[599.7999877929688, 540.7999877929688]"
1779196451.872023,33.448651999,0.557485554533405,0.903,0.0,0.35011582988946666,0.5,4.550084624653238,16,0.6519418348513975,-129.12,2,"[591.7999877929688, 507.79998779296875]"
1779196451.9213798,33.498008383000005,0.5521760728178768,0.903,0.0,0.3508331403594667,0.5,4.705141778522162,16,0.619728238305799,-129.12,2,"[591.7999877929688, 507.79998779296875]"
1779196451.9714134,33.548042054,0.5553857622880713,0.903,0.0,0.3515604566370667,0.5,4.862361834110075,16,0.5921165841238575,-150.64,2,"[629.7999877929688, 456.3999938964844]"
1779196452.0212111,33.597839909,0.5671490781534466,0.903,0.0,0.35228527462013337,0.5,5.0190418467792455,16,0.5752427954571154,-172.16,2,"[629.7999877929688, 456.3999938964844]"
1779196452.071101,33.647729776000006,0.587244613713544,0.903,0.0,0.3530111796674667,0.5,5.175956844295726,16,0.5706408530934585,-190.99,2,"[638.4000244140625, 438.6000061035156]"
1779196452.1217473,33.698376157000006,0.6155825750639212,0.903,0.0,0.3537458316741333,0.5,5.33476262505873,16,0.5706408530934585,-137.19,2,"[638.4000244140625, 438.6000061035156]"
1779196452.171361,33.747989700000005,0.6504815330666607,0.903,0.0,0.35446528768560004,0.5,5.490283569109508,16,0.5706408530934585,-53.8,2,"[637.5999755859375, 439.0]"
1779196452.2220078,33.798636366000004,0.6921892159728863,0.903,0.0,0.35519385183880003,0.5,5.647773371267448,16,0.581378718608658,5.38,2,"[637.5999755859375, 439.0]"
1779196452.27146,33.848088792,0.7392225591268174,0.903,0.0,0.35592129266706674,0.5,5.805020350304403,16,0.6043884304269426,8.07,2,"[626.0, 428.3999938964844]"
1779196452.3213959,33.89802453,0.7903531054228171,0.903,0.0,0.35664672353533333,0.5,5.961832847077375,16,0.6335340653967698,8.07,2,"[626.0, 428.3999938964844]"
1779196452.371461,33.948089849,0.8445913563241398,0.903,0.0,0.3573738426828,0.5,6.119010290102537,16,0.6734175658817965,8.07,2,"[617.5999755859375, 437.0]"
1779196452.4214344,33.998063381,0.9004412053210638,0.903,0.0,0.35810027736840006,0.5,6.2760397766800935,16,0.7133010663668231,2.69,2,"[617.5999755859375, 437.0]"
1779196452.4712403,34.047869215,0.9565300481797613,0.903,0.0,0.3588260461366667,0.5,0.14974000830267897,17,0.7577865092155067,2.69,2,"[632.4000244140625, 486.20001220703125]"
1779196452.52107,34.097698793,1.0114351962477852,0.903,0.0,0.35955056345413333,0.5,0.30635502770304157,17,0.8084078752157329,2.69,2,"[632.4000244140625, 486.20001220703125]"
1779196452.5712743,34.147903046,1.0641784320116527,0.903,0.0,0.36027903000146666,0.5,0.46382373092470885,17,0.8620972027917303,2.69,2,"[576.2000122070312, 538.4000244140625]"
1779196452.6213825,34.198011371,1.1130780239177314,0.903,0.0,0.3610065660812,0.5,0.6210912999599216,17,0.9142525495798421,34.97,2,"[576.2000122070312, 538.4000244140625]"
1779196452.6719213,34.248549943,1.1573492407541406,0.903,0.0,0.3617406951204,0.5,0.7797840336528807,17,0.9710098387316108,64.56,2,"[549.2000122070312, 588.5999755859375]"
1779196452.7213955,34.298024330000004,1.1946955246546427,0.903,0.0,0.3624600410709334,0.5,0.9352811864224932,17,1.021631204731837,64.56,2,"[549.2000122070312, 588.5999755859375]"
1779196452.7713141,34.34794286,1.225385705311064,0.903,0.0,0.3631861393680001,0.5,1.09223795769649,17,1.0707185899441776,110.28999999999999,2,"[484.79998779296875, 645.2000122070312]"
1779196452.8213117,34.397940512000005,1.2482791275590044,0.903,0.0,0.3639131881305333,0.5,1.249400185988442,17,1.1136700520049756,126.42999999999999,2,"[484.79998779296875, 645.2000122070312]"
1779196452.8717666,34.448395536,1.2628196729783545,0.903,0.0,0.3646464642810667,0.5,1.4079085553165172,17,1.1520195717021164,158.71,2,"[456.0, 665.4000244140625]"
1779196452.9212055,34.497834288,1.2683546562331829,0.903,0.0,0.3653650708046666,0.5,1.5632458701350984,17,1.1857671490356005,177.54,2,"[456.0, 665.4000244140625]"
1779196452.97144,34.54806889,1.264984519158754,0.903,0.0,0.3660937823258667,0.5,1.7207675280425363,17,1.213378803217542,174.85,2,"[433.6000061035156, 683.4000244140625]"
1779196453.0213263,34.597954991,1.2526824732335162,0.903,0.0,0.3668196427704,0.5,1.8776728840111545,17,1.23178657267217,182.92,2,"[433.6000061035156, 683.4000244140625]"
1779196453.071246,34.647874696,1.2317286436371586,0.903,0.0,0.3675452714228,0.5,2.034528134718549,17,1.244058418975255,196.37,2,"[427.20001220703125, 698.4000244140625]"
1779196453.1212034,34.697832051,1.2025553123761148,0.903,0.0,0.368271928294,0.5,2.1916056499645933,17,1.2471263805510262,196.37,2,"[427.20001220703125, 698.4000244140625]"
1779196453.1712847,34.747913321,1.165875853636003,0.903,0.0,0.3689985496021333,0.5,2.3486754777334156,17,1.2471263805510262,131.81,2,"[420.6000061035156, 724.5999755859375]"
1779196453.2212036,34.797832256,1.1225645837800133,0.903,0.0,0.3697251742529334,0.5,2.5057460280685504,17,1.23178657267217,61.87,2,"[420.6000061035156, 724.5999755859375]"
