mode,t_ros_sec,t_rel_sec,tail_target_rad,center_rad,tail_amp_rad,tail_freq_hz,phase_rad,real_position_rad,present_current_ma,sensor_values
freq_sweep,1789044488.0408902,0.027959033,0.9291612548923838,0.903,0.3,0.5009247316,0.0873150879639177,1.1366797638232602,-2.69,"[456.3999938964844, 608.5999755859375]"
freq_sweep,1789044488.0892565,0.07632553,0.9744403804847571,0.903,0.3,0.5025412716,0.2404447460336392,1.0983302441261191,-29.59,"[456.3999938964844, 608.5999755859375]"
freq_sweep,1789044488.139312,0.126380866,1.019539784218293,0.903,0.3,0.5042091953,0.3989662063655157,1.047708878125893,-56.49,"[486.20001220703125, 602.2000122070312]"
freq_sweep,1789044488.1895359,0.176604693,1.061942666233843,0.903,0.3,0.5058809149,0.5583752120065087,0.9909515889741242,-67.25,"[486.20001220703125, 602.2000122070312]"
freq_sweep,1789044488.2392807,0.226349505,1.1002065433339685,0.903,0.3,0.5075421396,0.7173036478215765,0.9526020692769832,59.18,"[518.4000244140625, 560.4000244140625]"
freq_sweep,1789044488.289304,0.276372883,1.1337082522074733,0.903,0.3,0.5092092430333334,0.8773183719993454,0.9526020692769832,59.18,"[518.4000244140625, 560.4000244140625]"
freq_sweep,1789044488.3393679,0.32643657800000003,1.1614155290244694,0.903,0.3,0.5108777257333333,1.0379902237135417,0.9924855697620099,34.97,"[501.0, 557.2000122070312]"
freq_sweep,1789044488.3892481,0.376317073,1.1824716723141737,0.903,0.3,0.512541328,1.198713773693793,1.043106935762236,2.69,"[501.0, 557.2000122070312]"
freq_sweep,1789044488.4392772,0.426346161,1.1963794083906727,0.903,0.3,0.5142086355,1.360319294303773,1.0891263593988052,2.69,"[502.0, 571.0]"
freq_sweep,1789044488.4892569,0.476325665,1.202648035207418,0.903,0.3,0.5158749465333333,1.522351606689899,1.1244079175201749,75.32,"[502.0, 571.0]"
freq_sweep,1789044488.5394604,0.5265293160000001,1.2010298771657442,0.903,0.3,0.5175469403666667,1.6854634666063002,1.1550875332778878,86.08,"[471.3999938964844, 587.5999755859375]"
freq_sweep,1789044488.589363,0.5764320230000001,1.1915241430541774,0.903,0.3,0.5192105836,1.8482823820544585,1.175029283520401,96.84,"[471.3999938964844, 587.5999755859375]"
freq_sweep,1789044488.6393762,0.626445135,1.1742709377361638,0.903,0.3,0.5208780985333333,2.0120043483742407,1.1857671490356005,115.67,"[449.79998779296875, 611.7999877929688]"
freq_sweep,1789044488.6894238,0.676492521,1.1496692207014427,0.903,0.3,0.5225458444666666,2.176273272133586,1.188835110611372,99.53,"[449.79998779296875, 611.7999877929688]"
freq_sweep,1789044488.7392716,0.726340528,1.118426578564749,0.903,0.3,0.5242082863,2.3405407025247205,1.188835110611372,-2.69,"[445.20001220703125, 631.4000244140625]"
freq_sweep,1789044488.7895164,0.77658519,1.0810169457597185,0.903,0.3,0.5258807828666666,2.5063289187246984,1.1780972450961724,0.0,"[445.20001220703125, 631.4000244140625]"
freq_sweep,1789044488.839282,0.8263510310000001,1.038883661285582,0.903,0.3,0.5275420698333333,2.671526194025745,1.1535535524900022,0.0,"[450.3999938964844, 601.2000122070312]"
freq_sweep,1789044488.8892765,0.876345373,0.9927564502391613,0.903,0.3,0.5292084256666667,2.837750917561279,1.1274758790959463,-2.69,"[450.3999938964844, 601.2000122070312]"
freq_sweep,1789044488.9394484,0.926517436,0.9438551983968827,0.903,0.3,0.5308796141666666,3.004984159993625,1.0983302441261191,-18.83,"[468.6000061035156, 603.4000244140625]"
freq_sweep,1789044488.9892762,0.9763452730000001,0.8939189872653489,0.903,0.3,0.5325420980666666,3.1718673205619137,1.0630486860047492,-21.52,"[468.6000061035156, 603.4000244140625]"
freq_sweep,1789044489.0394065,1.026475384,0.8438807163549633,0.903,0.3,0.5342113513333333,3.3399552277258207,1.0246991663076084,-88.77,"[491.79998779296875, 588.4000244140625]"
freq_sweep,1789044489.089377,1.076445879,0.7954351533484904,0.903,0.3,0.5358780178666667,3.508306258672755,0.9817477042468103,-86.08,"[491.79998779296875, 588.4000244140625]"
freq_sweep,1789044489.1394124,1.126481187,0.7498706543097766,0.903,0.3,0.5375456473,3.6772787566265457,0.9295923574586985,-37.66,"[533.5999755859375, 550.5999755859375]"
freq_sweep,1789044489.1894252,1.1764940590000001,0.7085671695459391,0.903,0.3,0.5392124574333333,3.8466919279567957,0.8774370106705868,-13.45,"[533.5999755859375, 550.5999755859375]"
freq_sweep,1789044489.2393796,1.2264485310000002,0.6727773493513285,0.903,0.3,0.5408768601666667,4.016382590458876,0.8206797215188181,-13.45,"[545.7999877929688, 540.2000122070312]"
freq_sweep,1789044489.289399,1.2764677770000001,0.6434735104659043,0.903,0.3,0.5425444174333334,4.186919025244569,0.7746602978822488,-18.83,"[545.7999877929688, 540.2000122070312]"
freq_sweep,1789044489.3394177,1.3264865700000001,0.6216399501598238,0.903,0.3,0.5442124006,4.358023441920072,0.7332428166093364,-10.76,"[554.4000244140625, 525.7999877929688]"
freq_sweep,1789044489.3893125,1.3763815000000001,0.6080223188335805,0.903,0.3,0.5458755318666667,4.529151522603979,0.6948932969121955,-16.14,"[554.4000244140625, 525.7999877929688]"
freq_sweep,1789044489.4394014,1.4264703060000001,0.6030178729232223,0.903,0.3,0.5475451566333334,4.701473211762362,0.662679700366597,-16.14,"[572.0, 511.0]"
freq_sweep,1789044489.4894187,1.476487799,0.6069118660183196,0.903,0.3,0.5492122282666667,4.874055245716753,0.6350680461846554,-16.14,"[572.0, 511.0]"
freq_sweep,1789044489.5394242,1.5264929470000002,0.6196549988004967,0.903,0.3,0.5508793541666667,5.0471667849372945,0.6166602767300278,-29.59,"[586.5999755859375, 501.6000061035156]"
freq_sweep,1789044489.589471,1.5765400710000002,0.6409536644009949,0.903,0.3,0.5525470748333333,5.220864344957223,0.6120583343663708,-51.11,"[586.5999755859375, 501.6000061035156]"
freq_sweep,1789044489.6393132,1.626382027,0.6701076020634691,0.903,0.3,0.5542082262666667,5.394397840972443,0.6120583343663708,-51.11,"[586.4000244140625, 497.20001220703125]"
freq_sweep,1789044489.6892369,1.676305702,0.7064967510113346,0.903,0.3,0.5558744863,5.568988354231573,0.6166602767300278,2.69,"[586.4000244140625, 497.20001220703125]"
freq_sweep,1789044489.7392764,1.7263452190000002,0.7490354851878652,0.903,0.3,0.5575422308,5.74425868593548,0.6289321230331129,5.38,"[580.2000122070312, 497.6000061035156]"
freq_sweep,1789044489.789433,1.7765016960000002,0.7965144420469853,0.903,0.3,0.5592125238333333,5.920322733567149,0.6488738732756262,10.76,"[580.2000122070312, 497.6000061035156]"
freq_sweep,1789044489.8393104,1.8263793400000001,0.8472414984294739,0.903,0.3,0.5608764408666667,6.096236565476454,0.6749515466696822,34.97,"[571.2000122070312, 508.6000061035156]"
freq_sweep,1789044489.889427,1.8764958520000001,0.9000255709449579,0.903,0.3,0.5625459818333334,6.273270381214528,0.7102331047910518,40.35,"[571.2000122070312, 508.6000061035156]"
freq_sweep,1789044489.9394197,1.9264887620000002,0.952966247323996,0.903,0.3,0.5642126135333333,0.16733397544887207,0.7547185476397354,5.38,"[565.4000244140625, 523.4000244140625]"
freq_sweep,1789044489.9894092,1.9764779010000002,1.0044777603688086,0.903,0.3,0.5658788712,0.3450664396546337,0.803805932852076,2.69,"[565.4000244140625, 523.4000244140625]"
freq_sweep,1789044490.0392766,2.026345613,1.0528312793986765,0.903,0.3,0.5675416547000001,0.5229494913521808,0.8651651643675016,2.69,"[538.5999755859375, 537.5999755859375]"
freq_sweep,1789044490.0892622,2.0763309540000003,1.096672073533171,0.903,0.3,0.5692083449666667,0.701774098963698,0.9157865303677277,2.69,"[538.5999755859375, 537.5999755859375]"
freq_sweep,1789044490.1392667,2.1263355990000004,1.1344427936077839,0.903,0.3,0.5708753628666667,0.8811576789040796,0.9648739155800683,2.69,"[513.5999755859375, 555.4000244140625]"
freq_sweep,1789044490.1894832,2.176552011,1.1649507298049688,0.903,0.3,0.5725479396333333,1.061666753211747,1.0139613007924089,5.38,"[513.5999755859375, 555.4000244140625]"
freq_sweep,1789044490.2394314,2.226500178,1.186912974949475,0.903,0.3,0.5742124668333334,1.2418293515681134,1.0584467436410925,21.52,"[494.79998779296875, 569.7999877929688]"
freq_sweep,1789044490.2894037,2.276472639,1.1997158456142607,0.903,0.3,0.5758786416333334,1.4226935701542125,1.0983302441261191,40.35,"[494.79998779296875, 569.7999877929688]"
freq_sweep,1789044490.3394573,2.326526373,1.2028319502179,0.903,0.3,0.5775465399333334,1.6042692485614154,1.1320778214596032,75.32,"[495.20001220703125, 587.2000122070312]"
freq_sweep,1789044490.3894522,2.376520976,1.1960643813329344,0.903,0.3,0.5792132731666667,1.786241732636368,1.158155494853659,91.46,"[495.20001220703125, 587.2000122070312]"
freq_sweep,1789044490.4392626,2.4263314190000003,1.17962350599917,0.903,0.3,0.5808748868,1.9681756919122435,1.179631225884058,91.46,"[460.20001220703125, 613.0]"
freq_sweep,1789044490.4892378,2.476306836,1.1538807882552387,0.903,0.3,0.5825412132666666,2.1511490553653427,1.1857671490356005,99.53,"[460.20001220703125, 613.0]"
freq_sweep,1789044490.539276,2.526344865,1.1196232494308882,0.903,0.3,0.5842088639333334,2.3347920417189236,1.1857671490356005,24.21,"[450.3999938964844, 619.7999877929688]"
freq_sweep,1789044490.5893366,2.5764055850000003,1.0779393742073522,0.903,0.3,0.5858770166666667,2.5190148489587916,1.1780972450961724,-2.69,"[450.3999938964844, 619.7999877929688]"
freq_sweep,1789044490.6394734,2.6265423290000003,1.0301209159641624,0.903,0.3,0.5875475471333333,2.704026270979428,1.1612234564294304,-2.69,"[447.20001220703125, 617.0]"
freq_sweep,1789044490.6894193,2.676488376,0.977993415406892,0.903,0.3,0.5892124333,2.8889350668431106,1.1366797638232602,-2.69,"[447.20001220703125, 617.0]"
freq_sweep,1789044490.7394195,2.726488437,0.9230901372284122,0.903,0.3,0.5908791909666666,3.074575374800528,1.102932186489776,-13.45,"[470.79998779296875, 601.5999755859375]"
freq_sweep,1789044490.789427,2.7764958660000003,0.8673541468220471,0.903,0.3,0.5925455397333333,3.260693539303599,1.0630486860047492,-29.59,"[470.79998779296875, 601.5999755859375]"
freq_sweep,1789044490.8393579,2.8264267170000004,0.8127317866783931,0.903,0.3,0.5942108874,3.447222659093768,1.009359358428752,-29.59,"[490.0, 592.2000122070312]"
freq_sweep,1789044490.8892264,2.876295144,0.7611552421284132,0.903,0.3,0.5958744751666667,3.6340763253573076,0.9602719732164113,-72.63,"[490.0, 592.2000122070312]"
freq_sweep,1789044490.9394155,2.9264842740000003,0.7141957858384431,0.903,0.3,0.5975456251,3.822305791338689,0.9035146840646426,-2.69,"[514.5999755859375, 548.5999755859375]"
freq_sweep,1789044490.9893491,2.976418069,0.6739475356192649,0.903,0.3,0.5992102341333333,4.010320831756543,0.8467573949128739,-16.14,"[514.5999755859375, 548.5999755859375]"
freq_sweep,1789044491.0395274,3.026596505,0.6415618120389059,0.903,0.3,0.6008828289333333,4.199765182442443,0.7976700097005334,-43.04,"[549.7999877929688, 540.2000122070312]"
freq_sweep,1789044491.0893662,3.0764350140000003,0.6185959036700077,0.903,0.3,0.6025448053333333,4.388527509320669,0.7485826244881929,-29.59,"[549.7999877929688, 540.2000122070312]"
freq_sweep,1789044491.1395578,3.126626523,0.6056666602357328,0.903,0.3,0.6042168193666667,4.578956844696155,0.701029220063738,-2.69,"[568.7999877929688, 534.0]"
freq_sweep,1789044491.189469,3.176537848,0.6034794183260235,0.903,0.3,0.6058802552666667,4.768930768496274,0.662679700366597,-8.07,"[568.7999877929688, 534.0]"
freq_sweep,1789044491.239349,3.22641779,0.612116698911938,0.903,0.3,0.6075447647000001,4.959549540185607,0.6289321230331129,-8.07,"[606.2000122070312, 508.20001220703125]"
freq_sweep,1789044491.2892435,3.2763123440000004,0.631337563911625,0.903,0.3,0.6092078891666667,5.150531081709158,0.6120583343663708,-34.97,"[606.2000122070312, 508.20001220703125]"
freq_sweep,1789044491.3394127,3.3264815480000003,0.6606887536536611,0.903,0.3,0.6108788398666667,5.342937626914798,0.6059224112148283,-26.9,"[582.4000244140625, 492.20001220703125]"
freq_sweep,1789044491.38941,3.3764788340000003,0.6989876639604169,0.903,0.3,0.6125454384333333,5.535366588883342,0.6059224112148283,0.0,"[582.4000244140625, 492.20001220703125]"
freq_sweep,1789044491.439323,3.4263919300000003,0.7448820638725129,0.903,0.3,0.6142097037666667,5.72804824190349,0.6181942575179133,2.69,"[583.0, 486.6000061035156]"
freq_sweep,1789044491.4894783,3.4765472020000003,0.7969919730464229,0.903,0.3,0.6158806083333334,5.92202482239677,0.6381360077604268,2.69,"[583.0, 486.6000061035156]"
freq_sweep,1789044491.53943,3.526498987,0.853048107859807,0.903,0.3,0.6175461341333334,6.115899859974858,0.6672816427302539,32.28,"[569.4000244140625, 507.20001220703125]"
freq_sweep,1789044491.5895615,3.5766303180000003,0.9113095610293835,0.903,0.3,0.6192166978666667,0.027702079748776143,0.7040971816395093,48.42,"[569.4000244140625, 507.20001220703125]"
freq_sweep,1789044491.6393669,3.626435755,0.9690953283427939,0.903,0.3,0.6208780971,0.2221402243283883,0.760854470791278,48.42,"[566.2000122070312, 530.2000122070312]"
freq_sweep,1789044491.6894078,3.676476714,1.0246785781124033,0.903,0.3,0.6225440119333333,0.41762996854898127,0.8130098175793898,2.69,"[566.2000122070312, 530.2000122070312]"
freq_sweep,1789044491.739408,3.7264769440000003,1.0758214283437408,0.903,0.3,0.6242122279333333,0.6139143199748958,0.868233125943273,13.45,"[537.2000122070312, 545.5999755859375]"
freq_sweep,1789044491.789397,3.7764660930000002,1.1203886099589841,0.903,0.3,0.6258785182333333,0.8104954534886222,0.9219224535192704,2.69,"[537.2000122070312, 545.5999755859375]"
freq_sweep,1789044491.8394725,3.8265414090000003,1.156703323318878,0.903,0.3,0.6275467802666667,1.0078338045296533,0.9771457618831534,2.69,"[512.4000244140625, 557.7999877929688]"
freq_sweep,1789044491.8892882,3.876357227,1.1831502914731373,0.903,0.3,0.6292090676666666,1.2049862683166186,1.0277671278833795,2.69,"[512.4000244140625, 557.7999877929688]"
freq_sweep,1789044491.9393878,3.926456742,1.1988112278647909,0.903,0.3,0.6308783457,1.4034930838243138,1.0768545130957201,21.52,"[516.4000244140625, 576.5999755859375]"
freq_sweep,1789044491.9894183,3.9764871740000003,1.2028511046832644,0.903,0.3,0.6325457718,1.6023037476065198,1.1182719943686323,56.49,"[516.4000244140625, 576.5999755859375]"
freq_sweep,1789044492.0392587,4.026327491,1.1950810670201477,0.903,0.3,0.6342084699666667,1.8010717983774942,1.1566215140657734,56.49,"[486.6000061035156, 613.5999755859375]"
freq_sweep,1789044492.089223,4.076292012000001,1.175695129934545,0.903,0.3,0.6358744313333333,2.0007531056757806,1.1765632643082868,102.22,"[486.6000061035156, 613.5999755859375]"
freq_sweep,1789044492.139256,4.126324766000001,1.1453542947259483,0.903,0.3,0.6375415877,2.2011015515927497,1.184233168247715,88.77,"[468.20001220703125, 626.2000122070312]"
freq_sweep,1789044492.189391,4.176459856,1.105122234690948,0.903,0.3,0.6392117191333333,2.4023333004671557,1.184233168247715,0.0,"[468.20001220703125, 626.2000122070312]"
freq_sweep,1789044492.239278,4.226347127,1.0568090631379619,0.903,0.3,0.6408750706999999,2.6032696708074,1.1765632643082868,0.0,"[450.6000061035156, 614.7999877929688]"
freq_sweep,1789044492.2895255,4.276594531000001,1.0018655387329012,0.903,0.3,0.6425469562,2.805763841256063,1.1566215140657734,0.0,"[450.6000061035156, 614.7999877929688]"
freq_sweep,1789044492.3393793,4.326448204,0.9430083866561948,0.903,0.3,0.6442110218333333,3.0078328567490527,1.1244079175201749,-2.69,"[455.79998779296875, 607.5999755859375]"
freq_sweep,1789044492.389403,4.376471871000001,0.8822371473176909,0.903,0.3,0.6458786406333333,3.210857533717462,1.086058397823034,-37.66,"[455.79998779296875, 607.5999755859375]"
freq_sweep,1789044492.4392312,4.426300006,0.8223398003824278,0.903,0.3,0.6475413818333333,3.4138095212641275,1.0323690702470365,-37.66,"[468.79998779296875, 597.5999755859375]"
freq_sweep,1789044492.4892623,4.476331245,0.7654857048551015,0.903,0.3,0.6492080573333333,3.6177653285811466,0.9817477042468103,-110.28999999999999,"[468.79998779296875, 597.5999755859375]"
freq_sweep,1789044492.5392492,4.526318123,0.7142123232516611,0.903,0.3,0.6508746525,3.8222348591321413,0.9249904150950417,-45.73,"[522.2000122070312, 564.5999755859375]"
freq_sweep,1789044492.5893402,4.576409119,0.6706397880987288,0.903,0.3,0.6525440276333333,4.027570757340584,0.8620972027917303,-10.76,"[522.2000122070312, 564.5999755859375]"
freq_sweep,1789044492.6394424,4.626511487,0.6367557389177871,0.903,0.3,0.6542134871,4.233442383702101,0.8053399136399616,-32.28,"[543.2000122070312, 545.4000244140625]"
freq_sweep,1789044492.6894858,4.676554458,0.6140916122795127,0.903,0.3,0.6558811566666667,4.439617515257691,0.7516505860639642,-21.52,"[543.2000122070312, 545.4000244140625]"
freq_sweep,1789044492.7394097,4.726478525,0.6036642424218903,0.903,0.3,0.6575449188666667,4.645831351829656,0.701029220063738,-10.76,"[576.4000244140625, 522.2000122070312]"
freq_sweep,1789044492.7893963,4.776465266000001,0.6059587222147047,0.903,0.3,0.6592117536666666,4.852949724071387,0.6580777580029401,-8.07,"[576.4000244140625, 522.2000122070312]"
freq_sweep,1789044492.8392506,4.826319421,0.6209575495969695,0.903,0.3,0.6608749709,5.060140016623887,0.6258641614573416,-8.07,"[582.7999877929688, 509.0]"
freq_sweep,1789044492.8892527,4.876321575,0.6481647891395181,0.903,0.3,0.6625413042333334,5.268241877333928,0.6120583343663708,-51.11,"[582.7999877929688, 509.0]"
freq_sweep,1789044492.9394147,4.926483644,0.6865951973963073,0.903,0.3,0.6642121750666666,5.4774366523569675,0.6105243535784852,-13.45,"[586.0, 491.6000061035156]"
freq_sweep,1789044492.9894297,4.9764983890000005,0.7344598575147567,0.903,0.3,0.6658788103666666,5.68662471324647,0.6151262959421421,0.0,"[586.0, 491.6000061035156]"
freq_sweep,1789044493.039443,5.026511950000001,0.7898333030641851,0.903,0.3,0.6675458717666667,5.896390102985389,0.6320000846088841,10.76,"[585.2000122070312, 493.3999938964844]"
freq_sweep,1789044493.089462,5.076531027000001,0.8503493264354565,0.903,0.3,0.6692136453333334,6.106769398744078,0.6565437772150544,21.52,"[585.2000122070312, 493.3999938964844]"
freq_sweep,1789044493.1393948,5.126463592,0.9132144546793697,0.903,0.3,0.6708780039666666,0.0340547642543072,0.6933593161243098,64.56,"[568.5999755859375, 510.0]"
freq_sweep,1789044493.1894114,5.17648027,0.9759047568145189,0.903,0.3,0.6725457156,0.24547370457719708,0.7409127205487647,32.28,"[568.5999755859375, 510.0]"
freq_sweep,1789044493.2392557,5.2263244470000005,1.0353194495394213,0.903,0.3,0.6742084657,0.456784802803579,0.8084078752157329,32.28,"[562.0, 540.7999877929688]"
freq_sweep,1789044493.2894795,5.276548415000001,1.089276086260821,0.903,0.3,0.6758813880666666,0.6699161833333527,0.868233125943273,16.14,"[562.0, 540.7999877929688]"
freq_sweep,1789044493.3394125,5.326481171,1.1346867185582035,0.903,0.3,0.6775454178333333,0.8824365842031412,0.9265243958829272,8.07,"[521.2000122070312, 553.4000244140625]"
freq_sweep,1789044493.3894475,5.376516492,1.1698015875991272,0.903,0.3,0.6792127028,1.0958967080072028,0.9863496466104673,13.45,"[521.2000122070312, 553.4000244140625]"
freq_sweep,1789044493.4393826,5.426451421,1.1928264275906213,0.903,0.3,0.6808779964333334,1.3096246206644615,1.0415729549743504,8.07,"[505.3999938964844, 572.7999877929688]"
freq_sweep,1789044493.4894156,5.47648444,1.2026740096099906,0.903,0.3,0.6825456045333333,1.5241737681732488,1.0906603401866908,34.97,"[505.3999938964844, 572.7999877929688]"
freq_sweep,1789044493.5395038,5.526572505000001,1.1987389777591715,0.903,0.3,0.6842154755666667,1.7395396715522224,1.1320778214596032,69.94,"[489.3999938964844, 598.0]"
freq_sweep,1789044493.5894272,5.576496207,1.1811619840514616,0.903,0.3,0.6858797664666667,1.9547080034271858,1.1612234564294304,94.14999999999999,"[489.3999938964844, 598.0]"
freq_sweep,1789044493.6393557,5.626424544000001,1.1506717283864876,0.903,0.3,0.6875438907333333,2.1703767946202674,1.1826991874598294,94.14999999999999,"[472.6000061035156, 618.7999877929688]"
freq_sweep,1789044493.6892574,5.676326127,1.108581698470352,0.903,0.3,0.6892083797666667,2.3866150906197845,1.1857671490356005,48.42,"[472.6000061035156, 618.7999877929688]"
freq_sweep,1789044493.739446,5.726514629,1.056563789504779,0.903,0.3,0.6908793498,2.6042216571022436,1.1811652066719438,0.0,"[450.20001220703125, 620.4000244140625]"
freq_sweep,1789044493.789391,5.776459786,0.9973536890344067,0.903,0.3,0.6925449344666667,2.821649818882804,1.1612234564294304,-2.69,"[450.20001220703125, 620.4000244140625]"
freq_sweep,1789044493.839542,5.826610797000001,0.9333227813476088,0.903,0.3,0.6942161828666666,3.04034381524837,1.1274758790959463,-10.76,"[458.3999938964844, 610.0]"
freq_sweep,1789044493.889398,5.876466988000001,0.8680452856635289,0.903,0.3,0.6958783757333333,3.2583736262754144,1.0906603401866908,-40.35,"[458.3999938964844, 610.0]"
freq_sweep,1789044493.9394047,5.926473503,0.8040983548286589,0.903,0.3,0.6975453085666667,3.477548944678695,1.0415729549743504,-59.18,"[484.20001220703125, 586.7999877929688]"
freq_sweep,1789044493.9893885,5.976457290000001,0.7447795507253575,0.903,0.3,0.6992113621,3.697131862634482,0.9848156658225816,-115.67,"[484.20001220703125, 586.7999877929688]"
freq_sweep,1789044494.0392709,6.02633955,0.6930235730256253,0.903,0.3,0.7008747132333334,3.916880126672037,0.9096506072161852,-115.67,"[505.3999938964844, 561.5999755859375]"
freq_sweep,1789044494.0892594,6.076328179000001,0.6512081169204664,0.903,0.3,0.7025414445333333,4.137598589900946,0.8406214717613314,-2.69,"[505.3999938964844, 561.5999755859375]"
freq_sweep,1789044494.1394231,6.126491865,0.6215004951991463,0.903,0.3,0.7042121202666667,4.359365519207582,0.782330201821677,-29.59,"[536.0, 550.5999755859375]"
freq_sweep,1789044494.1895015,6.176570423,0.6055647380484248,0.903,0.3,0.7058818721333333,4.581535352718863,0.7301748550335652,-48.42,"[536.0, 550.5999755859375]"
freq_sweep,1789044494.239503,6.226571880000001,0.6042529240136155,0.903,0.3,0.7075485114,4.803814618934911,0.6810874698212247,-2.69,"[564.7999877929688, 515.4000244140625]"
freq_sweep,1789044494.289395,6.2764640290000004,0.6176488427244194,0.903,0.3,0.7092118792000001,5.026179098539725,0.641203969336198,-5.38,"[564.7999877929688, 515.4000244140625]"
freq_sweep,1789044494.3395634,6.326632232000001,0.645342844117393,0.903,0.3,0.7108833314666667,5.25015094621827,0.6181942575179133,-40.35,"[601.7999877929688, 525.7999877929688]"
freq_sweep,1789044494.3892453,6.3763142120000005,0.6856353960659141,0.903,0.3,0.7125410906666667,5.472805962546982,0.607456392002714,-40.35,"[601.7999877929688, 525.7999877929688]"
freq_sweep,1789044494.4393027,6.426371595,0.737128126789162,0.903,0.3,0.7142089154333333,5.6973372201867925,0.6105243535784852,-13.45,"[596.0, 495.20001220703125]"
freq_sweep,1789044494.4892561,6.476324966,0.7970194876883838,0.903,0.3,0.7158747443666666,5.922122860891658,0.6289321230331129,2.69,"[596.0, 495.20001220703125]"
freq_sweep,1789044494.5394495,6.5265184110000005,0.8626241370295451,0.903,0.3,0.7175461636333333,6.14818944594149,0.6550097964271688,26.9,"[586.2000122070312, 498.0]"
freq_sweep,1789044494.5892663,6.576335145000001,0.9300838619889743,0.903,0.3,0.7192087908666667,0.09040262760253626,0.6948932969121955,75.32,"[586.2000122070312, 498.0]"
freq_sweep,1789044494.6393368,6.626405749000001,0.9965365458479928,0.903,0.3,0.7208769439,0.3170747693403868,0.7439806821245359,32.28,"[565.7999877929688, 536.2000122070312]"
freq_sweep,1789044494.6893175,6.676386266000001,1.058281763984188,0.903,0.3,0.7225434781333333,0.544050460699026,0.8084078752157329,2.69,"[565.7999877929688, 536.2000122070312]"
freq_sweep,1789044494.739429,6.726497951000001,1.112250620971632,0.903,0.3,0.7242126142,0.7719056634616983,0.8759030298827011,5.38,"[546.5999755859375, 542.5999755859375]"
freq_sweep,1789044494.7894838,6.776552801,1.155479080804263,0.903,0.3,0.7258813648,1.0002331548056667,0.9372622613981267,8.07,"[546.5999755859375, 542.5999755859375]"
freq_sweep,1789044494.839349,6.826417984000001,1.1855816725885875,0.903,0.3,0.7275448265333333,1.2283585817722766,1.012427320004523,8.07,"[513.4000244140625, 585.5999755859375]"
freq_sweep,1789044494.8892493,6.876318318,1.2010592878760593,0.903,0.3,0.7292081695,1.456989233716282,1.0707185899441776,10.76,"[513.4000244140625, 585.5999755859375]"
freq_sweep,1789044494.9393342,6.926403110000001,1.2009825721797613,0.903,0.3,0.7308765246,1.6868334761126924,1.1167380135807468,48.42,"[484.79998779296875, 591.7999877929688]"
freq_sweep,1789044494.989305,6.976373919,1.1852128380182323,0.903,0.3,0.7325425278333333,1.9168768909540113,1.1520195717021164,99.53,"[484.79998779296875, 591.7999877929688]"
freq_sweep,1789044495.0395186,7.026587557,1.1543691541950616,0.903,0.3,0.7342137934333334,2.148173431075069,1.1765632643082868,107.6,"[460.20001220703125, 609.0]"
freq_sweep,1789044495.089409,7.07647809,1.1101987412443175,0.903,0.3,0.7358792434,2.3791879451546443,1.1873011298234863,96.84,"[460.20001220703125, 609.0]"
freq_sweep,1789044495.1394315,7.126500309000001,1.0548357639092616,0.903,0.3,0.737546044,2.6109134884744662,1.184233168247715,0.0,"[476.6000061035156, 616.5999755859375]"
freq_sweep,1789044495.1893148,7.176383728,0.9913636787593549,0.903,0.3,0.7392089059,2.8426126682577895,1.1612234564294304,0.0,"[476.6000061035156, 616.5999755859375]"
freq_sweep,1789044495.2392483,7.226317180000001,0.9228793853865437,0.903,0.3,0.7408749570666666,3.0752794449087055,1.1274758790959463,0.0,"[454.0, 633.4000244140625]"
freq_sweep,1789044495.2892737,7.276342486000001,0.8531558053618434,0.903,0.3,0.7425413262,3.3085140379724542,1.0845244170351482,-24.21,"[454.0, 633.4000244140625]"
freq_sweep,1789044495.33931,7.326378685000001,0.7859390643663412,0.903,0.3,0.7442089244000001,3.5424448425036346,1.033903051034922,-69.94,"[498.3999938964844, 595.7999877929688]"
freq_sweep,1789044495.389533,7.376601912000001,0.7247595287208684,0.903,0.3,0.7458827857666667,3.777782373635606,0.9756117810952678,-126.42999999999999,"[498.3999938964844, 595.7999877929688]"
freq_sweep,1789044495.4394245,7.426493408000001,0.6736111056282111,0.903,0.3,0.7475453962,4.012059126396238,0.9081166264282996,-8.07,"[519.0, 576.2000122070312]"
freq_sweep,1789044495.4894996,7.476568331,0.6347905495800492,0.903,0.3,0.7492150749666666,4.24785736389417,0.8298836062461319,-2.69,"[519.0, 576.2000122070312]"
freq_sweep,1789044495.5394104,7.526479135000001,0.6108338490671651,0.903,0.3,0.7508789611,4.483359397368176,0.7715923363064775,-37.66,"[557.2000122070312, 534.7999877929688]"
freq_sweep,1789044495.5893786,7.576447466,0.6030078810768345,0.903,0.3,0.7525446352666667,4.719637479696448,0.7148350471547088,-37.66,"[557.2000122070312, 534.7999877929688]"
freq_sweep,1789044495.6393502,7.626418978,0.611891360034815,0.903,0.3,0.7542104630666666,4.9564604269489045,0.6550097964271688,-37.66,"[579.7999877929688, 529.5999755859375]"
freq_sweep,1789044495.689266,7.676334962,0.6370698885886723,0.903,0.3,0.7558748654333334,5.193602904051488,0.6258641614573416,-2.69,"[579.7999877929688, 529.5999755859375]"
freq_sweep,1789044495.7393265,7.726395514000001,0.6773373851965173,0.903,0.3,0.7575428319333334,5.43177761130837,0.6151262959421421,-40.35,"[586.5999755859375, 501.6000061035156]"
freq_sweep,1789044495.7892883,7.776357148000001,0.7304160608912198,0.903,0.3,0.7592091417666667,5.670239131994894,0.6166602767300278,0.0,"[586.5999755859375, 501.6000061035156]"
freq_sweep,1789044495.8395205,7.826589288,0.7936911546420139,0.903,0.3,0.7608824977,5.910236813002005,0.6258641614573416,8.07,"[578.0, 491.0]"
freq_sweep,1789044495.889386,7.876454645000001,0.8629094090523202,0.903,0.3,0.7625446543000001,6.149149021190404,0.6488738732756262,18.83,"[578.0, 491.0]"
freq_sweep,1789044495.9394293,7.926497985,0.9348090452672884,0.903,0.3,0.7642125820333334,0.10622983486884863,0.6872233929727672,67.25,"[570.2000122070312, 512.2000122070312]"
freq_sweep,1789044495.989441,7.976509828,1.0049830410461258,0.903,0.3,0.7658793792666667,0.3468567872516566,0.7378447589729934,61.87,"[570.2000122070312, 512.2000122070312]"
freq_sweep,1789044496.0392904,8.026359479,1.0692526395815936,0.903,0.3,0.7675417946666667,0.5873720879031907,0.8160777791551611,61.87,"[541.7999877929688, 539.4000244140625]"
freq_sweep,1789044496.0892503,8.076319323,1.1241677254099702,0.903,0.3,0.7692079726333334,0.8289550417633151,0.885106914610015,2.69,"[541.7999877929688, 539.4000244140625]"
freq_sweep,1789044496.1392777,8.12634652,1.166338935009429,0.903,0.3,0.7708753960000001,1.0712426433497768,0.9480001269133262,8.07,"[518.2000122070312, 563.4000244140625]"
freq_sweep,1789044496.189416,8.176484883,1.1931989583573723,0.903,0.3,0.7725457211666666,1.3144777955976608,1.012427320004523,18.83,"[518.2000122070312, 563.4000244140625]"
freq_sweep,1789044496.239411,8.226480030000001,1.202974507932848,0.903,0.3,0.7742127712,1.5577598579004643,1.0722525707320631,13.45,"[501.20001220703125, 588.4000244140625]"
freq_sweep,1789044496.289329,8.276397808,1.1950776552849485,0.903,0.3,0.7758767908666666,1.801121618552827,1.1228739367322893,43.04,"[501.20001220703125, 588.4000244140625]"
freq_sweep,1789044496.3394763,8.326545091,1.1697675112267503,0.903,0.3,0.7775472035,2.045944301375087,1.158155494853659,94.14999999999999,"[490.3999938964844, 605.7999877929688]"
freq_sweep,1789044496.3892908,8.376359707,1.1286995195898348,0.903,0.3,0.7792088202,2.2899982459046058,1.1811652066719438,94.14999999999999,"[490.3999938964844, 605.7999877929688]"
freq_sweep,1789044496.4393651,8.426434101,1.0738505542894257,0.903,0.3,0.7808780321333334,2.5356929578110154,1.184233168247715,86.08,"[448.3999938964844, 620.4000244140625]"
freq_sweep,1789044496.48923,8.476298866,1.0088352667751883,0.903,0.3,0.7825413910666666,2.781047677227228,1.175029283520401,0.0,"[448.3999938964844, 620.4000244140625]"
freq_sweep,1789044496.5392563,8.526325384,0.9371677133244268,0.903,0.3,0.7842083189666667,3.0274526020575294,1.1474176293384597,-8.07,"[456.0, 614.5999755859375]"
freq_sweep,1789044496.589409,8.576478082000001,0.863128862111358,0.903,0.3,0.7858786794,3.274890845438776,1.1060001480655473,-29.59,"[456.0, 614.5999755859375]"
freq_sweep,1789044496.6394231,8.626492062,0.7915156079154996,0.903,0.3,0.7875455796333333,3.5223402588748627,1.055378782065321,-43.04,"[481.6000061035156, 596.0]"
freq_sweep,1789044496.6894789,8.676547518000001,0.7265229041888842,0.903,0.3,0.7892136939000001,3.7704944028808995,0.9924855697620099,-118.36,"[481.6000061035156, 596.0]"
freq_sweep,1789044496.7394538,8.726522632,0.6722988341725136,0.903,0.3,0.7908798068333334,4.018874072895237,0.9265243958829272,-88.77,"[495.79998779296875, 562.2000122070312]"
freq_sweep,1789044496.7892952,8.77636417,0.6322437636252098,0.903,0.3,0.7925419335,4.267180231007082,0.8252816638824749,-88.77,"[495.79998779296875, 562.2000122070312]"
freq_sweep,1789044496.8392794,8.826348431000001,0.6087281971164875,0.903,0.3,0.794208407,4.51665924272308,0.7639224323670493,-2.69,"[541.5999755859375, 536.5999755859375]"
freq_sweep,1789044496.8892283,8.876297154000001,0.6034409242573546,0.903,0.3,0.7958745545666667,4.76661273333459,0.7102331047910518,-34.97,"[541.5999755859375, 536.5999755859375]"
freq_sweep,1789044496.9395003,8.926569177000001,0.6169054612794174,0.903,0.3,0.7975470731333334,5.01804927593119,0.662679700366597,-2.69,"[569.4000244140625, 534.0]"
freq_sweep,1789044496.9893303,8.976399084,0.6482298095003785,0.903,0.3,0.7992105787666667,5.268652481996298,0.6273981422452273,-5.38,"[569.4000244140625, 534.0]"
freq_sweep,1789044497.039429,9.026497736000001,0.6957454249234686,0.903,0.3,0.8008790152,5.520523212812421,0.6181942575179133,-32.28,"[584.2000122070312, 504.20001220703125]"
freq_sweep,1789044497.0894582,9.076527251,0.7564645256066992,0.903,0.3,0.8025471369,5.772870944210766,0.6212622190936846,13.45,"[584.2000122070312, 504.20001220703125]"
freq_sweep,1789044497.1395183,9.126587165,0.8266389114751458,0.903,0.3,0.8042157408333334,6.025816442917943,0.6320000846088841,13.45,"[583.2000122070312, 497.79998779296875]"
freq_sweep,1789044497.189317,9.17638595,0.9014672605022749,0.903,0.3,0.8058763917,6.278076153292773,0.6672816427302539,13.45,"[583.2000122070312, 497.79998779296875]"
freq_sweep,1789044497.2393584,9.226427156,0.9768981513469913,0.903,0.3,0.8075450306666667,0.24888882053934935,0.7133010663668231,48.42,"[571.5999755859375, 518.5999755859375]"
freq_sweep,1789044497.2893763,9.276445133000001,1.0476474497665154,0.903,0.3,0.8092117385333333,0.5031164701889921,0.7731263170943632,16.14,"[571.5999755859375, 518.5999755859375]"
freq_sweep,1789044497.339476,9.326545054,1.1092797894105089,0.903,0.3,0.8108804689,0.7581775137047515,0.8467573949128739,2.69,"[545.2000122070312, 534.7999877929688]"
freq_sweep,1789044497.3894882,9.376557225,1.1576188038488342,0.903,0.3,0.8125479900333333,1.0135778648793519,0.9142525495798421,8.07,"[545.2000122070312, 534.7999877929688]"
freq_sweep,1789044497.4395723,9.426641263,1.1894983610710201,0.903,0.3,0.8142164150666666,1.269641363076282,0.9848156658225816,10.76,"[506.79998779296875, 559.4000244140625]"
freq_sweep,1789044497.4892802,9.476348972,1.202682822041364,0.903,0.3,0.8158756177333333,1.5248083671880863,1.05231082048955,2.69,"[506.79998779296875, 559.4000244140625]"
freq_sweep,1789044497.539435,9.526503639000001,1.1963243531637153,0.903,0.3,0.8175455424,1.782149944054261,1.1090681096413186,40.35,"[493.20001220703125, 579.2000122070312]"
freq_sweep,1789044497.5893664,9.576435197,1.1706602564264097,0.903,0.3,0.8192114633,2.0393976559477665,1.158155494853659,40.35,"[493.20001220703125, 579.2000122070312]"
freq_sweep,1789044497.6392572,9.62632599,1.1273528425132795,0.903,0.3,0.8208749168,2.2967859393813654,1.179631225884058,91.46,"[459.3999938964844, 610.0]"
freq_sweep,1789044497.6893644,9.676433118,1.0689251475820924,0.903,0.3,0.8225437489666667,2.5555314310574104,1.1873011298234863,18.83,"[459.3999938964844, 610.0]"
freq_sweep,1789044497.739265,9.726333724,0.9994809667944177,0.903,0.3,0.8242085252,2.8141704787817545,1.1780972450961724,0.0,"[444.0, 623.7999877929688]"
freq_sweep,1789044497.7894375,9.776506367000001,0.9231981991242654,0.903,0.3,0.8258789583666667,3.0742143536825637,1.1489516101263453,-8.07,"[444.0, 623.7999877929688]"
freq_sweep,1789044497.8394933,9.826562211,0.8454629203930863,0.903,0.3,0.8275480762,3.3345786047247543,1.1044661672776617,-18.83,"[460.3999938964844, 610.5999755859375]"
freq_sweep,1789044497.8895776,9.876646513,0.7717095122356543,0.903,0.3,0.8292113922666667,3.5945593388368877,1.0492428589137786,-34.97,"[460.3999938964844, 610.5999755859375]"
freq_sweep,1789044497.9395163,9.926585218000001,0.7064586610112461,0.903,0.3,0.8308804183666667,3.8559576486774105,0.983281685034696,-156.02,"[509.6000061035156, 581.4000244140625]"
freq_sweep,1789044497.9893906,9.976459461000001,0.6545957941399196,0.903,0.3,0.8325447897,4.117149099242532,0.8943107993373288,-156.02,"[509.6000061035156, 581.4000244140625]"
freq_sweep,1789044498.0394812,10.026550202000001,0.6194639520544328,0.903,0.3,0.8342135538333333,4.379554833767621,0.8099418560036186,-5.38,"[540.4000244140625, 548.5999755859375]"
freq_sweep,1789044498.0892968,10.076365679,0.6037549813449062,0.903,0.3,0.8358756258666666,4.641428981206914,0.7485826244881929,-34.97,"[540.4000244140625, 548.5999755859375]"
freq_sweep,1789044498.1395688,10.126637559,0.6085778967162856,0.903,0.3,0.8375484562666666,4.905525683181224,0.6933593161243098,-21.52,"[569.0, 527.5999755859375]"
freq_sweep,1789044498.1893082,10.176377253,0.6336383424505758,0.903,0.3,0.8392094453333334,5.1682729820578714,0.6458059116998549,-2.69,"[569.0, 527.5999755859375]"
freq_sweep,1789044498.2394176,10.226486338,0.6775738373780045,0.903,0.3,0.8408794551333334,5.432972947401801,0.6181942575179133,-13.45,"[586.0, 504.3999938964844]"
freq_sweep,1789044498.2893095,10.276378332,0.7370887668380405,0.903,0.3,0.8425430622666668,5.697179755176165,0.6105243535784852,-18.83,"[586.0, 504.3999938964844]"
freq_sweep,1789044498.3392866,10.326355618000001,0.8083663206189362,0.903,0.3,0.8442088700333333,5.962259117162134,0.6181942575179133,8.07,"[578.7999877929688, 493.0]"
freq_sweep,1789044498.3895273,10.376596253,0.8866538541509998,0.903,0.3,0.8458797455666667,6.228671157571114,0.6442719309119693,24.21,"[578.7999877929688, 493.0]"
freq_sweep,1789044498.4393113,10.426380080000001,0.9658574480655265,0.903,0.3,0.8475422801333333,0.21108897462868725,0.6964272777000811,24.21,"[580.4000244140625, 505.6000061035156]"
freq_sweep,1789044498.4892642,10.476333005,1.040939116084174,0.903,0.3,0.8492082660333333,0.47776664794947976,0.7547185476397354,37.66,"[580.4000244140625, 505.6000061035156]"
freq_sweep,1789044498.5392447,10.526313536,1.1064122140476012,0.903,0.3,0.8508750375333334,0.7450937384696488,0.8283496254582462,2.69,"[544.4000244140625, 545.7999877929688]"
freq_sweep,1789044498.589359,10.576427814,1.1575819925569468,0.903,0.3,0.8525443018666667,1.0133458771803276,0.9050486648525283,2.69,"[544.4000244140625, 545.7999877929688]"
freq_sweep,1789044498.6393166,10.626385481,1.1905309955939598,0.903,0.3,0.8542095247666667,1.2814712462839921,0.9740778003073821,5.38,"[501.3999938964844, 560.2000122070312]"
freq_sweep,1789044498.6894433,10.676512374000001,1.2029405323493905,0.903,0.3,0.8558794841,1.5508849204523258,1.0461748973380072,21.52,"[501.3999938964844, 560.2000122070312]"
freq_sweep,1789044498.739291,10.726359825000001,1.1937595333995887,0.903,0.3,0.8575421164333334,1.8196376005033486,1.1060001480655473,32.28,"[486.6000061035156, 590.5999755859375]"
freq_sweep,1789044498.78932,10.77638888,1.1635168068892603,0.903,0.3,0.8592092863333334,2.089647660916299,1.158155494853659,32.28,"[486.6000061035156, 590.5999755859375]"
freq_sweep,1789044498.8394198,10.826488572,1.1141910023404755,0.903,0.3,0.8608791572000001,2.3606207761211735,1.179631225884058,88.77,"[461.3999938964844, 621.7999877929688]"
freq_sweep,1789044498.8892355,10.87630442,1.0496479375662944,0.903,0.3,0.8625412264666668,2.6308486250134564,1.1826991874598294,0.0,"[461.3999938964844, 621.7999877929688]"
freq_sweep,1789044498.9394252,10.926494139,0.9738916823322717,0.903,0.3,0.8642120784333334,2.9030306426402035,1.1688933603688585,-2.69,"[451.6000061035156, 618.4000244140625]"
freq_sweep,1789044498.9893095,10.976378452,0.8930985001146049,0.903,0.3,0.8658759882333333,3.174603648369768,1.1382137446111458,-21.52,"[451.6000061035156, 618.4000244140625]"
freq_sweep,1789044499.039365,11.026433930000001,0.8126897524133033,0.903,0.3,0.8675439938333334,3.4473695854839264,1.0891263593988052,-43.04,"[472.79998779296875, 605.2000122070312]"
freq_sweep,1789044499.0893767,11.076445382000001,0.7388388194244695,0.903,0.3,0.8692117112,3.720612647480678,1.026233147095494,-80.7,"[472.79998779296875, 605.2000122070312]"
freq_sweep,1789044499.1393018,11.126370691,0.6771765300870897,0.903,0.3,0.8708759901666667,3.9938144528759096,0.9602719732164113,-134.5,"[507.20001220703125, 573.5999755859375]"
freq_sweep,1789044499.1893854,11.176454161,0.6321121642574674,0.903,0.3,0.8725442839666666,4.268199939915391,0.8605632220038447,-134.5,"[507.20001220703125, 573.5999755859375]"
freq_sweep,1789044499.239301,11.226369899,0.607320918393718,0.903,0.3,0.8742086461333334,4.542460940195561,0.7807962210337913,-2.69,"[561.2000122070312, 538.4000244140625]"
freq_sweep,1789044499.2892752,11.276344053,0.6046569802994801,0.903,0.3,0.8758747967,4.817539915532471,0.7209709703062513,-40.35,"[561.2000122070312, 538.4000244140625]"
freq_sweep,1789044499.3392591,11.326328169,0.62449833021724,0.903,0.3,0.8775416957,5.093266200862367,0.6657476619423682,-18.83,"[583.4000244140625, 513.0]"
freq_sweep,1789044499.3894775,11.376546281000001,0.6656369596310919,0.903,0.3,0.8792139173666667,5.370400017825844,0.6258641614573416,-2.69,"[583.4000244140625, 513.0]"
freq_sweep,1789044499.4395127,11.426581483000001,0.7248634276228602,0.903,0.3,0.8808823228666667,5.647426081315736,0.6089903727905995,-10.76,"[588.2000122070312, 495.6000061035156]"
freq_sweep,1789044499.4895642,11.476633146000001,0.797777851761677,0.903,0.3,0.8825498089333335,5.924823593629121,0.6135923151542565,2.69,"[588.2000122070312, 495.6000061035156]"
freq_sweep,1789044499.5394118,11.526480676,0.8786443185871153,0.903,0.3,0.8842122947333333,6.20191025313629,0.6350680461846554,10.76,"[590.2000122070312, 494.3999938964844]"
freq_sweep,1789044499.5894728,11.576541662,0.9617641788801085,0.903,0.3,0.8858796986,0.19715536215701945,0.684155431396996,10.76,"[590.2000122070312, 494.3999938964844]"
freq_sweep,1789044499.6394033,11.626472133,1.0404132778313797,0.903,0.3,0.8875452171666667,0.47579384033996064,0.7424467013366504,75.32,"[566.4000244140625, 527.0]"
freq_sweep,1789044499.6892586,11.676327548000001,1.1084829146025044,0.903,0.3,0.8892081770666667,0.7545255301926872,0.8206797215188181,2.69,"[566.4000244140625, 527.0]"
freq_sweep,1789044499.7394505,11.726519273000001,1.160985502851361,0.903,0.3,0.8908794375333333,1.0351749820270584,0.8989127417009857,5.38,"[525.7999877929688, 550.7999877929688]"
freq_sweep,1789044499.7894247,11.776493739000001,1.1932764051506304,0.903,0.3,0.8925456382,1.3154980637689633,0.9710098387316108,10.76,"[525.7999877929688, 550.7999877929688]"
freq_sweep,1789044499.8394938,11.826562493,1.2028980962806535,0.903,0.3,0.8942149010666667,1.5968615640484458,1.0461748973380072,8.07,"[504.20001220703125, 578.7999877929688]"
freq_sweep,1789044499.8894513,11.876520172000001,1.188946621745712,0.903,0.3,0.8958802662666667,1.8780908723858758,1.1106020904292042,37.66,"[504.20001220703125, 578.7999877929688]"
freq_sweep,1789044499.9394295,11.926498449,1.1524306271648017,0.903,0.3,0.8975460062333334,2.1599064840395457,1.1550875332778878,72.63,"[476.6000061035156, 612.0]"
freq_sweep,1789044499.989334,11.976403112000002,1.0961880292350212,0.903,0.3,0.8992098869666667,2.441929393993931,1.1765632643082868,72.63,"[476.6000061035156, 612.0]"
freq_sweep,1789044500.0392807,12.026349576000001,1.0245062521739194,0.903,0.3,0.9008744547,2.724591029243058,1.175029283520401,94.14999999999999,"[445.20001220703125, 618.2000122070312]"
freq_sweep,1789044500.089281,12.07635009,0.9428855157119199,0.903,0.3,0.9025417868333334,3.0082461065461388,1.158155494853659,-2.69,"[445.20001220703125, 618.2000122070312]"
freq_sweep,1789044500.1394253,12.126494178000002,0.8578175426351851,0.903,0.3,0.9042111740000001,3.292776106150484,1.1213399559444037,-32.28,"[458.79998779296875, 591.5999755859375]"
freq_sweep,1789044500.1895065,12.176575317000001,0.7762514207321356,0.903,0.3,0.9058803147333334,3.577789258140335,1.0722525707320631,-32.28,"[458.79998779296875, 591.5999755859375]"
freq_sweep,1789044500.2394059,12.226474904000002,0.70495995799872,0.903,0.3,0.9075451465666667,3.8625890929753055,1.0062913968529805,-118.36,"[510.0, 585.2000122070312]"
freq_sweep,1789044500.289386,12.276454919,0.6495057717110082,0.903,0.3,0.9092112042333333,4.148121845148303,0.9295923574586985,-104.91,"[510.0, 585.2000122070312]"
freq_sweep,1789044500.3394346,12.326503582,0.6145062000049315,0.903,0.3,0.9108793323000001,4.434533944585056,0.8375535101855601,-2.69,"[521.5999755859375, 542.0]"
freq_sweep,1789044500.3892698,12.376338850000002,0.6030099179811811,0.903,0.3,0.9125419466666667,4.720520415612462,0.7455146629124216,-2.69,"[521.5999755859375, 542.0]"
freq_sweep,1789044500.439284,12.426353004000001,0.615993342365571,0.903,0.3,0.9142089078666666,5.007778369748678,0.6872233929727672,-26.9,"[566.7999877929688, 534.4000244140625]"
freq_sweep,1789044500.489286,12.476354930000001,0.6525648145997098,0.903,0.3,0.9158752037666666,5.295445042357187,0.6381360077604268,-2.69,"[566.7999877929688, 534.4000244140625]"
freq_sweep,1789044500.5394578,12.526526675000001,0.7100245905919844,0.903,0.3,0.9175461917333334,5.584448063336929,0.6181942575179133,-5.38,"[600.7999877929688, 505.3999938964844]"
freq_sweep,1789044500.589492,12.57656101,0.7835324674566807,0.903,0.3,0.9192150297666667,5.873604210048725,0.6212622190936846,2.69,"[600.7999877929688, 505.3999938964844]"
freq_sweep,1789044500.6395104,12.626579360000001,0.8670145490566502,0.903,0.3,0.9208819066,6.162944274490407,0.6366020269725411,10.76,"[575.0, 502.79998779296875]"
freq_sweep,1789044500.689395,12.676463899000002,0.9534573871586893,0.903,0.3,0.9225451772666666,0.16899453276915466,0.6672816427302539,67.25,"[575.0, 502.79998779296875]"
freq_sweep,1789044500.7395346,12.726603667000001,1.036197613526461,0.903,0.3,0.9242158822666667,0.46004903580600853,0.7209709703062513,94.14999999999999,"[573.2000122070312, 534.4000244140625]"
freq_sweep,1789044500.7893646,12.776433495000001,1.1075406675344388,0.903,0.3,0.9258785441666666,0.750223431179549,0.8130098175793898,94.14999999999999,"[573.2000122070312, 534.4000244140625]"
freq_sweep,1789044500.8393357,12.826404700000001,1.1619519961873095,0.903,0.3,0.9275446450666667,1.0415212579225326,0.8958447801252144,2.69,"[524.5999755859375, 549.2000122070312]"
freq_sweep,1789044500.8892295,12.876298204000001,1.1945486649268904,0.903,0.3,0.9292080560333333,1.332870337133052,0.9694758579437253,10.76,"[524.5999755859375, 549.2000122070312]"
freq_sweep,1789044500.939486,12.926555009000001,1.2025379826622429,0.903,0.3,0.9308803489333333,1.626302240917262,1.0446409165501216,16.14,"[500.3999938964844, 576.5999755859375]"
freq_sweep,1789044500.9893303,12.976399234,1.1850496224484226,0.903,0.3,0.9325425105,1.9184772039042954,1.1075341288534328,24.21,"[500.3999938964844, 576.5999755859375]"
freq_sweep,1789044501.0394835,13.026552302,1.143257799739843,0.903,0.3,0.9342142572333334,2.2128638441976136,1.1535535524900022,78.01,"[476.0, 598.0]"
freq_sweep,1789044501.0894446,13.076513539,1.080899839299979,0.903,0.3,0.9358805520666666,2.5068137960301655,1.175029283520401,94.14999999999999,"[476.0, 598.0]"
freq_sweep,1789044501.139501,13.126569969,1.0030307113895385,0.903,0.3,0.9375488806333334,2.8016471608921947,1.175029283520401,-2.69,"[449.79998779296875, 613.4000244140625]"
freq_sweep,1789044501.189321,13.176389863,0.9168014791560452,0.903,0.3,0.9392091253,3.0955714797109266,1.1489516101263453,-2.69,"[449.79998779296875, 613.4000244140625]"
freq_sweep,1789044501.2391965,13.226265476,0.8290235874436834,0.903,0.3,0.9408735085666666,3.3907506478761533,1.1075341288534328,-5.38,"[467.6000061035156, 600.0]"
freq_sweep,1789044501.2892854,13.276354407000001,0.7473237928116949,0.903,0.3,0.9425419851666668,3.6871805072729984,1.0507768397016641,-53.8,"[467.6000061035156, 600.0]"
freq_sweep,1789044501.3393085,13.326377393000001,0.6791580574155959,0.903,0.3,0.9442087943999999,3.9838378223634408,0.9817477042468103,-150.64,"[498.79998779296875, 579.7999877929688]"
freq_sweep,1789044501.3893902,13.376459053000001,0.6304275884134918,0.903,0.3,0.9458780283,4.281451890660122,0.9004467224888714,-26.9,"[498.79998779296875, 579.7999877929688]"
freq_sweep,1789044501.4395216,13.426590444,0.6056276767491666,0.903,0.3,0.9475491960666667,4.5799371861278,0.8068738944278473,-2.69,"[538.0, 542.4000244140625]"
freq_sweep,1789044501.4894338,13.476502712,0.6070847959085621,0.903,0.3,0.9492128264333334,4.877597928258609,0.7363107781851077,-21.52,"[538.0, 542.4000244140625]"
freq_sweep,1789044501.5394454,13.52651434,0.6347204535370057,0.903,0.3,0.9508799010666666,5.176398781996369,0.6734175658817965,-18.83,"[572.7999877929688, 520.4000244140625]"
freq_sweep,1789044501.5893602,13.576429072000002,0.6861261912666594,0.903,0.3,0.9525439355333334,5.475176672701259,0.6227961998815703,-18.83,"[572.7999877929688, 520.4000244140625]"
freq_sweep,1789044501.639272,13.626340829,0.7568964206518862,0.903,0.3,0.9542082116,5.774520040553632,0.6105243535784852,-2.69,"[576.0, 513.4000244140625]"
freq_sweep,1789044501.6892674,13.676336311,0.8409690972111143,0.903,0.3,0.9558754112000001,6.074913180517058,0.6212622190936846,2.69,"[576.0, 513.4000244140625]"
freq_sweep,1789044501.7395017,13.726570671000001,0.9310178171076121,0.903,0.3,0.9575475004,0.09352902436701527,0.6504078540635119,37.66,"[582.7999877929688, 497.6000061035156]"
freq_sweep,1789044501.789423,13.776491762000001,1.0183104203261686,0.903,0.3,0.9592122245333334,0.39452320805008156,0.6979612584879668,99.53,"[582.7999877929688, 497.6000061035156]"
freq_sweep,1789044501.8395503,13.826619257,1.0956334000484755,0.903,0.3,0.9608836146,0.6972492115530784,0.7639224323670493,29.59,"[575.2000122070312, 534.5999755859375]"
freq_sweep,1789044501.889453,13.876521902,1.1552823196928852,0.903,0.3,0.9625468516333333,0.9990199650440204,0.8605632220038447,2.69,"[575.2000122070312, 534.5999755859375]"
freq_sweep,1789044501.93951,13.926578923000001,1.1922529038284821,0.903,0.3,0.9642156275333333,1.3023205921634542,0.9433981845496693,2.69,"[530.4000244140625, 552.4000244140625]"
freq_sweep,1789044501.9893324,13.976401239000001,1.2028258561013783,0.903,0.3,0.9658774107333334,1.6048708284114213,1.0369710126106935,2.69,"[530.4000244140625, 552.4000244140625]"
freq_sweep,1789044502.0393069,14.026375705000001,1.1860446364678419,0.903,0.3,0.9675428427000001,1.9086081955420866,1.1044661672776617,29.59,"[515.7999877929688, 575.2000122070312]"
freq_sweep,1789044502.0892427,14.076311542000001,1.1432520541605238,0.903,0.3,0.9692084246,2.2128958245620396,1.1535535524900022,67.25,"[515.7999877929688, 575.2000122070312]"
freq_sweep,1789044502.139239,14.126307971000001,1.0782091418927364,0.903,0.3,0.9708751036666667,2.5179075031552856,1.1734953027325155,83.39,"[464.3999938964844, 616.7999877929688]"
freq_sweep,1789044502.189493,14.176561792000001,0.9964966944247415,0.903,0.3,0.9725483985666667,2.8246576882975347,1.1734953027325155,-2.69,"[464.3999938964844, 616.7999877929688]"
freq_sweep,1789044502.2395208,14.226589756000001,0.9062240846770944,0.903,0.3,0.9742157671666667,3.130845497782161,1.1535535524900022,-2.69,"[452.79998779296875, 608.5999755859375]"
freq_sweep,1789044502.289548,14.276616858,0.8155003720901061,0.903,0.3,0.9758831510333333,3.4375601602690153,1.1136700520049756,-26.9,"[452.79998779296875, 608.5999755859375]"
freq_sweep,1789044502.339431,14.326499856000002,0.7330297518361403,0.903,0.3,0.9775458109,3.7439269289102697,1.055378782065321,-56.49,"[488.6000061035156, 595.7999877929688]"
freq_sweep,1789044502.3893423,14.376411314,0.6661905605356782,0.903,0.3,0.9792114537333334,4.051366303750257,0.9648739155800683,-56.49,"[488.6000061035156, 595.7999877929688]"
freq_sweep,1789044502.439238,14.426306804000001,0.6215455398454579,0.903,0.3,0.9808749522,4.358931487830205,0.8789709914584724,-2.69,"[519.5999755859375, 558.0]"
freq_sweep,1789044502.4892967,14.476365606000002,0.6032980360107834,0.903,0.3,0.9825427212666666,4.667810557252679,0.7838641826095626,-2.69,"[519.5999755859375, 558.0]"
freq_sweep,1789044502.539248,14.526316894,0.613432762629706,0.903,0.3,0.9842087255333334,4.976885959657679,0.7179030087304801,-26.9,"[565.0, 527.4000244140625]"
freq_sweep,1789044502.5893643,14.576433119,0.6511776164798123,0.903,0.3,0.9858774577,5.286992336643834,0.6611457195787114,-10.76,"[565.0, 527.4000244140625]"
freq_sweep,1789044502.639532,14.62660106,0.7131983606396736,0.903,0.3,0.9875492083333334,5.59818644392189,0.6227961998815703,-2.69,"[589.2000122070312, 508.79998779296875]"
freq_sweep,1789044502.6894338,14.676502632,0.7931675420981842,0.903,0.3,0.9892126847333333,5.908361910106009,0.6135923151542565,2.69,"[589.2000122070312, 508.79998779296875]"
freq_sweep,1789044502.7394066,14.726475705,0.8839225983645012,0.903,0.3,0.9908787912000001,6.219551031152903,0.6289321230331129,8.07,"[594.0, 495.79998779296875]"
freq_sweep,1789044502.789331,14.776399920000001,0.9766466558309129,0.903,0.3,0.9925446087333334,0.24802394452047594,0.6749515466696822,8.07,"[594.0, 495.79998779296875]"
freq_sweep,1789044502.8392296,14.826298499000002,1.0622767837907219,0.903,0.3,0.9942076758333334,0.5596889253482189,0.7347767973972221,80.7,"[576.2000122070312, 523.5999755859375]"
freq_sweep,1789044502.8894691,14.876537812,1.1330193572135976,0.903,0.3,0.9958806266,0.8737336968292411,0.8145437983672754,2.69,"[576.2000122070312, 523.5999755859375]"
freq_sweep,1789044502.9394546,14.926523559000001,1.181172418864085,0.903,0.3,0.9975465239666667,1.1869775261039663,0.9065826456404139,2.69,"[530.2000122070312, 543.0]"
freq_sweep,1789044502.9894807,14.976549684,1.2022707973298568,0.903,0.3,0.9992140874666667,1.5010588060017156,0.9863496466104673,8.07,"[530.2000122070312, 543.0]"
freq_sweep,1789044503.039405,15.026474080000002,1.194132779864174,0.903,0.3,0.9991214095333333,1.8145345707925529,1.0630486860047492,13.45,"[492.20001220703125, 581.7999877929688]"
freq_sweep,1789044503.0894718,15.076540749000001,1.1575771690525654,0.903,0.3,0.9974527026666666,2.128277168121876,1.1274758790959463,43.04,"[492.20001220703125, 581.7999877929688]"
freq_sweep,1789044503.139433,15.126501677,1.09642625379872,0.903,0.3,0.9957872184333333,2.4408910046455716,1.1688933603688585,78.01,"[464.3999938964844, 608.7999877929688]"
freq_sweep,1789044503.1894908,15.176559716000002,1.0165823298408938,0.903,0.3,0.9941200287333333,2.753301032308549,1.179631225884058,78.01,"[464.3999938964844, 608.7999877929688]"
freq_sweep,1789044503.2392912,15.226360019000001,0.9261638363152842,0.903,0.3,0.9924575734333333,3.0643029379220152,1.167359379580973,-2.69,"[448.3999938964844, 631.5999755859375]"
freq_sweep,1789044503.2892783,15.276347303000001,0.833480625987443,0.903,0.3,0.9907915473333333,3.375449650449248,1.1259418983080607,-34.97,"[448.3999938964844, 631.5999755859375]"
freq_sweep,1789044503.339276,15.326344998000001,0.7475685104137518,0.903,0.3,0.9891246973333333,3.6862265204076223,1.069184609156292,-21.52,"[475.20001220703125, 604.4000244140625]"
freq_sweep,1789044503.3893893,15.376458116,0.6765466111051153,0.903,0.3,0.9874549940666666,3.9970098609528364,0.9955535313377811,-142.57,"[475.20001220703125, 604.4000244140625]"
freq_sweep,1789044503.4394293,15.426498027000001,0.6273286883457307,0.903,0.3,0.9857873446666666,4.306886697058097,0.9157865303677277,-86.08,"[512.4000244140625, 558.4000244140625]"
freq_sweep,1789044503.4895475,15.476616213000002,0.6043713977444254,0.903,0.3,0.9841170169666666,4.616735303996741,0.8099418560036186,-2.69,"[512.4000244140625, 558.4000244140625]"
freq_sweep,1789044503.5395749,15.526643885,0.6097888157085156,0.903,0.3,0.9824495274333332,4.925533310303869,0.7301748550335652,-10.76,"[561.0, 535.0]"
freq_sweep,1789044503.5893135,15.576382330000001,0.6425977273879662,0.903,0.3,0.9807917772666667,5.232009697523019,0.662679700366597,-10.76,"[561.0, 535.0]"
freq_sweep,1789044503.6391993,15.626268092,0.6998602322604479,0.903,0.3,0.9791266547999999,5.539326408951503,0.624330180669456,-2.69,"[586.4000244140625, 519.2000122070312]"
freq_sweep,1789044503.6892567,15.676325429,0.7761687217289406,0.903,0.3,0.9774584657333333,5.8466845394587565,0.6135923151542565,24.21,"[586.4000244140625, 519.2000122070312]"
freq_sweep,1789044503.7392867,15.726355487000001,0.8641594678087197,0.903,0.3,0.9757911790666667,6.153352417446577,0.624330180669456,13.45,"[583.5999755859375, 498.6000061035156]"
freq_sweep,1789044503.789411,15.776480187,0.9557731916848831,0.903,0.3,0.9741210569,0.17683075612173127,0.6565437772150544,37.66,"[583.5999755859375, 498.6000061035156]"
freq_sweep,1789044503.839505,15.826573886,1.0422997358655168,0.903,0.3,0.9724514150666667,0.48288073457737823,0.7086991240031663,102.22,"[586.2000122070312, 505.79998779296875]"
freq_sweep,1789044503.8895254,15.876594274,1.1156739079129012,0.903,0.3,0.9707842333,0.7879558535180564,0.7838641826095626,18.83,"[586.2000122070312, 505.79998779296875]"
freq_sweep,1789044503.9394903,15.926559254,1.1692899484817953,0.903,0.3,0.9691188433333333,1.0921802967255303,0.880504972246358,2.69,"[519.5999755859375, 562.0]"
freq_sweep,1789044503.989341,15.976409877000002,1.1983904066808764,0.903,0.3,0.9674568172,1.3952695659283307,0.9786797426710391,2.69,"[519.5999755859375, 562.0]"
freq_sweep,1789044504.0391982,16.026266965,1.2005719989314563,0.903,0.3,0.9657932998666666,1.6981091504615762,1.055378782065321,29.59,"[496.79998779296875, 576.0]"
freq_sweep,1789044504.0892801,16.076348945,1.1756213924708576,0.903,0.3,0.9641247374333334,2.001342393490617,1.1182719943686323,32.28,"[496.79998779296875, 576.0]"
freq_sweep,1789044504.1394918,16.126560536,1.1257733976397424,0.903,0.3,0.9624526936333333,2.3046813337559655,1.1612234564294304,67.25,"[468.3999938964844, 604.7999877929688]"
freq_sweep,1789044504.1892726,16.176341522,1.0562179147378468,0.903,0.3,0.9607913257666667,2.6055631921873044,1.179631225884058,102.22,"[468.3999938964844, 604.7999877929688]"
freq_sweep,1789044504.2393906,16.226459517000002,0.9725963914017812,0.903,0.3,0.9591213863666667,2.9074717401772006,1.1780972450961724,-2.69,"[451.0, 622.0]"
freq_sweep,1789044504.2895074,16.276576338,0.882834384231173,0.903,0.3,0.9574514055333333,3.2088620957061806,1.1520195717021164,-10.76,"[451.0, 622.0]"
freq_sweep,1789044504.3394048,16.326473916,0.7953678229167518,0.903,0.3,0.9557879862666667,3.5085466899106876,1.1013982057018903,-37.66,"[457.3999938964844, 607.4000244140625]"
freq_sweep,1789044504.3894668,16.37653559,0.7174024069183315,0.903,0.3,0.9541194582999999,3.8086269077387698,1.0200972239439514,-37.66,"[457.3999938964844, 607.4000244140625]"
freq_sweep,1789044504.4394104,16.426479319000002,0.6562400456592405,0.903,0.3,0.9524550522333333,4.107443633697912,0.944932165337555,-102.22,"[500.3999938964844, 569.4000244140625]"
freq_sweep,1789044504.489265,16.476333764,0.6170175495268009,0.903,0.3,0.9507920361,4.405489512404841,0.8559612796401878,-2.69,"[500.3999938964844, 569.4000244140625]"
freq_sweep,1789044504.5392578,16.526326657000002,0.6030112595968042,0.903,0.3,0.9491250392666667,4.703725006224474,0.7685243747307062,-2.69,"[553.2000122070312, 536.5999755859375]"
freq_sweep,1789044504.5894077,16.576476424000003,0.6154966632727604,0.903,0.3,0.9474546749666666,5.002037034903083,0.7071651432152806,-29.59,"[553.2000122070312, 536.5999755859375]"
freq_sweep,1789044504.6394675,16.626536233,0.6532279421137941,0.903,0.3,0.9457864206333333,5.299447645716157,0.6519418348513975,-16.14,"[605.4000244140625, 528.2000122070312]"
freq_sweep,1789044504.6893888,16.67645744,0.7125903901222683,0.903,0.3,0.9441224832999999,5.595566751415916,0.619728238305799,0.0,"[605.4000244140625, 528.2000122070312]"
freq_sweep,1789044504.7393687,16.726437434,0.7884942221748816,0.903,0.3,0.9424562807333333,5.891565677384989,0.6181942575179133,2.69,"[582.5999755859375, 513.0]"
freq_sweep,1789044504.7893126,16.776381474,0.874179333257355,0.903,0.3,0.9407904920666667,6.18696802724871,0.641203969336198,2.69,"[582.5999755859375, 513.0]"
freq_sweep,1789044504.8392062,16.826275066,0.9621132376453662,0.903,0.3,0.9391265143333333,0.19834201774634863,0.6764855274575677,75.32,"[571.2000122070312, 496.0]"
freq_sweep,1789044504.8894088,16.876477855,1.0451881537491552,0.903,0.3,0.9374545785,0.4937831529321173,0.7301748550335652,88.77,"[571.2000122070312, 496.0]"
freq_sweep,1789044504.9393501,16.926418989000002,1.115548705695456,0.903,0.3,0.9357902136,0.7873643050512911,0.8053399136399616,2.69,"[553.0, 543.4000244140625]"
freq_sweep,1789044504.989486,16.976554833,1.1678105276392972,0.903,0.3,0.9341192634333333,1.081580753864806,0.8943107993373288,2.69,"[553.0, 543.4000244140625]"
freq_sweep,1789044505.0393984,17.026467419,1.1972166956604848,0.903,0.3,0.9324548484666667,1.3741243171456645,0.9694758579437253,10.76,"[499.20001220703125, 563.0]"
freq_sweep,1789044505.089404,17.076472989000003,1.2016276489269406,0.903,0.3,0.930788506,1.6664832696673173,1.047708878125893,24.21,"[499.20001220703125, 563.0]"
freq_sweep,1789044505.1394882,17.126557033,1.1806823912300786,0.903,0.3,0.929118531,1.958953868820025,1.1136700520049756,29.59,"[492.0, 591.4000244140625]"
freq_sweep,1789044505.1893907,17.176459533000003,1.1364657867743708,0.903,0.3,0.9274550393666666,2.2497673996423444,1.1642914180052018,29.59,"[492.0, 591.4000244140625]"
freq_sweep,1789044505.2392032,17.226272162,1.072838505432612,0.903,0.3,0.9257930869,2.539791210622816,1.1719613219446299,69.94,"[447.3999938964844, 612.4000244140625]"
freq_sweep,1789044505.289414,17.27648285,0.9947176580249784,0.903,0.3,0.9241219446,2.8308923053128368,1.1688933603688585,-2.69,"[447.3999938964844, 612.4000244140625]"
freq_sweep,1789044505.3392866,17.326355607,0.9093932486357225,0.903,0.3,0.9224576399666666,3.1202802114171035,1.145883648550574,-10.76,"[457.3999938964844, 621.4000244140625]"
freq_sweep,1789044505.3893983,17.376467263000002,0.8234282800078556,0.903,0.3,0.9207881491333333,3.410044514910801,1.1044661672776617,-34.97,"[457.3999938964844, 621.4000244140625]"
freq_sweep,1789044505.439332,17.426400769,0.7444507747432678,0.903,0.3,0.9191236379666666,3.698422279852629,1.047708878125893,-61.87,"[478.79998779296875, 604.7999877929688]"
freq_sweep,1789044505.489463,17.476532134000003,0.678469861546407,0.903,0.3,0.917453263,3.9872900210292883,0.9771457618831534,-147.95,"[478.79998779296875, 604.7999877929688]"
freq_sweep,1789044505.539498,17.526566861000003,0.6312058282203468,0.903,0.3,0.9157849121999999,4.275283053708385,0.8943107993373288,-37.66,"[514.4000244140625, 571.7999877929688]"
freq_sweep,1789044505.5893798,17.57644854,0.6063953785026518,0.903,0.3,0.9141221249,4.561794543154569,0.786932144185334,-37.66,"[514.4000244140625, 571.7999877929688]"
freq_sweep,1789044505.6392007,17.626269514,0.6057412688076064,0.903,0.3,0.9124599620999999,4.847677653542725,0.7240389318820226,-32.28,"[571.5999755859375, 521.7999877929688]"
freq_sweep,1789044505.6893058,17.676374479,0.6292901619685642,0.903,0.3,0.9107912745333333,5.134158119581038,0.6657476619423682,-21.52,"[571.5999755859375, 521.7999877929688]"
freq_sweep,1789044505.739457,17.726525722,0.6751416670899232,0.903,0.3,0.909119753,5.420598467709105,0.6258641614573416,-2.69,"[597.4000244140625, 519.7999877929688]"
freq_sweep,1789044505.7895262,17.776594912,0.7393240504528773,0.903,0.3,0.9074506659,5.7060965183977785,0.6105243535784852,-13.45,"[597.4000244140625, 519.7999877929688]"
freq_sweep,1789044505.839378,17.826446834000002,0.8162444597112267,0.903,0.3,0.9057889700333333,5.989809815327725,0.6166602767300278,2.69,"[582.4000244140625, 512.2000122070312]"
freq_sweep,1789044505.8894415,17.876510375000002,0.9002708792265439,0.903,0.3,0.9041208931,6.274088112456205,0.641203969336198,24.21,"[582.4000244140625, 512.2000122070312]"
freq_sweep,1789044505.9394207,17.926489756000002,0.9842912601873287,0.903,0.3,0.9024543187333333,0.2744014900432319,0.684155431396996,80.7,"[574.5999755859375, 511.6000061035156]"
freq_sweep,1789044505.989327,17.976395919,1.06153987793398,0.903,0.3,0.9007911884666666,0.5567929245248848,0.7623884515791637,80.7,"[574.5999755859375, 511.6000061035156]"
freq_sweep,1789044506.0391932,18.026262152,1.1261711218065473,0.903,0.3,0.8991266988666666,0.8388929354208869,0.8467573949128739,2.69,"[542.7999877929688, 556.7999877929688]"
freq_sweep,1789044506.089272,18.076340825000003,1.1731841782627628,0.903,0.3,0.8974580085666666,1.121180015757659,0.923456434307156,5.38,"[542.7999877929688, 556.7999877929688]"
freq_sweep,1789044506.1393793,18.126448102,1.1987874003965238,0.903,0.3,0.8957888757999999,1.4030167973680108,0.9955535313377811,16.14,"[502.0, 568.0]"
freq_sweep,1789044506.1895483,18.17661704,1.201050066662499,0.903,0.3,0.8941165012666665,1.6848737672180931,1.0661166475805206,2.69,"[502.0, 568.0]"
freq_sweep,1789044506.2395124,18.226581184,1.179986471856267,0.903,0.3,0.8924510703333333,1.9650376609957476,1.1228739367322893,48.42,"[490.3999938964844, 622.4000244140625]"
freq_sweep,1789044506.2894325,18.276501376000002,1.1374650565346924,0.903,0.3,0.8907870293333333,2.2444457856098268,1.1642914180052018,83.39,"[490.3999938964844, 622.4000244140625]"
freq_sweep,1789044506.339373,18.326441940000002,1.076852579942807,0.903,0.3,0.8891221806999999,2.5234670623571134,1.179631225884058,91.46,"[470.3999938964844, 620.5999755859375]"
freq_sweep,1789044506.3892899,18.376358815,1.0029433546401112,0.903,0.3,0.8874573912,2.801956008637731,1.1780972450961724,91.46,"[470.3999938964844, 620.5999755859375]"
freq_sweep,1789044506.4392116,18.426280449,0.9215191980493667,0.903,0.3,0.8857932006333333,3.079822720134146,1.1535535524900022,-8.07,"[468.0, 626.2000122070312]"
freq_sweep,1789044506.4894097,18.476478427,0.8384577541801225,0.903,0.3,0.8841214274333333,3.3584286771747713,1.1075341288534328,-34.97,"[468.0, 626.2000122070312]"
freq_sweep,1789044506.5394185,18.526487346,0.7607703474903682,0.903,0.3,0.8824555263666666,3.635532907951557,1.05231082048955,-48.42,"[489.79998779296875, 607.0]"
freq_sweep,1789044506.5894232,18.57649217,0.693974583760274,0.903,0.3,0.8807875901666666,3.9124512639151874,0.9817477042468103,-129.12,"[489.79998779296875, 607.0]"
freq_sweep,1789044506.6394198,18.626488719,0.6432090743922749,0.903,0.3,0.8791206595,4.188678911995453,0.9065826456404139,-51.11,"[531.4000244140625, 548.0]"
freq_sweep,1789044506.6894023,18.676471081000003,0.612202909193716,0.903,0.3,0.8774557051333333,4.464056543271681,0.8145437983672754,-2.69,"[531.4000244140625, 548.0]"
freq_sweep,1789044506.7394505,18.726519301,0.6031097574656402,0.903,0.3,0.8757875437666666,4.73944006279126,0.7439806821245359,-24.21,"[551.2000122070312, 524.4000244140625]"
freq_sweep,1789044506.78936,18.776428919,0.6165236258216893,0.903,0.3,0.8741224721333333,5.0137909256924615,0.6734175658817965,-24.21,"[551.2000122070312, 524.4000244140625]"
freq_sweep,1789044506.8391964,18.826265381000002,0.6512131133182048,0.903,0.3,0.8724598934,5.287210004536078,0.6320000846088841,-2.69,"[577.0, 517.0]"
freq_sweep,1789044506.8894763,18.876545168,0.7048803919560516,0.903,0.3,0.8707867688666666,5.561835726739062,0.6181942575179133,-8.07,"[577.0, 517.0]"
freq_sweep,1789044506.9394443,18.926513181,0.7729475364190888,0.903,0.3,0.8691205593,5.8348031185824,0.6212622190936846,2.69,"[575.5999755859375, 497.6000061035156]"
freq_sweep,1789044506.9895105,18.976579514,0.8506406395659831,0.903,0.3,0.8674512340666667,6.107755665122696,0.6366020269725411,16.14,"[575.5999755859375, 497.6000061035156]"
freq_sweep,1789044507.039474,19.026542791,0.9318805134311108,0.903,0.3,0.8657854693,0.09641769781854492,0.6642136811544826,67.25,"[574.5999755859375, 510.3999938964844]"
freq_sweep,1789044507.0894253,19.076494052,1.010806397679647,0.903,0.3,0.8641207240333333,0.3675762664215583,0.7148350471547088,72.63,"[574.5999755859375, 510.3999938964844]"
freq_sweep,1789044507.1393778,19.126446564000002,1.0817405912968359,0.903,0.3,0.8624556620333333,0.6382638344553229,0.782330201821677,21.52,"[551.0, 551.0]"
freq_sweep,1789044507.1892962,19.176365088,1.1395419346247024,0.903,0.3,0.8607912560666666,0.908322572465984,0.880504972246358,21.52,"[551.0, 551.0]"
freq_sweep,1789044507.239195,19.226263895000002,1.1801424121475392,0.903,0.3,0.8591265324666666,1.1779104695552363,0.9526020692769832,8.07,"[530.5999755859375, 557.0]"
freq_sweep,1789044507.2894075,19.276476565000003,1.200746704619642,0.903,0.3,0.8574544979,1.4481553388593866,1.0231651855197226,10.76,"[530.5999755859375, 557.0]"
freq_sweep,1789044507.3395014,19.32657023,1.1997809660007046,0.903,0.3,0.8557852739666667,1.7174207289279693,1.0875923786109196,34.97,"[502.6000061035156, 616.2000122070312]"
freq_sweep,1789044507.3895044,19.376573151000002,1.1775273913118103,0.903,0.3,0.8541179328999999,1.985858367929545,1.1366797638232602,69.94,"[502.6000061035156, 616.2000122070312]"
freq_sweep,1789044507.439548,19.426616848000002,1.135697421547603,0.903,0.3,0.8524501952999999,2.253835575902592,1.1688933603688585,88.77,"[470.20001220703125, 606.2000122070312]"
freq_sweep,1789044507.489432,19.476501116,1.0775860254170841,0.903,0.3,0.8507876094333332,2.5204639496431938,1.1826991874598294,86.08,"[470.20001220703125, 606.2000122070312]"
freq_sweep,1789044507.539412,19.526480926,1.007103392367014,0.903,0.3,0.8491210242333334,2.787210147625693,1.1811652066719438,-2.69,"[449.79998779296875, 640.4000244140625]"
freq_sweep,1789044507.589432,19.576500853000002,0.929423508805268,0.903,0.3,0.8474546446999999,3.053400009138379,1.1474176293384597,-2.69,"[449.79998779296875, 640.4000244140625]"
freq_sweep,1789044507.6392167,19.626285597000003,0.8502700509593613,0.903,0.3,0.8457932267999999,3.3182769861405106,1.1044661672776617,-21.52,"[462.3999938964844, 605.4000244140625]"
freq_sweep,1789044507.6894236,19.676492244000002,0.7744572870411173,0.903,0.3,0.8441206999333333,3.5843977591282723,1.0507768397016641,-43.04,"[462.3999938964844, 605.4000244140625]"
freq_sweep,1789044507.7394562,19.726524918000003,0.7079984249951863,0.903,0.3,0.8424532666333333,3.849183998849476,0.9863496466104673,-145.26,"[481.79998779296875, 580.4000244140625]"
freq_sweep,1789044507.7892468,19.776315602,0.6553916417660292,0.903,0.3,0.8407922306666666,4.1124342834777465,0.9157865303677277,-75.32,"[481.79998779296875, 580.4000244140625]"
freq_sweep,1789044507.839519,19.826587837,0.6196820218668275,0.903,0.3,0.8391174314333333,4.377337126620311,0.8283496254582462,-2.69,"[542.5999755859375, 539.7999877929688]"
freq_sweep,1789044507.889391,19.876459756000003,0.603791689778683,0.903,0.3,0.8374552487999999,4.639723618118502,0.7577865092155067,-34.97,"[542.5999755859375, 539.7999877929688]"
freq_sweep,1789044507.9394507,19.926519486,0.6084048680478004,0.903,0.3,0.8357872913333332,4.902497295022705,0.6994952392758523,-40.35,"[580.5999755859375, 522.7999877929688]"
freq_sweep,1789044507.9892356,19.976304550000002,0.6330468625144647,0.903,0.3,0.8341255317333333,5.163774026307628,0.6396699885483124,-40.35,"[580.5999755859375, 522.7999877929688]"
freq_sweep,1789044508.0391872,20.026256087,0.6760254606395579,0.903,0.3,0.8324600346333333,5.42511553665215,0.6135923151542565,-32.28,"[582.7999877929688, 512.5999755859375]"
freq_sweep,1789044508.0894551,20.076524159,0.7345743657959735,0.903,0.3,0.8307871674,5.6870860296606125,0.6089903727905995,0.0,"[582.7999877929688, 512.5999755859375]"
freq_sweep,1789044508.1392806,20.126349489000003,0.804003460239225,0.903,0.3,0.8291247833333333,5.9468939506051655,0.6212622190936846,8.07,"[611.7999877929688, 488.79998779296875]"
freq_sweep,1789044508.1893837,20.176452610000002,0.8802258932836109,0.903,0.3,0.8274558621666667,6.207198514703116,0.6442719309119693,29.59,"[611.7999877929688, 488.79998779296875]"
freq_sweep,1789044508.2394402,20.226509148,0.9578364196522879,0.903,0.3,0.8257867556333333,0.18382155067475026,0.6856894121848816,61.87,"[578.5999755859375, 542.4000244140625]"
freq_sweep,1789044508.2894104,20.276479352000003,1.031481989549655,0.903,0.3,0.8241210269333333,0.4425811003628297,0.7424467013366504,34.97,"[578.5999755859375, 542.4000244140625]"
freq_sweep,1789044508.3394923,20.326561146,1.0965802388887624,0.903,0.3,0.8224517065,0.701373333720781,0.8160777791551611,2.69,"[552.4000244140625, 532.4000244140625]"
freq_sweep,1789044508.389296,20.376364852000002,1.1484439103643482,0.903,0.3,0.8207918443333333,0.958179934128566,0.9065826456404139,2.69,"[552.4000244140625, 532.4000244140625]"
freq_sweep,1789044508.4392278,20.426296579000002,1.1842446643212254,0.903,0.3,0.8191264216333333,1.2153240184257612,0.9771457618831534,2.69,"[515.0, 568.7999877929688]"
freq_sweep,1789044508.4894307,20.476499456000003,1.2015671152898248,0.903,0.3,0.8174540089,1.4730201603437791,1.0446409165501216,16.14,"[515.0, 568.7999877929688]"
freq_sweep,1789044508.5394287,20.526497655,1.1992426348605765,0.903,0.3,0.8157878391333333,1.7292310590766249,1.1013982057018903,32.28,"[492.20001220703125, 585.0]"
freq_sweep,1789044508.5894752,20.576544129000002,1.1775894768463921,0.903,0.3,0.8141188864666666,1.9853448548827117,1.145883648550574,80.7,"[492.20001220703125, 585.0]"
freq_sweep,1789044508.6395218,20.626590669000002,1.1381444940989722,0.903,0.3,0.8124507616666665,2.240807092747204,1.1719613219446299,104.91,"[461.6000061035156, 624.0]"
freq_sweep,1789044508.6894245,20.67649325,1.083735334201109,0.903,0.3,0.8107873622666666,2.495024119071658,1.1826991874598294,67.25,"[461.6000061035156, 624.0]"
freq_sweep,1789044508.7394161,20.726485105000002,1.0177387938479852,0.903,0.3,0.8091212497666667,2.749132537332997,1.179631225884058,-2.69,"[464.6000061035156, 634.2000122070312]"
freq_sweep,1789044508.7893555,20.776424453,0.9445962047551317,0.903,0.3,0.8074566332666666,3.002490480603555,1.1489516101263453,-2.69,"[464.6000061035156, 634.2000122070312]"
freq_sweep,1789044508.8392472,20.826316103,0.8689504270575268,0.903,0.3,0.8057919493333333,3.255336333633082,1.1075341288534328,-24.21,"[461.6000061035156, 611.7999877929688]"
freq_sweep,1789044508.8893206,20.876389459000002,0.7954791961010947,0.903,0.3,0.8041240314666667,3.5081489977659572,1.0584467436410925,-34.97,"[461.6000061035156, 611.7999877929688]"
freq_sweep,1789044508.9394271,20.926496084,0.7289069237658771,0.903,0.3,0.8024543581333333,3.760702255044066,0.9970875121256667,-123.74,"[486.0, 589.5999755859375]"
freq_sweep,1789044508.9894044,20.976473503,0.673584066378984,0.903,0.3,0.8007882102,4.012198990654483,0.9311263382465842,-94.14999999999999,"[486.0, 589.5999755859375]"
freq_sweep,1789044509.0395586,21.026627767,0.6326611268230882,0.903,0.3,0.7991168192,4.263960569706725,0.8498253564886452,-2.69,"[541.5999755859375, 563.5999755859375]"
freq_sweep,1789044509.0894597,21.076528549000002,0.6088893049618163,0.903,0.3,0.7974539526666666,4.513916894782625,0.7761942786701345,-13.45,"[541.5999755859375, 563.5999755859375]"
freq_sweep,1789044509.1394057,21.126474651000002,0.6033968614687227,0.903,0.3,0.7957878832666666,4.763831440088794,0.7194369895183657,-40.35,"[561.0, 530.0]"
freq_sweep,1789044509.1893377,21.176406673000002,0.6164641827056738,0.903,0.3,0.7941224834666667,5.013122740650644,0.6565437772150544,-40.35,"[561.0, 530.0]"
freq_sweep,1789044509.2392473,21.226316150000002,0.64712463317614,0.903,0.3,0.7924587964333333,5.261635931343534,0.6227961998815703,-21.52,"[588.2000122070312, 509.0]"
freq_sweep,1789044509.2893028,21.276371664000003,0.6935276077546682,0.903,0.3,0.7907909404666665,5.51024751000152,0.607456392002714,-34.97,"[588.2000122070312, 509.0]"
freq_sweep,1789044509.3394208,21.32648975,0.7527469890854157,0.903,0.3,0.7891212137666666,5.758612418039945,0.6089903727905995,2.69,"[578.2000122070312, 506.20001220703125]"
freq_sweep,1789044509.389404,21.376472957,0.8208819047606324,0.903,0.3,0.7874550813999999,6.005919420812546,0.624330180669456,10.76,"[578.2000122070312, 506.20001220703125]"
freq_sweep,1789044509.4395084,21.426577090000002,0.8940497871803665,0.903,0.3,0.7857845940666667,6.253346836942299,0.6550097964271688,29.59,"[571.0, 494.79998779296875]"
freq_sweep,1789044509.489545,21.476613986,0.9674965619781198,0.903,0.3,0.7841167025333333,0.21668009536180222,0.701029220063738,59.18,"[571.0, 494.79998779296875]"
freq_sweep,1789044509.5396156,21.526684470000003,1.0369229294378375,0.903,0.3,0.7824483027,0.4627491006573976,0.760854470791278,34.97,"[552.5999755859375, 524.7999877929688]"
freq_sweep,1789044509.5893068,21.576375703,1.0977785730572134,0.903,0.3,0.7807913411,0.7066135847912349,0.8482913757007595,34.97,"[552.5999755859375, 524.7999877929688]"
freq_sweep,1789044509.6392386,21.62630743,1.1472421994655766,0.903,0.3,0.7791255961333333,0.9512477472522036,0.9142525495798421,10.76,"[530.7999877929688, 553.4000244140625]"
freq_sweep,1789044509.6894064,21.676475070000002,1.1821869222916392,0.903,0.3,0.7774547034,1.1961116620958947,0.9817477042468103,8.07,"[530.7999877929688, 553.4000244140625]"
freq_sweep,1789044509.7394328,21.726501569,1.2004327174438179,0.903,0.3,0.775787728,1.4398777116589017,1.0461748973380072,16.14,"[494.79998779296875, 587.5999755859375]"
freq_sweep,1789044509.7893598,21.776428494,1.2011249966244575,0.903,0.3,0.7741239243999999,1.682658139443511,1.1013982057018903,24.21,"[494.79998779296875, 587.5999755859375]"
freq_sweep,1789044509.8393922,21.826461035,1.184317206714153,0.903,0.3,0.7724556027333332,1.9255731994867276,1.1443496677626883,80.7,"[479.20001220703125, 599.5999755859375]"
freq_sweep,1789044509.8894157,21.876484754,1.1510884971986624,0.903,0.3,0.7707876477333333,2.167910462659144,1.1719613219446299,96.84,"[479.20001220703125, 599.5999755859375]"
freq_sweep,1789044509.9393873,21.926456089000002,1.1035405195527779,0.903,0.3,0.7691216159666666,2.409445099234766,1.184233168247715,96.84,"[458.6000061035156, 618.4000244140625]"
freq_sweep,1789044509.9892871,21.976355801,1.0445801396518684,0.903,0.3,0.7674579867333333,2.650109734076956,1.179631225884058,96.84,"[458.6000061035156, 618.4000244140625]"
freq_sweep,1789044510.0392063,22.026275119,0.9775635079099285,0.903,0.3,0.7657932319333333,2.890414797916371,1.1596894756415448,-2.69,"[461.20001220703125, 611.5999755859375]"
freq_sweep,1789044510.0892608,22.076329913000002,0.9062707519727549,0.903,0.3,0.7641250505666667,3.13068993101529,1.1244079175201749,-18.83,"[461.20001220703125, 611.5999755859375]"
freq_sweep,1789044510.139395,22.126463759,0.8348652923455919,0.903,0.3,0.7624550067,3.3707076048892546,1.0799224746714913,-24.21,"[494.20001220703125, 605.0]"
freq_sweep,1789044510.1894164,22.176485147,0.7676021001037002,0.903,0.3,0.7607874493666666,3.6098437571795685,1.0246991663076084,-78.01,"[494.20001220703125, 605.0]"
freq_sweep,1789044510.2395008,22.226569659000003,0.7081017855495142,0.903,0.3,0.7591179662333333,3.84873070901714,0.9648739155800683,-123.74,"[516.2000122070312, 584.4000244140625]"
freq_sweep,1789044510.2893991,22.276468083,0.6599180393779018,0.903,0.3,0.7574546706999999,4.086210792136576,0.8912428377615575,-2.69,"[516.2000122070312, 584.4000244140625]"
freq_sweep,1789044510.33942,22.326488924000003,0.6253809540524189,0.903,0.3,0.7557878258,4.323673931849946,0.8114758367915041,-2.69,"[537.2000122070312, 536.0]"
freq_sweep,1789044510.3892028,22.376271702,0.606480188882135,0.903,0.3,0.7541258570666666,4.55992174880641,0.7455146629124216,-2.69,"[537.2000122070312, 536.0]"
freq_sweep,1789044510.4391754,22.426244133,0.6040529784992974,0.903,0.3,0.7524600078333333,4.7961980911200826,0.6918253353364242,-16.14,"[557.2000122070312, 524.7999877929688]"
freq_sweep,1789044510.4892437,22.476312669000002,0.6182259132600741,0.903,0.3,0.7507913191333333,5.032352300211635,0.6458059116998549,-2.69,"[557.2000122070312, 524.7999877929688]"
freq_sweep,1789044510.5394347,22.526503419,0.6481568722381705,0.903,0.3,0.7491211383333333,5.268191863434517,0.619728238305799,-16.14,"[579.4000244140625, 508.0]"
freq_sweep,1789044510.5894656,22.576534638000002,0.6920451685514879,0.903,0.3,0.7474522690666666,5.503321246646713,0.6089903727905995,-29.59,"[579.4000244140625, 508.0]"
freq_sweep,1789044510.6394947,22.626563628000003,0.747356150594269,0.903,0.3,0.7457848401,5.73772362607496,0.6105243535784852,2.69,"[572.7999877929688, 487.79998779296875]"
freq_sweep,1789044510.689507,22.676575714000002,0.8110122464272748,0.903,0.3,0.7441178592,5.971539221344109,0.6258641614573416,10.76,"[572.7999877929688, 487.79998779296875]"
freq_sweep,1789044510.739503,22.726571862,0.879504901915678,0.903,0.3,0.7424511861666666,6.204788031562181,0.6565437772150544,21.52,"[571.4000244140625, 500.79998779296875]"
freq_sweep,1789044510.7892501,22.776318926000002,0.9488172140905564,0.903,0.3,0.7407917184666667,0.15332407189609398,0.7086991240031663,21.52,"[571.4000244140625, 500.79998779296875]"
freq_sweep,1789044510.8392138,22.8262828,1.0157909831344725,0.903,0.3,0.7391256543666667,0.38544329374488484,0.7639224323670493,24.21,"[555.0, 532.5999755859375]"
freq_sweep,1789044510.889282,22.876350762,1.0766540654347114,0.903,0.3,0.7374576105333333,0.6173138713777604,0.8298836062461319,2.69,"[555.0, 532.5999755859375]"
freq_sweep,1789044510.9394617,22.926530507000003,1.1281760500754852,0.903,0.3,0.7357874728,0.8489497348006836,0.8958447801252144,10.76,"[526.5999755859375, 567.5999755859375]"
freq_sweep,1789044510.9895031,22.976571928000002,1.1675801248398923,0.903,0.3,0.7341181379999999,1.0799489606997525,0.9572040116406401,10.76,"[526.5999755859375, 567.5999755859375]"
freq_sweep,1789044511.0395064,23.026575529000002,1.1928643317774328,0.903,0.3,0.7324510429666666,1.3101143841860647,1.021631204731837,5.38,"[511.79998779296875, 577.7999877929688]"
freq_sweep,1789044511.0895483,23.076617167000002,1.202856010731204,0.903,0.3,0.7307835373,1.5398123751905075,1.081456455459377,18.83,"[511.79998779296875, 577.7999877929688]"
freq_sweep,1789044511.1395013,23.126570294,1.1971426452637428,0.903,0.3,0.7291179182666666,1.7687275427529983,1.1259418983080607,61.87,"[491.20001220703125, 595.4000244140625]"
freq_sweep,1789044511.1893873,23.176456127,1.1761972899219675,0.903,0.3,0.7274552237999999,1.9967196651205086,1.1642914180052018,61.87,"[491.20001220703125, 595.4000244140625]"
freq_sweep,1789044511.2392101,23.226278898,1.1412031302666072,0.903,0.3,0.7257923538,2.2242146410069665,1.1811652066719438,91.46,"[454.79998779296875, 610.7999877929688]"
freq_sweep,1789044511.289243,23.276311836,1.0939084419229987,0.903,0.3,0.7241248425,2.4518204572050166,1.1857671490356005,64.56,"[454.79998779296875, 610.7999877929688]"
freq_sweep,1789044511.3392565,23.32632534,1.0369302820725044,0.903,0.3,0.7224579640333333,2.6788161633874523,1.1811652066719438,-2.69,"[445.20001220703125, 610.7999877929688]"
freq_sweep,1789044511.3894928,23.376561833,0.9729854910719281,0.903,0.3,0.7207848147333333,2.9061381525371104,1.158155494853659,-2.69,"[445.20001220703125, 610.7999877929688]"
freq_sweep,1789044511.4392712,23.426340095,0.9061233364218397,0.903,0.3,0.7191246139999999,3.1311813440950687,1.1198059751565181,-10.76,"[458.6000061035156, 604.4000244140625]"
freq_sweep,1789044511.489558,23.476626777,0.8387008932683653,0.903,0.3,0.7174503766666667,3.35759885562706,1.0753205323078345,-16.14,"[458.6000061035156, 604.4000244140625]"
freq_sweep,1789044511.5394278,23.526496628,0.7751290829574895,0.903,0.3,0.7157877816333332,3.5819208630140054,1.0185632431560658,-88.77,"[490.20001220703125, 585.7999877929688]"
freq_sweep,1789044511.5892377,23.576306557000002,0.718083236617905,0.903,0.3,0.7141250392666667,3.8057416130614428,0.9480001269133262,-88.77,"[490.20001220703125, 585.7999877929688]"
freq_sweep,1789044511.6392047,23.626273647,0.6702787093032712,0.903,0.3,0.7124590533666666,4.029475802055657,0.8789709914584724,-2.69,"[526.0, 548.7999877929688]"
freq_sweep,1789044511.689245,23.676313883000002,0.6341128232820976,0.903,0.3,0.7107912812666667,4.252925575865447,0.8084078752157329,-8.07,"[526.0, 548.7999877929688]"
freq_sweep,1789044511.7392635,23.726332529,0.6113635070184169,0.903,0.3,0.7091245793666666,4.475708342295391,0.7577865092155067,-34.97,"[550.5999755859375, 531.4000244140625]"
freq_sweep,1789044511.7895205,23.776589329,0.6030273907439166,0.903,0.3,0.7074510504333332,4.6988757373162855,0.7071651432152806,-26.9,"[550.5999755859375, 531.4000244140625]"
freq_sweep,1789044511.839518,23.826586852000002,0.6094783008389647,0.903,0.3,0.7057845405666666,4.920583629841374,0.6596117387908257,-2.69,"[597.4000244140625, 527.7999877929688]"
freq_sweep,1789044511.889465,23.876534108,0.6302027680329907,0.903,0.3,0.7041198393666667,5.141528537759328,0.6273981422452273,-2.69,"[597.4000244140625, 527.7999877929688]"
freq_sweep,1789044511.9394953,23.926564220000003,0.6641660121147664,0.903,0.3,0.7024521920999999,5.362340242761135,0.6120583343663708,-45.73,"[592.4000244140625, 499.0]"
freq_sweep,1789044511.989298,23.976366914,0.7094081343318506,0.903,0.3,0.7007911200333333,5.581761241840624,0.6135923151542565,-45.73,"[592.4000244140625, 499.0]"
freq_sweep,1789044512.0392315,24.026300362,0.7639530082336553,0.903,0.3,0.6991255341333333,5.80125558038155,0.6227961998815703,2.69,"[580.7999877929688, 493.3999938964844]"
freq_sweep,1789044512.0893881,24.07645707,0.8251847639478272,0.903,0.3,0.6974555726999999,6.020800864727491,0.6442719309119693,13.45,"[580.7999877929688, 493.3999938964844]"
freq_sweep,1789044512.139485,24.1265536,0.8899944047634732,0.903,0.3,0.6957856169666666,6.239819732313677,0.6749515466696822,40.35,"[569.2000122070312, 501.6000061035156]"
freq_sweep,1789044512.1893964,24.176465179,0.9550513844538588,0.903,0.3,0.6941213343333333,0.17438714956379187,0.7163690279425944,67.25,"[569.2000122070312, 501.6000061035156]"
freq_sweep,1789044512.2395,24.226569066000003,1.0177112852708192,0.903,0.3,0.6924513447333333,0.39236087788393803,0.7715923363064775,10.76,"[544.5999755859375, 539.7999877929688]"
freq_sweep,1789044512.289417,24.276486052000003,1.0746106760176046,0.903,0.3,0.6907876946333332,0.6089854441580727,0.8375535101855601,2.69,"[544.5999755859375, 539.7999877929688]"
freq_sweep,1789044512.3394995,24.326568145000003,1.1235406423292318,0.903,0.3,0.6891180391333332,0.825866497646409,0.8989127417009857,5.38,"[514.4000244140625, 542.7999877929688]"
freq_sweep,1789044512.3893619,24.376430538,1.1619370622619254,0.903,0.3,0.6874545676999999,1.0414226744513897,0.9740778003073821,5.38,"[514.4000244140625, 542.7999877929688]"
freq_sweep,1789044512.4392366,24.426305575,1.188285970746299,0.903,0.3,0.6857922924,1.2563030105139674,1.033903051034922,16.14,"[487.3999938964844, 569.2000122070312]"
freq_sweep,1789044512.4894078,24.476476657000003,1.2015304049216724,0.903,0.3,0.6841213723999999,1.4717745619524791,1.0829904362472627,32.28,"[487.3999938964844, 569.2000122070312]"
freq_sweep,1789044512.5392416,24.526310424000002,1.201021003919385,0.903,0.3,0.6824582307,1.6857216854163184,1.1244079175201749,56.49,"[483.79998779296875, 593.7999877929688]"
freq_sweep,1789044512.5894408,24.576509721,1.1868740699641025,0.903,0.3,0.6807871439666666,1.9001644810478169,1.1550875332778878,88.77,"[483.79998779296875, 593.7999877929688]"
freq_sweep,1789044512.639386,24.626454919,1.1599094887856896,0.903,0.3,0.6791213564666666,2.113404204164432,1.1765632643082868,96.84,"[458.3999938964844, 617.2000122070312]"
freq_sweep,1789044512.6895003,24.676569171,1.1213035706733354,0.903,0.3,0.6774513271,2.3266612206476154,1.1857671490356005,99.53,"[458.3999938964844, 617.2000122070312]"
freq_sweep,1789044512.7394452,24.726513932000003,1.0730882732664155,0.903,0.3,0.6757861114,2.5387808609208307,1.184233168247715,0.0,"[449.20001220703125, 618.5999755859375]"
freq_sweep,1789044512.7893512,24.776420241,1.0174183595193644,0.903,0.3,0.6741216021666666,2.75028826547841,1.1658253987930873,0.0,"[449.20001220703125, 618.5999755859375]"
freq_sweep,1789044512.8392131,24.826282074,0.9568701385465871,0.903,0.3,0.6724588896666666,2.9610462438101237,1.1366797638232602,-2.69,"[468.79998779296875, 607.7999877929688]"
freq_sweep,1789044512.8893764,24.876445225,0.8938465282505388,0.903,0.3,0.6707896293666666,3.1721089622279166,1.0983302441261191,-18.83,"[468.79998779296875, 607.7999877929688]"
freq_sweep,1789044512.93949,24.926559114,0.831390162684062,0.903,0.3,0.6691205870333333,3.382619028236739,1.05231082048955,-40.35,"[485.20001220703125, 595.4000244140625]"
freq_sweep,1789044512.98952,24.976588940000003,0.7722698487954429,0.903,0.3,0.667452508,3.5924831102522816,1.0016894544893238,-104.91,"[485.20001220703125, 595.4000244140625]"
freq_sweep,1789044513.0395095,25.026578579000002,0.719012498919614,0.903,0.3,0.6657844988,3.801813963754192,0.944932165337555,-69.94,"[501.0, 561.5999755859375]"
freq_sweep,1789044513.0895014,25.076570127,0.6739300991290161,0.903,0.3,0.6641181676666666,4.010410836241455,0.8789709914584724,-2.69,"[501.0, 561.5999755859375]"
freq_sweep,1789044513.1394513,25.126520112,0.6388842060745874,0.903,0.3,0.6624535724666667,4.218268100777841,0.8114758367915041,-16.14,"[529.0, 538.2000122070312]"
freq_sweep,1789044513.1893086,25.176377504,0.6152736373075589,0.903,0.3,0.6607909717333332,4.425355269955396,0.7501166052760785,-16.14,"[529.0, 538.2000122070312]"
freq_sweep,1789044513.23925,25.22631896,0.603961390590093,0.903,0.3,0.6591252379666666,4.632309664964545,0.701029220063738,-5.38,"[558.4000244140625, 523.4000244140625]"
freq_sweep,1789044513.2892678,25.276336598,0.6053947618224389,0.903,0.3,0.6574588155333333,4.8388261760913664,0.6596117387908257,-2.69,"[558.4000244140625, 523.4000244140625]"
freq_sweep,1789044513.3394506,25.326519271000002,0.6194871369850434,0.903,0.3,0.6557871996666667,5.045459586305974,0.6304661038209985,-21.52,"[568.5999755859375, 515.7999877929688]"
freq_sweep,1789044513.389427,25.376495887,0.6454621890107071,0.903,0.3,0.6541207810999999,5.250927099904622,0.6151262959421421,-43.04,"[568.5999755859375, 515.7999877929688]"
freq_sweep,1789044513.4395072,25.426576195000003,0.6822443038555583,0.903,0.3,0.6524511864333333,5.456260782911961,0.6089903727905995,-18.83,"[578.2000122070312, 494.3999938964844]"
freq_sweep,1789044513.4895535,25.476622286,0.728039097171531,0.903,0.3,0.6507860857333333,5.660519163931106,0.6120583343663708,0.0,"[578.2000122070312, 494.3999938964844]"
freq_sweep,1789044513.5394955,25.526564522,0.7810398569593382,0.903,0.3,0.6491187450333332,5.864528304024624,0.6273981422452273,2.69,"[581.0, 498.20001220703125]"
freq_sweep,1789044513.5892816,25.576350584,0.8387116681682457,0.903,0.3,0.6474579561666667,6.067215875836105,0.6580777580029401,2.69,"[581.0, 498.20001220703125]"
freq_sweep,1789044513.639242,25.626310796000002,0.8990402370013115,0.903,0.3,0.6457922076666666,6.269985713894734,0.6948932969121955,53.8,"[574.5999755859375, 511.79998779296875]"
freq_sweep,1789044513.6894503,25.676519164000002,0.9595970189630992,0.903,0.3,0.6441202914333333,0.18979413418831825,0.7393787397608791,29.59,"[574.5999755859375, 511.79998779296875]"
freq_sweep,1789044513.7394168,25.72648582,1.0174688246416654,0.903,0.3,0.6424547882,0.3914863668448447,0.7946020481247621,10.76,"[553.7999877929688, 536.5999755859375]"
freq_sweep,1789044513.7893941,25.776462923,1.0705946449650685,0.903,0.3,0.6407884542999999,0.5927558034175178,0.8513593372765309,16.14,"[553.7999877929688, 536.5999755859375]"
freq_sweep,1789044513.8394256,25.826494574,1.1168654318735545,0.903,0.3,0.6391212766666665,0.7936032311026651,0.9081166264282996,2.69,"[529.7999877929688, 545.7999877929688]"
freq_sweep,1789044513.8895323,25.876601148000002,1.1545166180449686,0.903,0.3,0.6374508142333333,0.994320397202813,0.9694758579437253,5.38,"[529.7999877929688, 545.7999877929688]"
freq_sweep,1789044513.939504,25.926572892000003,1.1819480350012879,0.903,0.3,0.6357851181666666,1.1939418635553807,1.0231651855197226,16.14,"[497.79998779296875, 565.2000122070312]"
freq_sweep,1789044513.989393,25.976461938,1.198254790550195,0.903,0.3,0.6341222811333332,1.392699500405186,1.0829904362472627,16.14,"[497.79998779296875, 565.2000122070312]"
freq_sweep,1789044514.0392356,26.026304452,1.2029387446889128,0.903,0.3,0.6324588649333333,1.5910048061642925,1.1213399559444037,51.11,"[484.20001220703125, 589.7999877929688]"
freq_sweep,1789044514.0892828,26.076351555000002,1.1958649662783158,0.903,0.3,0.6307908890999999,1.7893292700733099,1.1535535524900022,88.77,"[484.20001220703125, 589.7999877929688]"
freq_sweep,1789044514.1394644,26.126533121,1.1773347556792857,0.903,0.3,0.6291202198,1.9874478738961727,1.175029283520401,96.84,"[460.3999938964844, 609.7999877929688]"
freq_sweep,1789044514.1893094,26.176378179,1.1483097084359135,0.903,0.3,0.6274567573333333,2.184190258079184,1.1857671490356005,99.53,"[460.3999938964844, 609.7999877929688]"
freq_sweep,1789044514.23946,26.226528911000003,1.1097730684976805,0.903,0.3,0.6257870293333333,2.3811481604758455,1.1857671490356005,29.59,"[447.20001220703125, 619.7999877929688]"
freq_sweep,1789044514.2894502,26.276518904000003,1.0634639575439901,0.903,0.3,0.6241203136666666,2.5772271042644377,1.1780972450961724,-2.69,"[447.20001220703125, 619.7999877929688]"
freq_sweep,1789044514.339353,26.326422035,1.0112331939772718,0.903,0.3,0.6224560845666666,2.772491450306717,1.158155494853659,-2.69,"[446.6000061035156, 620.0]"
freq_sweep,1789044514.3894255,26.376494453000003,0.9549064691171347,0.903,0.3,0.6207878945666666,2.967695973217303,1.1228739367322893,-2.69,"[446.6000061035156, 620.0]"
freq_sweep,1789044514.4392366,26.426305514000003,0.8969682464146916,0.903,0.3,0.6191255134666667,3.161699853735257,1.086058397823034,-13.45,"[472.3999938964844, 608.0]"
freq_sweep,1789044514.4893005,26.476369387000002,0.8392157494497051,0.903,0.3,0.6174574519666666,3.355842175080369,1.043106935762236,-53.8,"[472.3999938964844, 608.0]"
freq_sweep,1789044514.5393095,26.526378348,0.7840329432466281,0.903,0.3,0.6157902908999999,3.549355787339408,0.9940195505498954,-107.6,"[492.20001220703125, 591.7999877929688]"
freq_sweep,1789044514.5895479,26.576616743000002,0.7332477337745011,0.903,0.3,0.614117067,3.7430454083979896,0.940330222973898,-59.18,"[492.20001220703125, 591.7999877929688]"
freq_sweep,1789044514.6394134,26.626482134000003,0.6891798646072368,0.903,0.3,0.6124544980333333,3.9349806047816287,0.8820389530342436,-8.07,"[525.2000122070312, 547.0]"
freq_sweep,1789044514.6894076,26.676476472,0.6529729989764799,0.903,0.3,0.6107878225,4.126866279214795,0.8206797215188181,-13.45,"[525.2000122070312, 547.0]"
freq_sweep,1789044514.73952,26.726589044,0.6259575779896467,0.903,0.3,0.6091176088333333,4.318633471948488,0.7700583555185919,-34.97,"[553.5999755859375, 531.7999877929688]"
freq_sweep,1789044514.7892609,26.776329880000002,0.6092061465057014,0.903,0.3,0.6074582974666666,4.508629919092527,0.7133010663668231,-34.97,"[553.5999755859375, 531.7999877929688]"
freq_sweep,1789044514.8392224,26.8262913,0.6030273481539306,0.903,0.3,0.6057921465,4.69888624746315,0.6718835850939109,-2.69,"[568.4000244140625, 518.0]"
freq_sweep,1789044514.8892787,26.876347382000002,0.6076567599862267,0.903,0.3,0.6041242827999999,4.888813800198136,0.641203969336198,-2.69,"[568.4000244140625, 518.0]"
freq_sweep,1789044514.939371,26.926440033000002,0.6228602034676309,0.903,0.3,0.6024557142333332,5.078296824988257,0.6212622190936846,-18.83,"[578.7999877929688, 506.3999938964844]"
freq_sweep,1789044514.9894886,26.976557258000003,0.6480327528773022,0.903,0.3,0.6007857981666667,5.267407229759868,0.6120583343663708,-48.42,"[578.7999877929688, 506.3999938964844]"
freq_sweep,1789044515.0394673,27.026536305,0.6820897524348664,0.903,0.3,0.5991202538,5.455499665524741,0.6120583343663708,-10.76,"[581.2000122070312, 492.6000061035156]"
freq_sweep,1789044515.0895135,27.076582535,0.7239080074239657,0.903,0.3,0.5974512098666666,5.643462219106539,0.6151262959421421,2.69,"[581.2000122070312, 492.6000061035156]"
freq_sweep,1789044515.139519,27.126587952,0.771820958316798,0.903,0.3,0.5957845585666666,5.830631732619253,0.6304661038209985,8.07,"[573.4000244140625, 496.0]"
freq_sweep,1789044515.1893723,27.176441253,0.82402177135561,0.903,0.3,0.5941223218,6.0167846628407915,0.6596117387908257,8.07,"[573.4000244140625, 496.0]"
freq_sweep,1789044515.2392337,27.226302634000003,0.8788421100369627,0.903,0.3,0.5924586936333333,6.202571723770319,0.6918253353364242,56.49,"[567.7999877929688, 509.6000061035156]"
freq_sweep,1789044515.289296,27.276364954,0.9344618698670992,0.903,0.3,0.5907913345666667,0.10506609497100072,0.7317088358214509,29.59,"[567.7999877929688, 509.6000061035156]"
freq_sweep,1789044515.3394806,27.326549551000003,0.9889955286401912,0.903,0.3,0.5891193845999999,0.29073009942656114,0.782330201821677,2.69,"[545.7999877929688, 536.2000122070312]"
freq_sweep,1789044515.3894126,27.376481629,1.0402331099815794,0.903,0.3,0.5874542163666666,0.4751183591867303,0.8329515678219032,2.69,"[545.7999877929688, 536.2000122070312]"
freq_sweep,1789044515.4394562,27.426524899,1.0867524416025702,0.903,0.3,0.5857868162666666,0.6592296994404379,0.8866408953979006,5.38,"[527.2000122070312, 551.5999755859375]"
freq_sweep,1789044515.4894648,27.476533465000003,1.1269368387772711,0.903,0.3,0.5841202958333332,0.8427204015738212,0.9418642037617837,2.69,"[527.2000122070312, 551.5999755859375]"
freq_sweep,1789044515.539577,27.526645696000003,1.1595901419428203,0.903,0.3,0.5824497299,1.0261304781471168,0.9940195505498954,2.69,"[507.79998779296875, 563.5999755859375]"
freq_sweep,1789044515.5893042,27.57637317,1.1834461607627604,0.903,0.3,0.5807907169,1.207753366679107,1.05231082048955,2.69,"[507.79998779296875, 563.5999755859375]"
freq_sweep,1789044515.63924,27.626308893,1.198084990748742,0.903,0.3,0.5791255027333333,1.3895324505130375,1.0937283017624622,40.35,"[493.20001220703125, 582.4000244140625]"
freq_sweep,1789044515.6893563,27.676425182000003,1.2029999696275584,0.903,0.3,0.5774560736666666,1.5712463078474812,1.1274758790959463,67.25,"[493.20001220703125, 582.4000244140625]"
freq_sweep,1789044515.739304,27.726372991,1.1980879006804304,0.903,0.3,0.5757906035999999,1.7520063891243822,1.1550875332778878,86.08,"[470.3999938964844, 602.4000244140625]"
freq_sweep,1789044515.7894244,27.776493416,1.1835653556836314,0.903,0.3,0.5741207297666666,1.9327188128518813,1.1734953027325155,96.84,"[470.3999938964844, 602.4000244140625]"
freq_sweep,1789044515.8394356,27.826504475,1.1600343449928219,0.903,0.3,0.5724537181,2.112597679601585,1.1857671490356005,115.67,"[452.3999938964844, 615.4000244140625]"
freq_sweep,1789044515.8894749,27.876543811,1.1283064145976236,0.903,0.3,0.5707864052999999,2.2919850353068583,1.1873011298234863,67.25,"[452.3999938964844, 615.4000244140625]"
freq_sweep,1789044515.9394538,27.926522772000002,1.0894881774540788,0.903,0.3,0.5691197855666666,2.470774254195568,1.1826991874598294,-2.69,"[444.79998779296875, 612.5999755859375]"
freq_sweep,1789044515.9893107,27.976379641,1.0449542484190224,0.903,0.3,0.5674564022333333,2.6486947454221266,1.162757437217316,-2.69,"[444.79998779296875, 612.5999755859375]"
freq_sweep,1789044516.0392635,28.026332388,0.996057395508112,0.903,0.3,0.5657920344333333,2.8261983828172177,1.1382137446111458,-2.69,"[449.3999938964844, 612.4000244140625]"
freq_sweep,1789044516.089583,28.076651838,0.9441536493740237,0.903,0.3,0.5641201205999999,3.0039798984214556,1.1060001480655473,-18.83,"[449.3999938964844, 612.4000244140625]"
freq_sweep,1789044516.1394842,28.126553143000002,0.8912482452253085,0.903,0.3,0.5624525520666666,3.1807751947091347,1.0707185899441776,-18.83,"[472.3999938964844, 601.5999755859375]"
freq_sweep,1789044516.1894639,28.176532669,0.8389262534032818,0.903,0.3,0.5607870375666667,3.3568298476783482,1.0293011086712651,-64.56,"[472.3999938964844, 601.5999755859375]"
freq_sweep,1789044516.2392673,28.226336277,0.7888128244800182,0.903,0.3,0.5591243596666666,3.532063559828778,0.983281685034696,-99.53,"[494.79998779296875, 577.4000244140625]"
freq_sweep,1789044516.2894242,28.276492994,0.7421294657344809,0.903,0.3,0.5574541712666666,3.707563008157628,0.9311263382465842,-34.97,"[494.79998779296875, 577.4000244140625]"
freq_sweep,1789044516.3394325,28.326501505000003,0.7005830586979997,0.903,0.3,0.5557873765666665,3.8821821752896213,0.8743690490948155,-13.45,"[520.4000244140625, 555.5999755859375]"
freq_sweep,1789044516.3893592,28.376428138,0.6653209114545477,0.903,0.3,0.5541222634999999,4.056102545633145,0.8114758367915041,-13.45,"[520.4000244140625, 555.5999755859375]"
freq_sweep,1789044516.4393606,28.426429581,0.6373229261068423,0.903,0.3,0.5524585408999999,4.229355931711332,0.765456413154935,-13.45,"[556.0, 532.4000244140625]"
freq_sweep,1789044516.4893458,28.476414803,0.6172766985435385,0.903,0.3,0.5507894529999999,4.4026429173852435,0.722504951094137,-2.69,"[556.0, 532.4000244140625]"
freq_sweep,1789044516.5392673,28.526335968,0.6058287511540787,0.903,0.3,0.5491247221,4.57495517016384,0.6856894121848816,-13.45,"[567.0, 518.7999877929688]"
freq_sweep,1789044516.5894508,28.57651985,0.6031835391448463,0.903,0.3,0.5474539099,4.747370676807044,0.6550097964271688,-8.07,"[567.0, 518.7999877929688]"
freq_sweep,1789044516.6395288,28.626597703,0.6093907607840381,0.903,0.3,0.5457840029666666,4.919167129926997,0.6304661038209985,-29.59,"[578.0, 509.79998779296875]"
freq_sweep,1789044516.6893792,28.676448155000003,0.6240914847162004,0.903,0.3,0.5441222788666666,5.089601252783787,0.6135923151542565,-34.97,"[578.0, 509.79998779296875]"
freq_sweep,1789044516.7394023,28.726471103,0.6468809489124554,0.903,0.3,0.5424550306666666,5.260077988703536,0.6059224112148283,-64.56,"[579.5999755859375, 492.6000061035156]"
freq_sweep,1789044516.7892652,28.776334093000003,0.6769165508030214,0.903,0.3,0.5407915674333332,5.429646122469116,0.6059224112148283,-64.56,"[579.5999755859375, 492.6000061035156]"
freq_sweep,1789044516.8392372,28.826306089000003,0.7133780426106755,0.903,0.3,0.5391254693333333,5.598959604539097,0.6151262959421421,0.0,"[578.2000122070312, 487.0]"
freq_sweep,1789044516.8892136,28.876282347,0.7551157223323749,0.903,0.3,0.537459756,5.767710985609746,0.6320000846088841,2.69,"[578.2000122070312, 487.0]"
freq_sweep,1789044516.9394403,28.92650901,0.8010943203693465,0.903,0.3,0.5357874540333333,5.936602707542228,0.6534758156392831,16.14,"[567.2000122070312, 500.79998779296875]"
freq_sweep,1789044516.9895246,28.97659351,0.8497361871500795,0.903,0.3,0.5341178850333334,6.104692993500045,0.6810874698212247,45.73,"[567.2000122070312, 500.79998779296875]"
freq_sweep,1789044517.039438,29.026506812,0.899535476243936,0.903,0.3,0.5324545250666667,6.2716366379500315,0.7179030087304801,24.21,"[560.7999877929688, 521.7999877929688]"
freq_sweep,1789044517.0895457,29.076614713,0.9495034837394106,0.903,0.3,0.5307834873333334,0.15563920787938912,0.760854470791278,2.69,"[560.7999877929688, 521.7999877929688]"
freq_sweep,1789044517.139433,29.126501744000002,0.9978065079075772,0.903,0.3,0.5291201681666666,0.3215333422525788,0.8068738944278473,8.07,"[536.5999755859375, 541.7999877929688]"
freq_sweep,1789044517.189441,29.176509863000003,1.0434438657142744,0.903,0.3,0.5274539656666666,0.4871917438998281,0.8651651643675016,8.07,"[536.5999755859375, 541.7999877929688]"
freq_sweep,1789044517.239255,29.226323781,1.085011770068331,0.903,0.3,0.5257919813666666,0.6519100996959395,0.9142525495798421,2.69,"[520.7999877929688, 555.5999755859375]"
freq_sweep,1789044517.289304,29.276372711,1.121666235474279,0.903,0.3,0.5241240292666666,0.8166955141403349,0.9602719732164113,2.69,"[520.7999877929688, 555.5999755859375]"
freq_sweep,1789044517.3393197,29.32638847,1.1522979801715802,0.903,0.3,0.5224567460999999,0.9808908550756854,1.004757416065095,13.45,"[507.0, 565.2000122070312]"
freq_sweep,1789044517.3894873,29.376556153000003,1.1762100958900825,0.903,0.3,0.5207852309333333,1.144976317048119,1.047708878125893,24.21,"[507.0, 565.2000122070312]"
freq_sweep,1789044517.4394457,29.426514452000003,1.1926891408717262,0.903,0.3,0.5191206561333332,1.3078581878034896,1.0875923786109196,34.97,"[493.79998779296875, 581.7999877929688]"
freq_sweep,1789044517.4894276,29.476496461000004,1.2014896492544307,0.903,0.3,0.5174541067666667,1.4704097486582128,1.1198059751565181,53.8,"[493.79998779296875, 581.7999877929688]"
freq_sweep,1789044517.539448,29.526516768,1.2024285709583844,0.903,0.3,0.5157866316999999,1.6325274934240355,1.1474176293384597,91.46,"[473.0, 600.2000122070312]"
freq_sweep,1789044517.5893595,29.576428458000002,1.195565922346352,0.903,0.3,0.5141216472999999,1.7938805445754298,1.1719613219446299,91.46,"[473.0, 600.2000122070312]"
freq_sweep,1789044517.6392596,29.626328311,1.1811868058813253,0.903,0.3,0.5124589895333334,1.9544870395720153,1.184233168247715,118.36,"[453.79998779296875, 612.0]"
freq_sweep,1789044517.6892698,29.676338719,1.1596530719546032,0.903,0.3,0.5107912807666666,2.11505718844505,1.188835110611372,86.08,"[453.79998779296875, 612.0]"
freq_sweep,1789044517.7393093,29.726378342,1.1316228119274991,0.903,0.3,0.5091238210666665,2.2750792595374634,1.1873011298234863,21.52,"[445.20001220703125, 614.7999877929688]"
freq_sweep,1789044517.7895114,29.776580398,1.0977543327518011,0.903,0.3,0.5074510322333333,2.4350853021446284,1.1811652066719438,-2.69,"[445.20001220703125, 614.7999877929688]"
freq_sweep,1789044517.839625,29.826693775000003,1.059145542913396,0.903,0.3,0.5057823504333333,2.5941736320198885,1.1658253987930873,0.0,"[444.20001220703125, 613.5999755859375]"
freq_sweep,1789044517.889518,29.876586757000002,1.0168481180741706,0.903,0.3,0.5041178231333332,2.7523436258737632,1.1443496677626883,-2.69,"[444.20001220703125, 613.5999755859375]"
freq_sweep,1789044517.9394374,29.926506264,0.9718924427034638,0.903,0.3,0.5024544400333333,2.9098833556179073,1.1152040327928612,-5.38,"[458.3999938964844, 605.4000244140625]"
freq_sweep,1789044517.9894128,29.976481537,0.9253114162351785,0.903,0.3,0.5007883891999999,3.0671525356273293,1.0783884938836057,-5.38,"[458.3999938964844, 605.4000244140625]"
freq_sweep,1789044518.0392015,30.026270330000003,0.8782929677214729,0.903,0.3,0.5008733657000001,3.224042812528907,1.0415729549743504,-45.73,"[477.3999938964844, 602.4000244140625]"
freq_sweep,1789044518.0894496,30.076518578,0.8314172402326392,0.903,0.3,0.5025464049666667,3.3825260840813343,1.0032234352772094,-86.08,"[477.3999938964844, 602.4000244140625]"
freq_sweep,1789044518.1394887,30.126557496,0.7863262462983511,0.903,0.3,0.5042142697,3.541043535466528,0.9602719732164113,-51.11,"[499.6000061035156, 575.4000244140625]"
freq_sweep,1789044518.1893778,30.176446682,0.7441159451906143,0.903,0.3,0.5058784988666667,3.6997375231456857,0.9127185687919565,-32.28,"[499.6000061035156, 575.4000244140625]"
freq_sweep,1789044518.239541,30.226610031000003,0.7056327287577179,0.903,0.3,0.5075495405333333,3.859607473833748,0.863631183579616,-24.21,"[529.0, 545.4000244140625]"
freq_sweep,1789044518.2894337,30.27650265,0.6722252842297024,0.903,0.3,0.5092128346,4.019257687017202,0.8176117599430467,-26.9,"[529.0, 545.4000244140625]"
freq_sweep,1789044518.339421,30.326489828000003,0.6445659122360192,0.903,0.3,0.5108789781666668,4.179704677782567,0.7715923363064775,-18.83,"[550.5999755859375, 533.5999755859375]"
freq_sweep,1789044518.389283,30.376351874,0.6235250944539286,0.903,0.3,0.5125416256000002,4.340336072898268,0.722504951094137,-18.83,"[550.5999755859375, 533.5999755859375]"
freq_sweep,1789044518.439245,30.42631377,0.6096244733591187,0.903,0.3,0.5142079904666667,4.501850025181525,0.6887573737606529,-8.07,"[564.2000122070312, 514.5999755859375]"
freq_sweep,1789044518.4894044,30.476473469000002,0.6033475271708528,0.903,0.3,0.5158780794000001,4.664250687319495,0.6596117387908257,-8.07,"[564.2000122070312, 514.5999755859375]"
freq_sweep,1789044518.5393305,30.526399265000002,0.6049586552688848,0.903,0.3,0.5175435136000001,4.82672154448413,0.6335340653967698,-29.59,"[575.5999755859375, 512.4000244140625]"
freq_sweep,1789044518.5894427,30.576511433,0.6144946943018175,0.903,0.3,0.5192129091000001,4.990104159655502,0.6166602767300278,-32.28,"[575.5999755859375, 512.4000244140625]"
freq_sweep,1789044518.6393945,30.626463303,0.6317284247613637,0.903,0.3,0.5208780399,5.153592025711973,0.6089903727905995,-56.49,"[578.7999877929688, 493.3999938964844]"
freq_sweep,1789044518.6894407,30.676509582,0.6563413204652191,0.903,0.3,0.5225464611333334,5.317927658816629,0.6089903727905995,-13.45,"[578.7999877929688, 493.3999938964844]"
freq_sweep,1789044518.7393749,30.726443946000003,0.6876307431400296,0.903,0.3,0.5242110475666667,5.482407865531755,0.6105243535784852,0.0,"[577.2000122070312, 486.79998779296875]"
freq_sweep,1789044518.789473,30.776541949000002,0.7249502325545275,0.903,0.3,0.5258794079333334,5.647785643588364,0.6227961998815703,0.0,"[577.2000122070312, 486.79998779296875]"
freq_sweep,1789044518.8392434,30.826312218,0.7671007726952903,0.903,0.3,0.5275414784333334,5.813060647643525,0.641203969336198,2.69,"[568.4000244140625, 496.20001220703125]"
freq_sweep,1789044518.8892415,30.876310280000002,0.8132307016379051,0.903,0.3,0.5292079692,5.979298687854893,0.6642136811544826,16.14,"[568.4000244140625, 496.20001220703125]"
freq_sweep,1789044518.9392736,30.926342372,0.862019914485014,0.903,0.3,0.5308754201,6.1461565962245714,0.6918253353364242,51.11,"[559.5999755859375, 514.4000244140625]"
freq_sweep,1789044518.9893916,30.976460362,0.9121694775543603,0.903,0.3,0.5325450200000001,0.030569686216487924,0.7286408742456796,32.28,"[559.5999755859375, 514.4000244140625]"
freq_sweep,1789044519.0395288,31.026597685000002,0.962258217948224,0.903,0.3,0.5342160202000001,0.1988349739773625,0.7731263170943632,10.76,"[548.2000122070312, 536.7999877929688]"
freq_sweep,1789044519.0894134,31.076482424,1.010573550772774,0.903,0.3,0.5358783167666668,0.36674468550884143,0.8191457407309324,5.38,"[548.2000122070312, 536.7999877929688]"
freq_sweep,1789044519.1394615,31.126530463,1.056160883855789,0.903,0.3,0.5375468423333334,0.5358083599929486,0.8697671067311585,2.69,"[532.2000122070312, 543.4000244140625]"
freq_sweep,1789044519.1893356,31.176404534000003,1.0973991774649012,0.903,0.3,0.5392110049333334,0.7049519826450634,0.9280583766708129,2.69,"[532.2000122070312, 543.4000244140625]"
freq_sweep,1789044519.239236,31.226305049,1.1331809513435693,0.903,0.3,0.5408747328000001,0.8745731733891589,0.9740778003073821,5.38,"[512.7999877929688, 558.2000122070312]"
freq_sweep,1789044519.2892547,31.276323614000002,1.162487547497979,0.903,0.3,0.5425418876000001,1.0450676540270294,1.0185632431560658,10.76,"[512.7999877929688, 558.2000122070312]"
freq_sweep,1789044519.3394372,31.326506007000003,1.1843656055479943,0.903,0.3,0.5442129115666667,1.2164841618396096,1.0615147052168636,26.9,"[495.20001220703125, 574.2000122070312]"
freq_sweep,1789044519.389421,31.376489779000003,1.1979984655625588,0.903,0.3,0.5458792119000001,1.3879394798607834,1.0998642249140047,43.04,"[495.20001220703125, 574.2000122070312]"
freq_sweep,1789044519.4394116,31.426480568000002,1.202982270182587,0.903,0.3,0.5475455719333334,1.559924346891556,1.1320778214596032,80.7,"[481.20001220703125, 592.7999877929688]"
freq_sweep,1789044519.489447,31.476515912000004,1.1990852645238492,0.903,0.3,0.5492127927666668,1.7325220040384792,1.1566215140657734,83.39,"[481.20001220703125, 592.7999877929688]"
freq_sweep,1789044519.5394473,31.526516395,1.1863386869585257,0.903,0.3,0.5508799615333334,1.9056381853286766,1.175029283520401,99.53,"[457.3999938964844, 603.2000122070312]"
freq_sweep,1789044519.5893562,31.576424982000002,1.1650691354499016,0.903,0.3,0.5525455727,2.0791155636812775,1.1873011298234863,99.53,"[457.3999938964844, 603.2000122070312]"
freq_sweep,1789044519.6392093,31.626278092000003,1.135902655298241,0.903,0.3,0.554207701,2.252750944276066,1.1873011298234863,61.87,"[443.3999938964844, 616.0]"
freq_sweep,1789044519.6893451,31.676413907,1.0994294646697471,0.903,0.3,0.5558775754333334,2.427721146252786,1.1857671490356005,0.0,"[443.3999938964844, 616.0]"
freq_sweep,1789044519.739419,31.726487974,1.0568642306605511,0.903,0.3,0.5575459178333334,2.603055473279845,1.1704273411567443,-2.69,"[441.3999938964844, 610.0]"
freq_sweep,1789044519.7895236,31.776592517,1.0093806892243242,0.903,0.3,0.5592160527333334,2.779103963166385,1.1474176293384597,-2.69,"[441.3999938964844, 610.0]"
freq_sweep,1789044519.8394117,31.82648061,0.958679795679679,0.903,0.3,0.5608789513333333,2.9549109104384783,1.1182719943686323,-5.38,"[450.20001220703125, 611.7999877929688]"
freq_sweep,1789044519.8894296,31.876498516,0.9059761324086655,0.903,0.3,0.5625459209666667,3.131672049500075,1.0829904362472627,-18.83,"[450.20001220703125, 611.7999877929688]"
freq_sweep,1789044519.9395149,31.926583814,0.8529994228778238,0.903,0.3,0.5642136941,3.309042683838861,1.0415729549743504,-40.35,"[484.6000061035156, 598.5999755859375]"
freq_sweep,1789044519.9893978,31.976466854,0.8015288185968756,0.903,0.3,0.5658786459333334,3.486635789780955,0.9894176081862386,-40.35,"[484.6000061035156, 598.5999755859375]"
freq_sweep,1789044520.0392764,32.0263452,0.7531783948734821,0.903,0.3,0.5675413003666667,3.66450492299591,0.9418642037617837,-59.18,"[507.0, 563.5999755859375]"
freq_sweep,1789044520.089329,32.076397976,0.7093140525760452,0.903,0.3,0.5692089003333334,3.8434273098439675,0.8897088569736719,-13.45,"[507.0, 563.5999755859375]"
freq_sweep,1789044520.1393623,32.126431309000004,0.6715192466503327,0.903,0.3,0.5708771984333334,4.022949226093168,0.8375535101855601,-26.9,"[536.5999755859375, 545.4000244140625]"
freq_sweep,1789044520.189376,32.176445018,0.6410953660734877,0.903,0.3,0.5725450206333335,4.202944256852668,0.786932144185334,-21.52,"[536.5999755859375, 545.4000244140625]"
freq_sweep,1789044520.2394073,32.226476202,0.6190912353547104,0.903,0.3,0.5742120593666667,4.3833785667487675,0.7393787397608791,-16.14,"[560.0, 526.7999877929688]"
freq_sweep,1789044520.289396,32.276464991000005,0.6062855726373005,0.903,0.3,0.5758783401,4.564254189750663,0.6964272777000811,-8.07,"[560.0, 526.7999877929688]"
freq_sweep,1789044520.3393764,32.326445384,0.6031654538332808,0.903,0.3,0.5775441552333334,4.745602335513318,0.6611457195787114,-16.14,"[573.7999877929688, 515.7999877929688]"
freq_sweep,1789044520.389354,32.376422883000004,0.6099167126293183,0.903,0.3,0.5792105718333334,4.927539401314895,0.6289321230331129,-16.14,"[573.7999877929688, 515.7999877929688]"
freq_sweep,1789044520.4392533,32.426322197000005,0.6263754141823445,0.903,0.3,0.5808747949,5.109759044714785,0.6120583343663708,-34.97,"[580.2000122070312, 500.6000061035156]"
freq_sweep,1789044520.4893498,32.476418501000005,0.6521660388613928,0.903,0.3,0.5825437905999999,5.29302631798037,0.6059224112148283,-67.25,"[580.2000122070312, 500.6000061035156]"
freq_sweep,1789044520.5394506,32.526519509,0.6864659329552194,0.903,0.3,0.5842127469,5.476814303236232,0.6059224112148283,2.69,"[580.0, 489.3999938964844]"
freq_sweep,1789044520.5893946,32.576463312,0.7280992903924373,0.903,0.3,0.5858784419333335,5.660766141345697,0.6151262959421421,2.69,"[580.0, 489.3999938964844]"
freq_sweep,1789044520.6394258,32.626494631,0.7758274908202829,0.903,0.3,0.5875458304333333,5.845429050682149,0.6320000846088841,5.38,"[569.4000244140625, 498.20001220703125]"
freq_sweep,1789044520.6894207,32.676489507,0.8279966789988732,0.903,0.3,0.5892121200333336,6.0304936189699205,0.6565437772150544,13.45,"[569.4000244140625, 498.20001220703125]"
freq_sweep,1789044520.7394104,32.726479152,0.8828955838789031,0.903,0.3,0.5908787568000001,6.216120324919579,0.6902913545485385,56.49,"[570.7999877929688, 514.0]"
freq_sweep,1789044520.7893147,32.776383432,0.938556349464513,0.903,0.3,0.5925428500666667,0.11880041680046816,0.7409127205487647,56.49,"[570.7999877929688, 514.0]"
freq_sweep,1789044520.8392408,32.826309767000005,0.9931748580289109,0.903,0.3,0.5942079753666668,0.3053037161683392,0.7915340865489908,5.38,"[546.4000244140625, 534.4000244140625]"
freq_sweep,1789044520.8893466,32.876415533,1.0449328327751992,0.903,0.3,0.5958774264666667,0.49281687895566506,0.8436894333371027,8.07,"[546.4000244140625, 534.4000244140625]"
freq_sweep,1789044520.9394228,32.926491731,1.0918063369219975,0.903,0.3,0.5975456987333333,0.6807222429795559,0.8943107993373288,5.38,"[528.4000244140625, 548.2000122070312]"
freq_sweep,1789044520.9894283,32.976497130000006,1.1321010376443026,0.903,0.3,0.5992124410666667,0.8689789297245909,0.9464661461254406,8.07,"[528.4000244140625, 548.2000122070312]"
freq_sweep,1789044521.0394163,33.026485261000005,1.1643732196450018,0.903,0.3,0.6008789359666666,1.0577311600077053,0.9986214929135524,5.38,"[506.3999938964844, 563.5999755859375]"
freq_sweep,1789044521.0894194,33.076488289000004,1.1874152215971554,0.903,0.3,0.6025458218333334,1.2470514088647917,1.0492428589137786,18.83,"[506.3999938964844, 563.5999755859375]"
freq_sweep,1789044521.1394072,33.126476001,1.2003120488066712,0.903,0.3,0.6042121507333335,1.4368317855729345,1.0921943209745766,34.97,"[493.20001220703125, 581.7999877929688]"
freq_sweep,1789044521.1893256,33.176394675000004,1.2025280639496656,0.903,0.3,0.6058763794666667,1.626895039651231,1.1366797638232602,34.97,"[493.20001220703125, 581.7999877929688]"
freq_sweep,1789044521.2392347,33.226303544000004,1.1939156469232526,0.903,0.3,0.6075409167666668,1.817515795297595,1.1596894756415448,88.77,"[468.3999938964844, 605.0]"
freq_sweep,1789044521.2892742,33.276343181,1.1746515465396503,0.903,0.3,0.6092086253666666,2.0090239779491696,1.1780972450961724,96.84,"[468.3999938964844, 605.0]"
freq_sweep,1789044521.339232,33.326300808,1.1454146895295774,0.903,0.3,0.6108737659333334,2.200759905657179,1.184233168247715,86.08,"[451.79998779296875, 615.7999877929688]"
freq_sweep,1789044521.3892846,33.376353489,1.107110770399356,0.903,0.3,0.6125415654666668,2.39332631619763,1.184233168247715,26.9,"[451.79998779296875, 615.7999877929688]"
freq_sweep,1789044521.4394615,33.426530458,1.061049272214666,0.903,0.3,0.6142120168333335,2.5867248905070426,1.175029283520401,-2.69,"[446.6000061035156, 612.0]"
freq_sweep,1789044521.4894366,33.476505285,1.00905322575405,0.903,0.3,0.6158792180666668,2.7802711113150735,1.1550875332778878,-2.69,"[446.6000061035156, 612.0]"
freq_sweep,1789044521.5394413,33.526510151000004,0.9529568300770483,0.903,0.3,0.6175459844666666,2.9742905135468334,1.1259418983080607,-8.07,"[455.3999938964844, 605.4000244140625]"
freq_sweep,1789044521.58941,33.576478936,0.8948843399344957,0.903,0.3,0.6192111665000001,3.168648154459021,1.0845244170351482,-8.07,"[455.3999938964844, 605.4000244140625]"
freq_sweep,1789044521.6392756,33.626344594,0.8370133056444824,0.903,0.3,0.6208749270666667,3.363361658246788,1.0400389741864646,-59.18,"[476.20001220703125, 603.2000122070312]"
freq_sweep,1789044521.6892984,33.676367277000004,0.7813712175088747,0.903,0.3,0.6225424620666667,3.5590410366528147,0.9924855697620099,-99.53,"[476.20001220703125, 603.2000122070312]"
freq_sweep,1789044521.73929,33.726358971,0.7302674057487818,0.903,0.3,0.6242091511000001,3.7551447566693525,0.9387962421860124,-56.49,"[504.20001220703125, 572.7999877929688]"
freq_sweep,1789044521.7895348,33.77660376,0.6855103121591734,0.903,0.3,0.6258826458666669,3.9525771414996314,0.8789709914584724,-2.69,"[504.20001220703125, 572.7999877929688]"
freq_sweep,1789044521.8394475,33.826516195,0.649303340471855,0.903,0.3,0.6275464228000002,4.149384838935902,0.8176117599430467,-26.9,"[536.2000122070312, 541.2000122070312]"
freq_sweep,1789044521.8894007,33.876469576000005,0.622815385836472,0.903,0.3,0.6292117518666667,4.346898896454064,0.7639224323670493,-21.52,"[536.2000122070312, 541.2000122070312]"
freq_sweep,1789044521.9394114,33.926480153,0.6071861077968124,0.903,0.3,0.6308787865666668,4.545139078305027,0.7163690279425944,-5.38,"[566.4000244140625, 522.0]"
freq_sweep,1789044521.9892883,33.976357305,0.6031450237135034,0.903,0.3,0.6325423159000001,4.743484038875948,0.6688156235181395,-5.38,"[566.4000244140625, 522.0]"
freq_sweep,1789044522.0392458,34.026314799000005,0.6109167341284816,0.903,0.3,0.6342081955666666,4.942632337427597,0.6381360077604268,-34.97,"[576.4000244140625, 513.0]"
freq_sweep,1789044522.089286,34.076354974000004,0.6303125514373915,0.903,0.3,0.635874936,5.1424071818248365,0.6166602767300278,-40.35,"[576.4000244140625, 513.0]"
freq_sweep,1789044522.139621,34.126689752000004,0.5800451899383547,0.903,0.4,0.6375480640666669,5.343475311871487,0.6135923151542565,-43.04,"[578.5999755859375, 496.3999938964844]"
freq_sweep,1789044522.1894295,34.176498578,0.6335412421706323,0.903,0.4,0.6392127643666666,5.544052999236925,0.6151262959421421,-10.76,"[578.5999755859375, 496.3999938964844]"
freq_sweep,1789044522.2394457,34.226514394,0.6981266083748734,0.903,0.4,0.6408800005333333,5.745460186715661,0.6135923151542565,-45.73,"[577.0, 488.79998779296875]"
freq_sweep,1789044522.2895262,34.276595032,0.7712349766791783,0.903,0.4,0.6425481642666668,5.947503966894828,0.6089903727905995,-13.45,"[577.0, 488.79998779296875]"
freq_sweep,1789044522.3393931,34.326461983,0.8496748042312555,0.903,0.4,0.6442114157666667,6.149474244934964,0.6181942575179133,21.52,"[571.0, 486.3999938964844]"
freq_sweep,1789044522.3893452,34.376414096000005,0.9305978950440829,0.903,0.4,0.6458768705000002,0.06904959417500578,0.6596117387908257,21.52,"[571.0, 486.3999938964844]"
freq_sweep,1789044522.439263,34.426332046,1.010550883370664,0.903,0.4,0.6475414593000002,0.2722271216359289,0.7133010663668231,99.53,"[567.2000122070312, 518.5999755859375]"
freq_sweep,1789044522.4892855,34.47635442,1.086389460375826,0.903,0.4,0.6492089008999999,0.4762769439199772,0.7838641826095626,24.21,"[567.2000122070312, 518.5999755859375]"
freq_sweep,1789044522.5392888,34.526357555000004,1.1547485521881522,0.903,0.4,0.6508754739666669,0.6807440211455642,0.8713010875190442,2.69,"[527.7999877929688, 549.0]"
freq_sweep,1789044522.5893114,34.576380300000004,1.2127628185991448,0.903,0.4,0.6525423934666668,0.8857773589322804,0.944932165337555,10.76,"[527.7999877929688, 549.0]"
freq_sweep,1789044522.6393259,34.626394589,1.257908198533421,0.903,0.4,0.6542097900333333,1.0913934340455924,1.0185632431560658,32.28,"[500.0, 572.0]"
freq_sweep,1789044522.6893594,34.676428252,1.2881647712335296,0.903,0.4,0.6558776781666668,1.2975944935441035,1.0921943209745766,40.35,"[500.0, 572.0]"
freq_sweep,1789044522.7394416,34.726510519,1.3021156748502054,0.903,0.4,0.6575453155666667,1.504288763756115,1.1566215140657734,83.39,"[476.3999938964844, 603.5999755859375]"
freq_sweep,1789044522.7902577,34.777326532000004,1.2988584840562971,0.903,0.4,0.6592395613333333,1.7148220618698886,1.213378803217542,83.39,"[476.3999938964844, 603.5999755859375]"
freq_sweep,1789044522.839257,34.826325914,1.2790560276736613,0.903,0.4,0.6608749970666667,1.91855156554832,1.2501943421267976,123.74,"[439.0, 630.4000244140625]"
freq_sweep,1789044522.8892653,34.876334029,1.2427686753960323,0.903,0.4,0.6625417359333333,2.126704207360639,1.2732040539450822,153.32999999999998,"[439.0, 630.4000244140625]"
freq_sweep,1789044522.9393008,34.926369495,1.1916391673610893,0.903,0.4,0.6642093075333335,2.3354850135701,1.2793399770966247,123.74,"[414.79998779296875, 653.0]"
freq_sweep,1789044522.9893491,34.976418075000005,1.1278196509901899,0.903,0.4,0.665876414,2.5447314599979407,1.2778059963087391,-2.69,"[414.79998779296875, 653.0]"
freq_sweep,1789044523.0394666,35.026535609,1.0538386306254541,0.903,0.4,0.6675469407000001,2.754933223062018,1.2563302652783401,-2.69,"[414.3999938964844, 646.7999877929688]"
freq_sweep,1789044523.0894263,35.076495128000005,0.9732441760274129,0.903,0.4,0.6692127688666668,2.9650668434599723,1.217980745581199,-2.69,"[414.3999938964844, 646.7999877929688]"
freq_sweep,1789044523.1393237,35.126392577000004,0.8894605957591681,0.903,0.4,0.6708764206333335,3.1754476310219175,1.167359379580973,-21.52,"[434.0, 631.2000122070312]"
freq_sweep,1789044523.189392,35.176460775,0.8058197352685157,0.903,0.4,0.6725451794000001,3.3869991497432252,1.0921943209745766,-21.52,"[434.0, 631.2000122070312]"
