mode,t_ros_sec,t_rel_sec,tail_target_rad,tail_bias_rad,tail_bias_offset_rad,tail_amp_rad,tail_freq_hz,phase_rad,cycle_idx,present_position_rad,present_current_ma,sensor_len,sensor_values
chaotic_stop,1788870031.719991,0.014454272,0.9298644686984532,0.903,0.0,0.5003985442253748,0.6004071608253672,0.05371196735018403,0,1.337631247036279,0.0,2,"[377.20001220703125, 720.2000122070312]"
chaotic_stop,1788870031.769792,0.064255644,1.022899370655842,0.903,0.0,0.5003985442253748,0.6004071608253672,0.24196181453690277,0,1.201106956914457,-26.9,2,"[392.3999938964844, 701.0]"
chaotic_stop,1788870031.8197176,0.114181315,1.1118051205158468,0.903,0.0,0.5003985442253748,0.6004071608253672,0.43044762214285665,0,1.0461748973380072,-2.69,2,"[392.3999938964844, 701.0]"
chaotic_stop,1788870031.8698397,0.16430317400000002,1.19349581586964,0.903,0.0,0.5003985442253748,0.6004071608253672,0.6193781020404345,0,0.9081166264282996,-2.69,2,"[517.7999877929688, 606.2000122070312]"
chaotic_stop,1788870031.9197316,0.21419501700000002,1.2646484121330168,0.903,0.0,0.5003985442253748,0.6004071608253672,0.807730873511191,0,0.8222137023067037,-2.69,2,"[517.7999877929688, 606.2000122070312]"
chaotic_stop,1788870031.9697912,0.264254461,1.323154673964398,0.903,0.0,0.5003985442253748,0.6004071608253672,0.9966202221743422,0,0.8145437983672754,139.88,2,"[583.7999877929688, 540.7999877929688]"
chaotic_stop,1788870032.019688,0.31415130900000005,1.366596861965171,0.903,0.0,0.5003985442253748,0.6004071608253672,1.1848835823466353,0,0.8666991451553873,8.07,2,"[583.7999877929688, 540.7999877929688]"
chaotic_stop,1788870032.069691,0.36415456,1.393692048598357,0.903,0.0,0.5003985442253748,0.6004071608253672,1.3735119289383342,0,0.944932165337555,5.38,2,"[551.5999755859375, 562.2000122070312]"
chaotic_stop,1788870032.1197147,0.41417806100000004,1.4033798570855764,0.903,0.0,0.5003985442253748,0.6004071608253672,1.562154018636244,0,1.0293011086712651,37.66,2,"[551.5999755859375, 562.2000122070312]"
chaotic_stop,1788870032.169709,0.46417232300000005,1.3953173261147096,0.903,0.0,0.5003985442253748,0.6004071608253672,1.750758655257442,0,1.1106020904292042,107.6,2,"[500.79998779296875, 616.4000244140625]"
chaotic_stop,1788870032.2197042,0.5141676780000001,1.3697909245843236,0.903,0.0,0.5003985442253748,0.6004071608253672,1.9393807810470158,0,1.214912784005428,107.6,2,"[500.79998779296875, 616.4000244140625]"
chaotic_stop,1788870032.269734,0.564197501,1.3276893206664178,0.903,0.0,0.5003985442253748,0.6004071608253672,2.1280662126464507,0,1.2793399770966247,102.22,2,"[436.6000061035156, 677.2000122070312]"
chaotic_stop,1788870032.3197162,0.614179581,1.2705492299321806,0.903,0.0,0.5003985442253748,0.6004071608253672,2.316643928925645,0,1.3284273623089653,174.85,2,"[436.6000061035156, 677.2000122070312]"
chaotic_stop,1788870032.3697789,0.664242336,1.2002537762174676,0.903,0.0,0.5003985442253748,0.6004071608253672,2.5055283054740594,0,1.363708920430335,201.75,2,"[392.79998779296875, 714.2000122070312]"
chaotic_stop,1788870032.419842,0.7143054670000001,1.1194930707201909,0.903,0.0,0.5003985442253748,0.6004071608253672,2.6941722625443476,0,1.372912805157649,153.32999999999998,2,"[392.79998779296875, 714.2000122070312]"
chaotic_stop,1788870032.469824,0.7642875480000001,1.0310454946034957,0.903,0.0,0.5003985442253748,0.6004071608253672,2.8828274879808866,0,1.3698448435818775,-2.69,2,"[385.3999938964844, 714.0]"
chaotic_stop,1788870032.5198433,0.814306992,0.9380586352460044,0.903,0.0,0.5003985442253748,0.6004071608253672,3.0714737839822344,0,1.3437671701878218,-5.38,2,"[385.3999938964844, 714.0]"
chaotic_stop,1788870032.569807,0.8642703570000001,0.843868248643207,0.903,0.0,0.5003985442253748,0.6004071608253672,3.2600387266798667,0,1.2977477465512524,-2.69,2,"[385.3999938964844, 704.2000122070312]"
chaotic_stop,1788870032.6197207,0.9141843980000001,0.7518551319754312,0.903,0.0,0.5003985442253748,0.6004071608253672,3.4484339459768885,0,1.2195147263690846,-2.69,2,"[385.3999938964844, 704.2000122070312]"
chaotic_stop,1788870032.6698442,0.9643076410000001,0.6649449187520814,0.903,0.0,0.5003985442253748,0.6004071608253672,3.6373875247049163,0,1.1397477253990314,-16.14,2,"[425.3999938964844, 670.4000244140625]"
chaotic_stop,1788870032.7198522,1.0143157010000001,0.5866324127721694,0.903,0.0,0.5003985442253748,0.6004071608253672,3.8260223184469075,0,1.038504993398579,-32.28,2,"[425.3999938964844, 670.4000244140625]"
chaotic_stop,1788870032.7697828,1.064246308,0.5196021239941447,0.903,0.0,0.5003985442253748,0.6004071608253672,4.01447602988277,0,0.9326603190344698,-118.36,2,"[505.6000061035156, 606.0]"
chaotic_stop,1788870032.8198576,1.1143209870000002,0.4660431476055359,0.903,0.0,0.5003985442253748,0.6004071608253672,4.203359070976999,0,0.8329515678219032,-21.52,2,"[505.6000061035156, 606.0]"
chaotic_stop,1788870032.8698294,1.16429286,0.4280942920716917,0.903,0.0,0.5003985442253748,0.6004071608253672,4.391815724939034,0,0.7286408742456796,-2.69,2,"[582.2000122070312, 524.2000122070312]"
chaotic_stop,1788870032.9198148,1.214278368,0.40694592094457216,0.903,0.0,0.5003985442253748,0.6004071608253672,4.580520848829004,0,0.6442719309119693,-91.46,2,"[582.2000122070312, 524.2000122070312]"
chaotic_stop,1788870032.9697893,1.2642526790000002,0.4034060142546111,0.903,0.0,0.5003985442253748,0.6004071608253672,4.769103465546015,0,0.5783107570328867,-142.57,2,"[630.7999877929688, 446.79998779296875]"
chaotic_stop,1788870033.019778,1.3142414980000001,0.41758159851257914,0.903,0.0,0.5003985442253748,0.6004071608253672,4.957692842528283,0,0.5154175447295755,-99.53,2,"[630.7999877929688, 446.79998779296875]"
chaotic_stop,1788870033.0696938,1.3641572530000001,0.4489164331239715,0.903,0.0,0.5003985442253748,0.6004071608253672,5.146025412425129,0,0.4540583132141498,-99.53,2,"[647.2000122070312, 376.20001220703125]"
chaotic_stop,1788870033.1197033,1.414166826,0.4964073486997606,0.903,0.0,0.5003985442253748,0.6004071608253672,5.334692902159853,0,0.4356505437595221,-172.16,2,"[647.2000122070312, 376.20001220703125]"
chaotic_stop,1788870033.1696408,1.464104274,0.5582342069680037,0.903,0.0,0.5003985442253748,0.6004071608253672,5.523101200608462,0,0.4325825821837508,-64.56,2,"[655.7999877929688, 348.3999938964844]"
chaotic_stop,1788870033.219845,1.5143083750000002,0.6325854543556262,0.903,0.0,0.5003985442253748,0.6004071608253672,5.712274842569458,0,0.4433204476989503,2.69,2,"[655.7999877929688, 348.3999938964844]"
chaotic_stop,1788870033.269706,1.564169453,0.7161528675619618,0.903,0.0,0.5003985442253748,0.6004071608253672,5.900517510746811,0,0.47093210188089185,2.69,2,"[646.7999877929688, 352.20001220703125]"
chaotic_stop,1788870033.3199341,1.6143974700000001,0.806834140890422,0.903,0.0,0.5003985442253748,0.6004071608253672,6.0898037269687,0,0.5184855063053467,2.69,2,"[646.7999877929688, 352.20001220703125]"
chaotic_stop,1788870033.3698726,1.6643359290000002,0.9004888857460577,0.903,0.0,0.5003985442253748,0.6004071608253672,6.2781670575814505,0,0.5767767762450011,10.76,2,"[627.5999755859375, 407.20001220703125]"
chaotic_stop,1788870033.4199727,1.714436166,0.9944376400022138,0.903,0.0,0.5003985442253748,0.6004071608253672,0.18376211242256968,1,0.6473398924877406,2.69,2,"[627.5999755859375, 407.20001220703125]"
chaotic_stop,1788870033.4697962,1.7642597530000002,1.0849009677530927,0.903,0.0,0.5003985442253748,0.6004071608253672,0.3720352319733333,1,0.7286408742456796,13.45,2,"[598.5999755859375, 495.20001220703125]"
chaotic_stop,1788870033.519723,1.814186271,1.1690088911379055,0.903,0.0,0.5003985442253748,0.6004071608253672,0.5604814588298046,1,0.8375535101855601,13.45,2,"[598.5999755859375, 495.20001220703125]"
chaotic_stop,1788870033.5696838,1.8641471950000001,1.2437295022584576,0.903,0.0,0.5003985442253748,0.6004071608253672,0.749013003855385,1,0.9280583766708129,2.69,2,"[550.5999755859375, 579.4000244140625]"
chaotic_stop,1788870033.6197815,1.9142450690000001,1.3064543299065008,0.903,0.0,0.5003985442253748,0.6004071608253672,0.9378124772063305,1,1.01702926236818,32.28,2,"[550.5999755859375, 579.4000244140625]"
chaotic_stop,1788870033.6698582,1.96432171,1.3548679290820163,0.903,0.0,0.5003985442253748,0.6004071608253672,1.1267390676879039,1,1.0983302441261191,88.77,2,"[502.79998779296875, 634.4000244140625]"
chaotic_stop,1788870033.7198665,2.014329834,1.3871657686802248,0.903,0.0,0.5003985442253748,0.6004071608253672,1.315388355257527,1,1.1734953027325155,102.22,2,"[502.79998779296875, 634.4000244140625]"
chaotic_stop,1788870033.7697093,2.0641728020000003,1.402268503387483,0.903,0.0,0.5003985442253748,0.6004071608253672,1.5035782918568907,1,1.239456476611598,121.05,2,"[444.6000061035156, 684.0]"
chaotic_stop,1788870033.8199852,2.114448634,1.3996792295290843,0.903,0.0,0.5003985442253748,0.6004071608253672,1.6927957585955014,1,1.2916118233997098,172.16,2,"[444.6000061035156, 684.0]"
chaotic_stop,1788870033.8699384,2.1644017470000003,1.3794626818571636,0.903,0.0,0.5003985442253748,0.6004071608253672,1.8813438421271567,1,1.3360972662483934,185.60999999999999,2,"[403.3999938964844, 706.4000244140625]"
chaotic_stop,1788870033.9198527,2.2143162060000003,1.3423868072513563,0.903,0.0,0.5003985442253748,0.6004071608253672,2.069770908611286,1,1.3667768820061064,185.60999999999999,2,"[403.3999938964844, 706.4000244140625]"
chaotic_stop,1788870033.9696665,2.264129971,1.2898554821214339,0.903,0.0,0.5003985442253748,0.6004071608253672,2.2578868482223644,1,1.3744467859455345,156.02,2,"[384.79998779296875, 722.4000244140625]"
chaotic_stop,1788870034.0196958,2.3141592770000003,1.223426143093298,0.903,0.0,0.5003985442253748,0.6004071608253672,2.4466493702350345,1,1.372912805157649,51.11,2,"[384.79998779296875, 722.4000244140625]"
chaotic_stop,1788870034.069775,2.364238659,1.1455860670601554,0.903,0.0,0.5003985442253748,0.6004071608253672,2.6354745001507176,1,1.3529710549151355,-5.38,2,"[384.20001220703125, 717.0]"
chaotic_stop,1788870034.1198533,2.4143166320000002,1.0590624219511011,0.903,0.0,0.5003985442253748,0.6004071608253672,2.824425513599518,1,1.3130875544301088,-2.69,2,"[384.20001220703125, 717.0]"
chaotic_stop,1788870034.1697686,2.4642320580000003,0.9673063634358584,0.903,0.0,0.5003985442253748,0.6004071608253672,3.0127259835538034,1,1.2624661884298827,-2.69,2,"[389.6000061035156, 701.5999755859375]"
chaotic_stop,1788870034.2198486,2.5143119670000003,0.873006241884903,0.903,0.0,0.5003985442253748,0.6004071608253672,3.2015683423374703,1,1.1995729761265714,-18.83,2,"[389.6000061035156, 701.5999755859375]"
chaotic_stop,1788870034.2698076,2.564270978,0.7799607700696867,0.903,0.0,0.5003985442253748,0.6004071608253672,3.3900226611409146,1,1.1228739367322893,-26.9,2,"[444.0, 662.5999755859375]"
chaotic_stop,1788870034.319851,2.6143142360000002,0.6911291379679032,0.903,0.0,0.5003985442253748,0.6004071608253672,3.5787923659354206,1,1.01702926236818,-26.9,2,"[444.0, 662.5999755859375]"
chaotic_stop,1788870034.3696597,2.664123187,0.6101067228530876,0.903,0.0,0.5003985442253748,0.6004071608253672,3.76686732898332,1,0.9311263382465842,-112.98,2,"[509.6000061035156, 607.2000122070312]"
chaotic_stop,1788870034.4198468,2.71431037,0.5390988267427742,0.903,0.0,0.5003985442253748,0.6004071608253672,3.9558596886973056,1,0.8482913757007595,-51.11,2,"[509.6000061035156, 607.2000122070312]"
chaotic_stop,1788870034.4698858,2.764349218,0.48108612141792223,0.903,0.0,0.5003985442253748,0.6004071608253672,4.144718340776532,1,0.7516505860639642,-24.21,2,"[577.4000244140625, 530.4000244140625]"
chaotic_stop,1788870034.5198293,2.814292725,0.4381375372990759,0.903,0.0,0.5003985442253748,0.6004071608253672,4.333252111559089,1,0.6688156235181395,-59.18,2,"[577.4000244140625, 530.4000244140625]"
chaotic_stop,1788870034.5698235,2.864287011,0.4116619913780746,0.903,0.0,0.5003985442253748,0.6004071608253672,4.521802801867134,1,0.5997864880632857,-139.88,2,"[622.2000122070312, 466.0]"
chaotic_stop,1788870034.6198392,2.914302503,0.40260232816818375,0.903,0.0,0.5003985442253748,0.6004071608253672,4.710521683953193,1,0.5368932757599744,-94.14999999999999,2,"[622.2000122070312, 466.0]"
chaotic_stop,1788870034.6698532,2.9643168560000004,0.41130580299085556,0.903,0.0,0.5003985442253748,0.6004071608253672,4.899180278204952,1,0.483203948183977,-164.09,2,"[654.2000122070312, 387.0]"
chaotic_stop,1788870034.719767,3.0142305420000004,0.4373982309067898,0.903,0.0,0.5003985442253748,0.6004071608253672,5.08751385157867,1,0.440252486123179,-164.09,2,"[654.2000122070312, 387.0]"
chaotic_stop,1788870034.7696772,3.064140612,0.4799671758738131,0.903,0.0,0.5003985442253748,0.6004071608253672,5.275887066061383,1,0.4279806398200939,-188.29999999999998,2,"[654.4000244140625, 352.3999938964844]"
chaotic_stop,1788870034.8196967,3.1141601970000004,0.5376220056791319,0.903,0.0,0.5003985442253748,0.6004071608253672,5.464608766182122,1,0.42644665903220824,-83.39,2,"[654.4000244140625, 352.3999938964844]"
chaotic_stop,1788870034.8698535,3.1643170940000003,0.6084018926734511,0.903,0.0,0.5003985442253748,0.6004071608253672,5.653702284664444,1,0.43104860139586515,2.69,2,"[651.0, 346.20001220703125]"
chaotic_stop,1788870034.9198446,3.2143083170000004,0.6894503550517131,0.903,0.0,0.5003985442253748,0.6004071608253672,5.842279163455419,1,0.4586602555778067,2.69,2,"[651.0, 346.20001220703125]"
chaotic_stop,1788870034.970018,3.264481266,0.7783560681339852,0.903,0.0,0.5003985442253748,0.6004071608253672,6.03144548682568,1,0.49854375606283335,2.69,2,"[644.2000122070312, 367.20001220703125]"
chaotic_stop,1788870035.0198524,3.314315928,0.8711734678343173,0.903,0.0,0.5003985442253748,0.6004071608253672,6.219539979947928,1,0.5522330836388308,2.69,2,"[644.2000122070312, 367.20001220703125]"
chaotic_stop,1788870035.069917,3.364380591,0.9654642275676314,0.903,0.0,0.5003985442253748,0.6004071608253672,0.12515543630384052,2,0.6212622190936846,2.69,2,"[620.0, 437.6000061035156]"
chaotic_stop,1788870035.1198738,3.414337069,1.0573527775969438,0.903,0.0,0.5003985442253748,0.6004071608253672,0.3135733319147338,2,0.7194369895183657,2.69,2,"[620.0, 437.6000061035156]"
chaotic_stop,1788870035.1696742,3.46413751,1.1436806798523143,0.903,0.0,0.5003985442253748,0.6004071608253672,0.5017698514732896,2,0.8053399136399616,24.21,2,"[577.7999877929688, 538.7999877929688]"
chaotic_stop,1788870035.2197232,3.5141866520000002,1.2217171235343809,0.903,0.0,0.5003985442253748,0.6004071608253672,0.6905049740403353,2,0.8943107993373288,2.69,2,"[577.7999877929688, 538.7999877929688]"
chaotic_stop,1788870035.2697208,3.564184146,1.28839720494236,0.903,0.0,0.5003985442253748,0.6004071608253672,0.8791241082616335,2,0.9848156658225816,5.38,2,"[526.5999755859375, 607.0]"
chaotic_stop,1788870035.3198254,3.614288945,1.3414679206053524,0.903,0.0,0.5003985442253748,0.6004071608253672,1.0679977181822338,2,1.069184609156292,72.63,2,"[526.5999755859375, 607.0]"
chaotic_stop,1788870035.3700013,3.6644647040000002,1.378992288500542,0.903,0.0,0.5003985442253748,0.6004071608253672,1.2571871705627,2,1.145883648550574,99.53,2,"[485.79998779296875, 652.5999755859375]"
chaotic_stop,1788870035.4198816,3.7143450430000002,1.399470928933815,0.903,0.0,0.5003985442253748,0.6004071608253672,1.4454227766772405,2,1.2164467647933135,115.67,2,"[485.79998779296875, 652.5999755859375]"
chaotic_stop,1788870035.4698486,3.7643121250000005,1.4024006319492894,0.903,0.0,0.5003985442253748,0.6004071608253672,1.6339611611899354,2,1.2762720155208536,156.02,2,"[427.0, 691.7999877929688]"
chaotic_stop,1788870035.5196877,3.814151052,1.3876696744476968,0.903,0.0,0.5003985442253748,0.6004071608253672,1.8221874493049306,2,1.3330293046726223,156.02,2,"[427.0, 691.7999877929688]"
chaotic_stop,1788870035.5697365,3.8641999910000004,1.355746078045738,0.903,0.0,0.5003985442253748,0.6004071608253672,2.0107509886439274,2,1.3621749396424494,190.99,2,"[393.6000061035156, 723.4000244140625]"
chaotic_stop,1788870035.6198547,3.914318304,1.3076187179802905,0.903,0.0,0.5003985442253748,0.6004071608253672,2.1998359851177582,2,1.368310862793992,185.60999999999999,2,"[393.6000061035156, 723.4000244140625]"
chaotic_stop,1788870035.6699111,3.9643746220000002,1.2451870984862516,0.903,0.0,0.5003985442253748,0.6004071608253672,2.388594889332225,2,1.368310862793992,53.8,2,"[388.3999938964844, 721.0]"
chaotic_stop,1788870035.7198997,4.01436335,1.1706394386466659,0.903,0.0,0.5003985442253748,0.6004071608253672,2.5772594214509006,2,1.3560390164909069,-5.38,2,"[388.3999938964844, 721.0]"
chaotic_stop,1788870035.7698631,4.064326557,1.086681720358381,0.903,0.0,0.5003985442253748,0.6004071608253672,2.765734564285715,2,1.325359400733194,-2.69,2,"[380.0, 714.4000244140625]"
chaotic_stop,1788870035.819849,4.114312592,0.9961557626863453,0.903,0.0,0.5003985442253748,0.6004071608253672,2.9543370920964893,2,1.2793399770966247,-2.69,2,"[380.0, 714.4000244140625]"
chaotic_stop,1788870035.8698833,4.164346758000001,0.9022737937473991,0.903,0.0,0.5003985442253748,0.6004071608253672,3.143043909825243,2,1.2195147263690846,-8.07,2,"[405.6000061035156, 690.0]"
chaotic_stop,1788870035.9199622,4.214425578,0.8085199113269992,0.903,0.0,0.5003985442253748,0.6004071608253672,3.3315425362823916,2,1.1305438406717176,-8.07,2,"[405.6000061035156, 690.0]"
chaotic_stop,1788870035.969679,4.264142744,0.718248483025379,0.903,0.0,0.5003985442253748,0.6004071608253672,3.5197501167213794,2,1.0492428589137786,-18.83,2,"[471.20001220703125, 646.4000244140625]"
chaotic_stop,1788870036.019844,4.314307452,0.634137564640828,0.903,0.0,0.5003985442253748,0.6004071608253672,3.7088210909262607,2,0.9648739155800683,-69.94,2,"[471.20001220703125, 646.4000244140625]"
chaotic_stop,1788870036.0698476,4.3643110190000005,0.559769146747072,0.903,0.0,0.5003985442253748,0.6004071608253672,3.8974529874117145,2,0.8820389530342436,-115.67,2,"[531.0, 585.4000244140625]"
chaotic_stop,1788870036.1197102,4.414173851,0.4976917103154557,0.903,0.0,0.5003985442253748,0.6004071608253672,4.085695251934837,2,0.786932144185334,-5.38,2,"[531.0, 585.4000244140625]"
chaotic_stop,1788870036.1698718,4.464335136,0.44976318777116003,0.903,0.0,0.5003985442253748,0.6004071608253672,4.274742610480953,2,0.6964272777000811,-24.21,2,"[596.7999877929688, 508.20001220703125]"
chaotic_stop,1788870036.2198339,4.514297533000001,0.4180503287755813,0.903,0.0,0.5003985442253748,0.6004071608253672,4.463257220891165,2,0.6227961998815703,-134.5,2,"[596.7999877929688, 508.20001220703125]"
chaotic_stop,1788870036.2699678,4.564431170000001,0.4035022742783426,0.903,0.0,0.5003985442253748,0.6004071608253672,4.652376607196512,2,0.5568350260024878,-118.36,2,"[628.4000244140625, 441.20001220703125]"
chaotic_stop,1788870036.3198485,4.614311967,0.40670107211537443,0.903,0.0,0.5003985442253748,0.6004071608253672,4.84048202161782,2,0.483203948183977,-118.36,2,"[628.4000244140625, 441.20001220703125]"
chaotic_stop,1788870036.3696816,4.664145057000001,0.42743154645167125,0.903,0.0,0.5003985442253748,0.6004071608253672,5.028732197009383,2,0.44945637085049284,-188.29999999999998,2,"[650.2000122070312, 370.0]"
chaotic_stop,1788870036.4197118,4.71417526,0.46507931690613075,0.903,0.0,0.5003985442253748,0.6004071608253672,5.217452380597404,2,0.42644665903220824,-166.78,2,"[650.2000122070312, 370.0]"
chaotic_stop,1788870036.469736,4.76419963,0.518260709070643,0.903,0.0,0.5003985442253748,0.6004071608253672,5.406119987278682,2,0.42337869745643697,-102.22,2,"[656.5999755859375, 347.0]"
chaotic_stop,1788870036.5198684,4.814331658,0.5852236480502622,0.903,0.0,0.5003985442253748,0.6004071608253672,5.595116572158453,2,0.42644665903220824,2.69,2,"[656.5999755859375, 347.0]"
chaotic_stop,1788870036.5699222,4.8643856350000005,0.6634297865259832,0.903,0.0,0.5003985442253748,0.6004071608253672,5.783944878493415,2,0.4479223900626072,2.69,2,"[647.2000122070312, 349.3999938964844]"
chaotic_stop,1788870036.6199286,4.914392086,0.7500748427284486,0.903,0.0,0.5003985442253748,0.6004071608253672,5.9726097388169315,2,0.483203948183977,2.69,2,"[647.2000122070312, 349.3999938964844]"
chaotic_stop,1788870036.669916,4.964379455,0.842104222739898,0.903,0.0,0.5003985442253748,0.6004071608253672,6.161188360488794,2,0.5353592949720888,2.69,2,"[636.2000122070312, 388.20001220703125]"
chaotic_stop,1788870036.7198458,5.014309228,0.9362163872423745,0.903,0.0,0.5003985442253748,0.6004071608253672,0.06642870888976304,3,0.6166602767300278,2.69,2,"[636.2000122070312, 388.20001220703125]"
chaotic_stop,1788870036.7696972,5.064160535,1.0290055465561911,0.903,0.0,0.5003985442253748,0.6004071608253672,0.25455045810379673,3,0.6933593161243098,2.69,2,"[614.2000122070312, 471.20001220703125]"
chaotic_stop,1788870036.8199105,5.114373979000001,1.1178349433047239,0.903,0.0,0.5003985442253748,0.6004071608253672,0.4437482212344648,3,0.7731263170943632,16.14,2,"[614.2000122070312, 471.20001220703125]"
chaotic_stop,1788870036.8697224,5.164186069,1.1985673504016574,0.903,0.0,0.5003985442253748,0.6004071608253672,0.6318813406714234,3,0.8620972027917303,18.83,2,"[560.2000122070312, 567.4000244140625]"
chaotic_stop,1788870036.9198198,5.21428339,1.2691193359329684,0.903,0.0,0.5003985442253748,0.6004071608253672,0.820747341521141,3,0.9510680884890975,2.69,2,"[560.2000122070312, 567.4000244140625]"
chaotic_stop,1788870036.9698367,5.264300145,1.326609474538607,0.903,0.0,0.5003985442253748,0.6004071608253672,1.0094593652577366,3,1.038504993398579,56.49,2,"[515.7999877929688, 629.7999877929688]"
chaotic_stop,1788870037.0198486,5.314312147000001,1.3690471049618753,0.903,0.0,0.5003985442253748,0.6004071608253672,1.1981080077350832,3,1.1198059751565181,80.7,2,"[515.7999877929688, 629.7999877929688]"
chaotic_stop,1788870037.0699425,5.364405793,1.3949763435596712,0.903,0.0,0.5003985442253748,0.6004071608253672,1.3870660228871863,3,1.1965050145508,96.84,2,"[463.0, 663.4000244140625]"
chaotic_stop,1788870037.1197736,5.414237004,1.4033938206271763,0.903,0.0,0.5003985442253748,0.6004071608253672,1.575141366954501,3,1.2732040539450822,96.84,2,"[463.0, 663.4000244140625]"
chaotic_stop,1788870037.169667,5.464130356,1.394134448623404,0.903,0.0,0.5003985442253748,0.6004071608253672,1.7635181086961502,3,1.3192234775816514,174.85,2,"[408.79998779296875, 707.5999755859375]"
chaotic_stop,1788870037.2198446,5.514308044000001,1.3673674538816287,0.903,0.0,0.5003985442253748,0.6004071608253672,1.9525970277216942,3,1.354505035703021,207.13,2,"[408.79998779296875, 707.5999755859375]"
chaotic_stop,1788870037.2697928,5.564256376,1.3242103204230091,0.903,0.0,0.5003985442253748,0.6004071608253672,2.1410766107530534,3,1.371378824369763,201.75,2,"[385.79998779296875, 721.2000122070312]"
chaotic_stop,1788870037.319918,5.6143813520000005,1.266000123895181,0.903,0.0,0.5003985442253748,0.6004071608253672,2.329945324008307,3,1.372912805157649,104.91,2,"[385.79998779296875, 721.2000122070312]"
chaotic_stop,1788870037.3698132,5.664276679,1.1950723598584905,0.903,0.0,0.5003985442253748,0.6004071608253672,2.518339841626009,3,1.3667768820061064,-5.38,2,"[379.3999938964844, 726.7999877929688]"
chaotic_stop,1788870037.4198666,5.714329844000001,1.1136322576273363,0.903,0.0,0.5003985442253748,0.6004071608253672,2.707123429108094,3,1.3391652278241648,-2.69,2,"[379.3999938964844, 726.7999877929688]"
chaotic_stop,1788870037.4698622,5.764325634,1.0247878221161462,0.903,0.0,0.5003985442253748,0.6004071608253672,2.895741835242788,3,1.2962137657633668,-2.69,2,"[384.79998779296875, 712.4000244140625]"
chaotic_stop,1788870037.5196884,5.814151846000001,0.931819520374662,0.903,0.0,0.5003985442253748,0.6004071608253672,3.083967632936755,3,1.227184630308513,-2.69,2,"[384.79998779296875, 712.4000244140625]"
chaotic_stop,1788870037.56971,5.8641733480000005,0.8376589028586723,0.903,0.0,0.5003985442253748,0.6004071608253672,3.2725447154410823,3,1.1596894756415448,-21.52,2,"[427.6000061035156, 671.7999877929688]"
chaotic_stop,1788870037.6198902,5.914353823000001,0.7455634058283003,0.903,0.0,0.5003985442253748,0.6004071608253672,3.4616514866085843,3,1.081456455459377,-29.59,2,"[427.6000061035156, 671.7999877929688]"
chaotic_stop,1788870037.669867,5.964330577,0.6593085258848952,0.903,0.0,0.5003985442253748,0.6004071608253672,3.650238271904339,3,0.9970875121256667,-24.21,2,"[493.6000061035156, 624.5999755859375]"
chaotic_stop,1788870037.719808,6.014271539,0.5817463171172215,0.903,0.0,0.5003985442253748,0.6004071608253672,3.8386909572285113,3,0.9096506072161852,-129.12,2,"[493.6000061035156, 624.5999755859375]"
chaotic_stop,1788870037.7697682,6.0642318390000005,0.5155413426378612,0.903,0.0,0.5003985442253748,0.6004071608253672,4.027201040675383,3,0.8206797215188181,-10.76,2,"[549.0, 564.0]"
chaotic_stop,1788870037.8198555,6.114318911000001,0.4629712949522767,0.903,0.0,0.5003985442253748,0.6004071608253672,4.216101706746887,3,0.7271068934577939,-18.83,2,"[549.0, 564.0]"
chaotic_stop,1788870037.869863,6.164326496,0.42610022732743363,0.903,0.0,0.5003985442253748,0.6004071608253672,4.404712764111089,3,0.6442719309119693,-112.98,2,"[614.7999877929688, 487.20001220703125]"
chaotic_stop,1788870037.9197206,6.214184161,0.40616627088539237,0.903,0.0,0.5003985442253748,0.6004071608253672,4.592953421562225,3,0.5614369683661447,-112.98,2,"[614.7999877929688, 487.20001220703125]"
chaotic_stop,1788870037.969685,6.2641486330000005,0.4037956853194803,0.903,0.0,0.5003985442253748,0.6004071608253672,4.781490451758387,3,0.5016117176386047,-126.42999999999999,2,"[635.4000244140625, 421.6000061035156]"
chaotic_stop,1788870038.0197942,6.314257885,0.4191665370492693,0.903,0.0,0.5003985442253748,0.6004071608253672,4.970412424737351,3,0.461728217153578,-190.99,2,"[635.4000244140625, 421.6000061035156]"
chaotic_stop,1788870038.069746,6.364209465,0.451663045075635,0.903,0.0,0.5003985442253748,0.6004071608253672,5.158909802507111,3,0.4341165629716365,-188.29999999999998,2,"[650.4000244140625, 358.20001220703125]"
chaotic_stop,1788870038.119842,6.414305738,0.5002526644458645,0.903,0.0,0.5003985442253748,0.6004071608253672,5.347757352208742,3,0.4203107358806657,-188.29999999999998,2,"[650.4000244140625, 358.20001220703125]"
chaotic_stop,1788870038.169887,6.4643505260000005,0.5631379521677908,0.903,0.0,0.5003985442253748,0.6004071608253672,5.536536744704797,3,0.4203107358806657,-45.73,2,"[658.5999755859375, 345.79998779296875]"
chaotic_stop,1788870038.2198606,6.514324144000001,0.6380065486810758,0.903,0.0,0.5003985442253748,0.6004071608253672,5.725097877208285,3,0.4325825821837508,5.38,2,"[658.5999755859375, 345.79998779296875]"
chaotic_stop,1788870038.2698612,6.564324588000001,0.7222936925859604,0.903,0.0,0.5003985442253748,0.6004071608253672,5.913711533803941,3,0.4663301595172349,2.69,2,"[644.0, 353.20001220703125]"
chaotic_stop,1788870038.319695,6.614158413,0.8127915481560863,0.903,0.0,0.5003985442253748,0.6004071608253672,6.10192110233433,3,0.5292233718205462,2.69,2,"[644.0, 353.20001220703125]"
chaotic_stop,1788870038.369664,6.6641272250000005,0.9066452800959688,0.903,0.0,0.5003985442253748,0.6004071608253672,0.007284818031290996,4,0.5905826033359719,2.69,2,"[627.7999877929688, 417.3999938964844]"
chaotic_stop,1788870038.4196932,6.714156524000001,1.0004600048780803,0.903,0.0,0.5003985442253748,0.6004071608253672,0.1960176167571568,4,0.662679700366597,5.38,2,"[627.7999877929688, 417.3999938964844]"
chaotic_stop,1788870038.469818,6.764281583000001,1.0908871389929233,0.903,0.0,0.5003985442253748,0.6004071608253672,0.3849092100396305,4,0.7424467013366504,16.14,2,"[598.5999755859375, 507.20001220703125]"
chaotic_stop,1788870038.5198858,6.814349185,1.1745876836879154,0.903,0.0,0.5003985442253748,0.6004071608253672,0.5736992522169473,4,0.8283496254582462,29.59,2,"[598.5999755859375, 507.20001220703125]"
chaotic_stop,1788870038.5698566,6.8643201760000006,1.2485924756361664,0.903,0.0,0.5003985442253748,0.6004071608253672,0.7623659685954358,4,0.9203884727313847,2.69,2,"[546.0, 588.5999755859375]"
chaotic_stop,1788870038.6198568,6.914320327,1.3102951754439915,0.903,0.0,0.5003985442253748,0.6004071608253672,0.9509049529307738,4,1.0078253776408663,21.52,2,"[546.0, 588.5999755859375]"
chaotic_stop,1788870038.6698728,6.964336141,1.3575844305506104,0.903,0.0,0.5003985442253748,0.6004071608253672,1.1395482385015008,4,1.0937283017624622,78.01,2,"[498.3999938964844, 640.7999877929688]"
chaotic_stop,1788870038.7197165,7.014179830000001,1.3886897113839445,0.903,0.0,0.5003985442253748,0.6004071608253672,1.327735104310733,4,1.188835110611372,78.01,2,"[498.3999938964844, 640.7999877929688]"
chaotic_stop,1788870038.7696726,7.064135992000001,1.4026550099552475,0.903,0.0,0.5003985442253748,0.6004071608253672,1.516275646675954,4,1.2517283229146832,145.26,2,"[439.6000061035156, 694.4000244140625]"
chaotic_stop,1788870038.8198419,7.114305292,1.3988763640331117,0.903,0.0,0.5003985442253748,0.6004071608253672,1.705338525161391,4,1.3023496889149093,182.92,2,"[439.6000061035156, 694.4000244140625]"
chaotic_stop,1788870038.8701525,7.164615979000001,1.377373199293366,0.903,0.0,0.5003985442253748,0.6004071608253672,1.894729714118231,4,1.342233189399936,201.75,2,"[404.20001220703125, 707.2000122070312]"
chaotic_stop,1788870038.9198558,7.214319315,1.3392776984337273,0.903,0.0,0.5003985442253748,0.6004071608253672,2.08260434772086,4,1.3667768820061064,217.89,2,"[404.20001220703125, 707.2000122070312]"
chaotic_stop,1788870038.9698594,7.2643228220000005,1.2855753002088515,0.903,0.0,0.5003985442253748,0.6004071608253672,2.271263421076238,4,1.3744467859455345,166.78,2,"[387.3999938964844, 723.4000244140625]"
chaotic_stop,1788870039.0198689,7.314332334,1.2183069627780678,0.903,0.0,0.5003985442253748,0.6004071608253672,2.4598956382215924,4,1.3744467859455345,51.11,2,"[387.3999938964844, 723.4000244140625]"
chaotic_stop,1788870039.069881,7.364344497,1.13985668394249,0.903,0.0,0.5003985442253748,0.6004071608253672,2.648518510960116,4,1.3529710549151355,-5.38,2,"[385.6000061035156, 719.2000122070312]"
chaotic_stop,1788870039.1198657,7.414329276,1.0530150839129826,0.903,0.0,0.5003985442253748,0.6004071608253672,2.8371188658284865,4,1.3023496889149093,-5.38,2,"[385.6000061035156, 719.2000122070312]"
chaotic_stop,1788870039.1697052,7.464168507,0.9610618458681927,0.903,0.0,0.5003985442253748,0.6004071608253672,3.0252994995181837,4,1.248660361338912,-2.69,2,"[390.79998779296875, 699.7999877929688]"
chaotic_stop,1788870039.219742,7.514205653,0.866767332930048,0.903,0.0,0.5003985442253748,0.6004071608253672,3.214063692734822,4,1.184233168247715,-18.83,2,"[390.79998779296875, 699.7999877929688]"
chaotic_stop,1788870039.2698452,7.5643087200000005,0.7736999901780605,0.903,0.0,0.5003985442253748,0.6004071608253672,3.4029520869632,4,1.1090681096413186,-21.52,2,"[446.20001220703125, 664.2000122070312]"
chaotic_stop,1788870039.3198647,7.614328111000001,0.6853325410429743,0.903,0.0,0.5003985442253748,0.6004071608253672,3.591617818727162,4,1.026233147095494,-32.28,2,"[446.20001220703125, 664.2000122070312]"
chaotic_stop,1788870039.3699572,7.664420722000001,0.6045699976907802,0.903,0.0,0.5003985442253748,0.6004071608253672,3.780582171627941,4,0.9418642037617837,-94.14999999999999,2,"[514.2000122070312, 606.7999877929688]"
chaotic_stop,1788870039.419883,7.714346655000001,0.5346524430840996,0.903,0.0,0.5003985442253748,0.6004071608253672,3.9688953887565006,4,0.859029241215959,-80.7,2,"[514.2000122070312, 606.7999877929688]"
chaotic_stop,1788870039.4698524,7.7643159520000005,0.4776905989791369,0.903,0.0,0.5003985442253748,0.6004071608253672,4.157466571118604,4,0.7577865092155067,-2.69,2,"[577.5999755859375, 535.2000122070312]"
chaotic_stop,1788870039.519748,7.814211309,0.43584432214717667,0.903,0.0,0.5003985442253748,0.6004071608253672,4.345832987611367,4,0.6519418348513975,-2.69,2,"[577.5999755859375, 535.2000122070312]"
chaotic_stop,1788870039.5696568,7.86412038,0.4105286703824244,0.903,0.0,0.5003985442253748,0.6004071608253672,4.534154266507144,4,0.5844466801844292,-131.81,2,"[620.4000244140625, 464.20001220703125]"
chaotic_stop,1788870039.6197004,7.9141639370000005,0.4026291607991206,0.903,0.0,0.5003985442253748,0.6004071608253672,4.72291194844151,4,0.521553467881118,-107.6,2,"[620.4000244140625, 464.20001220703125]"
chaotic_stop,1788870039.6696904,7.964154049,0.41249668797585626,0.903,0.0,0.5003985442253748,0.6004071608253672,4.911588484557978,4,0.4724660826687775,-166.78,2,"[650.4000244140625, 387.3999938964844]"
chaotic_stop,1788870039.7198794,8.014342721,0.4398482510351531,0.903,0.0,0.5003985442253748,0.6004071608253672,5.1006580855839765,4,0.4433204476989503,-166.78,2,"[650.4000244140625, 387.3999938964844]"
chaotic_stop,1788870039.7699072,8.064370869000001,0.48361784370721583,0.903,0.0,0.5003985442253748,0.6004071608253672,5.289401224648607,4,0.4295146206079795,-193.68,2,"[653.4000244140625, 346.0]"
chaotic_stop,1788870039.8198488,8.114312388,0.5421731938380994,0.903,0.0,0.5003985442253748,0.6004071608253672,5.477827136757085,4,0.4295146206079795,-86.08,2,"[653.4000244140625, 346.0]"
chaotic_stop,1788870039.8698485,8.164311888,0.6135892108524899,0.903,0.0,0.5003985442253748,0.6004071608253672,5.666467691059928,4,0.4325825821837508,2.69,2,"[652.0, 349.79998779296875]"
chaotic_stop,1788870039.919843,8.214306382,0.6952539446054192,0.903,0.0,0.5003985442253748,0.6004071608253672,5.855065329750293,4,0.4663301595172349,2.69,2,"[652.0, 349.79998779296875]"
chaotic_stop,1788870039.9696746,8.264138055,0.7840881010097249,0.903,0.0,0.5003985442253748,0.6004071608253672,6.043255564374743,4,0.5092816215780329,2.69,2,"[639.7999877929688, 372.79998779296875]"
chaotic_stop,1788870040.0197833,8.314246713000001,0.8774572860648759,0.903,0.0,0.5003985442253748,0.6004071608253672,6.232118373715306,4,0.5660389107298016,2.69,2,"[639.7999877929688, 372.79998779296875]"
chaotic_stop,1788870040.0697706,8.364234057,0.9716040927373859,0.903,0.0,0.5003985442253748,0.6004071608253672,0.13753206708755883,5,0.6335340653967698,2.69,2,"[624.5999755859375, 445.3999938964844]"
chaotic_stop,1788870040.119906,8.414369327000001,1.063505667670456,0.903,0.0,0.5003985442253748,0.6004071608253672,0.32652719956659126,5,0.7117670855789375,5.38,2,"[624.5999755859375, 445.3999938964844]"
chaotic_stop,1788870040.1699543,8.464417867,1.1496471258882903,0.903,0.0,0.5003985442253748,0.6004071608253672,0.5154211921396374,5,0.7946020481247621,40.35,2,"[581.5999755859375, 541.7999877929688]"
chaotic_stop,1788870040.2198555,8.514319007000001,1.2267698141384922,0.903,0.0,0.5003985442253748,0.6004071608253672,0.7036746948492549,5,0.885106914610015,10.76,2,"[581.5999755859375, 541.7999877929688]"
chaotic_stop,1788870040.2698536,8.564316995,1.2925614350157828,0.903,0.0,0.5003985442253748,0.6004071608253672,0.8922760946916668,5,0.9802137234589247,5.38,2,"[531.4000244140625, 607.4000244140625]"
chaotic_stop,1788870040.3197963,8.614259740000001,1.3445204463040135,0.903,0.0,0.5003985442253748,0.6004071608253672,1.0808063834849193,5,1.0845244170351482,5.38,2,"[531.4000244140625, 607.4000244140625]"
chaotic_stop,1788870040.3696759,8.664139310000001,1.3807910485238328,0.903,0.0,0.5003985442253748,0.6004071608253672,1.269056939895897,5,1.162757437217316,86.08,2,"[480.79998779296875, 659.7999877929688]"
chaotic_stop,1788870040.4198573,8.71432064,1.4002281900753144,0.903,0.0,0.5003985442253748,0.6004071608253672,1.4581698677335453,5,1.23178657267217,123.74,2,"[480.79998779296875, 659.7999877929688]"
chaotic_stop,1788870040.4698756,8.764338997000001,1.401954481200191,0.903,0.0,0.5003985442253748,0.6004071608253672,1.646785995296689,5,1.2870098810360528,161.4,2,"[422.0, 693.7999877929688]"
chaotic_stop,1788870040.5198803,8.814343905000001,1.3859732518830012,0.903,0.0,0.5003985442253748,0.6004071608253672,1.8354728491171102,5,1.3299613430968509,185.60999999999999,2,"[422.0, 693.7999877929688]"
chaotic_stop,1788870040.5697896,8.86425312,1.3529062332963169,0.903,0.0,0.5003985442253748,0.6004071608253672,2.0238930761141205,5,1.3606409588545638,199.06,2,"[390.20001220703125, 719.0]"
chaotic_stop,1788870040.6199183,8.914381890000001,1.3037802403521233,0.903,0.0,0.5003985442253748,0.6004071608253672,2.2127590656464307,5,1.37598076673342,212.51,2,"[390.20001220703125, 719.0]"
chaotic_stop,1788870040.669828,8.964291533,1.240560701924169,0.903,0.0,0.5003985442253748,0.6004071608253672,2.401192036045252,5,1.37598076673342,78.01,2,"[384.20001220703125, 722.0]"
chaotic_stop,1788870040.7198198,9.014283402,1.165326557072206,0.903,0.0,0.5003985442253748,0.6004071608253672,2.5897758297727336,5,1.3560390164909069,78.01,2,"[384.20001220703125, 722.0]"
chaotic_stop,1788870040.769662,9.06412521,1.0809566439042555,0.903,0.0,0.5003985442253748,0.6004071608253672,2.778004800113507,5,1.3192234775816514,-5.38,2,"[381.6000061035156, 718.2000122070312]"
chaotic_stop,1788870040.8198156,9.114279019000001,0.989910648779924,0.903,0.0,0.5003985442253748,0.6004071608253672,2.9670245140034837,5,1.2686021115814252,-2.69,2,"[381.6000061035156, 718.2000122070312]"
chaotic_stop,1788870040.8699052,9.164368645,0.8958889717461851,0.903,0.0,0.5003985442253748,0.6004071608253672,3.1558038612299057,5,1.2087768608538851,-10.76,2,"[408.0, 688.5999755859375]"
chaotic_stop,1788870040.9197881,9.214251661,0.8023031949249596,0.903,0.0,0.5003985442253748,0.6004071608253672,3.3442093755960585,5,1.1382137446111458,-13.45,2,"[408.0, 688.5999755859375]"
chaotic_stop,1788870040.969812,9.264275364000001,0.7121677482005019,0.903,0.0,0.5003985442253748,0.6004071608253672,3.5328602551477886,5,1.059980724428978,-29.59,2,"[473.20001220703125, 645.0]"
chaotic_stop,1788870041.0198693,9.314332787000001,0.6287338668540995,0.903,0.0,0.5003985442253748,0.6004071608253672,3.7216780740176745,5,0.9710098387316108,-53.8,2,"[473.20001220703125, 645.0]"
chaotic_stop,1788870041.0698168,9.364280398,0.5551899363573091,0.903,0.0,0.5003985442253748,0.6004071608253672,3.9101044878645865,5,0.8835729338221293,-134.5,2,"[532.2000122070312, 584.0]"
chaotic_stop,1788870041.1197116,9.414174991000001,0.4939766465155826,0.903,0.0,0.5003985442253748,0.6004071608253672,4.09846739218829,5,0.765456413154935,-134.5,2,"[532.2000122070312, 584.0]"
chaotic_stop,1788870041.1696823,9.464145653000001,0.4471901890408802,0.903,0.0,0.5003985442253748,0.6004071608253672,4.287037027837918,5,0.679553489033339,-59.18,2,"[599.5999755859375, 508.79998779296875]"
chaotic_stop,1788870041.2197285,9.514191937000001,0.41654393877539725,0.903,0.0,0.5003985442253748,0.6004071608253672,4.475774881672848,5,0.6089903727905995,-123.74,2,"[599.5999755859375, 508.79998779296875]"
chaotic_stop,1788870041.2697892,9.564252659000001,0.40317473877634735,0.903,0.0,0.5003985442253748,0.6004071608253672,4.664516824864663,5,0.5460971604872883,-102.22,2,"[632.7999877929688, 441.0]"
chaotic_stop,1788870041.3199432,9.614406828,0.40759063365448067,0.903,0.0,0.5003985442253748,0.6004071608253672,4.853718530225905,5,0.4908738521234052,-147.95,2,"[632.7999877929688, 441.0]"
chaotic_stop,1788870041.369848,9.664311483,0.429534582450603,0.903,0.0,0.5003985442253748,0.6004071608253672,5.041974262464969,5,0.45559229400203544,-196.37,2,"[651.4000244140625, 369.3999938964844]"
chaotic_stop,1788870041.4198663,9.714329793000001,0.46830847076376125,0.903,0.0,0.5003985442253748,0.6004071608253672,5.230632430427683,5,0.4279806398200939,-164.09,2,"[651.4000244140625, 369.3999938964844]"
chaotic_stop,1788870041.4697866,9.764250133,0.5224229484104765,0.903,0.0,0.5003985442253748,0.6004071608253672,5.419028785238012,5,0.42337869745643697,-121.05,2,"[656.2000122070312, 347.0]"
chaotic_stop,1788870041.519778,9.814241305000001,0.5901412110763559,0.903,0.0,0.5003985442253748,0.6004071608253672,5.60777291268964,5,0.4295146206079795,-121.05,2,"[656.2000122070312, 347.0]"
chaotic_stop,1788870041.569681,9.864144559000001,0.6687497072816526,0.903,0.0,0.5003985442253748,0.6004071608253672,5.796014807510758,5,0.4540583132141498,2.69,2,"[649.5999755859375, 351.20001220703125]"
chaotic_stop,1788870041.6198552,9.914318725000001,0.7560477393379117,0.903,0.0,0.5003985442253748,0.6004071608253672,5.985120975083149,5,0.49394181369917645,2.69,2,"[649.5999755859375, 351.20001220703125]"
chaotic_stop,1788870041.6698241,9.964287589000001,0.8482785165799668,0.903,0.0,0.5003985442253748,0.6004071608253672,6.17361036653508,5,0.5476311412751739,2.69,2,"[633.7999877929688, 395.3999938964844]"
chaotic_stop,1788870041.7199423,10.014405771,0.9427462518227604,0.903,0.0,0.5003985442253748,0.6004071608253672,0.07951294931338992,6,0.6089903727905995,2.69,2,"[633.7999877929688, 395.3999938964844]"
chaotic_stop,1788870041.7697167,10.064180229,1.0352323254981175,0.903,0.0,0.5003985442253748,0.6004071608253672,0.267430362719594,6,0.684155431396996,8.07,2,"[609.0, 478.6000061035156]"
chaotic_stop,1788870041.820076,10.114539248,1.1238226277603571,0.903,0.0,0.5003985442253748,0.6004071608253672,0.4570396155005909,6,0.7639224323670493,21.52,2,"[609.0, 478.6000061035156]"
chaotic_stop,1788870041.8698273,10.164290553,1.203819036618365,0.903,0.0,0.5003985442253748,0.6004071608253672,0.6449505176245225,6,0.8574952604280734,18.83,2,"[564.5999755859375, 568.0]"
chaotic_stop,1788870041.9197147,10.214178192,1.2733653869589039,0.903,0.0,0.5003985442253748,0.6004071608253672,0.8332797413409665,6,0.9740778003073821,18.83,2,"[564.5999755859375, 568.0]"
chaotic_stop,1788870041.9696681,10.264131722,1.329868607396492,0.903,0.0,0.5003985442253748,0.6004071608253672,1.0218163905177136,6,1.0584467436410925,59.18,2,"[513.7999877929688, 631.4000244140625]"
chaotic_stop,1788870042.019805,10.314268534,1.371318416991766,0.903,0.0,0.5003985442253748,0.6004071608253672,1.2107793589222027,6,1.1366797638232602,72.63,2,"[513.7999877929688, 631.4000244140625]"
chaotic_stop,1788870042.0699673,10.364430617,1.3961013502405324,0.903,0.0,0.5003985442253748,0.6004071608253672,1.3998089265023879,6,1.2072428800659996,104.91,2,"[466.20001220703125, 658.5999755859375]"
chaotic_stop,1788870042.119782,10.414245457,1.403324630589765,0.903,0.0,0.5003985442253748,0.6004071608253672,1.5879842975972025,6,1.2670681307935396,156.02,2,"[466.20001220703125, 658.5999755859375]"
chaotic_stop,1788870042.1698446,10.464307964000001,1.3928271158929848,0.903,0.0,0.5003985442253748,0.6004071608253672,1.7767129315167907,6,1.3146215352179944,174.85,2,"[403.79998779296875, 705.0]"
chaotic_stop,1788870042.2198033,10.514266629000002,1.364972946315205,0.903,0.0,0.5003985442253748,0.6004071608253672,1.9652412699433341,6,1.35143707412725,196.37,2,"[403.79998779296875, 705.0]"
chaotic_stop,1788870042.2699614,10.564424886000001,1.320567846211211,0.903,0.0,0.5003985442253748,0.6004071608253672,2.1544213741444977,6,1.3698448435818775,204.44,2,"[393.79998779296875, 717.5999755859375]"
chaotic_stop,1788870042.319783,10.614246564,1.2616305238073926,0.903,0.0,0.5003985442253748,0.6004071608253672,2.3425485519420732,6,1.371378824369763,204.44,2,"[393.79998779296875, 717.5999755859375]"
chaotic_stop,1788870042.3696606,10.664123962000001,1.1899985600253824,0.903,0.0,0.5003985442253748,0.6004071608253672,2.5307719465729974,6,1.3621749396424494,-8.07,2,"[385.6000061035156, 718.0]"
chaotic_stop,1788870042.419862,10.714325556,1.1078043376966815,0.903,0.0,0.5003985442253748,0.6004071608253672,2.719925175701789,6,1.3314953238847365,-5.38,2,"[385.6000061035156, 718.0]"
chaotic_stop,1788870042.4698403,10.764303778,1.0185885599284823,0.903,0.0,0.5003985442253748,0.6004071608253672,2.9084944944639872,6,1.2900778426118242,-2.69,2,"[386.20001220703125, 712.2000122070312]"
chaotic_stop,1788870042.5199108,10.814374241000001,0.9251817964709178,0.903,0.0,0.5003985442253748,0.6004071608253672,3.0972498638745805,6,1.2348545342479411,-2.69,2,"[386.20001220703125, 712.2000122070312]"
chaotic_stop,1788870042.5698705,10.864333954000001,0.8310859872625902,0.903,0.0,0.5003985442253748,0.6004071608253672,3.2858054810277295,6,1.167359379580973,-10.76,2,"[421.20001220703125, 682.5999755859375]"
chaotic_stop,1788870042.619848,10.914311437,0.7395308154912865,0.903,0.0,0.5003985442253748,0.6004071608253672,3.4743792211241242,6,1.0875923786109196,-45.73,2,"[421.20001220703125, 682.5999755859375]"
chaotic_stop,1788870042.6697176,10.964181166000001,0.6538918392512483,0.903,0.0,0.5003985442253748,0.6004071608253672,3.662675447050276,6,1.000155473701438,-21.52,2,"[500.3999938964844, 621.5999755859375]"
chaotic_stop,1788870042.719684,11.014147415,0.5769685877744968,0.903,0.0,0.5003985442253748,0.6004071608253672,3.8512099383744953,6,0.8912428377615575,-21.52,2,"[500.3999938964844, 621.5999755859375]"
chaotic_stop,1788870042.7696707,11.064134145,0.5115849550645379,0.903,0.0,0.5003985442253748,0.6004071608253672,4.039792426827546,6,0.8007379712763046,-5.38,2,"[551.7999877929688, 562.5999755859375]"
chaotic_stop,1788870042.81971,11.114173497000001,0.4600606457798742,0.903,0.0,0.5003985442253748,0.6004071608253672,4.228458682964764,6,0.7086991240031663,-24.21,2,"[551.7999877929688, 562.5999755859375]"
chaotic_stop,1788870042.8697844,11.164248037,0.424229563720247,0.903,0.0,0.5003985442253748,0.6004071608253672,4.417306764584588,6,0.6320000846088841,-123.74,2,"[610.7999877929688, 487.0]"
chaotic_stop,1788870042.919849,11.214312224,0.40541783099478984,0.903,0.0,0.5003985442253748,0.6004071608253672,4.606242367495682,6,0.5691068723055729,-115.67,2,"[610.7999877929688, 487.0]"
chaotic_stop,1788870042.969817,11.264280415,0.404293717382933,0.903,0.0,0.5003985442253748,0.6004071608253672,4.794653619787873,6,0.5092816215780329,-126.42999999999999,2,"[640.7999877929688, 404.0]"
chaotic_stop,1788870043.0198624,11.314325901,0.4208610129699874,0.903,0.0,0.5003985442253748,0.6004071608253672,4.983365488853224,6,0.4663301595172349,-185.60999999999999,2,"[640.7999877929688, 404.0]"
chaotic_stop,1788870043.0699713,11.36443477,0.4546218958304676,0.903,0.0,0.5003985442253748,0.6004071608253672,5.172412662548339,6,0.43718452454740775,-182.92,2,"[652.4000244140625, 359.79998779296875]"
chaotic_stop,1788870043.119827,11.414290434000002,0.5040837226951403,0.903,0.0,0.5003985442253748,0.6004071608253672,5.360547117439481,6,0.42184471666855133,-182.92,2,"[652.4000244140625, 359.79998779296875]"
chaotic_stop,1788870043.1696737,11.464137121,0.5676675623494206,0.903,0.0,0.5003985442253748,0.6004071608253672,5.548800416435746,6,0.42184471666855133,-56.49,2,"[645.5999755859375, 351.0]"
chaotic_stop,1788870043.2198637,11.514327171000001,0.6434710942904506,0.903,0.0,0.5003985442253748,0.6004071608253672,5.737920628911901,6,0.4387185053352934,2.69,2,"[645.5999755859375, 351.0]"
chaotic_stop,1788870043.269944,11.564407442,0.7283205824283885,0.903,0.0,0.5003985442253748,0.6004071608253672,5.926595516459223,6,0.4740000634566631,2.69,2,"[641.7999877929688, 359.0]"
chaotic_stop,1788870043.3198378,11.614301311,0.8192434336615705,0.903,0.0,0.5003985442253748,0.6004071608253672,6.1150140194376945,6,0.5246214294568893,2.69,2,"[641.7999877929688, 359.0]"
chaotic_stop,1788870043.3699667,11.664430171000001,0.9134803442346306,0.903,0.0,0.5003985442253748,0.6004071608253672,0.020945525739293203,7,0.5844466801844292,2.69,2,"[634.4000244140625, 418.0]"
chaotic_stop,1788870043.4199784,11.714441917,1.0071434367950103,0.903,0.0,0.5003985442253748,0.6004071608253672,0.20965348275382212,7,0.6565437772150544,8.07,2,"[634.4000244140625, 418.0]"
chaotic_stop,1788870043.469961,11.764424333000001,1.0970368962336507,0.903,0.0,0.5003985442253748,0.6004071608253672,0.3982053236650529,7,0.7393787397608791,8.07,2,"[594.0, 513.2000122070312]"
chaotic_stop,1788870043.5196881,11.814151461000002,1.1797435170689612,0.903,0.0,0.5003985442253748,0.6004071608253672,0.5860160704975286,7,0.8498253564886452,8.07,2,"[594.0, 513.2000122070312]"
chaotic_stop,1788870043.5696976,11.864161063000001,1.2530043932973975,0.903,0.0,0.5003985442253748,0.6004071608253672,0.7746293988883437,7,0.9418642037617837,2.69,2,"[546.5999755859375, 590.0]"
chaotic_stop,1788870043.6198807,11.914344039000001,1.3139880546051974,0.903,0.0,0.5003985442253748,0.6004071608253672,0.9637236001876346,7,1.0277671278833795,34.97,2,"[546.5999755859375, 590.0]"
chaotic_stop,1788870043.6697507,11.964214157,1.3601647456251718,0.903,0.0,0.5003985442253748,0.6004071608253672,1.1520545479226172,7,1.1075341288534328,88.77,2,"[495.0, 645.5999755859375]"
chaotic_stop,1788870043.7198348,12.014298124000002,1.3902255565883082,0.903,0.0,0.5003985442253748,0.6004071608253672,1.3408341101797987,7,1.1826991874598294,91.46,2,"[495.0, 645.5999755859375]"
chaotic_stop,1788870043.7698452,12.064308874,1.4029724347746,0.903,0.0,0.5003985442253748,0.6004071608253672,1.5295250043149977,7,1.248660361338912,131.81,2,"[437.20001220703125, 686.2000122070312]"
chaotic_stop,1788870043.8198514,12.114314842,1.397973996552578,0.903,0.0,0.5003985442253748,0.6004071608253672,1.7181740542190482,7,1.2992817273391382,180.23,2,"[437.20001220703125, 686.2000122070312]"
chaotic_stop,1788870043.8699536,12.164417067,1.3753885115060165,0.903,0.0,0.5003985442253748,0.6004071608253672,1.90696769533222,7,1.342233189399936,190.99,2,"[394.3999938964844, 718.4000244140625]"
chaotic_stop,1788870043.9197109,12.214174291,1.3362034301575176,0.903,0.0,0.5003985442253748,0.6004071608253672,2.0950119655686663,7,1.3698448435818775,190.99,2,"[394.3999938964844, 718.4000244140625]"
chaotic_stop,1788870043.9696949,12.264158435,1.2815729633447324,0.903,0.0,0.5003985442253748,0.6004071608253672,2.283582374574536,7,1.37598076673342,134.5,2,"[382.3999938964844, 729.5999755859375]"
chaotic_stop,1788870044.019721,12.31418449,1.2134622221657423,0.903,0.0,0.5003985442253748,0.6004071608253672,2.4723019017528713,7,1.372912805157649,48.42,2,"[382.3999938964844, 729.5999755859375]"
chaotic_stop,1788870044.0698836,12.364347075000001,1.134185404249413,0.903,0.0,0.5003985442253748,0.6004071608253672,2.6613408024224796,7,1.346835131763593,-5.38,2,"[384.20001220703125, 721.0]"
chaotic_stop,1788870044.1198766,12.414340163,1.0468839067130296,0.903,0.0,0.5003985442253748,0.6004071608253672,2.849936720866779,7,1.3069516312785663,-2.69,2,"[384.20001220703125, 721.0]"
chaotic_stop,1788870044.1698785,12.464341966000001,0.9544619648336514,0.903,0.0,0.5003985442253748,0.6004071608253672,3.038568545675311,7,1.2547962844904545,-2.69,2,"[397.79998779296875, 697.7999877929688]"
chaotic_stop,1788870044.2198803,12.514343784000001,0.8602027254356701,0.903,0.0,0.5003985442253748,0.6004071608253672,3.227223642847889,7,1.1903690913992575,-18.83,2,"[397.79998779296875, 697.7999877929688]"
chaotic_stop,1788870044.2700152,12.564478705,0.7672828533433522,0.903,0.0,0.5003985442253748,0.6004071608253672,3.4162510035334464,7,1.1106020904292042,-37.66,2,"[448.20001220703125, 664.7999877929688]"
chaotic_stop,1788870044.3197224,12.614185840000001,0.6797523532467085,0.903,0.0,0.5003985442253748,0.6004071608253672,3.6040399492649584,7,1.0062913968529805,-37.66,2,"[448.20001220703125, 664.7999877929688]"
chaotic_stop,1788870044.3698485,12.664311882000002,0.5995893943692492,0.903,0.0,0.5003985442253748,0.6004071608253672,3.7930399067324174,7,0.9219224535192704,-118.36,2,"[517.5999755859375, 602.5999755859375]"
chaotic_stop,1788870044.419707,12.714170388000001,0.5304880622265198,0.903,0.0,0.5003985442253748,0.6004071608253672,3.981274158530425,7,0.8360195293976744,-29.59,2,"[517.5999755859375, 602.5999755859375]"
chaotic_stop,1788870044.4698908,12.764354487,0.4743134266544025,0.903,0.0,0.5003985442253748,0.6004071608253672,4.170411456520725,7,0.7393787397608791,-8.07,2,"[576.7999877929688, 536.2000122070312]"
chaotic_stop,1788870044.5197375,12.814200892,0.4335983104919084,0.903,0.0,0.5003985442253748,0.6004071608253672,4.358568036945201,7,0.6580777580029401,-86.08,2,"[576.7999877929688, 536.2000122070312]"
chaotic_stop,1788870044.5699167,12.864380366,0.4093773448382882,0.903,0.0,0.5003985442253748,0.6004071608253672,4.547636709943717,7,0.5905826033359719,-142.57,2,"[619.0, 464.0]"
chaotic_stop,1788870044.6198487,12.914312417000001,0.40274198143277073,0.903,0.0,0.5003985442253748,0.6004071608253672,4.736088795445248,7,0.526155410244775,-96.84,2,"[619.0, 464.0]"
chaotic_stop,1788870044.669864,12.964327506,0.4138466595202305,0.903,0.0,0.5003985442253748,0.6004071608253672,4.924790354351586,7,0.47553404424454876,-182.92,2,"[650.4000244140625, 385.0]"
chaotic_stop,1788870044.7196763,13.014139857,0.44221267041645856,0.903,0.0,0.5003985442253748,0.6004071608253672,5.112954385403228,7,0.43718452454740775,-182.92,2,"[650.4000244140625, 385.0]"
chaotic_stop,1788870044.769676,13.064139472,0.4869637975312659,0.903,0.0,0.5003985442253748,0.6004071608253672,5.301545437361931,7,0.4295146206079795,-188.29999999999998,2,"[660.5999755859375, 348.0]"
chaotic_stop,1788870044.8198574,13.114320797000001,0.546647895392117,0.903,0.0,0.5003985442253748,0.6004071608253672,5.490648402107759,7,0.4295146206079795,-94.14999999999999,2,"[660.5999755859375, 348.0]"
chaotic_stop,1788870044.8698492,13.164312769,0.6188067611677326,0.903,0.0,0.5003985442253748,0.6004071608253672,5.6791919964007676,7,0.4356505437595221,2.69,2,"[654.7999877929688, 351.79998779296875]"
chaotic_stop,1788870044.919935,13.214398537000001,0.7012426198332508,0.903,0.0,0.5003985442253748,0.6004071608253672,5.868181538080073,7,0.4632621979414636,2.69,2,"[654.7999877929688, 351.79998779296875]"
chaotic_stop,1788870044.9699697,13.264433136000001,0.790726543982875,0.903,0.0,0.5003985442253748,0.6004071608253672,6.056890781506681,7,0.5062136600022615,2.69,2,"[644.2000122070312, 377.79998779296875]"
chaotic_stop,1788870045.0198467,13.314310256,0.8839423110476401,0.903,0.0,0.5003985442253748,0.6004071608253672,6.245091073534688,7,0.5629709491540303,13.45,2,"[644.2000122070312, 377.79998779296875]"
chaotic_stop,1788870045.0698783,13.364341742,0.9780947816176786,0.903,0.0,0.5003985442253748,0.6004071608253672,0.15063901777730138,8,0.6304661038209985,2.69,2,"[615.7999877929688, 451.3999938964844]"
chaotic_stop,1788870045.1197813,13.414244807000001,1.0693944027107392,0.903,0.0,0.5003985442253748,0.6004071608253672,0.33897835171187296,8,0.7301748550335652,2.69,2,"[615.7999877929688, 451.3999938964844]"
chaotic_stop,1788870045.1696718,13.464135353000001,1.1548219692839217,0.903,0.0,0.5003985442253748,0.6004071608253672,0.5273473146215153,8,0.8130098175793898,40.35,2,"[583.2000122070312, 542.2000122070312]"
chaotic_stop,1788870045.219784,13.514247577,1.231539825151142,0.903,0.0,0.5003985442253748,0.6004071608253672,0.7162440950494826,8,0.9050486648525283,2.69,2,"[583.2000122070312, 542.2000122070312]"
chaotic_stop,1788870045.2698638,13.564327309000001,1.2965579824550377,0.903,0.0,0.5003985442253748,0.6004071608253672,0.9051034714428425,8,0.9970875121256667,8.07,2,"[528.5999755859375, 614.0]"
chaotic_stop,1788870045.3197994,13.614262886,1.3474769074761705,0.903,0.0,0.5003985442253748,0.6004071608253672,1.0935122452226054,8,1.081456455459377,78.01,2,"[528.5999755859375, 614.0]"
chaotic_stop,1788870045.3697937,13.664257117,1.382698745142373,0.903,0.0,0.5003985442253748,0.6004071608253672,1.2821615629719858,8,1.158155494853659,94.14999999999999,2,"[473.6000061035156, 651.5999755859375]"
chaotic_stop,1788870045.4199536,13.714417110000001,1.4009247521257673,0.903,0.0,0.5003985442253748,0.6004071608253672,1.4713204772122452,8,1.2256506495206272,115.67,2,"[473.6000061035156, 651.5999755859375]"
chaotic_stop,1788870045.4699697,13.764433228000001,1.4014207950513136,0.903,0.0,0.5003985442253748,0.6004071608253672,1.659733992986105,8,1.282407938672396,169.47,2,"[422.20001220703125, 695.7999877929688]"
chaotic_stop,1788870045.519778,13.814241494000001,1.3842912152324154,0.903,0.0,0.5003985442253748,0.6004071608253672,1.8480317241275657,8,1.337631247036279,169.47,2,"[422.20001220703125, 695.7999877929688]"
chaotic_stop,1788870045.569682,13.864145135000001,1.350144810412207,0.903,0.0,0.5003985442253748,0.6004071608253672,2.036340618006136,8,1.3652429012182206,225.96,2,"[388.0, 721.5999755859375]"
chaotic_stop,1788870045.619785,13.914248566000001,1.3000047731734545,0.903,0.0,0.5003985442253748,0.6004071608253672,2.2252556760485973,8,1.3744467859455345,196.37,2,"[388.0, 721.5999755859375]"
chaotic_stop,1788870045.6698403,13.964303765,1.2358171890657512,0.903,0.0,0.5003985442253748,0.6004071608253672,2.4139592645435,8,1.3744467859455345,61.87,2,"[380.3999938964844, 721.7999877929688]"
chaotic_stop,1788870045.7198367,14.014300266000001,1.1598180173025177,0.903,0.0,0.5003985442253748,0.6004071608253672,2.6026521694049194,8,1.359106978066678,-5.38,2,"[380.3999938964844, 721.7999877929688]"
chaotic_stop,1788870045.7699587,14.064422266000001,1.0745346229974904,0.903,0.0,0.5003985442253748,0.6004071608253672,2.7917010218489366,8,1.3238254199453083,-2.69,2,"[378.79998779296875, 718.2000122070312]"
chaotic_stop,1788870045.819919,14.114382696000002,0.9834185904689533,0.903,0.0,0.5003985442253748,0.6004071608253672,2.9801836228558543,8,1.2732040539450822,-2.69,2,"[378.79998779296875, 718.2000122070312]"
chaotic_stop,1788870045.8698602,14.164323698,0.8895243988323758,0.903,0.0,0.5003985442253748,0.6004071608253672,3.168525646561143,8,1.2118448224296565,-10.76,2,"[410.20001220703125, 686.0]"
chaotic_stop,1788870045.9197419,14.214205216000002,0.796118795435051,0.903,0.0,0.5003985442253748,0.6004071608253672,3.356843156759936,8,1.1182719943686323,-10.76,2,"[410.20001220703125, 686.0]"
chaotic_stop,1788870045.9696913,14.264154843,0.7064134864490363,0.903,0.0,0.5003985442253748,0.6004071608253672,3.545332114377885,8,1.038504993398579,-18.83,2,"[485.20001220703125, 637.2000122070312]"
chaotic_stop,1788870046.019857,14.314320431,0.6234297506335074,0.903,0.0,0.5003985442253748,0.6004071608253672,3.73440434481509,8,0.9526020692769832,-83.39,2,"[485.20001220703125, 637.2000122070312]"
chaotic_stop,1788870046.0698879,14.364351423,0.550537819296359,0.903,0.0,0.5003985442253748,0.6004071608253672,3.9231179039467534,8,0.8697671067311585,-91.46,2,"[533.4000244140625, 583.5999755859375]"
chaotic_stop,1788870046.1201024,14.414565954,0.490060923599931,0.903,0.0,0.5003985442253748,0.6004071608253672,4.112184924603646,8,0.7746602978822488,-16.14,2,"[533.4000244140625, 583.5999755859375]"
chaotic_stop,1788870046.1698625,14.464325909000001,0.44448502587782535,0.903,0.0,0.5003985442253748,0.6004071608253672,4.300333560207456,8,0.6872233929727672,-37.66,2,"[603.4000244140625, 497.79998779296875]"
chaotic_stop,1788870046.2199395,14.514402932000001,0.4150084763298204,0.903,0.0,0.5003985442253748,0.6004071608253672,4.489241405288325,8,0.6135923151542565,-139.88,2,"[603.4000244140625, 497.79998779296875]"
chaotic_stop,1788870046.2699628,14.564426394000002,0.40290384491405973,0.903,0.0,0.5003985442253748,0.6004071608253672,4.677622402375519,8,0.5460971604872883,-110.28999999999999,2,"[637.2000122070312, 449.0]"
chaotic_stop,1788870046.3197613,14.614224637000001,0.4084923524786128,0.903,0.0,0.5003985442253748,0.6004071608253672,4.86598312621188,8,0.47860200582032003,-110.28999999999999,2,"[637.2000122070312, 449.0]"
chaotic_stop,1788870046.3696854,14.664148788,0.43156895884976815,0.903,0.0,0.5003985442253748,0.6004071608253672,5.054313443944466,8,0.4479223900626072,-185.60999999999999,2,"[651.0, 379.3999938964844]"
chaotic_stop,1788870046.4197123,14.714175859000001,0.47141215258331765,0.903,0.0,0.5003985442253748,0.6004071608253672,5.24301937137043,8,0.42644665903220824,-174.85,2,"[651.0, 379.3999938964844]"
chaotic_stop,1788870046.4699,14.764363367000001,0.5267089728973691,0.903,0.0,0.5003985442253748,0.6004071608253672,5.43212061587019,8,0.4249126782443226,-99.53,2,"[660.4000244140625, 347.6000061035156]"
chaotic_stop,1788870046.5199707,14.814434228000001,0.5953562028129892,0.903,0.0,0.5003985442253748,0.6004071608253672,5.621056064110036,8,0.4279806398200939,2.69,2,"[660.4000244140625, 347.6000061035156]"
chaotic_stop,1788870046.5697045,14.864167963000002,0.6744616991793261,0.903,0.0,0.5003985442253748,0.6004071608253672,5.808888981745476,8,0.44945637085049284,2.69,2,"[650.5999755859375, 352.79998779296875]"
chaotic_stop,1788870046.6200545,14.914517825,0.7624913685288234,0.903,0.0,0.5003985442253748,0.6004071608253672,5.998564592264117,8,0.4878058905476339,2.69,2,"[650.5999755859375, 352.79998779296875]"
chaotic_stop,1788870046.6699417,14.964405211,0.8548734010150069,0.903,0.0,0.5003985442253748,0.6004071608253672,6.186859878845375,8,0.543029198911517,2.69,2,"[635.4000244140625, 395.6000061035156]"
chaotic_stop,1788870046.7197714,15.014235045000001,0.9488875075407458,0.903,0.0,0.5003985442253748,0.6004071608253672,0.09183093328703507,9,0.624330180669456,2.69,2,"[635.4000244140625, 395.6000061035156]"
chaotic_stop,1788870046.769689,15.064152568,1.0413481792392478,0.903,0.0,0.5003985442253748,0.6004071608253672,0.2801252126189482,9,0.701029220063738,5.38,2,"[595.5999755859375, 482.3999938964844]"
chaotic_stop,1788870046.8199155,15.114379199000002,1.129331189237054,0.903,0.0,0.5003985442253748,0.6004071608253672,0.469344599544506,9,0.7838641826095626,29.59,2,"[595.5999755859375, 482.3999938964844]"
chaotic_stop,1788870046.869935,15.164398375000001,1.209069412733664,0.903,0.0,0.5003985442253748,0.6004071608253672,0.6581461666159996,9,0.8728350683069298,21.52,2,"[603.5999755859375, 567.7999877929688]"
chaotic_stop,1788870046.9197285,15.214191931,1.2776498758690633,0.903,0.0,0.5003985442253748,0.6004071608253672,0.8461033267603426,9,0.9633399347921826,2.69,2,"[603.5999755859375, 567.7999877929688]"
chaotic_stop,1788870046.9698603,15.264323657,1.3333005920212775,0.903,0.0,0.5003985442253748,0.6004071608253672,1.0351046045921137,9,1.0492428589137786,72.63,2,"[514.0, 630.4000244140625]"
chaotic_stop,1788870047.019952,15.314415355000001,1.3736212172823934,0.903,0.0,0.5003985442253748,0.6004071608253672,1.2240775511783042,9,1.1305438406717176,83.39,2,"[514.0, 630.4000244140625]"
chaotic_stop,1788870047.069839,15.364302396000001,1.397123157738108,0.903,0.0,0.5003985442253748,0.6004071608253672,1.4122587809181724,9,1.2041749184902284,107.6,2,"[460.20001220703125, 642.7999877929688]"
chaotic_stop,1788870047.1197116,15.414175083000002,1.403176907051477,0.903,0.0,0.5003985442253748,0.6004071608253672,1.6005605335120734,9,1.2793399770966247,107.6,2,"[460.20001220703125, 642.7999877929688]"
chaotic_stop,1788870047.1696858,15.464149336,1.3915206313100177,0.903,0.0,0.5003985442253748,0.6004071608253672,1.7891144945511357,9,1.3238254199453083,169.47,2,"[404.0, 695.5999755859375]"
chaotic_stop,1788870047.2197428,15.514206235000001,1.3625015889436825,0.903,0.0,0.5003985442253748,0.6004071608253672,1.9779006133602266,9,1.3560390164909069,190.99,2,"[404.0, 695.5999755859375]"
chaotic_stop,1788870047.269707,15.564170293,1.3172260522962653,0.903,0.0,0.5003985442253748,0.6004071608253672,2.166431554790698,9,1.3698448435818775,220.57999999999998,2,"[384.6000061035156, 729.7999877929688]"
chaotic_stop,1788870047.3198385,15.614302155,1.2571260416174028,0.903,0.0,0.5003985442253748,0.6004071608253672,2.3553721939485115,9,1.3698448435818775,88.77,2,"[384.6000061035156, 729.7999877929688]"
chaotic_stop,1788870047.3699682,15.664431845000001,1.1843851511744492,0.903,0.0,0.5003985442253748,0.6004071608253672,2.5444014106890336,9,1.363708920430335,-5.38,2,"[387.79998779296875, 724.0]"
chaotic_stop,1788870047.4198475,15.714310914,1.1019689950041072,0.903,0.0,0.5003985442253748,0.6004071608253672,2.7326699881865792,9,1.3345632854605078,-5.38,2,"[387.79998779296875, 724.0]"
chaotic_stop,1788870047.469875,15.764338441000001,1.0123326701700444,0.903,0.0,0.5003985442253748,0.6004071608253672,2.921324625117883,9,1.2885438618239387,-2.69,2,"[394.0, 715.5999755859375]"
chaotic_stop,1788870047.5198746,15.814338028000002,0.9188247130911279,0.903,0.0,0.5003985442253748,0.6004071608253672,3.1099631611495724,9,1.217980745581199,-2.69,2,"[394.0, 715.5999755859375]"
chaotic_stop,1788870047.569696,15.864159414000001,0.8249918790768156,0.903,0.0,0.5003985442253748,0.6004071608253672,3.2981230651196327,9,1.1474176293384597,-21.52,2,"[428.6000061035156, 681.2000122070312]"
chaotic_stop,1788870047.6198578,15.914321357,0.7334894778333738,0.903,0.0,0.5003985442253748,0.6004071608253672,3.4871817787987993,9,1.0707185899441776,-24.21,2,"[428.6000061035156, 681.2000122070312]"
chaotic_stop,1788870047.6699603,15.964423755,0.6480382347184991,0.903,0.0,0.5003985442253748,0.6004071608253672,3.6762164882548447,9,0.9848156658225816,-32.28,2,"[496.3999938964844, 616.5999755859375]"
chaotic_stop,1788870047.7199569,16.014420345,0.5718565162203048,0.903,0.0,0.5003985442253748,0.6004071608253672,3.864755861154535,9,0.9004467224888714,-131.81,2,"[496.3999938964844, 616.5999755859375]"
chaotic_stop,1788870047.7698958,16.064359394,0.5074548695225451,0.903,0.0,0.5003985442253748,0.6004071608253672,4.053152608301687,9,0.8099418560036186,-2.69,2,"[553.5999755859375, 561.0]"
chaotic_stop,1788870047.8198652,16.114328582000002,0.4570167610212781,0.903,0.0,0.5003985442253748,0.6004071608253672,4.241700046741066,9,0.7163690279425944,-10.76,2,"[553.5999755859375, 561.0]"
chaotic_stop,1788870047.8698714,16.164335055000002,0.4223721319784947,0.903,0.0,0.5003985442253748,0.6004071608253672,4.430350658447466,9,0.6366020269725411,-107.6,2,"[618.0, 479.3999938964844]"
chaotic_stop,1788870047.9197993,16.214262799,0.4047883670989622,0.903,0.0,0.5003985442253748,0.6004071608253672,4.618863303401099,9,0.5537670644267164,-107.6,2,"[618.0, 479.3999938964844]"
chaotic_stop,1788870047.9696774,16.26414097,0.4048438244250762,0.903,0.0,0.5003985442253748,0.6004071608253672,4.807093956263252,9,0.4954757944870621,-118.36,2,"[643.7999877929688, 391.79998779296875]"
chaotic_stop,1788870048.0198858,16.314349113000002,0.42262338210160766,0.903,0.0,0.5003985442253748,0.6004071608253672,4.996225799262724,9,0.45712627478992107,-196.37,2,"[643.7999877929688, 391.79998779296875]"
chaotic_stop,1788870048.0698128,16.36427625,0.4573681088960065,0.903,0.0,0.5003985442253748,0.6004071608253672,5.184623825277015,9,0.43104860139586515,-177.54,2,"[646.2000122070312, 364.3999938964844]"
chaotic_stop,1788870048.1198432,16.414306606,0.5079975571370605,0.903,0.0,0.5003985442253748,0.6004071608253672,5.37339392618081,9,0.4203107358806657,-161.4,2,"[646.2000122070312, 364.3999938964844]"
chaotic_stop,1788870048.1699288,16.464392212,0.5727349463253584,0.903,0.0,0.5003985442253748,0.6004071608253672,5.56236118765554,9,0.42184471666855133,-59.18,2,"[655.5999755859375, 348.6000061035156]"
chaotic_stop,1788870048.2198725,16.514335922,0.6489587641615415,0.903,0.0,0.5003985442253748,0.6004071608253672,5.750698039305213,9,0.43718452454740775,2.69,2,"[655.5999755859375, 348.6000061035156]"
chaotic_stop,1788870048.2698567,16.564320199,0.7342917900212977,0.903,0.0,0.5003985442253748,0.6004071608253672,5.9392997598075254,9,0.4724660826687775,5.38,2,"[650.7999877929688, 358.6000061035156]"
chaotic_stop,1788870048.3202963,16.614759815,0.8263762609034314,0.903,0.0,0.5003985442253748,0.6004071608253672,6.129455081314056,9,0.5353592949720888,5.38,2,"[650.7999877929688, 358.6000061035156]"
chaotic_stop,1788870048.3697023,16.664165632,0.9194490154850037,0.903,0.0,0.5003985442253748,0.6004071608253672,0.032877752076750255,10,0.5982525072754,5.38,2,"[622.7999877929688, 437.20001220703125]"
chaotic_stop,1788870048.419787,16.714250406,1.0130614849561501,0.903,0.0,0.5003985442253748,0.6004071608253672,0.22176080826085354,10,0.6734175658817965,5.38,2,"[622.7999877929688, 437.20001220703125]"
chaotic_stop,1788870048.4698453,16.764308767,1.1027291137187256,0.903,0.0,0.5003985442253748,0.6004071608253672,0.41057878557445804,10,0.7531845668518499,24.21,2,"[583.7999877929688, 503.0]"
chaotic_stop,1788870048.5198443,16.814307602,1.185212550168118,0.903,0.0,0.5003985442253748,0.6004071608253672,0.5991921743247843,10,0.8406214717613314,24.21,2,"[583.7999877929688, 503.0]"
chaotic_stop,1788870048.569955,16.864418655,1.2577659588946712,0.903,0.0,0.5003985442253748,0.6004071608253672,0.7880321111830639,10,0.9295923574586985,2.69,2,"[553.4000244140625, 591.0]"
chaotic_stop,1788870048.6199498,16.914413403,1.3176950225972717,0.903,0.0,0.5003985442253748,0.6004071608253672,0.9768336367573909,10,1.0200972239439514,45.73,2,"[553.4000244140625, 591.0]"
chaotic_stop,1788870048.6697886,16.964251966000003,1.3627399976807255,0.903,0.0,0.5003985442253748,0.6004071608253672,1.1648969956892543,10,1.1244079175201749,45.73,2,"[494.0, 647.0]"
chaotic_stop,1788870048.71977,17.01423352,1.3916291968660774,0.903,0.0,0.5003985442253748,0.6004071608253672,1.3534821399608035,10,1.1980389953386859,91.46,2,"[494.0, 647.0]"
chaotic_stop,1788870048.769704,17.064167571000002,1.4031896515309534,0.903,0.0,0.5003985442253748,0.6004071608253672,1.5419005938971821,10,1.2578642460662257,147.95,2,"[435.20001220703125, 684.5999755859375]"
chaotic_stop,1788870048.8199131,17.114376639,1.3969839581211125,0.903,0.0,0.5003985442253748,0.6004071608253672,1.7310862888980694,10,1.3069516312785663,172.16,2,"[435.20001220703125, 684.5999755859375]"
chaotic_stop,1788870048.8697164,17.164179799,1.3733211653470798,0.903,0.0,0.5003985442253748,0.6004071608253672,1.9192753880092113,10,1.3437671701878218,201.75,2,"[396.20001220703125, 716.2000122070312]"
chaotic_stop,1788870048.9199138,17.214377284,1.332809376362928,0.903,0.0,0.5003985442253748,0.6004071608253672,2.1084081024491326,10,1.368310862793992,204.44,2,"[396.20001220703125, 716.2000122070312]"
chaotic_stop,1788870048.96987,17.264333644,1.2771919221595738,0.903,0.0,0.5003985442253748,0.6004071608253672,2.2968688080433566,10,1.37598076673342,153.32999999999998,2,"[383.79998779296875, 729.4000244140625]"
chaotic_stop,1788870049.019857,17.314320492,1.208268297471344,0.903,0.0,0.5003985442253748,0.6004071608253672,2.485468544226734,10,1.3744467859455345,53.8,2,"[383.79998779296875, 729.4000244140625]"
chaotic_stop,1788870049.0698547,17.364318279000003,1.128506262353316,0.903,0.0,0.5003985442253748,0.6004071608253672,2.674095608178817,10,1.35143707412725,-2.69,2,"[394.3999938964844, 719.7999877929688]"
chaotic_stop,1788870049.119683,17.414146327,1.0409561820558726,0.903,0.0,0.5003985442253748,0.6004071608253672,2.862282489077927,10,1.2962137657633668,-2.69,2,"[394.3999938964844, 719.7999877929688]"
chaotic_stop,1788870049.1696641,17.46412756,0.9483432552745803,0.903,0.0,0.5003985442253748,0.6004071608253672,3.050853905333142,10,1.2425244381873692,-13.45,2,"[406.79998779296875, 694.0]"
chaotic_stop,1788870049.2198818,17.514345232,0.853799669473635,0.903,0.0,0.5003985442253748,0.6004071608253672,3.240074054297537,10,1.1780972450961724,-5.38,2,"[406.79998779296875, 694.0]"
chaotic_stop,1788870049.2698805,17.564343998000002,0.7613143983474989,0.903,0.0,0.5003985442253748,0.6004071608253672,3.428664910087832,10,1.0998642249140047,-34.97,2,"[451.20001220703125, 655.0]"
chaotic_stop,1788870049.319855,17.614318478,0.6738732307679338,0.903,0.0,0.5003985442253748,0.6004071608253672,3.6172113488228064,10,1.01702926236818,-43.04,2,"[451.20001220703125, 655.0]"
chaotic_stop,1788870049.3698313,17.664294669,0.5945537373200396,0.903,0.0,0.5003985442253748,0.6004071608253672,3.8057568368954833,10,0.9311263382465842,-112.98,2,"[524.5999755859375, 611.2000122070312]"
chaotic_stop,1788870049.4198353,17.714298832,0.5261451403460862,0.903,0.0,0.5003985442253748,0.6004071608253672,3.9943683545009634,10,0.8467573949128739,-64.56,2,"[524.5999755859375, 611.2000122070312]"
chaotic_stop,1788870049.4697592,17.764222716000003,0.4711525235956206,0.903,0.0,0.5003985442253748,0.6004071608253672,4.182784714716789,10,0.722504951094137,-64.56,2,"[575.7999877929688, 491.3999938964844]"
chaotic_stop,1788870049.519953,17.814416443000002,0.4313342661276776,0.903,0.0,0.5003985442253748,0.6004071608253672,4.371866055667724,10,0.6442719309119693,-24.21,2,"[575.7999877929688, 491.3999938964844]"
chaotic_stop,1788870049.5697072,17.864170538,0.4084091070439653,0.903,0.0,0.5003985442253748,0.6004071608253672,4.5598860538357116,10,0.5783107570328867,-115.67,2,"[614.0, 465.6000061035156]"
chaotic_stop,1788870049.6198723,17.914335790000003,0.4029352127940117,0.903,0.0,0.5003985442253748,0.6004071608253672,4.748914493447529,10,0.5154175447295755,-99.53,2,"[614.0, 465.6000061035156]"
chaotic_stop,1788870049.6698687,17.964332169000002,0.4152383446201738,0.903,0.0,0.5003985442253748,0.6004071608253672,4.9376029279326445,10,0.4693981210930062,-169.47,2,"[641.2000122070312, 391.20001220703125]"
chaotic_stop,1788870049.7198622,18.0143256,0.44483377208392244,0.903,0.0,0.5003985442253748,0.6004071608253672,5.1261811459502695,10,0.4387185053352934,-193.68,2,"[641.2000122070312, 391.20001220703125]"
chaotic_stop,1788870049.7698746,18.064337989000002,0.4906963031183753,0.903,0.0,0.5003985442253748,0.6004071608253672,5.314837450313078,10,0.42184471666855133,-190.99,2,"[677.4000244140625, 353.0]"
chaotic_stop,1788870049.8198652,18.114328711000002,0.551175920929162,0.903,0.0,0.5003985442253748,0.6004071608253672,5.503454902013004,10,0.4203107358806657,-91.46,2,"[677.4000244140625, 353.0]"
chaotic_stop,1788870049.869902,18.164365433,0.6241461434992899,0.903,0.0,0.5003985442253748,0.6004071608253672,5.692098791178836,10,0.4341165629716365,-91.46,2,"[647.0, 357.0]"
chaotic_stop,1788870049.9199412,18.214404788,0.7070601583618161,0.903,0.0,0.5003985442253748,0.6004071608253672,5.880850727642226,10,0.4678641403051206,2.69,2,"[647.0, 357.0]"
chaotic_stop,1788870049.9697404,18.26420396,0.7965954797840729,0.903,0.0,0.5003985442253748,0.6004071608253672,6.068909812366201,10,0.5154175447295755,2.69,2,"[608.4000244140625, 375.20001220703125]"
chaotic_stop,1788870050.019747,18.314210482,0.8902014661965099,0.903,0.0,0.5003985442253748,0.6004071608253672,6.257605837059856,10,0.5737088146692298,16.14,2,"[608.4000244140625, 375.20001220703125]"
chaotic_stop,1788870050.0698192,18.364282638000002,0.984337676942329,0.903,0.0,0.5003985442253748,0.6004071608253672,0.16327021102714667,11,0.6442719309119693,8.07,2,"[644.4000244140625, 472.6000061035156]"
chaotic_stop,1788870050.1198902,18.414353737000003,1.0755442834789124,0.903,0.0,0.5003985442253748,0.6004071608253672,0.35204032702082344,11,0.722504951094137,10.76,2,"[644.4000244140625, 472.6000061035156]"
chaotic_stop,1788870050.169881,18.464344614,1.1605558500487307,0.903,0.0,0.5003985442253748,0.6004071608253672,0.5406593820202588,11,0.8068738944278473,32.28,2,"[563.7999877929688, 558.5999755859375]"
chaotic_stop,1788870050.2199063,18.514369941,1.2364905155263666,0.903,0.0,0.5003985442253748,0.6004071608253672,0.7294367524726866,11,0.9019807032767571,13.45,2,"[563.7999877929688, 558.5999755859375]"
chaotic_stop,1788870050.2697942,18.564257599,1.3004078931478458,0.903,0.0,0.5003985442253748,0.6004071608253672,0.9176615278274269,11,1.0154952815802945,13.45,2,"[523.5999755859375, 603.4000244140625]"
chaotic_stop,1788870050.3198242,18.614287776,1.3503943555408044,0.903,0.0,0.5003985442253748,0.6004071608253672,1.1063641656600325,11,1.0967962633382335,37.66,2,"[523.5999755859375, 603.4000244140625]"
chaotic_stop,1788870050.3697274,18.664190883,1.3844534593741482,0.903,0.0,0.5003985442253748,0.6004071608253672,1.2947480335964698,11,1.1719613219446299,96.84,2,"[480.6000061035156, 657.5999755859375]"
chaotic_stop,1788870050.4197373,18.714201059,1.4014886929358852,0.903,0.0,0.5003985442253748,0.6004071608253672,1.483399637462334,11,1.239456476611598,123.74,2,"[480.6000061035156, 657.5999755859375]"
chaotic_stop,1788870050.4698646,18.764327927,1.4008214246953032,0.903,0.0,0.5003985442253748,0.6004071608253672,1.672330170174483,11,1.2931458041875956,172.16,2,"[418.6000061035156, 697.5999755859375]"
chaotic_stop,1788870050.519969,18.814432405,1.3824526417142198,0.903,0.0,0.5003985442253748,0.6004071608253672,1.8611539193663518,11,1.3345632854605078,180.23,2,"[418.6000061035156, 697.5999755859375]"
chaotic_stop,1788870050.5698466,18.864310111,1.3471354704637692,0.903,0.0,0.5003985442253748,0.6004071608253672,2.0495636475808894,11,1.363708920430335,201.75,2,"[385.0, 733.0]"
chaotic_stop,1788870050.6198463,18.914309769000003,1.2960306761807057,0.903,0.0,0.5003985442253748,0.6004071608253672,2.2381935597474083,11,1.3744467859455345,199.06,2,"[385.0, 733.0]"
chaotic_stop,1788870050.669835,18.964298677000002,1.2310293033696182,0.903,0.0,0.5003985442253748,0.6004071608253672,2.4267003573733845,11,1.3744467859455345,199.06,2,"[383.6000061035156, 716.7999877929688]"
chaotic_stop,1788870050.7199006,19.014364074,1.1542413388464434,0.903,0.0,0.5003985442253748,0.6004071608253672,2.6155875708188248,11,1.3529710549151355,53.8,2,"[383.6000061035156, 716.7999877929688]"
chaotic_stop,1788870050.7697244,19.064187691,1.0688670198262618,0.903,0.0,0.5003985442253748,0.6004071608253672,2.803731600237434,11,1.3146215352179944,-2.69,2,"[392.0, 721.0]"
chaotic_stop,1788870050.8198872,19.114350788,0.9772404675805773,0.903,0.0,0.5003985442253748,0.6004071608253672,2.9926802332580067,11,1.2640001692177683,-2.69,2,"[392.0, 721.0]"
chaotic_stop,1788870050.8698041,19.164267585,0.8831794980791026,0.903,0.0,0.5003985442253748,0.6004071608253672,3.1812124497831533,11,1.201106956914457,-8.07,2,"[410.79998779296875, 676.7999877929688]"
chaotic_stop,1788870050.9197948,19.214258253,0.7898182894467397,0.903,0.0,0.5003985442253748,0.6004071608253672,3.3697501288440677,11,1.1305438406717176,-29.59,2,"[410.79998779296875, 676.7999877929688]"
chaotic_stop,1788870050.9698668,19.264330313000002,0.7003434352295427,0.903,0.0,0.5003985442253748,0.6004071608253672,3.5585608931960806,11,1.047708878125893,-26.9,2,"[474.0, 646.7999877929688]"
chaotic_stop,1788870051.0198536,19.314317261000003,0.6181307798220734,0.903,0.0,0.5003985442253748,0.6004071608253672,3.747228164127584,11,0.9602719732164113,-75.32,2,"[474.0, 646.7999877929688]"
chaotic_stop,1788870051.0698142,19.364277622,0.546094069546684,0.903,0.0,0.5003985442253748,0.6004071608253672,3.935707324642358,11,0.8728350683069298,-118.36,2,"[537.2000122070312, 580.5999755859375]"
chaotic_stop,1788870051.1199236,19.414386965000002,0.4865865558462389,0.903,0.0,0.5003985442253748,0.6004071608253672,4.12459063735438,11,0.7531845668518499,-118.36,2,"[537.2000122070312, 580.5999755859375]"
chaotic_stop,1788870051.1697023,19.464165692,0.44205235318287356,0.903,0.0,0.5003985442253748,0.6004071608253672,4.312645987333603,11,0.6703496043060252,-51.11,2,"[603.5999755859375, 507.3999938964844]"
chaotic_stop,1788870051.2198958,19.514359424000002,0.41365554162610135,0.903,0.0,0.5003985442253748,0.6004071608253672,4.501807033019098,11,0.6013204688511713,-147.95,2,"[603.5999755859375, 507.3999938964844]"
chaotic_stop,1788870051.2698348,19.564298400000002,0.40272384471280076,0.903,0.0,0.5003985442253748,0.6004071608253672,4.6902714356333846,11,0.5368932757599744,-94.14999999999999,2,"[625.4000244140625, 440.79998779296875]"
chaotic_stop,1788870051.319837,19.614300527,0.40952241951897483,0.903,0.0,0.5003985442253748,0.6004071608253672,4.878899661506061,11,0.483203948183977,-139.88,2,"[625.4000244140625, 440.79998779296875]"
chaotic_stop,1788870051.369862,19.664325414,0.4338397427164571,0.903,0.0,0.5003985442253748,0.6004071608253672,5.0675998095088275,11,0.45099035163837853,-185.60999999999999,2,"[646.7999877929688, 370.79998779296875]"
chaotic_stop,1788870051.419953,19.714416475,0.474880286816698,0.903,0.0,0.5003985442253748,0.6004071608253672,5.256558616879509,11,0.4279806398200939,-196.37,2,"[646.7999877929688, 370.79998779296875]"
chaotic_stop,1788870051.46972,19.764183459,0.530809211627292,0.903,0.0,0.5003985442253748,0.6004071608253672,5.444464478984251,11,0.42644665903220824,-196.37,2,"[648.2000122070312, 358.0]"
chaotic_stop,1788870051.5197456,19.814209024,0.6001462691379218,0.903,0.0,0.5003985442253748,0.6004071608253672,5.633136771072593,11,0.43104860139586515,-91.46,2,"[648.2000122070312, 358.0]"
chaotic_stop,1788870051.5696902,19.864153788000003,0.6801442026534574,0.903,0.0,0.5003985442253748,0.6004071608253672,5.821612800437727,11,0.45712627478992107,2.69,2,"[649.2000122070312, 352.20001220703125]"
chaotic_stop,1788870051.6198556,19.914319155,0.7683066914526414,0.903,0.0,0.5003985442253748,0.6004071608253672,6.0106520444020575,11,0.49854375606283335,2.69,2,"[649.2000122070312, 352.20001220703125]"
chaotic_stop,1788870051.669818,19.964281483,0.8610167538517831,0.903,0.0,0.5003985442253748,0.6004071608253672,6.199186946925444,11,0.5522330836388308,2.69,2,"[637.0, 399.3999938964844]"
chaotic_stop,1788870051.719943,20.014406438,0.955458040612584,0.903,0.0,0.5003985442253748,0.6004071608253672,0.10502549203482658,12,0.6166602767300278,2.69,2,"[637.0, 399.3999938964844]"
chaotic_stop,1788870051.7698777,20.064341071,1.0477241610319146,0.903,0.0,0.5003985442253748,0.6004071608253672,0.29340960518177894,12,0.6918253353364242,2.69,2,"[607.2000122070312, 487.6000061035156]"
chaotic_stop,1788870051.8199236,20.114387095,1.1349994910720338,0.903,0.0,0.5003985442253748,0.6004071608253672,0.4820871145953731,12,0.77772825945802,18.83,2,"[607.2000122070312, 487.6000061035156]"
chaotic_stop,1788870051.8698587,20.164322195,1.213979631178215,0.903,0.0,0.5003985442253748,0.6004071608253672,0.6706098697671337,12,0.8697671067311585,5.38,2,"[554.5999755859375, 577.7999877929688]"
chaotic_stop,1788870051.919834,20.214297525000003,1.2819681529193985,0.903,0.0,0.5003985442253748,0.6004071608253672,0.8592187956861039,12,0.983281685034696,5.38,2,"[554.5999755859375, 577.7999877929688]"
chaotic_stop,1788870051.9697266,20.264190080000002,1.3364322840856329,0.903,0.0,0.5003985442253748,0.6004071608253672,1.0474951218358939,12,1.0676506283684062,72.63,2,"[520.5999755859375, 621.2000122070312]"
chaotic_stop,1788870052.0199466,20.314410151,1.375730796919267,0.903,0.0,0.5003985442253748,0.6004071608253672,1.2367047380655691,12,1.145883648550574,88.77,2,"[520.5999755859375, 621.2000122070312]"
chaotic_stop,1788870052.0698655,20.364329181000002,1.3980963353676936,0.903,0.0,0.5003985442253748,0.6004071608253672,1.4250929481143544,12,1.2164467647933135,115.67,2,"[465.20001220703125, 670.4000244140625]"
chaotic_stop,1788870052.1198416,20.414305134000003,1.4029396924436206,0.903,0.0,0.5003985442253748,0.6004071608253672,1.6136241875699113,12,1.2732040539450822,156.02,2,"[465.20001220703125, 670.4000244140625]"
chaotic_stop,1788870052.169857,20.464320698,1.390039616214318,0.903,0.0,0.5003985442253748,0.6004071608253672,1.8023830880119078,12,1.3192234775816514,161.4,2,"[409.0, 709.0]"
chaotic_stop,1788870052.2198672,20.51433076,1.3598709881304063,0.903,0.0,0.5003985442253748,0.6004071608253672,1.990979527056993,12,1.354505035703021,201.75,2,"[409.0, 709.0]"
chaotic_stop,1788870052.269841,20.564304429,1.313513399529889,0.903,0.0,0.5003985442253748,0.6004071608253672,2.179529840118093,12,1.368310862793992,217.89,2,"[380.20001220703125, 734.2000122070312]"
chaotic_stop,1788870052.3199086,20.61437219,1.2524861840191943,0.903,0.0,0.5003985442253748,0.6004071608253672,2.368411259050461,12,1.3698448435818775,217.89,2,"[380.20001220703125, 734.2000122070312]"
chaotic_stop,1788870052.3697143,20.664177833,1.1794027884820493,0.903,0.0,0.5003985442253748,0.6004071608253672,2.5563936381530823,12,1.3606409588545638,-5.38,2,"[398.79998779296875, 728.5999755859375]"
chaotic_stop,1788870052.4198518,20.714315456,1.096086492841033,0.903,0.0,0.5003985442253748,0.6004071608253672,2.7454469496559852,12,1.3284273623089653,-2.69,2,"[398.79998779296875, 728.5999755859375]"
chaotic_stop,1788870052.4697309,20.764194507000003,1.0062478397124446,0.903,0.0,0.5003985442253748,0.6004071608253672,2.9337686510683483,12,1.2808739578845103,-2.69,2,"[390.0, 708.7999877929688]"
chaotic_stop,1788870052.5198762,20.814339683,0.9124065417888692,0.903,0.0,0.5003985442253748,0.6004071608253672,3.122793446474674,12,1.2241166687327416,-8.07,2,"[390.0, 708.7999877929688]"
chaotic_stop,1788870052.5698185,20.864282076000002,0.8185155147709008,0.903,0.0,0.5003985442253748,0.6004071608253672,3.3112396205165737,12,1.158155494853659,-26.9,2,"[430.79998779296875, 687.7999877929688]"
chaotic_stop,1788870052.6198792,20.914342865000002,0.7274471317467852,0.903,0.0,0.5003985442253748,0.6004071608253672,3.5000457786833863,12,1.0768545130957201,-32.28,2,"[430.79998779296875, 687.7999877929688]"
chaotic_stop,1788870052.6698294,20.964292993,0.6427623242251677,0.903,0.0,0.5003985442253748,0.6004071608253672,3.688514806345225,12,0.9648739155800683,-32.28,2,"[495.3999938964844, 624.2000122070312]"
chaotic_stop,1788870052.7198012,21.014264719,0.5672588150819329,0.903,0.0,0.5003985442253748,0.6004071608253672,3.877078598439681,12,0.8820389530342436,-69.94,2,"[495.3999938964844, 624.2000122070312]"
chaotic_stop,1788870052.769744,21.064207512000003,0.503690406151118,0.903,0.0,0.5003985442253748,0.6004071608253672,4.065533905630119,12,0.786932144185334,-5.38,2,"[559.4000244140625, 559.4000244140625]"
chaotic_stop,1788870052.8197412,21.11420465,0.45422135740076375,0.903,0.0,0.5003985442253748,0.6004071608253672,4.254171506089378,12,0.6994952392758523,-8.07,2,"[559.4000244140625, 559.4000244140625]"
chaotic_stop,1788870052.8697062,21.164169610000002,0.4206957459915747,0.903,0.0,0.5003985442253748,0.6004071608253672,4.442649085939465,12,0.624330180669456,-121.05,2,"[610.7999877929688, 482.79998779296875]"
chaotic_stop,1788870052.9198565,21.214319869,0.4042291225777162,0.903,0.0,0.5003985442253748,0.6004071608253672,4.631710534658978,12,0.5599029875782591,-112.98,2,"[610.7999877929688, 482.79998779296875]"
chaotic_stop,1788870052.969854,21.264317602000002,0.4055137922658649,0.903,0.0,0.5003985442253748,0.6004071608253672,4.820330521458374,12,0.49854375606283335,-121.05,2,"[641.7999877929688, 412.79998779296875]"
chaotic_stop,1788870053.0198395,21.314302961000003,0.42443511981553034,0.903,0.0,0.5003985442253748,0.6004071608253672,5.008880442182658,12,0.4586602555778067,-193.68,2,"[641.7999877929688, 412.79998779296875]"
chaotic_stop,1788870053.069839,21.364302327,0.460334405489295,0.903,0.0,0.5003985442253748,0.6004071608253672,5.197493827160514,12,0.42644665903220824,-193.68,2,"[638.4000244140625, 364.6000061035156]"
chaotic_stop,1788870053.1198328,21.414296079,0.5119513092770158,0.903,0.0,0.5003985442253748,0.6004071608253672,5.38615979281758,12,0.4203107358806657,-174.85,2,"[638.4000244140625, 364.6000061035156]"
chaotic_stop,1788870053.1697202,21.464183563000002,0.5772948963323961,0.903,0.0,0.5003985442253748,0.6004071608253672,5.574427298933799,12,0.42184471666855133,2.69,2,"[657.5999755859375, 354.3999938964844]"
chaotic_stop,1788870053.2197375,21.514201019,0.6543436569666715,0.903,0.0,0.5003985442253748,0.6004071608253672,5.763143291308253,12,0.4433204476989503,2.69,2,"[657.5999755859375, 354.3999938964844]"
chaotic_stop,1788870053.2697835,21.564246964000002,0.740221105075718,0.903,0.0,0.5003985442253748,0.6004071608253672,5.951857929366184,12,0.48013598660820567,5.38,2,"[645.5999755859375, 403.6000061035156]"
chaotic_stop,1788870053.3197346,21.614198006000002,0.8317599291882178,0.903,0.0,0.5003985442253748,0.6004071608253672,6.1403332834592845,12,0.5338253141842031,2.69,2,"[645.5999755859375, 403.6000061035156]"
chaotic_stop,1788870053.3698707,21.664334127,0.926105651223299,0.903,0.0,0.5003985442253748,0.6004071608253672,0.04619092103656186,13,0.5936505649117432,2.69,2,"[633.0, 465.20001220703125]"
chaotic_stop,1788870053.4199317,21.71439535,1.0195174684011388,0.903,0.0,0.5003985442253748,0.6004071608253672,0.2350065292393495,13,0.6688156235181395,5.38,2,"[633.0, 465.20001220703125]"
chaotic_stop,1788870053.4697695,21.764232951,1.1084796413871159,0.903,0.0,0.5003985442253748,0.6004071608253672,0.423147057806311,13,0.7731263170943632,5.38,2,"[591.7999877929688, 521.0]"
chaotic_stop,1788870053.5198293,21.814292936,1.1904699094555895,0.903,0.0,0.5003985442253748,0.6004071608253672,0.6119710408912837,13,0.8620972027917303,21.52,2,"[591.7999877929688, 521.0]"
chaotic_stop,1788870053.5697207,21.864184188000003,1.2620512453465085,0.903,0.0,0.5003985442253748,0.6004071608253672,0.8002504453761574,13,0.9526020692769832,2.69,2,"[545.5999755859375, 592.0]"
chaotic_stop,1788870053.6197443,21.914207927,1.3210563917881721,0.903,0.0,0.5003985442253748,0.6004071608253672,0.9889453873710821,13,1.0369710126106935,67.25,2,"[545.5999755859375, 592.0]"
chaotic_stop,1788870053.6698406,21.964303886,1.3652682181923153,0.903,0.0,0.5003985442253748,0.6004071608253672,1.1778896933692025,13,1.1152040327928612,91.46,2,"[507.3999938964844, 638.5999755859375]"
chaotic_stop,1788870053.719862,22.014325236,1.3929940869924322,0.903,0.0,0.5003985442253748,0.6004071608253672,1.3665181003204125,13,1.191903072187143,102.22,2,"[507.3999938964844, 638.5999755859375]"
chaotic_stop,1788870053.7699301,22.064393456,1.4033380688240205,0.903,0.0,0.5003985442253748,0.6004071608253672,1.555249178800203,13,1.2547962844904545,142.57,2,"[440.0, 685.5999755859375]"
chaotic_stop,1788870053.8198376,22.114301078,1.3959375186449297,0.903,0.0,0.5003985442253748,0.6004071608253672,1.7436972617116382,13,1.3069516312785663,177.54,2,"[440.0, 685.5999755859375]"
chaotic_stop,1788870053.8698032,22.164266574000003,1.3710759683967935,0.903,0.0,0.5003985442253748,0.6004071608253672,1.9321861099279758,13,1.354505035703021,177.54,2,"[393.20001220703125, 720.2000122070312]"
chaotic_stop,1788870053.919819,22.214282642,1.3295740132161875,0.903,0.0,0.5003985442253748,0.6004071608253672,2.1209034339841466,13,1.371378824369763,201.75,2,"[393.20001220703125, 720.2000122070312]"
chaotic_stop,1788870053.9697468,22.264210236,1.2730226114145704,0.903,0.0,0.5003985442253748,0.6004071608253672,2.309331009751652,13,1.3744467859455345,134.5,2,"[375.79998779296875, 740.5999755859375]"
chaotic_stop,1788870054.0198011,22.314264575000003,1.2032415749983292,0.903,0.0,0.5003985442253748,0.6004071608253672,2.498085428499941,13,1.371378824369763,43.04,2,"[375.79998779296875, 740.5999755859375]"
chaotic_stop,1788870054.069733,22.364196557,1.1229295975779425,0.903,0.0,0.5003985442253748,0.6004071608253672,2.6865408262296526,13,1.3437671701878218,-5.38,2,"[384.20001220703125, 710.0]"
chaotic_stop,1788870054.119866,22.414329451,1.0345795843157508,0.903,0.0,0.5003985442253748,0.6004071608253672,2.8755145612619586,13,1.3023496889149093,-2.69,2,"[384.20001220703125, 710.0]"
chaotic_stop,1788870054.1698568,22.464320483,0.9417204688482202,0.903,0.0,0.5003985442253748,0.6004071608253672,3.0641359665098733,13,1.2471263805510262,-2.69,2,"[399.6000061035156, 677.5999755859375]"
chaotic_stop,1788870054.2198575,22.51432093,0.8474769234113113,0.903,0.0,0.5003985442253748,0.6004071608253672,3.2527793124401043,13,1.1811652066719438,-5.38,2,"[399.6000061035156, 677.5999755859375]"
chaotic_stop,1788870054.2698631,22.564326495000003,0.7552434707282318,0.903,0.0,0.5003985442253748,0.6004071608253672,3.441338815236783,13,1.081456455459377,-5.38,2,"[461.0, 663.0]"
chaotic_stop,1788870054.3198626,22.614326234,0.6681722228331033,0.903,0.0,0.5003985442253748,0.6004071608253672,3.6300695919190176,13,0.9955535313377811,-18.83,2,"[461.0, 663.0]"
chaotic_stop,1788870054.3697588,22.664222192,0.5896678576824692,0.903,0.0,0.5003985442253748,0.6004071608253672,3.818217699377108,13,0.9096506072161852,-121.05,2,"[521.4000244140625, 598.2000122070312]"
chaotic_stop,1788870054.4197574,22.714220904,0.5220508990737458,0.903,0.0,0.5003985442253748,0.6004071608253672,4.006895065436858,13,0.8222137023067037,-13.45,2,"[521.4000244140625, 598.2000122070312]"
chaotic_stop,1788870054.4698584,22.764321949000003,0.46789408943468663,0.903,0.0,0.5003985442253748,0.6004071608253672,4.195819724414072,13,0.7301748550335652,-21.52,2,"[584.5999755859375, 525.2000122070312]"
chaotic_stop,1788870054.5198884,22.814351941,0.4292539721677488,0.903,0.0,0.5003985442253748,0.6004071608253672,4.384540760580187,13,0.6519418348513975,-107.6,2,"[584.5999755859375, 525.2000122070312]"
chaotic_stop,1788870054.569868,22.864331712000002,0.40744428419350653,0.903,0.0,0.5003985442253748,0.6004071608253672,4.573151101175192,13,0.5859806609723149,-137.19,2,"[623.0, 461.20001220703125]"
chaotic_stop,1788870054.6198657,22.914329302000002,0.40321066225498037,0.903,0.0,0.5003985442253748,0.6004071608253672,4.761738542880629,13,0.5184855063053467,-107.6,2,"[623.0, 461.20001220703125]"
chaotic_stop,1788870054.6698186,22.964282123,0.4166837587301262,0.903,0.0,0.5003985442253748,0.6004071608253672,4.950192137369932,13,0.461728217153578,-107.6,2,"[636.0, 385.6000061035156]"
chaotic_stop,1788870054.7198496,23.014313107000003,0.4474520874147706,0.903,0.0,0.5003985442253748,0.6004071608253672,5.139007526769497,13,0.4341165629716365,-188.29999999999998,2,"[636.0, 385.6000061035156]"
chaotic_stop,1788870054.7697327,23.064196087000003,0.4942344102329121,0.903,0.0,0.5003985442253748,0.6004071608253672,5.32720418213696,13,0.4203107358806657,-188.29999999999998,2,"[646.0, 358.0]"
chaotic_stop,1788870054.8197422,23.114205682,0.5556350735350203,0.903,0.0,0.5003985442253748,0.6004071608253672,5.515910052975876,13,0.4203107358806657,-43.04,2,"[646.0, 358.0]"
chaotic_stop,1788870054.8698523,23.164315780000003,0.6294532461060125,0.903,0.0,0.5003985442253748,0.6004071608253672,5.704817698115868,13,0.4325825821837508,2.69,2,"[652.2000122070312, 355.0]"
chaotic_stop,1788870054.9198594,23.214322893000002,0.7128870499229968,0.903,0.0,0.5003985442253748,0.6004071608253672,5.89347218037593,13,0.46479617872934925,2.69,2,"[652.2000122070312, 355.0]"
chaotic_stop,1788870054.9698493,23.264312894,0.8030215322556352,0.903,0.0,0.5003985442253748,0.6004071608253672,6.082033874977363,13,0.5108156023659185,2.69,2,"[639.2000122070312, 382.3999938964844]"
chaotic_stop,1788870055.0199144,23.31437778,0.8968268600600524,0.903,0.0,0.5003985442253748,0.6004071608253672,6.27084854760772,13,0.5706408530934585,2.69,2,"[639.2000122070312, 382.3999938964844]"
chaotic_stop,1788870055.0698497,23.364313224,0.9906264010154934,0.903,0.0,0.5003985442253748,0.6004071608253672,0.17602076521039578,14,0.6611457195787114,2.69,2,"[616.4000244140625, 463.20001220703125]"
chaotic_stop,1788870055.119817,23.414280584,1.0814729595761137,0.903,0.0,0.5003985442253748,0.6004071608253672,0.3646920651392662,14,0.7424467013366504,2.69,2,"[616.4000244140625, 463.20001220703125]"
chaotic_stop,1788870055.1697116,23.464174925000002,1.1658208630343678,0.903,0.0,0.5003985442253748,0.6004071608253672,0.5529772377299196,14,0.8268156446703606,34.97,2,"[586.7999877929688, 545.4000244140625]"
chaotic_stop,1788870055.21977,23.514233397,1.2410626964709741,0.903,0.0,0.5003985442253748,0.6004071608253672,0.7417604328751821,14,0.9173205111556134,5.38,2,"[586.7999877929688, 545.4000244140625]"
chaotic_stop,1788870055.2698119,23.564275186,1.3042766622363708,0.903,0.0,0.5003985442253748,0.6004071608253672,0.9304922507589879,14,1.0062913968529805,34.97,2,"[544.7999877929688, 599.7999877929688]"
chaotic_stop,1788870055.3198435,23.61430679,1.3532538912052388,0.903,0.0,0.5003985442253748,0.6004071608253672,1.1192892870946736,14,1.0875923786109196,78.01,2,"[544.7999877929688, 599.7999877929688]"
chaotic_stop,1788870055.3698611,23.664324806,1.3862034498444382,0.903,0.0,0.5003985442253748,0.6004071608253672,1.3078840888880165,14,1.1642914180052018,80.7,2,"[446.20001220703125, 669.5999755859375]"
chaotic_stop,1788870055.4198375,23.714300944,1.4020154625003467,0.903,0.0,0.5003985442253748,0.6004071608253672,1.4964292034862154,14,1.2333205534600555,129.12,2,"[446.20001220703125, 669.5999755859375]"
chaotic_stop,1788870055.469858,23.764321303000003,1.400133127201106,0.903,0.0,0.5003985442253748,0.6004071608253672,1.6851006769486787,14,1.3023496889149093,129.12,2,"[413.3999938964844, 703.7999877929688]"
chaotic_stop,1788870055.5198627,23.814326133,1.3806066353320856,0.903,0.0,0.5003985442253748,0.6004071608253672,1.8737733462839543,14,1.342233189399936,180.23,2,"[413.3999938964844, 703.7999877929688]"
chaotic_stop,1788870055.5697272,23.864190504,1.3442230575038256,0.903,0.0,0.5003985442253748,0.6004071608253672,2.062047597575557,14,1.3667768820061064,209.82,2,"[388.3999938964844, 730.7999877929688]"
chaotic_stop,1788870055.619736,23.914199282000002,1.2921322684051109,0.903,0.0,0.5003985442253748,0.6004071608253672,2.2506818669442907,14,1.37598076673342,172.16,2,"[388.3999938964844, 730.7999877929688]"
chaotic_stop,1788870055.6701005,23.964563716,1.226155850373166,0.903,0.0,0.5003985442253748,0.6004071608253672,2.43952604028577,14,1.3744467859455345,69.94,2,"[379.6000061035156, 713.4000244140625]"
chaotic_stop,1788870055.7199175,24.014381005,1.1486777365547487,0.903,0.0,0.5003985442253748,0.6004071608253672,2.6283965492364842,14,1.3560390164909069,-2.69,2,"[379.6000061035156, 713.4000244140625]"
chaotic_stop,1788870055.7698877,24.064351086000002,1.0626093897612943,0.903,0.0,0.5003985442253748,0.6004071608253672,2.8169558973619218,14,1.3192234775816514,-5.38,2,"[386.6000061035156, 732.4000244140625]"
chaotic_stop,1788870055.8198807,24.114344346000003,0.970854995590894,0.903,0.0,0.5003985442253748,0.6004071608253672,3.0055717004926947,14,1.2670681307935396,-2.69,2,"[386.6000061035156, 732.4000244140625]"
chaotic_stop,1788870055.8697822,24.164245669000003,0.8767922422214772,0.903,0.0,0.5003985442253748,0.6004071608253672,3.193990395867118,14,1.1857671490356005,-2.69,2,"[411.0, 688.7999877929688]"
chaotic_stop,1788870055.91981,24.214273724,0.7835263230039151,0.903,0.0,0.5003985442253748,0.6004071608253672,3.3826783286137925,14,1.1106020904292042,-29.59,2,"[411.0, 688.7999877929688]"
chaotic_stop,1788870055.9697087,24.264172140000003,0.6946864145015943,0.903,0.0,0.5003985442253748,0.6004071608253672,3.570959657058083,14,1.026233147095494,-10.76,2,"[485.6000061035156, 638.7999877929688]"
chaotic_stop,1788870056.0198197,24.314283213000003,0.6129561626385818,0.903,0.0,0.5003985442253748,0.6004071608253672,3.759861892476877,14,0.940330222973898,-96.84,2,"[485.6000061035156, 638.7999877929688]"
chaotic_stop,1788870056.0697975,24.364260856,0.541657639869108,0.903,0.0,0.5003985442253748,0.6004071608253672,3.948438997616023,14,0.859029241215959,-88.77,2,"[553.0, 564.4000244140625]"
chaotic_stop,1788870056.1198363,24.414299864,0.48312439370521043,0.903,0.0,0.5003985442253748,0.6004071608253672,4.1371869050820465,14,0.7623884515791637,-2.69,2,"[553.0, 564.4000244140625]"
chaotic_stop,1788870056.169882,24.464345436000002,0.4395119859479706,0.903,0.0,0.5003985442253748,0.6004071608253672,4.325898751512582,14,0.6764855274575677,-51.11,2,"[605.7999877929688, 506.79998779296875]"
chaotic_stop,1788870056.2198572,24.514320655000002,0.4123637376523011,0.903,0.0,0.5003985442253748,0.6004071608253672,4.514536616044708,14,0.6059224112148283,-126.42999999999999,2,"[605.7999877929688, 506.79998779296875]"
chaotic_stop,1788870056.2698917,24.564355289,0.40262268313934224,0.903,0.0,0.5003985442253748,0.6004071608253672,4.703177985200952,14,0.5230874486690036,-126.42999999999999,2,"[589.2000122070312, 443.6000061035156]"
chaotic_stop,1788870056.3198102,24.614273659000002,0.4106201046755864,0.903,0.0,0.5003985442253748,0.6004071608253672,4.8916513926998135,14,0.47553404424454876,-110.28999999999999,2,"[589.2000122070312, 443.6000061035156]"
chaotic_stop,1788870056.3697119,24.66417539,0.4360234738928816,0.903,0.0,0.5003985442253748,0.6004071608253672,5.079942605014068,14,0.44485442848683593,-172.16,2,"[652.2000122070312, 368.20001220703125]"
chaotic_stop,1788870056.4198165,24.714279992,0.47809212276853624,0.903,0.0,0.5003985442253748,0.6004071608253672,5.268832474278,14,0.4279806398200939,-190.99,2,"[652.2000122070312, 368.20001220703125]"
chaotic_stop,1788870056.4698591,24.764322641000003,0.5352474673334642,0.903,0.0,0.5003985442253748,0.6004071608253672,5.457637678010045,14,0.42644665903220824,-88.77,2,"[649.2000122070312, 386.79998779296875]"
chaotic_stop,1788870056.5198352,24.814298721,0.6053668577926321,0.903,0.0,0.5003985442253748,0.6004071608253672,5.6461782015129245,14,0.43104860139586515,2.69,2,"[649.2000122070312, 386.79998779296875]"
chaotic_stop,1788870056.5697677,24.864231194000002,0.6859984927893692,0.903,0.0,0.5003985442253748,0.6004071608253672,5.834637613150122,14,0.45252433242626416,2.69,2,"[647.0, 355.0]"
chaotic_stop,1788870056.6199956,24.914458988,0.7747551824943666,0.903,0.0,0.5003985442253748,0.6004071608253672,6.024008072387332,14,0.4954757944870621,2.69,2,"[647.0, 355.0]"
chaotic_stop,1788870056.6698444,24.964307827000003,0.8674376335893391,0.903,0.0,0.5003985442253748,0.6004071608253672,6.212057261923945,14,0.5660389107298016,2.69,2,"[640.5999755859375, 402.0]"
chaotic_stop,1788870056.71986,25.014323584000003,0.9617560043204527,0.903,0.0,0.5003985442253748,0.6004071608253672,0.11768991319561195,15,0.6335340653967698,8.07,2,"[640.5999755859375, 402.0]"
chaotic_stop,1788870056.76973,25.064193629000002,1.0536431038581926,0.903,0.0,0.5003985442253748,0.6004071608253672,0.30578960855323345,15,0.7102331047910518,10.76,2,"[607.0, 497.20001220703125]"
chaotic_stop,1788870056.8197312,25.114194825000002,1.1404604400495226,0.903,0.0,0.5003985442253748,0.6004071608253672,0.4944443548861486,15,0.7946020481247621,37.66,2,"[607.0, 497.20001220703125]"
chaotic_stop,1788870056.8698425,25.164306064,1.218949474349601,0.903,0.0,0.5003985442253748,0.6004071608253672,0.6833516906836437,15,0.8835729338221293,5.38,2,"[568.2000122070312, 566.7999877929688]"
chaotic_stop,1788870056.9198444,25.214307892,1.2861183370320262,0.903,0.0,0.5003985442253748,0.6004071608253672,0.872014521418599,15,0.9756117810952678,10.76,2,"[568.2000122070312, 566.7999877929688]"
chaotic_stop,1788870056.9698648,25.264328305000003,1.3396883930384664,0.903,0.0,0.5003985442253748,0.6004071608253672,1.0606666232504338,15,1.0584467436410925,59.18,2,"[516.4000244140625, 641.7999877929688]"
chaotic_stop,1788870057.019863,25.314326434,1.377760182520027,0.903,0.0,0.5003985442253748,0.6004071608253672,1.2493014396272386,15,1.1397477253990314,94.14999999999999,2,"[516.4000244140625, 641.7999877929688]"
chaotic_stop,1788870057.0698328,25.36429631,1.3989810078144091,0.903,0.0,0.5003985442253748,0.6004071608253672,1.4378222255699384,15,1.2302525918842842,94.14999999999999,2,"[464.0, 686.4000244140625]"
chaotic_stop,1788870057.1197367,25.414200223,1.4026313825640757,0.903,0.0,0.5003985442253748,0.6004071608253672,1.6261767059693497,15,1.2854759002481673,121.05,2,"[464.0, 686.4000244140625]"
chaotic_stop,1788870057.1697187,25.464182013000002,1.3885791638005174,0.903,0.0,0.5003985442253748,0.6004071608253672,1.8147737712443544,15,1.3284273623089653,172.16,2,"[399.20001220703125, 729.0]"
chaotic_stop,1788870057.2197397,25.514203205,1.3572843256956708,0.903,0.0,0.5003985442253748,0.6004071608253672,2.0034769334502087,15,1.359106978066678,174.85,2,"[399.20001220703125, 729.0]"
chaotic_stop,1788870057.2697494,25.564212886,1.309888089631245,0.903,0.0,0.5003985442253748,0.6004071608253672,2.1920866704501023,15,1.368310862793992,212.51,2,"[382.3999938964844, 746.5999755859375]"
chaotic_stop,1788870057.319861,25.614324394,1.247955907280736,0.903,0.0,0.5003985442253748,0.6004071608253672,2.3809842204618334,15,1.368310862793992,86.08,2,"[382.3999938964844, 746.5999755859375]"
chaotic_stop,1788870057.3698757,25.664338977,1.1738296823652252,0.903,0.0,0.5003985442253748,0.6004071608253672,2.569695897131247,15,1.3621749396424494,-8.07,2,"[385.79998779296875, 746.2000122070312]"
chaotic_stop,1788870057.4199061,25.714369581000003,1.0900400069816973,0.903,0.0,0.5003985442253748,0.6004071608253672,2.758509328619162,15,1.3299613430968509,-2.69,2,"[385.79998779296875, 746.2000122070312]"
chaotic_stop,1788870057.4697847,25.764248205,0.9999155196284965,0.903,0.0,0.5003985442253748,0.6004071608253672,2.9466842621075173,15,1.2686021115814252,-2.69,2,"[389.3999938964844, 708.0]"
chaotic_stop,1788870057.519762,25.814225487,0.9061800680178724,0.903,0.0,0.5003985442253748,0.6004071608253672,3.135237540329605,15,1.210310841641771,-2.69,2,"[389.3999938964844, 708.0]"
chaotic_stop,1788870057.5697055,25.864168947000003,0.8123590657251513,0.903,0.0,0.5003985442253748,0.6004071608253672,3.3237356009163435,15,1.1397477253990314,-13.45,2,"[432.3999938964844, 671.4000244140625]"
chaotic_stop,1788870057.6197767,25.914240021,0.7216051063277861,0.903,0.0,0.5003985442253748,0.6004071608253672,3.512542506032112,15,1.0615147052168636,-24.21,2,"[432.3999938964844, 671.4000244140625]"
chaotic_stop,1788870057.6698277,25.964291210000003,0.6373194064286738,0.903,0.0,0.5003985442253748,0.6004071608253672,3.701299716407796,15,0.9740778003073821,-61.87,2,"[508.3999938964844, 616.7999877929688]"
chaotic_stop,1788870057.7198277,26.014290974,0.5625011874755977,0.903,0.0,0.5003985442253748,0.6004071608253672,3.8899763543809414,15,0.8912428377615575,-126.42999999999999,2,"[508.3999938964844, 616.7999877929688]"
chaotic_stop,1788870057.7698562,26.064319589,0.49977426166719824,0.903,0.0,0.5003985442253748,0.6004071608253672,4.078633300063551,15,0.7961360289126478,-2.69,2,"[575.5999755859375, 545.7999877929688]"
chaotic_stop,1788870057.8198323,26.114296003000003,0.45138297439762054,0.903,0.0,0.5003985442253748,0.6004071608253672,4.267166018327124,15,0.7040971816395093,-26.9,2,"[575.5999755859375, 545.7999877929688]"
chaotic_stop,1788870057.8698351,26.164298600000002,0.41898338852056427,0.903,0.0,0.5003985442253748,0.6004071608253672,4.455803814954798,15,0.6089903727905995,-26.9,2,"[606.0, 478.3999938964844]"
chaotic_stop,1788870057.9198594,26.214322721000002,0.4037493524433314,0.903,0.0,0.5003985442253748,0.6004071608253672,4.644641767494143,15,0.5460971604872883,-99.53,2,"[606.0, 478.3999938964844]"
chaotic_stop,1788870057.9697032,26.264166663,0.40621894444718243,0.903,0.0,0.5003985442253748,0.6004071608253672,4.832704749179065,15,0.48933987133551954,-131.81,2,"[633.0, 417.79998779296875]"
chaotic_stop,1788870058.0197432,26.314206693000003,0.42630860191817016,0.903,0.0,0.5003985442253748,0.6004071608253672,5.021437253652316,15,0.45252433242626416,-193.68,2,"[633.0, 417.79998779296875]"
chaotic_stop,1788870058.0698547,26.364318313000002,0.4633761445029216,0.903,0.0,0.5003985442253748,0.6004071608253672,5.210372705664632,15,0.4279806398200939,-188.29999999999998,2,"[658.5999755859375, 362.0]"
chaotic_stop,1788870058.119871,26.414334370000002,0.5159768812231459,0.903,0.0,0.5003985442253748,0.6004071608253672,5.398951172665242,15,0.4203107358806657,-161.4,2,"[658.5999755859375, 362.0]"
chaotic_stop,1788870058.1698873,26.464350881,0.5823714812288077,0.903,0.0,0.5003985442253748,0.6004071608253672,5.5877153696543544,15,0.42184471666855133,0.0,2,"[665.5999755859375, 347.0]"
chaotic_stop,1788870058.2198637,26.514327140000002,0.6600633885098965,0.903,0.0,0.5003985442253748,0.6004071608253672,5.77626603355511,15,0.440252486123179,2.69,2,"[665.5999755859375, 347.0]"
chaotic_stop,1788870058.2698405,26.564304037000003,0.7463624730860307,0.903,0.0,0.5003985442253748,0.6004071608253672,5.964808299938873,15,0.4908738521234052,2.69,2,"[657.2000122070312, 360.79998779296875]"
chaotic_stop,1788870058.3197868,26.614250219000002,0.8382141345604235,0.903,0.0,0.5003985442253748,0.6004071608253672,6.153352324293401,15,0.5460971604872883,2.69,2,"[657.2000122070312, 360.79998779296875]"
chaotic_stop,1788870058.369732,26.664195549000002,0.9323005704380566,0.903,0.0,0.5003985442253748,0.6004071608253672,0.05858797974237007,16,0.607456392002714,2.69,2,"[629.0, 433.3999938964844]"
chaotic_stop,1788870058.419699,26.714162480000002,1.0253903141000336,0.903,0.0,0.5003985442253748,0.6004071608253672,0.2470923629878996,16,0.6826214506091103,2.69,2,"[629.0, 433.3999938964844]"
chaotic_stop,1788870058.469818,26.764281627000003,1.1143558407711591,0.903,0.0,0.5003985442253748,0.6004071608253672,0.43606393262274423,16,0.7623884515791637,18.83,2,"[584.7999877929688, 522.7999877929688]"
chaotic_stop,1788870058.5198643,26.814327977,1.1957066197445692,0.903,0.0,0.5003985442253748,0.6004071608253672,0.6248146920756597,16,0.8498253564886452,21.52,2,"[584.7999877929688, 522.7999877929688]"
chaotic_stop,1788870058.569829,26.864292377,1.266586760177908,0.903,0.0,0.5003985442253748,0.6004071608253672,0.8133520882013556,16,0.9418642037617837,2.69,2,"[536.5999755859375, 607.2000122070312]"
chaotic_stop,1788870058.6199434,26.914406863,1.3246985521942232,0.903,0.0,0.5003985442253748,0.6004071608253672,1.002325864730821,16,1.033903051034922,43.04,2,"[536.5999755859375, 607.2000122070312]"
chaotic_stop,1788870058.669866,26.964329641000003,1.3676757785262512,0.903,0.0,0.5003985442253748,0.6004071608253672,1.1906527532886741,16,1.1366797638232602,43.04,2,"[492.6000061035156, 624.4000244140625]"
chaotic_stop,1788870058.7198515,27.014314975,1.3942586946712539,0.903,0.0,0.5003985442253748,0.6004071608253672,1.3793752456279975,16,1.2072428800659996,110.28999999999999,2,"[492.6000061035156, 624.4000244140625]"
chaotic_stop,1788870058.7697256,27.064189053000003,1.403395829684313,0.903,0.0,0.5003985442253748,0.6004071608253672,1.5675024649227396,16,1.2670681307935396,156.02,2,"[420.79998779296875, 692.5999755859375]"
chaotic_stop,1788870058.819746,27.114209311000003,1.3948203756487687,0.903,0.0,0.5003985442253748,0.6004071608253672,1.7562248931300815,16,1.3146215352179944,177.54,2,"[420.79998779296875, 692.5999755859375]"
chaotic_stop,1788870058.8697374,27.164200697000002,1.368803593149996,0.903,0.0,0.5003985442253748,0.6004071608253672,1.944818838572857,16,1.35143707412725,212.51,2,"[392.20001220703125, 713.4000244140625]"
chaotic_stop,1788870058.9198663,27.214329747,1.3261597589254794,0.903,0.0,0.5003985442253748,0.6004071608253672,2.133819331730976,16,1.3698448435818775,196.37,2,"[392.20001220703125, 713.4000244140625]"
chaotic_stop,1788870058.9698646,27.264328000000003,1.2685787129829786,0.903,0.0,0.5003985442253748,0.6004071608253672,2.322428865017528,16,1.372912805157649,134.5,2,"[380.3999938964844, 731.4000244140625]"
chaotic_stop,1788870059.0198739,27.314337369,1.1980077304151406,0.903,0.0,0.5003985442253748,0.6004071608253672,2.511096562238066,16,1.3698448435818775,-5.38,2,"[380.3999938964844, 731.4000244140625]"
chaotic_stop,1788870059.06975,27.364213643000003,1.1171633653577884,0.903,0.0,0.5003985442253748,0.6004071608253672,2.699329916188347,16,1.3330293046726223,-5.38,2,"[385.6000061035156, 720.2000122070312]"
chaotic_stop,1788870059.1198995,27.414362994,1.0282611910025785,0.903,0.0,0.5003985442253748,0.6004071608253672,2.8885789434063867,16,1.2870098810360528,-2.69,2,"[385.6000061035156, 720.2000122070312]"
chaotic_stop,1788870059.169727,27.464190690000002,0.9355196008661761,0.903,0.0,0.5003985442253748,0.6004071608253672,3.076559421184413,16,1.23178657267217,-2.69,2,"[398.0, 694.4000244140625]"
chaotic_stop,1788870059.2198186,27.51428221,0.8412050171130668,0.903,0.0,0.5003985442253748,0.6004071608253672,3.265400237028075,16,1.167359379580973,-5.38,2,"[398.0, 694.4000244140625]"
chaotic_stop,1788870059.2697637,27.564227051000003,0.7492544743528491,0.903,0.0,0.5003985442253748,0.6004071608253672,3.453890503692918,16,1.0891263593988052,-29.59,2,"[459.6000061035156, 654.4000244140625]"
chaotic_stop,1788870059.3198533,27.614316856000002,0.6625855872195334,0.903,0.0,0.5003985442253748,0.6004071608253672,3.6427556821442977,16,1.004757416065095,-24.21,2,"[459.6000061035156, 654.4000244140625]"
chaotic_stop,1788870059.3698566,27.66432014,0.5845653789723615,0.903,0.0,0.5003985442253748,0.6004071608253672,3.8313655398632136,16,0.9188544919434991,-134.5,2,"[515.5999755859375, 599.4000244140625]"
chaotic_stop,1788870059.419875,27.714338344,0.5178117193017344,0.903,0.0,0.5003985442253748,0.6004071608253672,4.020062428452377,16,0.8283496254582462,-29.59,2,"[515.5999755859375, 599.4000244140625]"
chaotic_stop,1788870059.4697795,27.764243172,0.46481748465105444,0.903,0.0,0.5003985442253748,0.6004071608253672,4.208408036003647,16,0.7086991240031663,-29.59,2,"[561.4000244140625, 527.4000244140625]"
chaotic_stop,1788870059.5197928,27.814256226,0.42726002618350756,0.903,0.0,0.5003985442253748,0.6004071608253672,4.397149439732331,16,0.6335340653967698,-126.42999999999999,2,"[561.4000244140625, 527.4000244140625]"
chaotic_stop,1788870059.5697274,27.864190696,0.40662189410934774,0.903,0.0,0.5003985442253748,0.6004071608253672,4.585540611169634,16,0.5691068723055729,-115.67,2,"[617.2000122070312, 453.20001220703125]"
chaotic_stop,1788870059.6197526,27.914215947000002,0.40355725591711256,0.903,0.0,0.5003985442253748,0.6004071608253672,4.774206229759514,16,0.5092816215780329,-123.74,2,"[617.2000122070312, 453.20001220703125]"
chaotic_stop,1788870059.6698267,27.964290138000003,0.41823837273224523,0.903,0.0,0.5003985442253748,0.6004071608253672,4.963040311745203,16,0.46479617872934925,-185.60999999999999,2,"[647.0, 393.3999938964844]"
chaotic_stop,1788870059.71975,28.014213442000003,0.45007173140844053,0.903,0.0,0.5003985442253748,0.6004071608253672,5.151487987229942,16,0.4356505437595221,-190.99,2,"[647.0, 393.3999938964844]"
chaotic_stop,1788870059.7698557,28.064319399000002,0.49807111068826465,0.903,0.0,0.5003985442253748,0.6004071608253672,5.340374370732107,16,0.4203107358806657,-196.37,2,"[655.4000244140625, 358.6000061035156]"
chaotic_stop,1788870059.8198307,28.11429404,0.560347779438171,0.903,0.0,0.5003985442253748,0.6004071608253672,5.528912864646415,16,0.4203107358806657,-75.32,2,"[655.4000244140625, 358.6000061035156]"
chaotic_stop,1788870059.8698435,28.164307059000002,0.6348220879047451,0.903,0.0,0.5003985442253748,0.6004071608253672,5.717578000360206,16,0.43718452454740775,-75.32,2,"[654.2000122070312, 350.3999938964844]"
chaotic_stop,1788870059.9198322,28.214295679000003,0.718827533522185,0.903,0.0,0.5003985442253748,0.6004071608253672,5.906272689599675,16,0.4724660826687775,2.69,2,"[654.2000122070312, 350.3999938964844]"
chaotic_stop,1788870059.9697075,28.264170868,0.8091171176688432,0.903,0.0,0.5003985442253748,0.6004071608253672,6.094450603338899,16,0.5246214294568893,2.69,2,"[643.2000122070312, 380.20001220703125]"
chaotic_stop,1788870060.019829,28.31429263,0.9030869567641139,0.903,0.0,0.5003985442253748,0.6004071608253672,0.00017377501504967086,17,0.5829126993965437,5.38,2,"[643.2000122070312, 380.20001220703125]"
chaotic_stop,1788870060.069829,28.364292342000002,0.9969408389073617,0.903,0.0,0.5003985442253748,0.6004071608253672,0.188852619882816,17,0.6550097964271688,2.69,2,"[613.7999877929688, 461.3999938964844]"
chaotic_stop,1788870060.1198716,28.414335155000003,1.0874961931687745,0.903,0.0,0.5003985442253748,0.6004071608253672,0.37760849103184313,17,0.7332428166093364,5.38,2,"[613.7999877929688, 461.3999938964844]"
chaotic_stop,1788870060.1698666,28.464330128,1.1714362992913714,0.903,0.0,0.5003985442253748,0.6004071608253672,0.5662190391126742,17,0.8176117599430467,26.9,2,"[577.5999755859375, 550.7999877929688]"
chaotic_stop,1788870060.2198658,28.514329096,1.2458596742017094,0.903,0.0,0.5003985442253748,0.6004071608253672,0.7548414666998084,17,0.9127185687919565,2.69,2,"[577.5999755859375, 550.7999877929688]"
chaotic_stop,1788870060.2698314,28.564295069000003,1.3080893521348589,0.903,0.0,0.5003985442253748,0.6004071608253672,0.9433569485504663,17,1.026233147095494,2.69,2,"[526.5999755859375, 621.2000122070312]"
chaotic_stop,1788870060.3197024,28.614165896000003,1.3559114832073633,0.903,0.0,0.5003985442253748,0.6004071608253672,1.1316184224880388,17,1.1060001480655473,88.77,2,"[526.5999755859375, 621.2000122070312]"
chaotic_stop,1788870060.3697064,28.664169931000004,1.3877768166005144,0.903,0.0,0.5003985442253748,0.6004071608253672,1.3202674044876304,17,1.1826991874598294,94.14999999999999,2,"[465.3999938964844, 671.7999877929688]"
chaotic_stop,1788870060.4197066,28.714169963000003,1.4024399415082311,0.903,0.0,0.5003985442253748,0.6004071608253672,1.5088884853031672,17,1.2455923997631406,139.88,2,"[465.3999938964844, 671.7999877929688]"
chaotic_stop,1788870060.4698362,28.764299663000003,1.399362846992172,0.903,0.0,0.5003985442253748,0.6004071608253672,1.697885507789401,17,1.2977477465512524,185.60999999999999,2,"[414.79998779296875, 705.7999877929688]"
chaotic_stop,1788870060.51986,28.814323664000003,1.3786580072277108,0.903,0.0,0.5003985442253748,0.6004071608253672,1.8865637603794667,17,1.337631247036279,185.60999999999999,2,"[414.79998779296875, 705.7999877929688]"
chaotic_stop,1788870060.5697591,28.864222655000003,1.3411402715913001,0.903,0.0,0.5003985442253748,0.6004071608253672,2.0749520571950413,17,1.3652429012182206,215.2,2,"[391.0, 727.4000244140625]"
chaotic_stop,1788870060.6198797,28.914343189,1.2879538697535882,0.903,0.0,0.5003985442253748,0.6004071608253672,2.263856420286608,17,1.37598076673342,185.60999999999999,2,"[391.0, 727.4000244140625]"
chaotic_stop,1788870060.6698272,28.964290737000002,1.2212394692627244,0.903,0.0,0.5003985442253748,0.6004071608253672,2.45232523291768,17,1.371378824369763,185.60999999999999,2,"[384.6000061035156, 731.0]"
chaotic_stop,1788870060.7196581,29.014121457,1.1434064427343635,0.903,0.0,0.5003985442253748,0.6004071608253672,2.6404477856677104,17,1.346835131763593,45.73,2,"[384.6000061035156, 731.0]"
chaotic_stop,1788870060.7697167,29.064180392,1.0567518005753653,0.903,0.0,0.5003985442253748,0.6004071608253672,2.829281626215355,17,1.3084856120664519,-2.69,2,"[393.20001220703125, 709.7999877929688]"
chaotic_stop,1788870060.8199658,29.114429172,0.9644402842961686,0.903,0.0,0.5003985442253748,0.6004071608253672,3.0184993381644816,17,1.2563302652783401,-2.69,2,"[393.20001220703125, 709.7999877929688]"
chaotic_stop,1788870060.8698313,29.164294748000003,0.8703729773084171,0.903,0.0,0.5003985442253748,0.6004071608253672,3.2068410148025848,17,1.193437052975029,-8.07,2,"[414.79998779296875, 683.0]"
chaotic_stop,1788870060.9198675,29.214330881000002,0.7772712920350813,0.903,0.0,0.5003985442253748,0.6004071608253672,3.395571497232204,17,1.1182719943686323,-34.97,2,"[414.79998779296875, 683.0]"
chaotic_stop,1788870060.9698691,29.264332567,0.6886830356461127,0.903,0.0,0.5003985442253748,0.6004071608253672,3.5841950490152286,17,1.038504993398579,-24.21,2,"[482.6000061035156, 633.4000244140625]"
chaotic_stop,1788870061.0198607,29.314324264000003,0.6077013851572177,0.903,0.0,0.5003985442253748,0.6004071608253672,3.7728086075266773,17,0.9480001269133262,-94.14999999999999,2,"[482.6000061035156, 633.4000244140625]"
chaotic_stop,1788870061.0697768,29.364240162,0.5372773668472192,0.903,0.0,0.5003985442253748,0.6004071608253672,3.9611777401974493,17,0.8390874909734457,-94.14999999999999,2,"[541.2000122070312, 574.5999755859375]"
chaotic_stop,1788870061.119711,29.414174232,0.47977232333562375,0.903,0.0,0.5003985442253748,0.6004071608253672,4.149620319075957,17,0.7439806821245359,-5.38,2,"[541.2000122070312, 574.5999755859375]"
chaotic_stop,1788870061.1697073,29.464170767000002,0.43721778551105595,0.903,0.0,0.5003985442253748,0.6004071608253672,4.338249552197972,17,0.6611457195787114,-99.53,2,"[598.4000244140625, 504.6000061035156]"
chaotic_stop,1788870061.2198677,29.514331130000002,0.4111460743960525,0.903,0.0,0.5003985442253748,0.6004071608253672,4.527324423363801,17,0.5921165841238575,-131.81,2,"[598.4000244140625, 504.6000061035156]"
chaotic_stop,1788870061.269839,29.564302413000004,0.4026044344989653,0.903,0.0,0.5003985442253748,0.6004071608253672,4.715839403476018,17,0.5292233718205462,-99.53,2,"[629.4000244140625, 436.0]"
chaotic_stop,1788870061.3198714,29.614334696,0.4118141661113583,0.903,0.0,0.5003985442253748,0.6004071608253672,4.904573877178315,17,0.4770680250324344,-166.78,2,"[629.4000244140625, 436.0]"
chaotic_stop,1788870061.3697891,29.664252631,0.43840758355965365,0.903,0.0,0.5003985442253748,0.6004071608253672,5.0929812702342545,17,0.44638840927472156,-164.09,2,"[653.7999877929688, 368.79998779296875]"
chaotic_stop,1788870061.4198282,29.714291567000004,0.4815231495885374,0.903,0.0,0.5003985442253748,0.6004071608253672,5.28168190111311,17,0.4279806398200939,-188.29999999999998,2,"[653.7999877929688, 368.79998779296875]"
chaotic_stop,1788870061.469774,29.764237503,0.5395499076865657,0.903,0.0,0.5003985442253748,0.6004071608253672,5.47023064859939,17,0.4279806398200939,-188.29999999999998,2,"[655.5999755859375, 356.0]"
chaotic_stop,1788870061.519727,29.814190370000002,0.6104228748836925,0.903,0.0,0.5003985442253748,0.6004071608253672,5.658689641492479,17,0.4356505437595221,2.69,2,"[655.5999755859375, 356.0]"
chaotic_stop,1788870061.569701,29.864164383000002,0.691719343808129,0.903,0.0,0.5003985442253748,0.6004071608253672,5.847287129284062,17,0.4632621979414636,2.69,2,"[650.4000244140625, 354.6000061035156]"
chaotic_stop,1788870061.619866,29.914329342000002,0.7807181696194306,0.903,0.0,0.5003985442253748,0.6004071608253672,6.0363165233306475,17,0.504679679214376,2.69,2,"[650.4000244140625, 354.6000061035156]"
chaotic_stop,1788870061.669806,29.964269303000002,0.8737708919405393,0.903,0.0,0.5003985442253748,0.6004071608253672,6.224740383215739,17,0.5599029875782591,2.69,2,"[639.2000122070312, 402.6000061035156]"
chaotic_stop,1788870061.719917,30.014380726000002,0.9681616450529279,0.903,0.0,0.5003985442253748,0.6004071608253672,0.13059035513508377,18,0.6289321230331129,5.38,2,"[639.2000122070312, 402.6000061035156]"
chaotic_stop,1788870061.7698722,30.064335719000002,1.059933355831491,0.903,0.0,0.5003985442253748,0.6004071608253672,0.3189995401140209,18,0.705631162427395,2.69,2,"[600.5999755859375, 491.3999938964844]"
chaotic_stop,1788870061.8198583,30.114321734,1.1462255980943765,0.903,0.0,0.5003985442253748,0.6004071608253672,0.5075799801161622,18,0.7900001057611052,32.28,2,"[600.5999755859375, 491.3999938964844]"
chaotic_stop,1788870061.8698442,30.164307589000003,1.2238939394860353,0.903,0.0,0.5003985442253748,0.6004071608253672,0.6961610086235339,18,0.9050486648525283,32.28,2,"[552.7999877929688, 579.0]"
chaotic_stop,1788870061.9197483,30.214211755,1.290107566093984,0.903,0.0,0.5003985442253748,0.6004071608253672,0.8845004104625502,18,0.9955535313377811,16.14,2,"[552.7999877929688, 579.0]"
chaotic_stop,1788870061.9697146,30.264178142000002,1.3426797463054434,0.903,0.0,0.5003985442253748,0.6004071608253672,1.0730464870404575,18,1.0783884938836057,83.39,2,"[501.79998779296875, 632.5999755859375]"
chaotic_stop,1788870062.0197775,30.31424107,1.3796997950093162,0.903,0.0,0.5003985442253748,0.6004071608253672,1.2618032296299333,18,1.1535535524900022,102.22,2,"[501.79998779296875, 632.5999755859375]"
chaotic_stop,1788870062.0697463,30.364209661,1.3997764443763896,0.903,0.0,0.5003985442253748,0.6004071608253672,1.4504038070739966,18,1.222582687944856,118.36,2,"[445.3999938964844, 678.0]"
chaotic_stop,1788870062.1198652,30.414328578000003,1.4022240168363085,0.903,0.0,0.5003985442253748,0.6004071608253672,1.6393251915477265,18,1.2793399770966247,169.47,2,"[445.3999938964844, 678.0]"
chaotic_stop,1788870062.1698158,30.464279268000002,1.3869573661830898,0.903,0.0,0.5003985442253748,0.6004071608253672,1.8278476109696982,18,1.3238254199453083,185.60999999999999,2,"[401.0, 715.7999877929688]"
chaotic_stop,1788870062.2198708,30.514334291,1.3544905780262508,0.903,0.0,0.5003985442253748,0.6004071608253672,2.0166056890133603,18,1.3575729972787924,193.68,2,"[401.0, 715.7999877929688]"
chaotic_stop,1788870062.269848,30.564311639000003,1.3060474442210168,0.903,0.0,0.5003985442253748,0.6004071608253672,2.2051534481126396,18,1.3744467859455345,193.68,2,"[387.6000061035156, 731.0]"
chaotic_stop,1788870062.3197572,30.614220588000002,1.2433611528600799,0.903,0.0,0.5003985442253748,0.6004071608253672,2.3935843021561,18,1.3744467859455345,67.25,2,"[387.6000061035156, 731.0]"
chaotic_stop,1788870062.3697066,30.664170114,1.168628145733327,0.903,0.0,0.5003985442253748,0.6004071608253672,2.5820092711472142,18,1.359106978066678,40.35,2,"[384.3999938964844, 722.7999877929688]"
chaotic_stop,1788870062.4197476,30.714211199,1.0843392550055941,0.903,0.0,0.5003985442253748,0.6004071608253672,2.770762101685861,18,1.3222914391574228,-2.69,2,"[384.3999938964844, 722.7999877929688]"
chaotic_stop,1788870062.4697928,30.764256382000003,0.993626015329537,0.903,0.0,0.5003985442253748,0.6004071608253672,2.959480021792203,18,1.2762720155208536,-2.69,2,"[394.3999938964844, 703.5999755859375]"
chaotic_stop,1788870062.5199175,30.814380921,0.8995926362543363,0.903,0.0,0.5003985442253748,0.6004071608253672,3.148402006088574,18,1.2164467647933135,-16.14,2,"[394.3999938964844, 703.5999755859375]"
chaotic_stop,1788870062.5698633,30.864326845,0.8058622102249038,0.903,0.0,0.5003985442253748,0.6004071608253672,3.336953824364983,18,1.1474176293384597,-32.28,2,"[439.20001220703125, 664.5999755859375]"
chaotic_stop,1788870062.6198685,30.914332056000003,0.7155434800387166,0.903,0.0,0.5003985442253748,0.6004071608253672,3.5255735508639816,18,1.0661166475805206,-18.83,2,"[439.20001220703125, 664.5999755859375]"
chaotic_stop,1788870062.6698465,30.964310008,0.6319089248719667,0.903,0.0,0.5003985442253748,0.6004071608253672,3.714110754593733,18,0.9526020692769832,-18.83,2,"[501.6000061035156, 611.4000244140625]"
chaotic_stop,1788870062.719677,31.014140558,0.5580353694913762,0.903,0.0,0.5003985442253748,0.6004071608253672,3.902225151264801,18,0.8713010875190442,-88.77,2,"[501.6000061035156, 611.4000244140625]"
chaotic_stop,1788870062.7697713,31.064234887,0.49608569518938417,0.903,0.0,0.5003985442253748,0.6004071608253672,4.091188644042546,18,0.7746602978822488,-2.69,2,"[571.2000122070312, 545.2000122070312]"
chaotic_stop,1788870062.8199003,31.114363646,0.44862212152368436,0.903,0.0,0.5003985442253748,0.6004071608253672,4.280154460661478,18,0.6887573737606529,-37.66,2,"[571.2000122070312, 545.2000122070312]"
chaotic_stop,1788870062.8698149,31.164278319,0.41740741608932325,0.903,0.0,0.5003985442253748,0.6004071608253672,4.4685225823104275,18,0.6151262959421421,-137.19,2,"[605.0, 478.20001220703125]"
chaotic_stop,1788870062.91996,31.214423486,0.4033511795376394,0.903,0.0,0.5003985442253748,0.6004071608253672,4.657641787537244,18,0.5506991028509451,-107.6,2,"[605.0, 478.20001220703125]"
chaotic_stop,1788870062.9699388,31.264402174,0.40707289476638653,0.903,0.0,0.5003985442253748,0.6004071608253672,4.846173098669723,18,0.4924078329112908,-129.12,2,"[636.5999755859375, 407.0]"
chaotic_stop,1788870063.0198483,31.314311832,0.42833359862957565,0.903,0.0,0.5003985442253748,0.6004071608253672,5.034476447018193,18,0.45559229400203544,-201.75,2,"[636.5999755859375, 407.0]"
chaotic_stop,1788870063.0698986,31.364362103,0.4665103545697606,0.903,0.0,0.5003985442253748,0.6004071608253672,5.223331500161564,18,0.4249126782443226,-201.75,2,"[658.0, 358.0]"
chaotic_stop,1788870063.1196752,31.414138611000002,0.5199022944135419,0.903,0.0,0.5003985442253748,0.6004071608253672,5.411234876208937,18,0.42184471666855133,-86.08,2,"[658.0, 358.0]"
chaotic_stop,1788870063.169773,31.464236635000002,0.5871640547250785,0.903,0.0,0.5003985442253748,0.6004071608253672,5.600126152603977,18,0.42644665903220824,2.69,2,"[640.5999755859375, 353.0]"
chaotic_stop,1788870063.2197428,31.514206323000003,0.6655301301335521,0.903,0.0,0.5003985442253748,0.6004071608253672,5.788719543493741,18,0.44945637085049284,2.69,2,"[640.5999755859375, 353.0]"
chaotic_stop,1788870063.2699313,31.564394827,0.7525344604408293,0.903,0.0,0.5003985442253748,0.6004071608253672,5.977767784797706,18,0.4878058905476339,2.69,2,"[636.5999755859375, 370.3999938964844]"
chaotic_stop,1788870063.319881,31.614344625,0.8446583277809713,0.903,0.0,0.5003985442253748,0.6004071608253672,6.166329124787012,18,0.5399612373357456,2.69,2,"[636.5999755859375, 370.3999938964844]"
chaotic_stop,1788870063.3698795,31.664343009000003,0.938877925371042,0.903,0.0,0.5003985442253748,0.6004071608253672,0.07176027337541058,19,0.5997864880632857,2.69,2,"[629.2000122070312, 428.0]"
chaotic_stop,1788870063.4198704,31.714333762000003,1.031823482532659,0.903,0.0,0.5003985442253748,0.6004071608253672,0.2603737903896999,19,0.6780195082454534,10.76,2,"[629.2000122070312, 428.0]"
chaotic_stop,1788870063.4698038,31.764267364000002,1.1201086487015235,0.903,0.0,0.5003985442253748,0.6004071608253672,0.44878532561710216,19,0.782330201821677,10.76,2,"[589.4000244140625, 523.5999755859375]"
chaotic_stop,1788870063.5196364,31.814099884,1.2005768653066333,0.903,0.0,0.5003985442253748,0.6004071608253672,0.6368672111464448,19,0.8728350683069298,18.83,2,"[589.4000244140625, 523.5999755859375]"
chaotic_stop,1788870063.5697458,31.864209333,1.2708746173768328,0.903,0.0,0.5003985442253748,0.6004071608253672,0.8259074623601137,19,0.9633399347921826,5.38,2,"[534.5999755859375, 592.7999877929688]"
chaotic_stop,1788870063.6197987,31.914262028000003,1.3280008473812999,0.903,0.0,0.5003985442253748,0.6004071608253672,1.0147046986366703,19,1.0492428589137786,67.25,2,"[534.5999755859375, 592.7999877929688]"
chaotic_stop,1788870063.6698532,31.964316822,1.3700137806791979,0.903,0.0,0.5003985442253748,0.6004071608253672,1.2034499465117179,19,1.1274758790959463,88.77,2,"[493.20001220703125, 644.0]"
chaotic_stop,1788870063.7198467,32.014310212000005,1.395427218879845,0.903,0.0,0.5003985442253748,0.6004071608253672,1.3920650894603384,19,1.201106956914457,112.98,2,"[493.20001220703125, 644.0]"
chaotic_stop,1788870063.769859,32.064322652,1.40337387596488,0.903,0.0,0.5003985442253748,0.6004071608253672,1.5807258415646217,19,1.2624661884298827,158.71,2,"[422.6000061035156, 698.4000244140625]"
chaotic_stop,1788870063.8199835,32.114446865000005,1.3935254084836295,0.903,0.0,0.5003985442253748,0.6004071608253672,1.769772558790926,19,1.3130875544301088,185.60999999999999,2,"[422.6000061035156, 698.4000244140625]"
chaotic_stop,1788870063.8697813,32.164244823000004,1.366386953241629,0.903,0.0,0.5003985442253748,0.6004071608253672,1.9578219935380545,19,1.3560390164909069,185.60999999999999,2,"[395.79998779296875, 719.5999755859375]"
chaotic_stop,1788870063.9196572,32.214120708,1.3228718969660815,0.903,0.0,0.5003985442253748,0.6004071608253672,2.1460120282216266,19,1.371378824369763,212.51,2,"[395.79998779296875, 719.5999755859375]"
chaotic_stop,1788870063.969724,32.264187453000005,1.2643133496574275,0.903,0.0,0.5003985442253748,0.6004071608253672,2.334830111164372,19,1.3698448435818775,102.22,2,"[390.6000061035156, 722.4000244140625]"
chaotic_stop,1788870064.0198615,32.314324852,1.192835800371469,0.903,0.0,0.5003985442253748,0.6004071608253672,2.5238335091239676,19,1.3652429012182206,-5.38,2,"[390.6000061035156, 722.4000244140625]"
chaotic_stop,1788870064.069734,32.36419746,1.1113501181440424,0.903,0.0,0.5003985442253748,0.6004071608253672,2.7121453530736446,19,1.3360972662483934,-2.69,2,"[388.3999938964844, 716.4000244140625]"
chaotic_stop,1788870064.1198204,32.414283868000005,1.0222564137353956,0.903,0.0,0.5003985442253748,0.6004071608253672,2.900954065202278,19,1.2946797849754812,-2.69,2,"[388.3999938964844, 716.4000244140625]"
chaotic_stop,1788870064.1698604,32.464324056,0.9289516024208597,0.903,0.0,0.5003985442253748,0.6004071608253672,3.0897075106534473,19,1.239456476611598,-10.76,2,"[403.79998779296875, 691.2000122070312]"
chaotic_stop,1788870064.2198596,32.514323007,0.834785015407461,0.903,0.0,0.5003985442253748,0.6004071608253672,3.278339754206094,19,1.1704273411567443,-16.14,2,"[403.79998779296875, 691.2000122070312]"
chaotic_stop,1788870064.2698262,32.564289626000004,0.7431091000597514,0.903,0.0,0.5003985442253748,0.6004071608253672,3.4668230455749196,19,1.0737865515199487,-16.14,2,"[457.6000061035156, 653.7999877929688]"
chaotic_stop,1788870064.319692,32.614155344000004,0.6572129786999589,0.903,0.0,0.5003985442253748,0.6004071608253672,3.6550394649098266,19,0.9863496466104673,-34.97,2,"[457.6000061035156, 653.7999877929688]"
chaotic_stop,1788870064.3697236,32.664186856,0.5797851478883269,0.903,0.0,0.5003985442253748,0.6004071608253672,3.8438137079850847,19,0.9019807032767571,-134.5,2,"[534.4000244140625, 585.4000244140625]"
chaotic_stop,1788870064.4197466,32.714210151,0.513861021365666,0.903,0.0,0.5003985442253748,0.6004071608253672,4.0325247697419755,19,0.8114758367915041,-10.76,2,"[534.4000244140625, 585.4000244140625]"
chaotic_stop,1788870064.4697669,32.764230174000005,0.4617702612454603,0.903,0.0,0.5003985442253748,0.6004071608253672,4.221166014406727,19,0.7194369895183657,-24.21,2,"[578.0, 522.4000244140625]"
chaotic_stop,1788870064.5198612,32.814324494000005,0.42529285527659333,0.903,0.0,0.5003985442253748,0.6004071608253672,4.410085889892677,19,0.641203969336198,-104.91,2,"[578.0, 522.4000244140625]"
chaotic_stop,1788870064.5699368,32.864400270000004,0.4058141394828244,0.903,0.0,0.5003985442253748,0.6004071608253672,4.599012337020419,19,0.5767767762450011,-118.36,2,"[617.0, 460.3999938964844]"
chaotic_stop,1788870064.6198568,32.914320196000006,0.4040044250539891,0.903,0.0,0.5003985442253748,0.6004071608253672,4.787289112094079,19,0.5123495831538042,-107.6,2,"[617.0, 460.3999938964844]"
chaotic_stop,1788870064.6698413,32.964304653,0.4198609269357563,0.903,0.0,0.5003985442253748,0.6004071608253672,4.975795777683622,19,0.4586602555778067,-107.6,2,"[649.0, 381.79998779296875]"
chaotic_stop,1788870064.719665,33.014128458,0.45276818851993644,0.903,0.0,0.5003985442253748,0.6004071608253672,5.163997137320486,19,0.4325825821837508,-190.99,2,"[649.0, 381.79998779296875]"
chaotic_stop,1788870064.769747,33.064210592,0.5017720272056105,0.903,0.0,0.5003985442253748,0.6004071608253672,5.3528559025738005,19,0.42184471666855133,-166.78,2,"[656.4000244140625, 356.0]"
chaotic_stop,1788870064.819793,33.114256558,0.5650103124258188,0.903,0.0,0.5003985442253748,0.6004071608253672,5.541622747836463,19,0.4203107358806657,-51.11,2,"[656.4000244140625, 356.0]"
chaotic_stop,1788870064.869749,33.164212621000004,0.64012366221354,0.903,0.0,0.5003985442253748,0.6004071608253672,5.730077787181578,19,0.4356505437595221,2.69,2,"[666.5999755859375, 347.79998779296875]"
chaotic_stop,1788870064.9198442,33.214307753,0.72475926353453,0.903,0.0,0.5003985442253748,0.6004071608253672,5.918989940422556,19,0.4693981210930062,2.69,2,"[666.5999755859375, 347.79998779296875]"
chaotic_stop,1788870064.9699385,33.264401909,0.8156812315767458,0.903,0.0,0.5003985442253748,0.6004071608253672,6.1077889308974065,19,0.516951525517461,2.69,2,"[648.4000244140625, 378.79998779296875]"
chaotic_stop,1788870065.0199428,33.314406329,0.9096184606171345,0.903,0.0,0.5003985442253748,0.6004071608253672,0.013226764301677463,20,0.5783107570328867,10.76,2,"[648.4000244140625, 378.79998779296875]"
chaotic_stop,1788870065.0699275,33.364391075,1.0033061025489012,0.903,0.0,0.5003985442253748,0.6004071608253672,0.2018196987226446,20,0.6703496043060252,10.76,2,"[612.2000122070312, 464.20001220703125]"
chaotic_stop,1788870065.1196878,33.414151343,1.0931013465549588,0.903,0.0,0.5003985442253748,0.6004071608253672,0.3896880587085718,20,0.7516505860639642,26.9,2,"[612.2000122070312, 464.20001220703125]"
chaotic_stop,1788870065.169853,33.464316472,1.1767831796537904,0.903,0.0,0.5003985442253748,0.6004071608253672,0.5789319591406326,20,0.8375535101855601,29.59,2,"[570.2000122070312, 551.5999755859375]"
chaotic_stop,1788870065.2198696,33.514333071,1.2504743674299044,0.903,0.0,0.5003985442253748,0.6004071608253672,0.7675791416723001,20,0.9295923574586985,5.38,2,"[570.2000122070312, 551.5999755859375]"
chaotic_stop,1788870065.2698414,33.564304978,1.3118121757345795,0.903,0.0,0.5003985442253748,0.6004071608253672,0.9561425452023968,20,1.0185632431560658,40.35,2,"[519.7999877929688, 617.4000244140625]"
chaotic_stop,1788870065.3199034,33.614366811000004,1.3587006778389854,0.903,0.0,0.5003985442253748,0.6004071608253672,1.1449161545027806,20,1.0998642249140047,86.08,2,"[519.7999877929688, 617.4000244140625]"
chaotic_stop,1788870065.369875,33.664338624,1.3893777832300178,0.903,0.0,0.5003985442253748,0.6004071608253672,1.3335158152367654,20,1.175029283520401,104.91,2,"[465.79998779296875, 659.2000122070312]"
chaotic_stop,1788870065.4198632,33.714326691000004,1.4028060421070763,0.903,0.0,0.5003985442253748,0.6004071608253672,1.5221281816478722,20,1.2425244381873692,129.12,2,"[465.79998779296875, 659.2000122070312]"
chaotic_stop,1788870065.4699235,33.764386999,1.3985010630420587,0.903,0.0,0.5003985442253748,0.6004071608253672,1.7108189512915857,20,1.3084856120664519,129.12,2,"[406.3999938964844, 707.5999755859375]"
chaotic_stop,1788870065.5200267,33.81449029,1.3765118240794032,0.903,0.0,0.5003985442253748,0.6004071608253672,1.9000949478937343,20,1.3453011509757073,196.37,2,"[406.3999938964844, 707.5999755859375]"
chaotic_stop,1788870065.5697074,33.86417078,1.3380656774726813,0.903,0.0,0.5003985442253748,0.6004071608253672,2.087528349696882,20,1.368310862793992,201.75,2,"[383.3999938964844, 730.5999755859375]"
chaotic_stop,1788870065.6197639,33.914227259,1.2839419182470273,0.903,0.0,0.5003985442253748,0.6004071608253672,2.27631237855789,20,1.37598076673342,150.64,2,"[383.3999938964844, 730.5999755859375]"
chaotic_stop,1788870065.6698346,33.964298197000005,1.2162599647358887,0.903,0.0,0.5003985442253748,0.6004071608253672,2.46515259080644,20,1.3744467859455345,48.42,2,"[384.0, 725.2000122070312]"
chaotic_stop,1788870065.719864,34.014327353,1.1375004443056154,0.903,0.0,0.5003985442253748,0.6004071608253672,2.6538563490624654,20,1.35143707412725,-5.38,2,"[384.0, 725.2000122070312]"
chaotic_stop,1788870065.7698517,34.064315211,1.0504522791655273,0.903,0.0,0.5003985442253748,0.6004071608253672,2.8424828207368478,20,1.3115535736422232,-2.69,2,"[393.79998779296875, 706.5999755859375]"
chaotic_stop,1788870065.8198607,34.114324036,0.9581731473924467,0.903,0.0,0.5003985442253748,0.6004071608253672,3.0311096130711235,20,1.2578642460662257,-2.69,2,"[393.79998779296875, 706.5999755859375]"
chaotic_stop,1788870065.8699157,34.164379151000006,0.8639504356470737,0.903,0.0,0.5003985442253748,0.6004071608253672,3.219709002187301,20,1.1780972450961724,-2.69,2,"[411.20001220703125, 689.0]"
chaotic_stop,1788870065.9196913,34.214154845,0.7713591279291595,0.903,0.0,0.5003985442253748,0.6004071608253672,3.407797693251524,20,1.102932186489776,-48.42,2,"[411.20001220703125, 689.0]"
chaotic_stop,1788870065.9697194,34.264182801000004,0.683110635737963,0.903,0.0,0.5003985442253748,0.6004071608253672,3.5965549715316456,20,1.0185632431560658,-37.66,2,"[486.79998779296875, 638.0]"
chaotic_stop,1788870066.0198276,34.314291167,0.6026197779682052,0.903,0.0,0.5003985442253748,0.6004071608253672,3.785446266789023,20,0.9326603190344698,-123.74,2,"[486.79998779296875, 638.0]"
chaotic_stop,1788870066.070106,34.364569362000005,0.5327383424764349,0.903,0.0,0.5003985442253748,0.6004071608253672,3.9745641818312833,20,0.8482913757007595,-51.11,2,"[539.4000244140625, 572.7999877929688]"
chaotic_stop,1788870066.1199377,34.414401085,0.4762560423420818,0.903,0.0,0.5003985442253748,0.6004071608253672,4.162931858328847,20,0.7501166052760785,-8.07,2,"[539.4000244140625, 572.7999877929688]"
chaotic_stop,1788870066.1698651,34.464328529,0.4348431741735232,0.903,0.0,0.5003985442253748,0.6004071608253672,4.351456480872997,20,0.6657476619423682,-69.94,2,"[590.0, 506.0]"
chaotic_stop,1788870066.2198713,34.514334895000005,0.41001308600357894,0.903,0.0,0.5003985442253748,0.6004071608253672,4.540062762290887,20,0.5951845456996288,-150.64,2,"[590.0, 506.0]"
chaotic_stop,1788870066.2698708,34.564334155000005,0.4026679170164925,0.903,0.0,0.5003985442253748,0.6004071608253672,4.728687419407464,20,0.5138835639416898,-150.64,2,"[635.2000122070312, 431.0]"
chaotic_stop,1788870066.319713,34.614176682,0.41302056469425796,0.903,0.0,0.5003985442253748,0.6004071608253672,4.916811492462671,20,0.4693981210930062,-182.92,2,"[635.2000122070312, 431.0]"
chaotic_stop,1788870066.3697822,34.664245713,0.44080901239896453,0.903,0.0,0.5003985442253748,0.6004071608253672,5.105698521057121,20,0.4433204476989503,-169.47,2,"[642.2000122070312, 374.3999938964844]"
chaotic_stop,1788870066.4198537,34.714317073000004,0.48501912517276513,0.903,0.0,0.5003985442253748,0.6004071608253672,5.294514465009684,20,0.4279806398200939,-185.60999999999999,2,"[642.2000122070312, 374.3999938964844]"
chaotic_stop,1788870066.470049,34.764512422,0.5442768055476632,0.903,0.0,0.5003985442253748,0.6004071608253672,5.483875617564763,20,0.4279806398200939,-91.46,2,"[662.5999755859375, 350.20001220703125]"
chaotic_stop,1788870066.519878,34.814341398,0.6157883616818899,0.903,0.0,0.5003985442253748,0.6004071608253672,5.671844694940091,20,0.4341165629716365,2.69,2,"[662.5999755859375, 350.20001220703125]"
chaotic_stop,1788870066.5698652,34.864328702,0.6977154560472272,0.903,0.0,0.5003985442253748,0.6004071608253672,5.860465805935377,20,0.4586602555778067,2.69,2,"[654.7999877929688, 349.6000061035156]"
chaotic_stop,1788870066.6198695,34.914333061,0.7869166957378674,0.903,0.0,0.5003985442253748,0.6004071608253672,6.04907084243834,20,0.5016117176386047,2.69,2,"[654.7999877929688, 349.6000061035156]"
chaotic_stop,1788870066.669855,34.964318681,0.8802175252996759,0.903,0.0,0.5003985442253748,0.6004071608253672,6.237640904377031,20,0.5752427954571154,2.69,2,"[641.0, 402.3999938964844]"
chaotic_stop,1788870066.7196841,35.014147775000005,0.9741089474996889,0.903,0.0,0.5003985442253748,0.6004071608253672,0.1425872944134099,21,0.6442719309119693,2.69,2,"[641.0, 402.3999938964844]"
chaotic_stop,1788870066.7697577,35.064221198000006,1.0658367084341434,0.903,0.0,0.5003985442253748,0.6004071608253672,0.33144956051837227,21,0.722504951094137,2.69,2,"[595.0, 501.3999938964844]"
chaotic_stop,1788870066.8197505,35.114214089,1.1516682622929282,0.903,0.0,0.5003985442253748,0.6004071608253672,0.5200694643234343,21,0.803805932852076,24.21,2,"[595.0, 501.3999938964844]"
chaotic_stop,1788870066.869849,35.164312405000004,1.2287831371047873,0.903,0.0,0.5003985442253748,0.6004071608253672,0.7089634380341252,21,0.8958447801252144,2.69,2,"[552.5999755859375, 579.4000244140625]"
chaotic_stop,1788870066.9198465,35.214309973,1.2942109322627755,0.903,0.0,0.5003985442253748,0.6004071608253672,0.8975453266645346,21,0.9848156658225816,13.45,2,"[552.5999755859375, 579.4000244140625]"
chaotic_stop,1788870066.9698627,35.264326234,1.3457968477861177,0.903,0.0,0.5003985442253748,0.6004071608253672,1.0862542871559313,21,1.069184609156292,69.94,2,"[498.20001220703125, 641.2000122070312]"
chaotic_stop,1788870067.0200567,35.31452014,1.3816860577726768,0.903,0.0,0.5003985442253748,0.6004071608253672,1.2751348421927915,21,1.1504855909142309,88.77,2,"[498.20001220703125, 641.2000122070312]"
chaotic_stop,1788870067.0698655,35.364329086000005,1.400520401536822,0.903,0.0,0.5003985442253748,0.6004071608253672,1.4634909409815933,21,1.2379224958237125,88.77,2,"[445.3999938964844, 679.0]"
chaotic_stop,1788870067.1196837,35.414147228000004,1.401766501076863,0.903,0.0,0.5003985442253748,0.6004071608253672,1.651583219664282,21,1.2916118233997098,166.78,2,"[445.3999938964844, 679.0]"
chaotic_stop,1788870067.1697168,35.464180247,1.3853365504917443,0.903,0.0,0.5003985442253748,0.6004071608253672,1.8402939154916353,21,1.3345632854605078,185.60999999999999,2,"[402.3999938964844, 712.2000122070312]"
chaotic_stop,1788870067.2198005,35.514264010000005,1.3517435343324085,0.903,0.0,0.5003985442253748,0.6004071608253672,2.029172384352883,21,1.3621749396424494,196.37,2,"[402.3999938964844, 712.2000122070312]"
chaotic_stop,1788870067.2699137,35.564377256,1.302164488433721,0.903,0.0,0.5003985442253748,0.6004071608253672,2.218132398913788,21,1.3744467859455345,182.92,2,"[389.79998779296875, 729.4000244140625]"
chaotic_stop,1788870067.3198566,35.614320329,1.2385664162025412,0.903,0.0,0.5003985442253748,0.6004071608253672,2.4065776222933906,21,1.3744467859455345,45.73,2,"[389.79998779296875, 729.4000244140625]"
chaotic_stop,1788870067.3698525,35.664315919,1.1630126573633883,0.903,0.0,0.5003985442253748,0.6004071608253672,2.595196892323578,21,1.3621749396424494,37.66,2,"[383.3999938964844, 720.4000244140625]"
chaotic_stop,1788870067.419849,35.714312182,1.0782403927583732,0.903,0.0,0.5003985442253748,0.6004071608253672,2.783806282256286,21,1.325359400733194,-2.69,2,"[383.3999938964844, 720.4000244140625]"
chaotic_stop,1788870067.469856,35.764319525000005,0.9872315687006229,0.903,0.0,0.5003985442253748,0.6004071608253672,2.972458455765043,21,1.2624661884298827,-2.69,2,"[396.3999938964844, 700.4000244140625]"
chaotic_stop,1788870067.5196872,35.814150783,0.8935040841067439,0.903,0.0,0.5003985442253748,0.6004071608253672,3.16057049841519,21,1.1995729761265714,-16.14,2,"[396.3999938964844, 700.4000244140625]"
chaotic_stop,1788870067.5697496,35.864213086,0.7997484217406587,0.903,0.0,0.5003985442253748,0.6004071608253672,3.349424291553767,21,1.1259418983080607,-18.83,2,"[446.3999938964844, 661.7999877929688]"
chaotic_stop,1788870067.619771,35.914234463,0.7097579757537054,0.903,0.0,0.5003985442253748,0.6004071608253672,3.538075288052063,21,1.047708878125893,-24.21,2,"[446.3999938964844, 661.7999877929688]"
chaotic_stop,1788870067.6697714,35.964234881,0.6266294873613858,0.903,0.0,0.5003985442253748,0.6004071608253672,3.726714295642445,21,0.9633399347921826,-83.39,2,"[498.6000061035156, 612.7999877929688]"
chaotic_stop,1788870067.7198913,36.014354907000005,0.5531868318643511,0.903,0.0,0.5003985442253748,0.6004071608253672,3.9156874836666944,21,0.8789709914584724,-110.28999999999999,2,"[498.6000061035156, 612.7999877929688]"
chaotic_stop,1788870067.7698092,36.064272644,0.4923547951761804,0.903,0.0,0.5003985442253748,0.6004071608253672,4.104116247762086,21,0.7853981633974483,-13.45,2,"[567.4000244140625, 545.7999877929688]"
chaotic_stop,1788870067.819859,36.114322468000005,0.4459961362717623,0.903,0.0,0.5003985442253748,0.6004071608253672,4.2928572025669,21,0.6948932969121955,-18.83,2,"[567.4000244140625, 545.7999877929688]"
chaotic_stop,1788870067.869821,36.164284549,0.4158991551742931,0.903,0.0,0.5003985442253748,0.6004071608253672,4.481335929247685,21,0.6013204688511713,-18.83,2,"[613.2000122070312, 478.79998779296875]"
chaotic_stop,1788870067.9197156,36.214179047,0.40305808003391885,0.903,0.0,0.5003985442253748,0.6004071608253672,4.669665217096117,21,0.5368932757599744,-94.14999999999999,2,"[613.2000122070312, 478.79998779296875]"
chaotic_stop,1788870067.9697382,36.264201814,0.40792628161378397,0.903,0.0,0.5003985442253748,0.6004071608253672,4.858403335003921,21,0.483203948183977,-142.57,2,"[642.0, 403.3999938964844]"
chaotic_stop,1788870068.0198805,36.314344142,0.43041876239151483,0.903,0.0,0.5003985442253748,0.6004071608253672,5.047390843322184,21,0.44945637085049284,-185.60999999999999,2,"[642.0, 403.3999938964844]"
chaotic_stop,1788870068.0698574,36.364320764000006,0.46963068910911915,0.903,0.0,0.5003985442253748,0.6004071608253672,5.23594195237434,21,0.4279806398200939,-164.09,2,"[658.7999877929688, 359.6000061035156]"
chaotic_stop,1788870068.119864,36.414327385,0.5242407038993359,0.903,0.0,0.5003985442253748,0.6004071608253672,5.42460542065664,21,0.42337869745643697,-110.28999999999999,2,"[658.7999877929688, 359.6000061035156]"
chaotic_stop,1788870068.1697478,36.46421126,0.5921530367168871,0.903,0.0,0.5003985442253748,0.6004071608253672,5.612913801479358,21,0.42644665903220824,2.69,2,"[649.5999755859375, 348.3999938964844]"
chaotic_stop,1788870068.2198884,36.514351965,0.6713088385773738,0.903,0.0,0.5003985442253748,0.6004071608253672,5.80179349262071,21,0.44945637085049284,2.69,2,"[649.5999755859375, 348.3999938964844]"
chaotic_stop,1788870068.2697532,36.564216744,0.7584752246936168,0.903,0.0,0.5003985442253748,0.6004071608253672,5.990191918516764,21,0.49854375606283335,2.69,2,"[640.2000122070312, 365.79998779296875]"
chaotic_stop,1788870068.3196905,36.614153789,0.8507741071234172,0.903,0.0,0.5003985442253748,0.6004071608253672,6.17862629981915,21,0.5522330836388308,2.69,2,"[640.2000122070312, 365.79998779296875]"
chaotic_stop,1788870068.3696966,36.664160001,0.9450084300088156,0.903,0.0,0.5003985442253748,0.6004071608253672,0.08404886603953798,22,0.6181942575179133,2.69,2,"[622.4000244140625, 433.6000061035156]"
chaotic_stop,1788870068.4197643,36.71422769,1.0378481135148587,0.903,0.0,0.5003985442253748,0.6004071608253672,0.2728544960606172,22,0.6948932969121955,2.69,2,"[622.4000244140625, 433.6000061035156]"
chaotic_stop,1788870068.4698138,36.764277324000005,1.1258803909874031,0.903,0.0,0.5003985442253748,0.6004071608253672,0.46162739990920443,22,0.7746602978822488,21.52,2,"[588.7999877929688, 527.2000122070312]"
chaotic_stop,1788870068.5198498,36.814313191000004,1.2059738057342793,0.903,0.0,0.5003985442253748,0.6004071608253672,0.6503500054226237,22,0.863631183579616,10.76,2,"[588.7999877929688, 527.2000122070312]"
chaotic_stop,1788870068.5698328,36.864296251,1.2752651592825262,0.903,0.0,0.5003985442253748,0.6004071608253672,0.8389432076889278,22,0.9556700308527545,2.69,2,"[527.5999755859375, 598.2000122070312]"
chaotic_stop,1788870068.6198592,36.914322718,1.3313729565132206,0.903,0.0,0.5003985442253748,0.6004071608253672,1.0276050274020605,22,1.0461748973380072,48.42,2,"[527.5999755859375, 598.2000122070312]"
chaotic_stop,1788870068.6698947,36.964358193,1.3722768557345608,0.903,0.0,0.5003985442253748,0.6004071608253672,1.2162560842598538,22,1.145883648550574,48.42,2,"[485.3999938964844, 647.5999755859375]"
chaotic_stop,1788870068.7197104,37.014173787000004,1.3964902925446467,0.903,0.0,0.5003985442253748,0.6004071608253672,1.4044389889761675,22,1.214912784005428,112.98,2,"[485.3999938964844, 647.5999755859375]"
chaotic_stop,1788870068.7697372,37.064200825,1.4032738611913602,0.903,0.0,0.5003985442253748,0.6004071608253672,1.593120206727221,22,1.2732040539450822,153.32999999999998,2,"[423.6000061035156, 696.0]"
chaotic_stop,1788870068.8197587,37.114222118,1.3923030858601826,0.903,0.0,0.5003985442253748,0.6004071608253672,1.7817734478448273,22,1.320757458369537,172.16,2,"[423.6000061035156, 696.0]"
chaotic_stop,1788870068.8698277,37.164291141,1.3639227280863544,0.903,0.0,0.5003985442253748,0.6004071608253672,1.9706672555668803,22,1.354505035703021,196.37,2,"[393.6000061035156, 726.4000244140625]"
chaotic_stop,1788870068.9198258,37.214289355000005,1.3192345461785417,0.903,0.0,0.5003985442253748,0.6004071608253672,2.159239067931381,22,1.371378824369763,220.57999999999998,2,"[393.6000061035156, 726.4000244140625]"
chaotic_stop,1788870068.9698482,37.264311669,1.2597265961216468,0.903,0.0,0.5003985442253748,0.6004071608253672,2.347989155884747,22,1.371378824369763,94.14999999999999,2,"[389.20001220703125, 726.2000122070312]"
chaotic_stop,1788870069.0199056,37.314369161,1.187547855184094,0.903,0.0,0.5003985442253748,0.6004071608253672,2.5367380856899757,22,1.3652429012182206,-5.38,2,"[389.20001220703125, 726.2000122070312]"
chaotic_stop,1788870069.0699103,37.364373938,1.1053385316837296,0.903,0.0,0.5003985442253748,0.6004071608253672,2.7253194235398297,22,1.3268933815210797,-5.38,2,"[380.20001220703125, 714.7999877929688]"
chaotic_stop,1788870069.1197155,37.414178893,1.0161697931631681,0.903,0.0,0.5003985442253748,0.6004071608253672,2.9134596276744134,22,1.282407938672396,-2.69,2,"[380.20001220703125, 714.7999877929688]"
chaotic_stop,1788870069.1697292,37.464192685,0.9227487522988417,0.903,0.0,0.5003985442253748,0.6004071608253672,3.102116354553786,22,1.2256506495206272,-10.76,2,"[400.20001220703125, 689.5999755859375]"
chaotic_stop,1788870069.2197423,37.514205682000004,0.8286166246894591,0.903,0.0,0.5003985442253748,0.6004071608253672,3.29079386396738,22,1.158155494853659,-32.28,2,"[400.20001220703125, 689.5999755859375]"
chaotic_stop,1788870069.2697873,37.564250740000006,0.7370871732273248,0.903,0.0,0.5003985442253748,0.6004071608253672,3.479550734820819,22,1.081456455459377,-21.52,2,"[461.20001220703125, 645.0]"
chaotic_stop,1788870069.3198564,37.614319974000004,0.6514358382149319,0.903,0.0,0.5003985442253748,0.6004071608253672,3.6683438704230724,22,0.9955535313377811,-40.35,2,"[461.20001220703125, 645.0]"
chaotic_stop,1788870069.3700202,37.664483770000004,0.5746981324664702,0.903,0.0,0.5003985442253748,0.6004071608253672,3.857206468505339,22,0.9081166264282996,-129.12,2,"[528.4000244140625, 591.7999877929688]"
chaotic_stop,1788870069.4198787,37.714342133,0.5097604291039632,0.903,0.0,0.5003985442253748,0.6004071608253672,4.045666502600014,22,0.8160777791551611,-10.76,2,"[528.4000244140625, 591.7999877929688]"
chaotic_stop,1788870069.4698472,37.764310539,0.45873311627033103,0.903,0.0,0.5003985442253748,0.6004071608253672,4.234192030536818,22,0.6994952392758523,-10.76,2,"[590.7999877929688, 521.0]"
chaotic_stop,1788870069.5197978,37.814261301,0.4234684805778316,0.903,0.0,0.5003985442253748,0.6004071608253672,4.422582481432457,22,0.6258641614573416,-134.5,2,"[590.7999877929688, 521.0]"
chaotic_stop,1788870069.5698388,37.864302213,0.40515210095750864,0.903,0.0,0.5003985442253748,0.6004071608253672,4.611378450159279,22,0.5614369683661447,-102.22,2,"[625.2000122070312, 456.6000061035156]"
chaotic_stop,1788870069.61981,37.914273588,0.4045179982010818,0.903,0.0,0.5003985442253748,0.6004071608253672,4.799938730084662,22,0.5016117176386047,-129.12,2,"[625.2000122070312, 456.6000061035156]"
chaotic_stop,1788870069.6698809,37.96434431,0.4215795648986845,0.903,0.0,0.5003985442253748,0.6004071608253672,4.988679307642528,22,0.461728217153578,-185.60999999999999,2,"[657.4000244140625, 382.3999938964844]"
chaotic_stop,1788870069.7199411,38.014404684000006,0.45574916527084997,0.903,0.0,0.5003985442253748,0.6004071608253672,5.177461061704449,22,0.4341165629716365,-180.23,2,"[657.4000244140625, 382.3999938964844]"
chaotic_stop,1788870069.769844,38.064307625000005,0.505710989957002,0.903,0.0,0.5003985442253748,0.6004071608253672,5.365914637331414,22,0.42184471666855133,-182.92,2,"[659.5999755859375, 357.20001220703125]"
chaotic_stop,1788870069.8199449,38.11440819,0.5698705281294227,0.903,0.0,0.5003985442253748,0.6004071608253672,5.554715895060397,22,0.42184471666855133,-53.8,2,"[659.5999755859375, 357.20001220703125]"
chaotic_stop,1788870069.869954,38.164417602,0.6458008745822603,0.903,0.0,0.5003985442253748,0.6004071608253672,5.743357192539733,22,0.44485442848683593,-53.8,2,"[666.4000244140625, 349.79998779296875]"
chaotic_stop,1788870069.9197745,38.214237938000004,0.7306496444616986,0.903,0.0,0.5003985442253748,0.6004071608253672,5.931557816545066,22,0.48013598660820567,2.69,2,"[666.4000244140625, 349.79998779296875]"
chaotic_stop,1788870069.9698746,38.26433799,0.8219312415814436,0.903,0.0,0.5003985442253748,0.6004071608253672,6.120459723759026,22,0.5292233718205462,2.69,2,"[656.2000122070312, 386.79998779296875]"
chaotic_stop,1788870070.019795,38.314258649,0.9158780606629956,0.903,0.0,0.5003985442253748,0.6004071608253672,0.025738449491733206,23,0.5905826033359719,2.69,2,"[656.2000122070312, 386.79998779296875]"
chaotic_stop,1788870070.0698159,38.364279508,1.0094521851483478,0.903,0.0,0.5003985442253748,0.6004071608253672,0.2143729791608493,23,0.6642136811544826,2.69,2,"[615.5999755859375, 449.3999938964844]"
chaotic_stop,1788870070.1198418,38.414305467000005,1.0992917042554036,0.903,0.0,0.5003985442253748,0.6004071608253672,0.40309888935748717,23,0.7439806821245359,10.76,2,"[615.5999755859375, 449.3999938964844]"
chaotic_stop,1788870070.1698656,38.464329151,1.182142083761558,0.903,0.0,0.5003985442253748,0.6004071608253672,0.591780367408937,23,0.8298836062461319,26.9,2,"[558.5999755859375, 559.4000244140625]"
chaotic_stop,1788870070.2199206,38.514384314000004,1.2551158201856292,0.903,0.0,0.5003985442253748,0.6004071608253672,0.7805506154390329,23,0.9249904150950417,2.69,2,"[558.5999755859375, 559.4000244140625]"
chaotic_stop,1788870070.269851,38.564314378000006,1.3154839107816843,0.903,0.0,0.5003985442253748,0.6004071608253672,0.968983699011936,23,1.0369710126106935,2.69,2,"[513.5999755859375, 618.4000244140625]"
chaotic_stop,1788870070.3197184,38.614181848,1.361214132476214,0.903,0.0,0.5003985442253748,0.6004071608253672,1.157242317190132,23,1.1152040327928612,83.39,2,"[513.5999755859375, 618.4000244140625]"
chaotic_stop,1788870070.3697116,38.664175263000004,1.3907912195788,0.903,0.0,0.5003985442253748,0.6004071608253672,1.3458470971651693,23,1.1903690913992575,107.6,2,"[472.0, 660.0]"
chaotic_stop,1788870070.419871,38.714334648000005,1.4030770020508467,0.903,0.0,0.5003985442253748,0.6004071608253672,1.5349454972229566,23,1.2532623037025687,142.57,2,"[472.0, 660.0]"
chaotic_stop,1788870070.4697928,38.764256461,1.3975880931648486,0.903,0.0,0.5003985442253748,0.6004071608253672,1.723336080155029,23,1.303883669702795,174.85,2,"[413.3999938964844, 706.4000244140625]"
chaotic_stop,1788870070.5200164,38.81447998,1.374497115727256,0.903,0.0,0.5003985442253748,0.6004071608253672,1.9123267648925761,23,1.3437671701878218,193.68,2,"[413.3999938964844, 706.4000244140625]"
chaotic_stop,1788870070.5697477,38.864210952,1.334829839143517,0.903,0.0,0.5003985442253748,0.6004071608253672,2.100470356704726,23,1.368310862793992,212.51,2,"[371.6000061035156, 735.0]"
chaotic_stop,1788870070.6198602,38.914323517,1.2796666488452084,0.903,0.0,0.5003985442253748,0.6004071608253672,2.2893884704474416,23,1.37598076673342,174.85,2,"[371.6000061035156, 735.0]"
chaotic_stop,1788870070.6698337,38.964296987000004,1.2112767874632553,0.903,0.0,0.5003985442253748,0.6004071608253672,2.4778585053586184,23,1.371378824369763,174.85,2,"[401.6000061035156, 731.4000244140625]"
chaotic_stop,1788870070.7198045,39.01426791,1.1319338534065384,0.903,0.0,0.5003985442253748,0.6004071608253672,2.666407565959865,23,1.3437671701878218,-5.38,2,"[401.6000061035156, 731.4000244140625]"
chaotic_stop,1788870070.7697868,39.064250315,1.0444640355684653,0.903,0.0,0.5003985442253748,0.6004071608253672,2.8549820379153275,23,1.3023496889149093,-2.69,2,"[388.3999938964844, 759.5999755859375]"
chaotic_stop,1788870070.8198433,39.114306611,0.9518656314878949,0.903,0.0,0.5003985442253748,0.6004071608253672,3.0437833522313653,23,1.248660361338912,-2.69,2,"[388.3999938964844, 759.5999755859375]"
chaotic_stop,1788870070.8698547,39.164317978,0.8576113699225123,0.903,0.0,0.5003985442253748,0.6004071608253672,3.232422454133477,23,1.184233168247715,-21.52,2,"[417.0, 673.4000244140625]"
chaotic_stop,1788870070.9199328,39.214396244,0.7648786738637767,0.903,0.0,0.5003985442253748,0.6004071608253672,3.4212461656006425,23,1.1075341288534328,-21.52,2,"[417.0, 673.4000244140625]"
chaotic_stop,1788870070.9699273,39.264390633000005,0.6771528876558259,0.903,0.0,0.5003985442253748,0.6004071608253672,3.609852877080037,23,1.0246991663076084,-13.45,2,"[472.20001220703125, 636.2000122070312]"
chaotic_stop,1788870071.0199475,39.314411208,0.5974187189293183,0.903,0.0,0.5003985442253748,0.6004071608253672,3.7985063747255694,23,0.9372622613981267,-99.53,2,"[472.20001220703125, 636.2000122070312]"
chaotic_stop,1788870071.0699518,39.364415380000004,0.5285298998403811,0.903,0.0,0.5003985442253748,0.6004071608253672,3.9871541910321113,23,0.8252816638824749,-99.53,2,"[554.0, 560.0]"
chaotic_stop,1788870071.1197386,39.414201912,0.47307624777997953,0.903,0.0,0.5003985442253748,0.6004071608253672,4.175223721723988,23,0.7317088358214509,-5.38,2,"[554.0, 560.0]"
chaotic_stop,1788870071.1698153,39.464278957000005,0.43264198008782506,0.903,0.0,0.5003985442253748,0.6004071608253672,4.364125670435094,23,0.6504078540635119,-94.14999999999999,2,"[603.7999877929688, 500.3999938964844]"
chaotic_stop,1788870071.2198148,39.514278134,0.4089651937160047,0.903,0.0,0.5003985442253748,0.6004071608253672,4.552736946602515,23,0.5844466801844292,-139.88,2,"[603.7999877929688, 500.3999938964844]"
chaotic_stop,1788870071.2698405,39.564304066000005,0.4028125629567846,0.903,0.0,0.5003985442253748,0.6004071608253672,4.741437483169641,23,0.521553467881118,-104.91,2,"[631.2000122070312, 420.6000061035156]"
chaotic_stop,1788870071.3198729,39.61433641,0.41441862272428015,0.903,0.0,0.5003985442253748,0.6004071608253672,4.930145949467537,23,0.4724660826687775,-172.16,2,"[631.2000122070312, 420.6000061035156]"
chaotic_stop,1788870071.3698635,39.664326987,0.44335190024947624,0.903,0.0,0.5003985442253748,0.6004071608253672,5.118753177775254,23,0.4433204476989503,-174.85,2,"[662.7999877929688, 369.0]"
chaotic_stop,1788870071.4199755,39.714438986000005,0.4887078852791837,0.903,0.0,0.5003985442253748,0.6004071608253672,5.307788852983485,23,0.43104860139586515,-188.29999999999998,2,"[662.7999877929688, 369.0]"
chaotic_stop,1788870071.469853,39.764316446,0.548488014072412,0.903,0.0,0.5003985442253748,0.6004071608253672,5.495872605885204,23,0.4295146206079795,-188.29999999999998,2,"[655.2000122070312, 350.0]"
chaotic_stop,1788870071.5196989,39.814162199,0.6208592684765997,0.903,0.0,0.5003985442253748,0.6004071608253672,5.684166922941806,23,0.4387185053352934,2.69,2,"[655.2000122070312, 350.0]"
chaotic_stop,1788870071.56974,39.864203655000004,0.7034046183490339,0.903,0.0,0.5003985442253748,0.6004071608253672,5.8728979787867885,23,0.4663301595172349,2.69,2,"[643.5999755859375, 389.3999938964844]"
chaotic_stop,1788870071.619928,39.914391439,0.7931707419673684,0.903,0.0,0.5003985442253748,0.6004071608253672,6.061900207280864,23,0.5108156023659185,2.69,2,"[643.5999755859375, 389.3999938964844]"
chaotic_stop,1788870071.6698265,39.964289978000004,0.8865801550727546,0.903,0.0,0.5003985442253748,0.6004071608253672,6.2503658812173555,23,0.5675728915176872,2.69,2,"[628.7999877929688, 425.20001220703125]"
chaotic_stop,1788870071.7198708,40.014334229,0.9807228195623804,0.903,0.0,0.5003985442253748,0.6004071608253672,0.1559532326758415,24,0.6350680461846554,5.38,2,"[628.7999877929688, 425.20001220703125]"
chaotic_stop,1788870071.7698014,40.064264919,1.071949700568182,0.903,0.0,0.5003985442253748,0.6004071608253672,0.3443982032999884,24,0.7163690279425944,10.76,2,"[586.0, 513.5999755859375]"
chaotic_stop,1788870071.8198476,40.11431108,1.1573101189039927,0.903,0.0,0.5003985442253748,0.6004071608253672,0.5331110720697438,24,0.8022719520641903,37.66,2,"[586.0, 513.5999755859375]"
chaotic_stop,1788870071.869943,40.164406269000004,1.2336775793151178,0.903,0.0,0.5003985442253748,0.6004071608253672,0.7219219948654825,24,0.9173205111556134,37.66,2,"[549.0, 594.0]"
chaotic_stop,1788870071.9198236,40.214287318000004,1.2981378615729375,0.903,0.0,0.5003985442253748,0.6004071608253672,0.9102323222824396,24,1.0062913968529805,29.59,2,"[549.0, 594.0]"
chaotic_stop,1788870071.9697382,40.264201826000004,1.3486633749926935,0.903,0.0,0.5003985442253748,0.6004071608253672,1.098699818321677,24,1.0875923786109196,75.32,2,"[484.20001220703125, 635.7999877929688]"
chaotic_stop,1788870072.0197334,40.314196824,1.3834258103102632,0.903,0.0,0.5003985442253748,0.6004071608253672,1.2873107625117939,24,1.162757437217316,78.01,2,"[484.20001220703125, 635.7999877929688]"
chaotic_stop,1788870072.0698485,40.364311867000005,1.4011599814234101,0.903,0.0,0.5003985442253748,0.6004071608253672,1.4761718138815922,24,1.2302525918842842,126.42999999999999,2,"[421.6000061035156, 690.0]"
chaotic_stop,1788870072.1199446,40.41440816,1.4011775724407485,0.903,0.0,0.5003985442253748,0.6004071608253672,1.665048041896,24,1.2854759002481673,164.09,2,"[421.6000061035156, 690.0]"
chaotic_stop,1788870072.1698494,40.464312916000004,1.383538918325016,0.903,0.0,0.5003985442253748,0.6004071608253672,1.8534726411851068,24,1.3299613430968509,182.92,2,"[367.3999938964844, 728.2000122070312]"
chaotic_stop,1788870072.2199428,40.514406363,1.3488037197003213,0.903,0.0,0.5003985442253748,0.6004071608253672,2.0422757210168356,24,1.3606409588545638,196.37,2,"[367.3999938964844, 728.2000122070312]"
chaotic_stop,1788870072.2698598,40.564323263000006,1.2983189708154272,0.903,0.0,0.5003985442253748,0.6004071608253672,2.2307702241648713,24,1.3744467859455345,196.37,2,"[391.6000061035156, 719.0]"
chaotic_stop,1788870072.3197272,40.614190619000006,1.2339151581923469,0.903,0.0,0.5003985442253748,0.6004071608253672,2.4190378962697423,24,1.3744467859455345,69.94,2,"[391.6000061035156, 719.0]"
chaotic_stop,1788870072.369855,40.664318416,1.1575093463525472,0.903,0.0,0.5003985442253748,0.6004071608253672,2.6080192290555146,24,1.3560390164909069,43.04,2,"[386.6000061035156, 693.0]"
chaotic_stop,1788870072.419865,40.714328356,1.0722104003432635,0.903,0.0,0.5003985442253748,0.6004071608253672,2.796640909693707,24,1.3192234775816514,-2.69,2,"[386.6000061035156, 693.0]"
chaotic_stop,1788870072.469864,40.764327304000005,0.9808975652266622,0.903,0.0,0.5003985442253748,0.6004071608253672,2.9852859079655616,24,1.2686021115814252,-2.69,2,"[393.20001220703125, 701.7999877929688]"
chaotic_stop,1788870072.5198386,40.814302177,0.8868692990855611,0.903,0.0,0.5003985442253748,0.6004071608253672,3.1738339462275746,24,1.2087768608538851,-5.38,2,"[393.20001220703125, 701.7999877929688]"
chaotic_stop,1788870072.5698717,40.864335267,0.7933261575368687,0.903,0.0,0.5003985442253748,0.6004071608253672,3.362559418817767,24,1.1351457830353744,-26.9,2,"[437.0, 663.0]"
chaotic_stop,1788870072.6198797,40.914343384000006,0.7037194004504276,0.903,0.0,0.5003985442253748,0.6004071608253672,3.5511940880682573,24,1.05231082048955,-29.59,2,"[437.0, 663.0]"
chaotic_stop,1788870072.6698568,40.964320397,0.6212211908818663,0.903,0.0,0.5003985442253748,0.6004071608253672,3.739735554688508,24,0.9418642037617837,-29.59,2,"[507.0, 612.7999877929688]"
chaotic_stop,1788870072.7197156,41.014179099,0.5488192261790792,0.903,0.0,0.5003985442253748,0.6004071608253672,3.9279679353416554,24,0.8620972027917303,-86.08,2,"[507.0, 612.7999877929688]"
chaotic_stop,1788870072.7699556,41.064419177000005,0.4886628671426633,0.903,0.0,0.5003985442253748,0.6004071608253672,4.11714953721318,24,0.7639224323670493,-8.07,2,"[568.7999877929688, 550.5999755859375]"
chaotic_stop,1788870072.819867,41.11433043,0.4434234422489509,0.903,0.0,0.5003985442253748,0.6004071608253672,4.305663234685795,24,0.679553489033339,-51.11,2,"[568.7999877929688, 550.5999755859375]"
chaotic_stop,1788870072.869827,41.164290286,0.41447000309314125,0.903,0.0,0.5003985442253748,0.6004071608253672,4.4941572436403305,24,0.6089903727905995,-126.42999999999999,2,"[587.4000244140625, 482.6000061035156]"
chaotic_stop,1788870072.9197981,41.214261561,0.40282203429178765,0.903,0.0,0.5003985442253748,0.6004071608253672,4.6826959488129205,24,0.5445631796994026,-104.91,2,"[587.4000244140625, 482.6000061035156]"
chaotic_stop,1788870072.9698036,41.26426703,0.40891462442702414,0.903,0.0,0.5003985442253748,0.6004071608253672,4.871404068043631,24,0.48933987133551954,-153.32999999999998,2,"[648.2000122070312, 410.0]"
chaotic_stop,1788870073.019841,41.314304410000005,0.4325402525787639,0.903,0.0,0.5003985442253748,0.6004071608253672,5.060056098198544,24,0.45252433242626416,-199.06,2,"[648.2000122070312, 410.0]"
chaotic_stop,1788870073.0698285,41.364291956,0.47284110920162753,0.903,0.0,0.5003985442253748,0.6004071608253672,5.24863521783638,24,0.42644665903220824,-199.06,2,"[664.0, 354.20001220703125]"
chaotic_stop,1788870073.1197205,41.414184134,0.5283128174793869,0.903,0.0,0.5003985442253748,0.6004071608253672,5.436969507979285,24,0.4249126782443226,-86.08,2,"[664.0, 354.20001220703125]"
chaotic_stop,1788870073.1697516,41.464215221,0.5971587747074172,0.903,0.0,0.5003985442253748,0.6004071608253672,5.625615419188762,24,0.43104860139586515,2.69,2,"[648.2000122070312, 393.3999938964844]"
chaotic_stop,1788870073.2197661,41.514229645,0.6768937744970307,0.903,0.0,0.5003985442253748,0.6004071608253672,5.814344720835436,24,0.4540583132141498,2.69,2,"[648.2000122070312, 393.3999938964844]"
chaotic_stop,1788870073.269811,41.564274359,0.7646763337957605,0.903,0.0,0.5003985442253748,0.6004071608253672,6.003111068132142,24,0.49394181369917645,2.69,2,"[641.5999755859375, 365.3999938964844]"
chaotic_stop,1788870073.3198748,41.614338182000004,0.8573859947881585,0.903,0.0,0.5003985442253748,0.6004071608253672,6.191903241754687,24,0.5460971604872883,2.69,2,"[641.5999755859375, 365.3999938964844]"
chaotic_stop,1788870073.369861,41.664324486000005,0.9516064586174292,0.903,0.0,0.5003985442253748,0.6004071608253672,0.09728889436150467,25,0.6105243535784852,2.69,2,"[617.5999755859375, 438.0]"
chaotic_stop,1788870073.4198728,41.714336234,1.044165712438039,0.903,0.0,0.5003985442253748,0.6004071608253672,0.285989147993412,25,0.6887573737606529,5.38,2,"[617.5999755859375, 438.0]"
chaotic_stop,1788870073.4698122,41.764275466,1.1315732374845242,0.903,0.0,0.5003985442253748,0.6004071608253672,0.4743748078528327,25,0.7930680673368765,5.38,2,"[563.2000122070312, 534.0]"
chaotic_stop,1788870073.5197065,41.814169919,1.2108886922456128,0.903,0.0,0.5003985442253748,0.6004071608253672,0.6627499198876663,25,0.8820389530342436,10.76,2,"[563.2000122070312, 534.0]"
chaotic_stop,1788870073.5697863,41.864249799,1.2794575808601016,0.903,0.0,0.5003985442253748,0.6004071608253672,0.851569768346117,25,0.9725438195194965,5.38,2,"[494.3999938964844, 611.4000244140625]"
chaotic_stop,1788870073.6197793,41.914242895,1.3345949186747228,0.903,0.0,0.5003985442253748,0.6004071608253672,1.0401938595922857,25,1.0584467436410925,56.49,2,"[494.3999938964844, 611.4000244140625]"
chaotic_stop,1788870073.669868,41.964331281,1.3744655085265503,0.903,0.0,0.5003985442253748,0.6004071608253672,1.2290773496103853,25,1.1366797638232602,86.08,2,"[566.2000122070312, 643.4000244140625]"
chaotic_stop,1788870073.7198706,42.014334091,1.3975465190591136,0.903,0.0,0.5003985442253748,0.6004071608253672,1.4177107664010364,25,1.2072428800659996,112.98,2,"[566.2000122070312, 643.4000244140625]"
chaotic_stop,1788870073.769874,42.064337584,1.4030823503162595,0.903,0.0,0.5003985442253748,0.6004071608253672,1.6063477179955399,25,1.2670681307935396,150.64,2,"[463.0, 690.4000244140625]"
chaotic_stop,1788870073.819949,42.114412429000005,1.3908449203927762,0.903,0.0,0.5003985442253748,0.6004071608253672,1.7952639341861314,25,1.3176894967937658,174.85,2,"[463.0, 690.4000244140625]"
chaotic_stop,1788870073.869808,42.164271413,1.3613890915060622,0.903,0.0,0.5003985442253748,0.6004071608253672,1.9834794330385037,25,1.359106978066678,174.85,2,"[392.79998779296875, 705.2000122070312]"
chaotic_stop,1788870073.919709,42.214172572,1.3157291347000335,0.903,0.0,0.5003985442253748,0.6004071608253672,2.1717427932108038,25,1.3698448435818775,204.44,2,"[392.79998779296875, 705.2000122070312]"
chaotic_stop,1788870073.969871,42.264334456,1.2551882298375934,0.903,0.0,0.5003985442253748,0.6004071608253672,2.360838360144051,25,1.3698448435818775,83.39,2,"[388.20001220703125, 725.0]"
chaotic_stop,1788870074.0198622,42.314325651000004,1.1823010650574164,0.903,0.0,0.5003985442253748,0.6004071608253672,2.549429430965098,25,1.3621749396424494,-5.38,2,"[388.20001220703125, 725.0]"
chaotic_stop,1788870074.0698476,42.364311087000004,1.0995176128103878,0.903,0.0,0.5003985442253748,0.6004071608253672,2.73800291830603,25,1.3314953238847365,-5.38,2,"[379.79998779296875, 712.7999877929688]"
chaotic_stop,1788870074.1198676,42.414330929,1.00971138652787,0.903,0.0,0.5003985442253748,0.6004071608253672,2.9266895193710027,25,1.2854759002481673,-2.69,2,"[379.79998779296875, 712.7999877929688]"
chaotic_stop,1788870074.1698623,42.464325628000005,0.9161573223589774,0.903,0.0,0.5003985442253748,0.6004071608253672,3.115295936597768,25,1.23178657267217,-2.69,2,"[401.79998779296875, 686.7999877929688]"
chaotic_stop,1788870074.2198987,42.514362232,0.822082708976472,0.903,0.0,0.5003985442253748,0.6004071608253672,3.304011498910718,25,1.162757437217316,-10.76,2,"[401.79998779296875, 686.7999877929688]"
chaotic_stop,1788870074.2698507,42.564314154,0.7309833545995832,0.903,0.0,0.5003985442253748,0.6004071608253672,3.49250988392982,25,1.0630486860047492,-10.76,2,"[435.3999938964844, 662.5999755859375]"
chaotic_stop,1788870074.3197193,42.614182649,0.6460980602510931,0.903,0.0,0.5003985442253748,0.6004071608253672,3.6807285592014765,25,0.9756117810952678,-61.87,2,"[435.3999938964844, 662.5999755859375]"
chaotic_stop,1788870074.3698702,42.664333586000005,0.5699674391614133,0.903,0.0,0.5003985442253748,0.6004071608253672,3.8698025551544006,25,0.8912428377615575,-129.12,2,"[534.7999877929688, 579.4000244140625]"
chaotic_stop,1788870074.4197588,42.714222111000005,0.5059442423372025,0.903,0.0,0.5003985442253748,0.6004071608253672,4.058097026882258,25,0.7992039904884191,-13.45,2,"[534.7999877929688, 579.4000244140625]"
chaotic_stop,1788870074.4698644,42.76432775,0.4558098285300471,0.903,0.0,0.5003985442253748,0.6004071608253672,4.247046663379713,25,0.7086991240031663,-21.52,2,"[581.2000122070312, 523.4000244140625]"
chaotic_stop,1788870074.5199072,42.814370699,0.4216217731935638,0.903,0.0,0.5003985442253748,0.6004071608253672,4.43578961004841,25,0.6335340653967698,-129.12,2,"[581.2000122070312, 523.4000244140625]"
chaotic_stop,1788870074.5698195,42.864282951,0.40454826517177367,0.903,0.0,0.5003985442253748,0.6004071608253672,4.624150179213508,25,0.5660389107298016,-115.67,2,"[618.2000122070312, 422.79998779296875]"
chaotic_stop,1788870074.619859,42.914322657,0.40512660637214953,0.903,0.0,0.5003985442253748,0.6004071608253672,4.812892997618242,25,0.5031456984264903,-118.36,2,"[618.2000122070312, 422.79998779296875]"
chaotic_stop,1788870074.6698442,42.964307596000005,0.42336373578828523,0.903,0.0,0.5003985442253748,0.6004071608253672,5.001462082487343,25,0.4540583132141498,-118.36,2,"[649.4000244140625, 387.6000061035156]"
chaotic_stop,1788870074.7197337,43.014197092,0.45854464878296713,0.903,0.0,0.5003985442253748,0.6004071608253672,5.189766830421981,25,0.4295146206079795,-174.85,2,"[649.4000244140625, 387.6000061035156]"
chaotic_stop,1788870074.7698681,43.064331749000004,0.5096654949812698,0.903,0.0,0.5003985442253748,0.6004071608253672,5.378804618213088,25,0.4203107358806657,-131.81,2,"[657.2000122070312, 350.3999938964844]"
chaotic_stop,1788870074.8198524,43.11431584,0.5746261851529604,0.903,0.0,0.5003985442253748,0.6004071608253672,5.567380961313411,25,0.42184471666855133,2.69,2,"[657.2000122070312, 350.3999938964844]"
chaotic_stop,1788870074.8697898,43.164253247000005,0.65116722518289,0.903,0.0,0.5003985442253748,0.6004071608253672,5.755813003684757,25,0.440252486123179,2.69,2,"[656.0, 345.20001220703125]"
chaotic_stop,1788870074.9198623,43.214325970000004,0.7368227618328815,0.903,0.0,0.5003985442253748,0.6004071608253672,5.944667087303465,25,0.47553404424454876,2.69,2,"[656.0, 345.20001220703125]"
chaotic_stop,1788870074.9698591,43.26432269,0.8282572235633053,0.903,0.0,0.5003985442253748,0.6004071608253672,6.133257758242742,25,0.5246214294568893,2.69,2,"[629.5999755859375, 385.3999938964844]"
chaotic_stop,1788870075.0198462,43.314309853000005,0.9223583047293765,0.903,0.0,0.5003985442253748,0.6004071608253672,0.03869542943083104,26,0.5890486225480862,5.38,2,"[629.5999755859375, 385.3999938964844]"
chaotic_stop,1788870075.0698438,43.364307386,1.0157403230667097,0.903,0.0,0.5003985442253748,0.6004071608253672,0.22725203119851756,26,0.6826214506091103,5.38,2,"[611.7999877929688, 469.6000061035156]"
chaotic_stop,1788870075.1197321,43.414195445000004,1.1050044657784854,0.903,0.0,0.5003985442253748,0.6004071608253672,0.41554341327388045,26,0.7623884515791637,18.83,2,"[611.7999877929688, 469.6000061035156]"
chaotic_stop,1788870075.169758,43.464221528,1.1873135738440435,0.903,0.0,0.5003985442253748,0.6004071608253672,0.6042855111369505,26,0.8498253564886452,24.21,2,"[564.4000244140625, 542.7999877929688]"
chaotic_stop,1788870075.2197907,43.514254229,1.2595296345783145,0.903,0.0,0.5003985442253748,0.6004071608253672,0.7930423857628597,26,0.9433981845496693,2.69,2,"[564.4000244140625, 542.7999877929688]"
chaotic_stop,1788870075.2698586,43.564322179,1.3190861756502743,0.903,0.0,0.5003985442253748,0.6004071608253672,0.981819620406398,26,1.0277671278833795,34.97,2,"[516.0, 635.4000244140625]"
chaotic_stop,1788870075.3198235,43.614286827,1.363818694116676,0.903,0.0,0.5003985442253748,0.6004071608253672,1.170391693071295,26,1.1075341288534328,91.46,2,"[516.0, 635.4000244140625]"
chaotic_stop,1788870075.3698766,43.664340152,1.3922266287170055,0.903,0.0,0.5003985442253748,0.6004071608253672,1.3590908300522386,26,1.1857671490356005,99.53,2,"[464.79998779296875, 635.7999877929688]"
chaotic_stop,1788870075.4199185,43.714382003000004,1.4032649361376555,0.903,0.0,0.5003985442253748,0.6004071608253672,1.54768722760015,26,1.2517283229146832,134.5,2,"[464.79998779296875, 635.7999877929688]"
chaotic_stop,1788870075.4698062,43.764269701,1.396581753550497,0.903,0.0,0.5003985442253748,0.6004071608253672,1.7360462311904286,26,1.3146215352179944,134.5,2,"[408.0, 694.4000244140625]"
chaotic_stop,1788870075.519701,43.814164595,1.372423049256982,0.903,0.0,0.5003985442253748,0.6004071608253672,1.9244940538014674,26,1.35143707412725,207.13,2,"[408.0, 694.4000244140625]"
chaotic_stop,1788870075.5697424,43.864205828,1.3315671871560317,0.903,0.0,0.5003985442253748,0.6004071608253672,2.1132361931616828,26,1.3698448435818775,209.82,2,"[391.20001220703125, 731.4000244140625]"
chaotic_stop,1788870075.6197896,43.914253152,1.275494912501884,0.903,0.0,0.5003985442253748,0.6004071608253672,2.3019621033583206,26,1.3744467859455345,131.81,2,"[391.20001220703125, 731.4000244140625]"
chaotic_stop,1788870075.6698043,43.96426788,1.206223343525486,0.903,0.0,0.5003985442253748,0.6004071608253672,2.490615917891276,26,1.371378824369763,0.0,2,"[388.20001220703125, 726.5999755859375]"
chaotic_stop,1788870075.719931,44.014394529,1.126078957290184,0.903,0.0,0.5003985442253748,0.6004071608253672,2.6795219974564333,26,1.3453011509757073,-5.38,2,"[388.20001220703125, 726.5999755859375]"
chaotic_stop,1788870075.769925,44.064388723,1.0381403776490266,0.903,0.0,0.5003985442253748,0.6004071608253672,2.868131606192364,26,1.3054176504906807,-2.69,2,"[384.3999938964844, 711.7999877929688]"
chaotic_stop,1788870075.8199427,44.114406129,0.9453740311450486,0.903,0.0,0.5003985442253748,0.6004071608253672,3.0568105566892854,26,1.2501943421267976,-5.38,2,"[384.3999938964844, 711.7999877929688]"
chaotic_stop,1788870075.869935,44.164398354,0.8510805539776636,0.903,0.0,0.5003985442253748,0.6004071608253672,3.245535912332926,26,1.1658253987930873,-5.38,2,"[418.20001220703125, 675.2000122070312]"
chaotic_stop,1788870075.9197242,44.21418761,0.7589867222590689,0.903,0.0,0.5003985442253748,0.6004071608253672,3.433518532873606,26,1.0891263593988052,-34.97,2,"[418.20001220703125, 675.2000122070312]"
chaotic_stop,1788870075.969816,44.264279322,0.6715778523587462,0.903,0.0,0.5003985442253748,0.6004071608253672,3.6223780337584657,26,1.004757416065095,-32.28,2,"[498.0, 633.0]"
chaotic_stop,1788870076.0198095,44.314272904000006,0.5924765563280399,0.903,0.0,0.5003985442253748,0.6004071608253672,3.811039415865153,26,0.9188544919434991,-134.5,2,"[498.0, 633.0]"
chaotic_stop,1788870076.069952,44.36441554,0.5242875124420165,0.903,0.0,0.5003985442253748,0.6004071608253672,4.0000294140132695,26,0.8360195293976744,-26.9,2,"[544.5999755859375, 567.2000122070312]"
chaotic_stop,1788870076.1198852,44.414348766,0.4697204289823738,0.903,0.0,0.5003985442253748,0.6004071608253672,4.188477417702856,26,0.7393787397608791,-18.83,2,"[544.5999755859375, 567.2000122070312]"
chaotic_stop,1788870076.169879,44.464342321000004,0.43046974690966117,0.903,0.0,0.5003985442253748,0.6004071608253672,4.377077350054648,26,0.6565437772150544,-96.84,2,"[593.7999877929688, 496.0]"
chaotic_stop,1788870076.2197704,44.514233934,0.4079949432306551,0.903,0.0,0.5003985442253748,0.6004071608253672,4.565434554177003,26,0.5875146417602005,-147.95,2,"[593.7999877929688, 496.0]"
chaotic_stop,1788870076.269778,44.564241579000004,0.40303414981683894,0.903,0.0,0.5003985442253748,0.6004071608253672,4.753978005116167,26,0.5092816215780329,-147.95,2,"[632.5999755859375, 423.3999938964844]"
chaotic_stop,1788870076.319706,44.614169344000004,0.41578888103815087,0.903,0.0,0.5003985442253748,0.6004071608253672,4.942477740679337,26,0.46479617872934925,-180.23,2,"[632.5999755859375, 423.3999938964844]"
chaotic_stop,1788870076.3698559,44.664319433,0.44591446824467984,0.903,0.0,0.5003985442253748,0.6004071608253672,5.131519908307482,26,0.43718452454740775,-188.29999999999998,2,"[655.7999877929688, 364.3999938964844]"
chaotic_stop,1788870076.4197392,44.714202676,0.49211703028224324,0.903,0.0,0.5003985442253748,0.6004071608253672,5.319829733985998,26,0.42184471666855133,-196.37,2,"[655.7999877929688, 364.3999938964844]"
chaotic_stop,1788870076.4700634,44.764526963,0.5532913879593626,0.903,0.0,0.5003985442253748,0.6004071608253672,5.509382644935741,26,0.4203107358806657,-88.77,2,"[651.2000122070312, 347.79998779296875]"
chaotic_stop,1788870076.519857,44.814320411000004,0.6263593945535809,0.903,0.0,0.5003985442253748,0.6004071608253672,5.6974160617775595,26,0.4295146206079795,2.69,2,"[651.2000122070312, 347.79998779296875]"
chaotic_stop,1788870076.5697854,44.864249032000004,0.7093551888062122,0.903,0.0,0.5003985442253748,0.6004071608253672,5.885829886893916,26,0.461728217153578,2.69,2,"[641.2000122070312, 356.6000061035156]"
chaotic_stop,1788870076.6200583,44.914521748000006,0.7994107112170528,0.903,0.0,0.5003985442253748,0.6004071608253672,6.074663893430213,26,0.5092816215780329,2.69,2,"[641.2000122070312, 356.6000061035156]"
chaotic_stop,1788870076.670058,44.964521666,0.8931942758763356,0.903,0.0,0.5003985442253748,0.6004071608253672,6.263588224202593,26,0.5829126993965437,2.69,2,"[632.7999877929688, 408.79998779296875]"
chaotic_stop,1788870076.7197268,45.014190143,0.9868422485605831,0.903,0.0,0.5003985442253748,0.6004071608253672,0.16834496842721336,27,0.6519418348513975,2.69,2,"[632.7999877929688, 408.79998779296875]"
chaotic_stop,1788870076.7697158,45.064179188000004,1.0778221524552771,0.903,0.0,0.5003985442253748,0.6004071608253672,0.3568941987895684,27,0.7332428166093364,13.45,2,"[586.5999755859375, 503.20001220703125]"
chaotic_stop,1788870076.8198895,45.114353095000006,1.1628331737424027,0.903,0.0,0.5003985442253748,0.6004071608253672,0.5459760112991816,27,0.8176117599430467,29.59,2,"[586.5999755859375, 503.20001220703125]"
chaotic_stop,1788870076.8699188,45.164382200000006,1.2384209688518901,0.903,0.0,0.5003985442253748,0.6004071608253672,0.7346232768251681,27,0.9096506072161852,2.69,2,"[545.4000244140625, 581.4000244140625]"
chaotic_stop,1788870076.9198716,45.214335008000006,1.3020890021341476,0.903,0.0,0.5003985442253748,0.6004071608253672,0.9232101526601966,27,0.9970875121256667,16.14,2,"[545.4000244140625, 581.4000244140625]"
chaotic_stop,1788870076.969861,45.264324382000005,1.3516074783122807,0.903,0.0,0.5003985442253748,0.6004071608253672,1.111806188051041,27,1.081456455459377,96.84,2,"[504.20001220703125, 634.4000244140625]"
chaotic_stop,1788870077.0199325,45.31439597,1.385254559055886,0.903,0.0,0.5003985442253748,0.6004071608253672,1.3006840080475612,27,1.1612234564294304,99.53,2,"[504.20001220703125, 634.4000244140625]"
chaotic_stop,1788870077.0697744,45.364237813,1.4017175934213808,0.903,0.0,0.5003985442253748,0.6004071608253672,1.4888072247522004,27,1.2455923997631406,99.53,2,"[441.20001220703125, 682.5999755859375]"
chaotic_stop,1788870077.1197338,45.414197347000005,1.400563995178977,0.903,0.0,0.5003985442253748,0.6004071608253672,1.6772851893941763,27,1.2977477465512524,180.23,2,"[441.20001220703125, 682.5999755859375]"
chaotic_stop,1788870077.1697896,45.464252988000005,1.3817384444552607,0.903,0.0,0.5003985442253748,0.6004071608253672,1.8660983002221982,27,1.337631247036279,190.99,2,"[400.6000061035156, 716.7999877929688]"
chaotic_stop,1788870077.2198007,45.514264167,1.3459301142436337,0.903,0.0,0.5003985442253748,0.6004071608253672,2.054766310557703,27,1.3652429012182206,217.89,2,"[400.6000061035156, 716.7999877929688]"
chaotic_stop,1788870077.2698293,45.564292607000006,1.2944084069663258,0.903,0.0,0.5003985442253748,0.6004071608253672,2.2434141721338605,27,1.3744467859455345,180.23,2,"[386.6000061035156, 728.4000244140625]"
chaotic_stop,1788870077.3197887,45.614252061,1.2290142214622886,0.903,0.0,0.5003985442253748,0.6004071608253672,2.4320206534926214,27,1.3744467859455345,69.94,2,"[386.6000061035156, 728.4000244140625]"
chaotic_stop,1788870077.3698943,45.664357729,1.1519342129452619,0.903,0.0,0.5003985442253748,0.6004071608253672,2.620910628385694,27,1.3575729972787924,-5.38,2,"[380.3999938964844, 719.0]"
chaotic_stop,1788870077.4198701,45.714333499000006,1.0661491582454072,0.903,0.0,0.5003985442253748,0.6004071608253672,2.8094826746432986,27,1.320757458369537,-2.69,2,"[380.3999938964844, 719.0]"
chaotic_stop,1788870077.4698153,45.764278600000004,0.9746062542106624,0.903,0.0,0.5003985442253748,0.6004071608253672,2.9980012763261854,27,1.2547962844904545,-2.69,2,"[390.20001220703125, 695.7999877929688]"
chaotic_stop,1788870077.5197284,45.814192098,0.8806355742732723,0.903,0.0,0.5003985442253748,0.6004071608253672,3.1863007729833654,27,1.193437052975029,-10.76,2,"[390.20001220703125, 695.7999877929688]"
chaotic_stop,1788870077.5697756,45.864238857000004,0.787232900031804,0.903,0.0,0.5003985442253748,0.6004071608253672,3.3750575419801336,27,1.1182719943686323,-32.28,2,"[435.79998779296875, 665.7999877929688]"
chaotic_stop,1788870077.6198933,45.914356767,0.6978480699741663,0.903,0.0,0.5003985442253748,0.6004071608253672,3.564021577993479,27,1.038504993398579,-18.83,2,"[435.79998779296875, 665.7999877929688]"
chaotic_stop,1788870077.66973,45.964193341000005,0.6160846990591479,0.903,0.0,0.5003985442253748,0.6004071608253672,3.7522102621329836,27,0.9526020692769832,-88.77,2,"[502.3999938964844, 606.2000122070312]"
chaotic_stop,1788870077.719759,46.014222548,0.5442748045438726,0.903,0.0,0.5003985442253748,0.6004071608253672,3.9409080787496222,27,0.868233125943273,-88.77,2,"[502.3999938964844, 606.2000122070312]"
