mode,t_ros_sec,t_rel_sec,tail_target_rad,tail_bias_rad,tail_bias_offset_rad,tail_amp_rad,tail_freq_hz,phase_rad,cycle_idx,present_position_rad,present_current_ma,sensor_len,sensor_values
combined_sweep,1788868712.5700154,0.031906239,0.9329540142564123,0.903,0.0,0.3004603877036,0.5017085388816613,0.09985960458714246,0,0.47860200582032003,-164.09,2,"[665.7999877929688, 354.79998779296875]"
combined_sweep,1788868712.6198554,0.08174615,0.9798961401637751,0.903,0.0,0.30118635188706666,0.5044026552197988,0.25816918306941006,0,0.4816699673960913,-164.09,2,"[665.7999877929688, 354.79998779296875]"
combined_sweep,1788868712.6697543,0.131644961,1.0253435527312986,0.903,0.0,0.301911886596,0.5070951777405228,0.41722967012132994,0,0.5568350260024878,18.83,2,"[658.2000122070312, 362.20001220703125]"
combined_sweep,1788868712.719717,0.181607805,1.0681608706522383,0.903,0.0,0.30263802640026666,0.5097899458227508,0.5772687860369112,0,0.7071651432152806,2.69,2,"[658.2000122070312, 362.20001220703125]"
combined_sweep,1788868712.7698417,0.231732543,1.1072365353369102,0.903,0.0,0.30336605527626664,0.5124917244147762,0.7385746278243381,0,0.8559612796401878,8.07,2,"[598.0, 518.5999755859375]"
combined_sweep,1788868712.8198037,0.281694487,1.141274813225259,0.903,0.0,0.3040924973884,0.5151876143878376,0.9003755750980476,0,0.9602719732164113,2.69,2,"[598.0, 518.5999755859375]"
combined_sweep,1788868712.8698814,0.33177222500000003,1.1693893604735748,0.903,0.0,0.30481980417573334,0.5178867132459053,1.0632178059398238,0,1.0246991663076084,107.6,2,"[503.6000061035156, 644.5999755859375]"
combined_sweep,1788868712.9198217,0.38171240100000003,1.1906284247773185,0.903,0.0,0.3055459057282667,0.5205813393726181,1.2266360710502788,0,1.069184609156292,67.25,2,"[503.6000061035156, 644.5999755859375]"
combined_sweep,1788868712.9699407,0.431831285,1.2043512057976624,0.903,0.0,0.3062736248408,0.523281968405429,1.3912680447626289,0,1.1106020904292042,72.63,2,"[465.0, 673.0]"
combined_sweep,1788868713.0198655,0.481756291,1.2099681113757872,0.903,0.0,0.30699986893626663,0.5259771235213871,1.556412540777747,0,1.1382137446111458,137.19,2,"[465.0, 673.0]"
combined_sweep,1788868713.0698915,0.531782245,1.2071948948355153,0.903,0.0,0.3077262675065333,0.5286728519067875,1.722438739235078,0,1.1642914180052018,137.19,2,"[451.0, 675.7999877929688]"
combined_sweep,1788868713.1197016,0.581592375,1.1959655881478524,0.903,0.0,0.30845137074986667,0.5313637732210763,1.8890124358361455,0,1.1811652066719438,150.64,2,"[451.0, 675.7999877929688]"
combined_sweep,1788868713.169702,0.631592734,1.1763753635763292,0.903,0.0,0.3091781286568,0.5340608351361557,2.0568136619363653,0,1.1903690913992575,123.74,2,"[439.6000061035156, 684.4000244140625]"
combined_sweep,1788868713.2198448,0.681735626,1.148784100307545,0.903,0.0,0.309906005674,0.5367620501669428,2.2257233047435325,0,1.1949710337629145,88.77,2,"[439.6000061035156, 684.4000244140625]"
combined_sweep,1788868713.2698529,0.731743487,1.1139042243762198,0.903,0.0,0.3106329363532,0.5394597532549574,2.3952611586388133,0,1.193437052975029,-2.69,2,"[431.3999938964844, 684.4000244140625]"
combined_sweep,1788868713.3198512,0.781741977,1.072588828695349,0.903,0.0,0.3113596465617333,0.5421566381571185,2.565594895577734,0,1.1811652066719438,-2.69,2,"[431.3999938964844, 684.4000244140625]"
combined_sweep,1788868713.3699064,0.8317972290000001,1.0259041754546034,0.903,0.0,0.3120865216218667,0.5448541348379305,2.7368149587183535,0,1.1596894756415448,-5.38,2,"[435.6000061035156, 671.7999877929688]"
combined_sweep,1788868713.4198916,0.8817823260000001,0.975168252961315,0.903,0.0,0.3128129989337333,0.5475501554402693,2.908788088860059,0,1.1320778214596032,-2.69,2,"[435.6000061035156, 671.7999877929688]"
combined_sweep,1788868713.4697018,0.931592446,0.9219006452741152,0.903,0.0,0.3135380802608,0.5502409954213829,3.08127426678992,0,1.0875923786109196,-2.69,2,"[448.0, 656.5999755859375]"
combined_sweep,1788868713.5197754,0.981666165,0.8673883314292989,0.903,0.0,0.3142654503117333,0.5529403290561824,3.255153739970191,0,1.047708878125893,-8.07,2,"[448.0, 656.5999755859375]"
combined_sweep,1788868713.5696962,1.031586933,0.8135531350182423,0.903,0.0,0.3149913231241333,0.5556341063083303,3.429520645417822,0,1.0032234352772094,-21.52,2,"[461.20001220703125, 634.4000244140625]"
combined_sweep,1788868713.6198595,1.0817504370000002,0.7617709911442466,0.903,0.0,0.31571979615333334,0.55833753319158,3.6053635846707848,0,0.9572040116406401,-8.07,2,"[461.20001220703125, 634.4000244140625]"
combined_sweep,1788868713.669841,1.131731741,0.7140279668854463,0.903,0.0,0.3164462273364,0.5610333826059226,3.7815603031742504,0,0.9065826456404139,-67.25,2,"[505.79998779296875, 604.7999877929688]"
combined_sweep,1788868713.7198923,1.1817831360000002,0.6717064583167133,0.903,0.0,0.3171734356168,0.5637321158961779,3.9587939715202287,0,0.8574952604280734,-59.18,2,"[505.79998779296875, 604.7999877929688]"
combined_sweep,1788868713.7699494,1.2318403640000002,0.6362960128248407,0.903,0.0,0.3179009414817333,0.5664319535485649,4.136949325082514,0,0.8022719520641903,-43.04,2,"[556.7999877929688, 546.5999755859375]"
combined_sweep,1788868713.8198533,1.28174432,0.6091476900910767,0.903,0.0,0.31862639400466664,0.569124171069882,4.315446217670962,0,0.7516505860639642,-80.7,2,"[556.7999877929688, 546.5999755859375]"
combined_sweep,1788868713.8697557,1.331646485,0.5911688709926655,0.903,0.0,0.31935241113306667,0.5718184838912801,4.494927717623935,0,0.7025632008516236,-80.7,2,"[595.0, 488.6000061035156]"
combined_sweep,1788868713.9197118,1.3816027560000002,0.5831433867362346,0.903,0.0,0.3200781369117333,0.5745117154884325,4.675182200008415,0,0.6657476619423682,-107.6,2,"[595.0, 488.6000061035156]"
combined_sweep,1788868713.969792,1.4316826630000001,0.5855297893490896,0.903,0.0,0.3208055896864,0.5772113561182142,4.856714665207948,0,0.6335340653967698,-121.05,2,"[622.2000122070312, 443.6000061035156]"
combined_sweep,1788868714.019885,1.4817758540000001,0.5984802526251445,0.903,0.0,0.32153326429786666,0.5799118200036892,5.039152041267225,0,0.6105243535784852,-102.22,2,"[622.2000122070312, 443.6000061035156]"
combined_sweep,1788868714.0698555,1.531746099,0.6217076014576627,0.903,0.0,0.32225968536573335,0.5826076318796434,5.222121765875759,0,0.5967185264875144,-112.98,2,"[634.4000244140625, 409.6000061035156]"
combined_sweep,1788868714.119897,1.581787668,0.6546738893200142,0.903,0.0,0.32298696465599996,0.585306628693701,5.406156287807588,0,0.5951845456996288,-83.39,2,"[634.4000244140625, 409.6000061035156]"
combined_sweep,1788868714.1698298,1.631720451,0.6963072688900661,0.903,0.0,0.32371263576026665,0.5879996573893911,5.590628746825005,0,0.5982525072754,-51.11,2,"[625.4000244140625, 403.3999938964844]"
combined_sweep,1788868714.2198424,1.681733111,0.7454908295883582,0.903,0.0,0.3244395785312,0.5906974053508818,5.776272320080478,0,0.6089903727905995,2.69,2,"[625.4000244140625, 403.3999938964844]"
combined_sweep,1788868714.2697084,1.731599185,0.8004468124750486,0.903,0.0,0.32516479728546666,0.5933887553363086,5.962319449060887,0,0.6381360077604268,2.69,2,"[616.7999877929688, 411.20001220703125]"
combined_sweep,1788868714.319701,1.781591554,0.8595822869306652,0.903,0.0,0.3258913682065333,0.5960851233305448,6.149560439373881,0,0.6718835850939109,2.69,2,"[616.7999877929688, 411.20001220703125]"
combined_sweep,1788868714.3698668,1.831757749,0.9209440293078621,0.903,0.0,0.3266198740084,0.5987886718360158,0.05496624548278639,1,0.7133010663668231,2.69,2,"[605.7999877929688, 448.79998779296875]"
combined_sweep,1788868714.419838,1.8817287960000002,0.9820304115126935,0.903,0.0,0.3273461894770667,0.601484091824138,0.24383672065723072,1,0.7593204900033924,2.69,2,"[605.7999877929688, 448.79998779296875]"
combined_sweep,1788868714.4698899,1.9317808010000002,1.0408858389097517,0.903,0.0,0.3280733091768,0.6041824963838212,0.43376458471681456,1,0.8114758367915041,2.69,2,"[576.7999877929688, 509.20001220703125]"
combined_sweep,1788868714.519853,1.981744031,1.0952060934958334,0.903,0.0,0.3287997001897333,0.606878196723299,0.6243486695598088,1,0.868233125943273,2.69,2,"[576.7999877929688, 509.20001220703125]"
combined_sweep,1788868714.5697505,2.031641546,1.1429287991272066,0.903,0.0,0.329525234608,0.6095707181653338,0.8155525711863882,1,0.9249904150950417,37.66,2,"[535.5999755859375, 583.2000122070312]"
combined_sweep,1788868714.619944,2.081834819,1.182417260860676,0.903,0.0,0.3302543877536,0.6122766690198024,1.008563143431088,1,0.9817477042468103,64.56,2,"[535.5999755859375, 583.2000122070312]"
combined_sweep,1788868714.669738,2.131628913,1.2116279475635798,0.903,0.0,0.33097891466306667,0.614965451508896,1.2011913458699661,1,1.0507768397016641,64.56,2,"[485.0, 629.5999755859375]"
combined_sweep,1788868714.7197154,2.1816061280000003,1.2295939002690937,0.903,0.0,0.3317047976197333,0.6176592664073014,1.3950254514598353,1,1.0983302441261191,96.84,2,"[485.0, 629.5999755859375]"
combined_sweep,1788868714.7697155,2.231606471,1.2353705609078907,0.903,0.0,0.332431664236,0.6203567317521885,1.5899698927242856,1,1.141281706186917,110.28999999999999,2,"[453.79998779296875, 666.2000122070312]"
combined_sweep,1788868714.8198538,2.2817443550000003,1.2284690247252534,0.903,0.0,0.3331597045352,0.6230585527367044,1.78607952044087,1,1.1765632643082868,115.67,2,"[453.79998779296875, 666.2000122070312]"
combined_sweep,1788868714.8698564,2.3317471330000004,1.208963834334408,0.903,0.0,0.33388639644626666,0.6257553697353724,1.9826731971184444,1,1.201106956914457,118.36,2,"[433.0, 689.0]"
combined_sweep,1788868714.91985,2.381740933,1.177399335929902,0.903,0.0,0.33461301688239997,0.6284519214843352,2.1800946303347057,1,1.213378803217542,118.36,2,"[433.0, 689.0]"
combined_sweep,1788868714.9698486,2.431739345,1.1348058396359544,0.903,0.0,0.3353396465036,0.6311485073198806,2.3783656733536382,1,1.2164467647933135,45.73,2,"[426.0, 689.5999755859375]"
combined_sweep,1788868715.0198295,2.4817203510000003,1.0826978832234904,0.903,0.0,0.3360660737917333,0.6338443422797863,2.577428149506419,1,1.205708899278114,45.73,2,"[426.0, 689.5999755859375]"
combined_sweep,1788868715.070014,2.5319049700000003,1.0228126612828257,0.903,0.0,0.3367944738781333,0.6365474984659496,2.777882477827932,1,1.1826991874598294,-2.69,2,"[436.20001220703125, 681.2000122070312]"
combined_sweep,1788868715.119697,2.581587879,0.9580214552698241,0.903,0.0,0.33751803110906664,0.6392326823935179,2.9778440271870164,1,1.1504855909142309,-2.69,2,"[436.20001220703125, 681.2000122070312]"
combined_sweep,1788868715.1696775,2.631568315,0.8901993217621776,0.903,0.0,0.338244461144,0.6419285275470379,3.179446150713522,1,1.1090681096413186,-2.69,2,"[444.6000061035156, 665.2000122070312]"
combined_sweep,1788868715.2197187,2.6816094450000003,0.8222600855430469,0.903,0.0,0.33897160700373336,0.6446270291887604,3.382095251490881,1,1.0615147052168636,-10.76,2,"[444.6000061035156, 665.2000122070312]"
combined_sweep,1788868715.2698479,2.7317386480000003,0.757003184532236,0.903,0.0,0.3396996473756,0.6473288504429485,3.585844051637771,1,1.004757416065095,-29.59,2,"[485.79998779296875, 634.0]"
combined_sweep,1788868715.3198478,2.781738519,0.6973936014007266,0.903,0.0,0.34042633757173335,0.6500256610773495,3.7900622481574118,1,0.9433981845496693,-32.28,2,"[485.79998779296875, 634.0]"
combined_sweep,1788868715.369817,2.8317078490000003,0.6459358672496127,0.903,0.0,0.3411525334746667,0.6527206373466174,3.994987639143316,1,0.880504972246358,-91.46,2,"[525.4000244140625, 590.7999877929688]"
combined_sweep,1788868715.4196832,2.881574028,0.6049448113574353,0.903,0.0,0.34187779793626666,0.6554121569559408,4.200494120667955,1,0.7961360289126478,-91.46,2,"[525.4000244140625, 590.7999877929688]"
combined_sweep,1788868715.469763,2.931653657,0.5761933142946472,0.903,0.0,0.34260542896226664,0.6581124590919515,4.40752062808718,1,0.7347767973972221,-37.66,2,"[582.7999877929688, 519.5999755859375]"
combined_sweep,1788868715.5196958,2.9815864060000004,0.5612964593749474,0.903,0.0,0.34333156025,0.6608071955685823,4.614966380770435,1,0.684155431396996,-134.5,2,"[582.7999877929688, 519.5999755859375]"
combined_sweep,1788868715.5697122,3.031603037,0.5610602512888345,0.903,0.0,0.3440582464058667,0.6635039912092016,4.823417897731215,1,0.6396699885483124,-107.6,2,"[617.5999755859375, 447.6000061035156]"
combined_sweep,1788868715.619854,3.081744608,0.5757979598214856,0.903,0.0,0.3447863922752,0.6662062039736806,5.033138789949135,1,0.6043884304269426,-123.74,2,"[617.5999755859375, 447.6000061035156]"
combined_sweep,1788868715.6698658,3.131756546,0.6050271189341747,0.903,0.0,0.34551270502613335,0.6689016138760575,5.243178082177716,1,0.581378718608658,-145.26,2,"[635.4000244140625, 408.3999938964844]"
combined_sweep,1788868715.7198515,3.181742277,0.647750195431205,0.903,0.0,0.346239691804,0.671599525151112,5.454260240582931,1,0.5706408530934585,-137.19,2,"[635.4000244140625, 408.3999938964844]"
combined_sweep,1788868715.769765,3.231655743,0.7021195502857513,0.903,0.0,0.3469650964250667,0.6742915649044283,5.665727276796034,1,0.5706408530934585,-56.49,2,"[637.0, 399.6000061035156]"
combined_sweep,1788868715.8198466,3.2817372490000003,0.7661872278040491,0.903,0.0,0.3476929679196,0.6769927594401182,5.878763458331276,1,0.5859806609723149,2.69,2,"[637.0, 399.6000061035156]"
combined_sweep,1788868715.8697813,3.331672129,0.836847482460823,0.903,0.0,0.3484191828176,0.6796878062017335,6.092160928462132,1,0.6258641614573416,2.69,2,"[631.2000122070312, 410.3999938964844]"
combined_sweep,1788868715.919738,3.3816288520000004,0.9110790120997475,0.903,0.0,0.3491451351564,0.6823818785832809,0.023141474477371915,2,0.6703496043060252,2.69,2,"[631.2000122070312, 410.3999938964844]"
combined_sweep,1788868715.9697046,3.431595446,0.9855849123653218,0.903,0.0,0.3498715563986667,0.6850776911064487,0.23829228904290645,2,0.722504951094137,2.69,2,"[614.0, 467.3999938964844]"
combined_sweep,1788868716.0199404,3.481831294,1.057132321402693,0.903,0.0,0.350600957076,0.6877845605727472,0.4551791377299832,2,0.782330201821677,2.69,2,"[614.0, 467.3999938964844]"
combined_sweep,1788868716.069848,3.531739019,1.1216339623371767,0.903,0.0,0.3513262573186667,0.6904762129687266,0.6716907421166383,2,0.8482913757007595,2.69,2,"[578.4000244140625, 548.7999877929688]"
combined_sweep,1788868716.1199458,3.5818366420000003,1.1765518672923014,0.903,0.0,0.3520544321384,0.6931785331706625,0.8899111662301635,2,0.9188544919434991,26.9,2,"[578.4000244140625, 548.7999877929688]"
combined_sweep,1788868716.169851,3.631741711,1.2186881635474265,0.903,0.0,0.35277973674106666,0.6958702017469818,1.1081154673808307,2,0.9878836273983529,69.94,2,"[525.2000122070312, 606.4000244140625]"
combined_sweep,1788868716.2197046,3.6815954810000004,1.2460582336199253,0.903,0.0,0.3535047754128,0.6985608834304369,1.3270831733248407,2,1.069184609156292,69.94,2,"[525.2000122070312, 606.4000244140625]"
combined_sweep,1788868716.2698765,3.7317674480000003,1.257141244349048,0.903,0.0,0.35423339974853335,0.7012648718254151,1.5479855511525624,2,1.1259418983080607,83.39,2,"[472.3999938964844, 655.4000244140625]"
combined_sweep,1788868716.3196945,3.781585111,1.251042221291578,0.903,0.0,0.35495802708333335,0.7039540270016709,1.7685185810113637,2,1.1734953027325155,112.98,2,"[472.3999938964844, 655.4000244140625]"
combined_sweep,1788868716.369766,3.8316568280000003,1.2277770362176657,0.903,0.0,0.35568549436226665,0.7066537214580497,1.9907649877264024,2,1.2087768608538851,110.28999999999999,2,"[431.6000061035156, 683.0]"
combined_sweep,1788868716.4198737,3.8817643680000002,1.1882057446250882,0.903,0.0,0.3564132392424,0.7093544461166694,2.213945920173641,2,1.2302525918842842,126.42999999999999,2,"[431.6000061035156, 683.0]"
combined_sweep,1788868716.469863,3.9317537610000004,1.134148176943064,0.903,0.0,0.35713996141186666,0.7120513754068961,2.4376605431871976,2,1.2363885150358267,75.32,2,"[420.3999938964844, 693.7999877929688]"
combined_sweep,1788868716.5198526,3.9817435270000003,1.068096163618287,0.903,0.0,0.35786626794253334,0.7147467622253214,2.662093576761743,2,1.23178657267217,-2.69,2,"[420.3999938964844, 693.7999877929688]"
combined_sweep,1788868716.5697932,4.03168398,0.9931966576360146,0.903,0.0,0.35859244346973335,0.7174416628784677,2.8873321852771543,2,1.205708899278114,-2.69,2,"[415.79998779296875, 691.7999877929688]"
combined_sweep,1788868716.6197147,4.0816054170000005,0.9131522405077542,0.903,0.0,0.3593183562052,0.7201355882885945,3.1133347269631084,2,1.1535535524900022,-2.69,2,"[415.79998779296875, 691.7999877929688]"
combined_sweep,1788868716.6698723,4.13176302,0.8316824896517685,0.903,0.0,0.36004684187839997,0.7228390620948297,3.3409897633742105,2,1.0983302441261191,-2.69,2,"[427.79998779296875, 668.7999877929688]"
combined_sweep,1788868716.719852,4.1817426300000005,0.7535659328845508,0.903,0.0,0.3607726793748,0.7255327082862245,3.568662500976732,2,1.0354370318228079,-13.45,2,"[427.79998779296875, 668.7999877929688]"
combined_sweep,1788868716.7697623,4.231652869,0.6826240645969719,0.903,0.0,0.3614984870488,0.7282262438040944,3.7971710830637235,2,0.966407896367954,-16.14,2,"[476.20001220703125, 632.5999755859375]"
combined_sweep,1788868716.819899,4.2817896520000005,0.6225019167402756,0.903,0.0,0.36222678208826664,0.7309290101519355,4.027313772986091,2,0.8912428377615575,-72.63,2,"[476.20001220703125, 632.5999755859375]"
combined_sweep,1788868716.869741,4.331631659,0.5769882426019615,0.903,0.0,0.36295191993546666,0.7336200598841884,4.257302423382548,2,0.8176117599430467,-69.94,2,"[551.0, 568.5999755859375]"
combined_sweep,1788868716.9198558,4.381746499,0.5483575685231252,0.903,0.0,0.36367973918266666,0.7363210605254721,4.488991411408566,2,0.7409127205487647,-40.35,2,"[551.0, 568.5999755859375]"
combined_sweep,1788868716.9699686,4.431859227,0.538607681311998,0.903,0.0,0.36440775659186664,0.7390227965632036,4.72159383409625,2,0.6764855274575677,-126.42999999999999,2,"[610.0, 479.79998779296875]"
combined_sweep,1788868717.019759,4.481649781000001,0.5484516944436535,0.903,0.0,0.3651317292581333,0.7417095222074908,4.95374488717437,2,0.6120583343663708,-126.42999999999999,2,"[610.0, 479.79998779296875]"
combined_sweep,1788868717.0699155,4.5318062690000005,0.5777749443519552,0.903,0.0,0.3658601562748,0.7444127783342201,5.188175594695302,2,0.5752427954571154,-110.28999999999999,2,"[643.7999877929688, 410.6000061035156]"
combined_sweep,1788868717.119714,4.581604684,0.6249445750615916,0.903,0.0,0.36658462013866666,0.747101326855599,5.422172907114724,2,0.5599029875782591,-126.42999999999999,2,"[643.7999877929688, 410.6000061035156]"
combined_sweep,1788868717.169728,4.631618877,0.6879991119452886,0.903,0.0,0.36731178393253333,0.7497998950524529,5.657890640281025,2,0.5599029875782591,-48.42,2,"[640.7999877929688, 387.0]"
combined_sweep,1788868717.2198603,4.681751009,0.7635997902888914,0.903,0.0,0.3680397690632,0.7525015113017348,5.894724896069285,2,0.5706408530934585,2.69,2,"[640.7999877929688, 387.0]"
combined_sweep,1788868717.2697554,4.731645961,0.8473182393975804,0.903,0.0,0.36876531577666666,0.755194078372328,6.131610456613728,2,0.5982525072754,2.69,2,"[629.5999755859375, 391.0]"
combined_sweep,1788868717.3198762,4.781766984,0.9350730249600431,0.903,0.0,0.3694931641196,0.7578951869904131,0.0869121329610607,3,0.6442719309119693,2.69,2,"[629.5999755859375, 391.0]"
combined_sweep,1788868717.3699408,4.831831727,1.0216001143149838,0.903,0.0,0.3702205571332,0.7605946058416694,0.326098818273838,3,0.7040971816395093,2.69,2,"[610.0, 439.3999938964844]"
combined_sweep,1788868717.4198294,4.8817200640000005,1.101724911028085,0.903,0.0,0.37094563077213333,0.7632854172914504,0.5653663200153645,3,0.7946020481247621,2.69,2,"[610.0, 439.3999938964844]"
combined_sweep,1788868717.469692,4.931582756,1.171079887826547,0.903,0.0,0.3716712297474667,0.7659781783103844,0.8056518907033485,3,0.8743690490948155,5.38,2,"[566.5999755859375, 541.0]"
combined_sweep,1788868717.5197148,4.981605708,1.225520495617666,0.903,0.0,0.37239830147266667,0.7686764048323944,1.0472733149244924,3,0.9526020692769832,43.04,2,"[566.5999755859375, 541.0]"
combined_sweep,1788868717.5698,5.031690515,1.2615006679952137,0.903,0.0,0.373125803806,0.7713762293787061,1.289886989699454,3,1.0293011086712651,83.39,2,"[509.6000061035156, 625.2000122070312]"
combined_sweep,1788868717.6198792,5.081770041,1.2765907143881645,0.903,0.0,0.3738532173697333,0.7740757244932976,1.5333200039158434,3,1.102932186489776,80.7,2,"[509.6000061035156, 625.2000122070312]"
combined_sweep,1788868717.669809,5.131699688,1.2696381758230846,0.903,0.0,0.374579058078,0.7767693826042095,1.7770719290461763,3,1.1658253987930873,112.98,2,"[454.6000061035156, 674.5999755859375]"
combined_sweep,1788868717.719835,5.181725854000001,1.2407445185966224,0.903,0.0,0.37530591091666665,0.7794667968192226,2.0220113827213275,3,1.2118448224296565,112.98,2,"[454.6000061035156, 674.5999755859375]"
combined_sweep,1788868717.76987,5.231760611,1.1913078666922636,0.903,0.0,0.3760330445248,0.78216525299419,2.2678937416156266,3,1.244058418975255,99.53,2,"[422.6000061035156, 700.7999877929688]"
combined_sweep,1788868717.8197882,5.281678889,1.124170844370101,0.903,0.0,0.3767589335709334,0.7848590904911368,2.514200636597998,3,1.2547962844904545,99.53,2,"[422.6000061035156, 700.7999877929688]"
combined_sweep,1788868717.8697262,5.331616723000001,1.0430659131769497,0.903,0.0,0.3774851155364,0.7875540150372515,2.761452995044607,3,1.244058418975255,-2.69,2,"[412.20001220703125, 709.0]"
combined_sweep,1788868717.9197016,5.3815923450000005,0.9527924193640274,0.903,0.0,0.3782113136774667,0.7902489996124272,3.009556969487754,3,1.210310841641771,-2.69,2,"[412.20001220703125, 709.0]"
combined_sweep,1788868717.969714,5.43160488,0.8586949049563699,0.903,0.0,0.3789383044665333,0.7929469257733944,3.258779706906008,3,1.1612234564294304,-2.69,2,"[425.6000061035156, 683.2000122070312]"
combined_sweep,1788868718.0198739,5.481764564000001,0.7665390317392822,0.903,0.0,0.3796664312681333,0.7956490677758536,3.5092424942057896,3,1.0952622825503477,-34.97,2,"[425.6000061035156, 683.2000122070312]"
combined_sweep,1788868718.0698502,5.53174089,0.6824666244208041,0.903,0.0,0.38039299971853335,0.7983454266012304,3.7600162077725976,3,1.01702926236818,-24.21,2,"[456.3999938964844, 652.5999755859375]"
combined_sweep,1788868718.1198578,5.581748665,0.6116731822645676,0.903,0.0,0.38111974496693335,0.8010424415393897,4.011698326689398,3,0.9341942998223555,-32.28,2,"[456.3999938964844, 652.5999755859375]"
combined_sweep,1788868718.1699138,5.631804562,0.5588386051823392,0.903,0.0,0.38184689985186665,0.8037409766744158,4.264370647907413,3,0.8482913757007595,-107.6,2,"[535.7999877929688, 588.2000122070312]"
combined_sweep,1788868718.219854,5.6817449600000005,0.52766838677513,0.903,0.0,0.38257297694479997,0.8064355120294218,4.517514283595762,3,0.7363107781851077,-107.6,2,"[535.7999877929688, 588.2000122070312]"
combined_sweep,1788868718.2697372,5.73162823,0.520367957189038,0.903,0.0,0.38329869045733334,0.8091286981058846,4.771376138112142,3,0.6611457195787114,-115.67,2,"[609.7999877929688, 471.79998779296875]"
combined_sweep,1788868718.3197188,5.781609649,0.5377350428889143,0.903,0.0,0.38402487296053334,0.8118236246475746,5.026248122306349,3,0.6043884304269426,-131.81,2,"[609.7999877929688, 471.79998779296875]"
combined_sweep,1788868718.3698912,5.83178204,0.5791484464300889,0.903,0.0,0.38475324124800003,0.8145266628251258,5.282738435381177,3,0.5614369683661447,-88.77,2,"[641.4000244140625, 398.0]"
combined_sweep,1788868718.4198747,5.881765391,0.6420252114944451,0.903,0.0,0.385479943594,0.8172235185487404,5.539489381455034,3,0.5491651220630596,-123.74,2,"[641.4000244140625, 398.0]"
combined_sweep,1788868718.469961,5.931851579,0.7226584926356209,0.903,0.0,0.38620735842213333,0.8199230183556306,5.797341000371752,3,0.5491651220630596,-67.25,2,"[645.7999877929688, 378.79998779296875]"
combined_sweep,1788868718.5198538,5.981744671,0.8156325084706582,0.903,0.0,0.3869330492336,0.822616120186457,6.055426422221327,3,0.5660389107298016,2.69,2,"[645.7999877929688, 378.79998779296875]"
combined_sweep,1788868718.5698469,6.031737648,0.9152132267809054,0.903,0.0,0.38765968641213333,0.8253127340679249,0.031510235700050515,4,0.6013204688511713,2.69,2,"[633.4000244140625, 390.6000061035156]"
combined_sweep,1788868718.619706,6.081596687,1.0145052360066336,0.903,0.0,0.3883851294884,0.8280049165318392,0.2911976424103493,4,0.6810874698212247,2.69,2,"[633.4000244140625, 390.6000061035156]"
combined_sweep,1788868718.6697464,6.131637113,1.1071282655025514,0.903,0.0,0.3891120050572,0.8307024151003576,0.5522455273481341,4,0.7562525284276211,2.69,2,"[612.0, 464.0]"
combined_sweep,1788868718.7197683,6.181658994,1.1864630435144914,0.903,0.0,0.3898388505274667,0.8333998019705964,0.8141302203810596,4,0.8436894333371027,5.38,2,"[612.0, 464.0]"
combined_sweep,1788868718.7697172,6.231607913,1.2468170681113753,0.903,0.0,0.39056472402293335,0.836093581757664,1.0765100600097526,4,0.9357282806102412,29.59,2,"[553.2000122070312, 581.0]"
combined_sweep,1788868718.8198457,6.281736553,1.28397027120075,0.903,0.0,0.39129294377973334,0.8387960687249697,1.3405888232754926,4,1.0231651855197226,102.22,2,"[553.2000122070312, 581.0]"
combined_sweep,1788868718.869931,6.331821753000001,1.2947880190708867,0.903,0.0,0.3920203662378667,0.8414955968474547,1.6052274211170463,4,1.1044661672776617,83.39,2,"[488.79998779296875, 652.0]"
combined_sweep,1788868718.9199154,6.381806143,1.2782430189889047,0.903,0.0,0.39274713141146667,0.8441926857297672,1.8704743270842528,4,1.1765632643082868,110.28999999999999,2,"[488.79998779296875, 652.0]"
combined_sweep,1788868718.9699147,6.431805506000001,1.2351588665363646,0.903,0.0,0.3934739212772,0.8468898662467379,2.1365777328281723,4,1.2302525918842842,121.05,2,"[429.20001220703125, 699.5999755859375]"
combined_sweep,1788868719.0197444,6.481635270000001,1.1684807915903392,0.903,0.0,0.39419846181893337,0.849578699326361,2.4026998320029485,4,1.2640001692177683,121.05,2,"[429.20001220703125, 699.5999755859375]"
combined_sweep,1788868719.0696304,6.531521019,1.0824363781582669,0.903,0.0,0.39492375496933335,0.8522703254023208,2.6699423635883157,4,1.260932207641997,-2.69,2,"[415.6000061035156, 707.2000122070312]"
combined_sweep,1788868719.1196983,6.581589139,0.9826553390247652,0.903,0.0,0.3956513436888,0.8549704705351001,2.9388800757432776,4,1.239456476611598,-2.69,2,"[415.6000061035156, 707.2000122070312]"
combined_sweep,1788868719.1697087,6.631599361,0.8765388632431783,0.903,0.0,0.39637821322626665,0.857667946720815,3.2083996312756575,4,1.1980389953386859,-2.69,2,"[417.6000061035156, 689.5999755859375]"
combined_sweep,1788868719.2198935,6.6817840760000005,0.771403281607955,0.903,0.0,0.3971066934204,0.8603714001937566,3.4793678447454006,4,1.1336118022474888,-8.07,2,"[417.6000061035156, 689.5999755859375]"
combined_sweep,1788868719.2699668,6.731857786000001,0.6753685417687499,0.903,0.0,0.3978340060792,0.8630705208413487,3.750750484986174,4,1.0538448012774355,-16.14,2,"[454.0, 659.4000244140625]"
combined_sweep,1788868719.319867,6.781757858000001,0.5956080873217771,0.903,0.0,0.3985597845412,0.8657639479509414,4.022405800202517,4,0.961805954004297,-16.14,2,"[454.0, 659.4000244140625]"
combined_sweep,1788868719.3698456,6.831736397,0.5379615180451616,0.903,0.0,0.39928631561186667,0.8684601680568709,4.295189697617552,4,0.8620972027917303,-88.77,2,"[530.2000122070312, 597.0]"
combined_sweep,1788868719.4198189,6.881709668,0.5071123119557666,0.903,0.0,0.40001241706266666,0.8711547938060424,4.568658172825927,4,0.7378447589729934,-88.77,2,"[530.2000122070312, 597.0]"
combined_sweep,1788868719.4698446,6.931735452000001,0.5057038886479481,0.903,0.0,0.40074014098573335,0.8738554406911616,4.843587380466293,4,0.6504078540635119,-102.22,2,"[615.0, 478.0]"
combined_sweep,1788868719.519866,6.981756816000001,0.5342301815393271,0.903,0.0,0.4014662964714667,0.8765502669686789,5.118770052113543,4,0.5875146417602005,-145.26,2,"[615.0, 478.0]"
combined_sweep,1788868719.5697923,7.0316831870000005,0.5908728453670558,0.903,0.0,0.4021924144321333,0.879244953987404,5.394784424980166,4,0.543029198911517,-121.05,2,"[647.4000244140625, 396.3999938964844]"
combined_sweep,1788868719.6198654,7.081756139,0.6718194497768963,0.903,0.0,0.40291970161400004,0.8819439800878768,5.672091894212112,4,0.521553467881118,-102.22,2,"[647.4000244140625, 396.3999938964844]"
combined_sweep,1788868719.6698673,7.131758055000001,0.7710005814973158,0.903,0.0,0.4036464454526667,0.8846409897943928,5.950039572581318,4,0.5230874486690036,5.38,2,"[653.2000122070312, 373.6000061035156]"
combined_sweep,1788868719.7199538,7.181844463,0.8810993341844359,0.903,0.0,0.40437361726893334,0.8873395877630721,6.2289993125368035,4,0.5553010452146021,2.69,2,"[653.2000122070312, 373.6000061035156]"
combined_sweep,1788868719.7698371,7.231727844000001,0.9934400319738966,0.903,0.0,0.4050995691572,0.8900336584726509,0.22515128778502103,5,0.6105243535784852,2.69,2,"[642.4000244140625, 392.0]"
combined_sweep,1788868719.819713,7.281603846,1.0993679146827724,0.903,0.0,0.4058248531370667,0.8927252505159626,0.5050755469546893,5,0.7117670855789375,2.69,2,"[642.4000244140625, 392.0]"
combined_sweep,1788868719.8697186,7.331609501000001,1.190770643391645,0.903,0.0,0.406551635678,0.8954224038499623,0.786425648468466,5,0.8068738944278473,2.69,2,"[605.5999755859375, 494.0]"
combined_sweep,1788868719.919825,7.3817157270000004,1.2600692699833949,0.903,0.0,0.40727937675040005,0.8981231143777517,1.0689965218116626,5,0.9096506072161852,16.14,2,"[605.5999755859375, 494.0]"
combined_sweep,1788868719.9697928,7.431683674,1.301264440513818,0.903,0.0,0.408005642268,0.9008183489931132,1.3518407249954407,5,1.009359358428752,75.32,2,"[531.4000244140625, 614.5999755859375]"
combined_sweep,1788868720.0198574,7.481748186000001,1.3108643537743312,0.903,0.0,0.4087331245308,0.9035180990559271,1.6360078932051252,5,1.102932186489776,80.7,2,"[531.4000244140625, 614.5999755859375]"
combined_sweep,1788868720.0698235,7.53171429,1.2876696588392242,0.903,0.0,0.40945939830333333,0.9062133643060652,1.9205492889257982,5,1.184233168247715,99.53,2,"[452.20001220703125, 679.7999877929688]"
combined_sweep,1788868720.1199298,7.581820431000001,1.2330567984041219,0.903,0.0,0.41018712096200005,0.9089140064988859,2.206507997669,5,1.2425244381873692,99.53,2,"[452.20001220703125, 679.7999877929688]"
combined_sweep,1788868720.1698534,7.631744381000001,1.1513575442749175,0.903,0.0,0.41091296754173334,0.9116076863993221,2.4925747904242215,5,1.2716700731571966,126.42999999999999,2,"[425.0, 704.0]"
combined_sweep,1788868720.2197363,7.681627296,1.0489066760910115,0.903,0.0,0.41163824928346665,0.914299270136726,2.779262946632741,5,1.2701360923693108,126.42999999999999,2,"[425.0, 704.0]"
combined_sweep,1788868720.2696598,7.731550487000001,0.9336553468051538,0.903,0.0,0.4123645081738667,0.9169944801579708,3.0671835985870786,5,1.2425244381873692,-2.69,2,"[409.79998779296875, 697.7999877929688]"
combined_sweep,1788868720.3198373,7.781728168000001,0.8147891622170127,0.903,0.0,0.41309286537240003,0.919697477183524,3.3567872583540677,5,1.188835110611372,-2.69,2,"[409.79998779296875, 697.7999877929688]"
combined_sweep,1788868720.369727,7.831617544,0.7029660975246017,0.903,0.0,0.4138183941372,0.9223899776450515,3.6461108479454722,5,1.1121360712170898,-5.38,2,"[422.20001220703125, 678.5999755859375]"
combined_sweep,1788868720.4197545,7.881645313000001,0.6070029024675019,0.903,0.0,0.4145452915496,0.9250875572770727,3.936827960340061,5,1.0185632431560658,-18.83,2,"[422.20001220703125, 678.5999755859375]"
combined_sweep,1788868720.4698524,7.931743249,0.5353648360454206,0.903,0.0,0.41527295364786665,0.9277879747249723,4.2287004263506205,5,0.9127185687919565,-59.18,2,"[500.6000061035156, 620.5999755859375]"
combined_sweep,1788868720.5198689,7.981759559,0.4945874645847569,0.903,0.0,0.4159998336784,0.9304854898513719,4.521106895455226,5,0.8053399136399616,-94.14999999999999,2,"[500.6000061035156, 620.5999755859375]"
combined_sweep,1788868720.569866,8.03175657,0.4884329558895523,0.903,0.0,0.4167263993529333,0.9331818383752657,4.814233871795707,5,0.6979612584879668,-59.18,2,"[604.7999877929688, 500.0]"
combined_sweep,1788868720.6197736,8.081664270000001,0.5177890294494909,0.903,0.0,0.4174524215534667,0.9358761700197926,5.107987286548976,5,0.5905826033359719,-59.18,2,"[604.7999877929688, 500.0]"
combined_sweep,1788868720.6696658,8.131556738,0.5804312464031391,0.903,0.0,0.4181774874316,0.9385669526685686,5.402197238990247,5,0.5368932757599744,-129.12,2,"[652.7999877929688, 398.0]"
combined_sweep,1788868720.719733,8.181623835,0.6717146020862788,0.903,0.0,0.4189050801768,0.941267112741195,5.6982818795505,5,0.5077476407901472,-96.84,2,"[652.7999877929688, 398.0]"
combined_sweep,1788868720.7698643,8.231755195,0.7839100862588386,0.903,0.0,0.41963320956533334,0.9439692643439892,5.995435515051923,5,0.5092816215780329,5.38,2,"[658.5999755859375, 368.0]"
combined_sweep,1788868720.8198652,8.281756078,0.9070302472049547,0.903,0.0,0.4203597146068,0.9466653878532896,0.009587762129527277,6,0.5445631796994026,2.69,2,"[658.5999755859375, 368.0]"
combined_sweep,1788868720.869882,8.331772944,1.0306139425694893,0.903,0.0,0.42108653194053336,0.9493626703064016,0.30790068057095965,6,0.6059224112148283,2.69,2,"[644.4000244140625, 384.3999938964844]"
combined_sweep,1788868720.919896,8.381786726000001,1.1436069445169963,0.903,0.0,0.42181321636693336,0.9520594595288194,0.607006290917063,6,0.6933593161243098,2.69,2,"[644.4000244140625, 384.3999938964844]"
combined_sweep,1788868720.9698677,8.431758418000001,1.2358009563376995,0.903,0.0,0.422539847892,0.95475605242978,0.9069372455829949,6,0.7992039904884191,2.69,2,"[598.4000244140625, 505.0]"
combined_sweep,1788868721.019695,8.481585672000001,1.2985697182439642,0.903,0.0,0.42326485834000005,0.9574466293725016,1.2070424130559516,6,0.944932165337555,2.69,2,"[598.4000244140625, 505.0]"
combined_sweep,1788868721.0696697,8.531560553,1.3261660132459823,0.903,0.0,0.4239908728669334,0.9601409325396302,1.5084088818018344,6,1.0538448012774355,102.22,2,"[513.7999877929688, 633.4000244140625]"
combined_sweep,1788868721.1198707,8.581761283,1.3154376359475108,0.903,0.0,0.4247198861728,0.9628463644366642,1.8118728159696005,6,1.1520195717021164,91.46,2,"[513.7999877929688, 633.4000244140625]"
combined_sweep,1788868721.1698613,8.631751953,1.2669518451345638,0.903,0.0,0.4254464325034667,0.9655426411737833,2.115156750655501,6,1.2302525918842842,94.14999999999999,2,"[442.6000061035156, 694.0]"
combined_sweep,1788868721.2198553,8.681746111,1.1847474959443727,0.903,0.0,0.42617299547480003,0.9682389796658664,2.4192945905353724,6,1.2793399770966247,131.81,2,"[442.6000061035156, 694.0]"
combined_sweep,1788868721.2699754,8.731866112,1.0757604178481213,0.903,0.0,0.42690117186413334,0.9709413056927245,2.7249585285971776,6,1.2962137657633668,88.77,2,"[413.0, 712.0]"
combined_sweep,1788868721.3199408,8.781831418000001,0.9503714403736631,0.903,0.0,0.4276272497418667,0.9736358439601918,3.0305874103905452,6,1.2854759002481673,-2.69,2,"[413.0, 712.0]"
combined_sweep,1788868721.3698804,8.831771242,0.8198135501158602,0.903,0.0,0.42835326377466665,0.9763301452935484,3.337035097378262,6,1.2363885150358267,-2.69,2,"[406.6000061035156, 700.4000244140625]"
combined_sweep,1788868721.4199326,8.881823245000001,0.6961218157382122,0.903,0.0,0.4290801351578667,0.9790276283289407,3.6446923466497907,6,1.1305438406717176,-2.69,2,"[406.6000061035156, 700.4000244140625]"
combined_sweep,1788868721.4696603,8.931551064,0.5915828548029378,0.903,0.0,0.429804152238,0.9817145187969569,3.951982510776034,6,1.026233147095494,-26.9,2,"[444.3999938964844, 666.2000122070312]"
combined_sweep,1788868721.5198617,8.981752408,0.5153654889641685,0.903,0.0,0.4305330291485333,0.9844194445190246,4.262187665327765,6,0.9111845880040709,-56.49,2,"[444.3999938964844, 666.2000122070312]"
combined_sweep,1788868721.5698757,9.031766609,0.47595547418708556,0.903,0.0,0.43126005744813334,0.9871175098848495,4.572454107449694,6,0.7930680673368765,-96.84,2,"[549.7999877929688, 570.5999755859375]"
combined_sweep,1788868721.619888,9.081778687,0.4773146527736364,0.903,0.0,0.4319866944522667,0.9898141231191037,4.883400691853012,6,0.6810874698212247,-43.04,2,"[549.7999877929688, 570.5999755859375]"
combined_sweep,1788868721.6698432,9.131734158,0.5197004364483818,0.903,0.0,0.43271278054133333,0.9925086918595444,5.194957372986842,6,0.5905826033359719,-137.19,2,"[637.5999755859375, 433.0]"
combined_sweep,1788868721.7198668,9.1817575,0.5995930565472496,0.903,0.0,0.4334398656953333,0.9952069682170012,5.507790920146931,6,0.5292233718205462,-131.81,2,"[637.5999755859375, 433.0]"
combined_sweep,1788868721.7698615,9.231752351,0.7095085284353626,0.903,0.0,0.43416648649480005,0.9979035213143256,5.821271769141958,6,0.4954757944870621,-110.28999999999999,2,"[662.2000122070312, 371.0]"
combined_sweep,1788868721.819703,9.281593998,0.8386009152567616,0.903,0.0,0.4348915645664,0.9994056507858812,6.1345579262488386,6,0.5062136600022615,-110.28999999999999,2,"[662.2000122070312, 371.0]"
combined_sweep,1788868721.8696365,9.331527161,0.974187720082514,0.903,0.0,0.43561743134746667,0.9967118959165369,0.16415421918428308,7,0.5568350260024878,2.69,2,"[661.2000122070312, 364.6000061035156]"
combined_sweep,1788868721.9197,9.381590642,1.1032142413906012,0.903,0.0,0.4363447062050667,0.9940129155524916,0.4766939509938908,7,0.6366020269725411,2.69,2,"[661.2000122070312, 364.6000061035156]"
combined_sweep,1788868721.9698744,9.431765163000001,1.2131482325081357,0.903,0.0,0.4370732648065333,0.9913091711031045,0.7889337421453817,7,0.7424467013366504,2.69,2,"[624.0, 451.3999938964844]"
combined_sweep,1788868722.0199466,9.481837433,1.293167143327856,0.903,0.0,0.43780101682253336,0.9886084199626619,1.0999781201158,7,0.863631183579616,2.69,2,"[624.0, 451.3999938964844]"
combined_sweep,1788868722.0699646,9.531855336000001,1.3358598171317426,0.903,0.0,0.4385279871922667,0.9859105695796198,1.4098405101496354,7,0.983281685034696,59.18,2,"[532.2000122070312, 608.0]"
combined_sweep,1788868722.1198516,9.581742472,1.3374998178142457,0.903,0.0,0.4392530409786667,0.9832198318043197,1.71804253558971,7,1.0998642249140047,99.53,2,"[532.2000122070312, 608.0]"
combined_sweep,1788868722.1698442,9.631734897000001,1.2981683512263118,0.903,0.0,0.4399796190792,0.9805234371664573,2.026045514298282,7,1.201106956914457,94.14999999999999,2,"[451.79998779296875, 691.2000122070312]"
combined_sweep,1788868722.219678,9.68156852,1.2218965699019446,0.903,0.0,0.4407047232236,0.9778325125082316,2.3325801086421407,7,1.2839419194602817,94.14999999999999,2,"[451.79998779296875, 691.2000122070312]"
combined_sweep,1788868722.2696674,9.731558139,1.1157638274521828,0.903,0.0,0.4414307802024,0.9751380517985269,2.638671729971094,7,1.3069516312785663,139.88,2,"[414.20001220703125, 718.4000244140625]"
combined_sweep,1788868722.3196998,9.781590526,0.9895802676308282,0.903,0.0,0.44215824159533335,0.9724383791856067,2.944506370489073,7,1.3023496889149093,-2.69,2,"[414.20001220703125, 718.4000244140625]"
combined_sweep,1788868722.3698535,9.831744252,0.8551736769963664,0.903,0.0,0.4428864192926667,0.9697360483046465,3.249791427479856,7,1.2578642460662257,-2.69,2,"[408.79998779296875, 714.0]"
combined_sweep,1788868722.4198341,9.881724914000001,0.7254153368347519,0.903,0.0,0.4436127429726667,0.967040597843551,3.5534527954221815,7,1.184233168247715,-10.76,2,"[408.79998779296875, 714.0]"
combined_sweep,1788868722.4701033,9.931993827000001,0.6112826994133753,0.903,0.0,0.444342706308,0.9643316403043901,3.8577809252427,7,1.0829904362472627,-21.52,2,"[429.6000061035156, 680.0]"
combined_sweep,1788868722.5198603,9.981751143,0.5244419401978704,0.903,0.0,0.44506639329253334,0.9616459748499068,4.158652122252896,7,0.966407896367954,-2.69,2,"[429.6000061035156, 680.0]"
combined_sweep,1788868722.5698562,10.031746974,0.4713444921369558,0.903,0.0,0.44579295919960005,0.9589496254630615,4.45987325898956,7,0.8406214717613314,-83.39,2,"[536.4000244140625, 592.7999877929688]"
combined_sweep,1788868722.6197295,10.081620307000001,0.4569825229180997,0.903,0.0,0.4465183379222667,0.9562576818209642,4.759758010339866,7,0.6902913545485385,-83.39,2,"[536.4000244140625, 592.7999877929688]"
combined_sweep,1788868722.6696577,10.131548515,0.48234891095043064,0.903,0.0,0.4472441291445334,0.95356420735691,5.058968135992018,7,0.5921165841238575,-129.12,2,"[628.5999755859375, 442.20001220703125]"
combined_sweep,1788868722.719851,10.18174198,0.5453302387404788,0.903,0.0,0.4479728192290667,0.9508599749624064,5.358521403096432,7,0.5246214294568893,-115.67,2,"[628.5999755859375, 442.20001220703125]"
combined_sweep,1788868722.7698424,10.231732957,0.6398373488597638,0.903,0.0,0.448699627712,0.9481627253553844,5.656453641445225,7,0.4954757944870621,-110.28999999999999,2,"[659.0, 372.0]"
combined_sweep,1788868722.8198488,10.281739633,0.7575048743950097,0.903,0.0,0.4494263683533334,0.9454657275144509,5.953510697153369,7,0.4954757944870621,-45.73,2,"[659.0, 372.0]"
combined_sweep,1788868722.8698492,10.331739973000001,0.8879185356227476,0.903,0.0,0.4501529999510667,0.942769134343818,6.249676062171616,7,0.521553467881118,2.69,2,"[668.5999755859375, 362.3999938964844]"
combined_sweep,1788868722.9198856,10.381776517,1.0197884842361196,0.903,0.0,0.4508801297805334,0.9400706921918118,0.26201091169443913,8,0.5767767762450011,2.69,2,"[668.5999755859375, 362.3999938964844]"
combined_sweep,1788868722.969761,10.431651604,1.1413336791825077,0.903,0.0,0.451605437784,0.9373790109948275,0.5559466062239409,8,0.6657476619423682,2.69,2,"[631.5999755859375, 410.20001220703125]"
combined_sweep,1788868723.019714,10.481604849,1.2426359778164078,0.903,0.0,0.45233153834826667,0.9346843885356584,0.8493576099495215,8,0.8022719520641903,2.69,2,"[631.5999755859375, 410.20001220703125]"
combined_sweep,1788868723.0696363,10.531527206,1.315010956197204,0.903,0.0,0.45305743790200004,0.9319905120440926,1.1418419741965664,8,0.9219224535192704,32.28,2,"[559.2000122070312, 568.2000122070312]"
combined_sweep,1788868723.1198537,10.581744356000002,1.3525900871282417,0.903,0.0,0.4537863723354667,0.9292853728494072,1.4346966760191293,8,1.0400389741864646,94.14999999999999,2,"[559.2000122070312, 568.2000122070312]"
combined_sweep,1788868723.1698358,10.631726754,1.3520689784284516,0.903,0.0,0.454512867814,0.9265892848289855,1.7257247084913558,8,1.1474176293384597,94.14999999999999,2,"[467.6000061035156, 673.0]"
combined_sweep,1788868723.2198384,10.681729073000001,1.3138768791585371,0.903,0.0,0.4552394351308,0.9238929302104971,2.0159345498016847,8,1.2333205534600555,102.22,2,"[467.6000061035156, 673.0]"
combined_sweep,1788868723.2698617,10.731752522,1.2413512802223805,0.903,0.0,0.4559664238416,0.9211950117621587,2.305464755104623,8,1.2931458041875956,139.88,2,"[415.79998779296875, 716.0]"
combined_sweep,1788868723.3199198,10.781810517,1.1406581163481584,0.903,0.0,0.4566937660902667,0.9184957813039931,2.594286983610914,8,1.320757458369537,169.47,2,"[415.79998779296875, 716.0]"
combined_sweep,1788868723.3698575,10.831748511,1.0205244091760706,0.903,0.0,0.45741981401480003,0.9158013541954609,2.8817494870940976,8,1.3192234775816514,-2.69,2,"[397.3999938964844, 724.5999755859375]"
combined_sweep,1788868723.4196732,10.881564024000001,0.8909748315102851,0.903,0.0,0.45814453312760006,0.9131118584230505,3.167843211667652,8,1.265534150005654,-2.69,2,"[397.3999938964844, 724.5999755859375]"
combined_sweep,1788868723.469671,10.931561803000001,0.7620906995751069,0.903,0.0,0.4588708318974667,0.9104165004056303,3.453714186537219,8,1.191903072187143,-5.38,2,"[403.79998779296875, 704.7999877929688]"
combined_sweep,1788868723.519715,10.981605896000001,0.6444257378564086,0.903,0.0,0.4595981342230667,0.9077174181054437,3.7391314771800666,8,1.0937283017624622,-16.14,2,"[403.79998779296875, 704.7999877929688]"
combined_sweep,1788868723.5698218,11.031712708,0.5475380524754154,0.903,0.0,0.4603259059172,0.9050165939377338,4.023883184215784,8,0.983281685034696,-26.9,2,"[460.6000061035156, 651.5999755859375]"
combined_sweep,1788868723.6198409,11.081731662000001,0.47922725231424784,0.903,0.0,0.4610529126202667,0.902318608718526,4.307487583221807,8,0.8666991451553873,-83.39,2,"[460.6000061035156, 651.5999755859375]"
combined_sweep,1788868723.669854,11.131744494000001,0.44466431522144334,0.903,0.0,0.46177975383226666,0.8996212376510858,4.590179816711789,8,0.7485826244881929,-83.39,2,"[579.2000122070312, 539.2000122070312]"
combined_sweep,1788868723.7199414,11.181832273000001,0.44639138476015583,0.903,0.0,0.4625072267646667,0.8969215222141994,4.87226866518742,8,0.6381360077604268,-86.08,2,"[579.2000122070312, 539.2000122070312]"
combined_sweep,1788868723.7697153,11.231606161,0.4838817190384611,0.903,0.0,0.46323168161786665,0.8942330071321897,5.152345155829302,8,0.5506991028509451,-172.16,2,"[648.4000244140625, 405.20001220703125]"
combined_sweep,1788868723.819769,11.281659788,0.554247747460644,0.903,0.0,0.4639587068073333,0.8915349533083409,5.432567309629633,8,0.4816699673960913,-172.16,2,"[648.4000244140625, 405.20001220703125]"
combined_sweep,1788868723.8696835,11.331574470000001,0.6515844987043489,0.903,0.0,0.4646845942257334,0.8888411218520542,5.71150554017958,8,0.461728217153578,-91.46,2,"[675.0, 357.20001220703125]"
combined_sweep,1788868723.9197116,11.381602319,0.7685127692703674,0.903,0.0,0.46541163987813333,0.8861429920884769,5.990040763114081,8,0.47093210188089185,-45.73,2,"[675.0, 357.20001220703125]"
combined_sweep,1788868723.9697134,11.431604289000001,0.8957242958247097,0.903,0.0,0.46613828714280003,0.8834463407764894,6.267576206122314,8,0.5123495831538042,2.69,2,"[661.5999755859375, 352.6000061035156]"
combined_sweep,1788868724.019839,11.48172991,1.0237343188785988,0.903,0.0,0.4668662500810667,0.8807448068851376,0.26157862405375454,9,0.581378718608658,2.69,2,"[661.5999755859375, 352.6000061035156]"
combined_sweep,1788868724.069936,11.53182679,1.1425791483130463,0.903,0.0,0.4675942682024,0.8780430682046172,0.5379370065247713,9,0.6749515466696822,2.69,2,"[636.0, 413.0]"
combined_sweep,1788868724.1199536,11.581844218,1.2431063034826542,0.903,0.0,0.4683206167634667,0.8753475254077154,0.8128151586817509,9,0.7838641826095626,8.07,2,"[636.0, 413.0]"
combined_sweep,1788868724.1698444,11.631735087000001,1.3181296236690185,0.903,0.0,0.4690463149724,0.8726543961242456,1.0866022487255549,9,0.9065826456404139,10.76,2,"[567.4000244140625, 572.5999755859375]"
combined_sweep,1788868724.219711,11.681601811,1.3623090813480032,0.903,0.0,0.46977149877400004,0.8699631758512101,1.3593515197597412,9,1.0538448012774355,10.76,2,"[567.4000244140625, 572.5999755859375]"
combined_sweep,1788868724.269648,11.731538682,1.3726295205784906,0.903,0.0,0.47049745679533334,0.8672690823812864,1.6315464339547319,9,1.1550875332778878,94.14999999999999,2,"[479.3999938964844, 670.4000244140625]"
combined_sweep,1788868724.3198628,11.781753742000001,1.348300769998827,0.903,0.0,0.47122651732,0.8645634752511715,1.9040518270818723,9,1.2425244381873692,118.36,2,"[479.3999938964844, 670.4000244140625]"
combined_sweep,1788868724.3699002,11.831790872000001,1.2913708415115759,0.903,0.0,0.4719539414058667,0.8618639410880262,2.1750965908668576,9,1.3023496889149093,150.64,2,"[413.6000061035156, 717.2000122070312]"
combined_sweep,1788868724.4198341,11.881725036,1.206442772124469,0.903,0.0,0.4726793242124,0.8591719822903439,2.4445365459678,9,1.3284273623089653,164.09,2,"[413.6000061035156, 717.2000122070312]"
combined_sweep,1788868724.469868,11.931758788000002,1.0994078911502323,0.903,0.0,0.47340646008773335,0.8564735177015996,2.7137793750004917,9,1.3299613430968509,16.14,2,"[394.6000061035156, 732.0]"
combined_sweep,1788868724.5199704,11.981861109,0.9781334626787793,0.903,0.0,0.4741343663024,0.8537721943164698,2.9824573507865537,9,1.3069516312785663,-2.69,2,"[394.6000061035156, 732.0]"
combined_sweep,1788868724.5698705,12.031761315,0.8519951142651312,0.903,0.0,0.47485934309120004,0.8510817422859721,3.2492107792937617,9,1.2547962844904545,-5.38,2,"[400.79998779296875, 721.2000122070312]"
combined_sweep,1788868724.6197207,12.081611583,0.7293700135577429,0.903,0.0,0.4755848621622667,0.8483892777987337,3.5153192124006125,9,1.1520195717021164,-5.38,2,"[400.79998779296875, 721.2000122070312]"
combined_sweep,1788868724.6696901,12.131581101,0.6188168366074344,0.903,0.0,0.47631122890453337,0.8456936675298146,3.780892055914933,9,1.05231082048955,-10.76,2,"[436.3999938964844, 671.0]"
combined_sweep,1788868724.7198493,12.181740186,0.5279143228076453,0.903,0.0,0.4770396209976,0.8429905410076077,4.046354175737342,9,0.9387962421860124,-16.14,2,"[436.3999938964844, 671.0]"
combined_sweep,1788868724.7698917,12.231782498000001,0.46330927716454345,0.903,0.0,0.4777665925736,0.8402926861480049,4.310450677117679,9,0.8222137023067037,-104.91,2,"[541.7999877929688, 585.7999877929688]"
combined_sweep,1788868724.819953,12.281843829000001,0.4290819128540472,0.903,0.0,0.4784943299109333,0.8375919894813734,4.573975667678084,9,0.7117670855789375,-51.11,2,"[541.7999877929688, 585.7999877929688]"
combined_sweep,1788868724.8697197,12.331610418,0.42739880460846547,0.903,0.0,0.47921840505173335,0.8349048835451643,4.835333351391533,9,0.6120583343663708,-115.67,2,"[630.5999755859375, 443.3999938964844]"
combined_sweep,1788868724.919878,12.381768765,0.45816636619573936,0.903,0.0,0.47994646239853334,0.8322029992955196,5.097277981119461,9,0.5338253141842031,-150.64,2,"[630.5999755859375, 443.3999938964844]"
combined_sweep,1788868724.9698284,12.431719200000002,0.5189984572266555,0.903,0.0,0.48067277539653336,0.8295075884762567,5.357748642924236,9,0.4770680250324344,-131.81,2,"[668.5999755859375, 361.79998779296875]"
combined_sweep,1788868725.0198495,12.481740453,0.6056954036443916,0.903,0.0,0.48139949618533334,0.8268106643098042,5.6175182200119735,9,0.4479223900626072,-131.81,2,"[668.5999755859375, 361.79998779296875]"
combined_sweep,1788868725.0698218,12.531712628000001,0.712151663158564,0.903,0.0,0.4821255240829334,0.8241163115229666,5.876194408236003,9,0.45252433242626416,2.69,2,"[672.2000122070312, 346.0]"
combined_sweep,1788868725.1198525,12.581743554,0.8314474707754512,0.903,0.0,0.48285275433773334,0.8214174966837984,6.134450468555542,9,0.4878058905476339,2.69,2,"[672.2000122070312, 346.0]"
combined_sweep,1788868725.169786,12.631676698000001,0.9552388807158089,0.903,0.0,0.4835787490121334,0.8187232671911507,0.10823680447167305,10,0.5506991028509451,2.69,2,"[652.4000244140625, 359.3999938964844]"
combined_sweep,1788868725.2198315,12.681722088,1.0757756038055442,0.903,0.0,0.4843059456658667,0.8160245770484685,0.3647854609409791,10,0.6320000846088841,2.69,2,"[652.4000244140625, 359.3999938964844]"
combined_sweep,1788868725.2698717,12.731762562,1.1850263763974893,0.903,0.0,0.4850332386174667,0.8133255295360126,0.6205194288790281,10,0.7332428166093364,2.69,2,"[621.2000122070312, 459.3999938964844]"
combined_sweep,1788868725.3198884,12.781778932,1.2759228039879977,0.903,0.0,0.4857601157268,0.8106280252504408,0.8752594851330002,10,0.8452234141249882,2.69,2,"[621.2000122070312, 459.3999938964844]"
combined_sweep,1788868725.3698583,12.831749059000002,1.3427687516348477,0.903,0.0,0.4864864497690667,0.8079325363340707,1.1289627938730291,10,0.9633399347921826,37.66,2,"[541.2000122070312, 609.0]"
combined_sweep,1788868725.4198184,12.881709073000001,1.3815366637772126,0.903,0.0,0.48721271460360005,0.8052373042536292,1.3817956649401992,10,1.1013982057018903,37.66,2,"[541.2000122070312, 609.0]"
combined_sweep,1788868725.4696984,12.931589184000002,1.3899787265682275,0.903,0.0,0.48793821799320003,0.8025448979616799,1.6335189656499267,10,1.1980389953386859,107.6,2,"[458.0, 685.0]"
combined_sweep,1788868725.5197275,12.981618127,1.3677632699439044,0.903,0.0,0.48866504800000005,0.7998475684777133,1.8848549727735673,10,1.2762720155208536,145.26,2,"[458.0, 685.0]"
combined_sweep,1788868725.569865,13.031755791,1.3163426899768775,0.903,0.0,0.4893931207230667,0.7971456271654032,2.135770225736863,10,1.3268933815210797,177.54,2,"[412.0, 729.2000122070312]"
combined_sweep,1788868725.61999,13.081880781,1.2390935033945636,0.903,0.0,0.4901216162934667,0.7944421166297964,2.385979733796802,10,1.346835131763593,177.54,2,"[412.0, 729.2000122070312]"
combined_sweep,1788868725.6698904,13.13178128,1.1415222747475304,0.903,0.0,0.4908466407661334,0.7917514876403148,2.6341536808658788,10,1.346835131763593,67.25,2,"[401.20001220703125, 736.5999755859375]"
combined_sweep,1788868725.7198782,13.181768937000001,1.0291543852624732,0.903,0.0,0.49157334350453336,0.7890546304604694,2.882054809100623,10,1.3284273623089653,-2.69,2,"[401.20001220703125, 736.5999755859375]"
combined_sweep,1788868725.769902,13.23179273,0.9091326583702365,0.903,0.0,0.492300124534,0.7863574827356542,3.1291351775759466,10,1.2793399770966247,-2.69,2,"[402.79998779296875, 718.5999755859375]"
combined_sweep,1788868725.819747,13.281637819,0.7890551630310563,0.903,0.0,0.49302526674120006,0.7836664168230612,3.374814753569069,10,1.1873011298234863,-2.69,2,"[402.79998779296875, 718.5999755859375]"
combined_sweep,1788868725.8697975,13.331688249,0.6756554000541287,0.903,0.0,0.4937517057722667,0.7809705382841067,3.6200870260747706,10,1.0937283017624622,-13.45,2,"[426.3999938964844, 688.7999877929688]"
combined_sweep,1788868725.919855,13.381745999000001,0.575666211443211,0.903,0.0,0.4944797322066667,0.7782687687530717,3.865044889542986,10,0.9878836273983529,-16.14,2,"[426.3999938964844, 688.7999877929688]"
combined_sweep,1788868725.9697182,13.431608847000001,0.4954537221682017,0.903,0.0,0.49520502342413336,0.7755771498503958,4.108238442589794,10,0.8774370106705868,-69.94,2,"[520.7999877929688, 613.2000122070312]"
combined_sweep,1788868726.0198116,13.481702533,0.439047514961008,0.903,0.0,0.49593247660573336,0.7728775077104492,4.351307876808676,10,0.7669903939428205,-88.77,2,"[520.7999877929688, 613.2000122070312]"
combined_sweep,1788868726.0699503,13.531841169000002,0.4098197676983348,0.903,0.0,0.4966611270869334,0.7701734222873661,4.593925541120797,10,0.662679700366597,-67.25,2,"[614.7999877929688, 481.20001220703125]"
combined_sweep,1788868726.119931,13.581821838000002,0.4093426106339364,0.903,0.0,0.4973874902976,0.7674778251245222,4.834935123192594,10,0.5737088146692298,-161.4,2,"[614.7999877929688, 481.20001220703125]"
combined_sweep,1788868726.1699228,13.631813606000001,0.43730608966755324,0.903,0.0,0.4981140656658667,0.7647814406263395,5.075168112074564,10,0.500077736850719,-161.4,2,"[660.7999877929688, 378.6000061035156]"
combined_sweep,1788868726.2196884,13.681578965000002,0.49166735136062173,0.903,0.0,0.49883811059186667,0.7620944468198858,5.313723343697745,10,0.4433204476989503,-161.4,2,"[660.7999877929688, 378.6000061035156]"
combined_sweep,1788868726.2696626,13.73155344,0.5694934117752171,0.903,0.0,0.49956452293973336,0.7593986673046115,5.5522119756595885,10,0.42644665903220824,-142.57,2,"[677.4000244140625, 348.3999938964844]"
combined_sweep,1788868726.3198528,13.781743726,0.6663812098596671,0.903,0.0,0.5002930323749333,0.7566951053155238,5.790537599994408,10,0.43104860139586515,-37.66,2,"[677.4000244140625, 348.3999938964844]"
combined_sweep,1788868726.3698707,13.831761440000001,0.7763161785249129,0.903,0.0,0.5010201469153334,0.7539967199025761,6.027558651173848,10,0.4632621979414636,2.69,2,"[669.4000244140625, 346.79998779296875]"
combined_sweep,1788868726.419829,13.881719555,0.8930412531451779,0.903,0.0,0.5017460390134667,0.7513028710793914,6.263335821440478,10,0.5184855063053467,5.38,2,"[669.4000244140625, 346.79998779296875]"
combined_sweep,1788868726.4698424,13.93173327,1.0104013090297144,0.903,0.0,0.5024729393616,0.748605280552608,0.2154074288407699,11,0.5936505649117432,2.69,2,"[652.0, 375.0]"
combined_sweep,1788868726.5198479,13.981738445000001,1.1217680961224228,0.903,0.0,0.5031996795669333,0.7459082843297086,0.44976514207163376,11,0.6856894121848816,2.69,2,"[652.0, 375.0]"
combined_sweep,1788868726.569815,14.031705666,1.2210804929025723,0.903,0.0,0.50392588948,0.7432132560676151,0.6831057118064123,11,0.7915340865489908,2.69,2,"[603.2000122070312, 508.79998779296875]"
combined_sweep,1788868726.6199157,14.081806345,1.3032479504719652,0.903,0.0,0.5046530600173333,0.7405146628451689,0.9159065665321506,11,0.9311263382465842,2.69,2,"[603.2000122070312, 508.79998779296875]"
combined_sweep,1788868726.6697888,14.131679673,1.3637476059956668,0.903,0.0,0.5053787021566667,0.7378217416408699,1.147373297145073,11,1.0369710126106935,107.6,2,"[521.2000122070312, 634.0]"
combined_sweep,1788868726.719707,14.181597842,1.3997403146093659,0.903,0.0,0.5061047670270666,0.7351272516447501,1.3781290733687186,11,1.1366797638232602,102.22,2,"[521.2000122070312, 634.0]"
combined_sweep,1788868726.7698312,14.231722056,1.409469399258763,0.903,0.0,0.5068328262341334,0.7324253604914935,1.6086682329608593,11,1.2241166687327416,104.91,2,"[443.0, 696.0]"
combined_sweep,1788868726.8197796,14.281670435,1.3925807891810167,0.903,0.0,0.5075589521736,0.7297306438627464,1.8377492852141373,11,1.2931458041875956,169.47,2,"[443.0, 696.0]"
combined_sweep,1788868726.8698559,14.331746527000002,1.3501356838625498,0.903,0.0,0.5082863332117333,0.7270312694534904,2.066377433739085,11,1.3437671701878218,188.29999999999998,2,"[411.20001220703125, 725.2000122070312]"
combined_sweep,1788868726.919839,14.381729671,1.2846396465238168,0.903,0.0,0.5090128494002667,0.7243351045764543,2.2938868956490595,11,1.3698448435818775,204.44,2,"[411.20001220703125, 725.2000122070312]"
combined_sweep,1788868726.9698327,14.431723282,1.1995883589199838,0.903,0.0,0.5097395272721333,0.7216383396784808,2.5205997621558183,11,1.371378824369763,69.94,2,"[387.20001220703125, 744.4000244140625]"
combined_sweep,1788868727.019771,14.481661697000002,1.0996007633887455,0.903,0.0,0.5104654543810667,0.7189443609271668,2.7462329245762263,11,1.3483691125514785,69.94,2,"[387.20001220703125, 744.4000244140625]"
combined_sweep,1788868727.0697107,14.531601491000002,0.9897732493453056,0.903,0.0,0.5111913782926667,0.7162503940414355,2.971019623614076,11,1.3054176504906807,-2.69,2,"[386.6000061035156, 724.2000122070312]"
combined_sweep,1788868727.119715,14.581605648,0.8755560343267613,0.903,0.0,0.5119181728672,0.7135531960496978,3.195228429768214,11,1.2425244381873692,-2.69,2,"[386.6000061035156, 724.2000122070312]"
combined_sweep,1788868727.1696944,14.631585025000001,0.7628480326251148,0.903,0.0,0.5126447013073334,0.7108569857059067,3.4185082578033743,11,1.162757437217316,-8.07,2,"[400.3999938964844, 698.5999755859375]"
combined_sweep,1788868727.2198544,14.681745199000002,0.6569159189562488,0.903,0.0,0.5133730740129334,0.7081539311322778,3.641503690058279,11,1.0676506283684062,-24.21,2,"[400.3999938964844, 698.5999755859375]"
combined_sweep,1788868727.2698653,14.731756162000002,0.5634016202659541,0.903,0.0,0.5140998700262667,0.7054567278010279,3.8631689067933834,11,0.9648739155800683,-16.14,2,"[478.6000061035156, 641.0]"
combined_sweep,1788868727.3198867,14.781777482,0.4865444458352241,0.903,0.0,0.5148264214872,0.7027604320250421,4.08391260558647,11,0.8620972027917303,-104.91,2,"[478.6000061035156, 641.0]"
combined_sweep,1788868727.369838,14.831728616000001,0.4298899705055083,0.903,0.0,0.5155528810974668,0.7000644771148834,4.30378168007028,11,0.7531845668518499,-88.77,2,"[583.4000244140625, 531.7999877929688]"
combined_sweep,1788868727.4197621,14.881652768,0.3959990579114474,0.903,0.0,0.5162784148326667,0.6973719582077684,4.522525969756948,11,0.624330180669456,-88.77,2,"[583.4000244140625, 531.7999877929688]"
combined_sweep,1788868727.4696803,14.931571058000001,0.38620133686036584,0.903,0.0,0.5170045756812001,0.6946771120284333,4.740613308955538,11,0.5476311412751739,-169.47,2,"[646.2000122070312, 409.6000061035156]"
combined_sweep,1788868727.5197175,14.98160816,0.40081939335427874,0.903,0.0,0.5177315787509333,0.691979140292842,4.958105606607994,11,0.483203948183977,-153.32999999999998,2,"[646.2000122070312, 409.6000061035156]"
combined_sweep,1788868727.5698998,15.031790594,0.4399116196410393,0.903,0.0,0.5175398033225334,0.6892751756829635,5.175229252830896,11,0.4341165629716365,-147.95,2,"[675.5999755859375, 355.3999938964844]"
combined_sweep,1788868727.6198158,15.081706494,0.5005782440793602,0.903,0.0,0.5168140303686667,0.6865817690145335,5.390659996767177,11,0.4172427743048944,-201.75,2,"[675.5999755859375, 355.3999938964844]"
combined_sweep,1788868727.6698387,15.131729377000001,0.5794538384310917,0.903,0.0,0.5160870891382667,0.6838840267700964,5.605589678566552,11,0.41570879351700873,-83.39,2,"[684.4000244140625, 341.3999938964844]"
combined_sweep,1788868727.7198133,15.181704029,0.6724839331578425,0.903,0.0,0.5153608974936,0.6811890663036271,5.819451642193378,11,0.4279806398200939,5.38,2,"[684.4000244140625, 341.3999938964844]"
combined_sweep,1788868727.7697988,15.231689428000001,0.7753905779920829,0.903,0.0,0.5146342183718666,0.6784922967672895,6.032609937168068,11,0.4632621979414636,2.69,2,"[678.0, 343.20001220703125]"
combined_sweep,1788868727.8197584,15.281649323000002,0.8832404777207682,0.903,0.0,0.5139082082921334,0.6757980101041074,6.2447263103504795,11,0.5384272565478601,2.69,2,"[678.0, 343.20001220703125]"
combined_sweep,1788868727.8696988,15.331589482000002,0.9912762293385626,0.903,0.0,0.5131819721318667,0.673102884436368,0.17287723260082544,12,0.6135923151542565,2.69,2,"[649.5999755859375, 380.20001220703125]"
combined_sweep,1788868727.9196966,15.381587221,1.094741977154217,0.903,0.0,0.5124552955534667,0.670406124338562,0.38349440089417897,12,0.7040971816395093,2.69,2,"[649.5999755859375, 380.20001220703125]"
combined_sweep,1788868727.969728,15.431618874000002,1.1891357056716632,0.903,0.0,0.5117282622398667,0.6677080403653464,0.5933669081993571,12,0.8007379712763046,2.69,2,"[602.0, 514.5999755859375]"
combined_sweep,1788868728.0198538,15.481744610000002,1.270522009958568,0.903,0.0,0.5110002200804,0.6650062124772188,0.8026802278152019,12,0.9019807032767571,13.45,2,"[602.0, 514.5999755859375]"
combined_sweep,1788868728.069835,15.531725584,1.3352948123128345,0.903,0.0,0.5102738770856,0.6623106903372176,1.0106585887283472,12,0.9986214929135524,91.46,2,"[521.0, 633.5999755859375]"
combined_sweep,1788868728.119841,15.581731865000002,1.3811507994903074,0.903,0.0,0.509547063516,0.6596134218531323,1.2179241490953814,12,1.0921943209745766,107.6,2,"[521.0, 633.5999755859375]"
combined_sweep,1788868728.1699631,15.631853801,1.4064043362386502,0.903,0.0,0.5088186915806667,0.6569103701380301,1.4247829273751904,12,1.1857671490356005,96.84,2,"[458.0, 689.5999755859375]"
combined_sweep,1788868728.2200072,15.681898002,1.410193213282488,0.903,0.0,0.5080921015627999,0.6542139312739054,1.6302886163850303,12,1.2732040539450822,96.84,2,"[458.0, 689.5999755859375]"
combined_sweep,1788868728.2697055,15.731596405000001,1.3928829885077512,0.903,0.0,0.5073685507992,0.6515287713471746,1.8340947446976088,12,1.3268933815210797,177.54,2,"[407.0, 728.0]"
combined_sweep,1788868728.3196878,15.781578565,1.3553667708157806,0.903,0.0,0.5066419679172001,0.6488323589648728,2.0379079395599575,12,1.363708920430335,199.06,2,"[407.0, 728.0]"
combined_sweep,1788868728.3698757,15.831766224,1.2993477142506231,0.903,0.0,0.5059133980669334,0.6461285727702086,2.241426853168548,12,1.372912805157649,196.37,2,"[389.79998779296875, 744.0]"
combined_sweep,1788868728.4198403,15.881731081000002,1.2277265956259287,0.903,0.0,0.505187100794,0.6434332203080383,2.443464604862342,12,1.372912805157649,51.11,2,"[389.79998779296875, 744.0]"
combined_sweep,1788868728.4698534,15.93174415,1.1434251637558857,0.903,0.0,0.5044602422437333,0.64073578489678,2.6448108417863523,12,1.3606409588545638,-5.38,2,"[395.3999938964844, 734.7999877929688]"
combined_sweep,1788868728.519933,15.981823801,1.049946030759439,0.903,0.0,0.5037324209037333,0.6380347764889331,2.845573884810335,12,1.325359400733194,-2.69,2,"[395.3999938964844, 734.7999877929688]"
combined_sweep,1788868728.569859,16.031749635,0.9515818821389689,0.903,0.0,0.5030068960338667,0.6353422904818428,3.044858926645759,12,1.2716700731571966,-2.69,2,"[400.3999938964844, 712.5999755859375]"
combined_sweep,1788868728.6197145,16.081605147,0.8520424849056538,0.903,0.0,0.5022816643885334,0.6326508926565444,3.2432195686112237,12,1.1873011298234863,-2.69,2,"[400.3999938964844, 712.5999755859375]"
combined_sweep,1788868728.669796,16.131686803,0.7549489117493247,0.903,0.0,0.5015545711975999,0.6299525864733275,3.441241172966784,12,1.102932186489776,-10.76,2,"[434.6000061035156, 689.5999755859375]"
combined_sweep,1788868728.7198503,16.181741182,0.6642260475807235,0.903,0.0,0.500826950156,0.6272523213902953,3.6385571083997377,12,1.0139613007924089,-26.9,2,"[434.6000061035156, 689.5999755859375]"
combined_sweep,1788868728.769788,16.231678793,0.5835325039757556,0.903,0.0,0.5001011364942667,0.6245587636514252,3.834537706608657,12,0.9219224535192704,-34.97,2,"[507.0, 626.7999877929688]"
combined_sweep,1788868728.8198898,16.281780637,0.5153799340326342,0.903,0.0,0.49937324372293335,0.6218574901556766,4.030229633669677,12,0.8314175870340175,-115.67,2,"[507.0, 626.7999877929688]"
combined_sweep,1788868728.8698297,16.331720576000002,0.46251040983042013,0.903,0.0,0.49864713549959994,0.6191628392730437,4.2245958910449986,12,0.7424467013366504,-64.56,2,"[598.0, 525.7999877929688]"
combined_sweep,1788868728.9199312,16.381822054,0.426436631888311,0.903,0.0,0.4979197873068,0.6164635867556817,4.418445275687787,12,0.6565437772150544,-110.28999999999999,2,"[598.0, 525.7999877929688]"
combined_sweep,1788868728.969894,16.431784745,0.4083488976175866,0.903,0.0,0.4971932887181334,0.6137674871932843,4.61122141912783,12,0.5844466801844292,-164.09,2,"[652.0, 419.0]"
combined_sweep,1788868729.019715,16.481605918,0.40855593970849957,0.903,0.0,0.496468409884,0.6110773986810895,4.8027247243012,12,0.5077476407901472,-164.09,2,"[652.0, 419.0]"
combined_sweep,1788868729.069686,16.531576672,0.42675419791990865,0.903,0.0,0.4957420568176,0.608381839164503,4.993771032409541,12,0.4632621979414636,-174.85,2,"[671.4000244140625, 364.0]"
combined_sweep,1788868729.1196878,16.581578612,0.4620259994431337,0.903,0.0,0.4950155170269333,0.6056855866978936,5.184019548173453,12,0.4356505437595221,-188.29999999999998,2,"[671.4000244140625, 364.0]"
combined_sweep,1788868729.1699407,16.631831331,0.513091666138539,0.903,0.0,0.4942856713534667,0.6029770658121719,5.374279098412643,12,0.4249126782443226,-174.85,2,"[683.0, 346.3999938964844]"
combined_sweep,1788868729.2199326,16.681823245,0.5773722460922557,0.903,0.0,0.4935596558673333,0.6002827590853685,5.562694494770454,12,0.4249126782443226,-64.56,2,"[683.0, 346.3999938964844]"
combined_sweep,1788868729.2698443,16.73173518,0.6526059465500851,0.903,0.0,0.49283372399146663,0.5975887626435497,5.750242704471319,12,0.4433204476989503,-40.35,2,"[673.4000244140625, 346.3999938964844]"
combined_sweep,1788868729.3197699,16.781660794,0.7359839355981402,0.903,0.0,0.49210789956053336,0.5948951649392401,5.9369179173499305,12,0.47860200582032003,-45.73,2,"[673.4000244140625, 346.3999938964844]"
combined_sweep,1788868729.3698726,16.831763189,0.8247307641578155,0.903,0.0,0.49138022471653336,0.5921947001908137,6.123219485996614,12,0.5322913333963175,5.38,2,"[667.5999755859375, 360.0]"
combined_sweep,1788868729.4198666,16.881757237000002,0.9153682581953965,0.903,0.0,0.49065363705306664,0.5894982700640723,0.02521038772427886,13,0.6089903727905995,5.38,2,"[667.5999755859375, 360.0]"
combined_sweep,1788868729.4696877,16.931578411,1.0046877095501472,0.903,0.0,0.48992888534199996,0.5868086533166541,0.20907594935091112,13,0.6826214506091103,2.69,2,"[644.2000122070312, 433.0]"
combined_sweep,1788868729.5197594,16.981650266000003,1.090237063418303,0.903,0.0,0.48920150112106664,0.58410926709575,0.39276048979746037,13,0.760854470791278,2.69,2,"[644.2000122070312, 433.0]"
combined_sweep,1788868729.5698783,17.031769255,1.1689740853074153,0.903,0.0,0.4884733271006666,0.5814069498602097,0.5757937573272685,13,0.8467573949128739,13.45,2,"[586.0, 555.5999755859375]"
combined_sweep,1788868729.6198242,17.081714913000003,1.2381115216305398,0.903,0.0,0.4877473284296,0.5787127055355838,0.7574345869683796,13,0.9295923574586985,37.66,2,"[586.0, 555.5999755859375]"
combined_sweep,1788868729.6698477,17.131738526,1.2958553001005466,0.903,0.0,0.4870203889432,0.5760149697632827,0.9384629664924873,13,1.012427320004523,96.84,2,"[523.2000122070312, 637.0]"
combined_sweep,1788868729.7198677,17.181758418,1.3404231878968722,0.903,0.0,0.4862934874905333,0.5733173751374797,1.1186341263823394,13,1.0906603401866908,88.77,2,"[523.2000122070312, 637.0]"
combined_sweep,1788868729.7698865,17.231777308,1.3706040979233145,0.903,0.0,0.485566627516,0.5706199344406436,1.2979473540041866,13,1.1658253987930873,123.74,2,"[466.20001220703125, 679.2000122070312]"
combined_sweep,1788868729.8198333,17.281723876,1.3856734071240815,0.903,0.0,0.48484059566533333,0.5679255669836312,1.4762105659990183,13,1.2425244381873692,123.74,2,"[466.20001220703125, 679.2000122070312]"
combined_sweep,1788868729.8698125,17.331703456,1.3854528180516887,0.903,0.0,0.4841143853308,0.5652305371574382,1.6536714643886299,13,1.2900778426118242,156.02,2,"[430.79998779296875, 713.5999755859375]"
combined_sweep,1788868729.9197185,17.381609227000002,1.370211135748529,0.903,0.0,0.483388378928,0.5625362641396762,1.8302368671090576,13,1.3268933815210797,193.68,2,"[430.79998779296875, 713.5999755859375]"
combined_sweep,1788868729.9698675,17.431758052000003,1.3405752782204108,0.903,0.0,0.4826602868901333,0.5598342511484603,2.0064589706553093,13,1.35143707412725,201.75,2,"[406.79998779296875, 725.2000122070312]"
combined_sweep,1788868730.0198057,17.481696255000003,1.2978615287192017,0.903,0.0,0.48193417038279995,0.5571395695231818,2.1813570128837725,13,1.359106978066678,190.99,2,"[406.79998779296875, 725.2000122070312]"
combined_sweep,1788868730.06986,17.531750655,1.243439976377924,0.903,0.0,0.481206921816,0.5544406867265861,2.3556791737164744,13,1.359106978066678,69.94,2,"[392.6000061035156, 731.2000122070312]"
combined_sweep,1788868730.1199522,17.581842976,1.1791360235457524,0.903,0.0,0.4804788723172,0.551738831601553,2.52934289060277,13,1.3483691125514785,-5.38,2,"[392.6000061035156, 731.2000122070312]"
combined_sweep,1788868730.1698446,17.631735451,1.1074157418132113,0.903,0.0,0.4797538877530666,0.5490483507161157,2.701432236987891,13,1.3192234775816514,-5.38,2,"[388.20001220703125, 726.5999755859375]"
combined_sweep,1788868730.2197115,17.681602301,1.0302231609911445,0.903,0.0,0.47902846559026663,0.5463562458638986,2.872781154789074,13,1.2640001692177683,-5.38,2,"[388.20001220703125, 726.5999755859375]"
combined_sweep,1788868730.2698343,17.731725038,0.9496867894548993,0.903,0.0,0.47830072800586665,0.5436555482803812,3.043827289024982,13,1.2118448224296565,-2.69,2,"[408.20001220703125, 703.2000122070312]"
combined_sweep,1788868730.319711,17.78160198,0.8686713141501337,0.903,0.0,0.47757508659319997,0.5409626297728056,3.2135359311519593,13,1.1474176293384597,-2.69,2,"[408.20001220703125, 703.2000122070312]"
combined_sweep,1788868730.3698292,17.831719948,0.7890211828154208,0.903,0.0,0.4768470460905333,0.5382608080332073,3.3829552509168153,13,1.0799224746714913,-8.07,2,"[441.20001220703125, 675.5999755859375]"
combined_sweep,1788868730.4199545,17.881845381,0.7132390598763221,0.903,0.0,0.4761189519889333,0.5355587873832971,3.551536511171186,13,1.004757416065095,-8.07,2,"[441.20001220703125, 675.5999755859375]"
combined_sweep,1788868730.469871,17.931761636,0.643653055895965,0.903,0.0,0.4753936481274667,0.5328671215576357,3.718627699659571,13,0.9295923574586985,-26.9,2,"[524.5999755859375, 617.4000244140625]"
combined_sweep,1788868730.5198586,17.981749352,0.5816749774376663,0.903,0.0,0.4746669125292,0.5301701424319619,3.8852013618000925,13,0.8544272988523022,-112.98,2,"[524.5999755859375, 617.4000244140625]"
combined_sweep,1788868730.5698411,18.031731972000003,0.5290333014326072,0.903,0.0,0.4739404424549333,0.5274741486889875,4.050867421423611,13,0.77772825945802,-59.18,2,"[580.0, 548.0]"
combined_sweep,1788868730.6196823,18.081573173000002,0.48703290471853683,0.903,0.0,0.4732152343681333,0.5247828382914588,4.215401891264229,13,0.6872233929727672,-59.18,2,"[580.0, 548.0]"
combined_sweep,1788868730.6696599,18.131550431,0.45648134989955463,0.903,0.0,0.47248913127506664,0.5220882064476926,4.379293532197146,13,0.6289321230331129,-153.32999999999998,2,"[635.7999877929688, 448.6000061035156]"
combined_sweep,1788868730.719822,18.181712752000003,0.43800032217754703,0.903,0.0,0.4717605792717333,0.5193844864845533,4.542886324044666,13,0.5737088146692298,-131.81,2,"[635.7999877929688, 448.6000061035156]"
combined_sweep,1788868730.7698774,18.23176823,0.43197834296079346,0.903,0.0,0.4710334678850667,0.5166861127753848,4.705307394553891,13,0.5246214294568893,-153.32999999999998,2,"[661.0, 383.0]"
combined_sweep,1788868730.8198416,18.281732471,0.4382826507935259,0.903,0.0,0.4703070849962666,0.5139904425852735,4.866719195235753,13,0.4908738521234052,-169.47,2,"[661.0, 383.0]"
combined_sweep,1788868730.8698409,18.331731494,0.45652056296976495,0.903,0.0,0.4695803560106666,0.511293487999782,5.027360557230416,13,0.4663301595172349,-150.64,2,"[668.2000122070312, 353.0]"
combined_sweep,1788868730.9198563,18.381747103000002,0.48600172584905443,0.903,0.0,0.46885362503399997,0.5085965260252686,5.1871550087681655,13,0.45559229400203544,-182.92,2,"[668.2000122070312, 353.0]"
combined_sweep,1788868730.9697568,18.431647537,0.5257089733304212,0.903,0.0,0.4681278479526666,0.5059031040394503,5.345894589092644,13,0.45559229400203544,-139.88,2,"[668.4000244140625, 348.0]"
combined_sweep,1788868731.0197875,18.481678467000002,0.5745497336832771,0.903,0.0,0.4674011993364,0.5032064477115573,5.503977630149329,13,0.4586602555778067,-139.88,2,"[668.4000244140625, 348.0]"
combined_sweep,1788868731.0696833,18.531574074,0.6310304325727952,0.903,0.0,0.46667536394733333,0.5005128093406602,5.661038489521637,13,0.47553404424454876,8.07,2,"[665.4000244140625, 347.79998779296875]"
combined_sweep,1788868731.119848,18.581738945,0.6944752582698688,0.903,0.0,0.4659469522924,0.5021903897773382,5.819185110642003,13,0.5077476407901472,5.38,2,"[665.4000244140625, 347.79998779296875]"
combined_sweep,1788868731.169901,18.631791701,0.7632087291370433,0.903,0.0,0.4652194446108,0.5048902341715334,5.977984631446425,13,0.5460971604872883,2.69,2,"[649.2000122070312, 367.20001220703125]"
combined_sweep,1788868731.2198577,18.681748626,0.8354711119187879,0.903,0.0,0.46449350910160003,0.507584244096969,6.137286476909516,13,0.5921165841238575,2.69,2,"[649.2000122070312, 367.20001220703125]"
combined_sweep,1788868731.26993,18.731820546,0.9097755510628774,0.903,0.0,0.4637659419496,0.5102843091910002,0.014610370255340399,14,0.6458059116998549,2.69,2,"[629.4000244140625, 422.3999938964844]"
combined_sweep,1788868731.3198643,18.781754864,0.9838744469966283,0.903,0.0,0.46304020829386666,0.5129775700206333,0.1755601080979261,14,0.7071651432152806,2.69,2,"[629.4000244140625, 422.3999938964844]"
combined_sweep,1788868731.3699563,18.83184705,1.0562448181687962,0.903,0.0,0.46231219271586665,0.5156792992626221,0.33786626859446756,14,0.7731263170943632,2.69,2,"[604.7999877929688, 512.4000244140625]"
combined_sweep,1788868731.4198365,18.881727220000002,1.1244092679311883,0.903,0.0,0.46158748504079994,0.5183687525886075,0.5002775933576373,14,0.8605632220038447,2.69,2,"[604.7999877929688, 512.4000244140625]"
combined_sweep,1788868731.4696903,18.931581027,1.18690447632801,0.903,0.0,0.46086206965053333,0.5210608323073633,0.6636918068004007,14,0.9280583766708129,26.9,2,"[552.4000244140625, 601.0]"
combined_sweep,1788868731.5198143,18.981704971000003,1.2420851089547862,0.903,0.0,0.4601341848434667,0.5237620762470242,0.8285123487747086,14,0.9955535313377811,88.77,2,"[552.4000244140625, 601.0]"
combined_sweep,1788868731.569832,19.031722708,1.288071517925368,0.903,0.0,0.45940727610959997,0.5264596978939948,0.9939596361531784,14,1.0630486860047492,78.01,2,"[496.6000061035156, 654.0]"
combined_sweep,1788868731.6198368,19.081727599,1.3235600069829174,0.903,0.0,0.4586805183625333,0.5291567592157951,1.160219971346919,14,1.1244079175201749,102.22,2,"[496.6000061035156, 654.0]"
combined_sweep,1788868731.669883,19.131773798,1.3474551721187216,0.903,0.0,0.4579534529302667,0.5318549623841812,1.327398826359314,14,1.1826991874598294,129.12,2,"[453.0, 686.0]"
combined_sweep,1788868731.7198427,19.181733363000003,1.3589233047330893,0.903,0.0,0.45722710252346666,0.5345505120307601,1.4952597342823566,14,1.2333205534600555,118.36,2,"[453.0, 686.0]"
combined_sweep,1788868731.769677,19.231567665,1.357536965597381,0.903,0.0,0.45650223724893335,0.537240550222098,1.6636204308563407,14,1.2762720155208536,153.32999999999998,2,"[429.3999938964844, 706.4000244140625]"
combined_sweep,1788868731.8198566,19.281747606,1.3430955408738163,0.903,0.0,0.45577303160893334,0.5399466958878588,1.8338423727945354,14,1.3115535736422232,153.32999999999998,2,"[429.3999938964844, 706.4000244140625]"
combined_sweep,1788868731.869703,19.33159375,1.3160471795619801,0.903,0.0,0.45504846259639997,0.5426356346251013,2.0038242812040465,14,1.3299613430968509,199.06,2,"[400.20001220703125, 729.0]"
combined_sweep,1788868731.9198682,19.381759046000003,1.2767511633436688,0.903,0.0,0.45432022244933334,0.5453381972624632,2.1755183012757158,14,1.3330293046726223,182.92,2,"[400.20001220703125, 729.0]"
combined_sweep,1788868731.9698923,19.431782886,1.226438679453373,0.903,0.0,0.45359333398946666,0.5480357436708533,2.3477413577798387,14,1.3330293046726223,53.8,2,"[396.79998779296875, 728.4000244140625]"
combined_sweep,1788868732.0199482,19.481838862,1.1663541833791742,0.903,0.0,0.45286571578186663,0.5507359982366646,2.5209867356122118,14,1.320757458369537,-2.69,2,"[396.79998779296875, 728.4000244140625]"
combined_sweep,1788868732.069895,19.531785683000003,1.0984249030760163,0.903,0.0,0.4521399460544,0.5534293929316431,2.69463710211204,14,1.2931458041875956,-2.69,2,"[395.20001220703125, 715.4000244140625]"
combined_sweep,1788868732.119942,19.581832905000002,1.024287002258542,0.903,0.0,0.45141237914946664,0.5561294571087885,2.869566769023649,14,1.2563302652783401,-2.69,2,"[395.20001220703125, 715.4000244140625]"
combined_sweep,1788868732.1697001,19.631591045,0.9466932440793898,0.903,0.0,0.45068832765440003,0.5588164752936209,3.0444923359637386,14,1.191903072187143,-2.69,2,"[401.3999938964844, 704.5999755859375]"
combined_sweep,1788868732.219779,19.681669696,0.8672617482735109,0.903,0.0,0.44996082162959994,0.5615163135392871,3.221101651037955,14,1.1336118022474888,-2.69,2,"[401.3999938964844, 704.5999755859375]"
combined_sweep,1788868732.2696617,19.731552329000003,0.7890548862789535,0.903,0.0,0.4492354520629333,0.5642082232026706,3.3980364984837763,14,1.0661166475805206,-18.83,2,"[450.3999938964844, 665.2000122070312]"
combined_sweep,1788868732.319869,19.781759706000003,0.7139883483669862,0.903,0.0,0.4485068648889333,0.5669120736872184,3.57660788136522,14,0.9955535313377811,-29.59,2,"[450.3999938964844, 665.2000122070312]"
combined_sweep,1788868732.3697648,19.831655437000002,0.6451048240614943,0.903,0.0,0.4477810434373333,0.5696056603349624,3.7553466368679977,14,0.9249904150950417,-45.73,2,"[499.3999938964844, 617.5999755859375]"
combined_sweep,1788868732.4197977,19.881688336,0.5842897543356338,0.903,0.0,0.44705399762506665,0.5723037906918191,3.9352349849122845,14,0.8544272988523022,-115.67,2,"[499.3999938964844, 617.5999755859375]"
combined_sweep,1788868732.4698963,19.931787037000003,0.533709594451149,0.903,0.0,0.4463266213974667,0.5750031472487667,4.116053941471364,14,0.77772825945802,-43.04,2,"[572.0, 528.4000244140625]"
combined_sweep,1788868732.5198665,19.981757261000002,0.49520621253973524,0.903,0.0,0.44560017662573326,0.5776990470918354,4.297488030068081,14,0.7040971816395093,-102.22,2,"[572.0, 528.4000244140625]"
combined_sweep,1788868732.5698419,20.031732684,0.47011306120754054,0.903,0.0,0.44487391011986666,0.5803942853747406,4.479723863458048,14,0.6258641614573416,-102.22,2,"[644.2000122070312, 448.6000061035156]"
combined_sweep,1788868732.6198218,20.081712352,0.45939658728357435,0.903,0.0,0.444147289146,0.5830908391192786,4.662895734541763,14,0.5721748338813442,-147.95,2,"[644.2000122070312, 448.6000061035156]"
combined_sweep,1788868732.669798,20.131688895,0.46358294326317,0.903,0.0,0.4434208338521334,0.5857867780109007,4.846872547632259,14,0.5276893910326605,-150.64,2,"[655.4000244140625, 384.20001220703125]"
combined_sweep,1788868732.7198498,20.181740626,0.48269935905992034,0.903,0.0,0.44269391426186666,0.5884844399469177,5.0318147355419285,14,0.4970097752749477,-158.71,2,"[655.4000244140625, 384.20001220703125]"
combined_sweep,1788868732.7698214,20.231712159,0.5162308459258994,0.903,0.0,0.4419673004529333,0.5911809671017637,5.217526204225905,14,0.47860200582032003,-156.02,2,"[647.4000244140625, 367.79998779296875]"
combined_sweep,1788868732.8198867,20.281777411,0.5632201637699522,0.903,0.0,0.4412400254209333,0.5938799481130226,5.404255291258536,14,0.4770680250324344,-94.14999999999999,2,"[647.4000244140625, 367.79998779296875]"
combined_sweep,1788868732.869827,20.331717827000002,0.6220281750720512,0.903,0.0,0.44051399147746667,0.5965743233365983,5.5915114526325596,14,0.48013598660820567,-61.87,2,"[655.5999755859375, 352.6000061035156]"
combined_sweep,1788868732.9198189,20.381709675,0.6908556939879605,0.903,0.0,0.4397871779950666,0.5992715914970769,5.779816212976485,14,0.49854375606283335,5.38,2,"[655.5999755859375, 352.6000061035156]"
combined_sweep,1788868732.9696918,20.431582639000002,0.7671278751301664,0.903,0.0,0.43906192665706667,0.601963062403577,5.968560152459418,14,0.5445631796994026,5.38,2,"[658.2000122070312, 339.3999938964844]"
combined_sweep,1788868733.0198238,20.481714552,0.8487131828648654,0.903,0.0,0.43833336105053333,0.604666832849377,6.159018252136619,14,0.5890486225480862,5.38,2,"[658.2000122070312, 339.3999938964844]"
combined_sweep,1788868733.0697079,20.531598571,0.931929014046155,0.903,0.0,0.43760853908533337,0.6073567103160052,0.06615530471199094,15,0.6473398924877406,2.69,2,"[631.5999755859375, 414.3999938964844]"
combined_sweep,1788868733.1199121,20.581802839,1.0146216802885908,0.903,0.0,0.4368797850396,0.6100611800760951,0.2583622174640041,15,0.7133010663668231,2.69,2,"[631.5999755859375, 414.3999938964844]"
combined_sweep,1788868733.169865,20.631755623,1.0930061058800158,0.903,0.0,0.4361535550269333,0.6127562829295553,0.4507496060622813,15,0.7838641826095626,2.69,2,"[596.2000122070312, 505.79998779296875]"
combined_sweep,1788868733.219854,20.681744975,1.1644344437105298,0.903,0.0,0.4354272151858667,0.6154517933657775,0.6440125282864457,15,0.863631183579616,8.07,2,"[596.2000122070312, 505.79998779296875]"
combined_sweep,1788868733.269826,20.731716615,1.226156796664105,0.903,0.0,0.43470080705266667,0.6181475572400567,0.8381402194211702,15,0.9387962421860124,37.66,2,"[547.4000244140625, 597.5999755859375]"
combined_sweep,1788868733.3199656,20.78185624,1.2758810867916734,0.903,0.0,0.43397200599159996,0.620852201478145,1.0337595892320408,15,1.0154952815802945,69.94,2,"[547.4000244140625, 597.5999755859375]"
combined_sweep,1788868733.3696797,20.831570615,1.3111424757958914,0.903,0.0,0.43324888965839997,0.6235357491958096,1.2286920489624364,15,1.1090681096413186,69.94,2,"[457.0, 665.0]"
combined_sweep,1788868733.4197428,20.881633629,1.3309778282358318,0.903,0.0,0.4325211291549333,0.6262365318339804,1.425726203534218,15,1.1719613219446299,88.77,2,"[457.0, 665.0]"
combined_sweep,1788868733.4697464,20.931637133000002,1.3341998208445511,0.903,0.0,0.43179455019693336,0.6289329296539763,1.6232874621519429,15,1.2256506495206272,115.67,2,"[442.0, 699.4000244140625]"
combined_sweep,1788868733.5197134,20.981604154000003,1.3205833432163758,0.903,0.0,0.43106837761999994,0.6316278193584258,1.821584272190215,15,1.2670681307935396,142.57,2,"[442.0, 699.4000244140625]"
combined_sweep,1788868733.569937,21.031827803000002,1.290391420744455,0.903,0.0,0.43033988175893334,0.634331330972722,2.021366975390684,15,1.2962137657633668,147.95,2,"[415.20001220703125, 719.7999877929688]"
combined_sweep,1788868733.619928,21.081818765,1.2448316159031991,0.903,0.0,0.42961328784613334,0.6370277842912836,2.2214751192834328,15,1.3054176504906807,164.09,2,"[415.20001220703125, 719.7999877929688]"
combined_sweep,1788868733.66984,21.131730874000002,1.1855771544329192,0.903,0.0,0.4288872038353333,0.6397223453190957,2.4222886757870086,15,1.3054176504906807,51.11,2,"[395.79998779296875, 717.2000122070312]"
combined_sweep,1788868733.7198665,21.181757348,1.1147829763255594,0.903,0.0,0.42816029510146664,0.6424199669660662,2.6241780916672397,15,1.2946797849754812,-5.38,2,"[395.79998779296875, 717.2000122070312]"
combined_sweep,1788868733.7697213,21.231611903,1.0354848178871172,0.903,0.0,0.4274350513934666,0.6451114095569718,2.826448954226315,15,1.2532623037025687,-5.38,2,"[396.0, 704.4000244140625]"
combined_sweep,1788868733.8197207,21.281611517,0.9505235058204948,0.903,0.0,0.4267082962333333,0.6478084612784369,3.029988768575272,15,1.2087768608538851,-5.38,2,"[396.0, 704.4000244140625]"
combined_sweep,1788868733.8697217,21.331612436,0.8635473348597092,0.903,0.0,0.4259816633857333,0.650505059087434,3.2343414490340834,15,1.1520195717021164,-2.69,2,"[404.3999938964844, 688.4000244140625]"
combined_sweep,1788868733.9199126,21.381803411,0.7779431726997896,0.903,0.0,0.4252531253489333,0.6532087272195514,3.4400815001654124,15,1.0829904362472627,-13.45,2,"[404.3999938964844, 688.4000244140625]"
combined_sweep,1788868733.969705,21.431595888,0.6979896636121808,0.903,0.0,0.42452845804746664,0.6558980307155894,3.6455709958257003,15,1.0078253776408663,-16.14,2,"[452.0, 655.4000244140625]"
combined_sweep,1788868734.0199807,21.481871499,0.6261669383216155,0.903,0.0,0.4237984840882666,0.6586070276808451,3.853420198044965,15,0.9295923574586985,-37.66,2,"[452.0, 655.4000244140625]"
combined_sweep,1788868734.069864,21.531754732000003,0.5666401861117871,0.903,0.0,0.42307359798746663,0.6612971431602732,4.060663762312878,15,0.8513593372765309,-99.53,2,"[541.5999755859375, 564.2000122070312]"
combined_sweep,1788868734.1198635,21.581754198000002,0.5214416550670851,0.903,0.0,0.4223468657754667,0.6639941097192159,4.269282479736084,15,0.765456413154935,-67.25,2,"[541.5999755859375, 564.2000122070312]"
combined_sweep,1788868734.1698027,21.631693294,0.4928467613579228,0.903,0.0,0.42162055431800005,0.6666895148214254,4.478626786204792,15,0.6703496043060252,-67.25,2,"[609.5999755859375, 484.79998779296875]"
combined_sweep,1788868734.2197134,21.681604181,0.48222370898627714,0.903,0.0,0.42089478684320003,0.6693829011565616,4.688659406109345,15,0.6120583343663708,-118.36,2,"[609.5999755859375, 484.79998779296875]"
combined_sweep,1788868734.2698653,21.731756158,0.49021869618439684,0.903,0.0,0.4201668756436,0.6720842430412135,4.9001625117503025,15,0.5614369683661447,-131.81,2,"[644.7999877929688, 407.0]"
combined_sweep,1788868734.3198845,21.781775551000003,0.5166372785447542,0.903,0.0,0.4194400833798667,0.6747814324573711,5.112187990999935,15,0.5230874486690036,-126.42999999999999,2,"[644.7999877929688, 407.0]"
combined_sweep,1788868734.3698728,21.831763454,0.5604277488132667,0.903,0.0,0.4187135267741333,0.6774777473261578,5.324991666269831,15,0.504679679214376,-164.09,2,"[657.7999877929688, 372.3999938964844]"
combined_sweep,1788868734.4199584,21.881849198,0.6199011119955325,0.903,0.0,0.41798539485680003,0.6801799083135492,5.5391073606492185,15,0.504679679214376,-86.08,2,"[657.7999877929688, 372.3999938964844]"
combined_sweep,1788868734.469948,21.931838739,0.6922107687616113,0.903,0.0,0.4172588636553333,0.682876128904889,5.753599230607257,15,0.5108156023659185,-40.35,2,"[656.4000244140625, 361.6000061035156]"
combined_sweep,1788868734.519877,21.981767661000003,0.7741189485086359,0.903,0.0,0.41653343758306666,0.6855682482654776,5.968609146552545,15,0.5368932757599744,5.38,2,"[656.4000244140625, 361.6000061035156]"
combined_sweep,1788868734.5697508,22.031641764,0.8620584842806036,0.903,0.0,0.4158076783777333,0.6882616039119024,6.184562886180991,15,0.5905826033359719,5.38,2,"[635.7999877929688, 384.0]"
combined_sweep,1788868734.6197436,22.081634431,0.952043840255728,0.903,0.0,0.4150810685073333,0.6909581164505082,0.11843150699822047,16,0.6504078540635119,2.69,2,"[635.7999877929688, 384.0]"
combined_sweep,1788868734.6698308,22.131721663,1.0398279762540332,0.903,0.0,0.4143537799593333,0.6936571476208206,0.3365368218318565,16,0.7194369895183657,2.69,2,"[626.0, 441.6000061035156]"
combined_sweep,1788868734.719953,22.181843782,1.12123120431796,0.903,0.0,0.41362553574293326,0.6963597253598331,0.5557796134739164,16,0.7961360289126478,2.69,2,"[626.0, 441.6000061035156]"
combined_sweep,1788868734.769853,22.231743815,1.1919058186192624,0.903,0.0,0.41290024956853333,0.6990513255472491,0.7749758515066105,16,0.8820389530342436,16.14,2,"[566.0, 561.5999755859375]"
combined_sweep,1788868734.8198571,22.281747903000003,1.2488104899681016,0.903,0.0,0.4121736085386666,0.7017479537213507,0.9954286952641525,16,0.961805954004297,61.87,2,"[566.0, 561.5999755859375]"
combined_sweep,1788868734.869945,22.331835824000002,1.2889565200559912,0.903,0.0,0.4114462281254666,0.7044473258114246,1.2169547234116607,16,1.0415729549743504,91.46,2,"[496.3999938964844, 686.0]"
combined_sweep,1788868734.9198523,22.381742961,1.3101518830860917,0.903,0.0,0.41072030951853333,0.7071412730110757,1.4388810110202996,16,1.1167380135807468,91.46,2,"[496.3999938964844, 686.0]"
combined_sweep,1788868734.9696844,22.431575181000003,1.3113141850110366,0.903,0.0,0.4099952640161333,0.7098319800437299,1.661383799664634,16,1.1980389953386859,91.46,2,"[437.0, 717.2000122070312]"
combined_sweep,1788868735.0196464,22.481537094,1.292227126183493,0.903,0.0,0.4092692072117333,0.712526440106221,1.8850427169861774,16,1.244058418975255,126.42999999999999,2,"[437.0, 717.2000122070312]"
combined_sweep,1788868735.0697064,22.531597111,1.2535844629916308,0.903,0.0,0.408541806728,0.7152258866797929,2.1099644619475697,16,1.2762720155208536,129.12,2,"[412.79998779296875, 710.5999755859375]"
combined_sweep,1788868735.1198602,22.581750949,1.1971321271794917,0.903,0.0,0.40781355774466665,0.7179284821093103,2.3359994682758582,16,1.2885438618239387,129.12,2,"[412.79998779296875, 710.5999755859375]"
combined_sweep,1788868735.1699214,22.631812079000003,1.125718652534848,0.903,0.0,0.4070859298724,0.7206287725415419,2.5626911366081657,16,1.2870098810360528,-2.69,2,"[403.0, 720.5999755859375]"
combined_sweep,1788868735.2199502,22.681841001000002,1.0429237449166062,0.903,0.0,0.40635884495093333,0.7233270480360471,2.7900618253716516,16,1.265534150005654,-2.69,2,"[403.0, 720.5999755859375]"
combined_sweep,1788868735.2698674,22.731758246000002,0.9531022171296654,0.903,0.0,0.40563341146666665,0.7260191949032134,3.017760411795763,16,1.2287186110963986,-2.69,2,"[399.79998779296875, 700.5999755859375]"
combined_sweep,1788868735.3199604,22.781851319,0.8603491627747683,0.903,0.0,0.40490538346266663,0.7287209702591708,3.247123742252711,16,1.1734953027325155,-2.69,2,"[399.79998779296875, 700.5999755859375]"
combined_sweep,1788868735.3697102,22.83160089,0.770358313506647,0.903,0.0,0.4041816895748,0.7314066613325257,3.4759619037192238,16,1.0829904362472627,-2.69,2,"[428.3999938964844, 668.5999755859375]"
combined_sweep,1788868735.419644,22.881534712,0.6870963456278105,0.903,0.0,0.40345604787146666,0.7340995809187906,3.706260793348008,16,1.0032234352772094,-5.38,2,"[428.3999938964844, 668.5999755859375]"
combined_sweep,1788868735.4696493,22.931539984,0.6151625997134688,0.903,0.0,0.40272913088266665,0.736797233200538,3.9378122082122786,16,0.9188544919434991,-51.11,2,"[486.3999938964844, 613.4000244140625]"
combined_sweep,1788868735.5198498,22.981740493,0.5585220987106949,0.903,0.0,0.4020002647413333,0.7395021189571662,4.1708368411771914,16,0.8375535101855601,-86.08,2,"[486.3999938964844, 613.4000244140625]"
combined_sweep,1788868735.5698705,23.031761203000002,0.5206477619647691,0.903,0.0,0.4012733749008,0.7421996704893306,4.4040773552413555,16,0.7516505860639642,-51.11,2,"[579.4000244140625, 521.0]"
combined_sweep,1788868735.619939,23.081830049,0.5035491197480264,0.903,0.0,0.4005456445104,0.7449003413752873,4.638437263202334,16,0.6749515466696822,-102.22,2,"[579.4000244140625, 521.0]"
combined_sweep,1788868735.6699395,23.131830266,0.5083453972737348,0.903,0.0,0.39981901044199997,0.7475969437147794,4.873291233802618,16,0.6135923151542565,-147.95,2,"[632.4000244140625, 410.3999938964844]"
combined_sweep,1788868735.7198474,23.181738380000002,0.5348204845914086,0.903,0.0,0.39909365523426665,0.7502888000909105,5.108576011744958,16,0.5614369683661447,-121.05,2,"[632.4000244140625, 410.3999938964844]"
combined_sweep,1788868735.7697678,23.231658472000003,0.5817121824683437,0.903,0.0,0.3983675241209333,0.7529835359203276,5.344958423889054,16,0.5230874486690036,-121.05,2,"[650.7999877929688, 386.0]"
combined_sweep,1788868735.8197162,23.281606956,0.6465311424888645,0.903,0.0,0.3976413699141333,0.7556783574516117,5.582194359917864,16,0.5154175447295755,-80.7,2,"[650.7999877929688, 386.0]"
combined_sweep,1788868735.8698287,23.331719557000003,0.7259205546360004,0.903,0.0,0.3969138162636,0.7583783724405238,5.820736766926572,16,0.5246214294568893,5.38,2,"[650.5999755859375, 366.6000061035156]"
combined_sweep,1788868735.9197006,23.381591491000002,0.8150667142294159,0.903,0.0,0.3961885492877333,0.76106990138051,6.0593733838613275,16,0.5553010452146021,2.69,2,"[650.5999755859375, 366.6000061035156]"
combined_sweep,1788868735.9697185,23.431609090000002,0.9094027888314579,0.903,0.0,0.39546170476213327,0.7637672847450084,0.016191374595187824,17,0.6043884304269426,2.69,2,"[635.7999877929688, 386.79998779296875]"
combined_sweep,1788868736.0198774,23.481768341000002,1.0035540397426832,0.903,0.0,0.3947332491874666,0.7664706468529641,0.2575780162427961,17,0.6657476619423682,2.69,2,"[635.7999877929688, 386.79998779296875]"
combined_sweep,1788868736.0699644,23.531855142,1.0917716246600413,0.903,0.0,0.3940053219866666,0.7691720481194633,0.4996397142709341,17,0.7409127205487647,2.69,2,"[607.7999877929688, 470.20001220703125]"
combined_sweep,1788868736.1199427,23.581833665,1.1687693837961237,0.903,0.0,0.39327898208746664,0.7718675587714232,0.7420200168802396,17,0.8283496254582462,2.69,2,"[607.7999877929688, 470.20001220703125]"
combined_sweep,1788868736.1696937,23.6315847,1.229974357071071,0.903,0.0,0.39255517078479996,0.7745536855813313,0.9843970801813029,17,0.940330222973898,2.69,2,"[578.0, 591.5999755859375]"
combined_sweep,1788868736.2196283,23.681519291,1.2720735181573066,0.903,0.0,0.39182928246533333,0.7772475203815545,1.2283150446297029,17,1.0231651855197226,29.59,2,"[578.0, 591.5999755859375]"
combined_sweep,1788868736.269713,23.731603899000003,1.2922576193388657,0.903,0.0,0.39110170843906666,0.7799476109865886,1.473648769489138,17,1.1013982057018903,75.32,2,"[496.3999938964844, 655.7999877929688]"
combined_sweep,1788868736.3198125,23.781703368000002,1.2890484084787923,0.903,0.0,0.39037421510186665,0.7826474021474656,1.7198044157616792,17,1.1688933603688585,102.22,2,"[496.3999938964844, 655.7999877929688]"
combined_sweep,1788868736.3697274,23.831618071,1.2625716459692442,0.903,0.0,0.3896482787061333,0.7853414153629035,1.96627875184344,17,1.2210487071569704,126.42999999999999,2,"[415.6000061035156, 694.4000244140625]"
combined_sweep,1788868736.4198143,23.881704969,1.2141637460229944,0.903,0.0,0.38892063946879996,0.7880417479718875,2.214180716971775,17,1.2563302652783401,110.28999999999999,2,"[415.6000061035156, 694.4000244140625]"
combined_sweep,1788868736.469875,23.931765788,1.146740694390177,0.903,0.0,0.38819350071586667,0.7907402232396559,2.4627604720712455,17,1.2701360923693108,104.91,2,"[422.0, 704.4000244140625]"
combined_sweep,1788868736.5198739,23.981764740000003,1.064352627807466,0.903,0.0,0.3874666833821333,0.793437505692768,2.71207789872728,17,1.2670681307935396,-2.69,2,"[422.0, 704.4000244140625]"
combined_sweep,1788868736.5696945,24.031585233,0.97224618445759,0.903,0.0,0.3867418094166667,0.7961275761369166,2.9615717246983237,17,1.227184630308513,-2.69,2,"[402.79998779296875, 729.0]"
combined_sweep,1788868736.6196818,24.081572746000003,0.8756761859255808,0.903,0.0,0.38601541293919994,0.7988232967557538,3.2124361536518435,17,1.1780972450961724,-2.69,2,"[402.79998779296875, 729.0]"
combined_sweep,1788868736.6698527,24.131743571,0.7806062227650165,0.903,0.0,0.3852869577714666,0.8015266573535444,3.464862937015944,17,1.1121360712170898,-21.52,2,"[419.3999938964844, 710.7999877929688]"
combined_sweep,1788868736.7197402,24.181631103,0.6936999916851891,0.903,0.0,0.38456150131,0.804218889491102,3.7170949794742754,17,1.033903051034922,-21.52,2,"[419.3999938964844, 710.7999877929688]"
combined_sweep,1788868736.7698493,24.231740075,0.6199132013272899,0.903,0.0,0.38383370581026666,0.8069198020034678,3.97099011078479,17,0.9480001269133262,-16.14,2,"[476.3999938964844, 634.4000244140625]"
combined_sweep,1788868736.8199866,24.281877216,0.5643182011440513,0.903,0.0,0.3831050483385333,0.8096239133690291,4.226037794399083,17,0.859029241215959,-112.98,2,"[476.3999938964844, 634.4000244140625]"
combined_sweep,1788868736.8699038,24.331794625,0.5308304304060977,0.903,0.0,0.3823796729730667,0.8123158445522647,4.480780853991639,17,0.7715923363064775,-64.56,2,"[566.7999877929688, 545.4000244140625]"
combined_sweep,1788868736.9198575,24.381748321,0.5214585386185312,0.903,0.0,0.38165356476426665,0.815010495380963,4.736627178238329,17,0.6872233929727672,-80.7,2,"[566.7999877929688, 545.4000244140625]"
combined_sweep,1788868736.9697146,24.431605318000003,0.5369697000312542,0.903,0.0,0.3809283941444,0.8177016667354375,4.992986856123686,17,0.607456392002714,-80.7,2,"[627.4000244140625, 439.3999938964844]"
combined_sweep,1788868737.0196922,24.481583014,0.5765466006244668,0.903,0.0,0.3802020948513333,0.8203970266944988,5.250591882660693,17,0.5629709491540303,-96.84,2,"[627.4000244140625, 439.3999938964844]"
combined_sweep,1788868737.0698147,24.531705503,0.6378886997718997,0.903,0.0,0.3794739377477333,0.8230992811503202,5.509706519987951,17,0.5476311412751739,-96.84,2,"[647.7999877929688, 390.0]"
combined_sweep,1788868737.1198938,24.581784779000003,0.7168465392747095,0.903,0.0,0.37874660798320003,0.8257984652787791,5.7693754962814054,17,0.5476311412751739,-56.49,2,"[647.7999877929688, 390.0]"
combined_sweep,1788868737.1699245,24.631815178,0.8082786036049944,0.903,0.0,0.3780192224688,0.8284978562998507,6.029913253830152,17,0.5660389107298016,2.69,2,"[650.0, 378.0]"
combined_sweep,1788868737.2199435,24.681834285,0.9060003487100907,0.903,0.0,0.37729228680466664,0.8311955778873874,0.007952403055384138,18,0.5997864880632857,2.69,2,"[650.0, 378.0]"
combined_sweep,1788868737.2699406,24.731831338000003,1.0034080681486854,0.903,0.0,0.3765656771668,0.8338920895630415,0.26990676950896386,18,0.6565437772150544,2.69,2,"[613.0, 418.0]"
combined_sweep,1788868737.3198693,24.781760142000003,1.093752416458739,0.903,0.0,0.3758401298574666,0.8365846588449479,0.5323227421483381,18,0.7317088358214509,8.07,2,"[613.0, 418.0]"
combined_sweep,1788868737.3696892,24.831579931,1.170856034934106,0.903,0.0,0.37511540262053333,0.8392741847667249,0.7952847953723818,18,0.842155452549217,8.07,2,"[585.7999877929688, 554.0]"
combined_sweep,1788868737.4197047,24.881595381,1.2295994536738157,0.903,0.0,0.37438818409413327,0.8419729560807789,1.0599992829192786,18,0.9311263382465842,29.59,2,"[585.7999877929688, 554.0]"
combined_sweep,1788868737.4698558,24.93174674,1.265506332922321,0.903,0.0,0.3736601869153333,0.8446746170417334,1.3258475132451935,18,1.01702926236818,94.14999999999999,2,"[517.7999877929688, 644.0]"
combined_sweep,1788868737.5198774,24.981768147,1.275848795979654,0.903,0.0,0.37293340767346667,0.8473717581326092,1.5920984434711016,18,1.0967962633382335,91.46,2,"[517.7999877929688, 644.0]"
combined_sweep,1788868737.5698442,25.031735104000003,1.2598539578676524,0.903,0.0,0.37220711505119997,0.8500670933357503,1.8590174323803978,18,1.167359379580973,104.91,2,"[451.3999938964844, 652.5999755859375]"
combined_sweep,1788868737.619982,25.081872597,1.2183680509759625,0.903,0.0,0.37147863712426665,0.8527705383949149,2.1275909694380886,18,1.2164467647933135,121.05,2,"[451.3999938964844, 652.5999755859375]"
combined_sweep,1788868737.66994,25.131830823,1.1544657451083413,0.903,0.0,0.3707523496177333,0.855465854613124,2.3962032641708504,18,1.2425244381873692,107.6,2,"[418.3999938964844, 712.5999755859375]"
combined_sweep,1788868737.7199678,25.181858596,1.0724356080951933,0.903,0.0,0.37002526662919993,0.8581641229343455,2.665957933941897,18,1.2455923997631406,-2.69,2,"[418.3999938964844, 712.5999755859375]"
combined_sweep,1788868737.7697148,25.231605649000002,0.9786612924826849,0.903,0.0,0.3693016813053333,0.860849411117237,2.9352549679637576,18,1.2195147263690846,-2.69,2,"[410.20001220703125, 697.0]"
combined_sweep,1788868737.8198173,25.281708182000003,0.878929398179505,0.903,0.0,0.36857394504346663,0.8635501037927181,3.2069465546844214,18,1.1780972450961724,-2.69,2,"[410.20001220703125, 697.0]"
combined_sweep,1788868737.8697484,25.331639059,0.7813399134171245,0.903,0.0,0.3678483744953333,0.8662427593158359,3.478674244886733,18,1.1152040327928612,-21.52,2,"[417.3999938964844, 680.5999755859375]"
combined_sweep,1788868737.9198844,25.381775179,0.6924859985718488,0.903,0.0,0.3671200963,0.8689454631536306,3.7522669170930953,18,1.0400389741864646,-16.14,2,"[417.3999938964844, 680.5999755859375]"
combined_sweep,1788868737.9698703,25.431761254,0.6195632221507079,0.903,0.0,0.36639350509040003,0.8716419064403815,4.026072863114379,18,0.9541360500648688,-13.45,2,"[478.6000061035156, 633.4000244140625]"
combined_sweep,1788868738.0198574,25.481748259000003,0.5678807413143663,0.903,0.0,0.365666888244,0.8743384448675312,4.300735554463827,18,0.863631183579616,-94.14999999999999,2,"[478.6000061035156, 633.4000244140625]"
combined_sweep,1788868738.0698547,25.53174568,0.5414372184696148,0.903,0.0,0.3649403055509333,0.877034856548685,4.576232340603326,18,0.7731263170943632,-64.56,2,"[572.0, 549.4000244140625]"
combined_sweep,1788868738.1198683,25.581758965000002,0.5423628986830134,0.903,0.0,0.3642135447518666,0.8797319291967232,4.852644078931434,18,0.6872233929727672,-80.7,2,"[572.0, 549.4000244140625]"
combined_sweep,1788868738.1697094,25.631600249,0.5706454825069066,0.903,0.0,0.36348837894253333,0.8824230826988894,5.129292893274396,18,0.6089903727905995,-80.7,2,"[631.2000122070312, 444.6000061035156]"
combined_sweep,1788868738.2197123,25.681603246,0.6243455326071081,0.903,0.0,0.3627620192344,0.8851186668635269,5.40724366182998,18,0.5721748338813442,-102.22,2,"[631.2000122070312, 444.6000061035156]"
combined_sweep,1788868738.2696896,25.731580320000003,0.6994652513888706,0.903,0.0,0.3620353843666666,0.8878152721694147,5.686146850171582,18,0.5568350260024878,-83.39,2,"[635.5999755859375, 391.79998779296875]"
combined_sweep,1788868738.3199384,25.781829113,0.7905415186420879,0.903,0.0,0.3613067427362666,0.8905193247464078,5.966672103249138,18,0.5614369683661447,5.38,2,"[635.5999755859375, 391.79998779296875]"
combined_sweep,1788868738.3698366,25.831727471,0.8899942325335483,0.903,0.0,0.3605805296549333,0.8932143647662147,6.247108514151037,18,0.5921165841238575,2.69,2,"[637.0, 386.20001220703125]"
combined_sweep,1788868738.4199405,25.881831140000003,0.9906310517073003,0.903,0.0,0.3598522903217333,0.8959169243832465,0.24599295242412467,19,0.6442719309119693,2.69,2,"[637.0, 386.20001220703125]"
combined_sweep,1788868738.4698572,25.931747971,1.0838697082987874,0.903,0.0,0.35912689873706666,0.8986089157573465,0.5278039063493551,19,0.7163690279425944,2.69,2,"[630.0, 452.79998779296875]"
combined_sweep,1788868738.5199602,25.981850986,1.1629575729759514,0.903,0.0,0.35839880716426664,0.9013109270226594,0.8115143183696105,19,0.803805932852076,8.07,2,"[630.0, 452.79998779296875]"
combined_sweep,1788868738.5698261,26.031717059,1.220911472466672,0.903,0.0,0.357674004354,0.9040007334036612,1.094786081170561,19,0.9219224535192704,8.07,2,"[551.0, 566.5999755859375]"
combined_sweep,1788868738.6196423,26.081532940000002,1.2533967960635453,0.903,0.0,0.3569492175304,0.9066904804567499,1.3788944189376977,19,1.012427320004523,75.32,2,"[551.0, 566.5999755859375]"
combined_sweep,1788868738.6697206,26.13161154,1.2576443980634142,0.903,0.0,0.3562216678474666,0.9093904807215528,1.6649350275326853,19,1.0921943209745766,83.39,2,"[484.3999938964844, 646.5999755859375]"
combined_sweep,1788868738.7198384,26.181729181,1.2329814172959657,0.903,0.0,0.3554937875312,0.9120917079954638,1.9519556595450283,19,1.1596894756415448,96.84,2,"[484.3999938964844, 646.5999755859375]"
combined_sweep,1788868738.7697904,26.231681186000003,1.1814517435168477,0.903,0.0,0.3547677814481333,0.9147859798266674,2.2390828975460906,19,1.205708899278114,78.01,2,"[424.79998779296875, 688.2000122070312]"
combined_sweep,1788868738.8198273,26.281718141000002,1.1070179750458464,0.903,0.0,0.3540407768669333,0.9174839571714433,2.5274530190544127,19,1.222582687944856,102.22,2,"[424.79998779296875, 688.2000122070312]"
combined_sweep,1788868738.8698413,26.331732067,1.0157833926244908,0.903,0.0,0.35331372356999996,0.92018211530455,2.8166905662882513,19,1.2210487071569704,-2.69,2,"[415.6000061035156, 699.5999755859375]"
combined_sweep,1788868738.9198425,26.381733108000002,0.9153376695068803,0.903,0.0,0.3525871264453333,0.9228785805426287,3.106593676784051,19,1.1965050145508,-2.69,2,"[415.6000061035156, 699.5999755859375]"
combined_sweep,1788868738.9697127,26.431603600000003,0.8141675499294418,0.903,0.0,0.35186183816359995,0.9255701885505424,3.3968185650394176,19,1.1366797638232602,-2.69,2,"[418.0, 680.0]"
combined_sweep,1788868739.0197005,26.481591295,0.7204390348411673,0.903,0.0,0.3511354119945333,0.9282660193574942,3.688345420067712,19,1.0661166475805206,-16.14,2,"[418.0, 680.0]"
combined_sweep,1788868739.0696983,26.531589193000002,0.6422321815213977,0.903,0.0,0.3504085310629333,0.9309635378278307,3.9809024791340093,19,0.9802137234589247,-18.83,2,"[455.0, 651.7999877929688]"
combined_sweep,1788868739.119923,26.581813765000003,0.5862292144142243,0.903,0.0,0.3496797785286666,0.9336680019787361,4.275064897354049,19,0.8897088569736719,-86.08,2,"[455.0, 651.7999877929688]"
combined_sweep,1788868739.1699073,26.631798049,0.5576165973788497,0.903,0.0,0.34895311864906664,0.9363647001058402,4.569229796121569,19,0.7992039904884191,-78.01,2,"[553.2000122070312, 570.4000244140625]"
combined_sweep,1788868739.2198586,26.681749297000003,0.5587716086792431,0.903,0.0,0.34822686695266664,0.9390598834295243,4.864075688325677,19,0.7117670855789375,-59.18,2,"[553.2000122070312, 570.4000244140625]"
combined_sweep,1788868739.2698233,26.731714109000002,0.5896992805185921,0.903,0.0,0.3475006101405333,0.9417550857381405,5.159769902639589,19,0.641203969336198,-118.36,2,"[606.5999755859375, 455.6000061035156]"
combined_sweep,1788868739.3198419,26.781732764,0.6478909766142067,0.903,0.0,0.3467737955972,0.9444523578358348,5.456538741715242,19,0.5951845456996288,-129.12,2,"[606.5999755859375, 455.6000061035156]"
combined_sweep,1788868739.3696997,26.831590498,0.7281676156232472,0.903,0.0,0.34604847294413327,0.9471440933987614,5.753542490139033,19,0.5691068723055729,-129.12,2,"[647.7999877929688, 394.20001220703125]"
combined_sweep,1788868739.419636,26.881526979,0.8237527175311465,0.903,0.0,0.3453225585373333,0.9498380250113517,6.051633996207819,19,0.5783107570328867,2.69,2,"[647.7999877929688, 394.20001220703125]"
combined_sweep,1788868739.469785,26.931675728000002,0.926515437932198,0.903,0.0,0.3445944446268,0.9525401191739394,0.06829398399183617,20,0.6151262959421421,2.69,2,"[632.0, 396.79998779296875]"
combined_sweep,1788868739.519844,26.981734781,1.0268972626068653,0.903,0.0,0.34386728333266664,0.9552386780940652,0.368595335425681,20,0.6734175658817965,2.69,2,"[632.0, 396.79998779296875]"
combined_sweep,1788868739.5698984,27.031789228,1.1160439044221724,0.903,0.0,0.34313987651239997,0.9579381481830644,0.6698470110049897,20,0.7501166052760785,2.69,2,"[608.4000244140625, 458.79998779296875]"
combined_sweep,1788868739.6199114,27.081802235,1.1857733765407754,0.903,0.0,0.3424131512037333,0.9606350891231359,0.9716637795297771,20,0.8390874909734457,2.69,2,"[608.4000244140625, 458.79998779296875]"
combined_sweep,1788868739.669881,27.131771932000003,1.2297660133151394,0.903,0.0,0.3416867710036,0.9633307493353707,1.274183753581525,20,0.9326603190344698,32.28,2,"[543.4000244140625, 585.2000122070312]"
combined_sweep,1788868739.7198768,27.181767549,1.2439522501317501,0.903,0.0,0.34096020595399995,0.9660270955400825,1.5776276767003168,20,1.026233147095494,83.39,2,"[543.4000244140625, 585.2000122070312]"
combined_sweep,1788868739.7697146,27.231605417,1.2269682578101377,0.903,0.0,0.34023518675693326,0.9687177049513528,1.8812693507014018,20,1.1244079175201749,83.39,2,"[468.79998779296875, 663.0]"
combined_sweep,1788868739.8196862,27.281577125000002,1.1801850333098503,0.903,0.0,0.33950865485786663,0.9714139281315469,2.1863914382835787,20,1.179631225884058,107.6,2,"[468.79998779296875, 663.0]"
combined_sweep,1788868739.8697069,27.331597721,1.107788633510248,0.903,0.0,0.3387818560686666,0.9741111417642799,2.4924731206129707,20,1.210310841641771,91.46,2,"[419.3999938964844, 698.0]"
combined_sweep,1788868739.9198592,27.381749752,1.0162281117646146,0.903,0.0,0.33805352863439997,0.9768140283320462,2.8000496490893454,20,1.213378803217542,0.0,2,"[419.3999938964844, 698.0]"
combined_sweep,1788868739.969863,27.431753695,0.9144128906157937,0.903,0.0,0.3373269070792,0.9795105842339629,3.107752871241672,20,1.193437052975029,-2.69,2,"[418.3999938964844, 687.5999755859375]"
combined_sweep,1788868740.0200143,27.481905067000003,0.8114122636825132,0.903,0.0,0.3365982607545333,0.9822146542317887,3.4171653476878703,20,1.1489516101263453,-2.69,2,"[418.3999938964844, 687.5999755859375]"
combined_sweep,1788868740.069877,27.531767628,0.7177476018400131,0.903,0.0,0.335873386542,0.9849047255928232,3.7258190601387184,20,1.081456455459377,-13.45,2,"[439.3999938964844, 669.7999877929688]"
combined_sweep,1788868740.1198788,27.581769528000002,0.6416195126928972,0.903,0.0,0.335146688338,0.987601565945115,4.036096708028936,20,0.9924855697620099,-21.52,2,"[439.3999938964844, 669.7999877929688]"
combined_sweep,1788868740.1697059,27.631596659000003,0.5907168185296343,0.903,0.0,0.3344217068839999,0.9902920352885765,4.346484632474073,20,0.8759030298827011,-21.52,2,"[499.6000061035156, 615.5999755859375]"
combined_sweep,1788868740.2196717,27.681562421000002,0.5697948790075553,0.903,0.0,0.33369569795239995,0.9929863176909355,4.658158120831416,20,0.7838641826095626,-72.63,2,"[499.6000061035156, 615.5999755859375]"
combined_sweep,1788868740.269708,27.731598765,0.5811231813027109,0.903,0.0,0.3329684215397333,0.9956853038259686,4.971224358048147,20,0.6994952392758523,-45.73,2,"[600.4000244140625, 508.3999938964844]"
combined_sweep,1788868740.319714,27.781604942,0.6237371396315416,0.903,0.0,0.3322416893277333,0.9983822703849117,5.284903689983565,20,0.6381360077604268,-118.36,2,"[600.4000244140625, 508.3999938964844]"
combined_sweep,1788868740.369864,27.831754924000002,0.6935713443251075,0.903,0.0,0.33151346243506663,0.9989152161659599,5.599395960088117,20,0.5997864880632857,-91.46,2,"[632.5999755859375, 431.6000061035156]"
combined_sweep,1788868740.4199505,27.881841148000003,0.7832999632685463,0.903,0.0,0.3307855169368,0.9962137469959675,5.91291652197998,20,0.5875146417602005,-32.28,2,"[632.5999755859375, 431.6000061035156]"
combined_sweep,1788868740.4698915,27.931782267000003,0.883625642057812,0.903,0.0,0.3300602206472,0.9935221092701629,6.2244520816902025,20,0.6013204688511713,2.69,2,"[634.2000122070312, 411.0]"
combined_sweep,1788868740.519937,27.981827961,0.9854148930582955,0.903,0.0,0.32933263441293326,0.9908219733601774,0.25293658496750737,21,0.6442719309119693,2.69,2,"[634.2000122070312, 411.0]"
combined_sweep,1788868740.5698211,28.031711698000002,1.078318590652751,0.903,0.0,0.32860739593693333,0.9881305501856797,0.5627568328478745,21,0.7301748550335652,2.69,2,"[608.2000122070312, 441.6000061035156]"
combined_sweep,1788868740.619679,28.081569744000003,1.1539908589091328,0.903,0.0,0.3278819890486666,0.9854385020185866,0.8718047603903827,21,0.8145437983672754,8.07,2,"[608.2000122070312, 441.6000061035156]"
combined_sweep,1788868740.6697364,28.131626997,1.2055730955939008,0.903,0.0,0.3271550175017333,0.9827406472668528,1.1806713739033299,21,0.9065826456404139,18.83,2,"[557.0, 558.5999755859375]"
combined_sweep,1788868740.7198777,28.181768613000003,1.2283419802985485,0.903,0.0,0.3264267212850666,0.9800378765503199,1.4892497920179792,21,0.9955535313377811,69.94,2,"[557.0, 558.5999755859375]"
combined_sweep,1788868740.7697046,28.231595346000002,1.220511197970535,0.903,0.0,0.3257018470289333,0.977347805027482,1.7955353023655007,21,1.0768545130957201,72.63,2,"[490.79998779296875, 642.4000244140625]"
combined_sweep,1788868740.8198752,28.281765967000002,1.183118134460009,0.903,0.0,0.3249734803982667,0.9746447729984602,2.1024452977453976,21,1.1443496677626883,80.7,2,"[490.79998779296875, 642.4000244140625]"
combined_sweep,1788868740.8698695,28.331760208000002,1.1201463876176685,0.903,0.0,0.32424680614519996,0.9719480215301687,2.4077949619736287,21,1.188835110611372,102.22,2,"[430.3999938964844, 691.4000244140625]"
combined_sweep,1788868740.9199502,28.381841063000003,1.0375082708396555,0.903,0.0,0.32351891142639994,0.9692467408072016,2.7128074012836763,21,1.2041749184902284,61.87,2,"[430.3999938964844, 691.4000244140625]"
combined_sweep,1788868740.969771,28.431661632,0.9435205818271403,0.903,0.0,0.3227939923204,0.9665565028426008,3.015729827812443,21,1.1903690913992575,61.87,2,"[418.6000061035156, 691.4000244140625]"
combined_sweep,1788868741.019631,28.481521819,0.846562395888691,0.903,0.0,0.3220692480358666,0.9638669136556949,3.3177364775392633,21,1.1474176293384597,-2.69,2,"[418.6000061035156, 691.4000244140625]"
combined_sweep,1788868741.0697038,28.531594453,0.7550622709561354,0.903,0.0,0.32134182556319996,0.9611673854792754,3.6200101854697166,21,1.0829904362472627,-16.14,2,"[430.0, 675.5999755859375]"
combined_sweep,1788868741.1198738,28.581764323,0.6774633521801205,0.903,0.0,0.32061342860146663,0.9584642408890223,3.921837593330004,21,1.004757416065095,-26.9,2,"[430.0, 675.5999755859375]"
combined_sweep,1788868741.1698074,28.631698333000003,0.6208442691839627,0.903,0.0,0.3198875376659999,0.955770396380595,4.221781180949456,21,0.9188544919434991,-53.8,2,"[510.3999938964844, 617.4000244140625]"
combined_sweep,1788868741.2198727,28.681763391,0.5896350779917962,0.903,0.0,0.3191600515082666,0.9530706318633442,4.521534813856341,21,0.8329515678219032,-88.77,2,"[510.3999938964844, 617.4000244140625]"
combined_sweep,1788868741.269866,28.731756803000003,0.5864113305488655,0.903,0.0,0.31843343814986663,0.9503741063804666,4.820081741923566,21,0.7485826244881929,-40.35,2,"[578.2000122070312, 518.2000122070312]"
combined_sweep,1788868741.3199377,28.781828474,0.6110756246892906,0.903,0.0,0.31770621933279997,0.9476753339877233,5.118028948962525,21,0.6764855274575677,-99.53,2,"[578.2000122070312, 518.2000122070312]"
combined_sweep,1788868741.3698206,28.831711214000002,0.6609707763452525,0.903,0.0,0.3169807878686666,0.9449831946174478,5.414399540713141,21,0.6212622190936846,-99.53,2,"[628.5999755859375, 442.3999938964844]"
combined_sweep,1788868741.419705,28.88159581,0.7314768446436661,0.903,0.0,0.31625530733999996,0.942290873164414,5.709945740377499,21,0.5997864880632857,-78.01,2,"[628.5999755859375, 442.3999938964844]"
combined_sweep,1788868741.4698906,28.931781566,0.8166382717888291,0.903,0.0,0.3155266343612,0.9395867042507773,6.005940594839991,21,0.6013204688511713,2.69,2,"[635.7999877929688, 405.3999938964844]"
combined_sweep,1788868741.519887,28.981777692,0.9083879909213919,0.903,0.0,0.31479989716426665,0.9368897191923122,0.017116441485043765,22,0.6320000846088841,2.69,2,"[635.7999877929688, 405.3999938964844]"
combined_sweep,1788868741.5697312,29.031622090000003,0.998788322000179,0.903,0.0,0.31407491539053334,0.9341992486622926,0.30992329376555006,22,0.6810874698212247,2.69,2,"[614.0, 425.79998779296875]"
combined_sweep,1788868741.6198254,29.081716120000003,1.080691181279522,0.903,0.0,0.3133472875473333,0.9314989583379302,0.6029494016953407,22,0.7485826244881929,2.69,2,"[614.0, 425.79998779296875]"
combined_sweep,1788868741.669883,29.131773884,1.146903722806474,0.903,0.0,0.3126200419162667,0.9288000864360966,0.8949730361985502,22,0.8268156446703606,2.69,2,"[572.5999755859375, 517.7999877929688]"
combined_sweep,1788868741.719899,29.181789819000002,1.1920839133278074,0.903,0.0,0.3118932117641333,0.9261027564127853,1.1859822543276124,22,0.9142525495798421,21.52,2,"[572.5999755859375, 517.7999877929688]"
combined_sweep,1788868741.7697055,29.231596317,1.2127508495836872,0.903,0.0,0.31116848981733336,0.923413250123154,1.4753047143228315,22,1.0154952815802945,21.52,2,"[541.4000244140625, 614.0]"
combined_sweep,1788868741.8196738,29.281564512000003,1.207638116741772,0.903,0.0,0.3104420472256,0.9207173583702553,1.764467409519213,22,1.0875923786109196,75.32,2,"[541.4000244140625, 614.0]"
combined_sweep,1788868741.8697104,29.331601129000003,1.1774030211335176,0.903,0.0,0.3097151123317333,0.9180196396412454,2.0529782409171418,22,1.1443496677626883,83.39,2,"[454.79998779296875, 669.2000122070312]"
combined_sweep,1788868741.9197009,29.381591755000002,1.124888730421617,0.903,0.0,0.3089885218052,0.9153231988894143,2.340505374396187,22,1.179631225884058,104.91,2,"[454.79998779296875, 669.2000122070312]"
combined_sweep,1788868741.969831,29.431721862000003,1.0545229398098936,0.903,0.0,0.308260538622,0.912621589867351,2.6277333381944032,22,1.191903072187143,69.94,2,"[427.0, 691.5999755859375]"
combined_sweep,1788868742.0199554,29.481846076,0.972399562277145,0.903,0.0,0.30753292372799995,0.9099213475985978,2.9139665792942395,22,1.1857671490356005,-2.69,2,"[427.0, 691.5999755859375]"
combined_sweep,1788868742.0699265,29.5318173,0.885448009954527,0.903,0.0,0.3068066331113333,0.907226019838413,3.198832544735737,22,1.1550875332778878,-2.69,2,"[426.3999938964844, 679.7999877929688]"
combined_sweep,1788868742.11994,29.581830631000003,0.8004826349289376,0.903,0.0,0.30607962757093327,0.9045280389339625,3.483130926852951,22,1.1013982057018903,-2.69,2,"[426.3999938964844, 679.7999877929688]"
combined_sweep,1788868742.1697936,29.631684418000003,0.7244733150545453,0.903,0.0,0.3053539961426667,0.9018351574793655,3.7660471685811814,22,1.01702926236818,-2.69,2,"[442.3999938964844, 645.4000244140625]"
combined_sweep,1788868742.2196758,29.681566508000003,0.6631953843697297,0.903,0.0,0.3046290541757333,0.8991448346758489,4.047851412588088,22,0.940330222973898,-37.66,2,"[442.3999938964844, 645.4000244140625]"
combined_sweep,1788868742.269703,29.731593733,0.6210793398707746,0.903,0.0,0.3039017704818667,0.8964458215196481,4.329717308225881,22,0.863631183579616,-86.08,2,"[509.0, 586.5999755859375]"
combined_sweep,1788868742.3198566,29.781747545,0.6013811139579528,0.903,0.0,0.3031736105733333,0.8937435566544747,4.611072103359945,22,0.7838641826095626,-43.04,2,"[509.0, 586.5999755859375]"
combined_sweep,1788868742.3699572,29.83184813,0.6053948994614707,0.903,0.0,0.3024455494042666,0.8910416582200652,4.891538291044853,22,0.7133010663668231,-69.94,2,"[591.4000244140625, 504.0]"
combined_sweep,1788868742.41976,29.881650695,0.6322791170139083,0.903,0.0,0.3017213543634666,0.8883541073245093,5.169673708498081,22,0.662679700366597,-115.67,2,"[591.4000244140625, 504.0]"
combined_sweep,1788868742.4700065,29.931897130000003,0.6799988497865146,0.903,0.0,0.3009923693685333,0.8856487804918157,5.448796147825064,22,0.6289321230331129,-91.46,2,"[619.4000244140625, 427.0]"
combined_sweep,1788868742.5198526,29.981743495000003,0.744144387470796,0.903,0.0,0.30026695518453334,0.8829567052496206,5.725707069958204,22,0.6120583343663708,-78.01,2,"[619.4000244140625, 427.0]"
combined_sweep,1788868742.5697117,30.031602467000003,0.8195302844857832,0.903,0.0,0.30045819536480006,0.8802656083786438,6.001673686246747,22,0.6227961998815703,-78.01,2,"[626.2000122070312, 408.3999938964844]"
combined_sweep,1788868742.6197038,30.081594324,0.90122164545012,0.903,0.0,0.30118462582120004,0.8775697616610245,6.2772807399113475,22,0.6534758156392831,2.69,2,"[626.2000122070312, 408.3999938964844]"
combined_sweep,1788868742.6697736,30.131664399,0.9833304772358038,0.903,0.0,0.3019122769032,0.8748693850954504,0.26931609306199533,23,0.7025632008516236,2.69,2,"[606.2000122070312, 436.79998779296875]"
combined_sweep,1788868742.7199023,30.181793026,1.0595714511783738,0.903,0.0,0.30264010479773334,0.8721683523631594,0.5437537190203656,23,0.7639224323670493,10.76,2,"[606.2000122070312, 436.79998779296875]"
combined_sweep,1788868742.769788,30.231678887,1.1240825038660882,0.903,0.0,0.3033657340024,0.8694754791605354,0.8165175151525474,23,0.8360195293976744,13.45,2,"[566.2000122070312, 522.2000122070312]"
combined_sweep,1788868742.8198562,30.281747079000002,1.1724866134919647,0.903,0.0,0.30409306703693334,0.8667762828968216,1.0890730252829641,23,0.9096506072161852,21.52,2,"[566.2000122070312, 522.2000122070312]"
combined_sweep,1788868742.8699443,30.331835147000003,1.2011384990195502,0.903,0.0,0.30482104058453335,0.8640747096333093,1.3610183059695302,23,0.983281685034696,59.18,2,"[520.0, 606.5999755859375]"
combined_sweep,1788868742.9198973,30.381788025000002,1.207987675310086,0.903,0.0,0.3055468337542667,0.8613812279420368,1.6313039092028632,23,1.055378782065321,78.01,2,"[520.0, 606.5999755859375]"
combined_sweep,1788868742.9697065,30.431597509000003,1.1927920511095231,0.903,0.0,0.30627150763933336,0.8586919000136854,1.900330130147914,23,1.1259418983080607,78.01,2,"[460.0, 660.7999877929688]"
combined_sweep,1788868743.0196636,30.481554151,1.1566691194491934,0.903,0.0,0.3069977825890667,0.8559966303948555,2.1691044390794545,23,1.1658253987930873,99.53,2,"[460.0, 660.7999877929688]"
combined_sweep,1788868743.0697079,30.531598718,1.1022528184967213,0.903,0.0,0.3077247549644,0.8532987725688571,2.4372889323721196,23,1.1811652066719438,96.84,2,"[437.79998779296875, 683.0]"
combined_sweep,1788868743.1198614,30.581752121,1.0333963245803657,0.903,0.0,0.3084530842298667,0.8505958792053478,2.7051229088112834,23,1.179631225884058,0.0,2,"[437.79998779296875, 683.0]"
combined_sweep,1788868743.1698751,30.631765915000003,0.955314706181117,0.903,0.0,0.3091799470384,0.8478984279912909,2.971569956027814,23,1.162757437217316,-2.69,2,"[415.0, 677.0]"
combined_sweep,1788868743.219904,30.681794733,0.8734117481320429,0.903,0.0,0.30990692952893334,0.8452005326269039,3.237212938035036,23,1.1274758790959463,-2.69,2,"[415.0, 677.0]"
combined_sweep,1788868743.2698472,30.731737868000003,0.7935515623911806,0.903,0.0,0.31063296183013334,0.8425061634979231,3.5016629940980906,23,1.0768545130957201,-10.76,2,"[437.6000061035156, 648.4000244140625]"
combined_sweep,1788868743.3198295,30.781720251000003,0.721132929020553,0.903,0.0,0.3113592828650667,0.8398107228529004,3.7653718236743074,23,1.012427320004523,-21.52,2,"[437.6000061035156, 648.4000244140625]"
combined_sweep,1788868743.3697672,30.831658065000003,0.6611659419307058,0.903,0.0,0.3120853565862667,0.8371162000106905,4.02814504129622,23,0.9219224535192704,-21.52,2,"[495.20001220703125, 612.7999877929688]"
combined_sweep,1788868743.4197183,30.881609103000002,0.6176667166844014,0.903,0.0,0.31281153393013333,0.8344212926157359,4.290109700956286,23,0.8498253564886452,-91.46,2,"[495.20001220703125, 612.7999877929688]"
combined_sweep,1788868743.469687,30.931577792000002,0.5935204894319445,0.903,0.0,0.3135379592272,0.8317254650448522,4.551317170533359,23,0.7746602978822488,-32.28,2,"[542.2000122070312, 565.4000244140625]"
combined_sweep,1788868743.5197215,30.981612451,0.5902901222537102,0.903,0.0,0.3142650468954667,0.8290271793567326,4.81191463248728,23,0.7086991240031663,-78.01,2,"[542.2000122070312, 565.4000244140625]"
combined_sweep,1788868743.5698478,31.031738618000002,0.6081504890495883,0.903,0.0,0.3149929396086667,0.826325906076722,5.071950570923086,23,0.6611457195787114,-121.05,2,"[602.5999755859375, 462.3999938964844]"
combined_sweep,1788868743.61984,31.081730596000003,0.6457300992372828,0.903,0.0,0.3157195550162667,0.8236293729890846,5.3306831173880695,23,0.6258641614573416,-83.39,2,"[602.5999755859375, 462.3999938964844]"
combined_sweep,1788868743.6698506,31.131741205,0.7004593275133412,0.903,0.0,0.3164463306538667,0.8209322452739563,5.588625263677351,23,0.6043884304269426,-75.32,2,"[617.5999755859375, 419.6000061035156]"
combined_sweep,1788868743.7201123,31.182002898,0.7688554234838804,0.903,0.0,0.3171753282928,0.8182268715182771,5.846503382635198,23,0.602854449639057,0.0,2,"[617.5999755859375, 419.6000061035156]"
combined_sweep,1788868743.769702,31.231592693000003,0.8455101769923805,0.903,0.0,0.31789810070920005,0.8155446001058227,6.101341225526703,23,0.6289321230331129,0.0,2,"[629.2000122070312, 425.6000061035156]"
combined_sweep,1788868743.8196807,31.281571314,0.9264001967879278,0.903,0.0,0.31862473258306667,0.8128480059104352,0.07350742391693643,24,0.6688156235181395,2.69,2,"[629.2000122070312, 425.6000061035156]"
combined_sweep,1788868743.869846,31.331736833,1.0060611467393024,0.903,0.0,0.31935305025093336,0.8101451555866301,0.32860029310737104,24,0.7240389318820226,2.69,2,"[607.2000122070312, 455.20001220703125]"
combined_sweep,1788868743.9198375,31.381728212000002,1.0790113808509112,0.903,0.0,0.3200796457769334,0.8074486962813426,0.5822429482989833,24,0.7884661249732196,2.69,2,"[607.2000122070312, 455.20001220703125]"
combined_sweep,1788868743.9699519,31.431842584,1.140928221397875,0.903,0.0,0.32080766568586666,0.804746950966883,0.835532473387218,24,0.8605632220038447,2.69,2,"[563.5999755859375, 530.2000122070312]"
combined_sweep,1788868744.019923,31.481813798,1.1876930234376286,0.903,0.0,0.32153402941973336,0.8020513518623982,1.0873992948380362,24,0.9341942998223555,29.59,2,"[563.5999755859375, 530.2000122070312]"
combined_sweep,1788868744.0699189,31.531809534,1.2166044202848978,0.903,0.0,0.3222606118948,0.7993549409902615,1.3384949605458019,24,1.0062913968529805,83.39,2,"[504.20001220703125, 619.2000122070312]"
combined_sweep,1788868744.1199088,31.581799394,1.2259352996177726,0.903,0.0,0.3229870710109334,0.7966589879138746,1.588701278584523,24,1.0737865515199487,80.7,2,"[504.20001220703125, 619.2000122070312]"
combined_sweep,1788868744.1696966,31.631587423000003,1.2152814313300213,0.903,0.0,0.32371137980413334,0.793971014873251,1.837325272985595,24,1.1428156869748027,80.7,2,"[453.0, 659.4000244140625]"
combined_sweep,1788868744.2197,31.681590972000002,1.1853350965481113,0.903,0.0,0.3244380945906667,0.791274112981733,2.0859278283886624,24,1.179631225884058,102.22,2,"[453.0, 659.4000244140625]"
combined_sweep,1788868744.2697086,31.731599487,1.1380368604883124,0.903,0.0,0.325164897362,0.7885768845709564,2.3337129645895516,24,1.201106956914457,107.6,2,"[396.6000061035156, 690.0]"
combined_sweep,1788868744.3198543,31.781744884000002,1.0762456526004072,0.903,0.0,0.32589302996240005,0.7858747210486451,2.5811008503380037,24,1.201106956914457,40.35,2,"[396.6000061035156, 690.0]"
combined_sweep,1788868744.3698468,31.831737721000003,1.004024397317976,0.903,0.0,0.3266196649754667,0.7831781152034127,2.8271327940371975,24,1.1903690913992575,-2.69,2,"[418.79998779296875, 684.5999755859375]"
combined_sweep,1788868744.419862,31.881753015,0.9256361223996887,0.903,0.0,0.3273465065944,0.7804807426258074,3.072387083977361,24,1.1596894756415448,-2.69,2,"[418.79998779296875, 684.5999755859375]"
combined_sweep,1788868744.469809,31.931699713,0.8459112642593128,0.903,0.0,0.3280724584681334,0.777786671970163,3.316495617220909,24,1.1136700520049756,-2.69,2,"[421.3999938964844, 640.4000244140625]"
combined_sweep,1788868744.5198805,31.981771244,0.7693241129155503,0.903,0.0,0.3287999564850667,0.7750868634423878,3.5602749162626424,24,1.0569127628532067,-13.45,2,"[421.3999938964844, 640.4000244140625]"
combined_sweep,1788868744.5697794,32.031670053,0.7006907786892485,0.903,0.0,0.3295257436234667,0.7723934041339187,3.8026357613190953,24,0.9725438195194965,-13.45,2,"[456.20001220703125, 657.4000244140625]"
combined_sweep,1788868744.6196682,32.081559159,0.6437987505472498,0.903,0.0,0.3302512670109333,0.769700923628144,4.044063995605001,24,0.9004467224888714,-72.63,2,"[456.20001220703125, 657.4000244140625]"
combined_sweep,1788868744.6697443,32.131635129,0.6017589131137611,0.903,0.0,0.33097859901360005,0.767001731193777,4.285245319623186,24,0.8283496254582462,-91.46,2,"[529.7999877929688, 576.4000244140625]"
combined_sweep,1788868744.7199051,32.181795948,0.5770469047827331,0.903,0.0,0.33170679452880003,0.7642993341891613,4.52586221281075,24,0.7531845668518499,-29.59,2,"[529.7999877929688, 576.4000244140625]"
combined_sweep,1788868744.7697957,32.231686361,0.5710232144201555,0.903,0.0,0.3324322961162667,0.7616069345850859,4.764744468109512,24,0.6902913545485385,-110.28999999999999,2,"[604.5999755859375, 489.6000061035156]"
combined_sweep,1788868744.819793,32.281683713,0.5838250838964627,0.903,0.0,0.3331589221913333,0.7589103619095504,5.003149871810535,24,0.6427379501240836,-134.5,2,"[604.5999755859375, 489.6000061035156]"
combined_sweep,1788868744.8698575,32.331748521,0.6146858079520721,0.903,0.0,0.33388643597693335,0.7562104948628792,5.240997355558562,24,0.6043884304269426,-99.53,2,"[628.5999755859375, 414.0]"
combined_sweep,1788868744.9198506,32.381741505,0.6616891367582568,0.903,0.0,0.3346130522565333,0.7535139585391739,5.477704332810987,24,0.5844466801844292,-107.6,2,"[628.5999755859375, 414.0]"
combined_sweep,1788868744.9698782,32.431768875,0.7221596104943626,0.903,0.0,0.33533980788173334,0.7508169050918057,5.713609296084343,24,0.5829126993965437,-107.6,2,"[640.5999755859375, 399.79998779296875]"
combined_sweep,1788868745.019702,32.481592725,0.7924758306993744,0.903,0.0,0.33606471289039996,0.7481267194436371,5.948070451150954,24,0.5997864880632857,2.69,2,"[640.5999755859375, 399.79998779296875]"
combined_sweep,1788868745.0697243,32.531614955,0.8690987938094704,0.903,0.0,0.33679169434906675,0.745428827908597,6.182355272341283,24,0.6335340653967698,2.69,2,"[621.5999755859375, 405.3999938964844]"
combined_sweep,1788868745.1197212,32.581611737,0.9475868114676592,0.903,0.0,0.3375183079836,0.7427323014009646,0.1324891704498512,25,0.6826214506091103,2.69,2,"[621.5999755859375, 405.3999938964844]"
combined_sweep,1788868745.1698895,32.631780226000004,1.0239038787627102,0.903,0.0,0.3382467008324,0.7400291720741656,0.3655284597616415,25,0.7378447589729934,2.69,2,"[600.5999755859375, 460.0]"
combined_sweep,1788868745.2199159,32.681806573,1.0936693802318682,0.903,0.0,0.33897407753960007,0.7373298137373803,0.5973937914651017,25,0.803805932852076,2.69,2,"[600.5999755859375, 460.0]"
combined_sweep,1788868745.269919,32.731809523,1.1532227011263885,0.903,0.0,0.3397002436492,0.7346349480337685,0.8280271880264323,25,0.8774370106705868,5.38,2,"[558.2000122070312, 554.2000122070312]"
combined_sweep,1788868745.3199599,32.781850803000005,1.1996890360021737,0.903,0.0,0.3404279159062667,0.7319344928856768,1.058289396310819,25,0.9510680884890975,34.97,2,"[558.2000122070312, 554.2000122070312]"
combined_sweep,1788868745.3697085,32.831599483000005,1.2304498249283786,0.903,0.0,0.34115150816253337,0.7292491789760446,1.286420495563057,25,1.0369710126106935,34.97,2,"[491.79998779296875, 614.2000122070312]"
combined_sweep,1788868745.4197266,32.881617553000005,1.2443408721227596,0.903,0.0,0.3418783136806667,0.7265519403716537,1.5147171339831473,25,1.0983302441261191,86.08,2,"[491.79998779296875, 614.2000122070312]"
combined_sweep,1788868745.4698575,32.931748065,1.2405641583114912,0.903,0.0,0.34260642382706674,0.7238498601780928,1.7425729989673542,25,1.1520195717021164,115.67,2,"[439.79998779296875, 665.2000122070312]"
combined_sweep,1788868745.5197241,32.981614866,1.219501007049144,0.903,0.0,0.34333190479173337,0.721157537107025,1.9687616458188657,25,1.1903690913992575,110.28999999999999,2,"[439.79998779296875, 665.2000122070312]"
combined_sweep,1788868745.5698328,33.031723485,1.182226119406006,0.903,0.0,0.3440595309054667,0.7184572532008641,2.1947696626214466,25,1.2164467647933135,112.98,2,"[416.3999938964844, 689.2000122070312]"
combined_sweep,1788868745.6199555,33.081846273000004,1.1307221082463,0.903,0.0,0.3447878694432,0.7157543254271655,2.42014786203422,25,1.2256506495206272,94.14999999999999,2,"[416.3999938964844, 689.2000122070312]"
combined_sweep,1788868745.6699727,33.13186349,1.0678612460493948,0.903,0.0,0.3455146199381333,0.7130572910186641,2.6441872589431696,25,1.222582687944856,-2.69,2,"[399.79998779296875, 689.2000122070312]"
combined_sweep,1788868745.719736,33.181627,0.9970706399115349,0.903,0.0,0.3462383021848,0.7103716431468167,2.8664405339796772,25,1.1995729761265714,-2.69,2,"[399.79998779296875, 689.2000122070312]"
combined_sweep,1788868745.7697737,33.231664556000005,0.9212914207991216,0.903,0.0,0.3469652534141333,0.7076738637954668,3.0888498965565603,25,1.1504855909142309,-2.69,2,"[448.3999938964844, 681.4000244140625]"
combined_sweep,1788868745.819688,33.281578791,0.8446831827253554,0.903,0.0,0.34769122865746666,0.7049797064132005,3.310115068891129,25,1.0983302441261191,-2.69,2,"[448.3999938964844, 681.4000244140625]"
combined_sweep,1788868745.8697271,33.331617792,0.7707598980846212,0.903,0.0,0.3484183985844,0.7022811154560019,3.530895986408588,25,1.038504993398579,-16.14,2,"[436.3999938964844, 649.4000244140625]"
combined_sweep,1788868745.9198108,33.381701542,0.7031417561335641,0.903,0.0,0.34914629222773336,0.6995798387241853,3.7510465722679456,25,0.9710098387316108,-21.52,2,"[436.3999938964844, 649.4000244140625]"
combined_sweep,1788868745.969785,33.431675688,0.6452263386956828,0.903,0.0,0.3498725799086667,0.6968845218587626,3.969865119519433,25,0.9019807032767571,-67.25,2,"[493.79998779296875, 606.5999755859375]"
combined_sweep,1788868746.0197573,33.481647890000005,0.5995566792702589,0.903,0.0,0.35059854840853333,0.6941903895020888,4.187741929308238,25,0.8360195293976744,-80.7,2,"[493.79998779296875, 606.5999755859375]"
combined_sweep,1788868746.0697875,33.531678251,0.5681341673161738,0.903,0.0,0.35132553262853333,0.6914924877195003,4.405075634594802,25,0.7623884515791637,-51.11,2,"[574.2000122070312, 525.4000244140625]"
combined_sweep,1788868746.1199746,33.581865295,0.5523828233702485,0.903,0.0,0.3520540312509334,0.6887889658576554,4.6220105965185,25,0.6979612584879668,-118.36,2,"[574.2000122070312, 525.4000244140625]"
combined_sweep,1788868746.1698427,33.631733708,0.5529618095475675,0.903,0.0,0.35277926295440004,0.686097567816619,4.837128865522608,25,0.6350680461846554,-118.36,2,"[606.2000122070312, 446.3999938964844]"
combined_sweep,1788868746.219707,33.681597877,0.5696244030725097,0.903,0.0,0.3535047459101334,0.6834052373565294,5.051477218236705,25,0.5967185264875144,-112.98,2,"[606.2000122070312, 446.3999938964844]"
combined_sweep,1788868746.2698011,33.731691894,0.6015903030656747,0.903,0.0,0.3542320789882667,0.6807060409310123,5.265523445639651,25,0.5721748338813442,-123.74,2,"[631.4000244140625, 390.3999938964844]"
combined_sweep,1788868746.3198466,33.781737217,0.647276117632672,0.903,0.0,0.35495955160093334,0.6780063266806842,5.478761655622755,25,0.5629709491540303,-104.91,2,"[631.4000244140625, 390.3999938964844]"
combined_sweep,1788868746.3698685,33.831759077,0.7044550820018805,0.903,0.0,0.35568639535626667,0.6753089461747125,5.690967920110218,25,0.5645049299419159,-5.38,2,"[634.5999755859375, 386.79998779296875]"
combined_sweep,1788868746.4198735,33.881764235,0.7705060778075712,0.903,0.0,0.35641314720280004,0.6726119067503055,5.9022999520439114,25,0.581378718608658,2.69,2,"[634.5999755859375, 386.79998779296875]"
combined_sweep,1788868746.4698792,33.931769813,0.8424342200703836,0.903,0.0,0.35713986977920004,0.6699149759499137,6.112776141533466,25,0.6151262959421421,2.69,2,"[621.5999755859375, 398.20001220703125]"
combined_sweep,1788868746.519838,33.981728935,0.9170083416066059,0.903,0.0,0.3578663639061334,0.6672188929453973,0.03915406108517061,26,0.6596117387908257,2.69,2,"[621.5999755859375, 398.20001220703125]"
combined_sweep,1788868746.5697856,34.031676518000005,0.9908892244265842,0.903,0.0,0.3585919757289334,0.6645260842483951,0.24761803713361985,26,0.7301748550335652,2.69,2,"[598.0, 454.6000061035156]"
combined_sweep,1788868746.619927,34.081817734000005,1.0611659884710707,0.903,0.0,0.35931956687546673,0.6618259301085601,0.45580130352162485,26,0.7930680673368765,5.38,2,"[598.0, 454.6000061035156]"
combined_sweep,1788868746.6697228,34.131613545,1.124455523448382,0.903,0.0,0.3600448646184,0.6591342869893089,0.6624843542247021,26,0.8620972027917303,2.69,2,"[564.7999877929688, 542.0]"
combined_sweep,1788868746.7199008,34.181791494,1.1785735198355816,0.903,0.0,0.3607734182494667,0.6564305609855092,0.8692436064649627,26,0.9295923574586985,29.59,2,"[564.7999877929688, 542.0]"
combined_sweep,1788868746.769745,34.231635786000005,1.2208236207097674,0.903,0.0,0.36149840383093335,0.6537400763246594,1.0741469818444926,26,0.9955535313377811,80.7,2,"[511.6000061035156, 608.2000122070312]"
combined_sweep,1788868746.81992,34.281810659,1.2499265047208044,0.903,0.0,0.3622266185301334,0.6510376081265481,1.2791121918119899,26,1.059980724428978,83.39,2,"[511.6000061035156, 608.2000122070312]"
combined_sweep,1788868746.8699348,34.33182543,1.2645503676513734,0.903,0.0,0.3629534457901334,0.6483402888361954,1.4828393144014598,26,1.1198059751565181,86.08,2,"[455.79998779296875, 665.5999755859375]"
combined_sweep,1788868746.9198344,34.381725267,1.2642908493588088,0.903,0.0,0.3636793726810667,0.6456463108938986,1.6854685901856072,26,1.1704273411567443,121.05,2,"[455.79998779296875, 665.5999755859375]"
combined_sweep,1788868746.9698236,34.431714273000004,1.2493053257044107,0.903,0.0,0.3644054690306667,0.6429517040757249,1.887299295968134,26,1.2164467647933135,121.05,2,"[426.6000061035156, 686.2000122070312]"
combined_sweep,1788868747.019724,34.481614664000006,1.2203322071772171,0.903,0.0,0.36513137622893344,0.6402577992146296,2.088231993298521,26,1.2379224958237125,126.42999999999999,2,"[426.6000061035156, 686.2000122070312]"
combined_sweep,1788868747.069838,34.531728837,1.1785164886093378,0.903,0.0,0.365859333194,0.6375562874903437,2.288881858621224,26,1.2455923997631406,115.67,2,"[390.79998779296875, 698.5999755859375]"
combined_sweep,1788868747.1197393,34.581630135000005,1.1258763858735652,0.903,0.0,0.3665850849728,0.634862959404431,2.488078830428506,26,1.244058418975255,-2.69,2,"[390.79998779296875, 698.5999755859375]"
combined_sweep,1788868747.1698244,34.631715138000004,1.0643171047725313,0.903,0.0,0.3673125780048,0.6321631693761779,2.686904595132191,26,1.227184630308513,-2.69,2,"[406.3999938964844, 687.0]"
combined_sweep,1788868747.21985,34.681740922,0.9964705880264453,0.903,0.0,0.36803981323000007,0.6294643360914219,2.8848113736899705,26,1.1980389953386859,-2.69,2,"[406.3999938964844, 687.0]"
combined_sweep,1788868747.2698376,34.731728475000004,0.9250955735374963,0.903,0.0,0.3687661943166667,0.6267686725891846,3.0816391756826107,26,1.158155494853659,-2.69,2,"[403.3999938964844, 681.4000244140625]"
combined_sweep,1788868747.3198798,34.781770592,0.8528305901187311,0.903,0.0,0.36949321524786677,0.6240706345681342,3.277792329758185,26,1.1044661672776617,-5.38,2,"[403.3999938964844, 681.4000244140625]"
combined_sweep,1788868747.3697214,34.831612136000004,0.7826926104769911,0.903,0.0,0.3702182481353334,0.6213799743505968,3.472565706344014,26,1.0323690702470365,-5.38,2,"[436.0, 650.0]"
combined_sweep,1788868747.4197416,34.881632363,0.7169841693064936,0.903,0.0,0.37094473905040004,0.6186839032655975,3.6668839776965996,26,0.9694758579437253,-32.28,2,"[436.0, 650.0]"
combined_sweep,1788868747.469868,34.931758579000004,0.6581386738103143,0.903,0.0,0.3716730065056,0.6159812392853738,3.8608264920426763,26,0.9019807032767571,-72.63,2,"[488.0, 616.4000244140625]"
combined_sweep,1788868747.5199509,34.98184167,0.6084690882777688,0.903,0.0,0.3724010772666667,0.6132793052542164,4.053866147651817,26,0.8390874909734457,-86.08,2,"[488.0, 616.4000244140625]"
combined_sweep,1788868747.5698564,35.031747155000005,0.5698376711353981,0.903,0.0,0.37312636876026667,0.6105876853267858,4.2453249151045185,26,0.7685243747307062,-40.35,2,"[564.0, 536.0]"
combined_sweep,1788868747.619975,35.081865716,0.5432640426145934,0.903,0.0,0.3738545274916001,0.6078854248303038,4.436689878120902,26,0.7086991240031663,-107.6,2,"[564.0, 536.0]"
combined_sweep,1788868747.6698463,35.131737239,0.5298044720076303,0.903,0.0,0.37457959002706664,0.6051946545864554,4.626397675928317,26,0.6565437772150544,-139.88,2,"[611.2000122070312, 458.79998779296875]"
combined_sweep,1788868747.719956,35.181846567,0.5297083443907527,0.903,0.0,0.37530784405346673,0.602492040441678,4.816089600170287,26,0.6089903727905995,-123.74,2,"[611.2000122070312, 458.79998779296875]"
combined_sweep,1788868747.7698824,35.231773328,0.5428545114347292,0.903,0.0,0.3760329251916001,0.5998012011617123,5.004111558928841,26,0.5660389107298016,-123.74,2,"[635.4000244140625, 407.79998779296875]"
combined_sweep,1788868747.8197773,35.281668026000006,0.5686517779332665,0.903,0.0,0.3767585828234667,0.5971082224632726,5.191438159769447,26,0.5476311412751739,-131.81,2,"[635.4000244140625, 407.79998779296875]"
combined_sweep,1788868747.8697214,35.331612244,0.6061129811693544,0.903,0.0,0.3774848854156001,0.5944128502610874,5.378084903500124,26,0.5399612373357456,-110.28999999999999,2,"[640.0, 386.79998779296875]"
combined_sweep,1788868747.919788,35.381678681000004,0.6538919437193791,0.903,0.0,0.37821229531693334,0.5917133687379816,5.564167271306175,26,0.5414952181236313,-64.56,2,"[640.0, 386.79998779296875]"
combined_sweep,1788868747.9697456,35.431636297000004,0.7101027236776635,0.903,0.0,0.3789385538730667,0.5890181599572295,5.749108858460758,26,0.5553010452146021,5.38,2,"[636.7999877929688, 373.6000061035156]"
combined_sweep,1788868748.0197935,35.481684193,0.7728898405325652,0.903,0.0,0.37966558583506677,0.5863200809999191,5.933399340650155,26,0.5829126993965437,5.38,2,"[636.7999877929688, 373.6000061035156]"
combined_sweep,1788868748.069822,35.531712857,0.8400104768081421,0.903,0.0,0.38039256383479997,0.5836222023012825,6.116828217584398,26,0.619728238305799,2.69,2,"[622.0, 400.0]"
combined_sweep,1788868748.1197283,35.581618972,0.9090730505126217,0.903,0.0,0.3811183882802667,0.5809286045430384,0.015935488127887254,27,0.6657476619423682,2.69,2,"[622.0, 400.0]"
combined_sweep,1788868748.1697452,35.631636163,0.9779641058021724,0.903,0.0,0.38184510241280006,0.5782317050785712,0.19760420162793224,27,0.7347767973972221,2.69,2,"[600.5999755859375, 459.20001220703125]"
combined_sweep,1788868748.2197247,35.681615493,1.0443160837915713,0.903,0.0,0.3825714986577333,0.5755359853226857,0.37834687734518724,27,0.7946020481247621,2.69,2,"[600.5999755859375, 459.20001220703125]"
combined_sweep,1788868748.2697442,35.731634966,1.1060762873716092,0.903,0.0,0.3832984483610667,0.5728382116344548,0.558379404448992,27,0.8605632220038447,2.69,2,"[560.2000122070312, 540.2000122070312]"
combined_sweep,1788868748.3198,35.781690771,1.1612654668384055,0.903,0.0,0.3840255878116,0.5701397337778319,0.7376106199576427,27,0.923456434307156,29.59,2,"[560.2000122070312, 540.2000122070312]"
combined_sweep,1788868748.3698747,35.831765681,1.2082032483893899,0.903,0.0,0.38475323902440006,0.5674393567268474,0.916118480889871,27,0.9848156658225816,64.56,2,"[503.3999938964844, 613.7999877929688]"
combined_sweep,1788868748.419851,35.881742005,1.2453912528923414,0.903,0.0,0.3854795835452,0.5647438289237274,1.093459333684983,27,1.0461748973380072,88.77,2,"[503.3999938964844, 613.7999877929688]"
combined_sweep,1788868748.4697173,35.931608095,1.2718319343256415,0.903,0.0,0.386204937038,0.5620519789118633,1.2697140803615454,27,1.102932186489776,94.14999999999999,2,"[462.0, 654.4000244140625]"
combined_sweep,1788868748.5199664,35.981857045000005,1.2869333266454372,0.903,0.0,0.3869346091108,0.5593441022733415,1.4461639824028438,27,1.1550875332778878,110.28999999999999,2,"[462.0, 654.4000244140625]"
combined_sweep,1788868748.5697792,36.031669923,1.2901800576733298,0.903,0.0,0.38765908089533335,0.5566555243576785,1.6205142560098054,27,1.205708899278114,110.28999999999999,2,"[425.3999938964844, 685.7999877929688]"
combined_sweep,1788868748.619686,36.08157683,1.2817255106262773,0.903,0.0,0.3883846588118667,0.553962841489786,1.794286065825439,27,1.2363885150358267,118.36,2,"[425.3999938964844, 685.7999877929688]"
combined_sweep,1788868748.6698518,36.131742467,1.261838387440912,0.903,0.0,0.38911301499306666,0.5512598482396455,1.9678721096132605,27,1.2593982268541113,134.5,2,"[402.0, 707.4000244140625]"
combined_sweep,1788868748.7198796,36.181770399,1.2313174494801666,0.903,0.0,0.38983994017866674,0.5485621655388587,2.1402693067578227,27,1.2686021115814252,139.88,2,"[402.0, 707.4000244140625]"
combined_sweep,1788868748.7698083,36.231699066000004,1.1912108266073183,0.903,0.0,0.3905659028506667,0.5458680548099061,2.3115926748053752,27,1.2686021115814252,56.49,2,"[403.0, 700.7999877929688]"
combined_sweep,1788868748.8198822,36.281772879,1.1426775294621372,0.903,0.0,0.39129301518200005,0.5431696775949972,2.48233911629179,27,1.2624661884298827,-2.69,2,"[403.0, 700.7999877929688]"
combined_sweep,1788868748.869927,36.331817884,1.1069550696408876,0.903,0.0,0.39201995177626664,0.35666073357791706,2.594429011786893,27,1.2409904573994837,-5.38,2,"[401.6000061035156, 693.2000122070312]"
combined_sweep,1788868748.9198046,36.381695272,1.0690079177052327,0.903,0.0,0.39274592406933334,0.35288892857091947,2.7051864017797342,27,1.201106956914457,-5.38,2,"[401.6000061035156, 693.2000122070312]"
combined_sweep,1788868748.9697788,36.431669561,1.0292901125767935,0.903,0.0,0.39347247606800007,0.34911411169073364,2.814846527536041,27,1.1642914180052018,-2.69,2,"[403.6000061035156, 680.2000122070312]"
combined_sweep,1788868749.0197031,36.481593983,0.9884244155228568,0.903,0.0,0.39419790625320006,0.34534512321707445,2.923155287592344,27,1.1259418983080607,-2.69,2,"[403.6000061035156, 680.2000122070312]"
combined_sweep,1788868749.0697072,36.531597885000004,0.9467965736141104,0.903,0.0,0.39492459293226667,0.3415696066019104,3.0304654995132054,27,1.0891263593988052,-2.69,2,"[424.0, 660.0]"
combined_sweep,1788868749.1197333,36.58162415,0.9049584153180975,0.903,0.0,0.3956516481621334,0.3377921751729633,3.136642785885549,27,1.0507768397016641,-2.69,2,"[424.0, 660.0]"
combined_sweep,1788868749.1697216,36.631612511,0.8634363434249228,0.903,0.0,0.39637827816119997,0.33401695303998535,3.2415720114741404,27,1.0108933392166375,-8.07,2,"[448.79998779296875, 629.7999877929688]"
combined_sweep,1788868749.2198198,36.681710683000006,0.8225895804196264,0.903,0.0,0.3971061715429333,0.33023516697459065,3.3454935874375096,27,0.9740778003073821,-21.52,2,"[448.79998779296875, 629.7999877929688]"
combined_sweep,1788868749.2698054,36.731696119000006,0.7829891690803897,0.903,0.0,0.39783264943613333,0.3264607351109865,3.4480276089390642,27,0.9341942998223555,-18.83,2,"[485.79998779296875, 609.4000244140625]"
combined_sweep,1788868749.3198662,36.781756994000006,0.7449011563776149,0.903,0.0,0.3985599147598667,0.32268221213473686,3.5494847312798683,27,0.8958447801252144,-53.8,2,"[485.79998779296875, 609.4000244140625]"
combined_sweep,1788868749.3698065,36.831697164000005,0.708780591864336,0.903,0.0,0.3992858806873334,0.318910440200354,3.6495767869506537,27,0.8467573949128739,-53.8,2,"[521.4000244140625, 575.5999755859375]"
combined_sweep,1788868749.4197104,36.881601124,0.6748859168958862,0.903,0.0,0.40001140701053334,0.31514095223960226,3.7484258712874166,27,0.8053399136399616,-43.04,2,"[521.4000244140625, 575.5999755859375]"
combined_sweep,1788868749.4697375,36.931628366000005,0.643393496268508,0.903,0.0,0.40073858353560005,0.31136289061877725,3.8463120409609175,27,0.7700583555185919,-80.7,2,"[561.4000244140625, 530.4000244140625]"
combined_sweep,1788868749.519767,36.981657854000005,0.614626729747024,0.903,0.0,0.40146530781240003,0.3075871786637633,3.942951063978164,27,0.7363107781851077,-78.01,2,"[561.4000244140625, 530.4000244140625]"
combined_sweep,1788868749.5699832,37.031874011,0.588657028912555,0.903,0.0,0.40219485098906665,0.30379682105252664,4.038769451658588,27,0.7025632008516236,-94.14999999999999,2,"[593.4000244140625, 487.3999938964844]"
combined_sweep,1788868749.6199737,37.081864553,0.5658383041227273,0.903,0.0,0.4029212685689334,0.3000227025481712,4.132992054783465,27,0.6703496043060252,-107.6,2,"[593.4000244140625, 487.3999938964844]"
combined_sweep,1788868749.669873,37.131763674000005,0.5457439213270806,0.903,0.0,0.4036465917888,0.30374573018474743,4.228240171261568,27,0.641203969336198,-118.36,2,"[614.5999755859375, 440.0]"
combined_sweep,1788868749.7198484,37.18173901,0.5286218215474161,0.903,0.0,0.4043729024614667,0.3075192932503949,4.324802877256552,27,0.6089903727905995,-118.36,2,"[614.5999755859375, 440.0]"
combined_sweep,1788868749.7698092,37.231699983000006,0.5147954578648637,0.903,0.0,0.4050993324964,0.3112934764653227,4.422566760932476,27,0.5844466801844292,-126.42999999999999,2,"[634.0, 410.20001220703125]"
combined_sweep,1788868749.819859,37.281749884,0.5045372066513334,0.903,0.0,0.4058263870577334,0.3150709044208903,4.521602041629869,27,0.5645049299419159,-161.4,2,"[634.0, 410.20001220703125]"
combined_sweep,1788868749.86978,37.331670894000005,0.49811891112223644,0.903,0.0,0.40655242376253337,0.3188430440804641,4.621682700916942,27,0.5476311412751739,-153.32999999999998,2,"[648.5999755859375, 390.6000061035156]"
combined_sweep,1788868749.9199786,37.381869428,0.4957354715691994,0.903,0.0,0.4072801822168,0.3161600922337426,4.721156554500958,27,0.5322913333963175,-164.09,2,"[648.5999755859375, 390.6000061035156]"
combined_sweep,1788868749.969719,37.431609674,0.4974024559835833,0.903,0.0,0.4080050345421333,0.3188500823694709,4.821076158411778,27,0.5200194870932323,-139.88,2,"[634.4000244140625, 380.3999938964844]"
combined_sweep,1788868750.0198894,37.481780044000004,0.5032414767568574,0.903,0.0,0.40873342733280005,0.3215532114805324,4.922335039448534,27,0.5108156023659185,-161.4,2,"[634.4000244140625, 380.3999938964844]"
combined_sweep,1788868750.0699053,37.53179616,0.5132784316405071,0.903,0.0,0.40945973847053335,0.3242486153961832,5.024150907439342,27,0.5108156023659185,-172.16,2,"[646.0, 365.20001220703125]"
combined_sweep,1788868750.1198008,37.581691409,0.5275295532672388,0.903,0.0,0.4101857256893334,0.32694281722045,5.126766984829679,27,0.5108156023659185,-172.16,2,"[646.0, 365.20001220703125]"
combined_sweep,1788868750.1699202,37.631810825,0.5460119519095655,0.903,0.0,0.4109134497868,0.3296434647527825,5.230478232786076,27,0.5108156023659185,-134.5,2,"[639.5999755859375, 368.0]"
combined_sweep,1788868750.2198045,37.681695421,0.5685295309633552,0.903,0.0,0.41163882868386675,0.3323354090420938,5.334699456167122,27,0.5123495831538042,-56.49,2,"[639.5999755859375, 368.0]"
combined_sweep,1788868750.2697732,37.731663825000005,0.5950380490536573,0.903,0.0,0.41236527278706664,0.3350313064041768,5.4399204083125525,27,0.521553467881118,-37.66,2,"[636.7999877929688, 368.20001220703125]"
combined_sweep,1788868750.319836,37.781726737,0.6253520390402957,0.903,0.0,0.41309258983493335,0.33773044333997776,5.546116518931051,27,0.5368932757599744,-56.49,2,"[636.7999877929688, 368.20001220703125]"
combined_sweep,1788868750.36975,37.831640805,0.6591227445980904,0.903,0.0,0.4138184904932001,0.34042432393056316,5.652951236856659,27,0.5553010452146021,5.38,2,"[626.5999755859375, 377.3999938964844]"
combined_sweep,1788868750.4198368,37.88172746,0.6962080566797292,0.903,0.0,0.4145463650542667,0.34312552984642525,5.760926484169168,27,0.5783107570328867,5.38,2,"[626.5999755859375, 377.3999938964844]"
combined_sweep,1788868750.469807,37.931697617000005,0.7360618715301058,0.903,0.0,0.4152724955426667,0.3458202633566606,5.869488960993287,27,0.6043884304269426,2.69,2,"[615.4000244140625, 405.79998779296875]"
combined_sweep,1788868750.519907,37.981797779000004,0.7784427927849936,0.903,0.0,0.4159999894030667,0.3485200564591784,5.97910440365623,27,0.6335340653967698,2.69,2,"[615.4000244140625, 405.79998779296875]"
combined_sweep,1788868750.5698888,38.031779644000004,0.8227662322321931,0.903,0.0,0.41672665461640007,0.3512167743802319,6.089442186801271,27,0.6764855274575677,2.69,2,"[610.0, 440.0]"
combined_sweep,1788868750.6197102,38.081601037000006,0.8684505715329348,0.903,0.0,0.4174513778421334,0.3539062854160962,6.2003277711114535,27,0.7117670855789375,2.69,2,"[610.0, 440.0]"
combined_sweep,1788868750.6697576,38.131648242000004,0.9152367677801978,0.903,0.0,0.41817864727880005,0.3566052456625856,0.02926623551581997,28,0.7485826244881929,2.69,2,"[594.0, 488.0]"
combined_sweep,1788868750.7198632,38.181754006000006,0.9624187548586021,0.903,0.0,0.41890645287920003,0.3593061956594052,0.1423225263356187,28,0.7884661249732196,2.69,2,"[594.0, 488.0]"
