t_ros_sec,t_rel_sec,tail_target_rad,tail_bias_rad,tail_bias_offset_rad,tail_amp_rad,tail_freq_hz,phase_rad,cycle_idx,present_position_rad,present_current_ma,sensor_len,sensor_values
1779197197.421593,0.014146973,0.915915684035132,0.903,0.0,0.3001988005365333,0.500737766112575,0.043037053844328155,0,0.6657476619423682,-94.14999999999999,2,"[510.3999938964844, 628.0]"
1779197197.4715078,0.064061834,0.9631702150396816,0.903,0.0,0.3009259765384,0.5034363796143807,0.20130711396765538,0,0.5476311412751739,-94.14999999999999,2,"[635.4000244140625, 496.0]"
1779197197.5214312,0.11398504100000001,1.0093045013953261,0.903,0.0,0.3016518672704,0.5061302233677254,0.36014282704484457,0,0.5568350260024878,-24.21,2,"[635.4000244140625, 496.0]"
1779197197.5713553,0.163909163,1.053245743898369,0.903,0.0,0.3023785515369333,0.5088270119968641,0.5199994189614692,0,0.684155431396996,5.38,2,"[666.2000122070312, 419.6000061035156]"
1779197197.6212618,0.21381586200000002,1.093681006847372,0.903,0.0,0.3031038179024,0.5115185386716026,0.6803880384724674,0,0.8237476830945893,2.69,2,"[666.2000122070312, 419.6000061035156]"
1779197197.6712675,0.263821383,1.129694414093728,0.903,0.0,0.3038317344502667,0.514219900404138,0.8422128485947055,0,0.9326603190344698,43.04,2,"[588.4000244140625, 549.4000244140625]"
1779197197.7209723,0.31352649400000004,1.159882274202394,0.903,0.0,0.3045544042032,0.5169017908235224,1.0037091380723653,0,1.009359358428752,45.73,2,"[588.4000244140625, 549.4000244140625]"
1779197197.7711637,0.36371769800000003,1.1837837864049614,0.903,0.0,0.3052832549537333,0.5196066194635509,1.1674390070247305,0,1.0615147052168636,112.98,2,"[480.79998779296875, 658.7999877929688]"
1779197197.8212035,0.413757604,1.2002959918055922,0.903,0.0,0.3060101498373333,0.522304189710975,1.331577240627417,0,1.0983302441261191,137.19,2,"[480.79998779296875, 658.7999877929688]"
1779197197.871333,0.46388701800000004,1.2089005561799513,0.903,0.0,0.30673838351706667,0.5250067283474994,1.4968686427150626,0,1.1305438406717176,129.12,2,"[463.79998779296875, 676.0]"
1779197197.9212155,0.513769545,1.2091756304159742,0.903,0.0,0.30746381069386663,0.5276988518071073,1.6623673495373295,0,1.1550875332778878,129.12,2,"[463.79998779296875, 676.0]"
1779197197.9711285,0.563682352,1.2009910984688372,0.903,0.0,0.30818950102573334,0.5303919518580964,1.8287710180471992,0,1.175029283520401,147.95,2,"[458.20001220703125, 678.0]"
1779197198.0212257,0.613779485,1.1843471356280464,0.903,0.0,0.3089172219404,0.5330925875787811,1.996489967874786,0,1.1857671490356005,161.4,2,"[458.20001220703125, 678.0]"
1779197198.0710301,0.6635840460000001,1.1596796927801098,0.903,0.0,0.30964191265506663,0.5357819779632443,2.1643531423475544,0,1.188835110611372,158.71,2,"[429.20001220703125, 685.2000122070312]"
1779197198.1209898,0.713543926,1.1274032588729392,0.903,0.0,0.3103681666332,0.5384771697546396,2.33342466075137,0,1.188835110611372,53.8,2,"[429.20001220703125, 685.2000122070312]"
1779197198.1711514,0.763705521,1.088234777716658,0.903,0.0,0.31109635472186664,0.5411795391987432,2.5037971908985597,0,1.179631225884058,-2.69,2,"[429.79998779296875, 703.5999755859375]"
1779197198.2213566,0.813910574,1.0432162058050807,0.903,0.0,0.31182532378826666,0.5438848069192617,2.675205022379441,0,1.1596894756415448,-2.69,2,"[429.79998779296875, 703.5999755859375]"
1779197198.2713299,0.8638839260000001,0.9937944134956368,0.903,0.0,0.31255169926506665,0.5465804496027952,2.846849525927648,0,1.1336118022474888,-2.69,2,"[430.79998779296875, 673.5999755859375]"
1779197198.3212636,0.913817509,0.9413271656080724,0.903,0.0,0.31327640630066667,0.549269900555664,3.0189424096930453,0,1.0983302441261191,-2.69,2,"[430.79998779296875, 673.5999755859375]"
1779197198.37112,0.9636740420000001,0.8871321719305395,0.903,0.0,0.3140022408904,0.5519635359601655,3.1921483101454564,0,1.0584467436410925,-2.69,2,"[468.79998779296875, 667.4000244140625]"
1779197198.4210925,1.013646454,0.832855391917708,0.903,0.0,0.3147287147433333,0.5546595437261013,3.3663535090510903,0,1.0139613007924089,-2.69,2,"[468.79998779296875, 667.4000244140625]"
1779197198.4712293,1.0637832,0.7800237066513575,0.903,0.0,0.3154578271956,0.5573653435640642,3.5420443455021817,0,0.9679418771558396,-8.07,2,"[487.3999938964844, 633.0]"
1779197198.5209653,1.113519296,0.7309111137488855,0.903,0.0,0.3161808871394667,0.5600486820159996,3.717115548684005,0,0.9173205111556134,-13.45,2,"[487.3999938964844, 633.0]"
1779197198.571166,1.16372007,0.686317696306715,0.903,0.0,0.31690982023586667,0.562753816248714,3.8944612850682088,0,0.8651651643675016,-43.04,2,"[518.4000244140625, 602.0]"
1779197198.6213322,1.2138860340000002,0.6481866007886079,0.903,0.0,0.31763844506573335,0.5654578064774641,4.072583794467858,0,0.8099418560036186,-67.25,2,"[518.4000244140625, 602.0]"
1779197198.6713178,1.263871926,0.6179199907907608,0.903,0.0,0.318364948494,0.5681539240000387,4.251034517664867,0,0.760854470791278,-102.22,2,"[567.0, 567.7999877929688]"
1779197198.72133,1.31388401,0.5965244379519465,0.903,0.0,0.3190911482628,0.5708489146158747,4.430256765396709,0,0.7148350471547088,-102.22,2,"[567.0, 567.7999877929688]"
1779197198.7710826,1.363636663,0.584860064914843,0.903,0.0,0.31981591431826667,0.5735385845966111,4.609967954959805,0,0.6749515466696822,-126.42999999999999,2,"[604.0, 502.6000061035156]"
1779197198.8212557,1.4138098330000002,0.5834539872428313,0.903,0.0,0.32054384339386666,0.5762399928206565,4.7913135859206,0,0.6442719309119693,-137.19,2,"[604.0, 502.6000061035156]"
1779197198.870974,1.463528057,0.5925390960069477,0.903,0.0,0.3212677516484,0.5789264794273892,4.972498309085941,0,0.6181942575179133,-150.64,2,"[637.7999877929688, 452.20001220703125]"
1779197198.9210181,1.5135722690000002,0.6120843017200751,0.903,0.0,0.3219950002006667,0.5816253621700505,5.155367622846106,0,0.6013204688511713,-156.02,2,"[637.7999877929688, 452.20001220703125]"
1779197198.9710639,1.5636179170000002,0.6415894834649983,0.903,0.0,0.3227219227557333,0.5843230351086984,5.339002760802449,0,0.5982525072754,-161.4,2,"[637.0, 430.20001220703125]"
1779197199.0213583,1.613912256,0.6804356877623731,0.903,0.0,0.3234521618610667,0.5870330160543571,5.52433127662092,0,0.5982525072754,-88.77,2,"[637.0, 430.20001220703125]"
1779197199.0713222,1.663876324,0.727052563431154,0.903,0.0,0.3241783538690667,0.5897279778691882,5.709478767520326,0,0.6043884304269426,2.69,2,"[630.2000122070312, 431.3999938964844]"
1779197199.1211226,1.7136767510000002,0.7800370569779653,0.903,0.0,0.32490291484466666,0.5924168867806707,5.895052713637131,0,0.6304661038209985,2.69,2,"[630.2000122070312, 431.3999938964844]"
1779197199.171097,1.7636510010000002,0.8379378765726044,0.903,0.0,0.3256296364328,0.5951138139135189,6.082027362697177,0,0.6642136811544826,2.69,2,"[640.4000244140625, 436.0]"
1779197199.2211866,1.81374056,0.8986851592931214,0.903,0.0,0.3263567984536,0.5978123755303679,6.269963684576012,0,0.701029220063738,2.69,2,"[640.4000244140625, 436.0]"
1779197199.2711062,1.863660139,0.9600672417461374,0.903,0.0,0.32708322283506663,0.6005081997033804,0.17537069083554346,1,0.7470486437003072,2.69,2,"[593.7999877929688, 472.6000061035156]"
1779197199.3211877,1.913741802,1.019993263996337,0.903,0.0,0.327810145332,0.6032058724262905,0.36494012090260863,1,0.7992039904884191,2.69,2,"[593.7999877929688, 472.6000061035156]"
1779197199.3710704,1.9636244210000002,1.07610724099583,0.903,0.0,0.328535541422,0.6058978805200751,0.5549557296942105,1,0.8574952604280734,2.69,2,"[552.4000244140625, 535.7999877929688]"
1779197199.4212885,2.013842464,1.1266848380973005,0.903,0.0,0.3292649315772,0.60860471093782,0.7468711364162361,1,0.9157865303677277,34.97,2,"[552.4000244140625, 535.7999877929688]"
1779197199.4711409,2.0636950250000003,1.169177471162196,0.903,0.0,0.3299897146076,0.6112944439140131,0.9384171415428986,1,0.9771457618831534,61.87,2,"[543.2000122070312, 603.7999877929688]"
1779197199.5210311,2.11358494,1.2022390568486434,0.903,0.0,0.3307151011782667,0.6139864166807223,1.1309668689664472,1,1.0323690702470365,61.87,2,"[543.2000122070312, 603.7999877929688]"
1779197199.5710785,2.163632493,1.2244745913834123,0.903,0.0,0.33144259159426664,0.6166861970007715,1.3249241726102357,1,1.0845244170351482,110.28999999999999,2,"[490.20001220703125, 640.0]"
1779197199.6210046,2.21355873,1.2347273849971743,0.903,0.0,0.3321683453350667,0.619379532367837,1.5192635319339844,1,1.1274758790959463,115.67,2,"[490.20001220703125, 640.0]"
1779197199.670994,2.263548107,1.2324610409432732,0.903,0.0,0.3328944518870667,0.6220741770480063,1.7145432606677105,1,1.162757437217316,147.95,2,"[459.0, 677.0]"
1779197199.7211733,2.3137274740000002,1.217456467181127,0.903,0.0,0.3336232941792,0.6247789742981754,1.911411022949471,1,1.1903690913992575,180.23,2,"[459.0, 677.0]"
1779197199.7711928,2.3637468160000004,1.1901580958116624,0.903,0.0,0.3343500523332,0.6274760371301407,2.1085632521456663,1,1.205708899278114,185.60999999999999,2,"[434.3999938964844, 686.4000244140625]"
1779197199.821359,2.413913082,1.15127807786326,0.903,0.0,0.33507878197746666,0.6301804163342617,2.307102317616012,1,1.2118448224296565,161.4,2,"[434.3999938964844, 686.4000244140625]"
1779197199.871344,2.463897955,1.1023824134008304,0.903,0.0,0.3358053110716,0.6328766291051038,2.505888733108094,1,1.210310841641771,45.73,2,"[430.79998779296875, 690.4000244140625]"
1779197199.921244,2.513798065,1.0452551756200636,0.903,0.0,0.3365305207134667,0.6355679452736203,2.705157938442067,1,1.193437052975029,45.73,2,"[430.79998779296875, 690.4000244140625]"
1779197199.9709978,2.563551779,0.982021572642165,0.903,0.0,0.3372550626213333,0.6382567834230832,2.905085920881808,1,1.1596894756415448,-5.38,2,"[416.3999938964844, 680.0]"
1779197200.0210893,2.613643515,0.9147713971676513,0.903,0.0,0.3379828426576,0.6409576385491766,3.1067572217329555,1,1.1198059751565181,-5.38,2,"[416.3999938964844, 680.0]"
1779197200.070881,2.663434999,0.8468371099347343,0.903,0.0,0.3387066841896,0.6436438775427746,3.3081777702940744,1,1.0722525707320631,-2.69,2,"[427.79998779296875, 663.4000244140625]"
1779197200.1210306,2.713584489,0.7802279493637576,0.903,0.0,0.3394349429684,0.6463465093241222,3.5116784059058457,1,1.0139613007924089,-16.14,2,"[427.79998779296875, 663.4000244140625]"
1779197200.1710577,2.763611715,0.7182685736805169,0.903,0.0,0.34016196125453335,0.6490445375290996,3.715680425756709,1,0.9510680884890975,-8.07,2,"[464.6000061035156, 641.2000122070312]"
1779197200.2211864,2.8137405220000002,0.6634455212191437,0.903,0.0,0.34089001547666664,0.6517464101828342,3.920823569360209,1,0.8866408953979006,-26.9,2,"[464.6000061035156, 641.2000122070312]"
1779197200.2712624,2.863816293,0.618302359668213,0.903,0.0,0.34161796770386665,0.6544479043244843,4.126788174814669,1,0.8191457407309324,-56.49,2,"[545.5999755859375, 599.4000244140625]"
1779197200.3212636,2.91381741,0.5849912423787382,0.903,0.0,0.34234403918693335,0.6571424188607864,4.333066461569505,1,0.7562525284276211,-56.49,2,"[545.5999755859375, 599.4000244140625]"
1779197200.371108,2.9636618730000004,0.5650120488959538,0.903,0.0,0.3430696447168,0.6598352042041646,4.540057098257346,1,0.6994952392758523,-104.91,2,"[591.7999877929688, 521.5999755859375]"
1779197200.4209983,3.0135523440000003,0.5594207295904756,0.903,0.0,0.34379498138,0.6625269917599166,4.7478151386330065,1,0.6534758156392831,-129.12,2,"[591.7999877929688, 521.5999755859375]"
1779197200.4709353,3.063489543,0.5686942464630664,0.903,0.0,0.34452063485533335,0.6652199550330992,4.9565087632055835,1,0.6151262959421421,-153.32999999999998,2,"[621.7999877929688, 463.6000061035156]"
1779197200.5211408,3.1136948920000003,0.5928159860609689,0.903,0.0,0.3452495564122667,0.6679250464418475,5.1669947352151375,1,0.5890486225480862,-139.88,2,"[621.7999877929688, 463.6000061035156]"
1779197200.5711825,3.163736386,0.6308320380190501,0.903,0.0,0.3459766316836,0.6706232861238672,5.377795720896815,1,0.5844466801844292,-177.54,2,"[642.0, 438.3999938964844]"
1779197200.6210177,3.2135717730000004,0.6811430766154944,0.903,0.0,0.34670152566146667,0.673313430835776,5.588807356206093,1,0.5844466801844292,-99.53,2,"[642.0, 438.3999938964844]"
1779197200.671212,3.263765842,0.7421212251154194,0.903,0.0,0.34743012039279997,0.6760173093662463,5.801747957649374,1,0.5905826033359719,2.69,2,"[647.4000244140625, 430.3999938964844]"
1779197200.7213173,3.3138712050000003,0.8108131061274013,0.903,0.0,0.34815757498413336,0.6787169567378363,6.01520437827142,1,0.6181942575179133,2.69,2,"[647.4000244140625, 430.3999938964844]"
1779197200.7711208,3.36367481,0.8840488762571187,0.903,0.0,0.34888276172146665,0.681408187905634,6.228839097614539,1,0.6611457195787114,5.38,2,"[628.5999755859375, 441.6000061035156]"
1779197200.821126,3.413680015,0.9589328288794601,0.903,0.0,0.3496097828270667,0.6841062265738979,0.16067692855758686,2,0.7086991240031663,2.69,2,"[628.5999755859375, 441.6000061035156]"
1779197200.8709128,3.4634669170000003,1.0315391481354153,0.903,0.0,0.3503338899266667,0.6867934511119982,0.3756794656362672,2,0.7669903939428205,2.69,2,"[585.2000122070312, 479.0]"
1779197200.9210057,3.5135597140000003,1.0990758744178302,0.903,0.0,0.35106160771666667,0.6894940752367726,0.5926037455242987,2,0.8360195293976744,10.76,2,"[585.2000122070312, 479.0]"
1779197200.971157,3.563711171,1.1579191081574676,0.903,0.0,0.35178974720586664,0.6921962643240209,0.8105043674220411,2,0.9019807032767571,45.73,2,"[549.2000122070312, 560.2000122070312]"
1779197201.0213375,3.613891521,1.2051143620077491,0.903,0.0,0.35251853914,0.6949008746912644,1.0294524012820538,2,0.9756117810952678,59.18,2,"[549.2000122070312, 560.2000122070312]"
1779197201.0712178,3.663771665,1.2380179343578845,0.903,0.0,0.353243739248,0.6975921554787711,1.2481651416675685,2,1.0446409165501216,110.28999999999999,2,"[500.3999938964844, 623.5999755859375]"
1779197201.1210465,3.7136006580000003,1.2550840429917136,0.903,0.0,0.35396842499226666,0.7002815274176468,1.4675653432558438,2,1.1044661672776617,110.28999999999999,2,"[500.3999938964844, 623.5999755859375]"
1779197201.170983,3.7635371070000003,1.255250639077943,0.903,0.0,0.3546945728625333,0.7029763254335036,1.6882541980500427,2,1.158155494853659,129.12,2,"[462.6000061035156, 673.2000122070312]"
1779197201.2209918,3.813545786,1.2381664669850319,0.903,0.0,0.35542149479266666,0.7056739960529695,1.9100260989097944,2,1.1965050145508,150.64,2,"[462.6000061035156, 673.2000122070312]"
1779197201.2709231,3.8634771640000003,1.2044688796408736,0.903,0.0,0.3561471861564,0.7083670999333058,2.1322675022251794,2,1.222582687944856,185.60999999999999,2,"[458.6000061035156, 687.7999877929688]"
1779197201.321175,3.913729226,1.1552939858234832,0.903,0.0,0.3568763167026667,0.7110729669196794,2.3564151032122673,2,1.23178657267217,161.4,2,"[458.6000061035156, 687.7999877929688]"
1779197201.371218,3.9637720680000004,1.0931699563153383,0.903,0.0,0.357603718756,0.7137724193181736,2.5808802511762785,2,1.2287186110963986,40.35,2,"[424.20001220703125, 696.2000122070312]"
1779197201.4212449,4.013798745,1.0209737373511698,0.903,0.0,0.35833082789,0.7164707846674998,2.8061032413646334,2,1.2072428800659996,-8.07,2,"[424.20001220703125, 696.2000122070312]"
1779197201.471118,4.063672068000001,0.9424353334380476,0.903,0.0,0.35905590405773335,0.7191616055018779,3.031540013671444,2,1.1688933603688585,-2.69,2,"[424.6000061035156, 686.5999755859375]"
1779197201.5211897,4.113743761,0.8610249727056672,0.903,0.0,0.3597832347524,0.7218607930821428,3.2585265010021214,2,1.1167380135807468,-2.69,2,"[424.6000061035156, 686.5999755859375]"
1779197201.571067,4.1636208980000005,0.7813541221229023,0.903,0.0,0.3605087037561333,0.7245530717651447,3.4857763992213435,2,1.05231082048955,-2.69,2,"[428.20001220703125, 664.2000122070312]"
1779197201.6211262,4.213680139,0.7072404329705028,0.903,0.0,0.3612355605188,0.7272505005424639,3.714308650605261,2,0.9817477042468103,-2.69,2,"[428.20001220703125, 664.2000122070312]"
1779197201.670941,4.263495102,0.6429576055119002,0.903,0.0,0.36196065800693333,0.7299414004987039,3.943131311180462,2,0.9111845880040709,-26.9,2,"[480.3999938964844, 630.4000244140625]"
1779197201.7211297,4.313683518,0.591626265999881,0.903,0.0,0.36268940065853333,0.7326458279741722,4.173956342518018,2,0.8360195293976744,-80.7,2,"[480.3999938964844, 630.4000244140625]"
1779197201.7711973,4.363751290000001,0.5565961351145786,0.903,0.0,0.363416773558,0.7353451721801272,4.405196360938643,2,0.7562525284276211,-99.53,2,"[551.0, 569.0]"
1779197201.821185,4.4137390430000005,0.5398907730420608,0.903,0.0,0.364143284936,0.7380413192048548,4.6370093305643785,2,0.6902913545485385,-131.81,2,"[551.0, 569.0]"
1779197201.8712263,4.463780186,0.5426444837454161,0.903,0.0,0.36487041005666665,0.740739743882094,4.869866401223671,2,0.6320000846088841,-153.32999999999998,2,"[617.7999877929688, 492.20001220703125]"
1779197201.921201,4.5137550410000005,0.5649956827244038,0.903,0.0,0.36559697920466666,0.7434361052963252,5.103392398509786,2,0.5890486225480862,-153.32999999999998,2,"[617.7999877929688, 492.20001220703125]"
1779197201.971064,4.563618116000001,0.6058952685597185,0.903,0.0,0.3663219367368,0.746126485863655,5.33724362769108,2,0.5629709491540303,-169.47,2,"[641.7999877929688, 444.20001220703125]"
1779197202.0212474,4.6138013,0.6637435011490407,0.903,0.0,0.3670507281768,0.7488310943971266,5.57318373169511,2,0.5568350260024878,-193.68,2,"[641.7999877929688, 444.20001220703125]"
1779197202.0711346,4.663688697,0.735006102053623,0.903,0.0,0.36777594220773335,0.7515224268538521,5.8088094964030965,2,0.5599029875782591,2.69,2,"[674.2000122070312, 435.20001220703125]"
1779197202.1212618,4.71381606,0.8164365258388614,0.903,0.0,0.3685035550816,0.7542226616257143,6.046064065870606,2,0.5859806609723149,5.38,2,"[674.2000122070312, 435.20001220703125]"
1779197202.1712666,4.763820734,0.903237676440013,0.903,0.0,0.3692301356092,0.7569190652706326,0.0006437081741310635,3,0.6335340653967698,5.38,2,"[636.0, 420.79998779296875]"
1779197202.2213593,4.813913115,0.9908077147054009,0.903,0.0,0.36995785812253335,0.7596197069241085,0.23963202345348478,3,0.6948932969121955,2.69,2,"[636.0, 420.79998779296875]"
1779197202.2711294,4.863683395000001,1.0736741380774124,0.903,0.0,0.37068259281506666,0.7623092605142667,0.47848182269928685,3,0.7669903939428205,2.69,2,"[604.2000122070312, 465.20001220703125]"
1779197202.321107,4.913660708,1.1475437697764623,0.903,0.0,0.37140897160546665,0.7650049154948584,0.7187199944744478,3,0.8498253564886452,2.69,2,"[604.2000122070312, 465.20001220703125]"
1779197202.3712187,4.963772726,1.2079115369601963,0.903,0.0,0.3721367841092,0.7677058911105497,0.9602822185342816,3,0.9326603190344698,2.69,2,"[548.4000244140625, 577.0]"
1779197202.421093,5.013646986,1.2508011876774834,0.903,0.0,0.37286272038866664,0.7703999038945117,1.2020672189218367,3,1.0108933392166375,69.94,2,"[548.4000244140625, 577.0]"
1779197202.4709444,5.063498259,1.2735951072767875,0.903,0.0,0.37358703056253334,0.7730878820589098,1.4441523329176391,3,1.0829904362472627,110.28999999999999,2,"[490.20001220703125, 637.2000122070312]"
1779197202.5211136,5.113667717,1.2747246597562438,0.903,0.0,0.37431563353426667,0.7757917911702225,1.688523943970747,3,1.1489516101263453,139.88,2,"[490.20001220703125, 637.2000122070312]"
1779197202.571226,5.163779918,1.2536252165194348,0.903,0.0,0.37504392059493336,0.7784945279080415,1.9336405824170058,3,1.201106956914457,161.4,2,"[453.3999938964844, 687.2000122070312]"
1779197202.621254,5.213807930000001,1.2113681383407813,0.903,0.0,0.3757706566292,0.781191508651749,2.179082560534539,3,1.2348545342479411,161.4,2,"[453.3999938964844, 687.2000122070312]"
1779197202.6712222,5.263776079,1.1502225364983598,0.903,0.0,0.37649700247253337,0.7838870413629058,2.425239211409572,3,1.248660361338912,169.47,2,"[442.20001220703125, 707.2000122070312]"
1779197202.7211893,5.313743165,1.0737378780848237,0.903,0.0,0.3772223239048,0.786578772395337,2.671892758907436,3,1.2471263805510262,169.47,2,"[442.20001220703125, 707.2000122070312]"
1779197202.771023,5.363576867,0.986203770084451,0.903,0.0,0.37794834122213333,0.7892730859178831,2.919628636967154,3,1.217980745581199,-2.69,2,"[420.0, 706.5999755859375]"
1779197202.8211138,5.413667763,0.8926609002043895,0.903,0.0,0.3786763643284,0.7919748430979254,3.168899308504013,3,1.1719613219446299,-5.38,2,"[420.0, 706.5999755859375]"
1779197202.8710258,5.463579778000001,0.7993716928158401,0.903,0.0,0.37940213518946664,0.7946682419997921,3.418243938133113,3,1.1090681096413186,-2.69,2,"[414.3999938964844, 686.0]"
1779197202.920964,5.513518048000001,0.7119002279299066,0.903,0.0,0.38012763860813337,0.7973606483996103,3.668341176085061,3,1.033903051034922,-5.38,2,"[414.3999938964844, 686.0]"
1779197202.971121,5.563674914,0.6355124385592499,0.903,0.0,0.3808559623364,0.8000635212140877,3.920261706634438,3,0.9464661461254406,-34.97,2,"[479.6000061035156, 639.4000244140625]"
1779197203.021177,5.613730949000001,0.5756573857704754,0.903,0.0,0.38158324616106665,0.8027625348556988,4.172671184300693,3,0.8574952604280734,-53.8,2,"[479.6000061035156, 639.4000244140625]"
1779197203.0712266,5.663780463,0.5362644648440019,0.903,0.0,0.382310635178,0.8054619388749769,4.4259660555458815,3,0.7639224323670493,-72.63,2,"[531.5999755859375, 587.4000244140625]"
1779197203.1210253,5.713579406,0.5201780995416325,0.903,0.0,0.3830349551328,0.8081499533372705,4.679033940861213,3,0.6872233929727672,-72.63,2,"[531.5999755859375, 587.4000244140625]"
1779197203.1710656,5.7636194640000005,0.5286322934831009,0.903,0.0,0.38376261032773334,0.8108503451662986,4.934116622482051,3,0.6181942575179133,-139.88,2,"[616.0, 481.79998779296875]"
1779197203.221058,5.813611839,0.5614890228954305,0.903,0.0,0.38448936255213334,0.8135473859930017,5.18973016399563,3,0.5737088146692298,-153.32999999999998,2,"[616.0, 481.79998779296875]"
1779197203.2710168,5.863570747000001,0.61685437182501,0.903,0.0,0.3852153283342667,0.8162415082639304,5.445912664885199,3,0.5476311412751739,-166.78,2,"[653.2000122070312, 439.6000061035156]"
1779197203.3211813,5.913735428000001,0.6916384274647142,0.903,0.0,0.3859432430945333,0.8189428633625264,5.703633044450555,3,0.5460971604872883,-61.87,2,"[653.2000122070312, 439.6000061035156]"
1779197203.3710399,5.963593956,0.7806612483141999,0.903,0.0,0.38666851546226666,0.8216344123121995,5.9612618296883895,3,0.5583690067903734,5.38,2,"[656.7999877929688, 431.20001220703125]"
1779197203.421327,6.0138811940000005,0.8790833419037667,0.903,0.0,0.3873984721122667,0.8243433450415059,6.221409439134003,3,0.5967185264875144,2.69,2,"[656.7999877929688, 431.20001220703125]"
1779197203.4713385,6.063892629000001,0.9793707558810776,0.903,0.0,0.38812517868746665,0.8270402164600503,0.19806074822312425,4,0.6550097964271688,2.69,2,"[626.4000244140625, 432.20001220703125]"
1779197203.5212777,6.113831442,1.0750588443734306,0.903,0.0,0.3888508237189333,0.829733148397308,0.45836262571206277,4,0.7301748550335652,2.69,2,"[626.4000244140625, 432.20001220703125]"
1779197203.5710056,6.163559505,1.1595772532253903,0.903,0.0,0.3895749683290667,0.8324205121402659,0.7189676052072329,4,0.8206797215188181,2.69,2,"[586.2000122070312, 500.20001220703125]"
1779197203.6209924,6.213546329000001,1.2274297473307902,0.903,0.0,0.3903015967294667,0.8351170934453161,0.9813135619071147,4,0.9096506072161852,5.38,2,"[586.2000122070312, 500.20001220703125]"
1779197203.6709502,6.263504333,1.2733730451993714,0.903,0.0,0.3910277133821334,0.8378117756099395,1.2443206729691951,4,1.000155473701438,75.32,2,"[534.2000122070312, 601.4000244140625]"
1779197203.7211576,6.31371151,1.294011024168309,0.903,0.0,0.3917563724961333,0.8405158930700953,1.5091005432088096,4,1.086058397823034,129.12,2,"[534.2000122070312, 601.4000244140625]"
1779197203.7711437,6.363697743,1.2874064035497796,0.903,0.0,0.39248307641173336,0.8432127546186325,1.7740172216740042,4,1.1612234564294304,139.88,2,"[467.6000061035156, 666.5999755859375]"
1779197203.82133,6.413884139,1.2536241130552328,0.903,0.0,0.39321179794640004,0.8459171037273213,2.040521413008932,4,1.2210487071569704,166.78,2,"[467.6000061035156, 666.5999755859375]"
1779197203.8712852,6.463839041000001,1.1949182147031334,0.903,0.0,0.3939381248964,0.8486125663236717,2.3069962781531324,4,1.2563302652783401,161.4,2,"[435.79998779296875, 702.2000122070312]"
1779197203.9210296,6.513583473000001,1.1154100177013608,0.903,0.0,0.39466165063360004,0.8512976333752517,2.5732833268127813,4,1.265534150005654,161.4,2,"[435.79998779296875, 702.2000122070312]"
1779197203.9709816,6.563535433,1.019905615332537,0.903,0.0,0.39538793643973336,0.853992943283128,2.8414325064486476,4,1.2532623037025687,59.18,2,"[416.0, 709.4000244140625]"
1779197204.0210357,6.613589733,0.9151238403269126,0.903,0.0,0.396115710808,0.8566937773747797,3.1109810578266135,4,1.214912784005428,-8.07,2,"[416.0, 709.4000244140625]"
1779197204.0710597,6.663613890000001,0.8088866551557491,0.903,0.0,0.39684254584333334,0.8593911255200717,3.3810292981591594,4,1.1535535524900022,-2.69,2,"[401.20001220703125, 693.0]"
1779197204.1209996,6.713553668,0.7089690819981186,0.903,0.0,0.39756808478146666,0.8620836637357254,3.651440559705499,4,1.0707185899441776,-2.69,2,"[401.20001220703125, 693.0]"
1779197204.1711748,6.763728831000001,0.6222889620537488,0.903,0.0,0.39829631254613335,0.864786180420922,3.9237048022530665,4,0.9756117810952678,-26.9,2,"[445.3999938964844, 663.5999755859375]"
1779197204.2211468,6.813700633000001,0.5559648774531684,0.903,0.0,0.39902292355013336,0.867482697166416,4.196211653482617,4,0.8743690490948155,-40.35,2,"[445.3999938964844, 663.5999755859375]"
1779197204.2713535,6.863907477000001,0.5148708900621453,0.903,0.0,0.3997524147410667,0.8701899025365707,4.470652484194279,4,0.7731263170943632,-64.56,2,"[544.4000244140625, 611.5999755859375]"
1779197204.3211362,6.913690334,0.502721733633339,0.903,0.0,0.40047634497,0.8728764706922163,4.743842065352741,4,0.6826214506091103,-64.56,2,"[544.4000244140625, 611.5999755859375]"
1779197204.3710961,6.963650284000001,0.5204848284197306,0.903,0.0,0.4012027277716,0.8755721405587207,5.018803712806058,4,0.6043884304269426,-137.19,2,"[626.7999877929688, 489.0]"
1779197204.4210563,7.013610467,0.5672996835835143,0.903,0.0,0.4019292054468,0.8782681625094211,5.294648033273923,4,0.5537670644267164,-166.78,2,"[626.7999877929688, 489.0]"
1779197204.4709325,7.063486548,0.6398007379267707,0.903,0.0,0.4026542029601333,0.8809586914504677,5.570773647804383,4,0.5368932757599744,-185.60999999999999,2,"[648.5999755859375, 428.20001220703125]"
1779197204.520947,7.113500951000001,0.7330689325370825,0.903,0.0,0.40338076805333334,0.8836550378169827,5.848343261211127,4,0.5368932757599744,-48.42,2,"[648.5999755859375, 428.20001220703125]"
1779197204.5711093,7.163663261000001,0.8402961497466068,0.903,0.0,0.4041089729716,0.8863574697171983,6.127390128099101,4,0.5583690067903734,5.38,2,"[657.0, 414.6000061035156]"
1779197204.6211956,7.213749581,0.9530588152228255,0.903,0.0,0.40483683198200004,0.8890586179231816,0.12396911964809121,5,0.6089903727905995,2.69,2,"[657.0, 414.6000061035156]"
1779197204.671366,7.263919894000001,1.0625648196759947,0.903,0.0,0.40556413781013334,0.8917577132215746,0.4043694855216238,5,0.6856894121848816,2.69,2,"[634.5999755859375, 439.20001220703125]"
1779197204.7211587,7.313712784000001,1.1599455477948144,0.903,0.0,0.40628900873813334,0.8944477723934199,0.6846741357338075,5,0.7746602978822488,2.69,2,"[634.5999755859375, 439.20001220703125]"
1779197204.7710857,7.363639770000001,1.2379698949479092,0.903,0.0,0.40701601820253336,0.8971457678601762,0.9666537494258733,5,0.8820389530342436,2.69,2,"[564.7999877929688, 521.2000122070312]"
1779197204.8210316,7.413585515,1.289815098863648,0.903,0.0,0.40774185587333334,0.8998394146987846,1.249024137186538,5,0.9817477042468103,26.9,2,"[564.7999877929688, 521.2000122070312]"
1779197204.8710344,7.463588582000001,1.311165130378562,0.903,0.0,0.4084678353022667,0.9025335876141771,1.5322952715861788,5,1.0799224746714913,137.19,2,"[511.0, 630.5999755859375]"
1779197204.9211698,7.513723886,1.2998322421752009,0.903,0.0,0.40919593184546665,0.9052356173250775,1.8172430243651476,5,1.1642914180052018,142.57,2,"[511.0, 630.5999755859375]"
1779197204.9713674,7.563921167,1.25623425888265,0.903,0.0,0.40992384291426665,0.9079369587243191,2.102968294639119,5,1.2287186110963986,164.09,2,"[441.79998779296875, 704.0]"
1779197205.0211194,7.613673309,1.1838304614689867,0.903,0.0,0.4106492110857333,0.9106288632099939,2.388539582788461,5,1.2701360923693108,164.09,2,"[441.79998779296875, 704.0]"
1779197205.0712178,7.663771789,1.0877502365777787,0.903,0.0,0.41137679458773335,0.9133289889802999,2.6758323675427746,5,1.2778059963087391,115.67,2,"[427.0, 718.4000244140625]"
1779197205.1211255,7.713679434,0.9760887074836916,0.903,0.0,0.41210266450800004,0.916022755499489,2.963293873209338,5,1.260932207641997,115.67,2,"[427.0, 718.4000244140625]"
1779197205.1713438,7.763897847000001,0.8572785700542662,0.903,0.0,0.4128309708544,0.9187255638083447,3.25257128898771,5,1.2072428800659996,-5.38,2,"[416.20001220703125, 709.7999877929688]"
1779197205.2211514,7.813705430000001,0.741947522656605,0.903,0.0,0.41355654545733334,0.9214182343791788,3.541608334374544,5,1.1336118022474888,-2.69,2,"[416.20001220703125, 709.7999877929688]"
1779197205.2709022,7.863456053,0.6396182733957161,0.903,0.0,0.41427985573786663,0.9241025018522959,3.8305827656485505,5,1.038504993398579,-2.69,2,"[429.79998779296875, 678.2000122070312]"
1779197205.3210034,7.913557445,0.5581686641708568,0.903,0.0,0.4150079553912,0.9268045431051721,4.122321175912056,5,0.9326603190344698,-13.45,2,"[429.79998779296875, 678.2000122070312]"
1779197205.3710842,7.963638204,0.5055471033171071,0.903,0.0,0.415735587638,0.9295048497716779,4.414721757114414,5,0.8191457407309324,-72.63,2,"[514.7999877929688, 622.7999877929688]"
1779197205.42131,8.013864193,0.48653894591671565,0.903,0.0,0.41646433210626665,0.9322092839889544,4.708421339347126,5,0.7117670855789375,-104.91,2,"[514.7999877929688, 622.7999877929688]"
1779197205.4713767,8.063930879,0.5032429656388118,0.903,0.0,0.41719193742280003,0.9349094907148943,5.002511209826906,5,0.6212622190936846,-142.57,2,"[615.7999877929688, 501.3999938964844]"
1779197205.521111,8.113664869,0.554211790738166,0.903,0.0,0.4179154744378667,0.93759459961962,5.2957966374756325,5,0.5537670644267164,-142.57,2,"[615.7999877929688, 501.3999938964844]"
1779197205.5712082,8.16376237,0.6360984511019536,0.903,0.0,0.41864382981973336,0.940297589903365,5.591886330943183,5,0.521553467881118,-166.78,2,"[653.7999877929688, 430.3999938964844]"
1779197205.6211278,8.213681921000001,0.7414645614092165,0.903,0.0,0.41936961317946664,0.9429910351888728,5.887775592912988,5,0.5200194870932323,-177.54,2,"[653.7999877929688, 430.3999938964844]"
1779197205.6711621,8.263716235,0.8619143624367259,0.903,0.0,0.4200971486778667,0.9456909828136366,6.185228399086164,5,0.5445631796994026,-43.04,2,"[655.2000122070312, 418.3999938964844]"
1779197205.7211308,8.313684833,0.9864146464786053,0.903,0.0,0.42082272495213335,0.9483836595869343,0.1995395295207132,6,0.5982525072754,2.69,2,"[655.2000122070312, 418.3999938964844]"
1779197205.7712004,8.363754421000001,1.1046248110090233,0.903,0.0,0.4215503140349333,0.9510838060680752,0.49871059965202846,6,0.6826214506091103,2.69,2,"[638.5999755859375, 419.6000061035156]"
1779197205.8213296,8.413883524000001,1.205604359377951,0.903,0.0,0.422278346428,0.9537855977122415,0.7989143388360063,6,0.786932144185334,8.07,2,"[638.5999755859375, 419.6000061035156]"
1779197205.871334,8.463888085,1.2798873724023543,0.903,0.0,0.4230052238570667,0.9564831031843716,1.0994895214086213,6,0.9019807032767571,21.52,2,"[587.5999755859375, 524.4000244140625]"
1779197205.921021,8.513575025,1.3205107810751213,0.903,0.0,0.4237281734202667,0.9591660320040354,1.3992790254747476,6,1.0154952815802945,21.52,2,"[587.5999755859375, 524.4000244140625]"
1779197205.9711335,8.563687518,1.3237973984690061,0.903,0.0,0.42445661983893335,0.9618693601332773,1.7021992967016928,6,1.1244079175201749,80.7,2,"[499.0, 642.7999877929688]"
1779197206.021164,8.613717908,1.2886937301581052,0.903,0.0,0.4251832088830667,0.9645657953837927,2.00519420899564,6,1.2087768608538851,126.42999999999999,2,"[499.0, 642.7999877929688]"
1779197206.0709221,8.663476073,1.2183415581737052,0.903,0.0,0.4259071547208,0.9672524214650552,2.307927745948078,6,1.265534150005654,147.95,2,"[443.79998779296875, 714.7999877929688]"
1779197206.1210043,8.713558412000001,1.1181460164825086,0.903,0.0,0.4266347517824,0.9699525975562182,2.613037492210644,6,1.2900778426118242,164.09,2,"[443.79998779296875, 714.7999877929688]"
1779197206.171162,8.763715933,0.9972424788542658,0.903,0.0,0.42736293581626666,0.9726549519526055,2.9192441211961153,6,1.2839419194602817,-5.38,2,"[424.0, 721.7999877929688]"
1779197206.2211857,8.813739660000001,0.8669871052885397,0.903,0.0,0.42808997354800005,0.975353052321899,3.2258167879467408,6,1.239456476611598,-2.69,2,"[424.0, 721.7999877929688]"
1779197206.2713566,8.863910534,0.7390534986619077,0.903,0.0,0.42881857338053336,0.9780569497833671,3.533899865731449,6,1.1612234564294304,-2.69,2,"[424.0, 703.2000122070312]"
1779197206.321266,8.91382012,0.6263191851290146,0.903,0.0,0.4295439727986667,0.9807489702281444,3.841473920129083,6,1.0584467436410925,-2.69,2,"[424.0, 703.2000122070312]"
1779197206.3710804,8.963634352,0.5390309887938267,0.903,0.0,0.43026929989893337,0.9834407222950176,4.149861391249949,6,0.9387962421860124,-2.69,2,"[475.79998779296875, 659.0]"
1779197206.4210799,9.01363398,0.48568782080393214,0.903,0.0,0.43099611062,0.9861379802079473,4.459727190275629,6,0.8206797215188181,-16.14,2,"[475.79998779296875, 659.0]"
1779197206.4709792,9.063533208,0.47198752888978,0.903,0.0,0.4317211845786667,0.9888287928442867,4.769696035329481,6,0.705631162427395,-118.36,2,"[567.0, 560.7999877929688]"
1779197206.521327,9.113881022000001,0.4998057420415918,0.903,0.0,0.43245050238693333,0.9915353547762583,5.082332518171427,6,0.6089903727905995,-131.81,2,"[567.0, 560.7999877929688]"
1779197206.5713346,9.163888566,0.5668892161405982,0.903,0.0,0.43317794808386667,0.9942349691399548,5.395015501604206,6,0.5399612373357456,-147.95,2,"[641.0, 456.3999938964844]"
1779197206.6212351,9.213789099000001,0.6668772015545533,0.903,0.0,0.4339035964725333,0.9969279135360742,5.707770763586872,6,0.516951525517461,-177.54,2,"[641.0, 456.3999938964844]"
1779197206.6713355,9.263889445,0.7909015980009808,0.903,0.0,0.43463143682213334,0.9996289924902029,6.0223207027224746,6,0.5184855063053467,-34.97,2,"[686.2000122070312, 408.79998779296875]"
1779197206.7213821,9.313936327,0.9258731714099362,0.903,0.0,0.4353581010181333,0.9976742933641564,0.052562952956392905,7,0.5553010452146021,-34.97,2,"[686.2000122070312, 408.79998779296875]"
1779197206.771149,9.363703049,1.0583818363728266,0.903,0.0,0.4360828426721333,0.9949847139393888,0.36431855433935567,7,0.624330180669456,2.69,2,"[649.7999877929688, 411.0]"
1779197206.8212125,9.413766544000001,1.1763777314742287,0.903,0.0,0.436809898774,0.9922865453969301,0.6762216320304759,7,0.722504951094137,2.69,2,"[649.7999877929688, 411.0]"
1779197206.8709946,9.463548623000001,1.2678783091592252,0.903,0.0,0.4375344611012,0.989597631469542,0.9862125931377221,7,0.8375535101855601,2.69,2,"[600.7999877929688, 497.6000061035156]"
1779197206.9211984,9.513752403,1.324972275311185,0.903,0.0,0.4382635387025333,0.9868919609664293,1.2972825014542977,7,0.9587379924285258,86.08,2,"[600.7999877929688, 497.6000061035156]"
1779197206.9711726,9.563726422,1.3417128820293467,0.903,0.0,0.43898983571386674,0.9841966094750793,1.6063196980218777,7,1.0799224746714913,107.6,2,"[529.5999755859375, 632.5999755859375]"
1779197207.0213566,9.613910539,1.3168284322034434,0.903,0.0,0.43971885634453334,0.9814911503950743,1.9156630880852106,7,1.184233168247715,145.26,2,"[529.5999755859375, 632.5999755859375]"
1779197207.0712283,9.663782197,1.2532318577249504,0.903,0.0,0.44044345605146673,0.978802097748239,2.2222881714625373,7,1.2578642460662257,145.26,2,"[438.6000061035156, 701.0]"
1779197207.121121,9.713674804,1.1568034243367002,0.903,0.0,0.44116937351026664,0.9761081548094107,2.5286254264784276,7,1.2931458041875956,145.26,2,"[438.6000061035156, 701.0]"
1779197207.171197,9.763751112000001,1.0363300626633984,0.903,0.0,0.4418976202409334,0.9734055677397357,2.8350947455755318,7,1.2931458041875956,166.78,2,"[405.6000061035156, 733.7999877929688]"
1779197207.221022,9.813575809000001,0.9041571653031164,0.903,0.0,0.44262172154173335,0.9707183647214873,3.1389783069254378,7,1.260932207641997,-2.69,2,"[405.6000061035156, 733.7999877929688]"
1779197207.2710764,9.863630481000001,0.7712184760411663,0.903,0.0,0.4433491144826667,0.9680189461399034,3.4433943757987535,7,1.1965050145508,-2.69,2,"[405.20001220703125, 716.7999877929688]"
1779197207.320971,9.913525128,0.6506428306647243,0.903,0.0,0.4440742042972,0.9653280746610614,3.7460030517634806,7,1.0998642249140047,-2.69,2,"[405.20001220703125, 716.7999877929688]"
1779197207.3711662,9.963720412,0.5524488031840185,0.903,0.0,0.4448030234522667,0.9626233632745627,4.049315902023615,7,0.9817477042468103,-16.14,2,"[441.20001220703125, 666.4000244140625]"
1779197207.421232,10.013786055,0.4862057845735678,0.903,0.0,0.445530609672,0.9599232274185115,4.351266295142246,7,0.8574952604280734,-32.28,2,"[441.20001220703125, 666.4000244140625]"
1779197207.471227,10.063781047,0.4575591353412561,0.903,0.0,0.44625706019893335,0.9572273062173942,4.6518986757447465,7,0.7301748550335652,-53.8,2,"[551.7999877929688, 584.4000244140625]"
1779197207.5211308,10.113684796000001,0.4687312737219239,0.903,0.0,0.44698299646386663,0.9545332934873665,4.951472737149224,7,0.6258641614573416,-53.8,2,"[551.7999877929688, 584.4000244140625]"
1779197207.5712402,10.163794272,0.5186622743667151,0.903,0.0,0.4477107413585334,0.9518325687748125,5.250943453993365,7,0.5445631796994026,-139.88,2,"[651.0, 467.20001220703125]"
1779197207.6210973,10.213651303,0.6024177706961472,0.903,0.0,0.44843609448800004,0.9491407201113101,5.548585806771499,7,0.4970097752749477,-177.54,2,"[651.0, 467.20001220703125]"
1779197207.6710544,10.263608517,0.7127026090278078,0.903,0.0,0.44916219790080003,0.9464460870809858,5.845690144034812,7,0.48627190975974827,-96.84,2,"[675.0, 406.79998779296875]"
1779197207.7211564,10.313710514,0.8399269251880436,0.903,0.0,0.44988971854613335,0.9437461945772465,6.142525186273986,7,0.5031456984264903,5.38,2,"[675.0, 406.79998779296875]"
1779197207.7711816,10.363735809000001,0.9726443046748166,0.903,0.0,0.4506168682862667,0.9410476785350216,0.1551752612436772,8,0.5629709491540303,5.38,2,"[658.7999877929688, 409.20001220703125]"
1779197207.8212454,10.413799675,1.0993265903900526,0.903,0.0,0.45134366331133335,0.9383504788713152,0.45001883030518286,8,0.6519418348513975,2.69,2,"[658.7999877929688, 409.20001220703125]"
1779197207.8713276,10.463881579,1.2091478488531389,0.903,0.0,0.4520703421278667,0.9356537104676015,0.7439680273644882,8,0.7623884515791637,5.38,2,"[620.0, 449.79998779296875]"
1779197207.9212701,10.513824051,1.2928501376129704,0.903,0.0,0.4527973348498667,0.9329557771333502,1.0371962414111024,8,0.8866408953979006,5.38,2,"[620.0, 449.79998779296875]"
1779197207.971112,10.563665999000001,1.3433093590336325,0.903,0.0,0.45352243448893337,0.930264869194809,1.3288173410080546,8,1.0108933392166375,51.11,2,"[534.2000122070312, 583.7999877929688]"
1779197208.0212486,10.613802618000001,1.3566828078149649,0.903,0.0,0.45425054332733333,0.9275627938553501,1.6207981158501852,8,1.1198059751565181,94.14999999999999,2,"[534.2000122070312, 583.7999877929688]"
1779197208.0709767,10.663530688,1.3319983092747885,0.903,0.0,0.4549746745377333,0.9248754798399701,1.9103425130916136,8,1.214912784005428,156.02,2,"[465.20001220703125, 697.0]"
1779197208.1211445,10.713698412000001,1.2712645353484668,0.903,0.0,0.45570279619453335,0.922173356930312,2.200631896584369,8,1.2808739578845103,150.64,2,"[465.20001220703125, 697.0]"
1779197208.1711478,10.763701822,1.1799727242786369,0.903,0.0,0.4564295615570667,0.9194762673468514,2.489533118484374,8,1.3100195928543377,199.06,2,"[424.79998779296875, 715.5999755859375]"
1779197208.2212753,10.813829256,1.0654512808131924,0.903,0.0,0.4571581411446667,0.916772445016095,2.778303857849963,8,1.3084856120664519,53.8,2,"[424.79998779296875, 715.5999755859375]"
1779197208.2713706,10.863924585000001,0.9376707472619773,0.903,0.0,0.457885649582,0.9140725978173074,3.065800884877966,8,1.2762720155208536,-5.38,2,"[407.20001220703125, 724.7999877929688]"
1779197208.3211293,10.913683307000001,0.8076750158921093,0.903,0.0,0.45860940871,0.9113866646321334,3.350975824052014,8,1.213378803217542,-5.38,2,"[407.20001220703125, 724.7999877929688]"
1779197208.371067,10.963620927000001,0.6848869794984718,0.903,0.0,0.45933589804093333,0.9086905994259911,3.636379728235987,8,1.1182719943686323,-2.69,2,"[441.0, 693.7999877929688]"
1779197208.421086,11.013639998,0.5796970768039507,0.903,0.0,0.4600621156276,0.9059955426864994,3.920830722924329,8,1.0078253776408663,-2.69,2,"[441.0, 693.7999877929688]"
1779197208.47093,11.063484079,0.5004653241533656,0.903,0.0,0.4607874786688,0.9033036572396911,4.204102838457693,8,0.8927768185494431,-37.66,2,"[488.79998779296875, 637.5999755859375]"
1779197208.5211425,11.113696366000001,0.4530665178816498,0.903,0.0,0.46151630732866666,0.9005989105800514,4.48787611402264,8,0.7685243747307062,-53.8,2,"[488.79998779296875, 637.5999755859375]"
1779197208.571158,11.163711803,0.44152393011412505,0.903,0.0,0.4622430891284,0.8979017599967094,4.770004964721622,8,0.6565437772150544,-150.64,2,"[568.0, 545.0]"
1779197208.621323,11.213877124000001,0.46647500090059163,0.903,0.0,0.46297178491,0.895197506459895,5.052024863924721,8,0.5645049299419159,-177.54,2,"[568.0, 545.0]"
1779197208.6712847,11.263838634,0.525572628742017,0.903,0.0,0.4636980677949334,0.8925022073928462,5.3322646176978665,8,0.500077736850719,-150.64,2,"[657.2000122070312, 442.20001220703125]"
1779197208.7211027,11.313656726000001,0.6137829586625814,0.903,0.0,0.46442247429573336,0.8898138717508058,5.610938420922764,8,0.48473792897186263,-150.64,2,"[657.2000122070312, 442.20001220703125]"
1779197208.771203,11.363756815,0.7248612009629414,0.903,0.0,0.46515055671253336,0.8871118944642067,5.890175816745504,8,0.48627190975974827,-161.4,2,"[666.4000244140625, 383.0]"
1779197208.8210125,11.41356665,0.8490904097294725,0.903,0.0,0.46587508699373337,0.8844230994623168,6.167208655345185,8,0.5123495831538042,-48.42,2,"[666.4000244140625, 383.0]"
1779197208.8710284,11.463582299,0.9778250212284416,0.903,0.0,0.4666018355848,0.8817260721192304,0.1610569924827061,9,0.5721748338813442,2.69,2,"[653.4000244140625, 408.0]"
1779197208.9211535,11.513707687,1.1010582643924416,0.903,0.0,0.4673296471584,0.879025099955345,0.4376459691233734,9,0.6596117387908257,2.69,2,"[653.4000244140625, 408.0]"
1779197208.9711637,11.563717676000001,1.209149851222371,0.903,0.0,0.4680563749232,0.8763281499003487,0.7129757246890449,9,0.7685243747307062,2.69,2,"[614.7999877929688, 476.79998779296875]"
1779197209.0214145,11.613968504,1.2945179051885372,0.903,0.0,0.4687857370290667,0.8736214235761237,0.9884500354331109,9,0.8912428377615575,32.28,2,"[614.7999877929688, 476.79998779296875]"
1779197209.071439,11.663992851000001,1.3503090405908704,0.903,0.0,0.46951233229346667,0.8709249652416566,1.262032297861417,9,1.009359358428752,83.39,2,"[559.0, 596.2000122070312]"
1779197209.1211035,11.713657582000002,1.3729113017564059,0.903,0.0,0.4702359080398667,0.8682397126015783,1.5336376234938314,9,1.1228739367322893,83.39,2,"[559.0, 596.2000122070312]"
1779197209.1712139,11.763767887,1.360999470828275,0.903,0.0,0.47096369497946666,0.8655388318566133,1.8059738706789403,9,1.217980745581199,131.81,2,"[462.20001220703125, 689.5999755859375]"
1779197209.2211263,11.813680194000002,1.3155882903366782,0.903,0.0,0.47168962601240005,0.8628448385429934,2.0767701555613556,9,1.2870098810360528,172.16,2,"[462.20001220703125, 689.5999755859375]"
1779197209.2709281,11.863482207,1.2404035953036083,0.903,0.0,0.4724138690422667,0.8601571095558298,2.346095200733366,9,1.3268933815210797,215.2,2,"[428.20001220703125, 727.0]"
1779197209.3211894,11.913743479,1.1401777186780588,0.903,0.0,0.4731433497256,0.8574499431802943,2.6165142029217705,9,1.3360972662483934,126.42999999999999,2,"[428.20001220703125, 727.0]"
1779197209.3713799,11.963933797000001,1.0228090678538397,0.903,0.0,0.473872584316,0.8547436900770767,2.8859887793487005,9,1.3222914391574228,-5.38,2,"[414.79998779296875, 751.4000244140625]"
1779197209.4213617,12.01391575,0.897334064275183,0.903,0.0,0.4745988808186667,0.8520483404734331,3.1535313044203477,9,1.2670681307935396,-2.69,2,"[414.79998779296875, 751.4000244140625]"
1779197209.4713562,12.063910394,0.7721989897515918,0.903,0.0,0.4753255710002667,0.8493515298929667,3.420371591755327,9,1.1857671490356005,-2.69,2,"[395.6000061035156, 725.7999877929688]"
1779197209.5211546,12.113708690000001,0.6566585875497641,0.903,0.0,0.47604984783466664,0.8466636754542345,3.685484061852371,9,1.0845244170351482,-2.69,2,"[395.6000061035156, 725.7999877929688]"
1779197209.5712223,12.163776498,0.557903768518901,0.903,0.0,0.4767772760044,0.8439641261355043,3.950901061629132,9,0.966407896367954,-2.69,2,"[442.3999938964844, 664.7999877929688]"
1779197209.6210308,12.21358479,0.48349100577907306,0.903,0.0,0.477501782262,0.8412754202872872,4.214409771606007,9,0.8544272988523022,-16.14,2,"[442.3999938964844, 664.7999877929688]"
1779197209.6709268,12.263480836000001,0.4379161058486505,0.903,0.0,0.4782271811133334,0.8385834019459539,4.4773988780773095,9,0.7378447589729934,-72.63,2,"[566.4000244140625, 576.2000122070312]"
1779197209.7211468,12.313700796000001,0.4242381578904059,0.903,0.0,0.4789563067764,0.8358775530815611,4.740886174253923,9,0.6335340653967698,-150.64,2,"[566.4000244140625, 576.2000122070312]"
1779197209.7711978,12.363751846000001,0.4434067867710197,0.903,0.0,0.4796835098684,0.8331788390459103,5.002830250720173,9,0.5460971604872883,-185.60999999999999,2,"[662.5999755859375, 475.0]"
1779197209.821266,12.413819997000001,0.4938671658277139,0.903,0.0,0.48041119110706665,0.8304783505663186,5.264096991257162,9,0.48473792897186263,-190.99,2,"[662.5999755859375, 475.0]"
1779197209.871363,12.463916874,0.5719336554077892,0.903,0.0,0.4811383622112,0.8277797552404281,5.524332195800142,9,0.4632621979414636,-228.65,2,"[683.4000244140625, 411.20001220703125]"
1779197209.9211743,12.513728416000001,0.6717852498171447,0.903,0.0,0.4818627187173333,0.8250916051329518,5.782718308078898,9,0.4632621979414636,-228.65,2,"[683.4000244140625, 411.20001220703125]"
1779197209.971093,12.563646743000001,0.7873425789325265,0.903,0.0,0.4825896348922667,0.8223939558715345,6.041169700501314,9,0.4878058905476339,-32.28,2,"[654.5999755859375, 379.79998779296875]"
1779197210.0210617,12.613615799000002,0.910428292958134,0.903,0.0,0.4833159339818667,0.8196985966675558,0.015370040419213638,10,0.5414952181236313,-72.63,2,"[654.5999755859375, 379.79998779296875]"
1779197210.0709345,12.663488672000002,1.032722375434937,0.903,0.0,0.4840405460857333,0.8170094980146209,0.2713154373616504,10,0.6166602767300278,2.69,2,"[648.2000122070312, 406.3999938964844]"
1779197210.1212103,12.713764222,1.147321356635769,0.903,0.0,0.4847702838346667,0.8143013776462458,0.5282169231403131,10,0.7163690279425944,2.69,2,"[648.2000122070312, 406.3999938964844]"
1779197210.171379,12.763933038000001,1.2457768286574658,0.903,0.0,0.4854989137366667,0.8115973685943669,0.7838766109249491,10,0.8283496254582462,2.69,2,"[602.4000244140625, 485.6000061035156]"
1779197210.2211711,12.81372503,1.3216078916359604,0.903,0.0,0.48622302835000003,0.8089101161721474,1.0371107261163104,10,0.9464661461254406,80.7,2,"[602.4000244140625, 485.6000061035156]"
1779197210.27133,12.863884286000001,1.371021477113784,0.903,0.0,0.48695159198000004,0.806206353061435,1.2910491018409544,10,1.0615147052168636,104.91,2,"[527.0, 627.0]"
1779197210.3210602,12.913614255,1.3904800020610615,0.903,0.0,0.4876753951730667,0.8035202563469592,1.5424877065795783,10,1.1642914180052018,104.91,2,"[527.0, 627.0]"
1779197210.3709867,12.963540566,1.3793047265889127,0.903,0.0,0.4884013380216,0.8008262191846183,1.7938240825230736,10,1.2517283229146832,156.02,2,"[443.79998779296875, 694.5999755859375]"
1779197210.4210901,13.013644126,1.338135457218773,0.903,0.0,0.4891295580254667,0.7981237313004267,2.0450980301029205,10,1.3146215352179944,161.4,2,"[443.79998779296875, 694.5999755859375]"
1779197210.4709337,13.063487619,1.2701779718128414,0.903,0.0,0.48985388228213333,0.795435700873531,2.294185993847151,10,1.3453011509757073,231.34,2,"[414.20001220703125, 734.7999877929688]"
1779197210.5211573,13.113711325,1.1789931178128847,0.903,0.0,0.4905830520829334,0.792729688210164,2.54408724506159,10,1.3529710549151355,121.05,2,"[414.20001220703125, 734.7999877929688]"
1779197210.5712206,13.163774714,1.0710278605769696,0.903,0.0,0.4913104988408,0.7900300699092514,2.7925489540181445,10,1.3391652278241648,-8.07,2,"[404.79998779296875, 750.7999877929688]"
1779197210.6212616,13.213815671,0.9528555760021816,0.903,0.0,0.49203774551826673,0.7873311941241363,3.0400937712977765,10,1.2900778426118242,-2.69,2,"[404.79998779296875, 750.7999877929688]"
1779197210.6713722,13.263926205,0.8316532562177229,0.903,0.0,0.49276529341360004,0.7846312004932727,3.2868918623556596,10,1.217980745581199,-2.69,2,"[407.3999938964844, 727.4000244140625]"
1779197210.7211425,13.313696640000002,0.7153829138139784,0.903,0.0,0.4934891252518667,0.7819449974739638,3.531588792728968,10,1.1244079175201749,-2.69,2,"[407.3999938964844, 727.4000244140625]"
1779197210.7711055,13.363659555000002,0.6098679322160405,0.903,0.0,0.49421618154266667,0.7792468282303571,3.776527664764046,10,1.0139613007924089,-2.69,2,"[437.20001220703125, 675.5999755859375]"
1779197210.821113,13.413667185000001,0.5218617426676437,0.903,0.0,0.49494299035986666,0.7765495773828422,4.020535633012543,10,0.9050486648525283,-2.69,2,"[437.20001220703125, 675.5999755859375]"
1779197210.8709297,13.463483901,0.45658425526759205,0.903,0.0,0.4956671823486667,0.7738620378135244,4.262823626141724,10,0.7900001057611052,-56.49,2,"[531.0, 606.0]"
1779197210.9211838,13.513737910000001,0.417137365445051,0.903,0.0,0.49639660789253337,0.771155076065354,4.506008928405095,10,0.684155431396996,-147.95,2,"[531.0, 606.0]"
1779197210.971109,13.563662870000002,0.40617765318648635,0.903,0.0,0.49712238987160007,0.7684616359036205,4.7471343530038155,10,0.5890486225480862,-153.32999999999998,2,"[626.0, 485.79998779296875]"
1779197211.0212626,13.613816816000002,0.42396173339125853,0.903,0.0,0.49785045766786673,0.7657597128750944,4.988168720274473,10,0.5123495831538042,-207.13,2,"[626.0, 485.79998779296875]"
1779197211.0712733,13.663827370000002,0.469258777234223,0.903,0.0,0.4985776651634667,0.7630609824973004,5.228069813960019,10,0.46019423636569234,-188.29999999999998,2,"[677.4000244140625, 413.0]"
1779197211.1213732,13.713927297000001,0.5392604889942716,0.903,0.0,0.4993047038253334,0.7603628786762011,5.46706714224338,10,0.44638840927472156,-188.29999999999998,2,"[677.4000244140625, 413.0]"
1779197211.1713297,13.763883662000001,0.6297137046677461,0.903,0.0,0.5000309564082667,0.7576676920625147,5.704959829706951,10,0.44638840927472156,-212.51,2,"[678.7999877929688, 389.6000061035156]"
1779197211.2213418,13.813895701000002,0.7356029304552624,0.903,0.0,0.5007582242608,0.7549687376948822,5.942336477818557,10,0.461728217153578,-64.56,2,"[678.7999877929688, 389.6000061035156]"
1779197211.2709801,13.863534225,0.8500590206378734,0.903,0.0,0.50148103147,0.7522863371633157,6.177418968653612,10,0.5108156023659185,-61.87,2,"[664.7999877929688, 388.3999938964844]"
1779197211.3211942,13.913748042000002,0.9683424390705605,0.903,0.0,0.5022100379306667,0.7495809306694153,0.1304797031297582,11,0.5829126993965437,2.69,2,"[664.7999877929688, 388.3999938964844]"
1779197211.3712919,13.963845807,1.0828108266494385,0.903,0.0,0.5029382321814667,0.746878538357098,0.3656117690721672,11,0.6749515466696822,2.69,2,"[646.0, 421.6000061035156]"
1779197211.4212089,14.013762836000001,1.1869333353652243,0.903,0.0,0.5036633364857334,0.7441876131055932,0.5989025376602157,11,0.7792622402459057,2.69,2,"[646.0, 421.6000061035156]"
1779197211.4713647,14.063918633,1.2760331075290092,0.903,0.0,0.5043918273182667,0.7414841201526223,0.8324314083720523,11,0.8897088569736719,21.52,2,"[578.0, 540.5999755859375]"
1779197211.5210826,14.113636750000001,1.3445188869804001,0.903,0.0,0.5051154810505334,0.7387985781001978,1.0635694828768791,11,1.000155473701438,21.52,2,"[578.0, 540.5999755859375]"
1779197211.571108,14.163662236,1.389709255751801,0.903,0.0,0.5058423267242667,0.7361011904748764,1.2948794589726234,11,1.1060001480655473,86.08,2,"[493.6000061035156, 652.4000244140625]"
1779197211.621336,14.213890029000002,1.4090610526267087,0.903,0.0,0.5065710090334667,0.7333969869353123,1.525922015326337,11,1.1980389953386859,139.88,2,"[493.6000061035156, 652.4000244140625]"
1779197211.6709778,14.263531844000001,1.4017653637379923,0.903,0.0,0.5072943334549334,0.7307126669839595,1.75442632640803,11,1.2747380347329678,166.78,2,"[441.3999938964844, 698.5999755859375]"
1779197211.720937,14.313491142,1.3684502023006662,0.903,0.0,0.5080208523902667,0.7280164919133094,1.9830929552981686,11,1.3314953238847365,220.57999999999998,2,"[441.3999938964844, 698.5999755859375]"
1779197211.7712123,14.363766429000002,1.3107509263173711,0.903,0.0,0.5087503208946667,0.7253093707348567,2.2118341935352888,11,1.3652429012182206,236.72,2,"[412.20001220703125, 732.2000122070312]"
1779197211.8211827,14.413736893000001,1.2323323198526306,0.903,0.0,0.5094765670684,0.7226142079062698,2.438718777180206,11,1.372912805157649,188.29999999999998,2,"[412.20001220703125, 732.2000122070312]"
1779197211.8711784,14.463732313000001,1.1371041419636856,0.903,0.0,0.5102032674524,0.7199173594638081,2.664897980176626,11,1.3667768820061064,-5.38,2,"[396.0, 750.2000122070312]"
1779197211.9210696,14.513623594,1.0302723218972896,0.903,0.0,0.5109287116186667,0.7172251729548089,2.889841843825245,11,1.325359400733194,-5.38,2,"[396.0, 750.2000122070312]"
1779197211.9709454,14.563499443000001,0.9171031803895342,0.903,0.0,0.5116544285029334,0.7145319743655499,3.114025283758288,11,1.260932207641997,-5.38,2,"[391.79998779296875, 732.2000122070312]"
1779197212.0210998,14.613653871,0.8028543295417148,0.903,0.0,0.5123832308138667,0.7118273254890976,3.3383096646440933,11,1.1826991874598294,-2.69,2,"[391.79998779296875, 732.2000122070312]"
1779197212.0709248,14.663478690000002,0.694401493207768,0.903,0.0,0.5131071688908,0.7091407282088401,3.5602562575673673,11,1.0891263593988052,-2.69,2,"[428.3999938964844, 686.4000244140625]"
1779197212.121153,14.713707211000001,0.5955933595318108,0.903,0.0,0.513836221364,0.7064351509584195,3.7829180609665585,11,0.983281685034696,-13.45,2,"[428.3999938964844, 686.4000244140625]"
1779197212.1713355,14.76388966,0.512001910840313,0.903,0.0,0.5145651587186667,0.7037300009229064,4.0046922021637315,11,0.8743690490948155,-29.59,2,"[504.0, 626.7999877929688]"
1779197212.2211773,14.813731569000002,0.44787170913518914,0.903,0.0,0.5152898609292,0.7010405678762802,4.224335203896395,11,0.760854470791278,-53.8,2,"[504.0, 626.7999877929688]"
1779197212.2712843,14.863838377,0.40543328380665994,0.903,0.0,0.5160179844608,0.698338438009076,4.444164539767506,11,0.662679700366597,-164.09,2,"[594.0, 537.7999877929688]"
1779197212.3212767,14.913830893,0.3868963948808638,0.903,0.0,0.5167442563876,0.6956431796086149,4.662588573232533,11,0.5737088146692298,-164.09,2,"[594.0, 537.7999877929688]"
1779197212.3711238,14.963677908000001,0.3927650240835895,0.903,0.0,0.5174692939402668,0.6929525020781137,4.879797966303194,11,0.5016117176386047,-193.68,2,"[661.2000122070312, 433.0]"
1779197212.4212253,15.013779435000002,0.4230352762423707,0.903,0.0,0.5178026896242667,0.6902507696539913,5.097049433087456,11,0.45099035163837853,-212.51,2,"[661.2000122070312, 433.0]"
1779197212.4709496,15.063503812,0.47613523436458904,0.903,0.0,0.5170794236994667,0.6875666667888655,5.312043983837434,11,0.41877675509278006,-252.85999999999999,2,"[692.4000244140625, 389.0]"
1779197212.5211809,15.113734777000001,0.5490938369808103,0.903,0.0,0.5163499412285333,0.6848594937793907,5.528032656123422,11,0.41264083194123746,-185.60999999999999,2,"[692.4000244140625, 389.0]"
1779197212.5712864,15.163840311000001,0.6377140586030099,0.903,0.0,0.5156218317797334,0.6821574161746842,5.742764229269319,11,0.4172427743048944,-53.8,2,"[690.0, 379.0]"
1779197212.621071,15.213625195,0.7372623956668436,0.903,0.0,0.5148977524969334,0.6794702948671523,5.955466061268005,11,0.45559229400203544,-61.87,2,"[690.0, 379.0]"
1779197212.6712108,15.263764966,0.8441045829046646,0.903,0.0,0.5141700290970667,0.6767696499236738,6.16838870404532,11,0.5154175447295755,-56.49,2,"[664.2000122070312, 385.79998779296875]"
1779197212.721151,15.313705016,0.9525654705193494,0.903,0.0,0.5134443403493334,0.6740765557515416,0.09668580432611407,12,0.5905826033359719,-56.49,2,"[664.2000122070312, 385.79998779296875]"
1779197212.7712786,15.363832605,1.0584816087168192,0.903,0.0,0.5127159564676,0.6713734597023081,0.30810242642603214,12,0.6826214506091103,5.38,2,"[637.4000244140625, 427.6000061035156]"
1779197212.8212025,15.413756455000001,1.1563793704470244,0.903,0.0,0.5119909039310667,0.6686827265653722,0.5177086698881936,12,0.7746602978822488,2.69,2,"[637.4000244140625, 427.6000061035156]"
1779197212.8709195,15.463473543000001,1.2425620703274847,0.903,0.0,0.5112662110073334,0.66599332798287,0.7263683478856393,12,0.8759030298827011,32.28,2,"[579.5999755859375, 540.2000122070312]"
1779197212.9211538,15.513707791000002,1.3139250268937135,0.903,0.0,0.5105369622324,0.6632870222396132,0.935486552724754,12,0.9771457618831534,69.94,2,"[579.5999755859375, 540.2000122070312]"
1779197212.9712374,15.563791527000001,1.3668920745987383,0.903,0.0,0.5098099385834667,0.6605889741328178,1.1431186508024922,12,1.0783884938836057,134.5,2,"[506.20001220703125, 644.5999755859375]"
1779197213.0213287,15.613882790000002,1.3997531476639176,0.903,0.0,0.5090816105388,0.6578860852998039,1.3502721948416223,12,1.1704273411567443,150.64,2,"[506.20001220703125, 644.5999755859375]"
1779197213.0713146,15.663868659,1.4112998886059018,0.903,0.0,0.5083551269921334,0.655190041559579,1.556054346794923,12,1.2471263805510262,169.47,2,"[444.20001220703125, 700.4000244140625]"
1779197213.1210334,15.713587359000002,1.4015583336813848,0.903,0.0,0.5076316347106666,0.6525050986651406,1.7601493845365184,12,1.3100195928543377,169.47,2,"[444.20001220703125, 700.4000244140625]"
1779197213.1712034,15.763757547,1.3710494427018547,0.903,0.0,0.5069028921462666,0.6498006715132791,1.9648734636081144,12,1.3529710549151355,215.2,2,"[414.79998779296875, 737.0]"
1779197213.2210722,15.813626309000002,1.3215986170410368,0.903,0.0,0.5061772657756001,0.6471078088278762,2.1678773404389062,12,1.3744467859455345,244.79,2,"[414.79998779296875, 737.0]"
1779197213.2709951,15.863549152000001,1.2554648914559963,0.903,0.0,0.5054520140452,0.6444163364651453,2.369932501986753,12,1.3775147475213059,134.5,2,"[407.6000061035156, 746.7999877929688]"
1779197213.321136,15.913689972,1.1752269790933922,0.903,0.0,0.5047239599684,0.6417144643507553,2.571917958565379,12,1.3698448435818775,53.8,2,"[407.6000061035156, 746.7999877929688]"
1779197213.3713238,15.963877694,1.0844672542837583,0.903,0.0,0.5039951421504,0.6390097579262275,2.7732630773728317,12,1.3330293046726223,43.04,2,"[398.6000061035156, 742.4000244140625]"
1779197213.4210753,16.013629392000002,0.9877322692778587,0.903,0.0,0.5032711871857333,0.6363230979741201,2.9724238821689966,12,1.2778059963087391,40.35,2,"[398.6000061035156, 742.4000244140625]"
1779197213.4713552,16.063909255000002,0.8875557060396759,0.903,0.0,0.5025414174925333,0.6336148590577881,3.1723298736322363,12,1.2087768608538851,-2.69,2,"[399.79998779296875, 715.7999877929688]"
1779197213.5211258,16.113679668,0.7895123959144412,0.903,0.0,0.5018177678586666,0.630929332214883,3.369719215468848,12,1.1259418983080607,-2.69,2,"[399.79998779296875, 715.7999877929688]"
1779197213.5710742,16.163628287,0.696223629873906,0.903,0.0,0.5010915753129334,0.6282343684044769,3.5669560899295902,12,1.033903051034922,-2.69,2,"[433.79998779296875, 677.7999877929688]"
1779197213.6211102,16.213664258,0.6114352619754907,0.903,0.0,0.5003642726094666,0.6255352847019942,3.763645803444959,12,0.9433981845496693,-2.69,2,"[433.79998779296875, 677.7999877929688]"
1779197213.670919,16.263473008000002,0.538644630122376,0.903,0.0,0.4996395388325333,0.6228457345097074,3.9587980840335604,12,0.8528933180644165,-67.25,2,"[522.7999877929688, 615.2000122070312]"
1779197213.7211583,16.313712335,0.47978027876480667,0.903,0.0,0.4989101990208,0.6201390909209538,4.1543372068828575,12,0.7562525284276211,-83.39,2,"[522.7999877929688, 615.2000122070312]"
1779197213.7711837,16.363737736,0.4374565316067513,0.903,0.0,0.49818322125360004,0.6174412130852683,4.348395129312806,12,0.6718835850939109,-153.32999999999998,2,"[599.7999877929688, 530.5999755859375]"
1779197213.8212383,16.413792469,0.41278517729300895,0.903,0.0,0.4974564469821333,0.6147440904399798,4.541551279477076,12,0.5936505649117432,-193.68,2,"[599.7999877929688, 530.5999755859375]"
1779197213.8712237,16.463777629000003,0.4063844786842805,0.903,0.0,0.4967297623522666,0.6120473004624795,4.733836362925075,12,0.5276893910326605,-196.37,2,"[651.5999755859375, 446.79998779296875]"
1779197213.9210439,16.513597793000002,0.41814412843697124,0.903,0.0,0.4960048315905333,0.6093570192424367,4.924814204650815,12,0.47860200582032003,-196.37,2,"[651.5999755859375, 446.79998779296875]"
1779197213.971003,16.5635571,0.44739141588295334,0.903,0.0,0.4952783664866667,0.6066610439450496,5.11534952718695,12,0.44638840927472156,-215.2,2,"[692.4000244140625, 395.3999938964844]"
1779197214.0212235,16.613777579,0.49298044755146486,0.903,0.0,0.49454924022773333,0.6039551928693437,5.305729864886558,12,0.4295146206079795,-236.72,2,"[692.4000244140625, 395.3999938964844]"
1779197214.0709512,16.663505252,0.5524240801313869,0.903,0.0,0.49382573322400003,0.6012701953392909,5.493803123780268,12,0.4295146206079795,-102.22,2,"[688.2000122070312, 383.6000061035156]"
1779197214.1209564,16.713510463000002,0.6240123474420731,0.903,0.0,0.49309925652253334,0.5985741770021996,5.681801588080347,12,0.4387185053352934,-75.32,2,"[688.2000122070312, 383.6000061035156]"
1779197214.171256,16.763810082000003,0.705168460310669,0.903,0.0,0.4923698308188,0.5958672146607503,5.869709552330846,12,0.47553404424454876,-64.56,2,"[675.2000122070312, 384.20001220703125]"
1779197214.2212248,16.813778813000003,0.792310345724153,0.903,0.0,0.49164302063546667,0.5931699587433956,6.056096194895787,12,0.526155410244775,-69.94,2,"[675.2000122070312, 384.20001220703125]"
1779197214.2712228,16.863776934,0.8825896588812892,0.903,0.0,0.490916359942,0.5904732575959614,6.241597314884515,12,0.5890486225480862,-34.97,2,"[653.2000122070312, 394.3999938964844]"
1779197214.3210468,16.91360095,0.9726620702193198,0.903,0.0,0.4901915623201334,0.5877834704695641,0.14259467679813298,13,0.6611457195787114,-34.97,2,"[653.2000122070312, 394.3999938964844]"
1779197214.3711052,16.963659213,1.0599903204399972,0.903,0.0,0.48946448082853333,0.5850852077035928,0.3265095455644982,13,0.7424467013366504,2.69,2,"[609.5999755859375, 465.3999938964844]"
1779197214.4210184,17.013572612,1.1413257612296128,0.903,0.0,0.4887381879882667,0.5823898716914346,0.5093785962322315,13,0.8237476830945893,2.69,2,"[609.5999755859375, 465.3999938964844]"
1779197214.4709404,17.063494162,1.2140894888772569,0.903,0.0,0.4880127040152,0.5796975374559324,0.6911995418115637,13,0.9081166264282996,61.87,2,"[557.0, 570.2000122070312]"
1779197214.5211778,17.113731658000003,1.2764117615460389,0.903,0.0,0.48728356870199996,0.576991652779054,0.8730826203746389,13,0.9924855697620099,61.87,2,"[557.0, 570.2000122070312]"
1779197214.571183,17.163736924000002,1.3259038758298811,0.903,0.0,0.48655677029066663,0.5742944405486169,1.0535352500485473,13,1.0753205323078345,121.05,2,"[497.3999938964844, 645.0]"
1779197214.6212606,17.213814542,1.3614079721408232,0.903,0.0,0.48582968768,0.5715961736296917,1.2332102711847952,13,1.1520195717021164,145.26,2,"[497.3999938964844, 645.0]"
1779197214.6713417,17.263895599,1.3820202622003532,0.903,0.0,0.4851015804402667,0.5688941042230242,1.4122879333601546,13,1.2195147263690846,180.23,2,"[448.3999938964844, 697.4000244140625]"
1779197214.7213368,17.313890988,1.3872868759686903,0.903,0.0,0.48437577124026665,0.5662005630420354,1.5899551912508159,13,1.2747380347329678,180.23,2,"[448.3999938964844, 697.4000244140625]"
1779197214.7710395,17.363593499,1.377428666960261,0.903,0.0,0.48365152353066665,0.5635128166879736,1.7663986499874298,13,1.3176894967937658,174.85,2,"[421.3999938964844, 726.2000122070312]"
1779197214.8210518,17.413605769,1.3529003684135843,0.903,0.0,0.48292414656186666,0.560813457380368,1.9427556108248254,13,1.3437671701878218,231.34,2,"[421.3999938964844, 726.2000122070312]"
1779197214.8709402,17.463494391,1.314869096997359,0.903,0.0,0.48219918432093334,0.5581230593382711,2.117683875244545,13,1.354505035703021,234.03,2,"[408.0, 731.7999877929688]"
1779197214.9210777,17.513631684,1.2644299016327591,0.903,0.0,0.4814711433677333,0.5554212359267042,2.292504603041614,13,1.3529710549151355,126.42999999999999,2,"[408.0, 731.7999877929688]"
1779197214.9712024,17.563756351000002,1.2034611726520061,0.903,0.0,0.4807431237058667,0.5527194915291306,2.4664698598684325,13,1.346835131763593,40.35,2,"[396.79998779296875, 737.2000122070312]"
1779197215.0213315,17.613885590000002,1.133969191079497,0.903,0.0,0.4800150273225333,0.5500174624115093,2.63960291218293,13,1.3192234775816514,59.18,2,"[396.79998779296875, 737.2000122070312]"
1779197215.0712595,17.663813412,1.0584150542287991,0.903,0.0,0.47928915551293333,0.5473236888808397,2.8113616378988198,13,1.2762720155208536,53.8,2,"[398.20001220703125, 725.7999877929688]"
1779197215.1210506,17.713604477,0.9790835430725866,0.903,0.0,0.4785647458729333,0.5446353415889544,2.981932433147229,13,1.2256506495206272,53.8,2,"[398.20001220703125, 725.7999877929688]"
1779197215.17099,17.763543885,0.8979884343662748,0.903,0.0,0.47783853661386666,0.541940315753912,3.152080835540879,13,1.162757437217316,-2.69,2,"[410.79998779296875, 700.2000122070312]"
1779197215.2211063,17.813660367,0.817482948953988,0.903,0.0,0.4771105040754667,0.5392385235704011,3.3218060377160086,13,1.0937283017624622,-2.69,2,"[410.79998779296875, 700.2000122070312]"
1779197215.2709484,17.863502432,0.7404147507775627,0.903,0.0,0.47638593939386664,0.5365496009056296,3.489880476899195,13,1.0185632431560658,-10.76,2,"[446.79998779296875, 667.7999877929688]"
1779197215.3210454,17.913599311000002,0.6682222371793302,0.903,0.0,0.4756583833453333,0.5338495770175304,3.6577995360902165,13,0.9418642037617837,-16.14,2,"[446.79998779296875, 667.7999877929688]"
1779197215.3711672,17.963721213,0.6031201722739803,0.903,0.0,0.47493036997640004,0.5311478559735807,3.8249738005872658,13,0.8666991451553873,-56.49,2,"[512.2000122070312, 622.4000244140625]"
1779197215.4213428,18.013896856000002,0.5467726375842674,0.903,0.0,0.474201493778,0.5284429328943016,3.991493836759723,13,0.7853981633974483,-61.87,2,"[512.2000122070312, 622.4000244140625]"
1779197215.4713326,18.063886459000003,0.5007875822527064,0.903,0.0,0.47347505236346665,0.5257470455100948,4.1566109434704615,13,0.7148350471547088,-123.74,2,"[584.0, 546.5999755859375]"
1779197215.5211222,18.113676114,0.466094651373055,0.903,0.0,0.472750442178,0.5230579539765091,4.320469407233169,13,0.6473398924877406,-123.74,2,"[584.0, 546.5999755859375]"
1779197215.571222,18.163776088000002,0.4432146529742288,0.903,0.0,0.4720226988384,0.520357235034943,4.484186668353651,13,0.5890486225480862,-158.71,2,"[648.2000122070312, 456.79998779296875]"
1779197215.6210701,18.213624108,0.43272681383063355,0.903,0.0,0.4712977142742667,0.517666754149506,4.646440016807766,13,0.5399612373357456,-182.92,2,"[648.2000122070312, 456.79998779296875]"
1779197215.6709685,18.26352241,0.4345732612558909,0.903,0.0,0.4705724099477333,0.5149750865979416,4.807920901918671,13,0.500077736850719,-228.65,2,"[668.0, 414.79998779296875]"
1779197215.7211564,18.313710465,0.44857842562708117,0.903,0.0,0.4698436760597333,0.5122706916449564,4.969313312775789,13,0.4724660826687775,-225.96,2,"[668.0, 414.79998779296875]"
1779197215.7712257,18.363779731,0.47413194393180497,0.903,0.0,0.46911590033986666,0.5095698525373993,5.129643729891093,13,0.45712627478992107,-242.1,2,"[668.0, 392.79998779296875]"
1779197215.8213558,18.413910009000002,0.5103877002270996,0.903,0.0,0.46838789861213337,0.506868174694957,5.289173620485521,13,0.45712627478992107,-212.51,2,"[668.0, 392.79998779296875]"
1779197215.8714113,18.463965241,0.5561494209958326,0.903,0.0,0.46766093972373335,0.5041703669201433,5.447627107443914,13,0.45712627478992107,-86.08,2,"[666.7999877929688, 386.6000061035156]"
1779197215.9212084,18.513762426,0.6099706160968819,0.903,0.0,0.46693611318053335,0.5014804724641582,5.604772896878977,13,0.4678641403051206,-86.08,2,"[666.7999877929688, 386.6000061035156]"
1779197215.9710054,18.563559554,0.6707684990848178,0.903,0.0,0.4662116678321333,0.5012080073447107,5.761750705713631,13,0.500077736850719,-67.25,2,"[666.2000122070312, 382.79998779296875]"
1779197216.0211363,18.613690355000003,0.737788536809626,0.903,0.0,0.46548365353306664,0.5039097318404664,5.920352205229442,13,0.5368932757599744,-64.56,2,"[666.2000122070312, 382.79998779296875]"
1779197216.0709355,18.663489474000002,0.8087757019852204,0.903,0.0,0.46475914461586665,0.5065984475586909,6.079032216810624,13,0.581378718608658,-34.97,2,"[634.4000244140625, 408.6000061035156]"
1779197216.1209922,18.713546086,0.8825592662677878,0.903,0.0,0.4640320768873333,0.5092966592487226,6.239120788475866,13,0.6366020269725411,5.38,2,"[634.4000244140625, 408.6000061035156]"
1779197216.1711745,18.763728602,0.9571978215952424,0.903,0.0,0.46330331236306665,0.5120011678955626,0.11724975932368409,14,0.6979612584879668,2.69,2,"[624.4000244140625, 456.3999938964844]"
1779197216.2211473,18.81370123,1.0303294953868254,0.903,0.0,0.46257702798120004,0.5146964725178612,0.27886135963086645,14,0.7639224323670493,2.69,2,"[624.4000244140625, 456.3999938964844]"
1779197216.2711735,18.863727481,1.1003380312828401,0.903,0.0,0.4618500323961333,0.5173944164772023,0.4414791834414018,14,0.8375535101855601,2.69,2,"[584.4000244140625, 531.4000244140625]"
1779197216.3210566,18.913610692000002,1.1651163048067148,0.903,0.0,0.4611245881281333,0.5200866033637428,0.6045943539767507,14,0.9050486648525283,2.69,2,"[584.4000244140625, 531.4000244140625]"
1779197216.371026,18.963580164,1.2231002557645911,0.903,0.0,0.4603980899754667,0.522782701308106,0.7687932967949678,14,0.9802137234589247,56.49,2,"[524.7999877929688, 613.0]"
1779197216.4212112,19.013765155,1.2726716659670736,0.903,0.0,0.45966936024399996,0.5254870808358337,0.9343486262304594,14,1.0446409165501216,80.7,2,"[524.7999877929688, 613.0]"
1779197216.470931,19.06348514,1.3119256999412916,0.903,0.0,0.45894581105,0.5281722349376423,1.099566970384842,14,1.1075341288534328,137.19,2,"[480.20001220703125, 652.4000244140625]"
1779197216.5211692,19.113723238000002,1.3402129914544745,0.903,0.0,0.45821697185346666,0.53087702069977,1.2668455305105795,14,1.1688933603688585,164.09,2,"[480.20001220703125, 652.4000244140625]"
1779197216.571194,19.163747979,1.3562508380807992,0.903,0.0,0.45748993367120006,0.5335751227410317,1.4345588003554326,14,1.2210487071569704,177.54,2,"[443.79998779296875, 695.4000244140625]"
1779197216.6211965,19.213750504,1.359525510927345,0.903,0.0,0.4567631692097333,0.5362722089805556,1.603056356910983,14,1.265534150005654,182.92,2,"[443.79998779296875, 695.4000244140625]"
1779197216.6712015,19.263755351,1.3498021233716966,0.903,0.0,0.45603649755813336,0.5389689507945774,1.7723796080934449,14,1.2992817273391382,201.75,2,"[413.79998779296875, 724.7999877929688]"
1779197216.7212932,19.313847186,1.327189515331468,0.903,0.0,0.4553093521489333,0.5416674507643315,1.9426615677939623,14,1.320757458369537,201.75,2,"[413.79998779296875, 724.7999877929688]"
1779197216.771177,19.363731112,1.2922312343918296,0.903,0.0,0.4545828092190667,0.5443637148807855,2.113649351790457,14,1.3268933815210797,228.65,2,"[399.79998779296875, 727.2000122070312]"
1779197216.8212078,19.413761736,1.2457930413895963,0.903,0.0,0.45385621504466667,0.5470601691701676,2.2854962274893893,14,1.3268933815210797,239.41,2,"[399.79998779296875, 727.2000122070312]"
1779197216.8709643,19.46351838,1.1893645586287973,0.903,0.0,0.45313249111639997,0.5497459717260644,2.457504613723742,14,1.3222914391574228,-5.38,2,"[397.20001220703125, 733.7999877929688]"
1779197216.9210978,19.513651793,1.123927091580407,0.903,0.0,0.45240437983640003,0.5524480561265135,2.631406319856268,14,1.2962137657633668,-10.76,2,"[397.20001220703125, 733.7999877929688]"
1779197216.9712894,19.563843366,1.051573253128858,0.903,0.0,0.45167521116919995,0.5551540645829922,2.806413616464141,14,1.2578642460662257,-5.38,2,"[398.6000061035156, 722.2000122070312]"
1779197217.0213618,19.61391581,0.9747386990499249,0.903,0.0,0.450947875882,0.5578532692065483,2.9818296451181254,14,1.2087768608538851,-5.38,2,"[398.6000061035156, 722.2000122070312]"
1779197217.0713995,19.663953577,0.8956351899515304,0.903,0.0,0.4502211272037333,0.5605502968732416,3.15795158946014,14,1.1504855909142309,-2.69,2,"[422.3999938964844, 690.2000122070312]"
1779197217.1210642,19.713618345,0.8170387444155212,0.903,0.0,0.44949807609613335,0.5632336025330213,3.3340162470594663,14,1.0845244170351482,-2.69,2,"[422.3999938964844, 690.2000122070312]"
1779197217.1711366,19.763690734,0.7405549574583697,0.903,0.0,0.4487707062196,0.5659329355206072,3.5119813762398735,14,1.012427320004523,-2.69,2,"[461.20001220703125, 655.0]"
1779197217.2210412,19.813595327,0.6692463368711318,0.903,0.0,0.4480447024037333,0.5686271989380343,3.6904579279394625,14,0.9387962421860124,-16.14,2,"[461.20001220703125, 655.0]"
1779197217.2709665,19.863520572000002,0.6053273867329444,0.903,0.0,0.4473190147605333,0.5713202890111471,3.869701672911532,14,0.8666991451553873,-72.63,2,"[521.0, 607.0]"
1779197217.3212078,19.91376168,0.550672096598287,0.903,0.0,0.4465898488837333,0.5740262871122083,4.050657574453453,14,0.786932144185334,-53.8,2,"[521.0, 607.0]"
1779197217.371166,19.96372002,0.5076530268763819,0.903,0.0,0.4458635449836,0.5767216641684951,4.2317495788803825,14,0.7163690279425944,-137.19,2,"[577.0, 541.5999755859375]"
1779197217.4211664,20.013720372,0.477562332813099,0.903,0.0,0.445136887938,0.5794183517783784,4.413776812538103,14,0.6504078540635119,-158.71,2,"[577.0, 541.5999755859375]"
1779197217.4712138,20.06376805,0.4615616813824889,0.903,0.0,0.44441012615066666,0.5821154280939602,4.596677706375672,14,0.5921165841238575,-172.16,2,"[624.0, 469.3999938964844]"
1779197217.521044,20.113597983000002,0.460330281228122,0.903,0.0,0.4436848545677333,0.5848069741311722,4.780047517884739,14,0.5445631796994026,-172.16,2,"[624.0, 469.3999938964844]"
1779197217.5710871,20.163641187,0.4740865025796192,0.903,0.0,0.44295719668413336,0.5875073759380766,4.964870169264657,14,0.5077476407901472,-188.29999999999998,2,"[657.2000122070312, 422.0]"
1779197217.6211321,20.21368615,0.502496819238877,0.903,0.0,0.44223052096320004,0.590204132853749,5.150290576363304,14,0.48627190975974827,-196.37,2,"[657.2000122070312, 422.0]"
1779197217.6709585,20.263512496,0.5446110811396037,0.903,0.0,0.4415057953104,0.5928936528966693,5.336056079876798,14,0.4770680250324344,-201.75,2,"[673.5999755859375, 402.0]"
1779197217.7212148,20.31376875,0.5995524272871152,0.903,0.0,0.44077648103373335,0.5956002017225657,5.523851149085672,14,0.47860200582032003,-67.25,2,"[673.5999755859375, 402.0]"
1779197217.771142,20.36369603,0.6649658181600374,0.903,0.0,0.44005044015786665,0.5982946026728816,5.7116490747152255,14,0.49394181369917645,-69.94,2,"[665.7999877929688, 394.3999938964844]"
1779197217.821196,20.413750164,0.7389723528954592,0.903,0.0,0.4393234042573334,0.6009926962464321,5.900552435482368,14,0.5292233718205462,-72.63,2,"[665.7999877929688, 394.3999938964844]"
1779197217.8713412,20.463895221,0.819085575611308,0.903,0.0,0.43859496091973327,0.6036960129415672,6.0906728344435095,14,0.5737088146692298,-51.11,2,"[658.0, 399.79998779296875]"
1779197217.9211016,20.513655805000003,0.9018394971098517,0.903,0.0,0.43787073140586663,0.6063836917696771,6.280534971896756,14,0.6304661038209985,-51.11,2,"[658.0, 399.79998779296875]"
1779197217.9712114,20.563765289000003,0.9851385273986677,0.903,0.0,0.4371428386926666,0.6090849650496879,0.18902219889417182,15,0.6994952392758523,5.38,2,"[629.5999755859375, 441.79998779296875]"
1779197218.0211778,20.613731728,1.065360097324173,0.903,0.0,0.4364162610717333,0.6117813579077129,0.3811954290611155,15,0.7715923363064775,2.69,2,"[629.5999755859375, 441.79998779296875]"
1779197218.0709958,20.663549746,1.139408301628737,0.903,0.0,0.43569223848346667,0.6144682688168919,0.5735339226389513,15,0.8482913757007595,2.69,2,"[585.4000244140625, 526.4000244140625]"
1779197218.1212156,20.713769543,1.2051912987089644,0.903,0.0,0.4349631375997333,0.6171740257230197,0.768074364780226,15,0.9249904150950417,61.87,2,"[585.4000244140625, 526.4000244140625]"
1779197218.1712487,20.763802683,1.2594383599127605,0.903,0.0,0.4342362210469334,0.619871676386733,0.9628797619021938,15,1.0062913968529805,91.46,2,"[515.4000244140625, 615.5999755859375]"
1779197218.2213628,20.813916743,1.3002503859607621,0.903,0.0,0.4335079548706666,0.6225743356207241,1.1588977771846558,15,1.0799224746714913,129.12,2,"[515.4000244140625, 615.5999755859375]"
1779197218.2712426,20.863796540000003,1.3257386108827407,0.903,0.0,0.4327827620293333,0.6252655894409974,1.3549323500512358,15,1.1474176293384597,150.64,2,"[470.20001220703125, 671.2000122070312]"
1779197218.321325,20.91387908,1.3349816834179762,0.903,0.0,0.4320559328654666,0.6279629157967652,1.5522568341865863,15,1.2072428800659996,150.64,2,"[470.20001220703125, 671.2000122070312]"
1779197218.3710237,20.963577749000002,1.3274455056276981,0.903,0.0,0.43133167771479997,0.6306506897652736,1.7497240947614827,15,1.2547962844904545,169.47,2,"[435.20001220703125, 707.5999755859375]"
1779197218.4211395,21.013693651,1.3031573232217615,0.903,0.0,0.4306035572933333,0.6333528080905021,1.9490958103747644,15,1.2885438618239387,177.54,2,"[435.20001220703125, 707.5999755859375]"
1779197218.4709728,21.063526679000002,1.2631591942803388,0.903,0.0,0.42987903827546664,0.6360415612931807,2.1483236008724376,15,1.3054176504906807,209.82,2,"[416.0, 731.2000122070312]"
1779197218.5211494,21.113703307,1.2084733962093392,0.903,0.0,0.4291504521769333,0.6387454077865781,2.349521436842828,15,1.3069516312785663,104.91,2,"[416.0, 731.2000122070312]"
1779197218.5711584,21.163712472,1.1415352511116343,0.903,0.0,0.4284235745734667,0.6414429139059217,2.551095167287535,15,1.2992817273391382,-2.69,2,"[408.79998779296875, 724.0]"
1779197218.621324,21.213878045,1.064658170452979,0.903,0.0,0.4276950247210667,0.6441466258867601,2.7539842340948226,15,1.2670681307935396,-8.07,2,"[408.79998779296875, 724.0]"
1779197218.6713686,21.263922589,0.9812244850536641,0.903,0.0,0.42696783617693335,0.6468452859340103,2.9573426170348043,15,1.2241166687327416,-5.38,2,"[416.79998779296875, 708.7999877929688]"
1779197218.7213342,21.313888191,0.8946810758554608,0.903,0.0,0.4262422031645333,0.6495381732674642,3.161110787409193,15,1.167359379580973,-5.38,2,"[416.79998779296875, 708.7999877929688]"
1779197218.771171,21.363725069,0.8083740401753907,0.903,0.0,0.42551613554733336,0.6522326734571983,3.36584680541322,15,1.0967962633382335,-2.69,2,"[428.6000061035156, 683.0]"
1779197218.8209777,21.41353176,0.7262005551144542,0.903,0.0,0.4247920773524,0.6549197165058196,3.5708573372312244,15,1.021631204731837,-2.69,2,"[428.6000061035156, 683.0]"
1779197218.8709517,21.463505493000003,0.6512007946008491,0.903,0.0,0.42406583119319996,0.6576148792804719,3.777333591733303,15,0.9433981845496693,-21.52,2,"[479.6000061035156, 639.0]"
1779197218.9211802,21.513734198,0.586677025916438,0.903,0.0,0.42333680852786665,0.6603203459113023,3.985451927132509,15,0.863631183579616,-78.01,2,"[479.6000061035156, 639.0]"
1779197218.9713457,21.563899775000003,0.5358474692798058,0.903,0.0,0.42260813896439997,0.6630245021503396,4.194321337786384,15,0.7792622402459057,-51.11,2,"[548.4000244140625, 583.2000122070312]"
1779197219.0213306,21.613884438000003,0.501089069425618,0.903,0.0,0.42188144619586665,0.665721322331141,4.403471371743116,15,0.7025632008516236,-129.12,2,"[548.4000244140625, 583.2000122070312]"
1779197219.0711684,21.663722319,0.4839278021469004,0.903,0.0,0.4211568854673333,0.6684102303257375,4.612850078762172,15,0.6320000846088841,-150.64,2,"[605.7999877929688, 496.3999938964844]"
1779197219.121097,21.713651048000003,0.4851655479932168,0.903,0.0,0.4204305902,0.6711055753449515,4.823576356015813,15,0.5767767762450011,-150.64,2,"[605.7999877929688, 496.3999938964844]"
1779197219.1712098,21.763763799000003,0.5050246470055207,0.903,0.0,0.41970286851506666,0.6738062139241632,5.035566154480414,15,0.5338253141842031,-172.16,2,"[653.5999755859375, 436.0]"
1779197219.2210276,21.813581626,0.5425975275566761,0.903,0.0,0.41897811085986664,0.6764958527307781,5.247535268005343,15,0.5077476407901472,-188.29999999999998,2,"[653.5999755859375, 436.0]"
1779197219.2709677,21.863521732000002,0.596472673243243,0.903,0.0,0.4182523428618667,0.6791892410075548,5.460644981877543,15,0.5016117176386047,-156.02,2,"[668.4000244140625, 409.6000061035156]"
1779197219.3211532,21.913707045000002,0.6645952144405005,0.903,0.0,0.4175236501468,0.6818934831641972,5.675465421750879,15,0.5031456984264903,-40.35,2,"[668.4000244140625, 409.6000061035156]"
1779197219.371348,21.963901768000003,0.7437687082971041,0.903,0.0,0.4167947980592,0.6845983167661964,5.891185149168784,15,0.5307573526084318,-67.25,2,"[664.0, 403.20001220703125]"
1779197219.4213762,22.013930161,0.830173128063685,0.903,0.0,0.4160676701336,0.6872967518527876,6.107242849601597,15,0.5737088146692298,-45.73,2,"[664.0, 403.20001220703125]"
1779197219.4713678,22.063921727,0.9199095284521055,0.903,0.0,0.41534134328533334,0.6899922140715967,0.040723620369206515,16,0.6320000846088841,5.38,2,"[658.2000122070312, 416.0]"
1779197219.521165,22.113718842,1.0086555460110602,0.903,0.0,0.4146169038084,0.6926806720909412,0.2576687035618477,16,0.701029220063738,5.38,2,"[658.2000122070312, 416.0]"
1779197219.5712142,22.163768175,1.09279022730823,0.903,0.0,0.4138894478073333,0.6953803246941743,0.4763661756900319,16,0.77772825945802,2.69,2,"[608.0, 479.0]"
1779197219.621019,22.213572971,1.1675809243852768,0.903,0.0,0.4131650454921333,0.6980686448030885,0.6949875372202854,16,0.8620972027917303,2.69,2,"[608.0, 479.0]"
1779197219.6709626,22.263516510000002,1.2298625419657863,0.903,0.0,0.41243911549106665,0.7007626342873613,0.9149154312458592,16,0.9433981845496693,67.25,2,"[547.0, 578.7999877929688]"
1779197219.7211702,22.313724241000003,1.2764986713832065,0.903,0.0,0.4117103603989333,0.7034671079307326,1.1365512926976322,16,1.026233147095494,104.91,2,"[547.0, 578.7999877929688]"
1779197219.771156,22.363710095000002,1.304749043210598,0.903,0.0,0.4109836620496,0.7061639488223692,1.358408912653175,16,1.102932186489776,121.05,2,"[485.6000061035156, 655.4000244140625]"
1779197219.8213573,22.413911251000002,1.3132300078087948,0.903,0.0,0.4102547797908,0.7088688943923206,1.5817856446794565,16,1.1734953027325155,147.95,2,"[485.6000061035156, 655.4000244140625]"
1779197219.8713176,22.463871661000002,1.3013293711986627,0.903,0.0,0.40952854271493333,0.7115640234579315,1.8051979205482382,16,1.227184630308513,161.4,2,"[440.0, 701.5999755859375]"
1779197219.921132,22.513686256,1.269627004236011,0.903,0.0,0.40880363651453333,0.7142542135287264,2.0290438798925123,16,1.265534150005654,161.4,2,"[440.0, 701.5999755859375]"
1779197219.9711287,22.563682771,1.219393091992508,0.903,0.0,0.40807671740386664,0.716951873684906,2.2543592011865883,16,1.2808739578845103,169.47,2,"[417.0, 722.7999877929688]"
1779197220.0211644,22.613718493,1.1530831107144888,0.903,0.0,0.40734965762506664,0.7196500558727845,2.4805662413739213,16,1.2808739578845103,188.29999999999998,2,"[417.0, 722.7999877929688]"
1779197220.0709584,22.663512383,1.0743317364353655,0.903,0.0,0.4066256674316,0.7223368465620381,2.706659225688739,16,1.2686021115814252,-8.07,2,"[412.6000061035156, 715.5999755859375]"
1779197220.1211562,22.71371029,0.9862263641184487,0.903,0.0,0.4058969358253333,0.725041233047312,2.93508491564603,16,1.23178657267217,-2.69,2,"[412.6000061035156, 715.5999755859375]"
1779197220.1713557,22.763909895,0.8937559677924453,0.903,0.0,0.4051680544094666,0.7277461754890645,3.1644099371177674,16,1.1780972450961724,-2.69,2,"[416.6000061035156, 702.7999877929688]"
1779197220.221341,22.813894742000002,0.8020323212724396,0.903,0.0,0.4044413142041333,0.7304431717119639,3.393908650248889,16,1.1090681096413186,-2.69,2,"[416.6000061035156, 702.7999877929688]"
1779197220.2712162,22.863770175000003,0.7158272432567793,0.903,0.0,0.4037163993709333,0.7331333938198318,3.6236740462486807,16,1.0293011086712651,-2.69,2,"[443.3999938964844, 670.7999877929688]"
1779197220.3212824,22.913836341,0.6392665634379024,0.903,0.0,0.4029891170286667,0.7358324019601272,3.8550384729557408,16,0.9433981845496693,-2.69,2,"[443.3999938964844, 670.7999877929688]"
1779197220.3710032,22.963557367,0.5770449793759076,0.903,0.0,0.4022649432210667,0.7385198740574277,4.086255404642159,16,0.8574952604280734,-10.76,2,"[517.0, 609.7999877929688]"
1779197220.4211767,23.013730604000003,0.5320159796952783,0.903,0.0,0.4015362290984,0.7412241956595387,4.319773966652534,16,0.7700583555185919,-64.56,2,"[517.0, 609.7999877929688]"
1779197220.4709299,23.063483702000003,0.5072993880115086,0.903,0.0,0.4008125903209333,0.7439096822133974,4.552506274578278,16,0.6933593161243098,-137.19,2,"[584.7999877929688, 535.0]"
1779197220.521177,23.113730848000003,0.5040555382543368,0.903,0.0,0.4000834418114666,0.7466156158627714,4.787863586563333,16,0.624330180669456,-158.71,2,"[584.7999877929688, 535.0]"
1779197220.571035,23.163589090000002,0.5227281108025601,0.903,0.0,0.399358205748,0.7493070300841476,5.022801892537302,16,0.5721748338813442,-172.16,2,"[634.4000244140625, 457.3999938964844]"
1779197220.621149,23.213703154,0.5625405367706533,0.903,0.0,0.3986304098558667,0.7520079440527438,5.259419283969109,16,0.5368932757599744,-190.99,2,"[634.4000244140625, 457.3999938964844]"
1779197220.6712167,23.263770659000002,0.6212954999389202,0.903,0.0,0.397903601402,0.7547051935518969,5.4965631756273865,16,0.5230874486690036,-185.60999999999999,2,"[656.2000122070312, 420.0]"
1779197220.7211096,23.313663749,0.6957676943209878,0.903,0.0,0.3971776591784,0.7573992283950559,5.734269944926851,16,0.5230874486690036,-185.60999999999999,2,"[656.2000122070312, 420.0]"
1779197220.771163,23.36371692,0.7820951818039095,0.903,0.0,0.39645032861453333,0.7600984154899104,5.973280069848002,16,0.5491651220630596,-45.73,2,"[655.2000122070312, 416.20001220703125]"
1779197220.8211575,23.413711443,0.875191136710642,0.903,0.0,0.39572385925239995,0.7627944065900961,6.212853933479906,16,0.5921165841238575,-56.49,2,"[655.2000122070312, 416.20001220703125]"
1779197220.8709803,23.463534244,0.9696570890086952,0.903,0.0,0.39499897156746666,0.7654845279483808,0.1695639446050805,17,0.6550097964271688,2.69,2,"[633.7999877929688, 426.3999938964844]"
1779197220.921196,23.513749889000003,1.0607413897825002,0.903,0.0,0.3942701629345333,0.7681892002863262,0.4116090692794572,17,0.7301748550335652,2.69,2,"[633.7999877929688, 426.3999938964844]"
1779197220.9712338,23.563787898,1.142423650241923,0.903,0.0,0.3935428145818667,0.7708884533969675,0.6540180101722299,17,0.8160777791551611,2.69,2,"[595.4000244140625, 500.0]"
1779197221.0213807,23.613934641,1.2100400260750925,0.903,0.0,0.3928154239226666,0.7735878635108402,0.8972899405086636,17,0.9035146840646426,40.35,2,"[595.4000244140625, 500.0]"
1779197221.071446,23.66399977,1.2595209004794166,0.903,0.0,0.39208755327106665,0.776289054918331,1.1415724120725272,17,0.9924855697620099,61.87,2,"[531.5999755859375, 603.4000244140625]"
1779197221.1212683,23.713822231,1.2876883323360078,0.903,0.0,0.3913621967408,0.7789809162024983,1.3858552616163493,17,1.0768545130957201,61.87,2,"[531.5999755859375, 603.4000244140625]"
1779197221.1711662,23.763720198,1.2929273685917566,0.903,0.0,0.39063659786719995,0.781673676843891,1.6310644392620404,17,1.1504855909142309,129.12,2,"[474.0, 669.7999877929688]"
1779197221.22104,23.813594000000002,1.27477473436626,0.903,0.0,0.38991135136879995,0.7843651297902142,1.876998427470987,17,1.205708899278114,142.57,2,"[474.0, 669.7999877929688]"
1779197221.2709851,23.863539179,1.2341472567283565,0.903,0.0,0.38918559854359996,0.7870584617594083,2.1239491842329628,17,1.2455923997631406,147.95,2,"[434.6000061035156, 697.7999877929688]"
1779197221.321026,23.913580296000003,1.173238551565716,0.903,0.0,0.38845839632359996,0.7897571725589911,2.372241574102013,17,1.2578642460662257,145.26,2,"[434.6000061035156, 697.7999877929688]"
1779197221.3712008,23.963754972,1.0955603331238464,0.903,0.0,0.3877297623086666,0.7924611968743239,2.621874623250072,17,1.2563302652783401,61.87,2,"[418.0, 712.7999877929688]"
1779197221.4211879,24.013741853000003,1.0062403784222502,0.903,0.0,0.38700346317546663,0.795156556240106,2.8715540760265483,17,1.2333205534600555,48.42,2,"[418.0, 712.7999877929688]"
1779197221.471218,24.063772027000002,0.9104519416370854,0.903,0.0,0.3862765288048,0.7978542730274749,3.122299728984622,17,1.1903690913992575,-2.69,2,"[416.0, 708.2000122070312]"
1779197221.5210989,24.113652757,0.8144281899222306,0.903,0.0,0.38555104148906666,0.8005466196679044,3.3733906938642306,17,1.1259418983080607,-2.69,2,"[416.0, 708.2000122070312]"
1779197221.5710316,24.163585608,0.7239542050052129,0.903,0.0,0.3848249770110666,0.8032411082077937,3.625527211495985,17,1.047708878125893,-2.69,2,"[434.3999938964844, 677.5999755859375]"
1779197221.6211064,24.213660175,0.6446999000861886,0.903,0.0,0.3840970633117333,0.8059424593691736,3.8791560091757233,17,0.961805954004297,-2.69,2,"[434.3999938964844, 677.5999755859375]"
1779197221.670952,24.263506008,0.5822918286469507,0.903,0.0,0.38337227305826665,0.8086322191507965,4.1325393277183835,17,0.8743690490948155,-43.04,2,"[498.6000061035156, 628.2000122070312]"
1779197221.7211614,24.313715316000003,0.5402956898984593,0.903,0.0,0.38264357262599996,0.8113364899466403,4.388141576148534,17,0.7838641826095626,-43.04,2,"[498.6000061035156, 628.2000122070312]"
1779197221.7712934,24.36384736,0.5219620339526814,0.903,0.0,0.38191482516386666,0.8140409352744169,4.644612380432754,17,0.6994952392758523,-131.81,2,"[585.4000244140625, 543.2000122070312]"
1779197221.8212667,24.413820574000002,0.5285572790938282,0.903,0.0,0.38118925599639997,0.8167335856737605,4.900809279115869,17,0.6304661038209985,-147.95,2,"[585.4000244140625, 543.2000122070312]"
1779197221.8713539,24.463907914,0.5598030561499587,0.903,0.0,0.3804613571065333,0.8194348818759194,5.158678874004885,17,0.5783107570328867,-161.4,2,"[642.4000244140625, 463.3999938964844]"
1779197221.9211428,24.513696904000003,0.6134741859580078,0.903,0.0,0.3797370623525333,0.8221228028158486,5.416113326198449,17,0.5476311412751739,-161.4,2,"[642.4000244140625, 463.3999938964844]"
1779197221.971108,24.563661854000003,0.6864596788807652,0.903,0.0,0.37901089399026666,0.8248176768793029,5.675059749851037,17,0.543029198911517,-182.92,2,"[656.0, 421.79998779296875]"
1779197222.0210671,24.613621159,0.7739573260542216,0.903,0.0,0.3782841175533333,0.8275148075608267,5.935070465154361,17,0.5506991028509451,-86.08,2,"[656.0, 421.79998779296875]"
1779197222.070953,24.663506932,0.8698487921920279,0.903,0.0,0.3775591755282667,0.8302051305800809,6.195268087308371,17,0.5890486225480862,2.69,2,"[645.2000122070312, 417.20001220703125]"
1779197222.1211672,24.713721271,0.9684379073095092,0.903,0.0,0.37683031727853333,0.8329099870502941,0.17453833990184364,18,0.6473398924877406,5.38,2,"[645.2000122070312, 417.20001220703125]"
1779197222.1711888,24.763742941,1.0622994108240704,0.903,0.0,0.3761027901804,0.8356099035009363,0.4373637715921461,18,0.7240389318820226,2.69,2,"[615.7999877929688, 446.0]"
1779197222.2211485,24.813702485,1.1449306022864163,0.903,0.0,0.3753771031621333,0.8383029912548672,0.7003693764437884,18,0.8099418560036186,2.69,2,"[615.7999877929688, 446.0]"
1779197222.2713354,24.863889351,1.2110578943186983,0.903,0.0,0.37464826588399996,0.8410077698976455,0.9653689771473353,18,0.9019807032767571,29.59,2,"[563.5999755859375, 544.4000244140625]"
1779197222.3210492,24.913603228000003,1.2553295577996901,0.903,0.0,0.37392473790866665,0.8436928452551331,1.2292780541854142,18,0.9924855697620099,29.59,2,"[563.5999755859375, 544.4000244140625]"
1779197222.371231,24.963785133000002,1.2751491923015523,0.903,0.0,0.3731961821993333,0.8463965789715614,1.4958726239275109,18,1.0783884938836057,67.25,2,"[501.20001220703125, 632.4000244140625]"
1779197222.421107,25.013661036000002,1.2686578386265015,0.903,0.0,0.3724702647405333,0.8490905219103898,1.7623472542852738,18,1.1489516101263453,121.05,2,"[501.20001220703125, 632.4000244140625]"
1779197222.4709578,25.063511645000002,1.2363779939060928,0.903,0.0,0.3717457969672,0.8517790849401401,2.029131805531918,18,1.2026409377023426,166.78,2,"[445.3999938964844, 690.7999877929688]"
1779197222.5211868,25.113741018000002,1.1800345682770288,0.903,0.0,0.37101657592186665,0.8544852877764353,2.298519911801705,18,1.2363885150358267,169.47,2,"[445.3999938964844, 690.7999877929688]"
1779197222.5713358,25.163889907,1.1037828093157285,0.903,0.0,0.3702880603826666,0.8571888724179988,2.5684989079029066,18,1.2455923997631406,129.12,2,"[424.79998779296875, 711.5999755859375]"
1779197222.6213126,25.213866579,1.0133188900466654,0.903,0.0,0.3695618794345333,0.8598837931887009,2.83845880137838,18,1.2363885150358267,-5.38,2,"[424.79998779296875, 711.5999755859375]"
1779197222.6714013,25.263955443,0.9147092349005906,0.903,0.0,0.3688341588831999,0.8625844275610239,3.109840706638323,18,1.1965050145508,-2.69,2,"[429.6000061035156, 701.7999877929688]"
1779197222.7212873,25.313841311,0.8156783724199065,0.903,0.0,0.3681090494196,0.8652753719592643,3.381092457284595,18,1.1351457830353744,-2.69,2,"[429.6000061035156, 701.7999877929688]"
1779197222.7712495,25.363803588000003,0.7229672587024913,0.903,0.0,0.36738249884519997,0.8679716644452476,3.6537302341681794,18,1.055378782065321,-2.69,2,"[438.3999938964844, 670.2000122070312]"
1779197222.821275,25.413828905000003,0.6436027163308,0.903,0.0,0.3666551837302666,0.8706707942077646,3.9275036178495526,18,0.9679418771558396,-2.69,2,"[438.3999938964844, 670.2000122070312]"
1779197222.8709404,25.463494503000003,0.5840016824989239,0.903,0.0,0.3659325929369333,0.8733523916011936,4.200336412472609,18,0.8774370106705868,-34.97,2,"[493.79998779296875, 623.7999877929688]"
1779197222.9210565,25.513610657,0.5479503181018404,0.903,0.0,0.36520471545466665,0.8760536083578835,4.476015359163156,18,0.7838641826095626,-48.42,2,"[493.79998779296875, 623.7999877929688]"
1779197222.9711857,25.563739711,0.5388174577265588,0.903,0.0,0.3644767643174667,0.8787550984544488,4.752572400509109,18,0.701029220063738,-134.5,2,"[575.0, 546.5999755859375]"
1779197223.021521,25.614074969,0.5575721161734288,0.903,0.0,0.3637458869081333,0.881467448201867,5.031098213862364,18,0.6335340653967698,-147.95,2,"[575.0, 546.5999755859375]"
1779197223.0712078,25.663761732,0.6023658215962504,0.903,0.0,0.3630230381190666,0.8841500030399415,5.3074027687834615,18,0.5844466801844292,-131.81,2,"[631.0, 464.3999938964844]"
1779197223.1211016,25.713655577,0.6702977221720371,0.903,0.0,0.3622972023521333,0.8868436428131348,5.5856943421110685,18,0.5721748338813442,-131.81,2,"[631.0, 464.3999938964844]"
1779197223.1710143,25.763568156,0.7560736475676847,0.903,0.0,0.36157164369226663,0.8895362542178591,5.864724289241053,18,0.5721748338813442,-145.26,2,"[645.0, 433.6000061035156]"
1779197223.2211697,25.813723864,0.8536129648392667,0.903,0.0,0.36084275166706664,0.892241236031772,6.145888554720727,18,0.5921165841238575,-5.38,2,"[645.0, 433.6000061035156]"
1779197223.2709436,25.863497661,0.9541910897111938,0.903,0.0,0.36011923591426664,0.8949262660303735,0.1426335283855238,19,0.6381360077604268,2.69,2,"[641.2000122070312, 427.6000061035156]"
1779197223.3211646,25.913718777000003,1.0513783842875801,0.903,0.0,0.3593900935233333,0.8976321769733372,0.4255937545642823,19,0.7071651432152806,2.69,2,"[641.2000122070312, 427.6000061035156]"
1779197223.3712418,25.963795877000003,1.136404513601256,0.903,0.0,0.3586630477256,0.9003303072762592,0.7085884351286964,19,0.7900001057611052,5.38,2,"[601.2000122070312, 487.0]"
1779197223.4210403,26.013594336,1.2025526314552357,0.903,0.0,0.3579382141773333,0.9030202277286571,0.9915649532571038,19,0.8866408953979006,10.76,2,"[601.2000122070312, 487.0]"
1779197223.4711409,26.063694955000003,1.244866037063776,0.903,0.0,0.3572102069705333,0.9057219259043933,1.2766308035445562,19,0.9786797426710391,69.94,2,"[538.5999755859375, 590.4000244140625]"
1779197223.5211194,26.113673311000003,1.2594695541234269,0.903,0.0,0.35648451899306666,0.9084150172179988,1.5616334330829673,19,1.0661166475805206,69.94,2,"[538.5999755859375, 590.4000244140625]"
1779197223.571195,26.163748928,1.2451800473549617,0.903,0.0,0.3557576127734666,0.9111126295343067,1.847962267493564,19,1.1428156869748027,137.19,2,"[473.0, 647.4000244140625]"
1779197223.6210487,26.213602675,1.2030596636250657,0.903,0.0,0.3550317565435999,0.9138063452472286,2.134722822200139,19,1.1949710337629145,137.19,2,"[473.0, 647.4000244140625]"
1779197223.6709378,26.263491688000002,1.1364150312833794,0.903,0.0,0.3543057808933333,0.9165005041396599,2.4223761458614703,19,1.2241166687327416,166.78,2,"[431.3999938964844, 703.2000122070312]"
1779197223.7211714,26.313725291,1.050228519630556,0.903,0.0,0.35357669901919997,0.9192061904995057,2.7121130901919557,19,1.2256506495206272,43.04,2,"[431.3999938964844, 703.2000122070312]"
1779197223.771264,26.363818056000003,0.9520262426177741,0.903,0.0,0.35284888106546664,0.9219071863406219,3.0021976401386965,19,1.205708899278114,-5.38,2,"[413.6000061035156, 707.5999755859375]"
1779197223.821211,26.413765047000002,0.850153410069881,0.903,0.0,0.35212328422653333,0.9245999394311892,3.29224163389744,19,1.158155494853659,-2.69,2,"[413.6000061035156, 707.5999755859375]"
1779197223.8713753,26.463929107000002,0.7524195212152467,0.903,0.0,0.3513944057609333,0.9273048709242451,3.584449763387049,19,1.0875923786109196,-2.69,2,"[417.79998779296875, 676.7999877929688]"
1779197223.9212809,26.513834795,0.6680018442874435,0.903,0.0,0.3506692912833333,0.9299958339298764,3.8759924913728625,19,1.0032234352772094,-2.69,2,"[417.79998779296875, 676.7999877929688]"
1779197223.971122,26.563676142000002,0.6035739604117751,0.903,0.0,0.3499441795816,0.9326867866340245,4.168377681994748,19,0.9096506072161852,-13.45,2,"[481.6000061035156, 628.7999877929688]"
1779197224.021096,26.613650059,0.564631738173019,0.903,0.0,0.3492169199985333,0.9353857103129458,4.462477541773815,19,0.8176117599430467,-10.76,2,"[481.6000061035156, 628.7999877929688]"
1779197224.0709543,26.663508473,0.5548428836438888,0.903,0.0,0.3484925135122666,0.9380740459010519,4.756265563215656,19,0.7286408742456796,-102.22,2,"[563.7999877929688, 557.4000244140625]"
1779197224.1211584,26.713712324000003,0.5751807196571542,0.903,0.0,0.34776367338559994,0.9407788351149855,5.052703954094277,19,0.6550097964271688,-115.67,2,"[563.7999877929688, 557.4000244140625]"
1779197224.171282,26.763836017000003,0.6241181541614649,0.903,0.0,0.3470351996297333,0.9434822646949586,5.349844751887254,19,0.6013204688511713,-107.6,2,"[628.0, 476.3999938964844]"
1779197224.2211869,26.813741030000003,0.6971022546795955,0.903,0.0,0.34631002738213335,0.9461734420900931,5.646482600582381,19,0.5890486225480862,-153.32999999999998,2,"[628.0, 476.3999938964844]"
1779197224.2711933,26.863747303,0.7882196995529307,0.903,0.0,0.3455832630659999,0.9488705277902723,5.944619126717122,19,0.5890486225480862,-51.11,2,"[642.0, 432.20001220703125]"
1779197224.3212693,26.913823312,0.8894248848730836,0.903,0.0,0.344855995882,0.9515694796769194,6.243810543016714,19,0.6135923151542565,-51.11,2,"[642.0, 432.20001220703125]"
1779197224.3710647,26.963618638000003,0.9914101837009709,0.903,0.0,0.34413076651839997,0.9542608690345067,0.2598221629917248,20,0.6657476619423682,2.69,2,"[631.2000122070312, 434.0]"
1779197224.4211042,27.013658154,1.0856077070712444,0.903,0.0,0.3434035788898666,0.9569595256838852,0.5606753977398569,20,0.7363107781851077,2.69,2,"[631.2000122070312, 434.0]"
1779197224.470951,27.063505077000002,1.162963269485908,0.903,0.0,0.3426792391842666,0.9596476134431187,0.8611921686569701,20,0.8222137023067037,5.38,2,"[589.5999755859375, 488.20001220703125]"
1779197224.5211544,27.113708415,1.2171072081732106,0.903,0.0,0.3419503200544,0.9623526958448111,1.1644613291962713,20,0.9157865303677277,56.49,2,"[589.5999755859375, 488.20001220703125]"
1779197224.571354,27.163907854,1.2424372034751574,0.903,0.0,0.3412216425266667,0.9650568816399359,1.4684818663046713,20,1.0108933392166375,59.18,2,"[522.7999877929688, 597.7999877929688]"
1779197224.6210563,27.213610377000002,1.2366816683899626,0.903,0.0,0.34049803841119997,0.9677422395600925,1.7712257370935873,20,1.0937283017624622,126.42999999999999,2,"[522.7999877929688, 597.7999877929688]"
1779197224.671211,27.263765132000003,1.2001884332244646,0.903,0.0,0.33976964358586664,0.9704453762219789,2.0768251958719617,20,1.1612234564294304,134.5,2,"[466.3999938964844, 675.2000122070312]"
1779197224.7211301,27.313683986,1.136408042788471,0.903,0.0,0.3390436342328,0.9731396601884376,2.3822694937647384,20,1.2026409377023426,134.5,2,"[466.3999938964844, 675.2000122070312]"
1779197224.771227,27.363780939,1.0508821802119754,0.903,0.0,0.3383160942581333,0.975839624425017,2.689206987978025,20,1.213378803217542,156.02,2,"[435.79998779296875, 696.4000244140625]"
1779197224.8210163,27.413570539000002,0.9520986019469665,0.903,0.0,0.3375917520382666,0.9785277215149131,2.9956371897866916,20,1.2041749184902284,78.01,2,"[435.79998779296875, 696.4000244140625]"
1779197224.8709633,27.463517213000003,0.8486607738219197,0.903,0.0,0.3368657651682666,0.9812219220447524,3.3036087707795048,20,1.1612234564294304,-2.69,2,"[426.3999938964844, 696.4000244140625]"
1779197224.9211743,27.513728454000002,0.7501583674924777,0.903,0.0,0.33613695899146667,0.9839265852677728,3.613628529344112,20,1.0921943209745766,-2.69,2,"[426.3999938964844, 696.4000244140625]"
1779197224.9713445,27.563898451,0.6664216866628425,0.903,0.0,0.33540814984986667,0.9866312594934242,3.924501752760847,20,1.0032234352772094,-10.76,2,"[439.0, 667.0]"
1779197225.0213282,27.613882367000002,0.605705691220373,0.903,0.0,0.3346817350749333,0.9893270480157546,4.23520027348377,20,0.9096506072161852,-5.38,2,"[439.0, 667.0]"
1779197225.0713198,27.663873934,0.5736130566334232,0.903,0.0,0.33395520326306666,0.9920232708723419,4.546795738860254,20,0.8114758367915041,-72.63,2,"[515.4000244140625, 602.5999755859375]"
1779197225.1211123,27.713666518,0.5733185213665043,0.903,0.0,0.3332304627717333,0.994712845982352,4.8584656566675335,20,0.7209709703062513,-72.63,2,"[515.4000244140625, 602.5999755859375]"
1779197225.1711717,27.763725782,0.605029496631158,0.903,0.0,0.33250293628399996,0.9974127601677467,5.172182880726837,20,0.6534758156392831,-121.05,2,"[603.2000122070312, 503.6000061035156]"
1779197225.2209642,27.813518246,0.6654667928451427,0.903,0.0,0.3317787975308,0.9998998978248852,5.485217916491649,20,0.607456392002714,-121.05,2,"[603.2000122070312, 503.6000061035156]"
1779197225.2709625,27.863516488000002,0.7487114007678972,0.903,0.0,0.3310524557858667,0.9972043803232482,5.79835883156241,20,0.5905826033359719,-104.91,2,"[631.0, 445.0]"
1779197225.3212008,27.913754819,0.8466745778505046,0.903,0.0,0.33032336516266664,0.9944986614948534,6.111831982689694,20,0.5967185264875144,2.69,2,"[631.0, 445.0]"
1779197225.3712034,27.963757454000003,0.9490810619486338,0.903,0.0,0.3295966059477333,0.9918015947256722,0.14027001918598359,21,0.6381360077604268,2.69,2,"[632.0, 436.0]"
1779197225.421351,28.013904948,1.0465741555863182,0.903,0.0,0.3288681176730666,0.9890981112651673,0.45178330402249145,21,0.7040971816395093,2.69,2,"[632.0, 436.0]"
1779197225.4713593,28.063913445,1.1294674179388717,0.903,0.0,0.3281413838188,0.9864011386116297,0.7616990132352797,21,0.7853981633974483,2.69,2,"[599.7999877929688, 479.6000061035156]"
1779197225.5212734,28.113827376000003,1.190242757004412,0.903,0.0,0.32741595953413327,0.9837090258849804,1.0702119502153167,21,0.8820389530342436,2.69,2,"[599.7999877929688, 479.6000061035156]"
1779197225.5711055,28.163659463000002,1.2236336451173613,0.903,0.0,0.3266904013102666,0.9810164160982899,1.3779372317077971,21,0.9740778003073821,26.9,2,"[544.0, 577.2000122070312]"
1779197225.6210904,28.213644342000002,1.2268296911463723,0.903,0.0,0.3259637316642666,0.9783196817272244,1.685286684333029,21,1.0615147052168636,48.42,2,"[544.0, 577.2000122070312]"
1779197225.6709971,28.263551129000003,1.1999424232103126,0.903,0.0,0.32523889113999993,0.9756297353862826,1.9910195506613277,21,1.1320778214596032,112.98,2,"[465.3999938964844, 652.7999877929688]"
1779197225.7211945,28.313748747,1.145515832878405,0.903,0.0,0.32451011692199994,0.9729251907651535,2.2975595005806113,21,1.1780972450961724,142.57,2,"[465.3999938964844, 652.7999877929688]"
1779197225.7711525,28.363706580000002,1.0692624342442327,0.903,0.0,0.3237835227330666,0.9702287364218369,2.602335446260021,21,1.1980389953386859,158.71,2,"[434.79998779296875, 692.4000244140625]"
1779197225.8212042,28.413758163,0.9782580846767834,0.903,0.0,0.32305642127266665,0.9675303995499089,2.906475956407469,21,1.1949710337629145,-2.69,2,"[434.79998779296875, 692.4000244140625]"
1779197225.8712342,28.463788053000002,0.8810806101256379,0.903,0.0,0.3223296084152,0.9648331337086126,3.2096482048123747,21,1.1612234564294304,-2.69,2,"[447.79998779296875, 684.2000122070312]"
1779197225.9212766,28.513830566000003,0.7865627333533078,0.903,0.0,0.32160258001386666,0.9621350679652466,3.5120623177834958,21,1.1013982057018903,-2.69,2,"[447.79998779296875, 684.2000122070312]"
1779197225.971124,28.563677792,0.7033687825937598,0.903,0.0,0.32087690344506664,0.959442018990197,3.8130692301158504,21,1.0231651855197226,-2.69,2,"[436.79998779296875, 656.4000244140625]"
1779197226.0210752,28.613629391000003,0.6385612977376537,0.903,0.0,0.32015048898986664,0.956746231654425,4.113535601311163,21,0.9372622613981267,-5.38,2,"[436.79998779296875, 656.4000244140625]"
1779197226.070916,28.663470033000003,0.5978396007012076,0.903,0.0,0.3194259075949333,0.9540572469650174,4.41240141962809,21,0.8498253564886452,-56.49,2,"[498.6000061035156, 619.4000244140625]"
1779197226.1211364,28.713690566,0.5843028352394133,0.903,0.0,0.31869717568346667,0.9513528593471197,4.7121271654161845,21,0.7577865092155067,-69.94,2,"[498.6000061035156, 619.4000244140625]"
1779197226.1712928,28.76384668,0.599107460235174,0.903,0.0,0.3179683300922666,0.9486480498538266,5.011047378486445,21,0.6872233929727672,-134.5,2,"[576.0, 527.7999877929688]"
1779197226.221312,28.813866117000003,0.6404094231921578,0.903,0.0,0.3172418872098666,0.9459521570222386,5.308135493760979,21,0.6335340653967698,-126.42999999999999,2,"[576.0, 527.7999877929688]"
1779197226.2713501,28.863904093000002,0.7043443103152829,0.903,0.0,0.31651471428906663,0.9432535549545399,5.604673786101735,21,0.6120583343663708,-118.36,2,"[629.4000244140625, 460.79998779296875]"
1779197226.3212786,28.913832537,0.7848377687050514,0.903,0.0,0.3157892467967999,0.9405612818807223,5.899672204557625,21,0.6120583343663708,-118.36,2,"[629.4000244140625, 460.79998779296875]"
1779197226.3710232,28.963577108000003,0.8747698633925536,0.903,0.0,0.31506467545893335,0.9378723345139653,6.193463895920566,21,0.6320000846088841,2.69,2,"[623.5999755859375, 444.6000061035156]"
1779197226.4211345,29.013688495,0.9668650731332078,0.903,0.0,0.31433670435293326,0.9351707703114434,0.20459853795559013,22,0.6749515466696822,2.69,2,"[623.5999755859375, 444.6000061035156]"
1779197226.470951,29.063505099,1.0524026500115702,0.903,0.0,0.31361251740720003,0.9324832494573853,0.49654711637056437,22,0.7378447589729934,2.69,2,"[607.4000244140625, 462.6000061035156]"
1779197226.5211563,29.113710098000002,1.1251569784558604,0.903,0.0,0.3128836211092,0.9297782517867393,0.7895418145805451,22,0.8160777791551611,2.69,2,"[607.4000244140625, 462.6000061035156]"
1779197226.5712628,29.163816719000003,1.1785037390324093,0.903,0.0,0.31215560699906664,0.9270765279921317,1.0813315540045352,22,0.9019807032767571,32.28,2,"[560.7999877929688, 540.5999755859375]"
1779197226.6212122,29.213766318,1.208272523129363,0.903,0.0,0.31142921427119996,0.9243808212883867,1.3716248776849937,22,0.9863496466104673,48.42,2,"[560.7999877929688, 540.5999755859375]"
1779197226.6713738,29.263928066000002,1.2124170996752495,0.903,0.0,0.3107011344704,0.9216788537099915,1.6617419190419724,22,1.0630486860047492,121.05,2,"[508.20001220703125, 621.4000244140625]"
1779197226.7211118,29.313665773,1.1910312358786994,0.903,0.0,0.30997724859719994,0.918992450162337,1.9493470824283605,22,1.1244079175201749,121.05,2,"[508.20001220703125, 621.4000244140625]"
1779197226.7712302,29.363784228,1.1460020928819135,0.903,0.0,0.30924950222013337,0.9162917199484675,2.2376363322029675,22,1.167359379580973,121.05,2,"[458.20001220703125, 664.5999755859375]"
1779197226.8211389,29.413692736,1.0815288994463428,0.903,0.0,0.3085231865770666,0.9135962993131316,2.524512429088489,22,1.175029283520401,129.12,2,"[458.20001220703125, 664.5999755859375]"
1779197226.8709993,29.463553426,1.0032853710626557,0.903,0.0,0.3077989659866667,0.9109086536007841,2.809719527181315,22,1.1734953027325155,-2.69,2,"[437.20001220703125, 685.5999755859375]"
1779197226.9211786,29.513732366000003,0.91699545059058,0.903,0.0,0.3070698554382666,0.9082028608282361,3.0959994429962734,22,1.1474176293384597,-2.69,2,"[437.20001220703125, 685.5999755859375]"
1779197226.9712822,29.563836387000002,0.8303583057204471,0.903,0.0,0.3063418392353333,0.9055011292670654,3.380999321768641,22,1.1013982057018903,-2.69,2,"[436.0, 682.0]"
1779197227.0212495,29.613803695,0.7503964721395998,0.903,0.0,0.30561569697493335,0.9028063520699126,3.6644196212930495,22,1.038504993398579,-8.07,2,"[436.0, 682.0]"
1779197227.0712667,29.66382056,0.6830735774636161,0.903,0.0,0.30488871864093325,0.9001084721307828,3.9473183208749134,22,0.961805954004297,-32.28,2,"[451.79998779296875, 642.4000244140625]"
1779197227.1210954,29.713649483,0.6337547964589096,0.903,0.0,0.30416395807906665,0.8974188225372747,4.228511227543052,22,0.8820389530342436,-32.28,2,"[451.79998779296875, 642.4000244140625]"
1779197227.1712246,29.763778644000002,0.6057548288679666,0.903,0.0,0.30343614239253336,0.8947178351099354,4.510039580805611,22,0.7976700097005334,-43.04,2,"[538.5999755859375, 581.7999877929688]"
1779197227.2209952,29.813549215000002,0.6011877773064128,0.903,0.0,0.30271152082746666,0.8920287013456628,4.789489968638108,22,0.7286408742456796,-48.42,2,"[538.5999755859375, 581.7999877929688]"
1779197227.270954,29.863507926,0.6199606026959785,0.903,0.0,0.30198585566733327,0.8893356947091693,5.068497952058138,22,0.6718835850939109,-126.42999999999999,2,"[595.0, 506.6000061035156]"
1779197227.3211918,29.913745745000003,0.6605783445016804,0.903,0.0,0.3012566529630666,0.8866295599381706,5.348012946802427,22,0.6320000846088841,-129.12,2,"[595.0, 506.6000061035156]"
1779197227.3713396,29.963893524000003,0.7195100962853724,0.903,0.0,0.30052811885026665,0.8839259063683591,5.62642009918504,22,0.6166602767300278,-121.05,2,"[655.4000244140625, 448.79998779296875]"
1779197227.4212444,30.013798204,0.7915799228484177,0.903,0.0,0.3001976673289333,0.8812324506195648,5.9029319880981035,22,0.6181942575179133,2.69,2,"[655.4000244140625, 448.79998779296875]"
1779197227.4714525,30.064006604000003,0.8718627207633761,0.903,0.0,0.3009259082026667,0.8785298852854797,6.179528197619803,22,0.6442719309119693,5.38,2,"[626.4000244140625, 443.20001220703125]"
1779197227.521152,30.113706017000002,0.9541721795978477,0.903,0.0,0.30164984994200006,0.8758432744137367,0.17046536906635623,23,0.6902913545485385,5.38,2,"[626.4000244140625, 443.20001220703125]"
1779197227.5711691,30.163723153000003,1.0331253025398126,0.903,0.0,0.3023767789208,0.8731455776360546,0.44487116154694917,23,0.7516505860639642,2.69,2,"[596.0, 464.0]"
1779197227.6209898,30.213543815,1.10230940492288,0.903,0.0,0.30310145601773336,0.8704562377881864,0.7175843314845096,23,0.8206797215188181,2.69,2,"[596.0, 464.0]"
1779197227.6709285,30.263482609,1.1569973453870832,0.903,0.0,0.3038274257238667,0.8677621009549517,0.9899383646445514,23,0.8943107993373288,40.35,2,"[547.0, 544.0]"
1779197227.7211356,30.313689674000003,1.1931952268851267,0.903,0.0,0.3045561709042667,0.8650576640948863,1.2624815877076614,23,0.9710098387316108,45.73,2,"[547.0, 544.0]"
1779197227.7713482,30.363902444,1.208082500844497,0.903,0.0,0.30528536299920006,0.862351568696048,1.534338852720218,23,1.0446409165501216,107.6,2,"[506.3999938964844, 609.5999755859375]"
1779197227.8212411,30.413795307,1.2007414112927606,0.903,0.0,0.30601037960933336,0.8596609688851127,1.8037960567715672,23,1.1044661672776617,121.05,2,"[506.3999938964844, 609.5999755859375]"
1779197227.8712204,30.463774359000002,1.171866029764667,0.903,0.0,0.30673692477733333,0.856964696462751,2.0729744420985057,23,1.1504855909142309,139.88,2,"[457.3999938964844, 653.0]"
1779197227.9212532,30.513807354,1.1235646636341319,0.903,0.0,0.307464206422,0.85426569091131,2.3415770501468884,23,1.1765632643082868,139.88,2,"[457.3999938964844, 653.0]"
1779197227.9712234,30.563777511,1.0594890070347927,0.903,0.0,0.3081905911856,0.8515700137636525,2.6090018750236865,23,1.1811652066719438,161.4,2,"[428.3999938964844, 684.0]"
1779197228.0211298,30.613683752000004,0.9842280359956512,0.903,0.0,0.3089168104726667,0.8488749507138282,2.8755196205240097,23,1.1734953027325155,78.01,2,"[428.3999938964844, 684.0]"
1779197228.070948,30.663502007,0.9033712099600026,0.903,0.0,0.309640843118,0.8461880024819988,3.140393812877498,23,1.1382137446111458,-2.69,2,"[401.20001220703125, 695.2000122070312]"
1779197228.1211853,30.713739416000003,0.8218123798436314,0.903,0.0,0.3103699049070667,0.8434823906595852,3.4062550314856637,23,1.086058397823034,-2.69,2,"[401.20001220703125, 695.2000122070312]"
1779197228.171338,30.763892199,0.7458701068255178,0.903,0.0,0.3110984284105333,0.8407787764619342,3.671068421908352,23,1.0185632431560658,-5.38,2,"[446.3999938964844, 642.4000244140625]"
1779197228.2212462,30.813800331000003,0.6809385476350269,0.903,0.0,0.3118244560901333,0.8380844244841136,3.934128885837133,23,0.9464661461254406,-13.45,2,"[446.3999938964844, 642.4000244140625]"
1779197228.2713323,30.863886136,0.6310813569907829,0.903,0.0,0.3125517132025334,0.8353855099740515,4.196786230269588,23,0.8713010875190442,-48.42,2,"[506.79998779296875, 598.7999877929688]"
1779197228.321236,30.913789855,0.5998180895620104,0.903,0.0,0.31327685860706667,0.832694432195876,4.457837249770812,23,0.7915340865489908,-48.42,2,"[506.79998779296875, 598.7999877929688]"
1779197228.3711395,30.963693348000003,0.5890026114278814,0.903,0.0,0.31400319631173335,0.8299989296880205,4.718471061406028,23,0.7240389318820226,-45.73,2,"[576.5999755859375, 536.2000122070312]"
1779197228.4211392,31.013693363,0.5993475587738295,0.903,0.0,0.31473019605333336,0.8273009703034221,4.978494456186262,23,0.6688156235181395,-123.74,2,"[576.5999755859375, 536.2000122070312]"
1779197228.4709873,31.063541412000003,0.629913978415594,0.903,0.0,0.31545434237840003,0.8246136001961971,5.236655945677477,23,0.6289321230331129,-129.12,2,"[634.2000122070312, 469.20001220703125]"
1779197228.5211666,31.113720378000004,0.6789344979669025,0.903,0.0,0.3161830501064,0.8219093023252513,5.495591629722718,23,0.6135923151542565,-137.19,2,"[634.2000122070312, 469.20001220703125]"
1779197228.571324,31.163877998,0.7429181167282511,0.903,0.0,0.3169116908212,0.8192052531461297,5.753651691758755,23,0.6120583343663708,-37.66,2,"[610.5999755859375, 444.79998779296875]"
1779197228.6214354,31.213989493000003,0.8174721608635699,0.903,0.0,0.317639478938,0.8165043680324728,6.0105599746580864,23,0.6258641614573416,2.69,2,"[610.5999755859375, 444.79998779296875]"
1779197228.6714466,31.26400071,0.8975821778343369,0.903,0.0,0.3183659793724,0.8138082616203983,6.266166894253637,23,0.6596117387908257,5.38,2,"[612.4000244140625, 438.6000061035156]"
1779197228.7212853,31.31383917,0.977980999280034,0.903,0.0,0.31909093350373335,0.8111178936737337,0.23720125390101998,24,0.7102331047910518,5.38,2,"[612.4000244140625, 438.6000061035156]"
1779197228.7712266,31.363780648000002,1.053815017797544,0.903,0.0,0.31981728937506665,0.8084223237477952,0.4910659928219445,24,0.7731263170943632,2.69,2,"[578.4000244140625, 474.79998779296875]"
1779197228.8210454,31.413599361000003,1.1199554937674658,0.903,0.0,0.3205418505396,0.8057334141351644,0.7434611751752982,24,0.8467573949128739,2.69,2,"[578.4000244140625, 474.79998779296875]"
1779197228.8709497,31.463503666,1.1725355163015985,0.903,0.0,0.3212675196964,0.8030403926666928,0.9953974416460767,24,0.9188544919434991,51.11,2,"[522.2000122070312, 580.0]"
1779197228.92116,31.513714091,1.2083258037534834,0.903,0.0,0.3219964309782667,0.8003353393896121,1.2476068595975676,24,0.9955535313377811,61.87,2,"[522.2000122070312, 580.0]"
1779197228.9713628,31.563916999000003,1.2248944385038327,0.903,0.0,0.32272549353760005,0.7976297247086718,1.4990158243860208,24,1.0630486860047492,110.28999999999999,2,"[490.79998779296875, 625.4000244140625]"
1779197229.0213485,31.613902408,1.2213474165008196,0.903,0.0,0.3234519831592,0.7949336584238402,1.748690752901581,24,1.1213399559444037,123.74,2,"[490.79998779296875, 625.4000244140625]"
1779197229.071379,31.663933067000002,1.1980987013651083,0.903,0.0,0.3241786901413333,0.7922367854951308,1.9975930877585313,24,1.167359379580973,137.19,2,"[456.20001220703125, 655.2000122070312]"
1779197229.1210544,31.713608229000002,1.156905137875803,0.903,0.0,0.3249021850242667,0.7895518329464227,2.244555434718137,24,1.193437052975029,137.19,2,"[456.20001220703125, 655.2000122070312]"
1779197229.1712174,31.763771506,1.0998747437603202,0.903,0.0,0.3256305671910667,0.7868487432614563,2.4923348328051134,24,1.201106956914457,161.4,2,"[432.20001220703125, 681.7999877929688]"
1779197229.2210689,31.813622977,1.031078650723359,0.903,0.0,0.3263560935288,0.7841562518069848,2.738298197673771,24,1.1949710337629145,99.53,2,"[432.20001220703125, 681.7999877929688]"
1779197229.271112,31.86366603,0.9544217205206867,0.903,0.0,0.3270825329522667,0.7814603718117997,2.9837244402860676,24,1.1658253987930873,-2.69,2,"[411.0, 677.7999877929688]"
1779197229.3211994,31.913753594000003,0.8744922964071423,0.903,0.0,0.32781005346680003,0.7787604797934709,3.228666734815448,24,1.1182719943686323,-2.69,2,"[411.0, 677.7999877929688]"
1779197229.3713534,31.963907478000003,0.7960460292772021,0.903,0.0,0.32853883086760005,0.7760559233606935,3.473180069544469,24,1.059980724428978,-2.69,2,"[412.20001220703125, 654.5999755859375]"
1779197229.4213498,32.013903679,0.7240763343121823,0.903,0.0,0.32926531695760003,0.7733598701819372,3.7160778631140374,24,0.9924855697620099,-16.14,2,"[412.20001220703125, 654.5999755859375]"
1779197229.4711947,32.063748653000005,0.6626368654144843,0.903,0.0,0.32999011699200004,0.7706700741024186,3.957569076867628,24,0.9188544919434991,-26.9,2,"[474.20001220703125, 627.7999877929688]"
1779197229.5212786,32.113832688,0.614901459718801,0.903,0.0,0.3307175689382667,0.7679704365469014,4.199094830495966,24,0.8452234141249882,-26.9,2,"[474.20001220703125, 627.7999877929688]"
1779197229.5711749,32.163728750000004,0.5838380502097371,0.903,0.0,0.3314436192462667,0.7652760005931168,4.4393094536283115,24,0.7669903939428205,-72.63,2,"[549.7999877929688, 581.2000122070312]"
1779197229.621027,32.213580856,0.5710254361881074,0.903,0.0,0.3321683119084,0.7625866029814352,4.678232293990106,24,0.7071651432152806,-86.08,2,"[549.7999877929688, 581.2000122070312]"
1779197229.6709743,32.263528333000004,0.5770374723832894,0.903,0.0,0.3328945570212,0.7598914440900645,4.916820741546843,24,0.6534758156392831,-134.5,2,"[608.7999877929688, 513.5999755859375]"
1779197229.7211618,32.313715817,0.6015697944145841,0.903,0.0,0.33362308068453334,0.7571878292991343,5.155306209873942,24,0.6120583343663708,-139.88,2,"[608.7999877929688, 513.5999755859375]"
1779197229.7713475,32.363901591,0.6431615453360604,0.903,0.0,0.3343520231985334,0.7544826601168854,5.393076275213076,24,0.5905826033359719,-142.57,2,"[633.7999877929688, 461.20001220703125]"
1779197229.8213425,32.413896549,0.6991541555705459,0.903,0.0,0.33507852136573335,0.7517865621185877,5.629202223691038,24,0.5905826033359719,-91.46,2,"[633.7999877929688, 461.20001220703125]"
1779197229.8712215,32.46377561,0.7663339209054292,0.903,0.0,0.33580364421453335,0.749095568046704,5.864037562452353,24,0.5982525072754,2.69,2,"[614.4000244140625, 428.0]"
1779197229.9211273,32.513681395,0.8411341882517562,0.903,0.0,0.3365296062034667,0.7464014598526708,6.098299103443395,24,0.6258641614573416,2.69,2,"[614.4000244140625, 428.0]"
1779197229.9710727,32.563626584000005,0.9194167803323476,0.903,0.0,0.3372560893432,0.7437054176226112,0.04869673529731955,25,0.6718835850939109,2.69,2,"[618.0, 433.79998779296875]"
1779197230.021081,32.613634892,0.9969038702564383,0.903,0.0,0.33798291062999997,0.7410081204993244,0.28154083608632874,25,0.7271068934577939,2.69,2,"[618.0, 433.79998779296875]"
1779197230.0711262,32.663680148000005,1.069363220576846,0.903,0.0,0.33870939475800005,0.7383120746017209,0.513430149817033,25,0.7930680673368765,2.69,2,"[571.0, 495.20001220703125]"
1779197230.1211832,32.713737105,1.1330542204874494,0.903,0.0,0.33943660431733336,0.7356133365652325,0.7447025498404187,25,0.8666991451553873,2.69,2,"[571.0, 495.20001220703125]"
1779197230.1711438,32.763697823,1.1845162881156774,0.903,0.0,0.34016279764786667,0.7329183698423652,0.9748056642160989,25,0.9387962421860124,45.73,2,"[555.2000122070312, 586.2000122070312]"
1779197230.2213404,32.813894619,1.221330190042229,0.903,0.0,0.3408917648685334,0.7302131089715237,1.2049351457208743,25,1.0139613007924089,104.91,2,"[555.2000122070312, 586.2000122070312]"
1779197230.2713356,32.86388946,1.2414024059541375,0.903,0.0,0.3416183762358667,0.7275165908776681,1.4334738303299517,25,1.0783884938836057,112.98,2,"[498.0, 624.0]"
1779197230.3212833,32.913837338,1.2439556837379797,0.903,0.0,0.34234410298826673,0.7248233556669064,1.6608892695197213,25,1.1366797638232602,112.98,2,"[498.0, 624.0]"
1779197230.3709714,32.963525528000005,1.2290700266971835,0.903,0.0,0.34306803984440004,0.7221367629171441,1.8869029752628776,25,1.179631225884058,142.57,2,"[469.0, 676.7999877929688]"
1779197230.4213457,33.013899652,1.1972165117219107,0.903,0.0,0.34379992679720006,0.7194206666659595,2.1145392912729974,25,1.2072428800659996,161.4,2,"[469.0, 676.7999877929688]"
1779197230.4711819,33.063735981,1.1508459217540636,0.903,0.0,0.34452324690226666,0.7167363627331435,2.338671674439304,25,1.2118448224296565,158.71,2,"[430.3999938964844, 693.5999755859375]"
1779197230.5211928,33.113746756000005,1.0917890369526864,0.903,0.0,0.345250042,0.7140391627997649,2.563033339935636,25,1.2118448224296565,51.11,2,"[430.3999938964844, 693.5999755859375]"
1779197230.5711925,33.163746519,1.0232801616645286,0.903,0.0,0.34597676338466676,0.7113422364219989,2.7865249219978026,25,1.1949710337629145,-5.38,2,"[424.3999938964844, 689.4000244140625]"
1779197230.6212745,33.213828572000004,0.9486616877208197,0.903,0.0,0.3467045913809333,0.708641203312167,3.0095069141209834,25,1.1612234564294304,-2.69,2,"[424.3999938964844, 689.4000244140625]"
1779197230.6713502,33.263904233000005,0.8719305170311104,0.903,0.0,0.3474307737678667,0.7059462772019525,3.2311386751771423,25,1.1136700520049756,-2.69,2,"[426.3999938964844, 694.7999877929688]"
1779197230.7212737,33.313827756,0.7966483616417076,0.903,0.0,0.3481572875438667,0.7032501212780378,3.4520247324347295,25,1.0538448012774355,-2.69,2,"[426.3999938964844, 694.7999877929688]"
1779197230.771277,33.363831015,0.7264957294649173,0.903,0.0,0.3488836921018667,0.7005543706716373,3.6720309939762856,25,0.9848156658225816,-2.69,2,"[454.3999938964844, 640.5999755859375]"
1779197230.8211977,33.413751745,0.6648007225610577,0.903,0.0,0.3496100236444,0.6978588910319956,3.8911687219404953,25,0.9157865303677277,-13.45,2,"[454.3999938964844, 640.5999755859375]"
1779197230.8709705,33.463524543000005,0.614558919391707,0.903,0.0,0.3503343102161333,0.6951710004571712,4.108847812425616,25,0.8452234141249882,-59.18,2,"[508.6000061035156, 600.2000122070312]"
1779197230.9210851,33.51363906,0.5777164951214593,0.903,0.0,0.35106226527733336,0.6924694957983,4.326779233400465,25,0.7700583555185919,-78.01,2,"[508.6000061035156, 600.2000122070312]"
1779197230.9710739,33.56362791,0.5562106912490683,0.903,0.0,0.3517893041136,0.6897713913299872,4.543588291051698,25,0.7071651432152806,-126.42999999999999,2,"[570.7999877929688, 535.4000244140625]"
1779197231.0210845,33.613638422,0.5508742831791971,0.903,0.0,0.3525160066485334,0.6870745349052243,4.759449776581398,25,0.6519418348513975,-142.57,2,"[570.7999877929688, 535.4000244140625]"
1779197231.0711899,33.663743998,0.561842581845204,0.903,0.0,0.35324361722613334,0.6843743086550077,4.974731586305445,25,0.6089903727905995,-145.26,2,"[623.5999755859375, 469.79998779296875]"
1779197231.1210806,33.713634737,0.5884132227352366,0.903,0.0,0.3539692909754667,0.6816812701432446,5.188595449918729,25,0.5829126993965437,-145.26,2,"[623.5999755859375, 469.79998779296875]"
1779197231.1710155,33.763569454,0.6292758360366181,0.903,0.0,0.3546950829825334,0.6789877927667293,5.401649002998916,25,0.5767767762450011,-169.47,2,"[651.7999877929688, 447.6000061035156]"
1779197231.2212412,33.813795243,0.6828117289515407,0.903,0.0,0.3554250421032001,0.6762788508685635,5.6150709016583065,25,0.5767767762450011,-86.08,2,"[651.7999877929688, 447.6000061035156]"
1779197231.2710104,33.863564505,0.7456892595708632,0.903,0.0,0.3561482940469334,0.6735947998883943,5.825692531475177,25,0.5829126993965437,5.38,2,"[643.4000244140625, 429.0]"
1779197231.3210452,33.913599093,0.8158664382098881,0.903,0.0,0.3568752158317334,0.670897129808273,6.036535077529528,25,0.6120583343663708,5.38,2,"[643.4000244140625, 429.0]"
1779197231.3710918,33.9636458,0.889952050868194,0.903,0.0,0.3576026940688,0.6681973946853065,6.24668992766113,25,0.6565437772150544,5.38,2,"[624.7999877929688, 438.3999938964844]"
1779197231.4211202,34.013674228,0.9645505681880525,0.903,0.0,0.35832953219973335,0.6655000350519732,0.17262695545541362,26,0.7102331047910518,2.69,2,"[624.7999877929688, 438.3999938964844]"
1779197231.4711826,34.063736787,1.0365342201667804,0.903,0.0,0.3590569175397334,0.6628006446781151,0.38105785355595856,26,0.7746602978822488,2.69,2,"[602.2000122070312, 479.79998779296875]"
1779197231.521119,34.113673071,1.1026508652375568,0.903,0.0,0.3597829912609334,0.6601061218359052,0.588267091179759,26,0.8436894333371027,2.69,2,"[602.2000122070312, 479.79998779296875]"
1779197231.571117,34.163671014,1.1602975236694244,0.903,0.0,0.3605095708584,0.657409721642793,0.7947736997839314,26,0.9111845880040709,2.69,2,"[548.2000122070312, 555.2000122070312]"
1779197231.6212375,34.213791501,1.2071713011192338,0.903,0.0,0.36123824768853335,0.6547055384365225,1.00102448424569,26,0.9817477042468103,72.63,2,"[548.2000122070312, 555.2000122070312]"
1779197231.6710002,34.263554235,1.2409925436361846,0.903,0.0,0.36196127394413335,0.6520223250046799,1.2048371494632732,26,1.047708878125893,118.36,2,"[493.3999938964844, 624.5999755859375]"
1779197231.7211735,34.313727615000005,1.2609732245637,0.903,0.0,0.36268979929333345,0.6493187039573516,1.4093484048720342,26,1.1060001480655473,126.42999999999999,2,"[493.3999938964844, 624.5999755859375]"
1779197231.7711868,34.36374089,1.2660999640967705,0.903,0.0,0.36341667162120006,0.6466212174162191,1.6125479447630795,26,1.1596894756415448,145.26,2,"[454.20001220703125, 670.2000122070312]"
1779197231.8211875,34.41374153,1.256354154926691,0.903,0.0,0.3641432934525333,0.6439246604895479,1.8148303614537866,26,1.201106956914457,164.09,2,"[454.20001220703125, 670.2000122070312]"
1779197231.8712034,34.463757447,1.2322550549683235,0.903,0.0,0.3648700721857334,0.641227521286378,2.016308995712862,26,1.227184630308513,177.54,2,"[436.79998779296875, 692.7999877929688]"
