mode,t_ros_sec,t_rel_sec,tail_target_rad,center_rad,tail_amp_rad,tail_freq_hz,phase_rad,real_position_rad,present_current_ma,sensor_values
freq_sweep,1789044523.2393427,0.044645232,0.9589215649504974,0.903,0.4,0.5014838371333333,0.1402633794808259,1.021631204731837,-91.46,"[477.6000061035156, 598.5999755859375]"
freq_sweep,1789044523.2893012,0.094603739,1.020543894647805,0.903,0.4,0.5031497639,0.298262366450218,0.9495341077012119,-2.69,"[477.6000061035156, 598.5999755859375]"
freq_sweep,1789044523.3392854,0.14458800800000002,1.0794376000504744,0.903,0.4,0.5048160344,0.45681730348953253,0.9004467224888714,88.77,"[521.0, 565.2000122070312]"
freq_sweep,1789044523.3893185,0.194621028,1.1341123986633241,0.903,0.4,0.5064834715666666,0.6160073383799335,0.9019807032767571,8.07,"[521.0, 565.2000122070312]"
freq_sweep,1789044523.4392843,0.24458689700000003,1.1830466878565917,0.903,0.4,0.5081492385,0.7755609498947966,0.9510680884890975,8.07,"[510.0, 563.0]"
freq_sweep,1789044523.4893441,0.29464659800000004,1.2250379311722073,0.903,0.4,0.5098170563,0.9358353236696269,0.9924855697620099,2.69,"[510.0, 563.0]"
freq_sweep,1789044523.5393503,0.34465300800000004,1.2588685839848903,0.903,0.4,0.5114847822,1.096625130538196,1.0538448012774355,40.35,"[502.3999938964844, 578.7999877929688]"
freq_sweep,1789044523.5893629,0.394665284,1.2835638516815098,0.903,0.4,0.5131508858333333,1.257781775514309,1.1213399559444037,61.87,"[502.3999938964844, 578.7999877929688]"
freq_sweep,1789044523.6392438,0.444546508,1.2984211356506412,0.903,0.4,0.5148157697333333,1.4193429189844637,1.1765632643082868,99.53,"[472.3999938964844, 615.2000122070312]"
freq_sweep,1789044523.6894107,0.49471329300000005,1.3029748193086517,0.903,0.4,0.5164866997,1.5820170566168459,1.214912784005428,150.64,"[472.3999938964844, 615.2000122070312]"
freq_sweep,1789044523.739278,0.54458081,1.2969805819001579,0.903,0.4,0.5181503048,1.7444997554672588,1.2471263805510262,118.36,"[441.0, 636.0]"
freq_sweep,1789044523.7894423,0.5947450390000001,1.2804565196125137,0.903,0.4,0.5198202524,1.908127582425587,1.2701360923693108,153.32999999999998,"[441.0, 636.0]"
freq_sweep,1789044523.8394961,0.644798689,1.2537596843915042,0.903,0.4,0.5214895789333334,2.072219826258868,1.2793399770966247,166.78,"[422.0, 646.5999755859375]"
freq_sweep,1789044523.8895645,0.694867207,1.217544433889813,0.903,0.4,0.5231574805,2.2366963730228946,1.2793399770966247,102.22,"[422.0, 646.5999755859375]"
freq_sweep,1789044523.939351,0.74465364,1.17289656294242,0.903,0.4,0.5248181378666666,2.4009783783210907,1.2762720155208536,102.22,"[423.0, 643.5999755859375]"
freq_sweep,1789044523.9893086,0.7946111990000001,1.1206651794574833,0.903,0.4,0.5264830276666667,2.5662015637792845,1.2578642460662257,-2.69,"[423.0, 643.5999755859375]"
freq_sweep,1789044524.0392518,0.8445544020000001,1.0622617153157936,0.903,0.4,0.5281493346333334,2.7320887612441624,1.2302525918842842,-2.69,"[418.0, 631.4000244140625]"
freq_sweep,1789044524.0892396,0.894542342,0.9992804318319465,0.903,0.4,0.5298156937,2.8985045509848915,1.1949710337629145,-2.69,"[418.0, 631.4000244140625]"
freq_sweep,1789044524.1392462,0.9445486790000001,0.9334235592664265,0.903,0.4,0.5314822168,3.0654602309649333,1.1520195717021164,-13.45,"[437.3999938964844, 625.5999755859375]"
freq_sweep,1789044524.189502,0.994804624,0.8662165769644606,0.903,0.4,0.5331560991,3.2336813129024096,1.1013982057018903,-32.28,"[437.3999938964844, 625.5999755859375]"
freq_sweep,1789044524.2392771,1.044579759,0.8003573109394176,0.903,0.4,0.5348168477,3.401102377021294,1.0461748973380072,-61.87,"[480.0, 600.5999755859375]"
freq_sweep,1789044524.2894366,1.094739186,0.7368350870663553,0.903,0.4,0.5364869154666667,3.569988649860833,0.9848156658225816,-118.36,"[480.0, 600.5999755859375]"
freq_sweep,1789044524.3395183,1.144820865,0.6778903538300999,0.903,0.4,0.5381562951666666,3.7393306464948397,0.9188544919434991,-56.49,"[515.7999877929688, 563.0]"
freq_sweep,1789044524.38942,1.194722842,0.6254031937688382,0.903,0.4,0.5398199301666666,3.908611596004077,0.8314175870340175,-56.49,"[515.7999877929688, 563.0]"
freq_sweep,1789044524.4392564,1.244558925,0.5807493084638362,0.903,0.4,0.5414826961333333,4.078325268952875,0.7746602978822488,-48.42,"[553.0, 543.7999877929688]"
freq_sweep,1789044524.4893603,1.2946627480000001,0.5451499238639448,0.903,0.4,0.5431515404333334,4.249184307575071,0.7163690279425944,-45.73,"[553.0, 543.7999877929688]"
freq_sweep,1789044524.539313,1.3446156500000002,0.5199455619530811,0.903,0.4,0.5448174988,4.420271033403284,0.6611457195787114,-13.45,"[585.4000244140625, 532.0]"
freq_sweep,1789044524.5895233,1.394825857,0.5058665015349677,0.903,0.4,0.5464904061666667,4.592598918769874,0.6120583343663708,-48.42,"[585.4000244140625, 532.0]"
freq_sweep,1789044524.6394773,1.4447799350000001,0.5035454034904558,0.903,0.4,0.5481552224333334,4.764615768495688,0.5752427954571154,-126.42999999999999,"[597.7999877929688, 488.20001220703125]"
freq_sweep,1789044524.6894429,1.494745537,0.513067601802611,0.903,0.4,0.5498206979,4.937223580536298,0.5460971604872883,-118.36,"[597.7999877929688, 488.20001220703125]"
freq_sweep,1789044524.7392635,1.5445662850000001,0.5341967464756106,0.903,0.4,0.5514822939333334,5.109949750566235,0.5230874486690036,-102.22,"[609.5999755859375, 440.6000061035156]"
freq_sweep,1789044524.7893295,1.594632021,0.5665722432488374,0.903,0.4,0.5531508876333333,5.28392815205166,0.5123495831538042,-102.22,"[609.5999755859375, 440.6000061035156]"
freq_sweep,1789044524.839247,1.6445495460000001,0.6091468879505365,0.903,0.4,0.5548159413333333,5.45806003598617,0.5123495831538042,-40.35,"[620.4000244140625, 421.79998779296875]"
freq_sweep,1789044524.8893642,1.6946668740000002,0.66091335849956,0.903,0.4,0.5564851094,5.633147373421174,0.5246214294568893,2.69,"[620.4000244140625, 421.79998779296875]"
freq_sweep,1789044524.9392712,1.744573823,0.720100792381325,0.903,0.4,0.5581497960666667,5.80828698997303,0.5460971604872883,2.69,"[613.5999755859375, 426.6000061035156]"
freq_sweep,1789044524.989448,1.794750714,0.7853358054086841,0.903,0.4,0.5598207123,5.984608283757451,0.5783107570328867,2.69,"[613.5999755859375, 426.6000061035156]"
freq_sweep,1789044525.039404,1.844706412,0.8542114260116132,0.903,0.4,0.5614864807666666,6.160909400634615,0.6181942575179133,2.69,"[596.2000122070312, 475.3999938964844]"
freq_sweep,1789044525.089458,1.894760653,0.9248853333511408,0.903,0.4,0.5631540566,0.054740668055710096,0.6672816427302539,59.18,"[596.2000122070312, 475.3999938964844]"
freq_sweep,1789044525.1395502,1.944852873,0.9951893002802503,0.903,0.4,0.5648242788333333,0.23256399859892696,0.7255729126699083,59.18,"[582.2000122070312, 535.5999755859375]"
freq_sweep,1789044525.189376,1.994678667,1.0624394180739711,0.903,0.4,0.5664858645999999,0.4099882428010826,0.8084078752157329,59.18,"[582.2000122070312, 535.5999755859375]"
freq_sweep,1789044525.2392642,2.044567055,1.1249293707746484,0.903,0.4,0.5681494783333334,0.588150715743395,0.8774370106705868,2.69,"[547.2000122070312, 558.5999755859375]"
freq_sweep,1789044525.2894378,2.094740377,1.180770501600307,0.903,0.4,0.5698204013333333,0.7676222412820035,0.9387962421860124,16.14,"[547.2000122070312, 558.5999755859375]"
freq_sweep,1789044525.33938,2.144682714,1.2276748070817378,0.903,0.4,0.5714859056,0.9470346168499599,1.0062913968529805,10.76,"[522.7999877929688, 582.0]"
freq_sweep,1789044525.3895307,2.194833375,1.2643505652800497,0.903,0.4,0.5731570278,1.1275785725641523,1.0707185899441776,18.83,"[522.7999877929688, 582.0]"
freq_sweep,1789044525.4394453,2.24474804,1.2892546129891607,0.903,0.4,0.5748210878666666,1.30788151494487,1.1274758790959463,61.87,"[500.79998779296875, 609.0]"
freq_sweep,1789044525.48952,2.2948224770000003,1.3016709732842937,0.903,0.4,0.5764901913666667,1.4892560504948325,1.1765632643082868,118.36,"[500.79998779296875, 609.0]"
freq_sweep,1789044525.5394335,2.3447363020000003,1.3010111788671381,0.903,0.4,0.5781538244,1.670557827606049,1.2256506495206272,118.36,"[456.3999938964844, 632.5999755859375]"
freq_sweep,1789044525.5893123,2.394614927,1.2872529558099073,0.903,0.4,0.5798169263333334,1.852323087125681,1.2563302652783401,126.42999999999999,"[456.3999938964844, 632.5999755859375]"
freq_sweep,1789044525.639256,2.444558512,1.2606956277505463,0.903,0.4,0.5814823454333333,2.0348644117463657,1.2732040539450822,153.32999999999998,"[431.20001220703125, 646.5999755859375]"
freq_sweep,1789044525.6893985,2.494701268,1.2219846084965067,0.903,0.4,0.5831530970000001,2.218516379726408,1.2793399770966247,137.19,"[431.20001220703125, 646.5999755859375]"
freq_sweep,1789044525.7392986,2.544601322,1.1726121864781358,0.903,0.4,0.5848170345,2.401941218837088,1.2793399770966247,48.42,"[413.20001220703125, 652.2000122070312]"
freq_sweep,1789044525.7895095,2.594812155,1.1137581834590755,0.903,0.4,0.5864878362666667,2.5866489433839277,1.2670681307935396,-2.69,"[413.20001220703125, 652.2000122070312]"
freq_sweep,1789044525.8394551,2.644757764,1.047694297264949,0.903,0.4,0.588154867,2.7714636064162512,1.239456476611598,-2.69,"[417.79998779296875, 642.4000244140625]"
freq_sweep,1789044525.8895164,2.6948188870000003,0.9764238919563457,0.903,0.4,0.5898235486,2.95698615764997,1.201106956914457,-2.69,"[417.79998779296875, 642.4000244140625]"
freq_sweep,1789044525.9392827,2.7445851,0.9028481859371337,0.903,0.4,0.5914827371333333,3.141972188756071,1.141281706186917,-2.69,"[442.3999938964844, 628.4000244140625]"
freq_sweep,1789044525.989354,2.7946565220000004,0.8286966090129364,0.903,0.4,0.5931504812333334,3.3284363719485235,1.0845244170351482,-24.21,"[442.3999938964844, 628.4000244140625]"
freq_sweep,1789044526.0392947,2.844597331,0.7570315425995998,0.903,0.4,0.5948156987666666,3.5151407578970506,1.021631204731837,-83.39,"[493.3999938964844, 603.0]"
freq_sweep,1789044526.0893059,2.894608565,0.6901496154773514,0.903,0.4,0.5964838821333334,3.7027022256081192,0.9587379924285258,-126.42999999999999,"[493.3999938964844, 603.0]"
freq_sweep,1789044526.1394172,2.944719842,0.6305316959254021,0.903,0.4,0.5981535247,3.890953228091437,0.8866408953979006,-2.69,"[531.5999755859375, 554.7999877929688]"
freq_sweep,1789044526.1894953,2.9947979850000004,0.5804469805840802,0.903,0.4,0.5998220426,4.0796021878001145,0.8068738944278473,-2.69,"[531.5999755859375, 554.7999877929688]"
freq_sweep,1789044526.2393887,3.044691394,0.5417885165312073,0.903,0.4,0.6014869122333333,4.268361130922573,0.7424467013366504,-45.73,"[567.4000244140625, 542.7999877929688]"
freq_sweep,1789044526.2895463,3.09484907,0.515841618863609,0.903,0.4,0.6031576624,4.458312962528435,0.6780195082454534,-43.04,"[567.4000244140625, 542.7999877929688]"
freq_sweep,1789044526.339261,3.1445637140000002,0.5038444508316859,0.903,0.4,0.6048162336666667,4.647398668687222,0.607456392002714,-43.04,"[597.5999755859375, 515.4000244140625]"
freq_sweep,1789044526.3893747,3.1946773970000004,0.5061680723812609,0.903,0.4,0.606486388,4.838330696812989,0.5675728915176872,-45.73,"[597.5999755859375, 515.4000244140625]"
freq_sweep,1789044526.4392395,3.244542043,0.5228751766108057,0.903,0.4,0.6081492345333334,5.0289484985753585,0.5384272565478601,-126.42999999999999,"[615.0, 453.79998779296875]"
freq_sweep,1789044526.4894617,3.294764218,0.5536658258003533,0.903,0.4,0.6098215350666667,5.221177189406779,0.5184855063053467,-86.08,"[615.0, 453.79998779296875]"
freq_sweep,1789044526.5394053,3.3447081470000004,0.597236569344614,0.903,0.4,0.6114862975333333,5.413061792656585,0.5154175447295755,-56.49,"[618.0, 427.79998779296875]"
freq_sweep,1789044526.5894637,3.3947662160000003,0.6523117984405754,0.903,0.4,0.6131543304666667,5.605847815490412,0.5200194870932323,2.69,"[618.0, 427.79998779296875]"
freq_sweep,1789044526.6395118,3.4448145510000003,0.7168883698384527,0.903,0.4,0.6148230272666667,5.799235441077476,0.5384272565478601,2.69,"[613.2000122070312, 427.20001220703125]"
freq_sweep,1789044526.6895382,3.494840737,0.7885470941486077,0.903,0.4,0.6164904322333333,5.992997417043528,0.5675728915176872,2.69,"[613.2000122070312, 427.20001220703125]"
freq_sweep,1789044526.7393699,3.544672368,0.8644561941247991,0.903,0.4,0.6181526382666667,6.186676047104266,0.6181942575179133,2.69,"[607.4000244140625, 465.0]"
freq_sweep,1789044526.7892926,3.5945951480000002,0.9421257630658639,0.903,0.4,0.6198172420666667,0.09797105886531732,0.6703496043060252,8.07,"[607.4000244140625, 465.0]"
freq_sweep,1789044526.8392372,3.6445397890000004,1.0185401263038232,0.903,0.4,0.6214822891333334,0.2930257475360776,0.7301748550335652,64.56,"[577.4000244140625, 536.5999755859375]"
freq_sweep,1789044526.8893664,3.694668891,1.0909525208427047,0.903,0.4,0.6231520340333333,0.489156306324503,0.8053399136399616,2.69,"[577.4000244140625, 536.5999755859375]"
freq_sweep,1789044526.9395096,3.744812152,1.1563177127726183,0.903,0.4,0.6248216951333333,0.6858025037720736,0.8835729338221293,2.69,"[546.2000122070312, 563.2000122070312]"
freq_sweep,1789044526.9894657,3.79476826,1.2119635632132526,0.903,0.4,0.6264884093666667,0.882625259375752,0.9510680884890975,26.9,"[546.2000122070312, 563.2000122070312]"
freq_sweep,1789044527.0395424,3.8448449670000002,1.2558269909476492,0.903,0.4,0.6281573228333334,1.0802327344995106,1.026233147095494,24.21,"[521.5999755859375, 585.0]"
freq_sweep,1789044527.0894194,3.8947219790000003,1.285931299406649,0.903,0.4,0.6298199025,1.277611290870306,1.0967962633382335,37.66,"[521.5999755859375, 585.0]"
freq_sweep,1789044527.139348,3.9446507050000004,1.3012002653912287,0.903,0.4,0.6314857374666667,1.4758993871091768,1.167359379580973,37.66,"[489.3999938964844, 622.0]"
freq_sweep,1789044527.1892262,3.9945286930000004,1.3008586786857266,0.903,0.4,0.6331482690333333,1.674315276028283,1.2118448224296565,121.05,"[489.3999938964844, 622.0]"
freq_sweep,1789044527.2392395,4.044542031000001,1.2847707462224878,0.903,0.4,0.6348158604,1.8738592099445928,1.248660361338912,123.74,"[442.79998779296875, 651.2000122070312]"
freq_sweep,1789044527.2892978,4.094600440000001,1.253434620639828,0.903,0.4,0.6364832902333334,2.073907893184126,1.2716700731571966,150.64,"[442.79998779296875, 651.2000122070312]"
freq_sweep,1789044527.339458,4.144760602,1.2078720754614503,0.903,0.4,0.6381543496333333,2.274918393497007,1.2793399770966247,131.81,"[432.0, 660.4000244140625]"
freq_sweep,1789044527.3894336,4.194736411,1.150047018833098,0.903,0.4,0.6398206750666666,2.4758828328522764,1.2808739578845103,-2.69,"[432.0, 660.4000244140625]"
freq_sweep,1789044527.439406,4.2447086,1.0821169253120233,0.903,0.4,0.6414864004666667,2.6772979137011816,1.2640001692177683,-2.69,"[417.0, 649.7999877929688]"
freq_sweep,1789044527.4895048,4.294807411,1.006554042943435,0.903,0.4,0.6431561479666666,2.8797248724837754,1.2302525918842842,-2.69,"[417.0, 649.7999877929688]"
freq_sweep,1789044527.5393536,4.3446563320000005,0.9269332624500229,0.903,0.4,0.6448180698666667,3.081723739312885,1.1734953027325155,-2.69,"[434.6000061035156, 632.5999755859375]"
freq_sweep,1789044527.5893104,4.394612987,0.8459250148228517,0.903,0.4,0.6464842935333334,3.2847687863130695,1.1167380135807468,-8.07,"[434.6000061035156, 632.5999755859375]"
freq_sweep,1789044527.6392422,4.444544728,0.7671255527884798,0.903,0.4,0.6481491999333333,3.4881758053148246,1.0538448012774355,-43.04,"[482.20001220703125, 615.5999755859375]"
freq_sweep,1789044527.6892745,4.494577112,0.693653344581535,0.903,0.4,0.6498164228333333,3.692389786966327,0.9848156658225816,-131.81,"[482.20001220703125, 615.5999755859375]"
freq_sweep,1789044527.7395225,4.544824963,0.628492788237626,0.903,0.4,0.6514902294,3.8979382800707967,0.9096506072161852,-45.73,"[515.2000122070312, 566.4000244140625]"
freq_sweep,1789044527.7893937,4.594696387,0.5750900392066745,0.903,0.4,0.6531526583333334,4.102610505011363,0.8191457407309324,-2.69,"[515.2000122070312, 566.4000244140625]"
freq_sweep,1789044527.8395152,4.644817968,0.5351362411754105,0.903,0.4,0.6548231788333334,4.308804957322774,0.7470486437003072,-34.97,"[568.5999755859375, 538.5999755859375]"
freq_sweep,1789044527.8894088,4.6947114910000005,0.5107971204800219,0.903,0.4,0.6564863938000001,4.514619110694827,0.679553489033339,-43.04,"[568.5999755859375, 538.5999755859375]"
freq_sweep,1789044527.9393444,4.744647007,0.503015678158384,0.903,0.4,0.6581519257666667,4.721242866764033,0.607456392002714,-43.04,"[590.7999877929688, 513.0]"
freq_sweep,1789044527.989297,4.794599728000001,0.512292029906326,0.903,0.4,0.6598171778,4.928354604976015,0.5629709491540303,-34.97,"[590.7999877929688, 513.0]"
freq_sweep,1789044528.0392091,4.84451169,0.5383397617468593,0.903,0.4,0.6614817381333333,5.1359025908187235,0.5338253141842031,-88.77,"[611.4000244140625, 459.3999938964844]"
freq_sweep,1789044528.0892804,4.894582880000001,0.5802738425132183,0.903,0.4,0.6631500542,5.344443501054972,0.521553467881118,-86.08,"[611.4000244140625, 459.3999938964844]"
freq_sweep,1789044528.139276,4.944578725,0.6362740294443907,0.903,0.4,0.6648163777,5.553258721963331,0.521553467881118,-48.42,"[623.4000244140625, 427.6000061035156]"
freq_sweep,1789044528.1894155,4.9947180410000005,0.704220615692642,0.903,0.4,0.6664867446666667,5.763106575957334,0.5307573526084318,2.69,"[623.4000244140625, 427.6000061035156]"
freq_sweep,1789044528.239398,5.044700603,0.7808858408663516,0.903,0.4,0.6681528888,5.972947186789206,0.5553010452146021,2.69,"[621.2000122070312, 437.3999938964844]"
freq_sweep,1789044528.28944,5.094742382000001,0.8631965176624374,0.903,0.4,0.6698206176,6.183511642992173,0.5951845456996288,2.69,"[621.2000122070312, 437.3999938964844]"
freq_sweep,1789044528.3394015,5.144704288000001,0.9473947457624484,0.903,0.4,0.6714867775666666,0.11121599437912977,0.6596117387908257,2.69,"[608.7999877929688, 497.6000061035156]"
freq_sweep,1789044528.3893955,5.194698257000001,1.0298217764067894,0.903,0.4,0.6731528836,0.322622073059474,0.722504951094137,53.8,"[608.7999877929688, 497.6000061035156]"
freq_sweep,1789044528.439239,5.244541697000001,1.1066332962017336,0.903,0.4,0.6748156013333333,0.5341193433175029,0.7992039904884191,2.69,"[571.4000244140625, 550.5999755859375]"
freq_sweep,1789044528.4895859,5.294888487000001,1.1750410517842098,0.903,0.4,0.6764921256333334,0.7479026161489486,0.8866408953979006,2.69,"[571.4000244140625, 550.5999755859375]"
freq_sweep,1789044528.539452,5.344754497,1.2307585948277466,0.903,0.4,0.6781541483333333,0.9603573913635088,0.9602719732164113,16.14,"[543.2000122070312, 566.7999877929688]"
freq_sweep,1789044528.5894845,5.394787023,1.2719465780921924,0.903,0.4,0.6798226260333333,1.1741620403659212,1.0369710126106935,37.66,"[543.2000122070312, 566.7999877929688]"
freq_sweep,1789044528.63953,5.444832449000001,1.296367433032536,0.903,0.4,0.6814906818,1.3884370932713885,1.1121360712170898,32.28,"[496.0, 601.0]"
freq_sweep,1789044528.689534,5.494836588,1.3027916516296512,0.903,0.4,0.6831574759,1.6030737538889994,1.175029283520401,96.84,"[496.0, 601.0]"
freq_sweep,1789044528.7394118,5.5447144680000005,1.2908686312437132,0.903,0.4,0.6848202134,1.817709170318519,1.2302525918842842,96.84,"[444.3999938964844, 639.0]"
freq_sweep,1789044528.7892282,5.594530671,1.2610722874439586,0.903,0.4,0.6864821061666667,2.0327561474065803,1.2624661884298827,129.12,"[444.3999938964844, 639.0]"
freq_sweep,1789044528.8392682,5.644570908,1.214464159023454,0.903,0.4,0.6881496974333333,2.2490646835988635,1.2762720155208536,147.95,"[419.3999938964844, 656.2000122070312]"
freq_sweep,1789044528.8894296,5.694732137,1.1530460468886474,0.903,0.4,0.6898204821666667,2.4663136438801487,1.2762720155208536,37.66,"[419.3999938964844, 656.2000122070312]"
freq_sweep,1789044528.9394002,5.744702943,1.0799142458163258,0.903,0.4,0.6914863560333333,2.6834471542746137,1.265534150005654,-2.69,"[416.79998779296875, 656.5999755859375]"
freq_sweep,1789044528.989468,5.794770571,0.9981224365142586,0.903,0.4,0.6931551494,2.9014861343247027,1.2348545342479411,-2.69,"[416.79998779296875, 656.5999755859375]"
freq_sweep,1789044529.0394156,5.844718360000001,0.9118314858024036,0.903,0.4,0.6948198455333333,3.11951214490637,1.188835110611372,-5.38,"[435.0, 644.0]"
freq_sweep,1789044529.0894933,5.894795973000001,0.8246836633898678,0.903,0.4,0.6964890703666666,3.338656488741801,1.1274758790959463,-18.83,"[435.0, 644.0]"
freq_sweep,1789044529.139303,5.944605512000001,0.7414998733807309,0.903,0.4,0.6981497976333333,3.5572051023047564,1.0446409165501216,-18.83,"[487.0, 620.5999755859375]"
freq_sweep,1789044529.1893241,5.994626724000001,0.665522017048518,0.903,0.4,0.6998177999333334,3.77723553501254,0.9710098387316108,-67.25,"[487.0, 620.5999755859375]"
freq_sweep,1789044529.2392406,6.044543226,0.6009772504832447,0.903,0.4,0.7014823550333333,3.9973335116659996,0.8866408953979006,-2.69,"[531.4000244140625, 569.2000122070312]"
freq_sweep,1789044529.2894692,6.094771914000001,0.550711858994557,0.903,0.4,0.7031545865,4.218973607028424,0.7930680673368765,-2.69,"[531.4000244140625, 569.2000122070312]"
freq_sweep,1789044529.339415,6.144717771000001,0.5177222425027462,0.903,0.4,0.7048200236,4.440235993226864,0.7209709703062513,-37.66,"[581.4000244140625, 536.0]"
freq_sweep,1789044529.389409,6.194711865,0.5035036748831905,0.903,0.4,0.7064868024333334,4.662200305258061,0.6534758156392831,-43.04,"[581.4000244140625, 536.0]"
freq_sweep,1789044529.4394276,6.244730402,0.508922257365847,0.903,0.4,0.7081535291000001,4.884681306749215,0.5921165841238575,-64.56,"[602.7999877929688, 490.6000061035156]"
freq_sweep,1789044529.4895096,6.294812016000001,0.5339094308401269,0.903,0.4,0.7098232716,5.108090406282219,0.5491651220630596,-118.36,"[602.7999877929688, 490.6000061035156]"
freq_sweep,1789044529.5392737,6.344576345,0.5770308679861464,0.903,0.4,0.7114823334,5.330589275205931,0.521553467881118,-118.36,"[614.4000244140625, 437.20001220703125]"
freq_sweep,1789044529.5892448,6.394547448,0.6366679749500356,0.903,0.4,0.7131486131666667,5.554579510443531,0.5184855063053467,-88.77,"[614.4000244140625, 437.20001220703125]"
freq_sweep,1789044529.6394124,6.4447149580000005,0.7100215190577148,0.903,0.4,0.7148196830666667,5.779740030078262,0.5292233718205462,2.69,"[617.4000244140625, 425.3999938964844]"
freq_sweep,1789044529.6893554,6.4946580990000005,0.7930192216621035,0.903,0.4,0.7164849811,6.0046455856505645,0.5553010452146021,2.69,"[617.4000244140625, 425.3999938964844]"
freq_sweep,1789044529.7393775,6.544680147,0.8818814783380777,0.903,0.4,0.7181524206333334,6.230364444366433,0.5967185264875144,10.76,"[602.4000244140625, 459.79998779296875]"
freq_sweep,1789044529.7894778,6.594780358,0.9721008815731298,0.903,0.4,0.7198213390333333,0.1736232024644906,0.6504078540635119,45.73,"[602.4000244140625, 459.79998779296875]"
freq_sweep,1789044529.839456,6.644758842000001,1.0588999386376075,0.903,0.4,0.7214885529666667,0.4003599430667606,0.7194369895183657,96.84,"[592.5999755859375, 533.5999755859375]"
freq_sweep,1789044529.889432,6.694734503,1.1377988681083715,0.903,0.4,0.7231537477000001,0.6273447520836584,0.8022719520641903,2.69,"[592.5999755859375, 533.5999755859375]"
freq_sweep,1789044529.9394393,6.744741718,1.2048345446250797,0.903,0.4,0.7248201933666667,0.8550235373384076,0.9157865303677277,2.69,"[541.0, 571.4000244140625]"
freq_sweep,1789044529.9893792,6.794681702,1.2563355223128327,0.903,0.4,0.726484543,1.082938095178985,0.9940195505498954,2.69,"[541.0, 571.4000244140625]"
freq_sweep,1789044530.0392663,6.844569099,1.2896248926346274,0.903,0.4,0.7281495644,1.3114672096834568,1.0753205323078345,21.52,"[517.0, 597.0]"
freq_sweep,1789044530.0892885,6.894591269,1.3028202812113858,0.903,0.4,0.7298167598333334,1.5408186477588153,1.145883648550574,78.01,"[517.0, 597.0]"
freq_sweep,1789044530.139475,6.944777636,1.2949895452170832,0.903,0.4,0.7314880686333334,1.77126246982019,1.201106956914457,115.67,"[469.6000061035156, 636.4000244140625]"
freq_sweep,1789044530.1895754,6.994878153,1.2663600572810676,0.903,0.4,0.7331587876333333,2.0021511169560924,1.244058418975255,131.81,"[469.6000061035156, 636.4000244140625]"
freq_sweep,1789044530.2393465,7.044649156,1.2186929761584144,0.903,0.4,0.7348184758666667,2.232034566569279,1.2716700731571966,123.74,"[434.79998779296875, 654.4000244140625]"
freq_sweep,1789044530.2895215,7.094824005,1.153739056085875,0.903,0.4,0.7364900570333334,2.464091997810357,1.2778059963087391,118.36,"[434.79998779296875, 654.4000244140625]"
freq_sweep,1789044530.3392801,7.1445828140000005,1.0757552982391867,0.903,0.4,0.7381496717,2.695007355677909,1.2670681307935396,118.36,"[419.0, 654.0]"
freq_sweep,1789044530.389391,7.194693681,0.9877647438045389,0.903,0.4,0.7398208766666667,2.928061818111125,1.2363885150358267,-2.69,"[419.0, 654.0]"
freq_sweep,1789044530.4394,7.244702545000001,0.8953027375041342,0.903,0.4,0.7414863297333334,3.160836997647852,1.1873011298234863,-16.14,"[424.3999938964844, 649.4000244140625]"
freq_sweep,1789044530.4894612,7.29476363,0.8028784131266198,0.903,0.4,0.7431550011666667,3.3945868574187053,1.1244079175201749,-29.59,"[424.3999938964844, 649.4000244140625]"
freq_sweep,1789044530.5393424,7.3446449540000005,0.715978486558233,0.903,0.4,0.7448183602333334,3.6281140759478667,1.05231082048955,-69.94,"[487.6000061035156, 615.5999755859375]"
freq_sweep,1789044530.5894628,7.394765136,0.638813709447273,0.903,0.4,0.7464878792,3.863031505812092,0.9710098387316108,-145.26,"[487.6000061035156, 615.5999755859375]"
freq_sweep,1789044530.6393878,7.444690474000001,0.576193226984061,0.903,0.4,0.7481527058333334,4.097811122380939,0.8789709914584724,-2.69,"[538.7999877929688, 562.4000244140625]"
freq_sweep,1789044530.689431,7.49473343,0.5313692836436069,0.903,0.4,0.7498202752333334,4.333501699535692,0.7792622402459057,-2.69,"[538.7999877929688, 562.4000244140625]"
freq_sweep,1789044530.7394116,7.544714049,0.5071090659066569,0.903,0.4,0.7514823019333334,4.568929571166954,0.6856894121848816,-2.69,"[580.7999877929688, 536.2000122070312]"
freq_sweep,1789044530.789257,7.59455976,0.5047379174512316,0.903,0.4,0.7531496884666666,4.805640720139895,0.6181942575179133,-72.63,"[580.7999877929688, 536.2000122070312]"
freq_sweep,1789044530.839258,7.644560449,0.5246281295530588,0.903,0.4,0.7548160972333333,5.042736496849351,0.5645049299419159,-99.53,"[608.4000244140625, 491.20001220703125]"
freq_sweep,1789044530.8894598,7.694762371,0.565962332420386,0.903,0.4,0.756487736,5.281103122749624,0.5307573526084318,-104.91,"[608.4000244140625, 491.20001220703125]"
freq_sweep,1789044530.939409,7.744711570000001,0.6262474410627961,0.903,0.4,0.7581530716666667,5.519093723577594,0.516951525517461,-94.14999999999999,"[629.0, 430.6000061035156]"
freq_sweep,1789044530.9894965,7.794798991,0.7025354383297382,0.903,0.4,0.7598228511333334,5.758244937573004,0.516951525517461,0.0,"[629.0, 430.6000061035156]"
freq_sweep,1789044531.0393476,7.844650083,0.7900162396705843,0.903,0.4,0.7614850300666667,5.996828361455986,0.5399612373357456,2.69,"[616.4000244140625, 429.3999938964844]"
freq_sweep,1789044531.0895514,7.894854085,0.8847360102508006,0.903,0.4,0.7631581470333333,6.2375094523312065,0.5829126993965437,5.38,"[616.4000244140625, 429.3999938964844]"
freq_sweep,1789044531.1392362,7.9445389340000006,0.9798213335806913,0.903,0.4,0.7648154909,0.19325400275137028,0.6534758156392831,5.38,"[616.5999755859375, 483.6000061035156]"
freq_sweep,1789044531.189278,7.994580445,1.0712909942481907,0.903,0.4,0.7664835085333334,0.43424708466047335,0.7255729126699083,94.14999999999999,"[616.5999755859375, 483.6000061035156]"
freq_sweep,1789044531.239432,8.044734675,1.1532891860075294,0.903,0.4,0.7681535481,0.6760580131206098,0.8099418560036186,2.69,"[581.5999755859375, 556.0]"
freq_sweep,1789044531.28939,8.094692721000001,1.2207072573987199,0.903,0.4,0.7698195126333334,0.91780206081404,0.9111845880040709,2.69,"[581.5999755859375, 556.0]"
freq_sweep,1789044531.339436,8.144738675000001,1.2697650401392564,0.903,0.4,0.7714868838333333,1.1602742680150513,0.9955535313377811,24.21,"[517.7999877929688, 583.0]"
freq_sweep,1789044531.3894432,8.194745678,1.297400438898351,0.903,0.4,0.7731542861666667,1.4032750637936573,1.0768545130957201,29.59,"[517.7999877929688, 583.0]"
freq_sweep,1789044531.4395278,8.24483032,1.3018373896708901,0.903,0.4,0.7748234529666667,1.6470581769841601,1.1535535524900022,72.63,"[485.3999938964844, 616.2000122070312]"
freq_sweep,1789044531.489392,8.294694595000001,1.2827397899228445,0.903,0.4,0.7764862595,1.8904335444576006,1.213378803217542,123.74,"[485.3999938964844, 616.2000122070312]"
freq_sweep,1789044531.5392475,8.344550048,1.241155806466815,0.903,0.4,0.7781488523666666,2.1342986810376203,1.2593982268541113,123.74,"[431.3999938964844, 650.7999877929688]"
freq_sweep,1789044531.5891278,8.394430386,1.1793694000164616,0.903,0.4,0.7798124097333333,2.3788269351329276,1.2686021115814252,112.98,"[431.3999938964844, 650.7999877929688]"
freq_sweep,1789044531.6392574,8.44456019,1.1006260466227966,0.903,0.4,0.7814824473,2.624833440365009,1.2670681307935396,-2.69,"[413.0, 664.2000122070312]"
freq_sweep,1789044531.689396,8.494698386000001,1.0097467493193661,0.903,0.4,0.7831530693,2.8714521230504744,1.248660361338912,-2.69,"[413.0, 664.2000122070312]"
freq_sweep,1789044531.7393966,8.544699085000001,0.9124062879001618,0.903,0.4,0.7848201693666667,3.118074765977198,1.2087768608538851,-2.69,"[423.79998779296875, 650.4000244140625]"
freq_sweep,1789044531.7894907,8.594793411000001,0.814166355719027,0.903,0.4,0.7864894423333333,3.365544094761617,1.1504855909142309,-32.28,"[423.79998779296875, 650.4000244140625]"
freq_sweep,1789044531.839446,8.644748828,0.72139080655332,0.903,0.4,0.7881542106,3.612868009474525,1.0753205323078345,-45.73,"[481.0, 625.5999755859375]"
freq_sweep,1789044531.8894658,8.694768227,0.6394245833749808,0.903,0.4,0.7898208896000001,3.8609993960751083,0.9909515889741242,-150.64,"[481.0, 625.5999755859375]"
freq_sweep,1789044531.939371,8.744673791,0.5735657360891662,0.903,0.4,0.7914851763666667,4.109296736914715,0.8774370106705868,-150.64,"[535.0, 567.2000122070312]"
freq_sweep,1789044531.9891891,8.794491929000001,0.5278959108554946,0.903,0.4,0.7931467942333333,4.357716332043445,0.7731263170943632,-5.38,"[535.0, 567.2000122070312]"
freq_sweep,1789044532.0392363,8.844538889,0.5051870384495962,0.903,0.4,0.7948158285333333,4.607769805891081,0.6948932969121955,-26.9,"[580.7999877929688, 531.4000244140625]"
freq_sweep,1789044532.089304,8.894606496,0.5072418406861376,0.903,0.4,0.7964835562,4.858151786541129,0.6227961998815703,-59.18,"[580.7999877929688, 531.4000244140625]"
freq_sweep,1789044532.1394465,8.944749114,0.5341293458106249,0.903,0.4,0.7981543103333333,5.109514311723387,0.5675728915176872,-78.01,"[610.0, 480.3999938964844]"
freq_sweep,1789044532.189409,8.994711847000001,0.5841334726394969,0.903,0.4,0.7998197369,5.360598132150223,0.5307573526084318,-115.67,"[610.0, 480.3999938964844]"
freq_sweep,1789044532.239533,9.044835598,0.6545552337833744,0.903,0.4,0.801490579,5.613024637315071,0.5154175447295755,-83.39,"[621.2000122070312, 427.6000061035156]"
freq_sweep,1789044532.2895503,9.094852862,0.7407063924518789,0.903,0.4,0.8031576385333334,5.865403527736348,0.521553467881118,2.69,"[621.2000122070312, 427.6000061035156]"
freq_sweep,1789044532.3393507,9.14465324,0.8370335231808606,0.903,0.4,0.8048194750666667,6.117512267889964,0.5583690067903734,2.69,"[612.4000244140625, 430.79998779296875]"
freq_sweep,1789044532.3892524,9.194555155,0.9377812019137847,0.903,0.4,0.8064820119333334,0.08706295202077285,0.6105243535784852,2.69,"[612.4000244140625, 430.79998779296875]"
freq_sweep,1789044532.4392536,9.244556336,1.036814459887443,0.903,0.4,0.8081497440000001,0.3411129770883079,0.6764855274575677,78.01,"[604.0, 505.0]"
freq_sweep,1789044532.48944,9.294742534000001,1.1275929513822476,0.903,0.4,0.8098206720333334,0.5961761318830696,0.7562525284276211,80.7,"[604.0, 505.0]"
freq_sweep,1789044532.5393221,9.344624903,1.2036853228490456,0.903,0.4,0.8114843622000001,0.8506561739543486,0.859029241215959,2.69,"[556.4000244140625, 570.4000244140625]"
freq_sweep,1789044532.589535,9.394837614,1.2607623651849382,0.903,0.4,0.8131574487666666,1.1071011409191982,0.9541360500648688,2.69,"[556.4000244140625, 570.4000244140625]"
freq_sweep,1789044532.6394892,9.44479179,1.2943840777125102,0.903,0.4,0.8148226858333334,1.3628656643799175,1.0446409165501216,26.9,"[520.2000122070312, 591.7999877929688]"
freq_sweep,1789044532.6894982,9.494800735,1.3025276783765698,0.903,0.4,0.8164895089666667,1.6193974896372367,1.1320778214596032,67.25,"[520.2000122070312, 591.7999877929688]"
freq_sweep,1789044532.7392945,9.544597057,1.284569339983915,0.903,0.4,0.8181504356,1.8755418145627942,1.210310841641771,67.25,"[470.3999938964844, 632.7999877929688]"
freq_sweep,1789044532.7892895,9.594592255,1.2414252887996668,0.903,0.4,0.8198167225333333,2.1330361529629585,1.2517283229146832,115.67,"[470.3999938964844, 632.7999877929688]"
freq_sweep,1789044532.8392475,9.644550075,1.1758168350656772,0.903,0.4,0.8214829284666667,2.3910412836147046,1.2686021115814252,129.12,"[434.0, 662.7999877929688]"
freq_sweep,1789044532.889277,9.694579678,1.0919197993053156,0.903,0.4,0.8231499394666667,2.649694890675086,1.2686021115814252,0.0,"[434.0, 662.7999877929688]"
freq_sweep,1789044532.9394486,9.74475132,0.9949986984855679,0.903,0.4,0.8248210971000001,2.909518314146858,1.248660361338912,-2.69,"[420.6000061035156, 652.0]"
freq_sweep,1789044532.9894383,9.794740990000001,0.8920234329966944,0.903,0.4,0.8264869336333334,3.169037516307128,1.2072428800659996,-2.69,"[420.6000061035156, 652.0]"
freq_sweep,1789044533.0394425,9.84474516,0.7894962763784616,0.903,0.4,0.8281542096666668,3.4293049586229003,1.145883648550574,-24.21,"[474.20001220703125, 623.4000244140625]"
freq_sweep,1789044533.0895336,9.894836190000001,0.6942914439755083,0.903,0.4,0.8298241804666666,3.690518740034598,1.0676506283684062,-48.42,"[474.20001220703125, 623.4000244140625]"
freq_sweep,1789044533.1392932,9.944595987000001,0.6135732738363846,0.903,0.4,0.8314832644333334,3.9505484681297816,0.9602719732164113,-48.42,"[512.0, 592.7999877929688]"
freq_sweep,1789044533.1892283,9.994530925000001,0.5520426716214297,0.903,0.4,0.8331480510666667,4.211994398502675,0.8620972027917303,-2.69,"[512.0, 592.7999877929688]"
freq_sweep,1789044533.2394059,10.044708489000001,0.5142099102156301,0.903,0.4,0.8348199533666667,4.475084700256055,0.7531845668518499,-2.69,"[567.5999755859375, 544.0]"
freq_sweep,1789044533.2894604,10.094762932,0.5031315297717851,0.903,0.4,0.8364876304,4.7380343484639695,0.6734175658817965,-21.52,"[567.5999755859375, 544.0]"
freq_sweep,1789044533.3395276,10.144830088,0.5196314605670684,0.903,0.4,0.8381569464666667,5.00176769471333,0.6043884304269426,-91.46,"[600.7999877929688, 509.3999938964844]"
freq_sweep,1789044533.3894672,10.194769948000001,0.5626012574942116,0.903,0.4,0.8398217136,5.265304766104265,0.5506991028509451,-67.25,"[600.7999877929688, 509.3999938964844]"
freq_sweep,1789044533.4395053,10.244807802,0.6293839730974936,0.903,0.4,0.8414898416666667,5.529898399596732,0.5276893910326605,-88.77,"[613.7999877929688, 445.6000061035156]"
freq_sweep,1789044533.4895072,10.294809907000001,0.7153115699980536,0.903,0.4,0.8431564641333333,5.794776790190319,0.5292233718205462,0.0,"[613.7999877929688, 445.6000061035156]"
freq_sweep,1789044533.5393486,10.344651247,0.8143158481402691,0.903,0.4,0.8448195669,6.059617152371395,0.5522330836388308,0.0,"[618.0, 445.79998779296875]"
freq_sweep,1789044533.5891912,10.394493977,0.9195716578513179,0.903,0.4,0.8464804643666667,0.04144100510919202,0.5936505649117432,24.21,"[618.0, 445.79998779296875]"
freq_sweep,1789044533.639403,10.444705845000001,1.0245862159036794,0.903,0.4,0.8481531122666668,0.3088524020569139,0.6550097964271688,67.25,"[610.2000122070312, 493.20001220703125]"
freq_sweep,1789044533.689466,10.494768492,1.1209108338822942,0.903,0.4,0.8498215989,0.5761232673414298,0.7332428166093364,110.28999999999999,"[610.2000122070312, 493.20001220703125]"
freq_sweep,1789044533.7393744,10.544677092,1.2017155433945739,0.903,0.4,0.8514857432,0.8432205598068094,0.8298836062461319,2.69,"[566.2000122070312, 567.2000122070312]"
freq_sweep,1789044533.7895021,10.594804746000001,1.2616136828928983,0.903,0.4,0.8531563587333333,1.111882576374974,0.940330222973898,2.69,"[566.2000122070312, 567.2000122070312]"
freq_sweep,1789044533.8395145,10.644817062000001,1.2957752071252064,0.903,0.4,0.8548231051666667,1.3804460279376727,1.0354370318228079,5.38,"[523.7999877929688, 594.5999755859375]"
freq_sweep,1789044533.8894854,10.694787949,1.301763666728316,0.903,0.4,0.8564892769,1.6494401657289046,1.1228739367322893,61.87,"[523.7999877929688, 594.5999755859375]"
freq_sweep,1789044533.9392774,10.744580118,1.2791316774724415,0.903,0.4,0.8581495166,1.9179961781876216,1.2072428800659996,61.87,"[482.79998779296875, 619.7999877929688]"
freq_sweep,1789044533.9892411,10.794543798000001,1.2292316065251396,0.903,0.4,0.8598146321666666,2.187863522673773,1.2517283229146832,107.6,"[482.79998779296875, 619.7999877929688]"
freq_sweep,1789044534.039265,10.844567391,1.1553853140163246,0.903,0.4,0.8614830970333334,2.458798421591247,1.265534150005654,121.05,"[424.6000061035156, 654.5999755859375]"
freq_sweep,1789044534.0894358,10.894738368,1.0628070483069225,0.903,0.4,0.8631536722333334,2.730602066003854,1.2640001692177683,-2.69,"[424.6000061035156, 654.5999755859375]"
freq_sweep,1789044534.1394572,10.944759641000001,0.9585316601720977,0.903,0.4,0.8648204628666667,3.002313635688914,1.239456476611598,-2.69,"[418.6000061035156, 648.0]"
freq_sweep,1789044534.1894224,10.994725023,0.8500195149486871,0.903,0.4,0.8664865528666666,3.2744342282674452,1.193437052975029,-18.83,"[418.6000061035156, 648.0]"
freq_sweep,1789044534.239369,11.044671408000001,0.7452097190609636,0.903,0.4,0.8681527149,3.5470898677218443,1.1228739367322893,-34.97,"[455.0, 634.4000244140625]"
freq_sweep,1789044534.2893987,11.094701243000001,0.6518533453233838,0.903,0.4,0.8698196869,3.820401843135741,1.0369710126106935,-78.01,"[455.0, 634.4000244140625]"
freq_sweep,1789044534.339285,11.144587372,0.5771742510629538,0.903,0.4,0.8714826054,4.093570464630162,0.9219224535192704,-78.01,"[527.0, 581.2000122070312]"
freq_sweep,1789044534.3893025,11.194604947,0.5264669324461497,0.903,0.4,0.8731509211999999,4.3681503393089045,0.8084078752157329,-2.69,"[527.0, 581.2000122070312]"
freq_sweep,1789044534.439418,11.244720666000001,0.503952319557287,0.903,0.4,0.8748199397333334,4.643370950942959,0.7133010663668231,-2.69,"[580.2000122070312, 539.7999877929688]"
freq_sweep,1789044534.4892862,11.294588773000001,0.5114414627321603,0.903,0.4,0.8764833976,4.91819619502575,0.6335340653967698,-48.42,"[580.2000122070312, 539.7999877929688]"
freq_sweep,1789044534.5394378,11.344740293000001,0.548628963341448,0.903,0.4,0.8781538030333333,5.194695219572338,0.5721748338813442,-94.14999999999999,"[607.0, 491.79998779296875]"
freq_sweep,1789044534.589492,11.394794586000002,0.6127816483993098,0.903,0.4,0.8798220287333334,5.471358015822084,0.5338253141842031,-78.01,"[607.0, 491.79998779296875]"
freq_sweep,1789044534.639503,11.444805486,0.6991606870803787,0.903,0.4,0.8814897863666666,5.748467471178969,0.5184855063053467,-43.04,"[630.2000122070312, 428.79998779296875]"
freq_sweep,1789044534.6894424,11.494745031,0.8010394557041829,0.903,0.4,0.8831535772333334,6.025439614259014,0.5292233718205462,2.69,"[630.2000122070312, 428.79998779296875]"
freq_sweep,1789044534.7392638,11.544566375,0.9107955443145825,0.903,0.4,0.8848158232000001,0.01949009469323215,0.5783107570328867,2.69,"[614.5999755859375, 442.6000061035156]"
freq_sweep,1789044534.7891989,11.594501474000001,1.020373938546837,0.903,0.4,0.8864814809666667,0.2978178805149483,0.641203969336198,53.8,"[614.5999755859375, 442.6000061035156]"
freq_sweep,1789044534.8392465,11.644549145000001,1.1212441472345538,0.903,0.4,0.8881498135666668,0.5771172711977073,0.722504951094137,123.74,"[602.2000122070312, 529.2000122070312]"
freq_sweep,1789044534.8894227,11.694725332,1.2054205655943275,0.903,0.4,0.8898200369666667,0.8572590409709164,0.8191457407309324,2.69,"[602.2000122070312, 529.2000122070312]"
freq_sweep,1789044534.9394243,11.744726870000001,1.2660067486427369,0.903,0.4,0.8914867389000001,1.1373337861972246,0.9341942998223555,2.69,"[528.4000244140625, 578.7999877929688]"
freq_sweep,1789044534.989401,11.794703926,1.2983317864480224,0.903,0.4,0.8931530694666667,1.4178695141083182,1.033903051034922,2.69,"[528.4000244140625, 578.7999877929688]"
freq_sweep,1789044535.0395322,11.844834677000001,1.2996829173961717,0.903,0.4,0.8948237864,1.6996698572038014,1.1244079175201749,48.42,"[501.0, 611.2000122070312]"
freq_sweep,1789044535.0893993,11.894702129,1.2698718819436323,0.903,0.4,0.8964865424666667,1.980648583006392,1.1995729761265714,118.36,"[501.0, 611.2000122070312]"
freq_sweep,1789044535.1393437,11.944646382,1.2110381927102443,0.903,0.4,0.8981519716333334,2.2626018407434714,1.2563302652783401,118.36,"[432.6000061035156, 650.7999877929688]"
freq_sweep,1789044535.1892483,11.994551078,1.1278020507443103,0.903,0.4,0.8998156749666667,2.5447846574524533,1.2762720155208536,104.91,"[432.6000061035156, 650.7999877929688]"
freq_sweep,1789044535.2393072,12.044609690000001,1.0262909594464826,0.903,0.4,0.9014839265666668,2.828263506488412,1.2716700731571966,-2.69,"[416.20001220703125, 672.5999755859375]"
freq_sweep,1789044535.2894254,12.094727916,0.9146211960996979,0.903,0.4,0.9031537531666667,3.1125355746308543,1.239456476611598,-2.69,"[416.20001220703125, 672.5999755859375]"
freq_sweep,1789044535.339469,12.144771646,0.8020417146278171,0.903,0.4,0.9048201546666668,3.396747984313194,1.179631225884058,-13.45,"[432.3999938964844, 641.5999755859375]"
freq_sweep,1789044535.3895109,12.194813467000001,0.6971762662497983,0.903,0.4,0.9064900756333334,3.6820863006672084,1.0998642249140047,-24.21,"[432.3999938964844, 641.5999755859375]"
freq_sweep,1789044535.4395888,12.244891318,0.6088805701653652,0.903,0.4,0.908158536,3.96769977164017,1.0032234352772094,-129.12,"[499.79998779296875, 606.5999755859375]"
freq_sweep,1789044535.4894578,12.294760416,0.5445401560468959,0.903,0.4,0.9098198362333334,4.252607775789251,0.9004467224888714,-115.67,"[499.79998779296875, 606.5999755859375]"
freq_sweep,1789044535.5392623,12.344564983000001,0.5090502544187598,0.903,0.4,0.9114823220000001,4.5382400704805335,0.7562525284276211,-115.67,"[564.0, 543.0]"
freq_sweep,1789044535.5892036,12.394506088,0.5055301501242959,0.903,0.4,0.9131478846333334,4.824923908093012,0.6672816427302539,-13.45,"[564.0, 543.0]"
freq_sweep,1789044535.6392531,12.444555594,0.5346065668430082,0.903,0.4,0.9148160930666667,5.112587720178638,0.5951845456996288,-94.14999999999999,"[600.7999877929688, 515.7999877929688]"
freq_sweep,1789044535.6893167,12.494619329,0.5940869650477074,0.903,0.4,0.9164842022,5.400758914590639,0.5460971604872883,-107.6,"[600.7999877929688, 515.7999877929688]"
freq_sweep,1789044535.7394025,12.544705205000001,0.6792419133081515,0.903,0.4,0.9181527421333333,5.689529307527366,0.5200194870932323,-67.25,"[629.4000244140625, 434.6000061035156]"
freq_sweep,1789044535.7893863,12.594688836000001,0.7830206900102671,0.903,0.4,0.9198196838666667,5.978546875262005,0.5230874486690036,2.69,"[629.4000244140625, 434.6000061035156]"
freq_sweep,1789044535.8392968,12.644599366000001,0.8967272842288708,0.903,0.4,0.9214832617666666,6.26750287494022,0.5553010452146021,8.07,"[613.0, 429.3999938964844]"
freq_sweep,1789044535.8893185,12.694621020000001,1.011436222964589,0.903,0.4,0.9231510307666666,0.27452583428146937,0.6120583343663708,18.83,"[613.0, 429.3999938964844]"
freq_sweep,1789044535.9393218,12.744624296000001,1.1171349018456365,0.903,0.4,0.9248167875666666,0.5649069853878785,0.7117670855789375,18.83,"[602.2000122070312, 516.7999877929688]"
freq_sweep,1789044535.9892268,12.794529386,1.2049968831229338,0.903,0.4,0.9264815788,0.8556422362573102,0.8114758367915041,2.69,"[602.2000122070312, 516.7999877929688]"
freq_sweep,1789044536.039421,12.844723758,1.267805434731796,0.903,0.4,0.9281535986666667,1.1481668464529449,0.9326603190344698,2.69,"[545.0, 580.2000122070312]"
freq_sweep,1789044536.089344,12.894646791000001,1.2995861692887862,0.903,0.4,0.9298189882000001,1.4400542576938449,1.033903051034922,5.38,"[545.0, 580.2000122070312]"
freq_sweep,1789044536.1394753,12.944777912000001,1.2977454909140764,0.903,0.4,0.9314877769333334,1.7330623686300868,1.1228739367322893,53.8,"[504.20001220703125, 609.2000122070312]"
freq_sweep,1789044536.1894479,12.994750513000001,1.2622459037566105,0.903,0.4,0.9331539190333333,2.026129049452635,1.1980389953386859,110.28999999999999,"[504.20001220703125, 609.2000122070312]"
freq_sweep,1789044536.239295,13.044597676,1.1961222286786697,0.903,0.4,0.9348168752666667,2.3191566211163632,1.2501943421267976,112.98,"[443.0, 653.5999755859375]"
freq_sweep,1789044536.2894967,13.094799234000002,1.1042188040352947,0.903,0.4,0.9364898205666667,2.6144719057148933,1.2762720155208536,115.67,"[443.0, 653.5999755859375]"
freq_sweep,1789044536.339352,13.144654614,0.9954673754244819,0.903,0.4,0.9381514729666667,2.9083141734448716,1.265534150005654,115.67,"[421.0, 657.7999877929688]"
freq_sweep,1789044536.3892064,13.194509102000001,0.8784758851625641,0.903,0.4,0.9398146159333334,3.2029414161986622,1.2241166687327416,-13.45,"[421.0, 657.7999877929688]"
freq_sweep,1789044536.4394429,13.244745532000001,0.7627545546730475,0.903,0.4,0.9414874835,3.4998188825794045,1.158155494853659,-26.9,"[448.79998779296875, 643.0]"
freq_sweep,1789044536.4894307,13.2947333,0.6594964934189204,0.903,0.4,0.9431539720000001,3.7960877670135744,1.0707185899441776,-37.66,"[448.79998779296875, 643.0]"
freq_sweep,1789044536.5393994,13.344701893000002,0.5773647142752187,0.903,0.4,0.9448197315,4.092750078524347,0.9710098387316108,-177.54,"[511.6000061035156, 597.0]"
freq_sweep,1789044536.5894103,13.394712902,0.5235874904092588,0.903,0.4,0.9464867365666667,4.3901580298083545,0.863631183579616,-2.69,"[511.6000061035156, 597.0]"
freq_sweep,1789044536.6394267,13.444729345,0.5031179528456516,0.903,0.4,0.9481538172,4.688103321742368,0.7363107781851077,-2.69,"[581.5999755859375, 535.0]"
freq_sweep,1789044536.6894171,13.49471974,0.5179286058568224,0.903,0.4,0.9498202410333334,4.98645467476188,0.6442719309119693,-24.21,"[581.5999755859375, 535.0]"
freq_sweep,1789044536.739346,13.544648572000002,0.5667771061058546,0.903,0.4,0.9514841312333333,5.28487426965323,0.5660389107298016,-24.21,"[604.7999877929688, 486.79998779296875]"
freq_sweep,1789044536.7892127,13.59451527,0.6455014319758188,0.903,0.4,0.9531479413666667,5.583801310046063,0.5322913333963175,-48.42,"[604.7999877929688, 486.79998779296875]"
freq_sweep,1789044536.8393373,13.644639827,0.7476135415261754,0.903,0.4,0.9548171246,5.884218885080784,0.5276893910326605,2.69,"[621.5999755859375, 432.79998779296875]"
freq_sweep,1789044536.8895116,13.694814246,0.8641459636573725,0.903,0.4,0.9564903783666667,6.185896815522135,0.5506991028509451,2.69,"[621.5999755859375, 432.79998779296875]"
freq_sweep,1789044536.9393027,13.744605324,0.9834368475922247,0.903,0.4,0.9581501208333334,0.2024726871211442,0.5967185264875144,32.28,"[603.4000244140625, 451.6000061035156]"
freq_sweep,1789044536.9894314,13.794733945,1.0963869500844128,0.903,0.4,0.9598201171333334,0.5046114733515026,0.6642136811544826,104.91,"[603.4000244140625, 451.6000061035156]"
freq_sweep,1789044537.0394871,13.844789595000002,1.1918840379950204,0.903,0.4,0.9614885510333333,0.8069922970648378,0.760854470791278,88.77,"[584.7999877929688, 561.0]"
freq_sweep,1789044537.0894115,13.894714046,1.2611363947572145,0.903,0.4,0.9631531270666667,1.1091962212281317,0.8835729338221293,2.69,"[584.7999877929688, 561.0]"
freq_sweep,1789044537.1392753,13.944577886000001,1.2979442441939892,0.903,0.4,0.9648161273666667,1.411635368530483,1.0200972239439514,2.69,"[535.7999877929688, 588.5999755859375]"
freq_sweep,1789044537.1892736,13.994576243000001,1.2988358607892478,0.903,0.4,0.9664825238333333,1.7152155837954979,1.1136700520049756,40.35,"[535.7999877929688, 588.5999755859375]"
freq_sweep,1789044537.2392528,14.044555425,1.2634203185618218,0.903,0.4,0.9681493972333334,2.0194064143390023,1.193437052975029,110.28999999999999,"[477.20001220703125, 625.0]"
freq_sweep,1789044537.2894626,14.094765352000001,1.194511118931469,0.903,0.4,0.9698213837333334,2.325057290682281,1.2455923997631406,121.05,"[477.20001220703125, 625.0]"
freq_sweep,1789044537.3394082,14.144710745000001,1.0988435260471792,0.903,0.4,0.9714863731333334,2.6299515934456252,1.2716700731571966,115.67,"[431.20001220703125, 664.4000244140625]"
freq_sweep,1789044537.3894224,14.194724978000002,0.9847677210637261,0.903,0.4,0.9731532878,2.935722207320694,1.2701360923693108,-2.69,"[431.20001220703125, 664.4000244140625]"
freq_sweep,1789044537.4394567,14.244759311000001,0.8628439684943776,0.903,0.4,0.9748209389,3.2421521263941457,1.23178657267217,-2.69,"[428.20001220703125, 648.2000122070312]"
freq_sweep,1789044537.4894097,14.294712292000002,0.7446168718464454,0.903,0.4,0.9764864047,3.5487033423850534,1.1658253987930873,-24.21,"[428.20001220703125, 648.2000122070312]"
freq_sweep,1789044537.539257,14.344559445000002,0.6411405409211726,0.903,0.4,0.9781493418666667,3.855310387734832,1.0507768397016641,-24.21,"[479.6000061035156, 633.7999877929688]"
freq_sweep,1789044537.5892322,14.394534876000002,0.5618514871633834,0.903,0.4,0.9798155982333334,4.163052757591274,0.9480001269133262,-169.47,"[479.6000061035156, 633.7999877929688]"
freq_sweep,1789044537.6393816,14.444684312000001,0.5145048645222339,0.903,0.4,0.9814853599333333,4.4719680758257425,0.8360195293976744,-2.69,"[534.2000122070312, 558.2000122070312]"
freq_sweep,1789044537.6894379,14.494740380000001,0.503944982286888,0.903,0.4,0.9831536756333333,4.781140511323031,0.7148350471547088,-2.69,"[534.2000122070312, 558.2000122070312]"
freq_sweep,1789044537.7394211,14.544723644000001,0.5312497617442296,0.903,0.4,0.9848200017000001,5.090467612560445,0.6289321230331129,-37.66,"[589.5999755859375, 516.2000122070312]"
freq_sweep,1789044537.78944,14.594742420000001,0.5940077816349101,0.903,0.4,0.9864870211333334,5.400447246811112,0.5645049299419159,-96.84,"[589.5999755859375, 516.2000122070312]"
freq_sweep,1789044537.83953,14.644832576,0.6865911014849782,0.903,0.4,0.9881571624333334,5.711533171472183,0.5399612373357456,-67.25,"[608.4000244140625, 448.20001220703125]"
freq_sweep,1789044537.8894327,14.694735381000001,0.7996466721719018,0.903,0.4,0.9898203056000001,6.0218369884015885,0.5399612373357456,0.0,"[608.4000244140625, 448.20001220703125]"
freq_sweep,1789044537.9393077,14.744610317000001,0.9229170696501224,0.903,0.4,0.9914852456666667,0.04981327236394151,0.5752427954571154,0.0,"[610.5999755859375, 445.6000061035156]"
freq_sweep,1789044537.9892435,14.794546228000002,1.0443853589069898,0.903,0.4,0.9931489780666667,0.36127091874360673,0.6320000846088841,61.87,"[610.5999755859375, 445.6000061035156]"
freq_sweep,1789044538.0392592,14.844561939,1.152640450126554,0.903,0.4,0.9948165983,0.6739805818339377,0.7133010663668231,126.42999999999999,"[595.2000122070312, 519.4000244140625]"
freq_sweep,1789044538.0892415,14.894544123000001,1.236739500970873,0.903,0.4,0.9964828146,0.9869502972761452,0.8191457407309324,2.69,"[595.2000122070312, 519.4000244140625]"
freq_sweep,1789044538.1394062,14.944708844,1.2885517107796511,0.903,0.4,0.9981530615666667,1.301202954019864,0.944932165337555,2.69,"[536.7999877929688, 578.4000244140625]"
freq_sweep,1789044538.189329,14.994631693,1.3026095417675834,0.903,0.4,0.9998180282,1.614984660830622,1.0538448012774355,13.45,"[536.7999877929688, 578.4000244140625]"
freq_sweep,1789044538.2394564,15.044758859000002,1.2775876337109586,0.903,0.4,0.9985126929333333,1.9291683306616605,1.1520195717021164,72.63,"[494.6000061035156, 611.7999877929688]"
freq_sweep,1789044538.2894332,15.094735811000001,1.2161687261791247,0.903,0.4,0.9968465203,2.242244071727093,1.2241166687327416,112.98,"[494.6000061035156, 611.7999877929688]"
freq_sweep,1789044538.339392,15.144694525,1.1245627336917785,0.903,0.4,0.9951817001,2.5545432497752856,1.2624661884298827,112.98,"[439.79998779296875, 653.2000122070312]"
freq_sweep,1789044538.3892279,15.194530518,1.0118410133905162,0.903,0.4,0.9935185095,2.8660153185326394,1.260932207641997,-2.69,"[439.79998779296875, 653.2000122070312]"
freq_sweep,1789044538.4393165,15.244619311000001,0.8884711438256514,0.903,0.4,0.9918501925333333,3.177922785391438,1.23178657267217,-2.69,"[435.3999938964844, 644.4000244140625]"
freq_sweep,1789044538.4893742,15.294676753000001,0.7666682730040457,0.903,0.4,0.9901814144,3.4893915453839597,1.1734953027325155,-34.97,"[435.3999938964844, 644.4000244140625]"
freq_sweep,1789044538.5393841,15.344686864000002,0.6582582271827712,0.903,0.4,0.9885144627333333,3.7999956270101265,1.0921943209745766,-69.94,"[471.3999938964844, 621.2000122070312]"
freq_sweep,1789044538.5895133,15.394815936,0.573304087401638,0.903,0.4,0.9868454915,4.11045096789902,0.9894176081862386,-172.16,"[471.3999938964844, 621.2000122070312]"
freq_sweep,1789044538.639459,15.444761518000002,0.5199824531865718,0.903,0.4,0.9851788414333333,4.419950946320434,0.8728350683069298,-2.69,"[556.0, 566.0]"
freq_sweep,1789044538.689484,15.494786449000001,0.5030557294835194,0.903,0.4,0.9835113561666666,4.729081909672352,0.7439806821245359,-2.69,"[556.0, 566.0]"
freq_sweep,1789044538.739528,15.544830719,0.5239517880434374,0.903,0.4,0.9818449816666666,5.037483535525276,0.6320000846088841,-2.69,"[586.5999755859375, 521.4000244140625]"
freq_sweep,1789044538.7894535,15.594755918,0.5804699463465606,0.903,0.4,0.9801790891333333,5.345272849673158,0.5645049299419159,-99.53,"[586.5999755859375, 521.4000244140625]"
freq_sweep,1789044538.8392718,15.644574293000002,0.6668966317423629,0.903,0.4,0.9785171757333333,5.6518063650429795,0.5353592949720888,-83.39,"[614.0, 459.3999938964844]"
freq_sweep,1789044538.8893762,15.694678613,0.7756567744483993,0.903,0.4,0.9768478141333333,5.959188378748301,0.5353592949720888,2.69,"[614.0, 459.3999938964844]"
freq_sweep,1789044538.93951,15.744812701,0.8962622344259292,0.903,0.4,0.9751768449333332,6.266340096586411,0.5583690067903734,5.38,"[612.2000122070312, 438.6000061035156]"
freq_sweep,1789044538.9894185,15.794721135000001,1.016777905378902,0.903,0.4,0.9735132615,0.28842721811673755,0.6089903727905995,18.83,"[612.2000122070312, 438.6000061035156]"
freq_sweep,1789044539.0395334,15.844836082,1.1270259102845375,0.903,0.4,0.9718426459,0.5944639870875363,0.6872233929727672,121.05,"[597.0, 519.2000122070312]"
freq_sweep,1789044539.0894477,15.894750384000002,1.2159898003582206,0.903,0.4,0.9701793965666666,0.898629890427685,0.7884661249732196,69.94,"[597.0, 519.2000122070312]"
freq_sweep,1789044539.1392803,15.944582794,1.2761278534843057,0.903,0.4,0.9685167741666666,1.2021600828720693,0.940330222973898,69.94,"[541.5999755859375, 570.7999877929688]"
freq_sweep,1789044539.1892624,15.994564978000001,1.302155289142874,0.903,0.4,0.9668507065999999,1.5057960063529237,1.0446409165501216,2.69,"[541.5999755859375, 570.7999877929688]"
freq_sweep,1789044539.2394302,16.044732867,1.2916344150609027,0.903,0.4,0.9651800040333334,1.8097505073016151,1.1382137446111458,61.87,"[497.20001220703125, 608.2000122070312]"
freq_sweep,1789044539.2892988,16.094601477,1.2458578317431916,0.903,0.4,0.9635163965333332,2.1118925091470118,1.210310841641771,123.74,"[497.20001220703125, 608.2000122070312]"
freq_sweep,1789044539.3394547,16.144757279,1.168776400961419,0.903,0.4,0.9618454171666666,2.4148470667846738,1.2563302652783401,115.67,"[440.3999938964844, 640.4000244140625]"
freq_sweep,1789044539.3892612,16.194563862000003,1.0683195605075961,0.903,0.4,0.9601841599333334,2.715518761304466,1.2732040539450822,40.35,"[440.3999938964844, 640.4000244140625]"
freq_sweep,1789044539.4393773,16.244679949000002,0.95265453771244,0.903,0.4,0.9585147801333332,3.0171352579467623,1.260932207641997,-2.69,"[416.20001220703125, 657.4000244140625]"
freq_sweep,1789044539.4895232,16.294825672,0.8325436988499034,0.903,0.4,0.9568430080333333,3.31865717372915,1.2118448224296565,-21.52,"[416.20001220703125, 657.4000244140625]"
freq_sweep,1789044539.539351,16.344653622000003,0.7195747502047352,0.903,0.4,0.9551805942999999,3.617970278354676,1.1198059751565181,-21.52,"[444.79998779296875, 638.5999755859375]"
freq_sweep,1789044539.5892313,16.394533838,0.6230875479120828,0.903,0.4,0.9535186194,3.9166837172223126,1.026233147095494,-96.84,"[444.79998779296875, 638.5999755859375]"
freq_sweep,1789044539.6394427,16.444745484000002,0.5511359344965427,0.903,0.4,0.9518462409,4.216739843220452,0.923456434307156,-147.95,"[519.2000122070312, 596.7999877929688]"
freq_sweep,1789044539.6893036,16.494606284,0.5107971463445624,0.903,0.4,0.9501830910666667,4.514618781601499,0.8022719520641903,-2.69,"[519.2000122070312, 596.7999877929688]"
freq_sweep,1789044539.7395158,16.544818403,0.5050438311059189,0.903,0.4,0.9485112813666666,4.813521912715558,0.6964272777000811,-2.69,"[598.0, 533.2000122070312]"
freq_sweep,1789044539.7893996,16.594702185000003,0.5342948120344546,0.903,0.4,0.9468468566333333,5.1105824933503925,0.6151262959421421,-48.42,"[598.0, 533.2000122070312]"
freq_sweep,1789044539.8394027,16.6447052,0.595810014233892,0.903,0.4,0.9451802331666667,5.407511924423517,0.5537670644267164,-123.74,"[607.0, 475.0]"
freq_sweep,1789044539.8894048,16.694707391,0.6840443612876919,0.903,0.4,0.9435134615999999,5.70394407664152,0.5230874486690036,-67.25,"[607.0, 475.0]"
freq_sweep,1789044539.9393425,16.744644933,0.7911140100789147,0.903,0.4,0.9418476181333333,5.99968808636865,0.526155410244775,-67.25,"[618.4000244140625, 427.3999938964844]"
freq_sweep,1789044539.989302,16.794604467000003,0.9075353143128215,0.903,0.4,0.9401839519666666,0.011338528731592135,0.5629709491540303,10.76,"[618.4000244140625, 427.3999938964844]"
freq_sweep,1789044540.03936,16.844662681000003,1.0236489279127172,0.903,0.4,0.9385160885666667,0.3063937630879039,0.6227961998815703,37.66,"[608.5999755859375, 469.6000061035156]"
freq_sweep,1789044540.0892982,16.894600988,1.1290609244838503,0.903,0.4,0.9368499655,0.6006178645581528,0.7040971816395093,139.88,"[608.5999755859375, 469.6000061035156]"
freq_sweep,1789044540.1394336,16.944736126000002,1.2151032771878727,0.903,0.4,0.9351795244333333,0.8950785175491021,0.8053399136399616,29.59,"[572.7999877929688, 560.0]"
freq_sweep,1789044540.1894143,16.994716921000002,1.274096588464937,0.903,0.4,0.9335130573,1.188315183336421,0.9311263382465842,2.69,"[572.7999877929688, 560.0]"
freq_sweep,1789044540.2394342,17.044736985,1.3013909851038434,0.903,0.4,0.9318463419666666,1.4810718938024579,1.0400389741864646,2.69,"[524.0, 586.7999877929688]"
freq_sweep,1789044540.289475,17.094777421,1.294794542164916,0.903,0.4,0.9301773916999999,1.7736961332573387,1.1320778214596032,61.87,"[524.0, 586.7999877929688]"
freq_sweep,1789044540.3393517,17.144654347,1.2551712344880204,0.903,0.4,0.928513976,2.0648284151725917,1.2164467647933135,61.87,"[473.0, 626.0]"
freq_sweep,1789044540.3892982,17.19460086,1.1860360978476674,0.903,0.4,0.9268501509,2.3555105356988335,1.2593982268541113,118.36,"[473.0, 626.0]"
freq_sweep,1789044540.4395397,17.244842133000002,1.0926788812749768,0.903,0.4,0.9251755843999999,2.6475406813210682,1.2762720155208536,53.8,"[425.20001220703125, 653.2000122070312]"
freq_sweep,1789044540.4893208,17.294623305000002,0.9844649899666721,0.903,0.4,0.9235156755333332,2.9364952991060065,1.2640001692177683,-2.69,"[425.20001220703125, 653.2000122070312]"
freq_sweep,1789044540.5394592,17.344761915,0.868994208748573,0.903,0.4,0.9218455083333333,3.2267098726986134,1.222582687944856,-8.07,"[422.0, 641.2000122070312]"
freq_sweep,1789044540.589468,17.394770592,0.7567770430638114,0.903,0.4,0.9201786589,3.515824224981209,1.1550875332778878,-21.52,"[422.0, 641.2000122070312]"
freq_sweep,1789044540.6395118,17.44481452,0.6567557427066572,0.903,0.4,0.9185098513666666,3.8047532641219917,1.0630486860047492,-45.73,"[484.20001220703125, 635.7999877929688]"
freq_sweep,1789044540.6894777,17.494780225,0.577449984852628,0.903,0.4,0.9168455321333333,4.092383096437821,0.961805954004297,-166.78,"[484.20001220703125, 635.7999877929688]"
freq_sweep,1789044540.7393553,17.544657847,0.5249428855075033,0.903,0.4,0.9151804388333333,4.379624093303228,0.8283496254582462,-166.78,"[543.0, 558.0]"
freq_sweep,1789044540.7892232,17.594525979,0.5034316193882304,0.903,0.4,0.9135177483666667,4.665929480085289,0.7179030087304801,-2.69,"[543.0, 558.0]"
freq_sweep,1789044540.839275,17.644577555,0.5144778279269773,0.903,0.4,0.9118503244999999,4.952525855484289,0.6366020269725411,-18.83,"[596.0, 537.0]"
freq_sweep,1789044540.8893347,17.694637152000002,0.557152487009958,0.903,0.4,0.9101817559666666,5.238794181453251,0.5721748338813442,-118.36,"[596.0, 537.0]"
freq_sweep,1789044540.9393957,17.744698383,0.6277995540456889,0.903,0.4,0.9085136757,5.524454250501243,0.5353592949720888,-83.39,"[625.0, 472.20001220703125]"
freq_sweep,1789044540.9894013,17.794704189,0.7204885322641501,0.903,0.4,0.9068468448666667,5.80937665117002,0.5184855063053467,2.69,"[625.0, 472.20001220703125]"
freq_sweep,1789044541.0394247,17.844727253000002,0.8277017174671909,0.903,0.4,0.9051798123666667,6.09380969539307,0.5353592949720888,2.69,"[635.4000244140625, 429.0]"
freq_sweep,1789044541.0894327,17.894735422,0.9407620561216601,0.903,0.4,0.9035127073333332,0.09454593400040778,0.5783107570328867,10.76,"[635.4000244140625, 429.0]"
freq_sweep,1789044541.1392891,17.944591810000002,1.0503351732736128,0.903,0.4,0.9018498631333334,0.37722062541408263,0.6580777580029401,10.76,"[618.5999755859375, 483.20001220703125]"
freq_sweep,1789044541.1892462,17.994548552,1.148195803875381,0.903,0.4,0.9001842751999999,0.65983881573014,0.7470486437003072,110.28999999999999,"[618.5999755859375, 483.20001220703125]"
freq_sweep,1789044541.2393959,18.044698652,1.2266785407507226,0.903,0.4,0.8985136656333332,0.9427830013947442,0.8574952604280734,2.69,"[558.2000122070312, 566.2000122070312]"
freq_sweep,1789044541.2893794,18.094681993000002,1.2792560153385786,0.903,0.4,0.8968471449333333,1.2245111656725527,0.9679418771558396,2.69,"[558.2000122070312, 566.2000122070312]"
freq_sweep,1789044541.3394544,18.144756909,1.3021599534985324,0.903,0.4,0.8951790807666666,1.5059757784017336,1.059980724428978,10.76,"[516.4000244140625, 595.4000244140625]"
freq_sweep,1789044541.3895144,18.194817021000002,1.2936777396320431,0.903,0.4,0.8935098361999999,1.787114348847311,1.1474176293384597,88.77,"[516.4000244140625, 595.4000244140625]"
freq_sweep,1789044541.4394245,18.244727275000002,1.2548153769605075,0.903,0.4,0.8918467084333332,2.0667013341317073,1.214912784005428,129.12,"[457.20001220703125, 633.2000122070312]"
freq_sweep,1789044541.4895308,18.294833288,1.188430743240005,0.903,0.4,0.8901762060999999,2.3470020399368536,1.260932207641997,121.05,"[457.20001220703125, 633.2000122070312]"
freq_sweep,1789044541.5393476,18.344650099000003,1.1004215912931135,0.903,0.4,0.8885138123999999,2.6254212461648194,1.2762720155208536,121.05,"[420.0, 663.2000122070312]"
freq_sweep,1789044541.5892727,18.394575318,0.997367361301112,0.903,0.4,0.8868507619666667,2.9034291135935604,1.2624661884298827,-2.69,"[420.0, 663.2000122070312]"
freq_sweep,1789044541.6392488,18.444551393,0.8870091812790173,0.903,0.4,0.8851837202666667,3.18158035637218,1.2210487071569704,-2.69,"[422.0, 651.4000244140625]"
freq_sweep,1789044541.6893816,18.494684014,0.7779226648026341,0.903,0.4,0.8835141992,3.4596198956301976,1.1550875332778878,-29.59,"[422.0, 651.4000244140625]"
freq_sweep,1789044541.7395163,18.544818879,0.6785503794488279,0.903,0.4,0.8818434619333334,3.7373358194832775,1.0722525707320631,-43.04,"[478.0, 620.4000244140625]"
freq_sweep,1789044541.7894573,18.594759941,0.5967363459419832,0.903,0.4,0.8801779634999999,4.013658060712828,0.9771457618831534,-172.16,"[478.0, 620.4000244140625]"
freq_sweep,1789044541.8394115,18.644714258,0.5382743796291318,0.903,0.4,0.8785135792666666,4.289273279761929,0.8713010875190442,-2.69,"[547.5999755859375, 565.2000122070312]"
freq_sweep,1789044541.8894787,18.694781372,0.5073359883778463,0.903,0.4,0.8768452657,4.56501454626914,0.7501166052760785,-2.69,"[547.5999755859375, 565.2000122070312]"
freq_sweep,1789044541.9392483,18.744550912,0.5062050868008005,0.903,0.4,0.8751840331333333,4.839065264912847,0.6473398924877406,-2.69,"[589.2000122070312, 525.0]"
freq_sweep,1789044541.9892735,18.794576152,0.5347436243496193,0.903,0.4,0.8735175037333334,5.11346628063481,0.5829126993965437,-107.6,"[589.2000122070312, 525.0]"
freq_sweep,1789044542.039451,18.844753609,0.5909084362956118,0.903,0.4,0.8718460371333332,5.388153607921154,0.5384272565478601,-86.08,"[616.4000244140625, 499.3999938964844]"
freq_sweep,1789044542.0894318,18.894734292000003,0.6700502498996052,0.903,0.4,0.8701793072666667,5.661538866198541,0.516951525517461,-75.32,"[616.4000244140625, 499.3999938964844]"
freq_sweep,1789044542.139431,18.944733749,0.7662856398754052,0.903,0.4,0.8685127718,5.934368721685075,0.521553467881118,2.69,"[619.7999877929688, 420.79998779296875]"
freq_sweep,1789044542.1893206,18.994623082,0.8722181919873193,0.903,0.4,0.8668494275333333,6.206154629933934,0.5537670644267164,10.76,"[619.7999877929688, 420.79998779296875]"
freq_sweep,1789044542.2394145,19.044717014,0.9806062912525148,0.903,0.4,0.8651798149,0.19525401357189054,0.6089903727905995,26.9,"[603.2000122070312, 467.79998779296875]"
freq_sweep,1789044542.2894309,19.094733453,1.0829383881043615,0.903,0.4,0.8635127899999999,0.4665928663464385,0.6856894121848816,83.39,"[603.2000122070312, 467.79998779296875]"
freq_sweep,1789044542.3393297,19.144632276000003,1.1717640600862569,0.903,0.4,0.8618496076666666,0.7367848591833521,0.7961360289126478,83.39,"[569.2000122070312, 561.4000244140625]"
freq_sweep,1789044542.38923,19.194532446,1.2410348694181657,0.903,0.4,0.8601847398333332,1.006728200480488,0.9096506072161852,2.69,"[569.2000122070312, 561.4000244140625]"
freq_sweep,1789044542.4395578,19.244860255000003,1.2859723072960532,0.903,0.4,0.858508621,1.2779662356208021,1.0062913968529805,5.38,"[523.2000122070312, 584.5999755859375]"
freq_sweep,1789044542.489481,19.294783565,1.3028840623403404,0.903,0.4,0.8568446345666666,1.5467190282821335,1.0952622825503477,48.42,"[523.2000122070312, 584.5999755859375]"
freq_sweep,1789044542.5394843,19.344786864,1.2911067596299304,0.903,0.4,0.8551787110333333,1.8152615527377165,1.1704273411567443,104.91,"[486.20001220703125, 655.0]"
freq_sweep,1789044542.5894163,19.394718987,1.2516215217422757,0.903,0.4,0.8535131040666666,2.0832301143149508,1.2287186110963986,118.36,"[486.20001220703125, 655.0]"
freq_sweep,1789044542.6395001,19.444802821,1.1873083653126622,0.903,0.4,0.8518454793,2.3509991055363244,1.265534150005654,131.81,"[438.6000061035156, 658.0]"
freq_sweep,1789044542.6894684,19.494770787,1.1029883394586544,0.903,0.4,0.8501792072666666,2.618027538747846,1.2747380347329678,88.77,"[438.6000061035156, 658.0]"
freq_sweep,1789044542.7394292,19.544731872,1.004748302959418,0.903,0.4,0.8485137933,2.884395650504551,1.2593982268541113,88.77,"[423.20001220703125, 653.7999877929688]"
freq_sweep,1789044542.7894335,19.594736023000003,0.8994419882047447,0.903,0.4,0.8468468298666667,3.1504878003801977,1.2164467647933135,-13.45,"[423.20001220703125, 653.7999877929688]"
freq_sweep,1789044542.8392844,19.64458695,0.7947913437108363,0.903,0.4,0.8451831914666667,3.415527487814849,1.1520195717021164,-18.83,"[443.6000061035156, 652.4000244140625]"
freq_sweep,1789044542.8892846,19.694587232,0.6977187395486596,0.903,0.4,0.8435166546666666,3.6805054116742255,1.0707185899441776,-37.66,"[443.6000061035156, 652.4000244140625]"
freq_sweep,1789044542.9394412,19.744743787,0.6149347804272736,0.903,0.4,0.8418458864333332,3.9456299507725205,0.9817477042468103,-174.85,"[494.3999938964844, 584.0]"
freq_sweep,1789044542.9895554,19.794857930000003,0.5524008868057113,0.903,0.4,0.840175734,4.21013098089589,0.8835729338221293,-5.38,"[494.3999938964844, 584.0]"
freq_sweep,1789044543.039403,19.844705458,0.5144213065530807,0.903,0.4,0.8385135646999999,4.472846950215136,0.7669903939428205,-2.69,"[570.0, 580.2000122070312]"
freq_sweep,1789044543.089541,19.894843548,0.5031158825077565,0.903,0.4,0.8368423855,4.736460551116956,0.679553489033339,-26.9,"[570.0, 580.2000122070312]"
freq_sweep,1789044543.1393003,19.944603121,0.5191550510149793,0.903,0.4,0.8351838309999999,4.997564204133717,0.5967185264875144,-26.9,"[600.2000122070312, 500.3999938964844]"
freq_sweep,1789044543.1892407,19.994543381,0.5613408192521057,0.903,0.4,0.8335180967666667,5.259275138317911,0.5460971604872883,-59.18,"[600.2000122070312, 500.3999938964844]"
freq_sweep,1789044543.2392797,20.044582352000003,0.626761772197495,0.903,0.4,0.8318497422,5.5208731049067055,0.526155410244775,-78.01,"[618.7999877929688, 433.3999938964844]"
freq_sweep,1789044543.289453,20.094755467000002,0.7109490947136453,0.903,0.4,0.8301785759,5.782385521437497,0.5276893910326605,2.69,"[618.7999877929688, 433.3999938964844]"
freq_sweep,1789044543.3395734,20.144876067000002,0.8078289830849071,0.903,0.4,0.8285100900333333,6.042953747988868,0.5460971604872883,2.69,"[609.4000244140625, 433.20001220703125]"
freq_sweep,1789044543.389526,20.194828359000002,0.9108393629928933,0.903,0.4,0.8268429688333333,0.019599662315940236,0.5844466801844292,8.07,"[609.4000244140625, 433.20001220703125]"
freq_sweep,1789044543.439414,20.244716848,1.012872623372137,0.903,0.4,0.8251800253,0.2782585063801406,0.6442719309119693,48.42,"[607.7999877929688, 481.3999938964844]"
freq_sweep,1789044543.4895456,20.29484823,1.1078443726432743,0.903,0.4,0.8235090478666667,0.5376406546939023,0.722504951094137,112.98,"[607.7999877929688, 481.3999938964844]"
freq_sweep,1789044543.5393746,20.344677201,1.1885782438049892,0.903,0.4,0.8218469927333333,0.7951171087487978,0.8406214717613314,112.98,"[564.0, 562.2000122070312]"
freq_sweep,1789044543.5892658,20.394568288000002,1.250411771030453,0.903,0.4,0.8201839350999999,1.0522275309901943,0.9433981845496693,2.69,"[564.0, 562.2000122070312]"
freq_sweep,1789044543.6393855,20.444688023,1.289455199847424,0.903,0.4,0.8185143740333333,1.309817971760367,1.033903051034922,8.07,"[517.0, 587.0]"
freq_sweep,1789044543.6894283,20.494730901,1.302996567998612,0.903,0.4,0.8168463041666666,1.5666538599598994,1.1167380135807468,69.94,"[517.0, 587.0]"
freq_sweep,1789044543.7394216,20.544724206,1.2903731302409107,0.903,0.4,0.8151797846,1.8227275391674596,1.1857671490356005,104.91,"[471.79998779296875, 626.4000244140625]"
freq_sweep,1789044543.789474,20.594776420000002,1.2525372681536204,0.903,0.4,0.8135115429666666,2.0785412384737896,1.2379224958237125,118.36,"[471.79998779296875, 626.4000244140625]"
freq_sweep,1789044543.8395844,20.644886966,1.192028946520676,0.903,0.4,0.8118416897999999,2.334076452814287,1.2701360923693108,134.5,"[432.79998779296875, 660.5999755859375]"
freq_sweep,1789044543.889386,20.694688497,1.1133974485068516,0.903,0.4,0.8101808680666666,2.5877096672421374,1.2762720155208536,53.8,"[432.79998779296875, 660.5999755859375]"
freq_sweep,1789044543.9393625,20.744665029,1.021137562582316,0.903,0.4,0.8085137720666666,2.8417771908462868,1.2578642460662257,53.8,"[418.20001220703125, 650.0]"
freq_sweep,1789044543.9892657,20.794568507,0.9217425728302615,0.903,0.4,0.8068506411,3.094719058805765,1.217980745581199,-2.69,"[418.20001220703125, 650.0]"
freq_sweep,1789044544.0392618,20.844564379,0.8211099428649407,0.903,0.4,0.805183311,3.3477755478535727,1.1596894756415448,-26.9,"[441.0, 626.4000244140625]"
freq_sweep,1789044544.089484,20.894786599,0.725632440582859,0.903,0.4,0.8035113884666667,3.6010021401420147,1.086058397823034,-26.9,"[441.0, 626.4000244140625]"
freq_sweep,1789044544.139428,20.944730524,0.6419515126697877,0.903,0.4,0.8018465624,3.8526314705197393,1.0016894544893238,-139.88,"[541.0, 601.7999877929688]"
freq_sweep,1789044544.1895301,20.994832730000002,0.5746424480763086,0.903,0.4,0.8001762299333333,4.104567158462686,0.9065826456404139,-75.32,"[541.0, 601.7999877929688]"
freq_sweep,1789044544.2394474,21.044749890000002,0.528262387711152,0.903,0.4,0.7985118191999999,4.355087491055045,0.7930680673368765,-2.69,"[582.7999877929688, 557.0]"
freq_sweep,1789044544.289397,21.094699838,0.5052978944211333,0.903,0.4,0.7968469881333333,4.605148644441556,0.705631162427395,-34.97,"[582.7999877929688, 557.0]"
freq_sweep,1789044544.3392637,21.144566145000002,0.5070291522794039,0.903,0.4,0.7951837829666667,4.854444158093827,0.619728238305799,-34.97,"[610.7999877929688, 515.7999877929688]"
freq_sweep,1789044544.3892217,21.194524456,0.5332306461999807,0.903,0.4,0.7935175883,5.103664461499974,0.5645049299419159,-94.14999999999999,"[610.7999877929688, 515.7999877929688]"
freq_sweep,1789044544.4392767,21.244579245,0.582194112601436,0.903,0.4,0.7918502978999999,5.352524667964971,0.5307573526084318,-99.53,"[611.0, 462.3999938964844]"
freq_sweep,1789044544.489429,21.294731689000002,0.6509102105439013,0.903,0.4,0.7901797636999999,5.6013430132387185,0.5184855063053467,-80.7,"[611.0, 462.3999938964844]"
freq_sweep,1789044544.5394404,21.344743109000003,0.7347615748125333,0.903,0.4,0.7885129528999999,5.8490830859566785,0.5230874486690036,2.69,"[627.5999755859375, 422.6000061035156]"
freq_sweep,1789044544.5894916,21.394794191000003,0.8287812846970845,0.903,0.4,0.7868444018999999,6.096557023265035,0.5506991028509451,2.69,"[627.5999755859375, 422.6000061035156]"
freq_sweep,1789044544.6394668,21.444769528000002,0.9269637419054982,0.903,0.4,0.7851783942333334,0.059945249853448956,0.5997864880632857,16.14,"[614.0, 465.6000061035156]"
freq_sweep,1789044544.6895013,21.494803844,1.02358757816798,0.903,0.4,0.7835107763666667,0.3062329008704481,0.6642136811544826,59.18,"[614.0, 465.6000061035156]"
freq_sweep,1789044544.7394059,21.544708434,1.112566345565392,0.903,0.4,0.7818469293666667,0.5514418103671872,0.7593204900033924,59.18,"[595.0, 550.7999877929688]"
freq_sweep,1789044544.7893493,21.594651876,1.1889523543103764,0.903,0.4,0.7801808686666667,0.7964537450754037,0.8605632220038447,2.69,"[595.0, 550.7999877929688]"
freq_sweep,1789044544.8394096,21.644712055000003,1.2481890732498182,0.903,0.4,0.7785135680999999,1.0411240182132033,0.9541360500648688,2.69,"[544.2000122070312, 569.2000122070312]"
freq_sweep,1789044544.8894928,21.694795538,1.2868355374880989,0.903,0.4,0.7768444389666666,1.2855374797037271,1.0369710126106935,26.9,"[544.2000122070312, 569.2000122070312]"
freq_sweep,1789044544.9394183,21.744720916000002,1.3026466711822757,0.903,0.4,0.7751798641,1.528761766777599,1.1182719943686323,72.63,"[512.0, 611.2000122070312]"
freq_sweep,1789044544.989515,21.794817699000003,1.2949113537373667,0.903,0.4,0.7735099416,1.772241792661383,1.1857671490356005,96.84,"[512.0, 611.2000122070312]"
freq_sweep,1789044545.0394192,21.844721812000003,1.2643081839491164,0.903,0.4,0.7718464602333334,2.0142610814593027,1.2363885150358267,123.74,"[444.20001220703125, 646.5999755859375]"
freq_sweep,1789044545.0894513,21.894753914000002,1.2126271247830787,0.903,0.4,0.7701788885666666,2.2563512989331755,1.2686021115814252,139.88,"[444.20001220703125, 646.5999755859375]"
freq_sweep,1789044545.1392605,21.944563124000002,1.1433496796823563,0.903,0.4,0.7685176746666667,2.496998347416259,1.2778059963087391,139.88,"[410.20001220703125, 659.2000122070312]"
freq_sweep,1789044545.1892245,21.994527104000003,1.0601429830994875,0.903,0.4,0.7668513953333332,2.7378558301230314,1.2686021115814252,-2.69,"[410.20001220703125, 659.2000122070312]"
freq_sweep,1789044545.239386,22.044688673000003,0.9678110775530753,0.903,0.4,0.7651805471666666,2.978847499542475,1.2363885150358267,-2.69,"[415.20001220703125, 656.4000244140625]"
freq_sweep,1789044545.289451,22.094753571000002,0.8720987373398028,0.903,0.4,0.7635124153666666,3.2189228591307497,1.184233168247715,-21.52,"[415.20001220703125, 656.4000244140625]"
freq_sweep,1789044545.3394606,22.144763306,0.7784356065667714,0.903,0.4,0.7618457041666666,3.4582701410571346,1.1152040327928612,-48.42,"[460.0, 635.4000244140625]"
freq_sweep,1789044545.3895214,22.194823945000003,0.6919299153276302,0.903,0.4,0.7601764732333333,3.697454056918424,1.038504993398579,-83.39,"[460.0, 635.4000244140625]"
freq_sweep,1789044545.43952,22.244822562000003,0.6176971849243527,0.903,0.4,0.7585099473,3.9357268632748443,0.9526020692769832,-134.5,"[523.2000122070312, 598.5999755859375]"
freq_sweep,1789044545.4894433,22.294745678,0.5597719288866299,0.903,0.4,0.7568461165333333,4.173092507694683,0.8528933180644165,-2.69,"[523.2000122070312, 598.5999755859375]"
freq_sweep,1789044545.5393674,22.344670155000003,0.5211320043178767,0.903,0.4,0.7551808391999999,4.410141796203668,0.7393787397608791,-2.69,"[566.0, 547.4000244140625]"
freq_sweep,1789044545.5892134,22.394515847,0.503871491844696,0.903,0.4,0.7535176957999999,4.6463659356881735,0.6672816427302539,-34.97,"[566.0, 547.4000244140625]"
freq_sweep,1789044545.6392384,22.44454079,0.5087849624574607,0.903,0.4,0.7518503171333333,4.882667583936232,0.602854449639057,-75.32,"[612.2000122070312, 519.5999755859375]"
freq_sweep,1789044545.689513,22.494815562000003,0.5356696301779151,0.903,0.4,0.7501764891666666,5.11935512183657,0.5553010452146021,-94.14999999999999,"[612.2000122070312, 519.5999755859375]"
freq_sweep,1789044545.7395372,22.544839933000002,0.5826856041198301,0.903,0.4,0.7485093071999999,5.35457895992851,0.5246214294568893,-112.98,"[622.2000122070312, 443.20001220703125]"
freq_sweep,1789044545.7895958,22.594898304,0.6472131382782531,0.903,0.4,0.7468414030666666,5.589380312419358,0.5154175447295755,-78.01,"[622.2000122070312, 443.20001220703125]"
freq_sweep,1789044545.8394642,22.644766993,0.7253261806827085,0.903,0.4,0.7451787495666665,5.822921419975891,0.5230874486690036,2.69,"[621.5999755859375, 421.79998779296875]"
freq_sweep,1789044545.8893738,22.694676398000002,0.8129367540022437,0.903,0.4,0.7435151053,6.0560799920093515,0.5506991028509451,2.69,"[621.5999755859375, 421.79998779296875]"
freq_sweep,1789044545.939341,22.744643819,0.9054359919625911,0.903,0.4,0.7418474583333333,0.0060900175511591215,0.607456392002714,2.69,"[615.7999877929688, 453.79998779296875]"
freq_sweep,1789044545.989237,22.794539644,0.9973547615289973,0.903,0.4,0.7401843370666666,0.23813112572806006,0.6672816427302539,72.63,"[615.7999877929688, 453.79998779296875]"
freq_sweep,1789044546.0393662,22.844668747,1.084339179537192,0.903,0.4,0.7385149734666666,0.4705178786889803,0.7424467013366504,83.39,"[591.7999877929688, 540.5999755859375]"
freq_sweep,1789044546.089453,22.894755599,1.1614160276075336,0.903,0.4,0.7368455683666666,0.7023850879342746,0.8329515678219032,2.69,"[591.7999877929688, 540.5999755859375]"
freq_sweep,1789044546.1394303,22.944732906000002,1.2244159127531695,0.903,0.4,0.7351798424666666,0.9332182774597015,0.9249904150950417,2.69,"[535.5999755859375, 568.4000244140625]"
freq_sweep,1789044546.189439,22.994741696000002,1.2703180911937173,0.903,0.4,0.7335124914666665,1.1637526414699835,1.0062913968529805,16.14,"[535.5999755859375, 568.4000244140625]"
freq_sweep,1789044546.239551,23.04485366,1.296776213483901,0.903,0.4,0.7318422471333332,1.394161199775823,1.0906603401866908,51.11,"[521.5999755859375, 611.7999877929688]"
freq_sweep,1789044546.2894423,23.094745139,1.3024542116835816,0.903,0.4,0.7301793022666666,1.6230415409442713,1.1612234564294304,69.94,"[521.5999755859375, 611.7999877929688]"
freq_sweep,1789044546.3393419,23.144644433,1.2873189320922187,0.903,0.4,0.7285139621666665,1.8517287857831946,1.2241166687327416,69.94,"[454.3999938964844, 639.0]"
freq_sweep,1789044546.3892114,23.194514176000002,1.2523414299942472,0.903,0.4,0.7268511530333333,2.079547296290883,1.2593982268541113,118.36,"[454.3999938964844, 639.0]"
freq_sweep,1789044546.4394588,23.244761639,1.1990957466531529,0.903,0.4,0.7251786524333333,2.30816634658359,1.2732040539450822,121.05,"[456.20001220703125, 666.2000122070312]"
freq_sweep,1789044546.4893463,23.29464876,1.1310283473772011,0.903,0.4,0.7235153943999999,2.5350005438628926,1.2716700731571966,-2.69,"[456.20001220703125, 666.2000122070312]"
freq_sweep,1789044546.539446,23.344748634000002,1.0511416913255658,0.903,0.4,0.7218455873666667,2.7622023163022504,1.2578642460662257,-2.69,"[423.20001220703125, 646.5999755859375]"
freq_sweep,1789044546.5894876,23.394790135,0.9639628970207601,0.903,0.4,0.7201779169666666,2.9885891387647234,1.2241166687327416,-2.69,"[423.20001220703125, 646.5999755859375]"
freq_sweep,1789044546.6395526,23.444855316,0.8738087191962673,0.903,0.4,0.7185088843999999,3.2146357894447135,1.1719613219446299,-10.76,"[441.0, 643.7999877929688]"
freq_sweep,1789044546.6894407,23.494743338000003,0.7856652401749505,0.903,0.4,0.7168461517333333,3.439308078656566,1.1044661672776617,-48.42,"[441.0, 643.7999877929688]"
freq_sweep,1789044546.7393014,23.544604219,0.7036248458275689,0.903,0.4,0.7151839443333333,3.6633885919358136,1.01702926236818,-48.42,"[511.0, 605.5999755859375]"
freq_sweep,1789044546.7892563,23.594558820000003,0.6315408307581418,0.903,0.4,0.7135175298666666,3.8875128153292735,0.9372622613981267,-104.91,"[511.0, 605.5999755859375]"
freq_sweep,1789044546.83926,23.644562746000002,0.573131821148857,0.903,0.4,0.7118503806333333,4.11121195905659,0.8436894333371027,-2.69,"[559.7999877929688, 565.5999755859375]"
freq_sweep,1789044546.8895016,23.694804164,0.531162214058728,0.903,0.4,0.7101793638666666,4.3349037152736685,0.7562525284276211,-16.14,"[559.7999877929688, 565.5999755859375]"
freq_sweep,1789044546.9393733,23.744675836000003,0.507803659247003,0.903,0.4,0.7085144568666666,4.557255089837781,0.6902913545485385,-48.42,"[579.2000122070312, 542.2000122070312]"
freq_sweep,1789044546.989421,23.794723459,0.503899377753125,0.903,0.4,0.7068467179666665,4.77946039712937,0.6212622190936846,-59.18,"[579.2000122070312, 542.2000122070312]"
freq_sweep,1789044547.0393238,23.844626287,0.5195086101872823,0.903,0.4,0.7051823873999999,5.000689454730264,0.5675728915176872,-83.39,"[581.5999755859375, 485.0]"
freq_sweep,1789044547.089424,23.894726685000002,0.5538271652562292,0.903,0.4,0.7035134593666666,5.222004604235821,0.5322913333963175,-118.36,"[581.5999755859375, 485.0]"
freq_sweep,1789044547.1393607,23.944663328,0.6049325369611811,0.903,0.4,0.7018475403999999,5.442397594842262,0.5138835639416898,-118.36,"[628.4000244140625, 445.0]"
freq_sweep,1789044547.1892624,23.994565078,0.6701946503021677,0.903,0.4,0.7001837827999999,5.661982874582705,0.5154175447295755,2.69,"[628.4000244140625, 445.0]"
freq_sweep,1789044547.239418,24.044720486000003,0.7467829830798448,0.903,0.4,0.6985130359333332,5.8819644428782425,0.5353592949720888,2.69,"[617.7999877929688, 420.6000061035156]"
freq_sweep,1789044547.2894542,24.094756755000002,0.8305094162581581,0.903,0.4,0.6968458602333333,6.100951889122214,0.5706408530934585,2.69,"[617.7999877929688, 420.6000061035156]"
freq_sweep,1789044547.3394077,24.144710225,0.9174261600727686,0.903,0.4,0.6951798846666666,0.036073223218132,0.619728238305799,10.76,"[613.0, 499.3999938964844]"
freq_sweep,1789044547.3894913,24.194794013000003,1.003591935344813,0.903,0.4,0.6935112081666667,0.2542089279105326,0.679553489033339,67.25,"[613.0, 499.3999938964844]"
freq_sweep,1789044547.4394498,24.244752319,1.0846656829378483,0.903,0.4,0.691845498,0.4714338643265634,0.7547185476397354,59.18,"[581.7999877929688, 563.4000244140625]"
freq_sweep,1789044547.4894018,24.294704341000003,1.1570211261921728,0.903,0.4,0.6901802417666666,0.6880768904363705,0.8482913757007595,2.69,"[581.7999877929688, 563.4000244140625]"
freq_sweep,1789044547.5393674,24.344670206,1.217415319228601,0.903,0.4,0.6885136203666666,0.9043739488127542,0.9480001269133262,2.69,"[536.7999877929688, 579.7999877929688]"
freq_sweep,1789044547.5892267,24.394529187,1.2629745437977111,0.903,0.4,0.6868510553666666,1.1196235356646653,1.0200972239439514,29.59,"[536.7999877929688, 579.7999877929688]"
freq_sweep,1789044547.6394897,24.444792248000002,1.2919955715213245,0.903,0.4,0.6851781277666666,1.3356872114617815,1.0967962633382335,53.8,"[513.2000122070312, 598.0]"
freq_sweep,1789044547.6895173,24.494819800000002,1.3029188592682064,0.903,0.4,0.6835096308666666,1.550653899533053,1.162757437217316,86.08,"[513.2000122070312, 598.0]"
freq_sweep,1789044547.739486,24.544788791000002,1.2955073562072463,0.903,0.4,0.6818445808333333,1.764653914861988,1.2118448224296565,129.12,"[453.20001220703125, 637.2000122070312]"
freq_sweep,1789044547.7895453,24.594848028,1.2701917645004925,0.903,0.4,0.6801755771666667,1.9786370014468915,1.2501943421267976,121.05,"[453.20001220703125, 637.2000122070312]"
freq_sweep,1789044547.8394382,24.644740777000003,1.2284332043066342,0.903,0.4,0.6785127686666665,2.191304627820152,1.2762720155208536,139.88,"[419.79998779296875, 679.5999755859375]"
freq_sweep,1789044547.8894215,24.694724098000002,1.17203018457296,0.903,0.4,0.6768463610999998,2.403909126749845,1.2793399770966247,99.53,"[419.79998779296875, 679.5999755859375]"
freq_sweep,1789044547.9393299,24.744632547000002,1.103750634934451,0.903,0.4,0.6751812497999999,2.6158256227284156,1.2701360923693108,99.53,"[423.3999938964844, 660.7999877929688]"
freq_sweep,1789044547.989232,24.794534508,1.0267635713685377,0.903,0.4,0.6735177038666667,2.827021256780789,1.2425244381873692,-2.69,"[423.3999938964844, 660.7999877929688]"
freq_sweep,1789044548.0392437,24.844546195000003,0.944307581416447,0.903,0.4,0.6718506431666665,3.0381392619902456,1.1995729761265714,-2.69,"[423.3999938964844, 652.4000244140625]"
freq_sweep,1789044548.0894122,24.8947147,0.8600479207794144,0.903,0.4,0.6701800362333332,3.249180287803661,1.145883648550574,-21.52,"[423.3999938964844, 652.4000244140625]"
freq_sweep,1789044548.1393933,24.944696018000002,0.7781150235678502,0.903,0.4,0.6685140561666666,3.4591136527794006,1.081456455459377,-18.83,"[491.79998779296875, 616.0]"
freq_sweep,1789044548.1894352,24.994737864,0.7017731339195152,0.903,0.4,0.6668463783333334,3.6687367223078766,1.0078253776408663,-104.91,"[491.79998779296875, 616.0]"
freq_sweep,1789044548.2394342,25.044736978000003,0.6344386127918824,0.903,0.4,0.6651798354999999,3.8776936041102132,0.9295923574586985,-102.22,"[526.5999755859375, 581.4000244140625]"
freq_sweep,1789044548.2893865,25.094689203,0.5789291127739358,0.903,0.4,0.6635139333999999,4.086047030065465,0.8375535101855601,-2.69,"[526.5999755859375, 581.4000244140625]"
freq_sweep,1789044548.339278,25.144580506,0.5375597641886249,0.903,0.4,0.6618498941,4.293645527433021,0.7455146629124216,-2.69,"[569.7999877929688, 543.4000244140625]"
freq_sweep,1789044548.3892248,25.194527434,0.5119124648119833,0.903,0.4,0.6601844444333334,4.500897141783163,0.6810874698212247,-51.11,"[569.7999877929688, 543.4000244140625]"
freq_sweep,1789044548.4394677,25.244770289,0.5030030749093879,0.903,0.4,0.6585121940333333,4.7084679388600605,0.6181942575179133,-40.35,"[619.7999877929688, 505.0]"
freq_sweep,1789044548.4895453,25.294848011000003,0.5111958157520702,0.903,0.4,0.6568427169333333,4.915169129458114,0.5691068723055729,-91.46,"[619.7999877929688, 505.0]"
freq_sweep,1789044548.5394382,25.344740812,0.5358651445594539,0.903,0.4,0.6551793830333333,5.120588211745336,0.5368932757599744,-102.22,"[624.4000244140625, 449.79998779296875]"
freq_sweep,1789044548.5894628,25.394765287000002,0.5759600988889422,0.903,0.4,0.6535122275333333,5.325955349570343,0.521553467881118,-83.39,"[624.4000244140625, 449.79998779296875]"
freq_sweep,1789044548.6393845,25.444686957000002,0.6295676538234751,0.903,0.4,0.651847282,5.5305277366098196,0.5200194870932323,-40.35,"[614.2000122070312, 428.0]"
freq_sweep,1789044548.689418,25.494720633,0.6944868159921637,0.903,0.4,0.6501802581333334,5.7348316658917255,0.5276893910326605,2.69,"[614.2000122070312, 428.0]"
freq_sweep,1789044548.7392488,25.544551258000002,0.7676613592625526,0.903,0.4,0.6485180385666667,5.938025990635886,0.5568350260024878,2.69,"[614.7999877929688, 440.20001220703125]"
freq_sweep,1789044548.7892761,25.594578718,0.8464440833764064,0.903,0.4,0.6468507157666665,6.141320137642943,0.5967185264875144,8.07,"[614.7999877929688, 440.20001220703125]"
freq_sweep,1789044548.8392522,25.644554825,0.92731932592423,0.903,0.4,0.6451839628999999,0.060835833423098507,0.6458059116998549,43.04,"[599.0, 487.79998779296875]"
freq_sweep,1789044548.8893533,25.694656000000002,1.0070985086493203,0.903,0.4,0.6435150273666665,0.2632772545706814,0.705631162427395,94.14999999999999,"[599.0, 487.79998779296875]"
freq_sweep,1789044548.9393926,25.744695179,1.0823950657368888,0.903,0.4,0.6418470952333333,0.4650725693806379,0.7746602978822488,21.52,"[580.0, 557.4000244140625]"
freq_sweep,1789044548.9893527,25.794655352000003,1.1501388133581825,0.903,0.4,0.6401820033666666,0.6660016438317058,0.863631183579616,2.69,"[580.0, 557.4000244140625]"
freq_sweep,1789044549.0394108,25.844713375,1.2079049523176018,0.903,0.4,0.6385136366333334,0.8668012337364246,0.9418642037617837,5.38,"[537.7999877929688, 580.7999877929688]"
freq_sweep,1789044549.0894144,25.894716987000002,1.2532856183549232,0.903,0.4,0.6368466349999999,1.0669127150584075,1.0139613007924089,29.59,"[537.7999877929688, 580.7999877929688]"
freq_sweep,1789044549.139365,25.944667596000002,1.2846075779056263,0.903,0.4,0.6351807286333333,1.2663695963699553,1.1013982057018903,29.59,"[514.4000244140625, 607.4000244140625]"
freq_sweep,1789044549.1892319,25.994534654000002,1.3007618019314353,0.903,0.4,0.6335177096999999,1.4649594595622233,1.1596894756415448,83.39,"[514.4000244140625, 607.4000244140625]"
freq_sweep,1789044549.2393925,26.044695321000003,1.301266234980667,0.903,0.4,0.6318470426,1.6639365153413763,1.205708899278114,134.5,"[469.79998779296875, 610.4000244140625]"
freq_sweep,1789044549.289476,26.094778673,1.2861315479930593,0.903,0.4,0.6301775853333333,1.862244125903814,1.2425244381873692,121.05,"[469.79998779296875, 610.4000244140625]"
freq_sweep,1789044549.3392553,26.144558141,1.2562750085136403,0.903,0.4,0.6285170074666666,2.058977210873735,1.2701360923693108,145.26,"[453.3999938964844, 650.7999877929688]"
freq_sweep,1789044549.3893843,26.194686911,1.2126476058705773,0.903,0.4,0.6268472658333333,2.256270419083819,1.2808739578845103,150.64,"[453.3999938964844, 650.7999877929688]"
freq_sweep,1789044549.4394176,26.244720413000003,1.157249249090083,0.903,0.4,0.6251797436333333,2.4527772471935236,1.2808739578845103,51.11,"[415.0, 654.7999877929688]"
freq_sweep,1789044549.4895158,26.294818465000002,1.0921494013115745,0.903,0.4,0.6235098017333333,2.6490435627877673,1.265534150005654,-2.69,"[415.0, 654.7999877929688]"
freq_sweep,1789044549.5392668,26.344569658,1.0204709234313578,0.903,0.4,0.6218506645333333,2.843521136087446,1.2256506495206272,-2.69,"[418.20001220703125, 644.2000122070312]"
freq_sweep,1789044549.5892446,26.394547169000003,0.9442358962009717,0.903,0.4,0.6201843259333333,3.038319436663187,1.1826991874598294,-16.14,"[418.20001220703125, 644.2000122070312]"
freq_sweep,1789044549.6394446,26.444747260000003,0.8663959935855137,0.903,0.4,0.6185125129,3.233230872071573,1.1305438406717176,-26.9,"[452.0, 626.4000244140625]"
freq_sweep,1789044549.6894484,26.494750817,0.7903840328402011,0.903,0.4,0.6168460833,3.4269912200480235,1.069184609156292,-29.59,"[452.0, 626.4000244140625]"
freq_sweep,1789044549.7393718,26.54467443,0.718826277027212,0.903,0.4,0.6151809600666666,3.620077043726127,1.0032234352772094,-123.74,"[502.0, 595.4000244140625]"
freq_sweep,1789044549.7894022,26.594704840000002,0.6542131968899783,0.903,0.4,0.6135140626,3.812844861711227,0.9326603190344698,-88.77,"[502.0, 595.4000244140625]"
freq_sweep,1789044549.839382,26.644684576000003,0.5989578998173484,0.903,0.4,0.6118473495333333,4.005067726888029,0.8467573949128739,-2.69,"[542.0, 551.0]"
freq_sweep,1789044549.8894963,26.694798999000003,0.5549295162290215,0.903,0.4,0.6101772754999999,4.197152472183234,0.7685243747307062,-34.97,"[542.0, 551.0]"
freq_sweep,1789044549.9393299,26.744632624,0.52387766956511,0.903,0.4,0.6085145135333332,4.387875066708688,0.6933593161243098,-34.97,"[587.0, 530.0]"
freq_sweep,1789044549.9892352,26.794537577000003,0.5065967062072694,0.903,0.4,0.6068507952666666,4.578185603148029,0.6320000846088841,-26.9,"[587.0, 530.0]"
freq_sweep,1789044550.0395005,26.844803003000003,0.5036419749669245,0.903,0.4,0.6051776015333332,4.769052317828937,0.5844466801844292,-78.01,"[604.2000122070312, 424.6000061035156]"
freq_sweep,1789044550.0892348,26.894537288000002,0.5149840000260506,0.903,0.4,0.6035185240333333,4.957789906107081,0.5506991028509451,-139.88,"[604.2000122070312, 424.6000061035156]"
freq_sweep,1789044550.1394224,26.944724847000003,0.5402553563521617,0.903,0.4,0.6018470686999999,5.147408991751604,0.526155410244775,-102.22,"[631.2000122070312, 443.0]"
freq_sweep,1789044550.1894562,26.994758845000003,0.5783041332471839,0.903,0.4,0.6001795216666665,5.336060546276968,0.5123495831538042,-112.98,"[631.2000122070312, 443.0]"
freq_sweep,1789044550.2393906,27.044693278,0.6276465100729034,0.903,0.4,0.5985142950333332,5.523926896858001,0.5123495831538042,-51.11,"[621.4000244140625, 417.0]"
freq_sweep,1789044550.2893848,27.094687323000002,0.6865587629176284,0.903,0.4,0.5968475844333333,5.7114370381518995,0.526155410244775,2.69,"[621.4000244140625, 417.0]"
freq_sweep,1789044550.3392663,27.144569078,0.7527632754881866,0.903,0.4,0.5951833185333333,5.898150051654454,0.5568350260024878,2.69,"[614.4000244140625, 425.79998779296875]"
freq_sweep,1789044550.38924,27.194542631,0.8240479514968178,0.903,0.4,0.5935176221333333,6.084500562795029,0.5967185264875144,8.07,"[614.4000244140625, 425.79998779296875]"
freq_sweep,1789044550.4394145,27.244716976000003,0.8980934147629415,0.903,0.4,0.5918466181333333,6.270918536451603,0.641203969336198,34.97,"[600.5999755859375, 486.6000061035156]"
freq_sweep,1789044550.4894323,27.294735161000002,0.9719394200617726,0.903,0.4,0.5901793233999999,0.17321340195989166,0.6979612584879668,80.7,"[600.5999755859375, 486.6000061035156]"
freq_sweep,1789044550.5395558,27.344858381,1.0433552898275378,0.903,0.4,0.5885088655999999,0.3585194702124639,0.760854470791278,13.45,"[560.2000122070312, 550.4000244140625]"
freq_sweep,1789044550.5894847,27.39478717,1.1095706559860479,0.903,0.4,0.5868440898999999,0.5426728043611959,0.842155452549217,2.69,"[560.2000122070312, 550.4000244140625]"
freq_sweep,1789044550.6395133,27.444815874000003,1.1687369726668075,0.903,0.4,0.585176496,0.7266136992266823,0.9096506072161852,10.76,"[519.2000122070312, 563.5999755859375]"
freq_sweep,1789044550.6894262,27.494728985000002,1.2186994277881014,0.903,0.4,0.5835129691999998,0.9095843522684746,0.9802137234589247,13.45,"[519.2000122070312, 563.5999755859375]"
freq_sweep,1789044550.7394307,27.544733299,1.2580196246658801,0.903,0.4,0.5818497684333332,1.0919977216825387,1.0615147052168636,13.45,"[515.2000122070312, 597.7999877929688]"
freq_sweep,1789044550.7892349,27.594537295000002,1.2855271388106668,0.903,0.4,0.5801843166999999,1.2741351326474515,1.1213399559444037,59.18,"[515.2000122070312, 597.7999877929688]"
freq_sweep,1789044550.8392708,27.644573486000002,1.3003639453890061,0.903,0.4,0.5785172269666666,1.4559278142123233,1.1704273411567443,118.36,"[489.0, 621.7999877929688]"
freq_sweep,1789044550.8893573,27.694660081000002,1.3021128994656797,0.903,0.4,0.5768481857333333,1.6374082109864005,1.2118448224296565,129.12,"[489.0, 621.7999877929688]"
freq_sweep,1789044550.9395528,27.744855497000003,1.2907681653451106,0.903,0.4,0.5751757107666666,1.8187347143931802,1.2471263805510262,123.74,"[435.0, 656.5999755859375]"
freq_sweep,1789044550.9894207,27.794723318000003,1.2669650659983178,0.903,0.4,0.5735126502333333,1.9985191877072808,1.2701360923693108,142.57,"[435.0, 656.5999755859375]"
freq_sweep,1789044551.0394487,27.844751288,1.2314573547815975,0.903,0.4,0.5718458793,2.178181107993346,1.2808739578845103,161.4,"[425.0, 652.4000244140625]"
freq_sweep,1789044551.0894952,27.894797790000002,1.1855093626734245,0.903,0.4,0.5701786137666666,2.357372366293397,1.2808739578845103,75.32,"[425.0, 652.4000244140625]"
freq_sweep,1789044551.139294,27.944596399,1.1308778555937158,0.903,0.4,0.5685167882,2.5354583965521797,1.2686021115814252,75.32,"[410.0, 658.5999755859375]"
freq_sweep,1789044551.1895041,27.994806703000002,1.0687797192077009,0.903,0.4,0.5668434058999999,2.714255052919391,1.2409904573994837,-2.69,"[410.0, 658.5999755859375]"
freq_sweep,1789044551.2393987,28.044701281000002,1.002046828075926,0.903,0.4,0.5651808614666666,2.891372698806528,1.205708899278114,-5.38,"[420.6000061035156, 638.5999755859375]"
freq_sweep,1789044551.2893531,28.094655692000003,0.9322659623483732,0.903,0.4,0.5635146064,3.068362313419847,1.162757437217316,-18.83,"[420.6000061035156, 638.5999755859375]"
freq_sweep,1789044551.3394988,28.144801498000003,0.861591689630652,0.903,0.4,0.5618438941666667,3.245299224515186,1.1090681096413186,-26.9,"[463.0, 622.4000244140625]"
freq_sweep,1789044551.3894641,28.194766781000002,0.7926208220304554,0.903,0.4,0.5601783259,3.4211684545562733,1.0507768397016641,-45.73,"[463.0, 622.4000244140625]"
freq_sweep,1789044551.4394398,28.244742324,0.7272499650654665,0.903,0.4,0.5585129407999999,3.596495549969525,0.9878836273983529,-115.67,"[499.79998779296875, 586.2000122070312]"
freq_sweep,1789044551.489355,28.294657639,0.667444096449552,0.903,0.4,0.5568477730333332,3.77127710772357,0.9050486648525283,-115.67,"[499.79998779296875, 586.2000122070312]"
freq_sweep,1789044551.5393317,28.344634253000002,0.6149559502781835,0.903,0.4,0.5551824359666665,3.9455536720732667,0.8283496254582462,-26.9,"[539.5999755859375, 567.0]"
freq_sweep,1789044551.5892138,28.394516522000004,0.5713262125603631,0.903,0.4,0.5535177496666666,4.1192397788525525,0.7669903939428205,-37.66,"[539.5999755859375, 567.0]"
freq_sweep,1789044551.639458,28.444760447,0.5376525032582858,0.903,0.4,0.5518465819333332,4.29307569941421,0.7086991240031663,-40.35,"[579.0, 539.0]"
freq_sweep,1789044551.689565,28.494867742,0.5150401767109938,0.903,0.4,0.5501751680333332,4.46641064058938,0.6504078540635119,-8.07,"[579.0, 539.0]"
freq_sweep,1789044551.739455,28.544757669000003,0.5040949809272897,0.903,0.4,0.5485118985666666,4.638379492187518,0.6013204688511713,-43.04,"[605.0, 520.0]"
freq_sweep,1789044551.7894402,28.594742607,0.5049072142911759,0.903,0.4,0.5468461598,4.810080633871003,0.5645049299419159,-123.74,"[605.0, 520.0]"
freq_sweep,1789044551.8394508,28.644753255,0.5173795495771396,0.903,0.4,0.5451796634666667,4.9813363723089665,0.5368932757599744,-104.91,"[617.0, 458.20001220703125]"
freq_sweep,1789044551.8895226,28.694825228000003,0.5410762132949041,0.903,0.4,0.5435113594,5.152253252467013,0.5184855063053467,-107.6,"[617.0, 458.20001220703125]"
freq_sweep,1789044551.9394693,28.744772146000003,0.5751564586976927,0.903,0.4,0.5418449032999999,5.322457342924345,0.5138835639416898,-107.6,"[651.0, 422.20001220703125]"
freq_sweep,1789044551.989253,28.794555469000002,0.6184024866924638,0.903,0.4,0.5401841057333333,5.491563579449327,0.5138835639416898,-2.69,"[651.0, 422.20001220703125]"
freq_sweep,1789044552.0393977,28.844700404,0.6699165798870106,0.903,0.4,0.5385136452999999,5.661127726149637,0.5292233718205462,2.69,"[615.2000122070312, 419.20001220703125]"
freq_sweep,1789044552.0893998,28.894702611000003,0.7277872746337476,0.903,0.4,0.5368470377999999,5.829777209885812,0.5537670644267164,2.69,"[615.2000122070312, 419.20001220703125]"
freq_sweep,1789044552.139491,28.944793889000003,0.7905436972879639,0.903,0.4,0.5351774513999998,5.9982027033864895,0.5875146417602005,2.69,"[623.4000244140625, 456.20001220703125]"
freq_sweep,1789044552.1895223,28.994825001000002,0.8561916043805412,0.903,0.4,0.5335099316666666,6.165895579592622,0.6289321230331129,13.45,"[623.4000244140625, 456.20001220703125]"
freq_sweep,1789044552.2395325,29.044834950000002,0.9229270669131184,0.903,0.4,0.5318428193666666,0.04983829657767558,0.6764855274575677,69.94,"[598.4000244140625, 510.3999938964844]"
freq_sweep,1789044552.28925,29.094552589000003,0.9885876525422653,0.903,0.4,0.5301837979999999,0.2156363984879448,0.7455146629124216,69.94,"[598.4000244140625, 510.3999938964844]"
freq_sweep,1789044552.3393526,29.144655271,1.0521056686111183,0.903,0.4,0.5285139980333332,0.3819861151516619,0.8130098175793898,18.83,"[571.0, 553.4000244140625]"
freq_sweep,1789044552.3892248,29.19452752,1.111100455865843,0.903,0.4,0.5268509183333332,0.5471449943265299,0.8774370106705868,5.38,"[571.0, 553.4000244140625]"
freq_sweep,1789044552.4394474,29.244749927,1.164537419045191,0.903,0.4,0.5251790156333332,0.7126531834841359,0.9372622613981267,10.76,"[531.7999877929688, 578.7999877929688]"
freq_sweep,1789044552.4892888,29.294591370000003,1.2104644213193128,0.903,0.4,0.5235161526666665,0.8767452825058939,0.9986214929135524,16.14,"[531.7999877929688, 578.7999877929688]"
freq_sweep,1789044552.5394306,29.344733106000003,1.2481563350206313,0.903,0.4,0.5218467025999999,1.0409620505535457,1.059980724428978,24.21,"[534.5999755859375, 584.0]"
freq_sweep,1789044552.5895295,29.394831958,1.2764716475886317,0.903,0.4,0.5201782838,1.2045526769928045,1.1136700520049756,53.8,"[534.5999755859375, 584.0]"
freq_sweep,1789044552.6394193,29.444721942,1.2947386869738988,0.903,0.4,0.5185141132333333,1.3672047270417949,1.162757437217316,102.22,"[493.20001220703125, 621.5999755859375]"
freq_sweep,1789044552.6894736,29.494776267000002,1.3026643875438049,0.903,0.4,0.5168448498666666,1.5298293035781256,1.2041749184902284,118.36,"[493.20001220703125, 621.5999755859375]"
freq_sweep,1789044552.7394166,29.544719329000003,1.3000951058043044,0.903,0.4,0.5151811834333332,1.6913868949376507,1.2425244381873692,118.36,"[434.79998779296875, 662.4000244140625]"
freq_sweep,1789044552.7893355,29.59463798,1.2872190446241665,0.903,0.4,0.5135153890666666,1.8526280777157496,1.265534150005654,158.71,"[434.79998779296875, 662.4000244140625]"
freq_sweep,1789044552.8392522,29.644554936000002,1.264489655074001,0.903,0.4,0.5118510884999999,2.013202554403094,1.2793399770966247,161.4,"[418.20001220703125, 650.5999755859375]"
freq_sweep,1789044552.8893673,29.694669922000003,1.2324620224602263,0.903,0.4,0.5101814538333332,2.1737662086124345,1.282407938672396,126.42999999999999,"[418.20001220703125, 650.5999755859375]"
freq_sweep,1789044552.939454,29.744756631,1.192120820531441,0.903,0.4,0.5085124498666665,2.333744141959457,1.2808739578845103,51.11,"[413.20001220703125, 660.4000244140625]"
freq_sweep,1789044552.9894035,29.794706221000002,1.1446841468020743,0.903,0.4,0.5068474246666667,2.492818133297149,1.2670681307935396,-5.38,"[413.20001220703125, 660.4000244140625]"
freq_sweep,1789044553.0393975,29.844700135000004,1.0912612094996603,0.903,0.4,0.5051803729,2.651561898982507,1.2425244381873692,-2.69,"[433.0, 655.7999877929688]"
freq_sweep,1789044553.0894403,29.894743050000002,1.033306229970744,0.903,0.4,0.5035134324666666,2.8097712922315594,1.2118448224296565,-2.69,"[433.0, 655.7999877929688]"
freq_sweep,1789044553.1392672,29.944569809,0.9724602764887598,0.903,0.4,0.5018507318333333,2.9670571760591855,1.162757437217316,-2.69,"[438.79998779296875, 630.0]"
freq_sweep,1789044553.189258,29.994560812000003,0.9099664918909988,0.903,0.4,0.5001842683333333,3.1241755432789517,1.1167380135807468,-13.45,"[438.79998779296875, 630.0]"
freq_sweep,1789044553.2392778,30.044580442,0.8470920552996041,0.903,0.4,0.5014834607333334,3.2818216448080904,1.069184609156292,-29.59,"[486.3999938964844, 604.5999755859375]"
freq_sweep,1789044553.2893333,30.094636052000002,0.7853696297541829,0.903,0.4,0.5031521271,3.4400812028521983,1.0154952815802945,-102.22,"[486.3999938964844, 604.5999755859375]"
freq_sweep,1789044553.3394904,30.144793049,0.7263241449355764,0.903,0.4,0.5048229736000001,3.5990737573100517,0.9602719732164113,-83.39,"[504.6000061035156, 576.2000122070312]"
freq_sweep,1789044553.3894658,30.194768217000004,0.6717412035295469,0.903,0.4,0.5064881401333334,3.758048480450114,0.8943107993373288,-10.76,"[504.6000061035156, 576.2000122070312]"
freq_sweep,1789044553.4393842,30.244686873000003,0.6228588814630907,0.903,0.4,0.5081526659000001,3.9174842835786166,0.8237476830945893,-10.76,"[552.7999877929688, 553.7999877929688]"
freq_sweep,1789044553.4893975,30.294700214000002,0.5809027606429502,0.903,0.4,0.5098196358666667,4.077677992595099,0.7685243747307062,-40.35,"[552.7999877929688, 553.7999877929688]"
freq_sweep,1789044553.539376,30.344678549,0.5470916052763295,0.903,0.4,0.5114870226000001,4.238435803666604,0.701029220063738,-40.35,"[575.4000244140625, 532.2000122070312]"
freq_sweep,1789044553.5892663,30.394568797,0.5224595108164616,0.903,0.4,0.5131489182666668,4.399184809708416,0.6488738732756262,-13.45,"[575.4000244140625, 532.2000122070312]"
freq_sweep,1789044553.639352,30.444654893000003,0.5075633333490486,0.903,0.4,0.5148184018666667,4.561193138610591,0.607456392002714,-72.63,"[616.5999755859375, 503.3999938964844]"
freq_sweep,1789044553.6895225,30.494825235,0.5030259073090357,0.903,0.4,0.5164883320333333,4.72377045408156,0.5752427954571154,-110.28999999999999,"[616.5999755859375, 503.3999938964844]"
freq_sweep,1789044553.7394266,30.544729329000003,0.5090411282819534,0.903,0.4,0.5181534935333334,4.886406165877972,0.5460971604872883,-110.28999999999999,"[622.4000244140625, 457.0]"
freq_sweep,1789044553.7894998,30.59480239,0.5255753951453901,0.903,0.4,0.5198226906333334,5.049961223144081,0.5246214294568893,-88.77,"[622.4000244140625, 457.0]"
freq_sweep,1789044553.839551,30.644853748000003,0.5522517658814641,0.903,0.4,0.5214901695,5.213872029793734,0.5200194870932323,-112.98,"[615.5999755859375, 432.79998779296875]"
freq_sweep,1789044553.8896918,30.694994241000003,0.5885314482322666,0.903,0.4,0.5231605707333334,5.378596048842226,0.5200194870932323,-112.98,"[615.5999755859375, 432.79998779296875]"
freq_sweep,1789044553.9392803,30.744582893,0.6330487032732468,0.903,0.4,0.5248162562,5.54238561726784,0.5246214294568893,-40.35,"[614.5999755859375, 421.20001220703125]"
freq_sweep,1789044553.9892871,30.794589725,0.6853459306554391,0.903,0.4,0.5264833469333333,5.707827323043844,0.5414952181236313,2.69,"[614.5999755859375, 421.20001220703125]"
freq_sweep,1789044554.0393808,30.844683444,0.7438367722747038,0.903,0.4,0.5281520089,5.873949810869036,0.5675728915176872,2.69,"[599.2000122070312, 443.20001220703125]"
freq_sweep,1789044554.089411,30.894713600000003,0.8068367648355828,0.903,0.4,0.5298186935666667,6.040399060045857,0.5997864880632857,5.38,"[599.2000122070312, 443.20001220703125]"
freq_sweep,1789044554.1394448,30.944747367,0.8727669865614024,0.903,0.4,0.5314869574333334,6.207530624318807,0.641203969336198,26.9,"[587.4000244140625, 397.3999938964844]"
freq_sweep,1789044554.189442,30.994744617000002,0.9396761228637042,0.903,0.4,0.5331534138333335,0.09181927077283802,0.6918253353364242,72.63,"[587.4000244140625, 397.3999938964844]"
freq_sweep,1789044554.2394247,31.044727272000003,1.00575707271795,0.903,0.4,0.5348197605666667,0.2598056010047216,0.7501166052760785,24.21,"[571.0, 547.0]"
freq_sweep,1789044554.2894301,31.094732707000002,1.06915920336411,0.903,0.4,0.5364867478333334,0.42838030437234664,0.8329515678219032,24.21,"[571.0, 547.0]"
freq_sweep,1789044554.3393965,31.144699066,1.1280086149169584,0.903,0.4,0.5381532796666667,0.5974324659365706,0.8958447801252144,2.69,"[552.7999877929688, 571.7999877929688]"
freq_sweep,1789044554.3892756,31.194577998000003,1.1804722063603255,0.903,0.4,0.5398156793333334,0.7665863837386198,0.9572040116406401,18.83,"[552.7999877929688, 571.7999877929688]"
freq_sweep,1789044554.4394495,31.244752000000002,1.2253656676289841,0.903,0.4,0.5414874239333334,0.937217969414057,1.01702926236818,18.83,"[534.7999877929688, 585.5999755859375]"
freq_sweep,1789044554.4893742,31.294676782000003,1.2608617309820505,0.903,0.4,0.5431521626666668,1.1076568685872061,1.0783884938836057,37.66,"[534.7999877929688, 585.5999755859375]"
freq_sweep,1789044554.539443,31.344745722000003,1.286091575944606,0.903,0.4,0.5448206175,1.2790009515748224,1.1305438406717176,61.87,"[505.20001220703125, 641.2000122070312]"
freq_sweep,1789044554.5895278,31.394830413,1.300133665031527,0.903,0.4,0.5464904272000001,1.4510097497751175,1.1780972450961724,118.36,"[505.20001220703125, 641.2000122070312]"
freq_sweep,1789044554.6394017,31.444704261000002,1.3024593134743303,0.903,0.4,0.5481530254,1.6227967296168444,1.2164467647933135,129.12,"[461.79998779296875, 661.4000244140625]"
freq_sweep,1789044554.6892943,31.494597122000002,1.2929662480333524,0.903,0.4,0.5498170308000001,1.7952510355572358,1.2532623037025687,129.12,"[461.79998779296875, 661.4000244140625]"
freq_sweep,1789044554.7392943,31.544596875000003,1.2717802106288127,0.903,0.4,0.5514837081333334,1.9685058609856227,1.2732040539450822,145.26,"[444.3999938964844, 669.7999877929688]"
freq_sweep,1789044554.7894115,31.594714102,1.2393912405421945,0.903,0.4,0.5531524886333334,2.142504243057509,1.2778059963087391,134.5,"[444.3999938964844, 669.7999877929688]"
freq_sweep,1789044554.8392847,31.644587313000002,1.196832574252703,0.903,0.4,0.5548166502666667,2.3165430567389294,1.2793399770966247,26.9,"[439.20001220703125, 660.2000122070312]"
freq_sweep,1789044554.889405,31.694707746000002,1.1450474020532233,0.903,0.4,0.5564862681666668,2.491677944110698,1.2701360923693108,-2.69,"[439.20001220703125, 660.2000122070312]"
freq_sweep,1789044554.9394152,31.744717651000002,1.085763754979122,0.903,0.4,0.5581533916666667,2.667075066771524,1.2501943421267976,-2.69,"[419.79998779296875, 642.0]"
freq_sweep,1789044554.989411,31.794713905000002,1.0207106439736728,0.903,0.4,0.5598195519333334,2.8428941288403493,1.2164467647933135,-2.69,"[419.79998779296875, 642.0]"
freq_sweep,1789044555.0394428,31.844745487,0.9517416717855127,0.903,0.4,0.5614875813333334,3.0194348837557854,1.175029283520401,-10.76,"[450.6000061035156, 633.7999877929688]"
freq_sweep,1789044555.0894005,31.894702945000002,0.8811627174185149,0.903,0.4,0.5631529143,3.196213014910022,1.1121360712170898,-10.76,"[450.6000061035156, 633.7999877929688]"
freq_sweep,1789044555.139285,31.944587585,0.8111309433689406,0.903,0.4,0.5648165621666668,3.3733339733518832,1.0569127628532067,-26.9,"[489.6000061035156, 616.0]"
freq_sweep,1789044555.1892984,31.994600929,0.7436759599240014,0.903,0.4,0.5664829158333334,3.551266408040611,0.9955535313377811,-112.98,"[489.6000061035156, 616.0]"
freq_sweep,1789044555.2392635,32.044566317000005,0.6810660662509911,0.903,0.4,0.5681495938333334,3.729757080781603,0.9326603190344698,-67.25,"[553.5999755859375, 573.2000122070312]"
freq_sweep,1789044555.2894795,32.094782086,0.6252069264938516,0.903,0.4,0.5698211172333335,3.9092933200147897,0.8605632220038447,-2.69,"[553.5999755859375, 573.2000122070312]"
freq_sweep,1789044555.339312,32.144614613,0.5783603115059748,0.903,0.4,0.5714845023333335,4.08847697355295,0.7915340865489908,-29.59,"[582.0, 549.4000244140625]"
freq_sweep,1789044555.3893943,32.194697004000005,0.5417238621799361,0.903,0.4,0.5731530132000001,4.268737544580539,0.7301748550335652,-51.11,"[582.0, 549.4000244140625]"
freq_sweep,1789044555.4394116,32.244714214000005,0.516757976868391,0.903,0.4,0.5748199616333333,4.449353091143898,0.6657476619423682,-34.97,"[581.7999877929688, 542.4000244140625]"
freq_sweep,1789044555.4893785,32.294680905,0.5043462045271689,0.903,0.4,0.5764853568333335,4.630323143500895,0.602854449639057,-34.97,"[581.7999877929688, 542.4000244140625]"
freq_sweep,1789044555.5393858,32.344688425,0.5049820740897559,0.903,0.4,0.5781522615666667,4.811980977559436,0.5660389107298016,-45.73,"[615.7999877929688, 464.0]"
freq_sweep,1789044555.5894094,32.394712052,0.5187923620696011,0.903,0.4,0.5798206323333335,4.994323248701441,0.5384272565478601,-110.28999999999999,"[615.7999877929688, 464.0]"
freq_sweep,1789044555.6393182,32.444620677,0.5453499897318195,0.903,0.4,0.5814846509666668,5.176711795750315,0.5184855063053467,-96.84,"[622.4000244140625, 433.79998779296875]"
freq_sweep,1789044555.6893651,32.494667803,0.5839906240152714,0.903,0.4,0.5831521542,5.360006404845613,0.5138835639416898,-91.46,"[622.4000244140625, 433.79998779296875]"
freq_sweep,1789044555.739477,32.544779366,0.6335398027545729,0.903,0.4,0.5848216745333334,5.544048130105203,0.5154175447295755,0.0,"[619.7999877929688, 419.79998779296875]"
freq_sweep,1789044555.789471,32.594773526000004,0.6922545007518357,0.903,0.4,0.5864881610666667,5.728278906113097,0.5307573526084318,2.69,"[619.7999877929688, 419.79998779296875]"
freq_sweep,1789044555.8394926,32.644795101,0.7583531920151569,0.903,0.4,0.5881560007,5.913183603917666,0.5583690067903734,2.69,"[604.5999755859375, 439.6000061035156]"
freq_sweep,1789044555.88942,32.694722761,0.8293441176508524,0.903,0.4,0.5898182448,6.0979887777522706,0.6043884304269426,2.69,"[604.5999755859375, 439.6000061035156]"
freq_sweep,1789044555.939385,32.744687583,0.9033002525322659,0.903,0.4,0.5914860446333333,0.0007506314011607174,0.6519418348513975,2.69,"[601.4000244140625, 484.79998779296875]"
freq_sweep,1789044555.9892619,32.79456461,0.977252576420807,0.903,0.4,0.5931493165666668,0.18671443334571336,0.7071651432152806,80.7,"[601.4000244140625, 484.79998779296875]"
freq_sweep,1789044556.0392754,32.844577874,1.0490060540912234,0.903,0.4,0.5948165851333334,0.37364905995397635,0.7731263170943632,8.07,"[579.4000244140625, 550.0]"
freq_sweep,1789044556.0894275,32.894730201,1.115972479604914,0.903,0.4,0.5964870685000001,0.5614701304787673,0.8513593372765309,2.69,"[579.4000244140625, 550.0]"
freq_sweep,1789044556.139497,32.944799785,1.1755525688700714,0.903,0.4,0.5981560585000002,0.749648353664611,0.9157865303677277,18.83,"[531.4000244140625, 569.4000244140625]"
freq_sweep,1789044556.1895075,32.994810121,1.2255817564715477,0.903,0.4,0.5998231027,0.9381310243796577,0.9863496466104673,26.9,"[531.4000244140625, 569.4000244140625]"
freq_sweep,1789044556.2395527,33.04485527,1.2642744297211868,0.903,0.4,0.6014901241333334,1.1271349427102848,1.0584467436410925,16.14,"[514.2000122070312, 610.7999877929688]"
freq_sweep,1789044556.2893867,33.094689519,1.29010272644023,0.903,0.4,0.6031528007000001,1.3161673425266542,1.1336118022474888,16.14,"[514.2000122070312, 610.7999877929688]"
freq_sweep,1789044556.3392372,33.144539856,1.3021526786719135,0.903,0.4,0.6048152566000001,1.5056956108062138,1.1811652066719438,67.25,"[479.20001220703125, 635.7999877929688]"
freq_sweep,1789044556.3893945,33.194697063,1.299835580575385,0.903,0.4,0.6064857423000002,1.6966653174488329,1.222582687944856,123.74,"[479.20001220703125, 635.7999877929688]"
freq_sweep,1789044556.4393566,33.244659145,1.283094450713079,0.903,0.4,0.6081513445000001,1.8875996731754867,1.2547962844904545,134.5,"[435.0, 648.4000244140625]"
freq_sweep,1789044556.4894195,33.294721883,1.252374255055855,0.903,0.4,0.6098197389000002,2.079378794381199,1.2747380347329678,153.32999999999998,"[435.0, 648.4000244140625]"
freq_sweep,1789044556.539393,33.344695605000005,1.2087760864440387,0.903,0.4,0.6114858617666667,2.271420063814702,1.2793399770966247,139.88,"[421.20001220703125, 660.5999755859375]"
freq_sweep,1789044556.5894392,33.39474175,1.1537357957898933,0.903,0.4,0.6131530017000001,2.4641024589421363,1.2778059963087391,0.0,"[421.20001220703125, 660.5999755859375]"
freq_sweep,1789044556.6394331,33.444735587000004,1.089267689185304,0.903,0.4,0.6148192227666667,2.657201973402209,1.260932207641997,-2.69,"[412.6000061035156, 656.4000244140625]"
freq_sweep,1789044556.68948,33.494782672,1.0175911396219888,0.903,0.4,0.6164873257000001,2.851044080292212,1.2210487071569704,-2.69,"[412.6000061035156, 656.4000244140625]"
freq_sweep,1789044556.7393968,33.544699429000005,0.9415022895777392,0.903,0.4,0.6181535197666667,3.045187668970385,1.1780972450961724,-2.69,"[436.3999938964844, 641.0]"
freq_sweep,1789044556.7892747,33.594577272,0.863933546689958,0.903,0.4,0.6198159592666668,3.239414724705682,1.1228739367322893,-29.59,"[436.3999938964844, 641.0]"
freq_sweep,1789044556.8392625,33.644565098,0.7874459355485249,0.903,0.4,0.6214825880333334,3.434654798135398,1.0630486860047492,-34.97,"[482.3999938964844, 613.0]"
freq_sweep,1789044556.8892817,33.694584348,0.7151307249213532,0.903,0.4,0.6231500214333335,3.6305132123504222,0.9986214929135524,-121.05,"[482.3999938964844, 613.0]"
freq_sweep,1789044556.939363,33.744665441,0.6497873006387713,0.903,0.4,0.6248188120000002,3.8270559748468713,0.9265243958829272,-75.32,"[521.7999877929688, 574.0]"
freq_sweep,1789044556.9894428,33.794745607,0.5940668574590257,0.903,0.4,0.6264873872666668,4.0240981789337695,0.8390874909734457,-2.69,"[521.7999877929688, 574.0]"
freq_sweep,1789044557.039485,33.84478756,0.5502116312303045,0.903,0.4,0.628155586,4.221620480009221,0.7639224323670493,-32.28,"[558.5999755859375, 452.6000061035156]"
freq_sweep,1789044557.0893352,33.894637851,0.5201018677926017,0.903,0.4,0.6298174824666667,4.418917169968495,0.6872233929727672,-32.28,"[558.5999755859375, 452.6000061035156]"
freq_sweep,1789044557.139327,33.944629745,0.5048080639271049,0.903,0.4,0.6314838874333335,4.617272533480133,0.6258641614573416,-48.42,"[592.5999755859375, 524.2000122070312]"
freq_sweep,1789044557.1892679,33.994570372000005,0.505148021805228,0.903,0.4,0.6331496119666667,4.816069910696569,0.5783107570328867,-86.08,"[592.5999755859375, 524.2000122070312]"
freq_sweep,1789044557.239439,34.044741591000005,0.5212992939070744,0.903,0.4,0.6348207353666668,5.016038023229015,0.5460971604872883,-123.74,"[612.4000244140625, 461.0]"
freq_sweep,1789044557.2894683,34.094770823000005,0.5526803986701696,0.903,0.4,0.6364882347666667,5.216096606825943,0.5246214294568893,-104.91,"[612.4000244140625, 461.0]"
freq_sweep,1789044557.3406842,34.145986731,0.5613519038974091,0.903,0.45,0.6381921759333333,5.421074579804667,0.5138835639416898,-88.77,"[625.5999755859375, 424.79998779296875]"
freq_sweep,1789044557.3893142,34.194616677,0.6249459933884045,0.903,0.45,0.6398177147333333,5.6171191072358795,0.5154175447295755,2.69,"[625.5999755859375, 424.79998779296875]"
freq_sweep,1789044557.4393368,34.244639328000005,0.7014152751851364,0.903,0.45,0.6414847845666669,5.818696245611534,0.5307573526084318,2.69,"[611.0, 419.0]"
freq_sweep,1789044557.4895365,34.294839263,0.7864777873300721,0.903,0.45,0.6431556823333333,6.021262506957726,0.5583690067903734,2.69,"[611.0, 419.0]"
freq_sweep,1789044557.5392318,34.344534565000004,0.8758940256159985,0.903,0.45,0.6448147492333334,6.22291332338267,0.5951845456996288,2.69,"[637.2000122070312, 452.0]"
freq_sweep,1789044557.5894027,34.394705396,0.9673268079087409,0.903,0.45,0.646486439,0.14343983501999702,0.6473398924877406,56.49,"[637.2000122070312, 452.0]"
freq_sweep,1789044557.6392894,34.444591943,1.0559056185316307,0.903,0.45,0.6481500910333333,0.34669388341550444,0.7148350471547088,99.53,"[618.4000244140625, 535.5999755859375]"
freq_sweep,1789044557.6892996,34.494602174,1.1385361071660847,0.903,0.45,0.6498168584666667,0.5508522129556255,0.7976700097005334,2.69,"[618.4000244140625, 535.5999755859375]"
freq_sweep,1789044557.7393692,34.544671673,1.2116373932604492,0.903,0.45,0.6514856710333333,0.7557859939056542,0.8943107993373288,2.69,"[543.5999755859375, 570.7999877929688]"
freq_sweep,1789044557.7894406,34.594743276,1.2719541739871656,0.903,0.45,0.6531543896,0.9612331202690498,0.9802137234589247,2.69,"[543.5999755859375, 570.7999877929688]"
freq_sweep,1789044557.8393357,34.644638273000005,1.316735168802546,0.903,0.45,0.6548180684666667,1.166581498557953,1.064582666792635,29.59,"[507.3999938964844, 589.5999755859375]"
freq_sweep,1789044557.8895733,34.694875862,1.3442659697167718,0.903,0.45,0.6564898244666667,1.3734536412015146,1.158155494853659,29.59,"[507.3999938964844, 589.5999755859375]"
freq_sweep,1789044557.9395592,34.744861836000005,1.352979270493076,0.903,0.45,0.6581579002666667,1.580394860497428,1.2195147263690846,129.12,"[465.3999938964844, 643.2000122070312]"
freq_sweep,1789044557.989495,34.794797639,1.3425193218534985,0.903,0.45,0.6598194212666667,1.7870432629933717,1.2670681307935396,147.95,"[465.3999938964844, 643.2000122070312]"
freq_sweep,1789044558.0394607,34.844763232000005,1.313108250046226,0.903,0.45,0.6614875398,1.9950367321133982,1.303883669702795,177.54,"[411.79998779296875, 672.0]"
freq_sweep,1789044558.0894392,34.894741743000004,1.2659407506978069,0.903,0.45,0.6631538275666669,2.2033252883138417,1.320757458369537,190.99,"[411.79998779296875, 672.0]"
freq_sweep,1789044558.1393013,34.944603902000004,1.203029336672381,0.903,0.45,0.6648172523333334,2.411777528882972,1.3222914391574228,118.36,"[408.20001220703125, 681.4000244140625]"
freq_sweep,1789044558.1894546,34.994757183000004,1.1265863732471368,0.903,0.45,0.6664875542333334,2.6216174634528002,1.3161555160058802,-5.38,"[408.20001220703125, 681.4000244140625]"
freq_sweep,1789044558.2393062,35.044608672,1.0405163177041703,0.903,0.45,0.6681503275333334,2.831032735782834,1.2854759002481673,-2.69,"[414.3999938964844, 656.7999877929688]"
