mode,t_ros_sec,t_rel_sec,tail_target_rad,center_rad,tail_amp_rad,tail_freq_hz,phase_rad,real_position_rad,present_current_ma,sensor_values
combined_sweep,1789044675.1394086,0.043375068,0.927648996904343,0.903,0.3006280018577333,0.30233056961187904,0.08208383232711673,1.2164467647933135,115.67,"[458.75, 623.75]"
combined_sweep,1789044675.1893759,0.09334228900000001,0.9563436174163198,0.903,0.30135496374,0.3050283884971928,0.17795025764892097,1.2026409377023426,59.18,"[458.75, 623.75]"
combined_sweep,1789044675.2393696,0.143336014,0.9849276758285913,0.903,0.3020818181773333,0.30772580864499727,0.27465015242260254,1.1106020904292042,-56.49,"[454.5, 663.8333129882812]"
combined_sweep,1789044675.2894292,0.19339576400000003,1.0131258005334136,0.903,0.30280881095746665,0.31042374219498636,0.3722164133657801,1.0154952815802945,-10.76,"[454.5, 663.8333129882812]"
combined_sweep,1789044675.3391552,0.24312176100000002,1.0405060294795885,0.903,0.30353227888106665,0.3131085946952593,0.47014937837206794,0.9817477042468103,43.04,"[511.5, 605.25]"
combined_sweep,1789044675.3894572,0.293423721,1.0671494848347236,0.903,0.30426243301,0.31581826028609367,0.5698427803064103,0.983281685034696,8.07,"[511.5, 605.25]"
combined_sweep,1789044675.4392753,0.34324203200000003,1.0923128387297723,0.903,0.3049873572026667,0.31850851712775785,0.6696652424246848,1.000155473701438,2.69,"[502.3999938964844, 586.4000244140625]"
combined_sweep,1789044675.4894211,0.393387641,1.1159861868919403,0.903,0.30571535311706666,0.32121017339641367,0.7707609852406,1.0185632431560658,5.38,"[502.3999938964844, 586.4000244140625]"
combined_sweep,1789044675.5394564,0.44342302600000005,1.1377314454240794,0.903,0.3064424347104,0.32390843653992624,0.8725779260031814,1.0400389741864646,21.52,"[507.3999938964844, 579.7999877929688]"
combined_sweep,1789044675.5893176,0.49328414400000004,1.1572428405274215,0.903,0.30716778808693335,0.3266002861203144,0.974996996885252,1.064582666792635,40.35,"[507.3999938964844, 579.7999877929688]"
combined_sweep,1789044675.6393802,0.543346945,1.1743364138198322,0.903,0.30789500348866666,0.3292990458384581,1.078527464214078,1.0921943209745766,18.83,"[519.25, 590.0]"
combined_sweep,1789044675.6893916,0.593358382,1.1886858688674726,0.903,0.30862173804053333,0.33199602108085013,1.182836833970011,1.1182719943686323,18.83,"[519.25, 590.0]"
combined_sweep,1789044675.7392583,0.643224804,1.2000397576557253,0.903,0.30934696051533334,0.33468738487350047,1.2877730093667727,1.1366797638232602,86.08,"[483.3333435058594, 606.3333129882812]"
combined_sweep,1789044675.789283,0.6932493710000001,1.2082292599544018,0.903,0.3100738274368,0.3373848513510115,1.3937947958448367,1.1550875332778878,83.39,"[483.3333435058594, 606.3333129882812]"
combined_sweep,1789044675.8392954,0.7432618190000001,1.2130370007810662,0.903,0.310800772722,0.3400826086431647,1.5006758629696364,1.1688933603688585,115.67,"[461.25, 613.25]"
combined_sweep,1789044675.8893256,0.793292161,1.2143073312556885,0.903,0.3115278525132,0.34278086509880346,1.6084248703875828,1.179631225884058,115.67,"[461.25, 613.25]"
combined_sweep,1789044675.9393437,0.843310322,1.2119233012681636,0.903,0.31225480666373334,0.34547865529098115,1.7170031296745187,1.1903690913992575,129.12,"[454.8333435058594, 624.1666870117188]"
combined_sweep,1789044675.9894273,0.8933939030000001,1.205805574914066,0.903,0.3129822461404,0.3481782465707261,1.8265028811006192,1.1965050145508,145.26,"[454.8333435058594, 624.1666870117188]"
combined_sweep,1789044676.039418,0.9433845240000001,1.1959395992940491,0.903,0.31370880668466666,0.3508745760557533,1.936717282085357,1.1995729761265714,123.74,"[447.25, 628.5]"
combined_sweep,1789044676.0894632,0.993429603,1.182334179941813,0.903,0.31443561510946666,0.35357182544703747,2.047816816089323,1.1995729761265714,123.74,"[447.25, 628.5]"
combined_sweep,1789044676.1392403,1.0432067600000001,1.1651301880680363,0.903,0.3151598402488,0.3562594880408731,2.159362987665657,1.1995729761265714,24.21,"[361.79998779296875, 636.4000244140625]"
combined_sweep,1789044676.1892977,1.0932643560000002,1.1443022961714981,0.903,0.31588743669999997,0.35895966186678846,2.272277783446085,1.193437052975029,0.0,"[361.79998779296875, 636.4000244140625]"
combined_sweep,1789044676.2393937,1.1433601340000001,1.120097235909015,0.903,0.31661510076026667,0.361660086595841,2.386052599272946,1.1826991874598294,-2.69,"[445.6666564941406, 524.1666870117188]"
combined_sweep,1789044676.2894342,1.193400849,1.0927691116008809,0.903,0.3173422504568,0.3643586024762626,2.5005953184129925,1.1688933603688585,0.0,"[445.6666564941406, 524.1666870117188]"
combined_sweep,1789044676.3393834,1.243349853,1.0626324563313225,0.903,0.31806836295293334,0.36705326921562853,2.615820563675933,1.1520195717021164,0.0,"[442.75, 623.25]"
combined_sweep,1789044676.389417,1.293383399,1.029946164878775,0.903,0.31879535026853334,0.36975118248625827,2.7320325806283234,1.1320778214596032,-2.69,"[442.75, 623.25]"
combined_sweep,1789044676.4393945,1.34336088,0.9951500245928342,0.903,0.31952199898653333,0.3724478391916924,2.849037630077218,1.1060001480655473,-2.69,"[478.0, 608.8333129882812]"
combined_sweep,1789044676.4893913,1.3933576330000002,0.9586739965216386,0.903,0.3202484563877333,0.37514378590381225,2.966858586407743,1.0753205323078345,-2.69,"[478.0, 608.8333129882812]"
combined_sweep,1789044676.5393403,1.443306567,0.9209923781790967,0.903,0.3209748018096,0.3778393170508694,3.085507833018802,1.047708878125893,-45.73,"[521.0, 590.75]"
combined_sweep,1789044676.5892918,1.493258449,0.8826364976196088,0.903,0.3217007307206667,0.3805333024900571,3.204934523407512,1.01702926236818,-59.18,"[521.0, 590.75]"
combined_sweep,1789044676.6393754,1.543341896,0.8440484366375521,0.903,0.3224281970985333,0.3832329936024992,3.3254632175603223,0.983281685034696,-43.04,"[514.7999877929688, 584.7999877929688]"
combined_sweep,1789044676.6893008,1.5932673030000002,0.8059608213915186,0.903,0.32315415058546665,0.38592707024486944,3.446586790127727,0.9464661461254406,-43.04,"[514.7999877929688, 584.7999877929688]"
combined_sweep,1789044676.7392952,1.6432618630000002,0.7688425050555613,0.903,0.3238808192577333,0.38862380100232574,3.568676894919391,0.9081166264282996,-29.59,"[524.2000122070312, 560.2000122070312]"
combined_sweep,1789044676.7893047,1.693271258,0.733330559384425,0.903,0.3246073890742667,0.3913201648975424,3.6915973654196534,0.868233125943273,-10.76,"[524.2000122070312, 560.2000122070312]"
combined_sweep,1789044676.839305,1.7432712700000002,0.7000157548707637,0.903,0.3253338671128,0.39401618819660444,3.8153490698348373,0.8268156446703606,-21.52,"[536.75, 550.25]"
combined_sweep,1789044676.889359,1.793325497,0.6694301927002573,0.903,0.32606140669506667,0.39671615097695323,3.940130839883644,0.7807962210337913,-21.52,"[536.75, 550.25]"
combined_sweep,1789044676.9392262,1.843192664,0.6422691019818875,0.903,0.3267864901149333,0.39940699872463004,4.065334861512377,0.7470486437003072,-10.76,"[562.0, 532.3333129882812]"
combined_sweep,1789044676.9892802,1.893246551,0.618874564740798,0.903,0.32751390654173335,0.4021065044643115,4.191790685658874,0.7148350471547088,-16.14,"[562.0, 532.3333129882812]"
combined_sweep,1789044677.0392258,1.9431923150000001,0.5998543231172968,0.903,0.3282398055432,0.40480037890636755,4.318828128491108,0.684155431396996,-16.14,"[570.0, 530.0]"
combined_sweep,1789044677.0895047,1.99347121,0.5855144766651711,0.903,0.3289694968145333,0.4075083267923195,4.447383513184581,0.6565437772150544,-13.45,"[570.0, 530.0]"
combined_sweep,1789044677.1393096,2.043276165,0.576373841891034,0.903,0.32969398301613334,0.41019695821097313,4.575864004228505,0.6320000846088841,-32.28,"[589.2000122070312, 542.0]"
combined_sweep,1789044677.1894302,2.093396726,0.572584874604167,0.903,0.330422181656,0.4128993668114992,4.7058536361797065,0.6120583343663708,-37.66,"[589.2000122070312, 542.0]"
combined_sweep,1789044677.2394295,2.1433961260000003,0.5743948491588602,0.903,0.33114883864346667,0.41559605420564466,4.836415248151206,0.5951845456996288,-69.94,"[591.4000244140625, 495.20001220703125]"
combined_sweep,1789044677.289415,2.193381424,0.5818912934476812,0.903,0.3318753961793333,0.4182923725262373,4.967805937391768,0.5829126993965437,-69.94,"[591.4000244140625, 495.20001220703125]"
combined_sweep,1789044677.3392813,2.243247907,0.5950461595193697,0.903,0.3326005260477333,0.4209833926484684,5.099782068182796,0.5798447378207724,-78.01,"[489.3999938964844, 480.79998779296875]"
combined_sweep,1789044677.3892756,2.293242091,0.6138146307840024,0.903,0.33332719799,0.4236801355411796,5.232886074639676,0.5798447378207724,-67.25,"[489.3999938964844, 480.79998779296875]"
combined_sweep,1789044677.4392426,2.343209232,0.637956088578126,0.903,0.3340535731616,0.4263757770920893,5.366782242874545,0.581378718608658,2.69,"[596.5, 394.0]"
combined_sweep,1789044677.4894214,2.3933879570000003,0.6672567134064765,0.903,0.3347821335652,0.42907952822935025,5.50193284733183,0.5875146417602005,0.0,"[596.5, 394.0]"
combined_sweep,1789044677.5393338,2.4433003180000004,0.701091919053398,0.903,0.33550803024133335,0.43177339404189174,5.637434726801906,0.5997864880632857,0.0,"[593.25, 471.5]"
combined_sweep,1789044677.5894237,2.493390208,0.7391210357708258,0.903,0.33623552078813335,0.43447317484735126,5.77408325414057,0.619728238305799,8.07,"[593.25, 471.5]"
combined_sweep,1789044677.639411,2.5433774650000003,0.7805893853443998,0.903,0.3369620725542667,0.43716947175596077,5.911402377891162,0.6427379501240836,10.76,"[585.1666870117188, 495.6666564941406]"
combined_sweep,1789044677.6893108,2.5932772770000003,0.8247554980033724,0.903,0.3376875004577333,0.43986159791229207,6.049353404896197,0.6764855274575677,10.76,"[585.1666870117188, 495.6666564941406]"
combined_sweep,1789044677.739245,2.643211561,0.8709016083626262,0.903,0.3384131571885333,0.44255457326679515,6.188192794199552,0.7102331047910518,13.45,"[577.5, 512.75]"
combined_sweep,1789044677.78931,2.69327665,0.9182993503228823,0.903,0.3391410634468,0.44525589681372835,0.04512737031518377,0.7501166052760785,13.45,"[577.5, 512.75]"
combined_sweep,1789044677.8392742,2.7432405340000003,0.9657733893177789,0.903,0.3398672706276,0.44795091493614214,0.1857663155834839,0.7900001057611052,8.07,"[552.4000244140625, 539.2000122070312]"
combined_sweep,1789044677.8894336,2.793400318,1.0126034044833425,0.903,0.3405954064108,0.4506530902701016,0.3276293880910819,0.8314175870340175,5.38,"[552.4000244140625, 539.2000122070312]"
combined_sweep,1789044677.939398,2.8433646230000003,1.057583397654985,0.903,0.3413218588852,0.45334901869843736,0.4700112019188811,0.8789709914584724,2.69,"[534.4000244140625, 564.2000122070312]"
combined_sweep,1789044677.989363,2.893329682,1.0998577550373534,0.903,0.3420483497712,0.45604508967556756,0.6132473350577436,0.9265243958829272,2.69,"[534.4000244140625, 564.2000122070312]"
combined_sweep,1789044678.0393639,2.943330506,1.1384766191056557,0.903,0.342774757948,0.4587408537116502,0.7573137591054051,0.9725438195194965,5.38,"[501.75, 569.25]"
combined_sweep,1789044678.0895002,2.993466712,1.1726099471732532,0.903,0.3435025783869333,0.46144185877556,0.9025101660540704,1.026233147095494,5.38,"[501.75, 569.25]"
combined_sweep,1789044678.1392481,3.043214716,1.2012100056304964,0.903,0.3442265760650667,0.4641286772410637,1.0477849406719253,1.0676506283684062,26.9,"[511.0, 578.6666870117188]"
combined_sweep,1789044678.189292,3.093258462,1.2238202819199724,0.903,0.3449536181858667,0.46682679389856585,1.1945186785291133,1.1044661672776617,51.11,"[511.0, 578.6666870117188]"
combined_sweep,1789044678.2394128,3.143379495,1.2397023490633998,0.903,0.3456819698181333,0.46952977026721854,1.3423678398478387,1.1397477253990314,91.46,"[484.25, 608.75]"
combined_sweep,1789044678.2893872,3.193353686,1.2482970753315288,0.903,0.3464083986322667,0.4722256108902433,1.4906733316008394,1.167359379580973,99.53,"[484.25, 608.75]"
combined_sweep,1789044678.3395183,3.243484849,1.2493024803264139,0.903,0.3471362484430667,0.4749267249557095,1.6401188913520315,1.193437052975029,110.28999999999999,"[463.79998779296875, 623.4000244140625]"
combined_sweep,1789044678.389451,3.29341769,1.2425350773662245,0.903,0.3478623066136,0.4776211900880404,1.790042365416026,1.2118448224296565,123.74,"[463.79998779296875, 623.4000244140625]"
combined_sweep,1789044678.4393213,3.343287757,1.228009783424186,0.903,0.3485878430084,0.4803137188651625,1.9407026653677732,1.2256506495206272,129.12,"[440.3999938964844, 635.5999755859375]"
combined_sweep,1789044678.489366,3.3933326150000003,1.2058490918011868,0.903,0.34931468324666665,0.4830110863189934,2.0924813185975744,1.2302525918842842,129.12,"[440.3999938964844, 635.5999755859375]"
combined_sweep,1789044678.5392294,3.443195777,1.1765063109651526,0.903,0.35003985074186666,0.48570224607755774,2.2447543784446236,1.2302525918842842,37.66,"[350.6000061035156, 631.2000122070312]"
combined_sweep,1789044678.5892599,3.493226414,1.140371471864776,0.903,0.35076700334506666,0.48840077274487265,2.3982926118840435,1.2241166687327416,-2.69,"[350.6000061035156, 631.2000122070312]"
combined_sweep,1789044678.6392567,3.543223267,1.0982614447776724,0.903,0.3514938122494667,0.4910980239159942,2.5526058056500656,1.2087768608538851,-2.69,"[430.1666564941406, 537.5]"
combined_sweep,1789044678.6893542,3.593320556,1.0510042789410656,0.903,0.35222135585746667,0.49379800163619014,2.7079242354330173,1.188835110611372,-2.69,"[430.1666564941406, 537.5]"
combined_sweep,1789044678.7393265,3.6432931290000004,0.9997688500923457,0.903,0.35294783770373334,0.49649403906608236,2.8638627665050898,1.162757437217316,-2.69,"[431.5, 622.75]"
combined_sweep,1789044678.7894828,3.693449289,0.9456022356727225,0.903,0.3536752208346667,0.49919342124190147,3.0208436293925818,1.1244079175201749,-10.76,"[431.5, 622.75]"
combined_sweep,1789044678.8394892,3.7434557730000004,0.8898597213516843,0.903,0.3544026271172,0.5018928893353255,3.1786784148525165,1.0829904362472627,-16.14,"[486.0, 633.0]"
combined_sweep,1789044678.8895104,3.793477052,0.8339623567389955,0.903,0.355129475436,0.5045902867767196,3.3372397559115825,1.026233147095494,-16.14,"[486.0, 633.0]"
combined_sweep,1789044678.9392228,3.8431893280000002,0.7795233042533456,0.903,0.35585315493586667,0.5072759244549528,3.4959500714430725,0.9786797426710391,-91.46,"[498.0, 609.4000244140625]"
combined_sweep,1789044678.9893212,3.893287937,0.7274355846119666,0.903,0.35658082999786667,0.5099763900123964,3.6563862081812033,0.9249904150950417,-37.66,"[498.0, 609.4000244140625]"
combined_sweep,1789044679.0392892,3.943255821,0.6794938249299989,0.903,0.3573072954796,0.5126723667120795,3.817402390991404,0.868233125943273,-10.76,"[432.0, 574.5999755859375]"
combined_sweep,1789044679.0892847,3.9932513770000004,0.636934041913399,0.903,0.3580340454804,0.5153693992868092,3.979329030477528,0.8176117599430467,-29.59,"[432.0, 574.5999755859375]"
combined_sweep,1789044679.1392894,4.043256062,0.6010143049096582,0.903,0.35876079540853334,0.5180664315918666,4.14210304854382,0.7639224323670493,-34.97,"[568.8333129882812, 456.1666564941406]"
combined_sweep,1789044679.1894147,4.093381386,0.5727870610024248,0.903,0.3594888540633333,0.5207683206956134,4.3060206385159105,0.7117670855789375,-16.14,"[568.8333129882812, 456.1666564941406]"
combined_sweep,1789044679.2393367,4.143303250000001,0.5532901927767383,0.903,0.3602147235912,0.5234620857585719,4.470290703950768,0.6657476619423682,-26.9,"[611.0, 530.0]"
combined_sweep,1789044679.2894473,4.193413693,0.543115997153774,0.903,0.36094228718253335,0.5261621376386589,4.6357934427695575,0.619728238305799,-26.9,"[611.0, 530.0]"
combined_sweep,1789044679.33923,4.243196538,0.5427648935777074,0.903,0.36166656157533333,0.5288499830164008,4.801389601823807,0.5905826033359719,-83.39,"[594.1666870117188, 502.5]"
combined_sweep,1789044679.3892705,4.293237056000001,0.552426475191057,0.903,0.36239373955373333,0.5315486038532938,4.968498022203116,0.5691068723055729,-80.7,"[594.1666870117188, 502.5]"
combined_sweep,1789044679.4393444,4.343311153,0.5720527444246127,0.903,0.36312120421666666,0.5342482886014689,5.136521386200446,0.5553010452146021,-104.91,"[607.25, 460.75]"
combined_sweep,1789044679.489427,4.3933934720000005,0.6012856026942588,0.903,0.3638489397664,0.5369489786341611,5.30545701204975,0.5506991028509451,-80.7,"[607.25, 460.75]"
combined_sweep,1789044679.5393772,4.443343759,0.6393616566788514,0.903,0.3645749991141333,0.5396434481351838,5.474849311544855,0.5506991028509451,-32.28,"[595.7999877929688, 443.6000061035156]"
combined_sweep,1789044679.5893433,4.493309956,0.6854197694191964,0.903,0.3653013236516,0.5423389017784128,5.645149883819158,0.5599029875782591,2.69,"[595.7999877929688, 443.6000061035156]"
combined_sweep,1789044679.6394134,4.5433797920000005,0.7383336494067447,0.903,0.3660287700316,0.5450385186770292,5.816562513049446,0.581378718608658,2.69,"[607.5999755859375, 449.0]"
combined_sweep,1789044679.689393,4.593359643,0.7964796582731509,0.903,0.3667548478948,0.5477330568905621,5.988498498547937,0.6151262959421421,2.69,"[607.5999755859375, 449.0]"
combined_sweep,1789044679.7392128,4.643179288000001,0.8582142823796773,0.903,0.3674797910825333,0.5504233842245736,6.161008978395788,0.6519418348513975,34.97,"[590.75, 497.0]"
combined_sweep,1789044679.789246,4.693212606,0.9220260427722632,0.903,0.36820688928746664,0.5531217090151812,0.05169517502294774,0.6948932969121955,64.56,"[590.75, 497.0]"
combined_sweep,1789044679.8393376,4.743304224,0.9858797128653952,0.903,0.36893467037013333,0.5558225680245563,0.22657977700274756,0.7470486437003072,16.14,"[594.8333129882812, 541.0]"
combined_sweep,1789044679.8894343,4.7934008850000005,1.047719440592712,0.903,0.36966219280306667,0.5585224671622349,0.4022514230942065,0.8084078752157329,2.69,"[594.8333129882812, 541.0]"
combined_sweep,1789044679.939483,4.843449573,1.1056110056500064,0.903,0.3703898347726667,0.5612228099108987,0.5788014094785332,0.8697671067311585,8.07,"[544.25, 568.0]"
combined_sweep,1789044679.9894166,4.893382986000001,1.1574856651036076,0.903,0.37111506313346665,0.5639141955470077,0.7556096247837036,0.9311263382465842,8.07,"[544.25, 568.0]"
combined_sweep,1789044680.0394566,4.943423172,1.2019214640028724,0.903,0.37184252445373334,0.5666138678902556,0.9338112825933855,0.9940195505498954,2.69,"[532.2000122070312, 575.4000244140625]"
combined_sweep,1789044680.0893607,4.99332738,1.2370978938298856,0.903,0.3725679371553333,0.5693059376311351,1.1123553822902377,1.064582666792635,2.69,"[532.2000122070312, 575.4000244140625]"
combined_sweep,1789044680.139249,5.043215572,1.2618581312007298,0.903,0.3732935365812,0.5719987003220377,1.291790153895498,1.1152040327928612,61.87,"[508.79998779296875, 599.0]"
combined_sweep,1789044680.1893003,5.093266902,1.2752111067255794,0.903,0.374020438746,0.5746962975906293,1.4723948319527853,1.1612234564294304,104.91,"[508.79998779296875, 599.0]"
combined_sweep,1789044680.239398,5.143364602,1.2764511967252883,0.903,0.3747479997213333,0.5773963397625126,1.6540124839738297,1.1965050145508,121.05,"[392.79998779296875, 638.0]"
combined_sweep,1789044680.2892973,5.193263802000001,1.2653376994941603,0.903,0.37547403864973333,0.58009073348561,1.8360959320417702,1.227184630308513,134.5,"[392.79998779296875, 638.0]"
combined_sweep,1789044680.339607,5.243573382,1.241901250714333,0.903,0.3762034514624,0.5827976479871879,2.0198791332461834,1.2471263805510262,126.42999999999999,"[440.8333435058594, 534.3333129882812]"
combined_sweep,1789044680.3893154,5.293281945,1.2070435275219331,0.903,0.376927506024,0.5854846775521927,2.203153387748614,1.2563302652783401,129.12,"[440.8333435058594, 534.3333129882812]"
combined_sweep,1789044680.4393265,5.343292999,1.161430749557495,0.903,0.3776541966416,0.5881814897506932,2.3879421429030714,1.2578642460662257,32.28,"[424.25, 656.0]"
combined_sweep,1789044680.4895327,5.393499416,1.1063508742721808,0.903,0.3783833792026667,0.5908875497685215,2.5742176467485525,1.2425244381873692,32.28,"[424.25, 656.0]"
combined_sweep,1789044680.5392373,5.443203718,1.0442540166206855,0.903,0.3791065113190667,0.5935711560590164,2.7597864952136035,1.2164467647933135,-2.69,"[426.5, 646.3333129882812]"
combined_sweep,1789044680.5893924,5.493359151,0.9762176722576474,0.903,0.3798351366721333,0.5962751482294072,2.9476167820083212,1.1811652066719438,-2.69,"[426.5, 646.3333129882812]"
combined_sweep,1789044680.639451,5.543417607,0.9051362181508411,0.903,0.3805625336242667,0.5989745816969039,3.1359793070810813,1.1382137446111458,-26.9,"[440.25, 633.5]"
combined_sweep,1789044680.68929,5.593256553000001,0.8336491967610932,0.903,0.38128727440626664,0.6016641578856035,3.3244967215296803,1.086058397823034,-26.9,"[440.25, 633.5]"
combined_sweep,1789044680.7396708,5.643637161,0.7636151434022751,0.903,0.38201668107133335,0.604371049572902,3.5150814132275663,1.026233147095494,-88.77,"[491.79998779296875, 617.5999755859375]"
combined_sweep,1789044680.7894053,5.693371933000001,0.6984565618907252,0.903,0.3827418762816,0.6070623121844936,3.7054094783371276,0.9633399347921826,-110.28999999999999,"[491.79998779296875, 617.5999755859375]"
combined_sweep,1789044680.839516,5.743482544000001,0.6399789271592666,0.903,0.38347026976986665,0.6097654438844091,3.8974281659821983,0.8897088569736719,-8.07,"[531.4000244140625, 567.2000122070312]"
combined_sweep,1789044680.889384,5.793350589,0.590969621694134,0.903,0.3841954641226667,0.6124567033138673,4.08944727034179,0.7961360289126478,-8.07,"[531.4000244140625, 567.2000122070312]"
combined_sweep,1789044680.9392362,5.843202710000001,0.5531514898365301,0.903,0.38492023516306667,0.6151463917941256,4.282197075056761,0.7409127205487647,-43.04,"[569.5, 540.75]"
combined_sweep,1789044680.9892645,5.893231066,0.5280466447275578,0.903,0.38564707589546665,0.6178437610817283,4.476344912180309,0.6780195082454534,-34.97,"[569.5, 540.75]"
combined_sweep,1789044681.0395062,5.943472804000001,0.5169364873500788,0.903,0.3863767971490667,0.6205518202344843,4.672116509008482,0.6227961998815703,-34.97,"[596.3333129882812, 515.1666870117188]"
combined_sweep,1789044681.089523,5.993489536,0.5205707358275755,0.903,0.38710358746533335,0.6232490024234234,4.86794927497974,0.5829126993965437,-99.53,"[596.3333129882812, 515.1666870117188]"
combined_sweep,1789044681.1395364,6.043503029,0.5389847301249973,0.903,0.3878304660716,0.6259465122642454,5.064653525460507,0.5522330836388308,-121.05,"[598.5, 463.75]"
combined_sweep,1789044681.189406,6.0933723980000005,0.571594376370266,0.903,0.38855525998746665,0.6286362856373537,5.261636466924255,0.5322913333963175,-61.87,"[598.5, 463.75]"
combined_sweep,1789044681.2395551,6.143521799,0.6176799027624178,0.903,0.3892840525756,0.6313408984316482,5.460558323963806,0.5276893910326605,-48.42,"[611.7999877929688, 425.0]"
combined_sweep,1789044681.289372,6.193338573,0.6751175755405667,0.903,0.3900086112404,0.6340297987675507,5.659166836135082,0.5368932757599744,-48.42,"[611.7999877929688, 425.0]"
combined_sweep,1789044681.3392391,6.243205594,0.7420717079622388,0.903,0.3907334270144,0.6367196532580963,5.858688714718074,0.5568350260024878,2.69,"[605.5999755859375, 452.20001220703125]"
combined_sweep,1789044681.389436,6.293402518000001,0.8164307818022318,0.903,0.39146236859826666,0.6394248189885391,6.0601988289044115,0.5905826033359719,2.69,"[605.5999755859375, 452.20001220703125]"
combined_sweep,1789044681.4393733,6.343339697,0.8945402102201983,0.903,0.39218790752186666,0.6421173571502584,6.261612877718726,0.6335340653967698,16.14,"[480.6000061035156, 486.20001220703125]"
combined_sweep,1789044681.4895632,6.393529679,0.9739541660627653,0.903,0.39291663725333337,0.6448217366779861,0.18157942514436343,0.6856894121848816,86.08,"[480.6000061035156, 486.20001220703125]"
combined_sweep,1789044681.5395353,6.443501683,1.050754954035639,0.903,0.3936425014038667,0.647515481785192,0.3847777569310047,0.7501166052760785,48.42,"[581.5, 467.5]"
combined_sweep,1789044681.5895138,6.493480306,1.1221979000326412,0.903,0.39437022441133335,0.6502161252724399,0.5893461224493315,0.8314175870340175,2.69,"[581.5, 467.5]"
combined_sweep,1789044681.6394472,6.543413743,1.1847958225045458,0.903,0.3950956114906667,0.6529080999268554,0.7941020607167886,0.9096506072161852,2.69,"[543.75, 573.75]"
combined_sweep,1789044681.6893039,6.593270418,1.2359851369049228,0.903,0.3958206252377333,0.6555986891127008,0.9995959688201772,0.9970875121256667,2.69,"[543.75, 573.75]"
combined_sweep,1789044681.7392895,6.643255867000001,1.2735035734568105,0.903,0.3965471263116,0.6582947978978919,1.2063582511890445,1.0676506283684062,18.83,"[518.2000122070312, 613.4000244140625]"
combined_sweep,1789044681.7892845,6.693250947,1.295400579346956,0.903,0.3972737596097333,0.6609913973788573,1.4140052874084148,1.1336118022474888,69.94,"[518.2000122070312, 613.4000244140625]"
combined_sweep,1789044681.8395221,6.7434886380000005,1.3004634778194941,0.903,0.39800141711546666,0.6636917977834655,1.6227945198338496,1.184233168247715,129.12,"[491.3999938964844, 636.5999755859375]"
combined_sweep,1789044681.8896606,6.793627184,1.2880716960975205,0.903,0.3987321099369333,0.6664034625092274,1.8333113002704557,1.2256506495206272,145.26,"[491.3999938964844, 636.5999755859375]"
combined_sweep,1789044681.9394162,6.843382717000001,1.2588638292684315,0.903,0.3994546844965333,0.6690849996578576,2.042326848770177,1.2593982268541113,131.81,"[445.6000061035156, 657.2000122070312]"
combined_sweep,1789044681.989575,6.893541648,1.213437060198747,0.903,0.40018249822106666,0.671785979804044,2.2537077818211806,1.2747380347329678,150.64,"[445.6000061035156, 657.2000122070312]"
combined_sweep,1789044682.0395763,6.9435427590000005,1.1537057103192812,0.903,0.40091060580960003,0.6744880505051387,2.466024626407034,1.2732040539450822,32.28,"[420.3999938964844, 656.5999755859375]"
combined_sweep,1789044682.0893638,6.993330413000001,1.0826286293924494,0.903,0.40163435457533336,0.6771739452350383,2.677910844718042,1.2578642460662257,32.28,"[420.3999938964844, 656.5999755859375]"
combined_sweep,1789044682.1393418,7.043308533,1.0026260188335774,0.903,0.4023606413406667,0.6798692587025894,2.8913864081700034,1.2256506495206272,-2.69,"[420.0, 649.0]"
combined_sweep,1789044682.1893277,7.093294184,0.9173974078332969,0.903,0.403087464604,0.6825665631609638,3.1058672288697196,1.1811652066719438,-8.07,"[420.0, 649.0]"
combined_sweep,1789044682.2394016,7.143368056000001,0.8307466626603434,0.903,0.4038152712508,0.6852675170410651,3.3214881004816554,1.1244079175201749,-24.21,"[452.8333435058594, 632.8333129882812]"
combined_sweep,1789044682.2894223,7.1933886010000005,0.7469142093923212,0.903,0.40454222230573333,0.6879652957452014,3.5377033572851957,1.059980724428978,-48.42,"[452.8333435058594, 632.8333129882812]"
combined_sweep,1789044682.3395119,7.243478556,0.6696908961263598,0.903,0.40527007887453337,0.6906664348901945,3.7550379162767307,0.9863496466104673,-147.95,"[513.25, 620.5]"
combined_sweep,1789044682.389581,7.293547417,0.6030145640622835,0.903,0.40599722097013335,0.6933649225628902,3.9730074464774106,0.9035146840646426,-53.8,"[513.25, 620.5]"
combined_sweep,1789044682.439409,7.34337542,0.5502957699557977,0.903,0.40672202497213333,0.6960547333665181,4.191118968111901,0.8053399136399616,-2.69,"[569.0, 553.7999877929688]"
combined_sweep,1789044682.4894109,7.393377586000001,0.5139699518413157,0.903,0.4074484488304,0.6987505555978899,4.410564579262012,0.7209709703062513,-2.69,"[569.0, 553.7999877929688]"
combined_sweep,1789044682.5393002,7.4432667200000004,0.4961950226706503,0.903,0.4081736180114667,0.7014417216128523,4.6304748770422215,0.6504078540635119,-56.49,"[585.5999755859375, 544.5999755859375]"
combined_sweep,1789044682.5894177,7.493384014,0.49808450499631163,0.903,0.4089017547974667,0.7041439006682899,4.852135744272196,0.5890486225480862,-56.49,"[585.5999755859375, 544.5999755859375]"
combined_sweep,1789044682.639308,7.543274299,0.5198486496687713,0.903,0.40962743733946666,0.7068369718104051,5.07389439304125,0.5460971604872883,-121.05,"[497.79998779296875, 478.20001220703125]"
combined_sweep,1789044682.689477,7.593443433000001,0.5609076229415736,0.903,0.4103563963633333,0.7095422022622073,5.2975068440454685,0.5184855063053467,-118.36,"[497.79998779296875, 478.20001220703125]"
combined_sweep,1789044682.739328,7.643294418000001,0.6190600843628141,0.903,0.41108126718960003,0.7122322610565113,5.52070823483427,0.5077476407901472,-80.7,"[628.8333129882812, 419.8333435058594]"
combined_sweep,1789044682.7894769,7.693443556,0.6922124305112459,0.903,0.41180964437146667,0.7149353322419558,5.7458404923996085,0.5108156023659185,2.69,"[628.8333129882812, 419.8333435058594]"
combined_sweep,1789044682.839486,7.743452318,0.776420081625779,0.903,0.41253640730693336,0.7176324128183604,5.971321231739886,0.5368932757599744,2.69,"[617.5, 423.75]"
combined_sweep,1789044682.8893878,7.793354374000001,0.8675557713146926,0.903,0.41326209361306665,0.7203254979295024,6.19731285927557,0.5875146417602005,2.69,"[617.5, 423.75]"
combined_sweep,1789044682.9393232,7.84328978,0.9610816142523314,0.903,0.41398713737146664,0.7230161984900207,0.1407624994681278,0.6442719309119693,40.35,"[609.0, 470.3999938964844]"
combined_sweep,1789044682.9893441,7.893310577,1.052582216043114,0.903,0.4147146060310667,0.7257158980701741,0.369004496720688,0.7117670855789375,110.28999999999999,"[609.0, 470.3999938964844]"
combined_sweep,1789044683.0394895,7.943455920000001,1.1369561473792111,0.903,0.41544238018133334,0.7284167313528087,0.598192126078569,0.7900001057611052,2.69,"[584.7999877929688, 553.4000244140625]"
combined_sweep,1789044683.0895162,7.993482577000001,1.20954999603562,0.903,0.41616951806226665,0.7311152033845092,0.8280276838491112,0.8881748761857863,2.69,"[584.7999877929688, 553.4000244140625]"
combined_sweep,1789044683.1393974,8.043364022,1.266322028419768,0.903,0.4168951826556,0.7338082079175585,1.0582424268419608,0.9740778003073821,10.76,"[433.20001220703125, 577.0]"
combined_sweep,1789044683.189408,8.093374606000001,1.3042206819737105,0.903,0.4176218153433333,0.7365048051332763,1.2896114160361414,1.059980724428978,34.97,"[433.20001220703125, 577.0]"
combined_sweep,1789044683.2392917,8.143258177,1.3208375262772076,0.903,0.4183472056636,0.7391967918150779,1.5214290469142497,1.141281706186917,75.32,"[497.3333435058594, 507.5]"
combined_sweep,1789044683.2894154,8.193381829,1.3149875759002447,0.903,0.4190753400806667,0.7418989620791975,1.7549742528741845,1.2164467647933135,75.32,"[497.3333435058594, 507.5]"
combined_sweep,1789044683.3392937,8.243260318,1.2867205411656282,0.903,0.4198005406973333,0.7445902447544104,1.9884222437124457,1.2593982268541113,142.57,"[448.5, 647.5]"
combined_sweep,1789044683.389298,8.293264536,1.2371413991531606,0.903,0.4205274941938667,0.7472880325195371,2.2232823704318783,1.2870098810360528,137.19,"[448.5, 647.5]"
combined_sweep,1789044683.4394608,8.343427312000001,1.1685750853930101,0.903,0.42125594424586665,0.7499913741323956,2.45947736015604,1.2946797849754812,99.53,"[415.8333435058594, 669.8333129882812]"
combined_sweep,1789044683.4893873,8.393353806,1.0850130400194558,0.903,0.42198164852973336,0.7526845259604723,2.6956270112523164,1.2885438618239387,-2.69,"[415.8333435058594, 669.8333129882812]"
combined_sweep,1789044683.539554,8.44352057,0.9902475239238264,0.903,0.4227106377684,0.7553898685420302,2.9336982363484516,1.2593982268541113,-2.69,"[407.0, 666.75]"
combined_sweep,1789044683.589422,8.493388539,0.8904308022800391,0.903,0.4234355492298667,0.7580800781371018,3.1712808654717293,1.2087768608538851,-18.83,"[407.0, 666.75]"
combined_sweep,1789044683.6395707,8.543537313,0.7901487638810453,0.903,0.42416405054093337,0.7607836099768228,3.4108915165678404,1.1397477253990314,-24.21,"[451.3999938964844, 631.7999877929688]"
combined_sweep,1789044683.6893303,8.593296732,0.6962473865990108,0.903,0.42488783800893337,0.7634696483342062,3.6497922425272264,1.0446409165501216,-24.21,"[451.3999938964844, 631.7999877929688]"
combined_sweep,1789044683.739283,8.643249596,0.6133020531808805,0.903,0.4256137953472,0.76616373926921,3.890254725604116,0.9572040116406401,-134.5,"[510.3999938964844, 604.4000244140625]"
combined_sweep,1789044683.7894156,8.693381957,0.5463866212711852,0.903,0.42634215379560003,0.7688667409331273,4.132363690420366,0.8605632220038447,-2.69,"[510.3999938964844, 604.4000244140625]"
combined_sweep,1789044683.8392859,8.743252523,0.5001132959749868,0.903,0.4270673592954667,0.7715580417303209,4.374268400790115,0.7577865092155067,-2.69,"[564.5, 554.5]"
combined_sweep,1789044683.889379,8.793345343,0.47711738913394863,0.903,0.427794899212,0.7742580057511625,4.617801033840113,0.6780195082454534,-37.66,"[564.5, 554.5]"
combined_sweep,1789044683.939416,8.843382559,0.4792703408842091,0.903,0.4285221532578667,0.7769569088810522,4.862086546933057,0.6043884304269426,-88.77,"[600.6666870117188, 511.3333435058594]"
combined_sweep,1789044683.9894192,8.893385717000001,0.5067412352358632,0.903,0.4292487656134667,0.7796534306424516,5.107003589470313,0.543029198911517,-96.84,"[600.6666870117188, 511.3333435058594]"
combined_sweep,1789044684.0393348,8.943301275000001,0.5581458318125436,0.903,0.42997456738693335,0.7823469442629282,5.352492596629752,0.504679679214376,-126.42999999999999,"[627.75, 439.75]"
combined_sweep,1789044684.0893378,8.993304249000001,0.6308005929092585,0.903,0.4307010687514667,0.7850430541268086,5.599065042727037,0.4908738521234052,-126.42999999999999,"[627.75, 439.75]"
combined_sweep,1789044684.1392684,9.043235027,0.7204677296000808,0.903,0.4314271274161333,0.7877375210929114,5.84633302128255,0.4954757944870621,2.69,"[629.2000122070312, 412.20001220703125]"
combined_sweep,1789044684.189255,9.093221548,0.8219747536467066,0.903,0.4321535666506667,0.7904334003869484,6.094577277851148,0.5292233718205462,2.69,"[629.2000122070312, 412.20001220703125]"
combined_sweep,1789044684.239294,9.143260711,0.9293013437946431,0.903,0.43288091674733337,0.7931326599697257,0.060796288820210265,0.581378718608658,8.07,"[634.4000244140625, 434.79998779296875]"
combined_sweep,1789044684.289411,9.193377766000001,1.035774618325367,0.903,0.4336087248184,0.7958336191354047,0.31120750802252317,0.6488738732756262,37.66,"[634.4000244140625, 434.79998779296875]"
combined_sweep,1789044684.339435,9.243401634000001,1.134475354028286,0.903,0.4343353911508,0.798530341209412,0.562073097985504,0.7332428166093364,110.28999999999999,"[488.0, 539.0]"
combined_sweep,1789044684.3894436,9.293410144000001,1.2190450167143705,0.903,0.4350623680750667,0.7987717840831017,0.8131217968696589,0.8375535101855601,2.69,"[488.0, 539.0]"
combined_sweep,1789044684.4394379,9.343404447000001,1.283834043567317,0.903,0.43578886980293335,0.7960756728708596,1.063159578968289,0.9495341077012119,2.69,"[540.0, 498.6666564941406]"
combined_sweep,1789044684.4892826,9.393249098,1.3249581590797217,0.903,0.4365138430746667,0.7933852338925027,1.311828060544073,1.0630486860047492,2.69,"[540.0, 498.6666564941406]"
combined_sweep,1789044684.5392447,9.443211183,1.3402154951875815,0.903,0.43724027434493334,0.7906893841545533,1.560149989125037,1.1504855909142309,94.14999999999999,"[508.5, 615.25]"
combined_sweep,1789044684.5893934,9.493359825,1.328682195397962,0.903,0.43796845734693335,0.7879870335875128,1.8082199864466304,1.2195147263690846,131.81,"[508.5, 615.25]"
combined_sweep,1789044684.6393795,9.543346073,1.291297461381603,0.903,0.4386948737932,0.7852912388627191,2.054841554217937,1.2732040539450822,147.95,"[452.0, 652.7999877929688]"
combined_sweep,1789044684.689465,9.593431463,1.2303617957702742,0.903,0.4394226810649333,0.7825902826634357,2.30108545102928,1.303883669702795,172.16,"[452.0, 652.7999877929688]"
combined_sweep,1789044684.739451,9.643417562,1.1499328673890108,0.903,0.44014898351173337,0.7798949110005953,2.5459738588066045,1.3100195928543377,80.7,"[409.6000061035156, 668.2000122070312]"
combined_sweep,1789044684.7895062,9.693472577000001,1.0546148081133988,0.903,0.44087682777080006,0.7771938175380952,2.7905321728885255,1.2992817273391382,-2.69,"[409.6000061035156, 668.2000122070312]"
combined_sweep,1789044684.8395123,9.743478845,0.9504799404156267,0.903,0.4416035534573334,0.7744968751957277,3.0338673042971394,1.2624661884298827,-2.69,"[402.79998779296875, 662.2000122070312]"
combined_sweep,1789044684.889362,9.793328553,0.8438159174716029,0.903,0.4423285986109333,0.7718061694575005,3.275796306104546,1.1903690913992575,-2.69,"[402.79998779296875, 662.2000122070312]"
combined_sweep,1789044684.9392421,9.843208726,0.7406073188678551,0.903,0.4430536077654667,0.7691155973149464,3.516869955817299,1.1106020904292042,-40.35,"[453.20001220703125, 640.0]"
combined_sweep,1789044684.9894707,9.893437362,0.6462986605754649,0.903,0.4437825743902667,0.7664103386554182,3.758406936621647,1.021631204731837,-104.91,"[453.20001220703125, 640.0]"
combined_sweep,1789044685.0392697,9.943236178000001,0.5672778268808865,0.903,0.4445071784136,0.7637212699900464,3.99765600811466,0.9280583766708129,-115.67,"[525.0, 601.5]"
combined_sweep,1789044685.0894275,9.993394107,0.5070653699245011,0.903,0.44523567489960003,0.7610177560565681,4.237338816592555,0.8130098175793898,-2.69,"[525.0, 601.5]"
combined_sweep,1789044685.1395135,10.043479865,0.4694404990617619,0.903,0.4459635965050667,0.7583163755548386,4.4759823541452946,0.7133010663668231,-13.45,"[581.1666870117188, 548.5]"
combined_sweep,1789044685.1894724,10.093438904000001,0.4563103949752677,0.903,0.4466897522814667,0.7556215481986319,4.7132009683598,0.6304661038209985,-51.11,"[581.1666870117188, 548.5]"
combined_sweep,1789044685.2395093,10.143475825000001,0.4681440235734219,0.903,0.44741692729506666,0.7529229383643701,4.949904157873711,0.5599029875782591,-121.05,"[604.25, 485.75]"
combined_sweep,1789044685.28933,10.19329661,0.5039687591087734,0.903,0.44814154553200003,0.7502338169510903,5.184932658497523,0.500077736850719,-121.05,"[604.25, 485.75]"
combined_sweep,1789044685.3392565,10.24322289,0.561708745654819,0.903,0.4488668805384,0.7475420355438676,5.419349543520184,0.48013598660820567,-137.19,"[664.2000122070312, 412.3999938964844]"
combined_sweep,1789044685.3893168,10.293283229,0.6382525384749267,0.903,0.44959413802866666,0.7448431196315093,5.653539166316861,0.48013598660820567,-53.8,"[664.2000122070312, 412.3999938964844]"
combined_sweep,1789044685.4392655,10.343231902000001,0.7290648926212321,0.903,0.45032059922306666,0.7421471588424937,5.886625646352691,0.49394181369917645,2.69,"[628.4000244140625, 399.6000061035156]"
combined_sweep,1789044685.4894927,10.393459088,0.8296291290529594,0.903,0.4510499708337333,0.739440397245128,6.119792419486245,0.5276893910326605,2.69,"[628.4000244140625, 399.6000061035156]"
combined_sweep,1789044685.5394711,10.443437864,0.9336256245068686,0.903,0.45177594260360004,0.7367462527531992,0.06784143740758708,0.5829126993965437,5.38,"[492.6000061035156, 434.79998779296875]"
combined_sweep,1789044685.5894427,10.493409315000001,1.036013343542838,0.903,0.4525023169322667,0.7340506143304886,0.2983574652210237,0.6534758156392831,51.11,"[492.6000061035156, 434.79998779296875]"
combined_sweep,1789044685.6393394,10.543305984,1.131214644500509,0.903,0.45322759656666667,0.7313590384135824,0.5276821206022717,0.7409127205487647,96.84,"[600.0, 455.1666564941406]"
combined_sweep,1789044685.6894276,10.593394174,1.2147466785667147,0.903,0.4539555005286667,0.7286577233882947,0.7569864685270673,0.8666991451553873,96.84,"[600.0, 455.1666564941406]"
combined_sweep,1789044685.7392533,10.643219812,1.2817415859838026,0.903,0.4546803310394667,0.7259678142082002,0.9844796931006172,0.9648739155800683,2.69,"[529.25, 597.5]"
combined_sweep,1789044685.7893486,10.693315229000001,1.3294153582665351,0.903,0.45540810610533333,0.7232669775276941,1.2120473001888925,1.0538448012774355,24.21,"[529.25, 597.5]"
combined_sweep,1789044685.8393564,10.743323054000001,1.3551482051753787,0.903,0.4561349796249334,0.7205694865639354,1.4384853202313508,1.141281706186917,102.22,"[512.4000244140625, 613.5999755859375]"
combined_sweep,1789044685.8892896,10.793256058,1.3578892180409148,0.903,0.45686074012373334,0.7178761261173432,1.663731519407385,1.2118448224296565,115.67,"[512.4000244140625, 613.5999755859375]"
combined_sweep,1789044685.9393766,10.843343046000001,1.3376621560685282,0.903,0.45758828922533334,0.7151761280099189,1.8886835678270444,1.2701360923693108,150.64,"[446.79998779296875, 664.5999755859375]"
combined_sweep,1789044685.9894319,10.893398551,1.29564438279932,0.903,0.45831566240093335,0.7124767827792091,2.112732372595943,1.3115535736422232,180.23,"[446.79998779296875, 664.5999755859375]"
combined_sweep,1789044686.039403,10.943369457000001,1.2342185995625727,0.903,0.45904182992026665,0.7097819118439539,2.3355637684889246,1.3284273623089653,204.44,"[403.3999938964844, 683.2000122070312]"
combined_sweep,1789044686.0893822,10.993348717,1.1564627414368345,0.903,0.4597684629277333,0.7070853134416779,2.5576908817013972,1.3284273623089653,204.44,"[403.3999938964844, 683.2000122070312]"
combined_sweep,1789044686.1392367,11.043203213,1.0665535374918194,0.903,0.46049353262813336,0.7043945166081371,2.778496620844841,1.3054176504906807,-2.69,"[403.3999938964844, 677.7999877929688]"
combined_sweep,1789044686.1892428,11.093209189000001,0.9685796703727978,0.903,0.4612201340982667,0.701698035243653,2.9989217817808793,1.2624661884298827,-2.69,"[403.3999938964844, 677.7999877929688]"
combined_sweep,1789044686.2393806,11.143347102,0.8673015081628453,0.903,0.46194822381080003,0.6989960308819516,3.2189479007261,1.2026409377023426,-16.14,"[423.0, 656.0]"
combined_sweep,1789044686.2893367,11.193303164000001,0.7680943479615968,0.903,0.4626741304858667,0.6963021279624972,3.437468884085483,1.1274758790959463,-18.83,"[423.0, 656.0]"
combined_sweep,1789044686.3393793,11.243345859000001,0.6751312602614514,0.903,0.46340179174120005,0.6936017136427968,3.655668530547999,1.0446409165501216,-72.63,"[510.8333435058594, 648.1666870117188]"
combined_sweep,1789044686.3895988,11.293565306000001,0.5928173209461135,0.903,0.4641311545010667,0.6908949848915209,3.8735248986288724,0.9495341077012119,-142.57,"[510.8333435058594, 648.1666870117188]"
combined_sweep,1789044686.4395628,11.343529321,0.5254230727899236,0.903,0.4648573162942667,0.6882001352064453,4.089579132998274,0.8467573949128739,-2.69,"[540.0, 566.0]"
combined_sweep,1789044686.4892762,11.393242745,0.47573650207653667,0.903,0.4655802924098667,0.6855171078485116,4.303846918667489,0.7255729126699083,-2.69,"[540.0, 566.0]"
combined_sweep,1789044686.5392625,11.443229168,0.44544402526065885,0.903,0.46630692204560004,0.6828205219590318,4.5183503805646765,0.6458059116998549,-34.97,"[595.5999755859375, 534.5999755859375]"
combined_sweep,1789044686.5894501,11.493416652,0.43606038758876586,0.903,0.46703590471520007,0.6801152037558527,4.732695856260868,0.5752427954571154,-107.6,"[595.5999755859375, 534.5999755859375]"
combined_sweep,1789044686.6393485,11.543315069,0.447858490352997,0.903,0.46776151681413336,0.6774223940340955,4.945205527156986,0.5184855063053467,-123.74,"[602.5999755859375, 461.0]"
combined_sweep,1789044686.689491,11.593457553,0.48015787989764036,0.903,0.4684892770850667,0.6747216122588762,5.15749457962653,0.4770680250324344,-126.42999999999999,"[602.5999755859375, 461.0]"
combined_sweep,1789044686.7394464,11.643412821,0.5312077682019896,0.903,0.4692155427044,0.6720263772659736,5.368501373653828,0.461728217153578,-150.64,"[647.0, 394.5]"
combined_sweep,1789044686.7894037,11.693370292,0.5986531705458829,0.903,0.46994201062773333,0.6693303915053002,5.578720207151463,0.46019423636569234,-69.94,"[647.0, 394.5]"
combined_sweep,1789044686.839357,11.743323297,0.6793015971726932,0.903,0.4706678243185334,0.6666368336585611,5.787904511790373,0.4693981210930062,2.69,"[635.1666870117188, 389.5]"
combined_sweep,1789044686.8894234,11.793390036,0.7698242075040436,0.903,0.4713954846582667,0.6639364227367319,5.9967715136700335,0.5077476407901472,2.69,"[635.1666870117188, 389.5]"
combined_sweep,1789044686.9392068,11.843173184000001,0.8655745388220405,0.903,0.47211977995,0.6612484998012276,6.203830934851929,0.5599029875782591,2.69,"[640.0, 417.5]"
combined_sweep,1789044686.989436,11.89340254,0.9634371382657212,0.903,0.4728486677896,0.658543533520441,0.12816556527685918,0.6212622190936846,18.83,"[640.0, 417.5]"
combined_sweep,1789044687.0392888,11.943255139000001,1.0581785762789473,0.903,0.4735740460762667,0.6558515914963776,0.3338421072384392,0.6964272777000811,110.28999999999999,"[620.5999755859375, 520.5999755859375]"
combined_sweep,1789044687.0893734,11.993339746,1.146598029668606,0.903,0.47430188639680004,0.6531505126501178,0.5393668042402737,0.7792622402459057,34.97,"[620.5999755859375, 520.5999755859375]"
combined_sweep,1789044687.1394284,12.043395017,1.224651029054784,0.903,0.4750290072446667,0.6504521038296118,0.7438400793894289,0.8866408953979006,2.69,"[581.4000244140625, 582.5999755859375]"
combined_sweep,1789044687.1894374,12.09340388,1.2892359626517527,0.903,0.47575550592053334,0.6477560039436077,0.9472915849253525,0.9802137234589247,2.69,"[581.4000244140625, 582.5999755859375]"
combined_sweep,1789044687.2394092,12.143375835,1.3379032074695327,0.903,0.47648214657253335,0.6450593771718023,1.1499357100511602,1.0661166475805206,21.52,"[437.20001220703125, 589.7999877929688]"
combined_sweep,1789044687.2894654,12.193431939,1.3688201451188213,0.903,0.47720932681813333,0.6423607479211326,1.3518819174121788,1.1642914180052018,21.52,"[437.20001220703125, 589.7999877929688]"
combined_sweep,1789044687.3392532,12.243219704000001,1.3808511822634983,0.903,0.47793371757933334,0.6396724706901191,1.5522115512009265,1.2302525918842842,121.05,"[473.3333435058594, 534.3333129882812]"
combined_sweep,1789044687.389276,12.293242659,1.3737914707206682,0.903,0.478660565622,0.6369750742734799,1.7523731204473592,1.2839419194602817,158.71,"[473.3333435058594, 534.3333129882812]"
combined_sweep,1789044687.4395921,12.343558686000002,1.3478460926951592,0.903,0.4793912943698667,0.6342632762217173,1.9527466709731485,1.3238254199453083,177.54,"[411.75, 673.75]"
combined_sweep,1789044687.489374,12.393340331000001,1.304716177290594,0.903,0.4801149774304,0.6315776253295398,2.150347961630544,1.3453011509757073,199.06,"[411.75, 673.75]"
combined_sweep,1789044687.5394006,12.443367039,1.2457774383973836,0.903,0.4808419947718667,0.6288796006303028,2.348011657499761,1.3529710549151355,147.95,"[395.0, 683.2000122070312]"
combined_sweep,1789044687.589436,12.493402506,1.1736250436798819,0.903,0.48156903280880003,0.6261814991283856,2.544832913338354,1.3483691125514785,-2.69,"[395.0, 683.2000122070312]"
combined_sweep,1789044687.6394951,12.543461666,1.091096274480825,0.903,0.4822966433282667,0.623481273093907,2.740959746825844,1.3222914391574228,-2.69,"[384.20001220703125, 703.0]"
combined_sweep,1789044687.6893508,12.593317416000001,1.0017973711893178,0.903,0.4830218646404,0.620789913616014,2.9355987376187045,1.2670681307935396,-2.69,"[384.20001220703125, 703.0]"
combined_sweep,1789044687.7392378,12.643204158000001,0.9089106759304167,0.903,0.48374701051,0.6180988341119353,3.1293738225030623,1.2087768608538851,-8.07,"[408.0, 672.2000122070312]"
combined_sweep,1789044687.7894804,12.693447112000001,0.8154192335901997,0.903,0.48447616151920003,0.6153928911858333,3.3233661662889347,1.141281706186917,-18.83,"[408.0, 672.2000122070312]"
combined_sweep,1789044687.8394186,12.743385164000001,0.7256884965695692,0.903,0.4852022441638667,0.6126983352278612,3.5156963250897064,1.064582666792635,-53.8,"[478.0, 640.4000244140625]"
combined_sweep,1789044687.8894475,12.793414027,0.6424833038922443,0.903,0.4859292664757333,0.6100002920830367,3.70742735981905,0.983281685034696,-153.32999999999998,"[478.0, 640.4000244140625]"
combined_sweep,1789044687.9394274,12.843393888000001,0.5689487583434065,0.903,0.4866556760913333,0.6073045227074418,3.898150212346181,0.8943107993373288,-40.35,"[542.75, 569.75]"
combined_sweep,1789044687.9894054,12.893371883,0.5075699660371142,0.903,0.4873820780914667,0.6046087815935075,4.088024481797589,0.7900001057611052,-2.69,"[542.75, 569.75]"
combined_sweep,1789044688.0393863,12.94335288,0.4604234376439103,0.903,0.48810838623533337,0.6019133887883565,4.277027853314998,0.7086991240031663,-29.59,"[586.3333129882812, 536.5]"
combined_sweep,1789044688.089334,12.99330065,0.4290366050245053,0.903,0.4888343520610667,0.5992192663556244,4.465096577952835,0.6166602767300278,-29.59,"[586.3333129882812, 536.5]"
combined_sweep,1789044688.1392431,13.04320955,0.41432249279024586,0.903,0.4895603374922667,0.5965250711652972,4.652324768690676,0.5522330836388308,-102.22,"[612.25, 483.75]"
combined_sweep,1789044688.1893625,13.093329173,0.4166468118998098,0.903,0.49028812752746664,0.5938241789322909,4.839168536170639,0.49854375606283335,-156.02,"[612.25, 483.75]"
combined_sweep,1789044688.239414,13.143380457000001,0.4357912014062947,0.903,0.49101551481493333,0.5911247813312144,5.025060025451218,0.461728217153578,-172.16,"[639.7999877929688, 411.3999938964844]"
combined_sweep,1789044688.2893665,13.1933328,0.4708408241822053,0.903,0.49174159913093335,0.5884302191707786,5.2097726833715114,0.43718452454740775,-174.85,"[639.7999877929688, 411.3999938964844]"
combined_sweep,1789044688.339365,13.243331389000002,0.5205081999617021,0.903,0.49246833068893336,0.5857332550388865,5.393802644879003,0.43104860139586515,-169.47,"[653.2000122070312, 375.20001220703125]"
combined_sweep,1789044688.3895004,13.293466896,0.5831018446771301,0.903,0.49319676751560004,0.5830299625063924,5.577413097731103,0.4325825821837508,-53.8,"[653.2000122070312, 375.20001220703125]"
combined_sweep,1789044688.439275,13.343241657,0.6557890297029382,0.903,0.4939205116452,0.5803440849815877,5.759000305359677,0.45099035163837853,2.69,"[516.4000244140625, 348.79998779296875]"
combined_sweep,1789044688.4893672,13.393333664,0.7369411121816183,0.903,0.49464859436720005,0.5776421065623647,5.9408255589433026,0.4924078329112908,2.69,"[516.4000244140625, 348.79998779296875]"
combined_sweep,1789044688.5392456,13.443212101,0.823038802695033,0.903,0.4953736851118667,0.5749512316317169,6.121060091327394,0.5460971604872883,2.69,"[669.0, 360.1666564941406]"
combined_sweep,1789044688.5894375,13.493404202,0.9119853080397112,0.903,0.4961022156930667,0.5722475911679807,0.018112798292619914,0.6043884304269426,13.45,"[669.0, 360.1666564941406]"
combined_sweep,1789044688.6394203,13.543386709,1.0002612536495934,0.903,0.49682885821986666,0.569550957438629,0.19703656462106522,0.6718835850939109,72.63,"[630.0, 525.75]"
combined_sweep,1789044688.689403,13.593369448,1.0852712896882903,0.903,0.4975553063342667,0.5668550451906331,0.3750657690109165,0.7485826244881929,48.42,"[630.0, 525.75]"
combined_sweep,1789044688.7395296,13.643496070000001,1.1646167873142221,0.903,0.4982838502570667,0.564151355215057,0.5527570054736515,0.8436894333371027,2.69,"[573.2000122070312, 575.2000122070312]"
combined_sweep,1789044688.7894895,13.6934561,1.2352811679814266,0.903,0.4990085842665334,0.5614618041598187,0.7286763072049567,0.9295923574586985,5.38,"[573.2000122070312, 575.2000122070312]"
combined_sweep,1789044688.83946,13.743426463,1.295815335634955,0.903,0.49973595190493336,0.5587624794781405,0.904386050569137,1.0108933392166375,24.21,"[529.2000122070312, 607.2000122070312]"
combined_sweep,1789044688.8894937,13.793460075,1.3442017561282023,0.903,0.5004631797908,0.5560636734302904,1.079213524260993,1.1060001480655473,24.21,"[529.2000122070312, 607.2000122070312]"
combined_sweep,1789044688.939252,13.843218281,1.3789948738577258,0.903,0.5011870301009334,0.5533774018602748,1.2523883736522734,1.1765632643082868,107.6,"[503.6000061035156, 619.0]"
combined_sweep,1789044688.9894285,13.893395224,1.3996541254756072,0.903,0.5019157353001333,0.5506731133739262,1.425872752127873,1.2363885150358267,150.64,"[503.6000061035156, 619.0]"
combined_sweep,1789044689.039435,13.943401314,1.4054564395425801,0.903,0.5026422443964,0.5479769748169097,1.5979874665208058,1.2885438618239387,145.26,"[438.6000061035156, 659.2000122070312]"
combined_sweep,1789044689.0894134,13.993379946000001,1.3964863011547495,0.903,0.5033688480465334,0.5452804853622555,1.769277527654424,1.3314953238847365,199.06,"[438.6000061035156, 659.2000122070312]"
combined_sweep,1789044689.1394267,14.043393082000001,1.3731788081998306,0.903,0.5040954275713334,0.5425840854388153,1.939714904029863,1.3606409588545638,201.75,"[404.0, 674.0]"
combined_sweep,1789044689.189506,14.093472795,1.3362849006631192,0.903,0.5048235560297334,0.5398819372878272,2.109665008902134,1.37598076673342,212.51,"[404.0, 674.0]"
combined_sweep,1789044689.2394152,14.143381593,1.2872735343584445,0.903,0.5055488426546667,0.5371903354284426,2.278107824864577,1.37598076673342,134.5,"[394.1666564941406, 682.8333129882812]"
combined_sweep,1789044689.2893012,14.193267761000001,1.2275496323436306,0.903,0.5062741894621334,0.534498510226433,2.44572049196983,1.3698448435818775,134.5,"[394.1666564941406, 682.8333129882812]"
combined_sweep,1789044689.3392515,14.243217996,1.158828545452161,0.903,0.5070003835629333,0.531803540645039,2.6126828519951886,1.3437671701878218,-5.38,"[387.0, 689.5]"
combined_sweep,1789044689.3894339,14.293400595000001,1.0829407959159745,0.903,0.5077288521885334,0.5291001301039326,2.779316750113047,1.3084856120664519,-2.69,"[387.0, 689.5]"
combined_sweep,1789044689.4394667,14.343433153000001,1.0024193879814014,0.903,0.5084559673829333,0.526401742263934,2.9447928101846443,1.2593982268541113,-2.69,"[389.0, 677.0]"
combined_sweep,1789044689.4894087,14.393375194,0.9195024274427739,0.903,0.5091820023001333,0.5237073634267491,3.109177293806056,1.2026409377023426,-10.76,"[389.0, 677.0]"
combined_sweep,1789044689.5393932,14.443359615,0.8362930416117753,0.903,0.509908367996,0.5210117570411115,3.2727901713812386,1.1382137446111458,-24.21,"[460.0, 661.7999877929688]"
combined_sweep,1789044689.5894144,14.493380799,0.7549934170129157,0.903,0.5106352006914667,0.5183144175792687,3.435660652179955,1.064582666792635,-43.04,"[460.0, 661.7999877929688]"
combined_sweep,1789044689.6394663,14.543432875,0.6777087657032304,0.903,0.5113626783326667,0.5156146846676153,3.5978265613688265,0.9863496466104673,-131.81,"[421.3999938964844, 605.4000244140625]"
combined_sweep,1789044689.6894631,14.593429762000001,0.6065835292505763,0.903,0.5120890315153334,0.512919124719553,3.758895341718649,0.8866408953979006,-131.81,"[421.3999938964844, 605.4000244140625]"
combined_sweep,1789044689.7392447,14.64321112,0.5433988016670671,0.903,0.5128135566808001,0.5102303487025954,3.918716544810856,0.7961360289126478,-2.69,"[573.1666870117188, 493.1666564941406]"
combined_sweep,1789044689.7894022,14.693368846,0.48921503680476797,0.903,0.5135418992297334,0.5075274060429842,4.0785287021702175,0.7301748550335652,-29.59,"[573.1666870117188, 493.1666564941406]"
combined_sweep,1789044689.8392801,14.743246695000002,0.4457981184080832,0.903,0.5142671900257334,0.5048357887044077,4.236827251631901,0.6580777580029401,-43.04,"[602.25, 547.25]"
combined_sweep,1789044689.8893466,14.793313150000001,0.41377220701586165,0.903,0.5149945232928,0.5021365915777425,4.394722825528234,0.5921165841238575,-69.94,"[602.25, 547.25]"
combined_sweep,1789044689.9395096,14.843476160000002,0.39388418195955943,0.903,0.5157235758386667,0.4994310140576495,4.552138861800955,0.5338253141842031,-142.57,"[632.4000244140625, 481.20001220703125]"
combined_sweep,1789044689.9894178,14.893384255,0.38655696994642086,0.903,0.5164484466794668,0.49674095520941114,4.707808971608941,0.4878058905476339,-174.85,"[632.4000244140625, 481.20001220703125]"
combined_sweep,1789044690.0393493,14.943315870000001,0.3916708694804596,0.903,0.5171744667,0.4940466316550542,4.862880180786988,0.44945637085049284,-174.85,"[638.0, 399.0]"
combined_sweep,1789044690.0893264,14.993293068000002,0.40897175358664056,0.903,0.5179009130994667,0.49135072577132527,5.01719577350336,0.4172427743048944,-174.85,"[638.0, 399.0]"
combined_sweep,1789044690.1392756,15.043242191000001,0.43900152140319976,0.903,0.5173728461332,0.48865558300636,5.170621476934755,0.4111068511533518,-244.79,"[522.7999877929688, 374.6000061035156]"
combined_sweep,1789044690.1893716,15.093338094000002,0.4798629899225073,0.903,0.5166451566832,0.4859550640537948,5.323503642060302,0.4111068511533518,-137.19,"[522.7999877929688, 374.6000061035156]"
combined_sweep,1789044690.239333,15.143299511,0.5300747366359917,0.903,0.5159186726714666,0.4832590185876671,5.475285778767734,0.4111068511533518,-51.11,"[650.8333129882812, 299.1666564941406]"
combined_sweep,1789044690.2893553,15.193322002,0.5883856764675123,0.903,0.5151919335416,0.4805620263559182,5.626273846956003,0.4249126782443226,2.69,"[650.8333129882812, 299.1666564941406]"
combined_sweep,1789044690.3394291,15.243395802,0.6533806388867889,0.903,0.5144643373229334,0.47786185339295423,5.776590615314099,0.45559229400203544,2.69,"[626.75, 368.5]"
combined_sweep,1789044690.3894322,15.293398819,0.7232803072915794,0.903,0.5137380124512,0.4751663985092324,5.92579832762744,0.49394181369917645,2.69,"[626.75, 368.5]"
combined_sweep,1789044690.4395573,15.343523689000001,0.7967661641490343,0.903,0.5130095372856001,0.47246296369761626,6.074596348418311,0.5460971604872883,2.69,"[625.5999755859375, 425.6000061035156]"
combined_sweep,1789044690.489517,15.393483511000001,0.8717170206367925,0.903,0.5122833472686668,0.46976800927180723,6.222081516181127,0.6105243535784852,2.69,"[625.5999755859375, 425.6000061035156]"
combined_sweep,1789044690.5392509,15.44321736,0.9464402663225991,0.903,0.5115597254225334,0.4670825855516018,0.08501967976287972,0.6718835850939109,67.25,"[615.7999877929688, 512.0]"
combined_sweep,1789044690.589399,15.493365781000001,1.0200646656023125,0.903,0.5108315112029334,0.46438011913332783,0.23121969148012056,0.7363107781851077,40.35,"[615.7999877929688, 512.0]"
combined_sweep,1789044690.639484,15.543450585,1.090523365173264,0.903,0.5101039146209333,0.4616799448220022,0.37644633278540596,0.8114758367915041,2.69,"[575.2000122070312, 577.7999877929688]"
combined_sweep,1789044690.6894023,15.593368689000002,1.1563170508848575,0.903,0.5093780015366667,0.45898601811744827,0.5204915073648948,0.8897088569736719,2.69,"[575.2000122070312, 577.7999877929688]"
combined_sweep,1789044690.7395532,15.643519663000001,1.216559064303256,0.903,0.5086493328452,0.45628186511447894,0.6642316103321164,0.9572040116406401,13.45,"[548.4000244140625, 582.2000122070312]"
combined_sweep,1789044690.789425,15.693391517,1.2696053451635634,0.903,0.5079245722978667,0.4535922155749053,0.8063580152823562,1.0277671278833795,37.66,"[548.4000244140625, 582.2000122070312]"
combined_sweep,1789044690.8395011,15.743467689000001,1.3150518777722355,0.903,0.5071965453257333,0.450890444048295,0.9482745945496802,1.0983302441261191,43.04,"[532.0, 609.25]"
combined_sweep,1789044690.889289,15.793255302,1.3517075218682788,0.903,0.5064727284277333,0.4482042964736174,1.088529922160319,1.1688933603688585,43.04,"[532.0, 609.25]"
combined_sweep,1789044690.9392307,15.843197116,1.3793905846527854,0.903,0.5057464947526666,0.4455091800286716,1.2284073618046492,1.2195147263690846,145.26,"[464.8333435058594, 645.0]"
combined_sweep,1789044690.9894636,15.893430311000001,1.397668251234958,0.903,0.5050173020037334,0.44280308220278236,1.3680016377388782,1.265534150005654,153.32999999999998,"[464.8333435058594, 645.0]"
combined_sweep,1789044691.0395174,15.94348388,1.4062459543210277,0.903,0.5042896714573334,0.44010278184660906,1.506447401099841,1.3054176504906807,212.51,"[404.5, 670.0]"
combined_sweep,1789044691.0895429,15.993509264000002,1.4052183599681392,0.903,0.5035628703573334,0.4374055596382959,1.6438878321564587,1.3360972662483934,217.89,"[404.5, 670.0]"
combined_sweep,1789044691.1394482,16.043414758,1.3948549764478422,0.903,0.5028376633896,0.4347142533937212,1.7801830072738198,1.3606409588545638,212.51,"[393.6000061035156, 712.7999877929688]"
combined_sweep,1789044691.1895065,16.093472913,1.375493353988108,0.903,0.5021106127377334,0.43201610507668725,1.9159765876143808,1.37598076673342,217.89,"[393.6000061035156, 712.7999877929688]"
combined_sweep,1789044691.2394829,16.143449410000002,1.3477266893781796,0.903,0.5013842762102667,0.42932060693752344,2.0507903576622297,1.3790487283091915,217.89,"[376.0, 688.2000122070312]"
combined_sweep,1789044691.2893944,16.193360921,1.3122260776145815,0.903,0.5006579801,0.42662525879011054,2.1847502891672903,1.380582709097077,217.89,"[376.0, 688.2000122070312]"
combined_sweep,1789044691.3392608,16.243227325,1.2698852719734834,0.903,0.4999331714909333,0.4239354308892567,2.317592988468732,1.3744467859455345,-5.38,"[324.3999938964844, 693.0]"
combined_sweep,1789044691.389473,16.293439473,1.2212295129270394,0.903,0.4992040260189333,0.4212295085121864,2.4503775562617562,1.354505035703021,-5.38,"[324.3999938964844, 693.0]"
combined_sweep,1789044691.4394205,16.34338695,1.1677113602312947,0.903,0.4984779016490667,0.4185347977083615,2.5817660150286486,1.3238254199453083,-5.38,"[399.1666564941406, 563.0]"
combined_sweep,1789044691.48953,16.393496518000003,1.1100047213313433,0.903,0.49774969120813334,0.41583234531304875,2.7126811334666456,1.2885438618239387,-2.69,"[399.1666564941406, 563.0]"
combined_sweep,1789044691.5394127,16.443379412000002,1.0495920367861684,0.903,0.4970245505124,0.41314128500964026,2.8422007377049923,1.248660361338912,-2.69,"[425.25, 656.0]"
combined_sweep,1789044691.5894608,16.493427398,0.9871689051998684,0.903,0.49629771538986667,0.41044393654074146,2.971175395255237,1.201106956914457,-2.69,"[425.25, 656.0]"
combined_sweep,1789044691.639547,16.543513565,0.9238837011500227,0.903,0.49557009819959996,0.40774368575034264,3.0994394098765667,1.1474176293384597,-13.45,"[457.79998779296875, 638.5999755859375]"
combined_sweep,1789044691.689338,16.593304438,0.8611261904231041,0.903,0.49484558585253335,0.40505495730358426,3.2263139194670956,1.0829904362472627,-13.45,"[457.79998779296875, 638.5999755859375]"
combined_sweep,1789044691.739263,16.643229699000003,0.7995321374417395,0.903,0.49411988139426666,0.40236180482829403,3.3525522296514154,1.026233147095494,-91.46,"[528.0, 619.2000122070312]"
combined_sweep,1789044691.7894323,16.693398695000003,0.7399178686053558,0.903,0.493391173332,0.3996575057168555,3.478461057795684,0.9679418771558396,-83.39,"[528.0, 619.2000122070312]"
combined_sweep,1789044691.8395126,16.743479296,0.6835005833903414,0.903,0.49266335725306665,0.39695651683328553,3.6033658829457877,0.9035146840646426,-2.69,"[533.5999755859375, 577.5999755859375]"
combined_sweep,1789044691.8894956,16.793462217000002,0.6311364436952291,0.903,0.49193732072266666,0.39426213200937504,3.727119577303725,0.8375535101855601,-2.69,"[533.5999755859375, 577.5999755859375]"
combined_sweep,1789044691.939403,16.843369763000002,0.5834166679889408,0.903,0.4912116281962666,0.39156902381428144,3.8499697051247423,0.782330201821677,-32.28,"[559.4000244140625, 559.4000244140625]"
combined_sweep,1789044691.9894073,16.893373998,0.5408704771843018,0.903,0.4904848703329333,0.38887196206100544,3.9721527670946344,0.7240389318820226,-37.66,"[559.4000244140625, 559.4000244140625]"
combined_sweep,1789044692.0394564,16.943422942,0.5040706220424167,0.903,0.48975782774706667,0.3861738436776005,4.093535619434732,0.6672816427302539,-26.9,"[586.5, 550.5]"
combined_sweep,1789044692.0894358,16.993402209000003,0.473468243903139,0.903,0.4890314962772,0.383478364307631,4.21395332873152,0.6089903727905995,-26.9,"[586.5, 550.5]"
combined_sweep,1789044692.13926,17.043226648,0.44935328403600544,0.903,0.48830622842933336,0.38078683213157677,4.33335075922038,0.5691068723055729,-118.36,"[604.0, 493.8333435058594]"
combined_sweep,1789044692.1892688,17.093235355,0.4318414628159727,0.903,0.48757962084066664,0.3780903280606824,4.452121682062128,0.5338253141842031,-134.5,"[604.0, 493.8333435058594]"
combined_sweep,1789044692.2394106,17.143376973000002,0.4210535042830384,0.903,0.4868512967781333,0.3753874540057121,4.570322109239974,0.5016117176386047,-156.02,"[631.0, 433.0]"
combined_sweep,1789044692.2895095,17.193475973,0.4170255517745595,0.903,0.4861230077409333,0.3726847099328057,4.687665864329702,0.47553404424454876,-172.16,"[631.0, 433.0]"
combined_sweep,1789044692.3394978,17.24346441,0.41963275591022847,0.903,0.48539658360653337,0.36998888667667923,4.803862506419641,0.45559229400203544,-188.29999999999998,"[649.5999755859375, 403.3999938964844]"
combined_sweep,1789044692.389572,17.293538391000002,0.4286766097244493,0.903,0.48466910691,0.367289157270766,4.919378422764083,0.440252486123179,-177.54,"[649.5999755859375, 403.3999938964844]"
combined_sweep,1789044692.4394631,17.343429451000002,0.44382061958803476,0.903,0.4839439464489333,0.36459802361648336,5.033682852255467,0.4356505437595221,-190.99,"[674.5999755859375, 379.20001220703125]"
combined_sweep,1789044692.4892414,17.393207917,0.464698138617354,0.903,0.48321987072680006,0.3619109155228957,5.146975128294663,0.4356505437595221,-190.99,"[674.5999755859375, 379.20001220703125]"
combined_sweep,1789044692.5392416,17.443208017,0.4910303672389692,0.903,0.4824928812602667,0.35921299426996495,5.259875348949066,0.4356505437595221,-86.08,"[515.4000244140625, 372.0]"
combined_sweep,1789044692.589274,17.493240578,0.5222650080608189,0.903,0.48176605379680004,0.35651567422452984,5.371902835210371,0.4387185053352934,-53.8,"[515.4000244140625, 372.0]"
combined_sweep,1789044692.6394331,17.543399522,0.5579763799687247,0.903,0.48103753674613325,0.3538120839737818,5.483339220462824,0.45252433242626416,2.69,"[633.0, 310.1666564941406]"
combined_sweep,1789044692.6893947,17.593361304000002,0.5974049023471093,0.903,0.48031139836613335,0.3511173211771315,5.593565787124362,0.4724660826687775,2.69,"[633.0, 310.1666564941406]"
combined_sweep,1789044692.739532,17.643498471,0.6402161379089697,0.903,0.47958300925239994,0.3484142057114901,5.703282789642536,0.5016117176386047,2.69,"[630.25, 393.75]"
combined_sweep,1789044692.7894385,17.693405126000002,0.6855025339467602,0.903,0.4788575745909333,0.34572205447563203,5.811710433699673,0.5322913333963175,2.69,"[630.25, 393.75]"
combined_sweep,1789044692.8394542,17.743420571,0.7329060326933906,0.903,0.4781309328489333,0.34302542365874183,5.919471352469458,0.5660389107298016,2.69,"[621.4000244140625, 435.20001220703125]"
combined_sweep,1789044692.8893049,17.793271445000002,0.7816833357586639,0.903,0.477405210442,0.34033220457438557,6.026250933640938,0.6105243535784852,2.69,"[621.4000244140625, 435.20001220703125]"
combined_sweep,1789044692.939234,17.843200399,0.8312725120400234,0.903,0.47667981266613335,0.33764019022420294,6.132138505565813,0.6488738732756262,43.04,"[604.5999755859375, 506.79998779296875]"
combined_sweep,1789044692.989279,17.893245534000002,0.8812198600582725,0.903,0.47595283904093333,0.3349423277598404,6.237408190436504,0.6918253353364242,48.42,"[604.5999755859375, 506.79998779296875]"
combined_sweep,1789044693.039546,17.94351255,0.9310606407645072,0.903,0.47522279769066667,0.3322330807004645,0.059081703403180086,0.7409127205487647,2.69,"[600.7999877929688, 551.4000244140625]"
combined_sweep,1789044693.0894198,17.993386501,0.9797262886763323,0.903,0.47449751410319996,0.32954149011338324,0.16241316795420602,0.7915340865489908,2.69,"[600.7999877929688, 551.4000244140625]"
combined_sweep,1789044693.1395555,18.043521855,1.027229986427228,0.903,0.4737692518654667,0.32683884549563286,0.2653180769249275,0.8406214717613314,2.69,"[579.4000244140625, 579.7999877929688]"
combined_sweep,1789044693.1893716,18.093337973,1.07264711469851,0.903,0.4730451243174667,0.3241515450717383,0.366797455594444,0.8897088569736719,5.38,"[579.4000244140625, 579.7999877929688]"
combined_sweep,1789044693.239455,18.143421565,1.11603399315558,0.903,0.4723174078354666,0.32145092580106577,0.46793013790381366,0.940330222973898,2.69,"[546.5, 583.0]"
combined_sweep,1789044693.2893329,18.193299393,1.1566563510205654,0.903,0.4715918989668,0.31875849917582283,0.5679115192786099,0.9955535313377811,2.69,"[546.5, 583.0]"
combined_sweep,1789044693.3392298,18.24319633,1.1943072944812618,0.903,0.4708664608028,0.31606633494175834,0.6670388184582876,1.0400389741864646,29.59,"[527.0, 591.0]"
combined_sweep,1789044693.3894396,18.293406071,1.2288391244407515,0.903,0.47013790109680004,0.31336258639335185,0.7657410394398099,1.081456455459377,45.73,"[527.0, 591.0]"
combined_sweep,1789044693.4394896,18.34345614,1.2598086146401717,0.903,0.4694100301109334,0.3106613937453682,0.8634999443915632,1.1198059751565181,61.87,"[514.2000122070312, 606.5999755859375]"
combined_sweep,1789044693.4894772,18.393443705000003,1.287000957568377,0.903,0.4686835846270666,0.3079654912595105,0.9602207080518923,1.1566215140657734,112.98,"[514.2000122070312, 606.5999755859375]"
combined_sweep,1789044693.5394673,18.443434016,1.310328270220593,0.903,0.4679571457994667,0.3052696134756386,1.0560939160441905,1.1903690913992575,115.67,"[470.3999938964844, 628.4000244140625]"
combined_sweep,1789044693.5895352,18.493501778000002,1.3296959244197415,0.903,0.46723024399799995,0.30257201755540847,1.151180476954238,1.222582687944856,142.57,"[470.3999938964844, 628.4000244140625]"
combined_sweep,1789044693.6394753,18.543441904,1.3450174006389748,0.903,0.4665044406985333,0.300121501728187,1.245354404432092,1.2501943421267976,147.95,"[447.3999938964844, 651.4000244140625]"
combined_sweep,1789044693.6894114,18.593378068,1.356476502202226,0.903,0.46577799243879997,0.3028174145155277,1.3404587077708356,1.2778059963087391,147.95,"[447.3999938964844, 651.4000244140625]"
combined_sweep,1789044693.739225,18.643191484000003,1.363846475225293,0.903,0.46505318727413336,0.30550722963391275,1.4361907679393369,1.2977477465512524,177.54,"[328.0, 673.7999877929688]"
combined_sweep,1789044693.7893624,18.693329079,1.3669965161164246,0.903,0.4643255332128,0.3082076172560526,1.5331486141019184,1.3161555160058802,199.06,"[328.0, 673.7999877929688]"
combined_sweep,1789044693.839474,18.743440592000002,1.365756436219764,0.903,0.46359729892266666,0.3109101581578246,1.6310346339674453,1.3284273623089653,215.2,"[392.6666564941406, 591.5]"
combined_sweep,1789044693.8893616,18.793328053,1.3600620884048071,0.903,0.46287177339880003,0.31360264659196585,1.7294010953493597,1.3360972662483934,231.34,"[392.6666564941406, 591.5]"
combined_sweep,1789044693.9395225,18.843489011000003,1.3498170432618737,0.903,0.4621430618194666,0.3163069587555452,1.8290514964006945,1.3406992086120504,244.79,"[396.75, 679.75]"
combined_sweep,1789044693.9894996,18.893465924,1.3351069199768568,0.903,0.4614172950277333,0.3190003425557615,1.9291443050505563,1.3406992086120504,231.34,"[396.75, 679.75]"
combined_sweep,1789044694.0406327,18.944599128,1.3154395252060587,0.903,0.4606742983734667,0.3217576678770776,2.032499044717099,1.342233189399936,169.47,"[396.0, 675.7999877929688]"
combined_sweep,1789044694.089393,18.993359452,1.2924094025983095,0.903,0.4599647054668,0.3243910289805801,2.1320150041996584,1.3406992086120504,169.47,"[396.0, 675.7999877929688]"
combined_sweep,1789044694.1392374,19.043204148,1.2647415435297056,0.903,0.45923972917213335,0.32708147917730596,2.2345316511541995,1.3330293046726223,-5.38,"[390.20001220703125, 673.7999877929688]"
combined_sweep,1789044694.1893811,19.093347828000002,1.2329567710842324,0.903,0.458511705034,0.32978324018669525,2.338329653039466,1.3176894967937658,-5.38,"[390.20001220703125, 673.7999877929688]"
combined_sweep,1789044694.2393887,19.143355436,1.1974840673986595,0.903,0.45778479039959996,0.33248088373105916,2.442817246401802,1.2977477465512524,-2.69,"[322.0, 670.2000122070312]"
combined_sweep,1789044694.2895448,19.193511415,1.1585065521836775,0.903,0.45705630883933335,0.3351843422738404,2.548381509362116,1.2762720155208536,-2.69,"[322.0, 670.2000122070312]"
combined_sweep,1789044694.3394341,19.243400737,1.11666708149658,0.903,0.45633114834919997,0.3378754760359921,2.6543082082848883,1.2471263805510262,-2.69,"[416.3333435058594, 553.3333129882812]"
combined_sweep,1789044694.3894093,19.293375838000003,1.0721216595044998,0.903,0.455604572138,0.3405718636623738,2.7612886961859715,1.2164467647933135,-2.69,"[416.3333435058594, 553.3333129882812]"
combined_sweep,1789044694.439251,19.343217627,1.0255211904303516,0.903,0.4548796012497333,0.3432622937954783,2.8688760687561228,1.1719613219446299,-2.69,"[439.75, 649.0]"
combined_sweep,1789044694.4893925,19.393359141,0.9770353377801841,0.903,0.4541510747233333,0.3459659192114983,2.9778426492108423,1.1366797638232602,-2.69,"[439.75, 649.0]"
combined_sweep,1789044694.5393324,19.443299029000002,0.9276205639551308,0.903,0.45342514132146666,0.3486599213164361,3.0872668646315162,1.0967962633382335,-13.45,"[480.79998779296875, 627.5999755859375]"
combined_sweep,1789044694.5894113,19.493377735000003,0.8775958623715969,0.903,0.4526978831626667,0.35135883970977966,3.197739348849325,1.055378782065321,-51.11,"[480.79998779296875, 627.5999755859375]"
combined_sweep,1789044694.6394234,19.543390003000003,0.8276904345693572,0.903,0.451971028144,0.35405626201496276,3.3089982348499944,1.012427320004523,-86.08,"[496.6000061035156, 601.4000244140625]"
combined_sweep,1789044694.689406,19.593372435000003,0.778541640520269,0.903,0.45124467839119997,0.3567518092344909,3.4210262421829327,0.9648739155800683,-59.18,"[496.6000061035156, 601.4000244140625]"
combined_sweep,1789044694.7394977,19.643464167,0.7306453464143986,0.903,0.45051660742666666,0.3594537440207306,3.5341701975554543,0.9127185687919565,-26.9,"[527.0, 583.0]"
combined_sweep,1789044694.7894137,19.69338021,0.6849361577332072,0.903,0.4497912286168,0.3621456879864348,3.647739986028128,0.8620972027917303,-24.21,"[527.0, 583.0]"
combined_sweep,1789044694.839415,19.743381559,0.6417929950594023,0.903,0.4490644777730667,0.36484272368936344,3.7623719855067037,0.8114758367915041,-37.66,"[550.7999877929688, 563.2000122070312]"
combined_sweep,1789044694.8892608,19.793227192,0.6020435972725786,0.903,0.44833985069986665,0.3675318778947989,3.877511449493994,0.7562525284276211,-37.66,"[550.7999877929688, 563.2000122070312]"
combined_sweep,1789044694.9392312,19.84319752,0.5660586235592412,0.903,0.44761317218853336,0.37022864516588877,3.9938241045395415,0.7102331047910518,-16.14,"[574.75, 547.0]"
combined_sweep,1789044694.9893553,19.893322007000002,0.5344667915871898,0.903,0.44688508286839995,0.3729306480713596,4.1112130957252475,0.6672816427302539,-45.73,"[574.75, 547.0]"
combined_sweep,1789044695.0394485,19.943414995,0.5078895477088484,0.903,0.4461576558904,0.37563019296746347,4.229344272656789,0.6273981422452273,-53.8,"[606.6666870117188, 543.3333129882812]"
combined_sweep,1789044695.0894716,19.99343811,0.48677486086669164,0.903,0.4454306405545333,0.37832821022374424,4.34825661440135,0.5921165841238575,-99.53,"[606.6666870117188, 543.3333129882812]"
combined_sweep,1789044695.1393304,20.043297002000003,0.47154045954725365,0.903,0.4447055019661333,0.3810192627066552,4.467705632180312,0.5614369683661447,-126.42999999999999,"[620.25, 468.5]"
combined_sweep,1789044695.189484,20.093450524,0.46242156596509976,0.903,0.4439768819904,0.3837232349212934,4.58857988554972,0.5307573526084318,-123.74,"[620.25, 468.5]"
combined_sweep,1789044695.239305,20.14327149,0.45974913161686876,0.903,0.4432526277262666,0.3864110055997995,4.709571474982425,0.5031456984264903,-123.74,"[626.2000122070312, 438.6000061035156]"
combined_sweep,1789044695.2893443,20.193310818,0.46363465648702445,0.903,0.44252508706853333,0.38911097237129877,4.831961318531697,0.48627190975974827,-142.57,"[626.2000122070312, 438.6000061035156]"
combined_sweep,1789044695.3392608,20.243227270000002,0.47412486043636415,0.903,0.4417995042542666,0.3918036734151063,4.954866480936289,0.4770680250324344,-147.95,"[635.4000244140625, 405.0]"
combined_sweep,1789044695.389353,20.293319590000003,0.49122846266452674,0.903,0.4410720491833333,0.39450332256653353,5.078937821486278,0.4724660826687775,-129.12,"[635.4000244140625, 405.0]"
combined_sweep,1789044695.4395003,20.343466903000003,0.5147964872775352,0.903,0.4403439939293333,0.39720519904961527,5.203961967998239,0.47093210188089185,-88.77,"[518.5999755859375, 392.0]"
combined_sweep,1789044695.489513,20.393479458,0.5445000511580262,0.903,0.43961716239653337,0.39990253419670074,5.329623557991297,0.47093210188089185,-48.42,"[518.5999755859375, 392.0]"
combined_sweep,1789044695.5395026,20.443469124,0.5799828711321982,0.903,0.43889072115640004,0.40259842093369413,5.4560643455134255,0.48013598660820567,2.69,"[628.8333129882812, 323.5]"
combined_sweep,1789044695.589411,20.493377352,0.6207608953478929,0.903,0.4381646434966666,0.4052929583921444,5.583287677778372,0.500077736850719,2.69,"[628.8333129882812, 323.5]"
combined_sweep,1789044695.6396255,20.543592233000002,0.6664471290785521,0.903,0.43743589376733333,0.4079974121336978,5.711831274843746,0.526155410244775,2.69,"[618.5, 408.5]"
combined_sweep,1789044695.6894739,20.59344039,0.7160125525552061,0.903,0.4367100075406667,0.41069123916735795,5.840715162710055,0.5614369683661447,2.69,"[618.5, 408.5]"
combined_sweep,1789044695.7392375,20.643204013000002,0.7686886830395401,0.903,0.4359864313873333,0.4133764933176015,5.970028897833529,0.5936505649117432,2.69,"[628.2000122070312, 473.20001220703125]"
combined_sweep,1789044695.7893946,20.693360962,0.8241472768642576,0.903,0.43525825028919995,0.41607883681922664,6.101016340102518,0.6320000846088841,8.07,"[628.2000122070312, 473.20001220703125]"
combined_sweep,1789044695.8392692,20.743235681,0.8809147691067588,0.903,0.4345329028713334,0.41877066428648363,6.232338178557612,0.6749515466696822,67.25,"[608.0, 510.3999938964844]"
combined_sweep,1789044695.889406,20.793372537,0.9384607028271931,0.903,0.4338047419454666,0.42147293292706983,0.08183477491923696,0.7209709703062513,26.9,"[608.0, 510.3999938964844]"
combined_sweep,1789044695.9394703,20.843436695,0.9955018706029274,0.903,0.43307721458573334,0.42417285034853236,0.21525044187536224,0.77772825945802,2.69,"[585.2000122070312, 549.2000122070312]"
combined_sweep,1789044695.9894059,20.893372448,1.0509338981324496,0.903,0.4323512983477333,0.42686678875686557,0.3492161092746713,0.8329515678219032,2.69,"[585.2000122070312, 549.2000122070312]"
combined_sweep,1789044696.0393372,20.943303586000003,1.1038446128341133,0.903,0.43162554004346665,0.4295601410593535,0.4839977143464367,0.9019807032767571,2.69,"[569.0, 573.0]"
combined_sweep,1789044696.089392,20.993358549,1.1533517148737027,0.903,0.43089801455853327,0.43226005152327,0.619956709392504,0.9572040116406401,8.07,"[569.0, 573.0]"
combined_sweep,1789044696.1393046,21.043271219,1.198206380145176,0.903,0.4301728314109333,0.43495126936925455,0.7563217165114295,1.0078253776408663,2.69,"[523.75, 589.5]"
combined_sweep,1789044696.1892943,21.093261039,1.2377511302053712,0.903,0.4294459177212,0.43764890940787804,0.8938599152230395,1.0615147052168636,29.59,"[523.75, 589.5]"
combined_sweep,1789044696.2396073,21.143574,1.2711777117997884,0.903,0.4287155465514667,0.4403593804560319,1.0329081588897466,1.1090681096413186,61.87,"[526.0, 596.7999877929688]"
combined_sweep,1789044696.2894168,21.193383269,1.2973575356206728,0.903,0.4279909046397333,0.4430485897285572,1.17170815098455,1.1535535524900022,96.84,"[526.0, 596.7999877929688]"
combined_sweep,1789044696.339424,21.243390421,1.3160048648566978,0.903,0.4272643777110667,0.4457447944631639,1.3117160794476561,1.193437052975029,121.05,"[469.3999938964844, 646.4000244140625]"
combined_sweep,1789044696.3895738,21.293540201000003,1.3265782096159033,0.903,0.4265358285126667,0.44844850401695135,1.4529653124010409,1.2302525918842842,142.57,"[469.3999938964844, 646.4000244140625]"
combined_sweep,1789044696.4393747,21.343341292,1.3286947260379556,0.903,0.425811572708,0.4511362804125108,1.5942237417152185,1.265534150005654,142.57,"[432.0, 660.7999877929688]"
combined_sweep,1789044696.4892774,21.393243721,1.322258189972865,0.903,0.4250860445245333,0.45382877871665966,1.7365748830903343,1.2870098810360528,164.09,"[432.0, 660.7999877929688]"
combined_sweep,1789044696.5392673,21.443233728000003,1.3072423655535086,0.903,0.42435965186933333,0.4565244851507321,1.8799421986233469,1.2992817273391382,177.54,"[412.20001220703125, 670.5999755859375]"
combined_sweep,1789044696.5892735,21.493240082,1.2838163268777971,0.903,0.42363268553986666,0.45922232053999257,2.0242706391089413,1.3054176504906807,177.54,"[412.20001220703125, 670.5999755859375]"
combined_sweep,1789044696.6394308,21.543397251000002,1.2522957210801147,0.903,0.42290437803080005,0.4619251331636056,2.169716381979761,1.3054176504906807,99.53,"[346.79998779296875, 681.0]"
combined_sweep,1789044696.6894224,21.593389061,1.2133762200294307,0.903,0.42217780817066664,0.4646214972206256,2.315662084739536,1.303883669702795,-5.38,"[346.79998779296875, 681.0]"
combined_sweep,1789044696.73942,21.643386666,1.1677298312238182,0.903,0.4214513401746666,0.4673174832509716,2.462434063534225,1.2870098810360528,-5.38,"[410.1666564941406, 567.1666870117188]"
combined_sweep,1789044696.789392,21.693358433,1.1162547123354576,0.903,0.4207249463277333,0.4700131941076704,2.610037626209241,1.2624661884298827,-2.69,"[410.1666564941406, 567.1666870117188]"
combined_sweep,1789044696.8393142,21.743280798,1.0600476858058598,0.903,0.419999190872,0.47270653583900296,2.758356544735925,1.2241166687327416,-2.69,"[430.75, 662.0]"
combined_sweep,1789044696.8892639,21.793230426,1.0002114968444529,0.903,0.41927302143426665,0.4754014138936077,2.907606108240792,1.1857671490356005,-2.69,"[430.75, 662.0]"
combined_sweep,1789044696.9392383,21.843204737,0.9380312908690188,0.903,0.41854639303386665,0.4780979951986579,3.057797113707146,1.141281706186917,-8.07,"[466.3999938964844, 667.2000122070312]"
combined_sweep,1789044696.9894187,21.893385349000003,0.8747487322547761,0.903,0.41781772999586664,0.4808021272211199,3.2092605321656222,1.0921943209745766,-18.83,"[466.3999938964844, 667.2000122070312]"
combined_sweep,1789044697.0393906,21.943357034,0.8121993935805031,0.903,0.4170915712110666,0.483496965741761,3.361049421236906,1.043106935762236,-75.32,"[509.6000061035156, 605.2000122070312]"
combined_sweep,1789044697.0894125,21.993378896000003,0.7515596516162589,0.903,0.41636462144959996,0.4861947396457298,3.513851508920588,0.9863496466104673,-121.05,"[509.6000061035156, 605.2000122070312]"
combined_sweep,1789044697.1396146,22.04358101,0.6942147741129465,0.903,0.4156358869076,0.4888991370257659,3.6678807799489235,0.923456434307156,-43.04,"[523.0, 586.5999755859375]"
combined_sweep,1789044697.1894262,22.093392889,0.6420171321690203,0.903,0.41491132612093334,0.4915880452361004,3.8218701608498904,0.8544272988523022,-5.38,"[523.0, 586.5999755859375]"
combined_sweep,1789044697.2392716,22.143237942000003,0.595903773850236,0.903,0.4141862452734667,0.4942788834373767,3.976813576103943,0.7838641826095626,-5.38,"[555.4000244140625, 555.2000122070312]"
combined_sweep,1789044697.2893414,22.193308088000002,0.5569661373559716,0.903,0.41345822875079996,0.49698061618510575,4.133234670449177,0.7286408742456796,-34.97,"[555.4000244140625, 555.2000122070312]"
combined_sweep,1789044697.339239,22.243205407,0.5265638772566075,0.903,0.4127331637592,0.49967139554387924,4.289865071035045,0.6734175658817965,-16.14,"[584.25, 531.75]"
combined_sweep,1789044697.3894808,22.293447296,0.5052822062288701,0.903,0.4120037873961333,0.5023781747778157,4.4482803558678015,0.6258641614573416,-43.04,"[584.25, 531.75]"
combined_sweep,1789044697.4394836,22.343450359000002,0.4940041637862781,0.903,0.4112768181454666,0.5050760210079038,4.60702073956147,0.5875146417602005,-104.91,"[602.2000122070312, 528.7999877929688]"
combined_sweep,1789044697.489484,22.393450697000002,0.493050084698364,0.903,0.4105504229469333,0.5077717368805081,4.766482341461561,0.5553010452146021,-110.28999999999999,"[602.2000122070312, 528.7999877929688]"
combined_sweep,1789044697.5394964,22.443462772,0.5025547784893477,0.903,0.40982425241919995,0.5104666189801979,4.926740666739242,0.526155410244775,-104.91,"[650.4000244140625, 484.0]"
combined_sweep,1789044697.589449,22.493415288,0.5224227546985589,0.903,0.4090974055246666,0.5131640111360144,5.0879958800874405,0.5092816215780329,-137.19,"[650.4000244140625, 484.0]"
combined_sweep,1789044697.6394286,22.543395311,0.5522327805884933,0.903,0.4083710677037333,0.5158595140753455,5.249984586499501,0.5031456984264903,-137.19,"[666.0, 410.20001220703125]"
combined_sweep,1789044697.68926,22.593226375,0.5912350829639912,0.903,0.40764630051466666,0.5185491882629704,5.41246578607123,0.5031456984264903,-110.28999999999999,"[666.0, 410.20001220703125]"
combined_sweep,1789044697.7392442,22.643210724000003,0.6386879853979137,0.903,0.40691971533640003,0.5212456091669178,5.5762015603297,0.5138835639416898,2.69,"[630.2000122070312, 411.20001220703125]"
combined_sweep,1789044697.789423,22.693389543000002,0.6934911945558226,0.903,0.4061910535337333,0.5239497366049501,5.7412571604873435,0.5353592949720888,2.69,"[630.2000122070312, 411.20001220703125]"
combined_sweep,1789044697.839419,22.743385417000002,0.7539227008006522,0.903,0.40546449804706663,0.526646047320783,5.906682581855343,0.5629709491540303,2.69,"[621.0, 439.0]"
combined_sweep,1789044697.8895311,22.793497836,0.8187047347580755,0.903,0.40473610657893333,0.5293491715238079,6.073377254927472,0.5997864880632857,10.76,"[621.0, 439.0]"
combined_sweep,1789044697.9394054,22.843371845,0.8856013862179763,0.903,0.40401124409479994,0.5320391993597282,6.240107307882333,0.6458059116998549,32.28,"[606.1666870117188, 495.8333435058594]"
combined_sweep,1789044697.9894948,22.893461431000002,0.953363580724153,0.903,0.40328330115440003,0.5347406590372543,0.1252107874157815,0.6994952392758523,61.87,"[606.1666870117188, 495.8333435058594]"
combined_sweep,1789044698.039258,22.943224629000003,1.019405727804385,0.903,0.40255962521519995,0.5374262835015433,0.2933533529237877,0.7746602978822488,61.87,"[586.25, 540.25]"
combined_sweep,1789044698.089336,22.993302567,1.082515403711221,0.903,0.4018326085277333,0.5401243057737295,0.4631201419255291,0.8436894333371027,2.69,"[586.25, 540.25]"
combined_sweep,1789044698.1392336,23.043200106,1.1404532190294376,0.903,0.4011064498156,0.5428191440246981,0.633532600391689,0.9035146840646426,2.69,"[562.0, 569.5999755859375]"
combined_sweep,1789044698.189286,23.093252564,1.1916055920152584,0.903,0.40037941198213334,0.5455172447715326,0.8049994343670193,0.966407896367954,21.52,"[562.0, 569.5999755859375]"
combined_sweep,1789044698.239263,23.143229717,1.2342878406464473,0.903,0.39965281946453335,0.5482136929123858,0.9772082714091255,1.0293011086712651,18.83,"[525.7999877929688, 606.2000122070312]"
combined_sweep,1789044698.289289,23.193255635,1.2671770897675618,0.903,0.3989260014041333,0.550910978062221,1.1503181177483697,1.0875923786109196,48.42,"[525.7999877929688, 606.2000122070312]"
combined_sweep,1789044698.3395278,23.243494412,1.2892250068279338,0.903,0.39819630208133333,0.5536189558278672,1.324968495331916,1.1428156869748027,86.08,"[411.20001220703125, 622.7999877929688]"
combined_sweep,1789044698.3894806,23.293447056,1.2994631348675658,0.903,0.3974702386497333,0.5563134404844751,1.4995944326878288,1.188835110611372,123.74,"[411.20001220703125, 622.7999877929688]"
combined_sweep,1789044698.4393604,23.343326964000003,1.2975949249739227,0.903,0.3967446778534667,0.5590060598175661,1.6749441048978895,1.23178657267217,123.74,"[447.6666564941406, 543.1666870117188]"
combined_sweep,1789044698.489408,23.39337471,1.2835339024794692,0.903,0.3960182160632,0.5617020228178948,1.8513582475064965,1.2593982268541113,123.74,"[447.6666564941406, 543.1666870117188]"
combined_sweep,1789044698.5392728,23.443239465,1.257635288635195,0.903,0.3952929410939999,0.5643935814218374,2.0283281408629676,1.2747380347329678,145.26,"[460.5, 678.25]"
combined_sweep,1789044698.58944,23.493406614,1.2203812390485052,0.903,0.3945643662878666,0.5670973860081545,2.2069548629258264,1.2808739578845103,126.42999999999999,"[460.5, 678.25]"
combined_sweep,1789044698.639387,23.543353568,1.1731129556660653,0.903,0.39383824848706667,0.5697920724336005,2.385825115405737,1.2793399770966247,40.35,"[414.20001220703125, 653.2000122070312]"
combined_sweep,1789044698.6893795,23.593345928,1.117086870302718,0.903,0.3931115501958667,0.5724889131094991,2.5656856389637284,1.2640001692177683,-2.69,"[414.20001220703125, 653.2000122070312]"
combined_sweep,1789044698.7394075,23.643373925000002,1.0540400724290167,0.903,0.3923845769921333,0.5751867740097623,2.746462119926136,1.2363885150358267,-2.69,"[417.20001220703125, 655.5999755859375]"
combined_sweep,1789044698.7895727,23.693539339,0.9858913188396192,0.903,0.3916566055664,0.5778883393988423,2.9283370745398543,1.1995729761265714,-2.69,"[417.20001220703125, 655.5999755859375]"
combined_sweep,1789044698.839377,23.743343614,0.9152676264463759,0.903,0.39093202565386664,0.5805773185869345,3.110207041964756,1.1428156869748027,-2.69,"[442.20001220703125, 632.4000244140625]"
combined_sweep,1789044698.8893983,23.793364932000003,0.8438879658922713,0.903,0.3902044903734666,0.5832772654026813,3.2936680356053785,1.0891263593988052,-16.14,"[442.20001220703125, 632.4000244140625]"
combined_sweep,1789044698.9394011,23.843367708000002,0.7745430556940401,0.903,0.3894780341058667,0.5859732079079127,3.4777036470180462,1.0293011086712651,-88.77,"[498.79998779296875, 618.5999755859375]"
combined_sweep,1789044698.9892387,23.893205105,0.7096136806519644,0.903,0.3887528802429333,0.5886643170759478,3.6622529926877263,0.9679418771558396,-118.36,"[498.79998779296875, 618.5999755859375]"
combined_sweep,1789044699.039455,23.943421412000003,0.6509784708861087,0.903,0.3880243296348,0.5913680318613783,3.8485183983594453,0.8989127417009857,-5.38,"[534.5, 572.75]"
combined_sweep,1789044699.0895007,23.993467297000002,0.6011194595344487,0.903,0.3872967352182667,0.5940681981364684,4.035388703902811,0.8191457407309324,-2.69,"[534.5, 572.75]"
combined_sweep,1789044699.1394544,24.043420976,0.5618480309975202,0.903,0.3865704709214666,0.5967634282213348,4.222763653366826,0.7593204900033924,-45.73,"[565.0, 552.0]"
combined_sweep,1789044699.1894982,24.093464822,0.53453341956457,0.903,0.38584365223613337,0.5994607156903522,4.4111291892477595,0.6979612584879668,-48.42,"[565.0, 552.0]"
combined_sweep,1789044699.2392552,24.143221736,0.5203245794351113,0.903,0.38511940378533327,0.6021484647950717,4.599670183147154,0.6289321230331129,-48.42,"[599.75, 544.75]"
combined_sweep,1789044699.289309,24.193275694,0.5197589753017412,0.903,0.384392295378,0.6048468274476746,4.789803930197863,0.5859806609723149,-32.28,"[599.75, 544.75]"
combined_sweep,1789044699.3392296,24.243196199,0.5330350810473545,0.903,0.38366648247199997,0.6075403823819524,4.980444123772088,0.5568350260024878,-118.36,"[619.0, 483.20001220703125]"
combined_sweep,1789044699.3894014,24.293367908,0.5599100029817663,0.903,0.3829379915232,0.6102438757663989,5.172639185052219,0.5353592949720888,-80.7,"[619.0, 483.20001220703125]"
combined_sweep,1789044699.4395022,24.343468616000003,0.5994701911930465,0.903,0.38220987150866664,0.6129459925814624,5.365586976963058,0.526155410244775,-80.7,"[618.5999755859375, 434.79998779296875]"
combined_sweep,1789044699.4894505,24.393416938,0.650194331089467,0.903,0.38148401535146664,0.615639708024712,5.5587801709225175,0.5276893910326605,0.0,"[618.5999755859375, 434.79998779296875]"
combined_sweep,1789044699.5394332,24.443399972,0.7104379021107301,0.903,0.38075765995973326,0.618335276170813,5.752952715634194,0.543029198911517,2.69,"[503.79998779296875, 434.0]"
combined_sweep,1789044699.5894024,24.493368901,0.7779832861839331,0.903,0.3800312786986666,0.6210309403202641,5.947978711103815,0.5706408530934585,2.69,"[503.79998779296875, 434.0]"
combined_sweep,1789044699.6393049,24.543271329000003,0.8502061946417969,0.903,0.3793060219833333,0.6237224311825169,6.143546693616884,0.619728238305799,2.69,"[624.8333129882812, 389.5]"
combined_sweep,1789044699.6893928,24.593359392,0.924744697579945,0.903,0.3785782057881333,0.6264234204975625,0.05746942469428262,0.6672816427302539,5.38,"[624.8333129882812, 389.5]"
combined_sweep,1789044699.739443,24.64340962,0.9983672292216134,0.903,0.3778513938607999,0.6291206828870531,0.2551530253061216,0.7240389318820226,61.87,"[593.5, 537.0]"
combined_sweep,1789044699.7894158,24.693382361,1.0682663016093126,0.903,0.3771247964018667,0.6318171493656245,0.4536253324890467,0.7915340865489908,2.69,"[593.5, 537.0]"
combined_sweep,1789044699.839393,24.743359362000003,1.131669272272085,0.903,0.37639823770333336,0.6345134720009744,0.6529340010306797,0.868233125943273,2.69,"[547.2000122070312, 555.7999877929688]"
combined_sweep,1789044699.8894045,24.793371062000002,1.186014365035017,0.903,0.3756714584033333,0.6372106133075881,0.8531506479571433,0.9341942998223555,2.69,"[547.2000122070312, 555.7999877929688]"
combined_sweep,1789044699.9392815,24.843247982,1.2289522053285395,0.903,0.37494600211626666,0.6399028447979322,1.0538472056055568,1.0062913968529805,16.14,"[528.4000244140625, 576.4000244140625]"
combined_sweep,1789044699.9895241,24.893490731,1.2588944324160023,0.903,0.3742162671141333,0.6426109549726933,1.2565818346221462,1.0753205323078345,13.45,"[528.4000244140625, 576.4000244140625]"
combined_sweep,1789044700.0393953,24.943361862000003,1.2741484198083644,0.903,0.37349171190826663,0.6452998424721927,1.458719699499646,1.1443496677626883,13.45,"[510.79998779296875, 612.0]"
combined_sweep,1789044700.0893974,24.993363835,1.274201477129455,0.903,0.3727646388750666,0.6479980738483048,1.6624081413210163,1.1873011298234863,78.01,"[510.79998779296875, 612.0]"
combined_sweep,1789044700.1392632,25.043229651,1.2589047724479312,0.903,0.3720395559929333,0.6506889196004064,1.8663825569040355,1.222582687944856,115.67,"[452.0, 651.5999755859375]"
combined_sweep,1789044700.1894493,25.093415781,1.2286020272358311,0.903,0.37131087568933335,0.6533931156970141,2.072220872226076,1.2455923997631406,129.12,"[452.0, 651.5999755859375]"
combined_sweep,1789044700.2394142,25.143380673000003,1.1846548939237898,0.903,0.3705845676472,0.6560885081246239,2.278235433440635,1.2547962844904545,121.05,"[439.25, 660.75]"
combined_sweep,1789044700.2894225,25.193388942000002,1.1287021707693021,0.903,0.3698577970381333,0.6587856171784269,2.4852286430365993,1.2547962844904545,-2.69,"[439.25, 660.75]"
combined_sweep,1789044700.3394973,25.243463775000002,1.0629992032586677,0.903,0.36913030640413325,0.6614853983074933,2.693276047576923,1.2363885150358267,-2.69,"[419.3999938964844, 648.7999877929688]"
combined_sweep,1789044700.3894508,25.293417273000003,0.9905228407281599,0.903,0.3684043634829333,0.6641794357395063,2.901726351857441,1.205708899278114,-2.69,"[419.3999938964844, 648.7999877929688]"
combined_sweep,1789044700.4392552,25.343221605,0.9143653859379671,0.903,0.36767961430066665,0.6668690431023276,3.1106766163489183,1.1520195717021164,-2.69,"[452.79998779296875, 640.2000122070312]"
combined_sweep,1789044700.4892874,25.393253739000002,0.8374255391232945,0.903,0.3669521525589333,0.6695687170096748,3.3212579862717675,1.0983302441261191,-40.35,"[452.79998779296875, 640.2000122070312]"
combined_sweep,1789044700.5394654,25.443431911,0.7633237448225108,0.903,0.3662239714608,0.6722710605113,3.5328983268404315,1.0369710126106935,-72.63,"[495.0, 612.4000244140625]"
combined_sweep,1789044700.5893996,25.493366104000003,0.6956759205313883,0.903,0.3654980071610666,0.6749651772809133,3.744739935350772,0.9710098387316108,-118.36,"[495.0, 612.4000244140625]"
combined_sweep,1789044700.639413,25.543379522000002,0.6372770760170527,0.903,0.36477121447586663,0.6776623682611705,3.9576707671873024,0.8958447801252144,-2.69,"[521.7999877929688, 567.4000244140625]"
combined_sweep,1789044700.6894774,25.593444089000002,0.590883768153593,0.903,0.36404353673973333,0.6803628437425557,4.1717104551040975,0.8130098175793898,-2.69,"[521.7999877929688, 567.4000244140625]"
combined_sweep,1789044700.7395034,25.643469986000003,0.5588177274907181,0.903,0.3633165326962666,0.6830608190917562,4.3863999700173295,0.7470486437003072,-34.97,"[450.79998779296875, 548.2000122070312]"
combined_sweep,1789044700.789463,25.693429758,0.5426313763422308,0.903,0.3625905764625333,0.6857549059277407,4.601625604068438,0.684155431396996,-45.73,"[450.79998779296875, 548.2000122070312]"
combined_sweep,1789044700.8392901,25.743256664,0.5431212740147024,0.903,0.3618661396888,0.6884433539152743,4.817242769957083,0.6181942575179133,-45.73,"[586.0, 461.1666564941406]"
combined_sweep,1789044700.8892355,25.793202148000002,0.5604111114154393,0.903,0.3611397093777333,0.691139200093549,5.034299930336452,0.5798447378207724,-83.39,"[586.0, 461.1666564941406]"
combined_sweep,1789044700.9394808,25.843447129,0.593980981508855,0.903,0.3604107224644,0.6938445340455923,5.252973622186822,0.5583690067903734,-102.22,"[606.25, 475.5]"
combined_sweep,1789044700.9892511,25.893217708,0.6419889162742557,0.903,0.359686078736,0.6965337500599258,5.471186982111625,0.5506991028509451,-72.63,"[606.25, 475.5]"
combined_sweep,1789044701.039414,25.943380434,0.7027307162634469,0.903,0.3589579193361333,0.699236013037393,5.691309707811548,0.5522330836388308,2.69,"[623.5999755859375, 451.6000061035156]"
combined_sweep,1789044701.0894735,25.993439808,0.7730712900403386,0.903,0.35823060285506664,0.70193514786975,5.912026335491383,0.5721748338813442,2.69,"[623.5999755859375, 451.6000061035156]"
combined_sweep,1789044701.1394284,26.043394945000003,0.8496010917761566,0.903,0.3575043758653333,0.7046302395048412,6.133258514100355,0.6059224112148283,8.07,"[636.5999755859375, 466.20001220703125]"
combined_sweep,1789044701.1894972,26.093463609,0.9288906266870398,0.903,0.35677658367919995,0.7073311397201485,0.07263202193878726,0.6534758156392831,40.35,"[636.5999755859375, 466.20001220703125]"
combined_sweep,1789044701.2393017,26.14326815,1.0065337488416675,0.903,0.3560520236918666,0.7100200449640874,0.2950447262187197,0.7240389318820226,40.35,"[593.7999877929688, 535.5999755859375]"
combined_sweep,1789044701.2892735,26.193239957000003,1.0791787128479204,0.903,0.3553259039872,0.7127147384549486,0.5187821308622205,0.7946020481247621,2.69,"[593.7999877929688, 535.5999755859375]"
combined_sweep,1789044701.3394117,26.243378403,1.1431383411098872,0.903,0.3545978418879999,0.7154166403411639,0.7439684980899273,0.8743690490948155,2.69,"[575.0, 560.0]"
combined_sweep,1789044701.38943,26.293396713,1.1948336815029046,0.903,0.3538709094648,0.7181143499013145,0.9696532819632608,0.944932165337555,2.69,"[575.0, 560.0]"
combined_sweep,1789044701.4393795,26.343345982000002,1.2316219063281206,0.903,0.3531447775085333,0.7208090888589309,1.1959355056586674,1.0154952815802945,21.52,"[526.25, 587.25]"
combined_sweep,1789044701.4894009,26.393367499,1.2515899859559934,0.903,0.3524179843001333,0.7235062817808289,1.4232712889861432,1.0845244170351482,29.59,"[526.25, 587.25]"
combined_sweep,1789044701.5394096,26.443375936000002,1.2535487097477598,0.903,0.35169128241919995,0.7262031357785406,1.6514257884550005,1.1443496677626883,67.25,"[505.79998779296875, 611.2000122070312]"
combined_sweep,1789044701.5894017,26.493368366000002,1.2372808462643266,0.903,0.3509647541244,0.728899345582987,1.880372667016232,1.1873011298234863,129.12,"[505.79998779296875, 611.2000122070312]"
combined_sweep,1789044701.639241,26.543207495,1.2035966699602574,0.903,0.35023962270093334,0.731590371476206,2.109722981773672,1.222582687944856,129.12,"[453.6000061035156, 642.7999877929688]"
combined_sweep,1789044701.689193,26.593159679000003,1.154057655732365,0.903,0.34951351411426657,0.7342850237072005,2.3402282612689334,1.2333205534600555,96.84,"[453.6000061035156, 642.7999877929688]"
combined_sweep,1789044701.739214,26.643180456000003,1.0911525035678684,0.903,0.34878668303199994,0.7369823571823176,2.571810483124537,1.2333205534600555,0.0,"[431.3999938964844, 644.7999877929688]"
combined_sweep,1789044701.7894042,26.693370686,1.018031208258772,0.903,0.34805821540919996,0.7396857640019459,2.8047655431435032,1.2164467647933135,-2.69,"[431.3999938964844, 644.7999877929688]"
combined_sweep,1789044701.8394375,26.743404027,0.9388161208935774,0.903,0.34733062080373334,0.742385930978184,3.0382907885815627,1.179631225884058,-2.69,"[414.6000061035156, 647.4000244140625]"
combined_sweep,1789044701.8896585,26.793625131000002,0.8575222479660575,0.903,0.3466014263834666,0.7450920350065369,3.2731826077832125,1.1320778214596032,-21.52,"[414.6000061035156, 647.4000244140625]"
combined_sweep,1789044701.9394853,26.843451751,0.7793971295942619,0.903,0.34587807417426664,0.7477764580805892,3.5070319939834604,1.0707185899441776,-43.04,"[485.25, 637.75]"
combined_sweep,1789044701.989442,26.893408626000003,0.7077353303242039,0.903,0.34515104155826665,0.7504745394649504,3.7429192570040897,1.0016894544893238,-126.42999999999999,"[485.25, 637.75]"
combined_sweep,1789044702.0392377,26.943204197,0.6471407083710519,0.903,0.34442625704546664,0.753164277942459,3.9789199358045977,0.9096506072161852,-126.42999999999999,"[520.0, 591.2000122070312]"
combined_sweep,1789044702.0892606,26.993227269000002,0.6007005987376325,0.903,0.343699224662,0.7558623584638688,4.216500608506351,0.8206797215188181,-2.69,"[520.0, 591.2000122070312]"
combined_sweep,1789044702.1392703,27.043236761000003,0.5713448856572565,0.903,0.3429726491193333,0.7585587436092652,4.45477898227476,0.7516505860639642,-26.9,"[570.7999877929688, 545.4000244140625]"
combined_sweep,1789044702.189485,27.093451582,0.5608099961451185,0.903,0.3422437824257333,0.7612636314154032,4.694661070729424,0.6918253353364242,-48.42,"[570.7999877929688, 545.4000244140625]"
combined_sweep,1789044702.2394116,27.143378128000002,0.5698606688581827,0.903,0.34151805119706663,0.7639568832379805,4.934356246612737,0.6366020269725411,-13.45,"[586.7999877929688, 520.4000244140625]"
combined_sweep,1789044702.2894418,27.193408338,0.5980747576058025,0.903,0.3407911111729333,0.7666546210058568,5.175298502706653,0.5967185264875144,-43.04,"[586.7999877929688, 520.4000244140625]"
combined_sweep,1789044702.3394048,27.243371445,0.643888621300011,0.903,0.34006482262,0.7693499411073474,5.416871149657055,0.5767767762450011,-69.94,"[601.5999755859375, 480.79998779296875]"
combined_sweep,1789044702.389524,27.293490560000002,0.7048827807625744,0.903,0.33933719123066663,0.7720502445917197,5.659739892367128,0.5767767762450011,0.0,"[601.5999755859375, 480.79998779296875]"
combined_sweep,1789044702.4395573,27.343523727,0.7774444214437747,0.903,0.3386099760033333,0.7747490036626499,5.903318208762187,0.5905826033359719,0.0,"[476.0, 462.6000061035156]"
combined_sweep,1789044702.4895735,27.393539938,0.8574310591210502,0.903,0.33788228120506664,0.7774495424630986,6.147906755494674,0.619728238305799,2.69,"[476.0, 462.6000061035156]"
combined_sweep,1789044702.5392575,27.443223969,0.9394778551698767,0.903,0.33715977432719996,0.7801308284389192,0.10840379020323354,0.6611457195787114,61.87,"[585.3333129882812, 418.6666564941406]"
combined_sweep,1789044702.5893884,27.493354900000003,1.019887751968043,0.903,0.3364316448078667,0.7828329805271236,0.3548331144709991,0.7179030087304801,86.08,"[585.3333129882812, 418.6666564941406]"
combined_sweep,1789044702.6394067,27.543373316,1.0930156173035623,0.903,0.33570481564399995,0.7855303068828913,0.6016699239053267,0.7900001057611052,2.69,"[570.75, 555.25]"
combined_sweep,1789044702.689391,27.593357405000003,1.1544978350636343,0.903,0.33497827700146665,0.7882265550886778,0.8492549721683744,0.8743690490948155,2.69,"[570.75, 555.25]"
combined_sweep,1789044702.739441,27.643407572,1.2005764989977008,0.903,0.3342509519457333,0.7909257217423696,1.0979567456427262,0.9510680884890975,2.69,"[533.0, 568.4000244140625]"
combined_sweep,1789044702.789511,27.69347764,1.2282388212494721,0.903,0.3335238264907999,0.7936241476601014,1.3474385382828231,1.026233147095494,26.9,"[533.0, 568.4000244140625]"
combined_sweep,1789044702.8392932,27.743259893,1.2356878324595941,0.903,0.3327997156270666,0.7963113861672286,1.5967272553646623,1.1106020904292042,26.9,"[514.0, 596.2000122070312]"
combined_sweep,1789044702.8894918,27.793458416,1.222326262173763,0.903,0.3320701844404,0.7990187399650344,1.8487359131714172,1.1612234564294304,83.39,"[514.0, 596.2000122070312]"
combined_sweep,1789044702.9392917,27.843258218000003,1.189252740814472,0.903,0.3313461655145333,0.7982943627172723,2.098613679473182,1.193437052975029,107.6,"[478.6000061035156, 630.7999877929688]"
combined_sweep,1789044702.9893239,27.893290398,1.1385413060149692,0.903,0.3306192443401333,0.7955966949023985,2.3486452930779436,1.210310841641771,104.91,"[478.6000061035156, 630.7999877929688]"
combined_sweep,1789044703.0394125,27.943379086,1.073589050347201,0.903,0.32989145524959995,0.7928958061751326,2.5981256150421714,1.210310841641771,0.0,"[441.6000061035156, 640.7999877929688]"
combined_sweep,1789044703.0894508,27.993417415000003,0.9987056778625905,0.903,0.32916418854519996,0.7901968560683228,2.846578266859474,1.1949710337629145,-2.69,"[441.6000061035156, 640.7999877929688]"
combined_sweep,1789044703.1394465,28.043412987000004,0.9186448237857218,0.903,0.32843763442466667,0.7875005504223298,3.093940543845882,1.1642914180052018,-8.07,"[446.5, 629.75]"
combined_sweep,1789044703.1893969,28.093363375000003,0.8383084572718046,0.903,0.3277115363601333,0.784805937239889,3.340301676920255,1.1136700520049756,-21.52,"[446.5, 629.75]"
combined_sweep,1789044703.2394166,28.14338318,0.7624231675842729,0.903,0.32698490967466665,0.7821093622991055,3.5859950608167352,1.0400389741864646,-21.52,"[486.6000061035156, 618.4000244140625]"
combined_sweep,1789044703.2896018,28.193568441,0.6952816968587572,0.903,0.3262555184294666,0.7794025278362757,3.8317696563347923,0.9710098387316108,-64.56,"[486.6000061035156, 618.4000244140625]"
combined_sweep,1789044703.3393333,28.243299698,0.64147286828813,0.903,0.3255325342478666,0.7767194705447131,4.074546701418718,0.8943107993373288,-2.69,"[531.4000244140625, 566.0]"
combined_sweep,1789044703.3894672,28.293433909,0.6031057754617524,0.903,0.32480441725626663,0.7740173649480189,4.3181967509174015,0.8068738944278473,-2.69,"[531.4000244140625, 566.0]"
combined_sweep,1789044703.439523,28.343489449000003,0.5826323311086529,0.903,0.3240764210366666,0.7713157075467392,4.5609560828088505,0.7455146629124216,-43.04,"[553.0, 559.4000244140625]"
combined_sweep,1789044703.489399,28.393365469000003,0.5809412298376923,0.903,0.32335152375973325,0.7686255505917066,4.801838954115844,0.6856894121848816,-40.35,"[553.0, 559.4000244140625]"
combined_sweep,1789044703.5393987,28.443365429000004,0.5977900231284474,0.903,0.3226248824101333,0.7659289212310469,5.04245423799842,0.6335340653967698,-8.07,"[574.4000244140625, 521.7999877929688]"
combined_sweep,1789044703.5895045,28.493471029000002,0.6320196487611767,0.903,0.3218972915833333,0.7632287682777699,5.282534568685811,0.5997864880632857,-26.9,"[574.4000244140625, 521.7999877929688]"
combined_sweep,1789044703.6392806,28.543247062000003,0.681163874200952,0.903,0.3211728917678667,0.7605404574455841,5.520720050565565,0.5875146417602005,-26.9,"[474.20001220703125, 497.20001220703125]"
combined_sweep,1789044703.6893668,28.593333549,0.7426699981383458,0.903,0.3204450137914666,0.7578392388551223,5.759199137877864,0.5905826033359719,2.69,"[474.20001220703125, 497.20001220703125]"
combined_sweep,1789044703.739342,28.643308578000003,0.8125308969455589,0.903,0.3197187545086666,0.7551440273776466,5.9963016317970315,0.6120583343663708,2.69,"[601.8333129882812, 405.6666564941406]"
combined_sweep,1789044703.7894337,28.693400239000002,0.8869978688333242,0.903,0.3189911329874667,0.7524437605147771,6.232999428305284,0.6458059116998549,13.45,"[601.8333129882812, 405.6666564941406]"
combined_sweep,1789044703.839394,28.743360681000002,0.9616330894996903,0.903,0.31826467779533335,0.7497478220006959,0.18528579917365562,0.6918253353364242,75.32,"[593.25, 521.25]"
combined_sweep,1789044703.8894053,28.793371847000003,1.0324502442743033,0.903,0.31753825934346663,0.7470520198329458,0.41989894636721203,0.7485826244881929,53.8,"[593.25, 521.25]"
combined_sweep,1789044703.939436,28.843402462,1.095724298819079,0.903,0.3168109548524,0.7443529294965237,0.6539495713002736,0.8237476830945893,2.69,"[548.7999877929688, 556.7999877929688]"
combined_sweep,1789044703.989428,28.893394617000002,1.1479812234915343,0.903,0.31608477311946664,0.7416580058133604,0.8867928161788825,0.9019807032767571,2.69,"[548.7999877929688, 556.7999877929688]"
combined_sweep,1789044704.0393567,28.943323444,1.1866657881590978,0.903,0.3153591073344,0.7389649968576848,1.1186257588740744,0.9817477042468103,2.69,"[528.5999755859375, 562.0]"
combined_sweep,1789044704.089276,28.993242555000002,1.2099796699507883,0.903,0.3146329104286666,0.7362700168669387,1.3497822763713003,1.047708878125893,18.83,"[528.5999755859375, 562.0]"
combined_sweep,1789044704.1394432,29.043409664000002,1.2168890986303926,0.903,0.3139046410114666,0.7335673456055618,1.580747555278748,1.102932186489776,34.97,"[511.3999938964844, 596.7999877929688]"
combined_sweep,1789044704.1894002,29.093366605000003,1.2072404776997325,0.903,0.3131782275154666,0.7308715618294646,1.81027763206545,1.1474176293384597,80.7,"[511.3999938964844, 596.7999877929688]"
combined_sweep,1789044704.2394106,29.143377147000002,1.181811978564172,0.903,0.3124513846030666,0.7281741844516918,2.03909578300339,1.1780972450961724,107.6,"[477.0, 620.7999877929688]"
combined_sweep,1789044704.2894204,29.193386986,1.1421735148705878,0.903,0.31172463721826665,0.7254771615851661,2.2670364719612337,1.1949710337629145,94.14999999999999,"[477.0, 620.7999877929688]"
combined_sweep,1789044704.339437,29.243403436,1.0905639296893799,0.903,0.31099764545546665,0.7227792318105897,2.4942058500325714,1.1965050145508,8.07,"[448.0, 631.25]"
combined_sweep,1789044704.3894188,29.293385275000002,1.0298829564720833,0.903,0.3102713915209333,0.7200840401809978,2.7202984340474785,1.184233168247715,-2.69,"[448.0, 631.25]"
combined_sweep,1789044704.4392872,29.343253695,0.9633844088109789,0.903,0.30954606026413334,0.7173922726888673,2.9452596864755805,1.1535535524900022,-2.69,"[435.6000061035156, 639.4000244140625]"
combined_sweep,1789044704.4892955,29.393261906000003,0.8942997899279739,0.903,0.3088194554949333,0.7146957790812594,3.1697688620662348,1.1121360712170898,-16.14,"[435.6000061035156, 639.4000244140625]"
combined_sweep,1789044704.5394168,29.443383187000002,0.8261174530776538,0.903,0.30809163948866664,0.7119947904673616,3.393802407708577,1.0661166475805206,-26.9,"[482.6000061035156, 623.7999877929688]"
combined_sweep,1789044704.589458,29.493424474,0.7623604740322097,0.903,0.3073642726350666,0.7092954686981447,3.6168488628318727,1.0108933392166375,-112.98,"[482.6000061035156, 623.7999877929688]"
combined_sweep,1789044704.639397,29.543363521000003,0.7061443278995019,0.903,0.30663813941439994,0.7066007250482298,3.8386710682057554,0.9495341077012119,-78.01,"[518.2000122070312, 625.5999755859375]"
combined_sweep,1789044704.6893976,29.593364262,0.6599506841460223,0.903,0.30591153410746663,0.7039042294450466,4.0597904309155695,0.8774370106705868,-2.69,"[518.2000122070312, 625.5999755859375]"
combined_sweep,1789044704.7394502,29.643416697000003,0.6258771314182862,0.903,0.30518447993853326,0.7012060680758718,4.280198286177296,0.803805932852076,-5.38,"[559.0, 559.7999877929688]"
combined_sweep,1789044704.7894156,29.693381995000003,0.6054092319841964,0.903,0.30445797037719996,0.6985099277929525,4.499594208283,0.7501166052760785,-32.28,"[559.0, 559.7999877929688]"
combined_sweep,1789044704.8393054,29.743271848000003,0.5992716377777286,0.903,0.3037327421472,0.6958185426422536,4.7177593360340495,0.6856894121848816,-32.28,"[472.6000061035156, 540.0]"
combined_sweep,1789044704.8895745,29.793540967000002,0.6075942210373372,0.903,0.30300183368013334,0.6931060776368809,4.936776087862356,0.6442719309119693,-2.69,"[472.6000061035156, 540.0]"
combined_sweep,1789044704.9393072,29.843273759000002,0.6295125593678119,0.903,0.30227947989639997,0.6904253598067283,5.152392254565996,0.6181942575179133,-18.83,"[591.4000244140625, 521.2000122070312]"
combined_sweep,1789044704.9895234,29.893489861000003,0.6641382636610615,0.903,0.30155119760266663,0.6877226407594141,5.368927056635428,0.6105243535784852,-48.42,"[591.4000244140625, 521.2000122070312]"
combined_sweep,1789044705.0394368,29.943403454000002,0.7094193968716989,0.903,0.30082456817039993,0.6850260556250167,5.584123311801193,0.6120583343663708,0.0,"[597.0, 494.20001220703125]"
combined_sweep,1789044705.0894268,29.993393409000003,0.763175343907614,0.903,0.3000978460881333,0.6823291266583966,5.798499676060132,0.619728238305799,2.69,"[597.0, 494.20001220703125]"
combined_sweep,1789044705.1394305,30.043396925000003,0.8224753814097574,0.903,0.30062884769773335,0.6796323027021827,6.0120204292884125,0.6396699885483124,2.69,"[592.7999877929688, 494.3999938964844]"
combined_sweep,1789044705.1894326,30.093399263000002,0.8853906429389955,0.903,0.30135562475960004,0.6769351697014767,6.224718193033496,0.6703496043060252,43.04,"[592.7999877929688, 494.3999938964844]"
combined_sweep,1789044705.239525,30.143491590000004,0.9491964756654215,0.903,0.30208290374466673,0.6742361740200429,0.15352891289533233,0.7240389318820226,43.04,"[572.4000244140625, 525.5999755859375]"
combined_sweep,1789044705.289375,30.193341684000004,1.010831698771569,0.903,0.30280817930973336,0.6715446132047873,0.36409699894969805,0.7792622402459057,10.76,"[572.4000244140625, 525.5999755859375]"
combined_sweep,1789044705.339307,30.24327368,1.0678314317563142,0.903,0.3035342632188,0.6688500525545167,0.5740539278967631,0.8406214717613314,5.38,"[456.3999938964844, 550.5999755859375]"
combined_sweep,1789044705.3894327,30.293399098000002,1.1177891170440049,0.903,0.304262354748,0.666148041451007,0.7837408609216041,0.9004467224888714,8.07,"[456.3999938964844, 550.5999755859375]"
combined_sweep,1789044705.4394362,30.343402742000002,1.1583419143376443,0.903,0.30498903363720004,0.663451272777621,0.9921737311608112,0.9602719732164113,8.07,"[529.0, 470.5]"
combined_sweep,1789044705.4894226,30.39338903,1.1879041113518842,0.903,0.3057154594574667,0.6607554432650962,1.1996873746734664,1.0185632431560658,10.76,"[529.0, 470.5]"
combined_sweep,1789044705.5394466,30.443413226,1.2053140865734921,0.903,0.30644228963866665,0.6580581131339163,1.4064689475808407,1.0722525707320631,13.45,"[508.5, 588.0]"
combined_sweep,1789044705.589408,30.493374290000002,1.209904304333031,0.903,0.3071687284808,0.6553622352961097,1.6122925159226114,1.1182719943686323,59.18,"[508.5, 588.0]"
combined_sweep,1789044705.6394126,30.543379121,1.2015889625644671,0.903,0.30789523158933335,0.6526661189600933,1.817287473727113,1.158155494853659,59.18,"[492.20001220703125, 615.2000122070312]"
combined_sweep,1789044705.6893463,30.593312867,1.180835382028507,0.903,0.3086210887929333,0.6499723996335622,2.021254864486643,1.1811652066719438,104.91,"[492.20001220703125, 615.2000122070312]"
combined_sweep,1789044705.7393098,30.643276200000003,1.1485676939027156,0.903,0.30934745899413335,0.6472767765282401,2.2245198991690316,1.1903690913992575,94.14999999999999,"[452.6000061035156, 624.5999755859375]"
combined_sweep,1789044705.7895226,30.693489120000002,1.1060727478563437,0.903,0.31007594383893333,0.6445733057962695,2.427525243275788,1.1903690913992575,-2.69,"[452.6000061035156, 624.5999755859375]"
combined_sweep,1789044705.8394177,30.743384272000004,1.0554069631384646,0.903,0.31080227003320005,0.6418778460045111,2.6290826338584097,1.1811652066719438,-2.69,"[453.3999938964844, 631.4000244140625]"
combined_sweep,1789044705.8896132,30.793579757000003,0.9984525354499296,0.903,0.31153001752933335,0.6391771116376876,2.83018471666346,1.1596894756415448,-2.69,"[453.3999938964844, 631.4000244140625]"
combined_sweep,1789044705.939562,30.843528557000003,0.9377627609355091,0.903,0.3122562930168,0.6364818400232823,3.0300337432663795,1.1274758790959463,-5.38,"[455.0, 612.7999877929688]"
combined_sweep,1789044705.9894261,30.893392656000003,0.8757087710597745,0.903,0.3129820717694667,0.6337884118350001,3.228900951999286,1.0875923786109196,-48.42,"[455.0, 612.7999877929688]"
combined_sweep,1789044706.0394318,30.943398251,0.8146272280899909,0.903,0.313708728132,0.6310917267600369,3.4271614538785613,1.0293011086712651,-48.42,"[498.0, 597.0]"
combined_sweep,1789044706.0893066,30.993273041000002,0.757096001595678,0.903,0.3144337118386667,0.6284012490567332,3.62412230837176,0.9771457618831534,-99.53,"[498.0, 597.0]"
combined_sweep,1789044706.1393576,31.043324036,0.7049969379066356,0.903,0.3151611721852,0.6257015803270947,3.8209069548107593,0.9157865303677277,-24.21,"[509.79998779296875, 567.4000244140625]"
combined_sweep,1789044706.189394,31.093360454000003,0.6605123859845435,0.903,0.3158882466426667,0.623003343665405,4.0167390629978925,0.8513593372765309,-2.69,"[509.79998779296875, 567.4000244140625]"
combined_sweep,1789044706.2394245,31.143390968000002,0.6252366139420936,0.903,0.31661552497373335,0.6203043504110222,4.211777455564963,0.7976700097005334,-40.35,"[535.0, 558.2000122070312]"
combined_sweep,1789044706.2894306,31.193397100000002,0.6004544849310773,0.903,0.31734222933986667,0.6176074871905168,4.405814636147646,0.7470486437003072,-37.66,"[535.0, 558.2000122070312]"
combined_sweep,1789044706.3396199,31.243586573,0.5869505196371153,0.903,0.31807111677253336,0.6149025224198954,4.599582330080516,0.6933593161243098,-2.69,"[570.7999877929688, 534.4000244140625]"
combined_sweep,1789044706.389546,31.293512369000002,0.5852036816623938,0.903,0.31879671727386666,0.6122097557378423,4.791631508606891,0.6504078540635119,-5.38,"[570.7999877929688, 534.4000244140625]"
combined_sweep,1789044706.439339,31.343305297,0.5950677167553964,0.903,0.31952119269173335,0.6095211643385627,4.98254080543817,0.6151262959421421,-5.38,"[589.5999755859375, 511.79998779296875]"
combined_sweep,1789044706.4893284,31.393294946,0.6161324142341678,0.903,0.32024727272040004,0.6068266180887945,5.17302710614009,0.5967185264875144,-43.04,"[589.5999755859375, 511.79998779296875]"
combined_sweep,1789044706.5393336,31.443299942000003,0.647563204878772,0.903,0.3209739713022667,0.6041297763342066,5.362828408561832,0.5875146417602005,-56.49,"[497.3999938964844, 482.3999938964844]"
combined_sweep,1789044706.5893722,31.493338759,0.6881879105940182,0.903,0.3217015898877334,0.6014295203660989,5.552020578566093,0.5890486225480862,2.69,"[497.3999938964844, 482.3999938964844]"
combined_sweep,1789044706.6394885,31.543454905,0.7364394463305786,0.903,0.3224290904625334,0.5987297023458578,5.740332917766132,0.602854449639057,2.69,"[593.0, 463.3999938964844]"
combined_sweep,1789044706.6895013,31.593467797000002,0.7905262144423082,0.903,0.3231562065289334,0.596031311269791,5.927697478768046,0.624330180669456,2.69,"[593.0, 463.3999938964844]"
combined_sweep,1789044706.7394028,31.643369288000002,0.8484205615014283,0.903,0.3238819405916,0.5933380489299929,6.113860895174106,0.6550097964271688,26.9,"[604.2000122070312, 487.20001220703125]"
combined_sweep,1789044706.7894168,31.69338344,0.9082805791549196,0.903,0.3246087536234667,0.590640782441483,0.01626823684074452,0.6933593161243098,59.18,"[604.2000122070312, 487.20001220703125]"
combined_sweep,1789044706.8395934,31.743559986,0.9680393124665706,0.903,0.32533658131453336,0.5879397504642743,0.20127007023688748,0.7531845668518499,59.18,"[571.5999755859375, 527.2000122070312]"
combined_sweep,1789044706.8892486,31.793215211000003,1.025236501143924,0.903,0.3260598661326667,0.5852555774843422,0.38427784666228604,0.8084078752157329,5.38,"[571.5999755859375, 527.2000122070312]"
combined_sweep,1789044706.9392917,31.843258357000003,1.0786530359037758,0.903,0.3267873032985334,0.5825559947801775,0.5674872648629616,0.8666991451553873,10.76,"[554.2000122070312, 543.0]"
combined_sweep,1789044706.9894288,31.893395471,1.1262540016735598,0.903,0.32751546406453336,0.5798537267328705,0.7500282380468519,0.9219224535192704,2.69,"[554.2000122070312, 543.0]"
combined_sweep,1789044707.0394526,31.943418994,1.1664110533173295,0.903,0.32824256427506665,0.5771553944993066,0.9314551311523047,0.9771457618831534,5.38,"[525.2000122070312, 564.2000122070312]"
combined_sweep,1789044707.0893822,31.993348692,1.1979230667372072,0.903,0.32896881046333337,0.5744602316167853,1.1118227071743831,1.0323690702470365,18.83,"[525.2000122070312, 564.2000122070312]"
combined_sweep,1789044707.1394603,32.04342671,1.2199223267526103,0.903,0.3296957957442667,0.5717623258969806,1.291525897566686,1.081456455459377,32.28,"[521.2000122070312, 588.0]"
combined_sweep,1789044707.1894445,32.093410876,1.2317547845629357,0.903,0.3304223929852,0.5690658602274263,1.4702861297721626,1.1259418983080607,56.49,"[521.2000122070312, 588.0]"
combined_sweep,1789044707.2394109,32.143377399,1.2331606708435825,0.903,0.33114838315426676,0.5663716474544629,1.6480513839053117,1.167359379580973,56.49,"[486.5, 622.25]"
combined_sweep,1789044707.289319,32.193285472,1.2242182063174414,0.903,0.33187403203706667,0.5636787012245719,1.824888241946553,1.191903072187143,107.6,"[486.5, 622.25]"
combined_sweep,1789044707.3395736,32.243540239000005,1.2051822047819645,0.903,0.3326036037862667,0.5609711968956708,2.0018270940564946,1.2087768608538851,115.67,"[448.6000061035156, 659.2000122070312]"
combined_sweep,1789044707.3895795,32.293546072000005,1.1769059280414873,0.903,0.3333300436166666,0.5582753153903208,2.177159708088354,1.213378803217542,102.22,"[448.6000061035156, 659.2000122070312]"
combined_sweep,1789044707.4394672,32.343433639000004,1.1403270407201003,0.903,0.3340557376109334,0.5555822017478458,2.351467373929168,1.213378803217542,29.59,"[443.0, 638.5999755859375]"
combined_sweep,1789044707.489495,32.393461715,1.096530568096217,0.903,0.3347826549049334,0.5528845483334748,2.5252210844547847,1.205708899278114,-2.69,"[443.0, 638.5999755859375]"
combined_sweep,1789044707.539378,32.443344451,1.0470550918495194,0.903,0.33550820920480007,0.5501919531090902,2.6978043921419044,1.1857671490356005,-2.69,"[438.0, 643.5999755859375]"
combined_sweep,1789044707.5894022,32.493368723,0.9932449848099419,0.903,0.3362351198716,0.5474943242888357,2.86986256114794,1.158155494853659,-2.69,"[438.0, 643.5999755859375]"
combined_sweep,1789044707.6394942,32.54346084,0.9367524848389484,0.903,0.3369628183613333,0.5447937717890325,3.0412575978519953,1.1136700520049756,-2.69,"[463.6000061035156, 614.4000244140625]"
combined_sweep,1789044707.689438,32.593404663,0.879423065796817,0.903,0.3376890800566667,0.5420985513584355,3.2114679693649038,1.0722525707320631,-16.14,"[463.6000061035156, 614.4000244140625]"
combined_sweep,1789044707.73935,32.643316763,0.8228635446585237,0.903,0.33841461355933333,0.5394060333142723,3.380663117527831,1.0246991663076084,-83.39,"[389.6000061035156, 616.4000244140625]"
combined_sweep,1789044707.7895637,32.693530411000005,0.7683319674943803,0.903,0.3391441070901334,0.5366988192606688,3.5499279433027624,0.9786797426710391,-96.84,"[389.6000061035156, 616.4000244140625]"
combined_sweep,1789044707.8393893,32.743355794,0.7180018512201509,0.903,0.3398685295194667,0.534010424506453,3.7171741426256517,0.9219224535192704,-45.73,"[506.79998779296875, 587.4000244140625]"
combined_sweep,1789044707.8895361,32.793502707,0.6726230123968209,0.903,0.34059674805546675,0.5313079420696425,3.8844459197275683,0.8620972027917303,-5.38,"[506.79998779296875, 587.4000244140625]"
combined_sweep,1789044707.939535,32.843501469,0.633755440288015,0.903,0.34132330252480003,0.5286116351292225,4.050488521743262,0.803805932852076,-24.21,"[544.7999877929688, 549.5999755859375]"
combined_sweep,1789044707.9895546,32.893521012,0.6022857478952909,0.903,0.34204981781226673,0.5259154735961231,4.215675321684827,0.7531845668518499,-32.28,"[544.7999877929688, 549.5999755859375]"
combined_sweep,1789044708.039688,32.943654684,0.5789578526563985,0.903,0.3427773211048001,0.5232156454901367,4.3802376104679865,0.6948932969121955,-32.28,"[566.0, 534.5999755859375]"
combined_sweep,1789044708.0892375,32.993203802000004,0.5644254452062463,0.903,0.34349987341386673,0.5205341909151746,4.542842345543264,0.6534758156392831,-21.52,"[566.0, 534.5999755859375]"
combined_sweep,1789044708.1393304,33.043296968,0.5587797828237429,0.903,0.3442277169317334,0.5178331002033323,4.705787878741788,0.6212622190936846,-40.35,"[608.2000122070312, 536.0]"
combined_sweep,1789044708.189466,33.093432571,0.5622130768418074,0.903,0.34495618455453336,0.5151296933837042,4.868021727870499,0.5967185264875144,-67.25,"[608.2000122070312, 536.0]"
combined_sweep,1789044708.2393992,33.143365766,0.5744779383687957,0.903,0.3456818931257334,0.5124365256449599,5.028796152589166,0.5783107570328867,-72.63,"[612.0, 476.3999938964844]"
combined_sweep,1789044708.289647,33.193613757,0.5952115103871881,0.903,0.3464092880141333,0.5097370998361577,5.189095266729396,0.5691068723055729,-75.32,"[612.0, 476.3999938964844]"
combined_sweep,1789044708.3394437,33.243410211000004,0.6237043720190455,0.903,0.34713523262120005,0.5070430561477461,5.348229258393133,0.5691068723055729,-48.42,"[595.0, 466.3999938964844]"
combined_sweep,1789044708.3896115,33.293577945,0.6592634691616136,0.903,0.3478627136632,0.5043433106154278,5.5068509506745045,0.5721748338813442,0.0,"[595.0, 466.3999938964844]"
combined_sweep,1789044708.439423,33.343389696,0.7007692068689004,0.903,0.3485886143941333,0.5016494297551701,5.664282652591822,0.5859806609723149,0.0,"[603.75, 450.0]"
combined_sweep,1789044708.4893363,33.393302832,0.7471906691762583,0.903,0.34931440711333334,0.49895594973586593,5.820845765151418,0.607456392002714,2.69,"[603.75, 450.0]"
combined_sweep,1789044708.5393775,33.443344153000005,0.7974214195117287,0.903,0.35004129121320005,0.49625841950781563,5.976796595301096,0.6335340653967698,8.07,"[588.5999755859375, 478.3999938964844]"
combined_sweep,1789044708.5895977,33.493564251,0.8502803173003805,0.903,0.35077014014706676,0.49355359760959533,6.132316678018171,0.6657476619423682,53.8,"[588.5999755859375, 478.3999938964844]"
combined_sweep,1789044708.6394198,33.543386238000004,0.904068980440359,0.903,0.3514953978216,0.49086210318766804,0.0030412406388435897,0.7040971816395093,43.04,"[571.4000244140625, 526.0]"
combined_sweep,1789044708.6893568,33.593323336000005,0.957803692583375,0.903,0.3522212371346667,0.4881684502544647,0.15622926977288643,0.7531845668518499,8.07,"[571.4000244140625, 526.0]"
combined_sweep,1789044708.7393265,33.643293225,1.0102464199547654,0.903,0.35294788438480007,0.48547179899641163,0.30874065828491126,0.8053399136399616,2.69,"[547.4000244140625, 557.7999877929688]"
combined_sweep,1789044708.7895749,33.693541254,1.0602752753971532,0.903,0.35367655333786674,0.482767645022622,0.46082449335087716,0.859029241215959,13.45,"[547.4000244140625, 557.7999877929688]"
combined_sweep,1789044708.8393521,33.743318591000005,1.1063887633475582,0.903,0.35440132854933337,0.48007794106317175,0.6112528518066895,0.9219224535192704,13.45,"[531.0, 572.4000244140625]"
combined_sweep,1789044708.889237,33.793203468,1.147894337335352,0.903,0.3551265641913333,0.4773865284058952,0.760932906305662,0.9725438195194965,10.76,"[531.0, 572.4000244140625]"
combined_sweep,1789044708.9393044,33.843270915000005,1.1839978130503883,0.903,0.3558540470209334,0.474686776239637,0.9102276489656091,1.0200972239439514,18.83,"[406.0, 579.7999877929688]"
combined_sweep,1789044708.98959,33.893556408,1.2138885793100012,0.903,0.35658302453120005,0.47198147718319367,1.0589765339833193,1.0676506283684062,29.59,"[406.0, 579.7999877929688]"
combined_sweep,1789044709.0394714,33.943438114,1.2368199410680876,0.903,0.3573085902833334,0.4692888394584496,1.2061846094529969,1.1090681096413186,59.18,"[506.20001220703125, 599.5999755859375]"
combined_sweep,1789044709.0894387,33.99340517,1.252563023745152,0.903,0.35803549254986666,0.46659124181231665,1.352816096655765,1.145883648550574,96.84,"[506.20001220703125, 599.5999755859375]"
combined_sweep,1789044709.139492,34.0434585,1.260828231346271,0.903,0.35876246386426663,0.46389338792353435,1.4986136011415496,1.1780972450961724,112.98,"[485.6000061035156, 621.2000122070312]"
combined_sweep,1789044709.1894805,34.093447026,1.2615391231927393,0.903,0.3594891913820001,0.46119643878542366,1.6435148685526642,1.205708899278114,121.05,"[485.6000061035156, 621.2000122070312]"
combined_sweep,1789044709.2394361,34.14340265,1.2547964359156427,0.903,0.36021516601493336,0.4585022836684051,1.7874204314917606,1.227184630308513,121.05,"[454.6000061035156, 653.4000244140625]"
combined_sweep,1789044709.2895439,34.193510342,1.2408045999918067,0.903,0.3609427774209334,0.4558020543439239,1.9308010371231106,1.239456476611598,142.57,"[454.6000061035156, 653.4000244140625]"
combined_sweep,1789044709.3393595,34.243326138,1.2200335334698884,0.903,0.3616680079908,0.45311066050977594,2.072868628046912,1.2425244381873692,118.36,"[433.79998779296875, 642.0]"
combined_sweep,1789044709.3893642,34.293330996,1.1928972056452043,0.903,0.3623947395924,0.4504136962160807,2.2143829085439606,1.2425244381873692,34.97,"[433.79998779296875, 642.0]"
combined_sweep,1789044709.4395154,34.343481814,1.159977866946524,0.903,0.36312314720706673,0.4477105120918636,2.355372289149507,1.2379224958237125,-2.69,"[343.0, 639.5999755859375]"
combined_sweep,1789044709.4897296,34.393696135,1.1220771796994773,0.903,0.3638512699538667,0.44500838513712054,2.495455931974739,1.2256506495206272,-2.69,"[343.0, 639.5999755859375]"
combined_sweep,1789044709.539596,34.443562793000005,1.080154396530398,0.903,0.364576711664,0.4423162077430463,2.6341794230228217,1.2026409377023426,-2.69,"[431.0, 523.0]"
combined_sweep,1789044709.589494,34.493460500000005,1.0349236706467944,0.903,0.36530241170413336,0.4396230716638338,2.7721073653575914,1.1780972450961724,-2.69,"[431.0, 523.0]"
combined_sweep,1789044709.6395607,34.54352747,0.9871718454823766,0.903,0.36603006623053336,0.4369226823157912,2.909557275485234,1.1382137446111458,-2.69,"[445.0, 625.0]"
combined_sweep,1789044709.689258,34.593224661,0.9382407518838976,0.903,0.3667534224800001,0.4342382442479568,3.0453557657552253,1.0998642249140047,-13.45,"[445.0, 625.0]"
combined_sweep,1789044709.739549,34.643515461,0.8883833919812718,0.903,0.36748251414960004,0.4315325215362808,3.18137812428035,1.059980724428978,-18.83,"[472.20001220703125, 628.2000122070312]"
combined_sweep,1789044709.789719,34.693685751000004,0.8389291924096697,0.903,0.3682112847924,0.42882799018303047,3.316488477064347,1.0185632431560658,-78.01,"[472.20001220703125, 628.2000122070312]"
combined_sweep,1789044709.8395994,34.743565913000005,0.7909206073164641,0.903,0.3689373994976,0.42613331524562575,3.4502605185196202,0.9756117810952678,-69.94,"[535.2000122070312, 587.5999755859375]"
combined_sweep,1789044709.88946,34.793426615,0.7450784221159625,0.903,0.36966244239853335,0.42344261786724097,3.5829916829409356,0.9249904150950417,-34.97,"[535.2000122070312, 587.5999755859375]"
combined_sweep,1789044709.9395423,34.843508879000005,0.7019590066153545,0.903,0.3703900252465333,0.4207424945239861,3.7153384886627734,0.8728350683069298,-10.76,"[536.0, 559.4000244140625]"
combined_sweep,1789044709.9895139,34.893480253,0.6624950830962022,0.903,0.3711164288308001,0.4180467475311946,3.846624199859768,0.8237476830945893,-26.9,"[536.0, 559.4000244140625]"
combined_sweep,1789044710.0395758,34.943542389,0.6272024333677837,0.903,0.3718435914038667,0.4153481838648359,3.9771987286821187,0.7685243747307062,-26.9,"[549.5999755859375, 543.2000122070312]"
combined_sweep,1789044710.0894976,34.993463984,0.5967328080012764,0.903,0.3725688103761333,0.4126568330703921,4.106580422275975,0.7255729126699083,-13.45,"[549.5999755859375, 543.2000122070312]"
combined_sweep,1789044710.1394331,35.043399698,0.5713899308245105,0.903,0.3732950242713333,0.40996179003025496,4.235293468531019,0.684155431396996,-21.52,"[624.75, 543.0]"
combined_sweep,1789044710.1894104,35.093376996,0.5515452440118386,0.903,0.37402169198440005,0.40726506283247327,4.36323974571922,0.6488738732756262,-18.83,"[624.75, 543.0]"
combined_sweep,1789044710.239462,35.143428515000004,0.537442481470769,0.903,0.37474901173546665,0.40456591586486185,4.490452104810792,0.6181942575179133,-56.49,"[593.4000244140625, 531.4000244140625]"
combined_sweep,1789044710.289554,35.193520588000005,0.529235829859571,0.903,0.3754765237480001,0.40186605539819525,4.616848918633117,0.5921165841238575,-96.84,"[593.4000244140625, 531.4000244140625]"
combined_sweep,1789044710.3395152,35.243481895,0.5269648258948383,0.903,0.3762034961524,0.39916819746432824,4.7423040681037705,0.5706408530934585,-96.84,"[597.0, 483.0]"
combined_sweep,1789044710.3895316,35.293498153,0.5305594186522162,0.903,0.3769303359692,0.3964708315745968,4.866888732249386,0.5522330836388308,-107.6,"[597.0, 483.0]"
combined_sweep,1789044710.4392664,35.343232873000005,0.5398117919156751,0.903,0.37765383806066666,0.3937858522743935,4.9900614527360645,0.5414952181236313,-107.6,"[603.2000122070312, 440.6000061035156]"
combined_sweep,1789044710.4894807,35.393447438,0.5546211913155303,0.903,0.3783827498948001,0.391080796947803,5.113302711802085,0.5399612373357456,-102.22,"[603.2000122070312, 440.6000061035156]"
combined_sweep,1789044710.5392942,35.443260834,0.5744942786282098,0.903,0.37910745222159997,0.38839136346970154,5.234989619114948,0.5399612373357456,-80.7,"[615.5999755859375, 441.79998779296875]"
combined_sweep,1789044710.5893981,35.493364682,0.5992295150727638,0.903,0.37983507893120005,0.385691077352227,5.356318127508494,0.5414952181236313,-29.59,"[615.5999755859375, 441.79998779296875]"
combined_sweep,1789044710.6394107,35.543377433,0.6282792982680361,0.903,0.3805619174545334,0.38299371626266315,5.476667607968984,0.5460971604872883,0.0,"[496.6000061035156, 438.20001220703125]"
combined_sweep,1789044710.6894388,35.593405351,0.6611797441240957,0.903,0.3812888735816001,0.3802959187353981,5.596188685486503,0.5629709491540303,2.69,"[496.6000061035156, 438.20001220703125]"
combined_sweep,1789044710.739431,35.643397443000005,0.6973742735096791,0.903,0.38201549566000004,0.3775993608918407,5.7148077443922105,0.581378718608658,2.69,"[627.7999877929688, 456.20001220703125]"
combined_sweep,1789044710.7894878,35.693454229000004,0.7363306873525972,0.903,0.3827424631521334,0.3749015211878229,5.832635288932572,0.6043884304269426,8.07,"[627.7999877929688, 456.20001220703125]"
combined_sweep,1789044710.8394945,35.743460949,0.7774483059199035,0.903,0.38346948905373335,0.37220346472118543,5.9496242620651785,0.6381360077604268,8.07,"[609.7999877929688, 478.6000061035156]"
combined_sweep,1789044710.8892832,35.793249800000005,0.8199354230919971,0.903,0.3841933249032,0.3695172468159638,6.065259296984074,0.6688156235181395,64.56,"[609.7999877929688, 478.6000061035156]"
combined_sweep,1789044710.939625,35.843591678,0.863778654623585,0.903,0.38492389865306664,0.3668060239752842,6.181114397082219,0.7040971816395093,40.35,"[601.7999877929688, 521.4000244140625]"
combined_sweep,1789044710.9905734,35.89454004,0.9076747625558701,0.903,0.38564931536586666,0.36411393934849196,0.012122093468121875,0.7424467013366504,32.28,"[601.7999877929688, 521.4000244140625]"
combined_sweep,1789044711.0395195,35.943486217,0.9514356816273832,0.903,0.38637614258226666,0.361416620219943,0.1256895594183618,0.7838641826095626,37.66,"[562.2000122070312, 562.7999877929688]"
combined_sweep,1789044711.089594,35.993560536000004,0.9944653333608766,0.903,0.38710379750106666,0.3587162294156698,0.23853684814692144,0.8252816638824749,8.07,"[562.2000122070312, 562.7999877929688]"
combined_sweep,1789044711.1394458,36.043412303000004,1.0360466912895014,0.903,0.38782904790893336,0.35602476196097504,0.3501673353681838,0.8713010875190442,5.38,"[544.2000122070312, 558.5999755859375]"
combined_sweep,1789044711.189618,36.093584574000005,1.07599367949346,0.903,0.388557375692,0.3533218740987815,0.46142041360251085,0.9142525495798421,24.21,"[544.2000122070312, 558.5999755859375]"
combined_sweep,1789044711.23947,36.143436536,1.1135169471629667,0.903,0.389282670194,0.3506302430069164,0.5713661498517979,0.9648739155800683,24.21,"[546.0, 561.0]"
combined_sweep,1789044711.289594,36.193560466,1.1484421179339714,0.903,0.3900094027693334,0.3479332750996114,0.6806825260471498,1.004757416065095,29.59,"[546.0, 561.0]"
combined_sweep,1789044711.3393965,36.243363115,1.1802719856071129,0.903,0.39073480284146667,0.3452412522277834,0.7889542149827946,1.0446409165501216,40.35,"[505.75, 586.75]"
combined_sweep,1789044711.3895996,36.293566024,1.2089060136084575,0.903,0.39146421516,0.3425343395599774,0.8969711485067364,1.081456455459377,48.42,"[505.75, 586.75]"
combined_sweep,1789044711.439385,36.343351580000004,1.2337236417240525,0.903,0.39218826441693333,0.33984732968105286,1.003352770532402,1.1136700520049756,78.01,"[494.20001220703125, 609.4000244140625]"
combined_sweep,1789044711.4896038,36.39357012,1.2548620469936755,0.903,0.39291706908226676,0.33714267206721665,1.1095808922193697,1.145883648550574,126.42999999999999,"[494.20001220703125, 609.4000244140625]"
combined_sweep,1789044711.5393958,36.443362249,1.271902048232601,0.903,0.39364181846800006,0.3344530639493131,1.2143751940606933,1.175029283520401,126.42999999999999,"[478.79998779296875, 624.0]"
combined_sweep,1789044711.5894473,36.493413688000004,1.2938103784244817,0.903,0.39436874145906664,0.7063510778785262,1.436360205154486,1.201106956914457,131.81,"[478.79998779296875, 624.0]"
combined_sweep,1789044711.639681,36.543647769,1.296566893507743,0.903,0.3950979058970667,0.7058098793262164,1.6588590939309,1.2287186110963986,131.81,"[454.79998779296875, 648.0]"
combined_sweep,1789044711.6893504,36.593316711,1.2801389138957169,0.903,0.3958207312584,0.7052733857470734,1.8792560090208354,1.2455923997631406,153.32999999999998,"[454.79998779296875, 648.0]"
combined_sweep,1789044711.7393787,36.643345291,1.2451130092880045,0.903,0.3965483829798667,0.7047333099593353,2.1009546313288467,1.2624661884298827,139.88,"[434.3999938964844, 637.7999877929688]"
combined_sweep,1789044711.7895045,36.693471043,1.1932270285401527,0.903,0.3972760122764001,0.7041932508157734,2.322476531937312,1.2670681307935396,131.81,"[434.3999938964844, 637.7999877929688]"
combined_sweep,1789044711.8395252,36.743491876,1.1270803786818084,0.903,0.39800278029853337,0.7036538309250799,2.5435667358887883,1.2670681307935396,18.83,"[322.3999938964844, 649.5999755859375]"
combined_sweep,1789044711.8893456,36.793312264,1.0500165508148867,0.903,0.3987278363376,0.7031156816980515,2.7639674473857383,1.2517283229146832,-2.69,"[322.3999938964844, 649.5999755859375]"
combined_sweep,1789044711.9393783,36.843344758,0.9653712604241872,0.903,0.39945490461840005,0.7025760389501431,2.9848102075975476,1.217980745581199,-2.69,"[414.0, 640.7999877929688]"
combined_sweep,1789044711.989355,36.893321751,0.8774965051342375,0.903,0.40018158493186673,0.7020366841583504,3.2053656785017495,1.1688933603688585,-59.18,"[414.0, 640.7999877929688]"
combined_sweep,1789044712.0393097,36.943276195,0.7906925829117522,0.903,0.4009075181012,0.701497883909953,3.4255252847105453,1.0921943209745766,-59.18,"[459.79998779296875, 631.4000244140625]"
combined_sweep,1789044712.0892954,36.993261917000005,0.7090305940684751,0.903,0.40163377639573333,0.7009588423479668,3.6456142445279056,1.0185632431560658,-118.36,"[459.79998779296875, 631.4000244140625]"
combined_sweep,1789044712.1392806,37.043247044000005,0.6364648740324993,0.903,0.40236041479506673,0.7004195186655741,3.8656489662713227,0.9433981845496693,-99.53,"[518.4000244140625, 585.2000122070312]"
combined_sweep,1789044712.1894147,37.093381416,0.5764218565564182,0.903,0.4030886321974667,0.7001209769804102,4.086067839075355,0.8528933180644165,-2.69,"[518.4000244140625, 585.2000122070312]"
combined_sweep,1789044712.239441,37.14340755,0.5320223983190155,0.903,0.40381573605586674,0.7006606461346332,4.306319305346477,0.765456413154935,-10.76,"[568.7999877929688, 543.2000122070312]"
combined_sweep,1789044712.2894208,37.193387526,0.5054214182811613,0.903,0.40454229462360003,0.7011999105646212,4.5265749840096134,0.6948932969121955,-48.42,"[568.7999877929688, 543.2000122070312]"
combined_sweep,1789044712.339409,37.243375494000006,0.4979729160047295,0.903,0.40526856187066673,0.7017389587713337,4.7469116029389795,0.624330180669456,-64.56,"[603.5999755859375, 524.5999755859375]"
combined_sweep,1789044712.389394,37.293360624,0.5101467867153229,0.903,0.40599516608760006,0.7022782570829534,4.967519863558351,0.5691068723055729,-69.94,"[603.5999755859375, 524.5999755859375]"
combined_sweep,1789044712.4393592,37.343325533000005,0.5414437867846604,0.903,0.40672122062480004,0.7028171474126963,5.188130387699772,0.5276893910326605,-69.94,"[616.5999755859375, 475.0]"
combined_sweep,1789044712.4893203,37.393286918,0.5904265923432814,0.903,0.40744690361733343,0.703355761975513,5.40879700027935,0.521553467881118,-80.7,"[616.5999755859375, 475.0]"
combined_sweep,1789044712.5393212,37.443287661,0.6549717807087769,0.903,0.4081740660741334,0.7038954746224896,5.630083161658632,0.5200194870932323,-43.04,"[628.7999877929688, 421.20001220703125]"
combined_sweep,1789044712.5893629,37.493329278000004,0.7319463609801949,0.903,0.4089013793578667,0.7044352992158445,5.851584963684161,0.5322913333963175,0.0,"[628.7999877929688, 421.20001220703125]"
combined_sweep,1789044712.6393776,37.543344114,0.8175830061021864,0.903,0.4096282470060001,0.7049747930506913,6.073120582144895,0.5599029875782591,18.83,"[623.0, 429.3999938964844]"
combined_sweep,1789044712.6894784,37.593444969000004,0.9079350477391608,0.903,0.4103563795628001,0.7055152257227929,0.012026538278810506,0.6059224112148283,21.52,"[623.0, 429.3999938964844]"
combined_sweep,1789044712.7394748,37.643441285,1.0011683131424705,0.903,0.41108205594266667,0.7302691768878659,0.24113471628806593,0.6672816427302539,48.42,"[610.4000244140625, 497.79998779296875]"
combined_sweep,1789044712.7894402,37.693406659000004,1.0900388311610036,0.903,0.41180890586013336,0.7329665802620513,0.4714610277212401,0.7409127205487647,83.39,"[610.4000244140625, 497.79998779296875]"
combined_sweep,1789044712.839526,37.743492505,1.1696474208365522,0.903,0.41253629086586674,0.7356659693954168,0.702805775904018,0.8544272988523022,83.39,"[574.7999877929688, 562.7999877929688]"
combined_sweep,1789044712.8892624,37.793229096000005,1.235229782489025,0.903,0.41326013258680006,0.7383522090901627,0.9338642089803173,0.940330222973898,2.69,"[574.7999877929688, 562.7999877929688]"
combined_sweep,1789044712.9395585,37.843525011000004,1.2837971696507537,0.903,0.4139897742413333,0.7410599728438466,1.1676281979392584,1.021631204731837,34.97,"[509.6000061035156, 583.4000244140625]"
combined_sweep,1789044712.989566,37.893532682,1.3117624877394785,0.903,0.4147160147906667,0.7437551147997951,1.4011487416182788,1.1013982057018903,61.87,"[509.6000061035156, 583.4000244140625]"
combined_sweep,1789044713.0395367,37.943503218000004,1.3175679654654973,0.903,0.41544284351853333,0.7464524395375287,1.6357059909427747,1.1704273411567443,88.77,"[483.5, 627.75]"
combined_sweep,1789044713.089526,37.993492533,1.3005513156617607,0.903,0.41616946895413337,0.7491490098399478,1.8710447396401904,1.227184630308513,139.88,"[483.5, 627.75]"
combined_sweep,1789044713.1395316,38.04349829,1.2613348316737771,0.903,0.41689613192933334,0.7518457194550933,2.1072428386350524,1.2670681307935396,129.12,"[429.0, 653.4000244140625]"
combined_sweep,1789044713.1895387,38.093505258,1.2017805201716998,0.903,0.4176229886774667,0.754543148178478,2.344351566429772,1.2854759002481673,134.5,"[429.0, 653.4000244140625]"
combined_sweep,1789044713.2397075,38.143674002000004,1.1247952526668645,0.903,0.4183513353684,0.7572461062094121,2.5827974526121764,1.2854759002481673,134.5,"[410.3999938964844, 666.4000244140625]"
combined_sweep,1789044713.2893147,38.193281169,1.0353727121235916,0.903,0.4190739958490667,0.759927962218607,2.8202196742184995,1.265534150005654,-2.69,"[410.3999938964844, 666.4000244140625]"
combined_sweep,1789044713.3394322,38.243398727,0.9371355886495973,0.903,0.41980182282800005,0.7626289915530268,3.06018920082645,1.227184630308513,-2.69,"[415.6000061035156, 658.0]"
combined_sweep,1789044713.389508,38.293474556,0.8362757461362035,0.903,0.4205294229997334,0.7653291791861654,3.3009333262603846,1.1704273411567443,-45.73,"[415.6000061035156, 658.0]"
combined_sweep,1789044713.4395597,38.343526313000005,0.7386122469186978,0.903,0.4212568700337334,0.7680287985118329,3.5424758035790447,1.0983302441261191,-32.28,"[459.20001220703125, 640.5999755859375]"
combined_sweep,1789044713.4897757,38.393742324,0.6498665062164959,0.903,0.4219844876454667,0.770729050866331,3.7849243391818064,1.0139613007924089,-115.67,"[459.20001220703125, 640.5999755859375]"
combined_sweep,1789044713.5394392,38.443405755,0.5757014519980237,0.903,0.42270900493386665,0.773417797650808,4.027182016230064,0.9203884727313847,-102.22,"[419.3999938964844, 587.0]"
combined_sweep,1789044713.5894108,38.493377134,0.5201729998700966,0.903,0.42343523071733336,0.7761128848093387,4.270857137634245,0.8084078752157329,-2.69,"[419.3999938964844, 587.0]"
combined_sweep,1789044713.6393116,38.543277897,0.48706672309441146,0.903,0.42416065628093336,0.7788050022822208,4.51510806536627,0.7025632008516236,-2.69,"[586.5999755859375, 554.5999755859375]"
combined_sweep,1789044713.689238,38.593204751,0.4786041451378796,0.903,0.42488686593240005,0.7815000295734941,4.760469130942461,0.6273981422452273,-64.56,"[586.5999755859375, 554.5999755859375]"
combined_sweep,1789044713.7394168,38.643383390000004,0.4957829005497841,0.903,0.42561547191253335,0.7842039498492414,5.007491561534671,0.5645049299419159,-83.39,"[622.7999877929688, 495.6000061035156]"
combined_sweep,1789044713.789397,38.693363664,0.537815511280445,0.903,0.4263419298950667,0.7868998987187398,5.25463246131546,0.5200194870932323,-83.39,"[622.7999877929688, 495.6000061035156]"
combined_sweep,1789044713.8393788,38.743345451,0.6024650609731453,0.903,0.427068242864,0.7895953094301336,5.502570403573891,0.5062136600022615,-134.5,"[625.2000122070312, 438.3999938964844]"
combined_sweep,1789044713.8893096,38.793276094,0.6860199831769911,0.903,0.42779423659373333,0.792289535417041,5.751245000916704,0.5062136600022615,-13.45,"[625.2000122070312, 438.3999938964844]"
