mode,t_ros_sec,t_rel_sec,tail_target_rad,center_rad,tail_amp_rad,tail_freq_hz,phase_rad,real_position_rad,present_current_ma,sensor_values
turning_combined,1789044876.1894655,0.033261759,0.9359957127795506,0.9046652873691013,0.30048150925853334,0.5017869228123409,0.10445725642994887,0.5108156023659185,2.69,"[653.7999877929688, 354.0]"
turning_combined,1789044876.2392426,0.08303900900000001,0.9853065150830117,0.9071690916975415,0.30120576512133335,0.5044746994236383,0.2624168630571277,0.6135923151542565,48.42,"[641.0, 446.6000061035156]"
turning_combined,1789044876.2892537,0.133049943,1.0332893970405934,0.9096792712784484,0.30193262640386664,0.5071721449745764,0.42179236405100073,0.7271068934577939,78.01,"[641.0, 446.6000061035156]"
turning_combined,1789044876.339279,0.18307531500000002,1.0785570872434675,0.91218507461419,0.30265944261853334,0.5098694232747345,0.5820055325818668,0.8298836062461319,10.76,"[585.4000244140625, 591.0]"
turning_combined,1789044876.3893304,0.233126573,1.119984855318394,0.9146878851265322,0.3033870772052,0.5125697386246895,0.7432485551187753,0.9065826456404139,2.69,"[585.4000244140625, 591.0]"
turning_combined,1789044876.4393423,0.28313856200000004,1.1563755822684414,0.9171806871487195,0.3041139504777333,0.5152672286715623,0.9051705537187247,0.966407896367954,2.69,"[538.0, 594.4000244140625]"
turning_combined,1789044876.489349,0.33314523700000004,1.1867564528415278,0.9196633805694907,0.30484048750706666,0.5179634708906229,1.0678645474291177,1.0139613007924089,37.66,"[538.0, 594.4000244140625]"
turning_combined,1789044876.5393462,0.383142482,1.2102749420984145,0.9221358797503589,0.3055671208488,0.5206600705333917,1.2314272313609465,1.069184609156292,29.59,"[530.2000122070312, 608.0]"
turning_combined,1789044876.5892828,0.433079074,1.2262001027566276,0.9245934372290847,0.3062929084232,0.5233535314598948,1.3956446879905717,1.1136700520049756,8.07,"[530.2000122070312, 608.0]"
turning_combined,1789044876.639226,0.483022345,1.2340426438652774,0.9270388376264612,0.3070191275504,0.5260485939164399,1.5608059455975276,1.1504855909142309,107.6,"[506.79998779296875, 628.7999877929688]"
turning_combined,1789044876.689247,0.53304326,1.2334716613844219,0.9294715169676304,0.3077460793610667,0.5287463754251684,1.7269817002511139,1.1780972450961724,107.6,"[506.79998779296875, 628.7999877929688]"
turning_combined,1789044876.7394056,0.583202089,1.2243658472057788,0.9318914726054885,0.30847424204546664,0.531448650591825,1.894284944134421,1.1995729761265714,123.74,"[468.79998779296875, 644.5999755859375]"
turning_combined,1789044876.789373,0.633169274,1.206930552074956,0.934286755659938,0.3092004720145333,0.5341437532834818,2.0619903084426103,1.2118448224296565,129.12,"[468.79998779296875, 644.5999755859375]"
turning_combined,1789044876.8394277,0.6832240350000001,1.1815054069929591,0.9366659345326209,0.30992781764946664,0.5368429963083781,2.2308020935155213,1.2195147263690846,123.74,"[444.6000061035156, 648.4000244140625]"
turning_combined,1789044876.889445,0.733241295,1.1487926880417458,0.9390212991739444,0.31065438522786665,0.5395393518976869,2.4002802667445415,1.2195147263690846,29.59,"[444.6000061035156, 648.4000244140625]"
turning_combined,1789044876.9395213,0.7833176430000001,1.1096049936879435,0.9413560548691651,0.31138162174653333,0.5422381899826101,2.5707630059636,1.2072428800659996,29.59,"[436.3999938964844, 651.0]"
turning_combined,1789044876.992327,0.8361233450000001,1.0651001084382414,0.9436647407784217,0.3121082869308,0.5449349077957946,2.7419590070246356,1.1873011298234863,0.0,"[436.3999938964844, 651.0]"
turning_combined,1789044877.0392487,0.8830451290000001,1.0167110262679433,0.9459396981942221,0.3128323768229333,0.5476220684754868,2.9133894945317556,1.162757437217316,-2.69,"[446.20001220703125, 637.7999877929688]"
turning_combined,1789044877.0894308,0.9332270930000001,0.9653778964885789,0.9482022833078486,0.313561185078,0.550326739411136,3.0867892704467366,1.1305438406717176,-5.38,"[446.20001220703125, 637.7999877929688]"
turning_combined,1789044877.1393654,0.9831616710000001,0.9131984527990007,0.9504270804064787,0.31428701491533334,0.553020357179067,3.260325664668811,1.0937283017624622,-24.21,"[481.3999938964844, 627.5999755859375]"
turning_combined,1789044877.1894186,1.033214888,0.8615014445615822,0.9526263677765059,0.31501430251866663,0.5557193848436391,3.435059240721439,1.0507768397016641,-37.66,"[481.3999938964844, 627.5999755859375]"
turning_combined,1789044877.2394133,1.08320975,0.8121114023875455,0.9547922627839917,0.31574091625493333,0.558415911728813,3.6104779948820935,1.004757416065095,-96.84,"[507.3999938964844, 607.2000122070312]"
turning_combined,1789044877.2894104,1.1332067080000001,0.7666221293552113,0.9569257100410747,0.31646761945839996,0.5611127706345612,3.7867656339850364,0.9556700308527545,-75.32,"[507.3999938964844, 607.2000122070312]"
turning_combined,1789044877.339453,1.183249421,0.7266114377062912,0.9590250675077584,0.3171943136802667,0.5638095962088093,3.963898359150583,0.8881748761857863,-75.32,"[542.0, 572.7999877929688]"
turning_combined,1789044877.3894095,1.2332058300000002,0.6935252888475756,0.9610885729056429,0.31792084353013333,0.5665058117842436,4.141837900036525,0.8375535101855601,-2.69,"[542.0, 572.7999877929688]"
turning_combined,1789044877.439263,1.283059436,0.6686558679225653,0.9631108958162287,0.3186457430016,0.5691959768833806,4.320221218447008,0.7915340865489908,-24.21,"[560.7999877929688, 562.7999877929688]"
turning_combined,1789044877.4894192,1.333215516,0.652881819285209,0.9651056362728674,0.31937440522573335,0.5719001058855124,4.500382335462134,0.7501166052760785,-2.69,"[560.7999877929688, 562.7999877929688]"
turning_combined,1789044877.5394275,1.3832236340000001,0.6471132448636198,0.9670557288410508,0.32010110765893335,0.574596961932734,4.680906179846726,0.7117670855789375,-5.38,"[592.0, 536.0]"
turning_combined,1789044877.5894203,1.4332167980000001,0.6517330222427478,0.9689650293703489,0.32082768349226665,0.5772933481568197,4.862245563743529,0.6826214506091103,-18.83,"[592.0, 536.0]"
turning_combined,1789044877.6394036,1.483199852,0.6668409225453615,0.97083255620512,0.3215542124265333,0.5799895603343826,5.044420122022343,0.662679700366597,-2.69,"[595.7999877929688, 523.0]"
turning_combined,1789044877.6895225,1.533318929,0.6922590135095827,0.9726615284818906,0.3222824636189333,0.5826921639619389,5.227877429784367,0.6534758156392831,0.0,"[595.7999877929688, 523.0]"
turning_combined,1789044877.7393558,1.5831520920000002,0.7271689790054507,0.9744381948961638,0.32300736197133334,0.5853823249081219,5.411333189653093,0.6534758156392831,0.0,"[598.0, 530.0]"
turning_combined,1789044877.7893472,1.633143433,0.7708253990748246,0.976173965593562,0.32373395999706667,0.5880787934901377,5.596066139866202,0.6611457195787114,24.21,"[598.0, 530.0]"
turning_combined,1789044877.8392425,1.6830387130000002,0.8217701525628475,0.9778604423563129,0.3244592129192,0.5907702702754949,5.7813010133312455,0.6749515466696822,24.21,"[591.0, 521.0]"
turning_combined,1789044877.889247,1.7330430940000001,0.8786312032566219,0.9795033113076017,0.32518603352293335,0.5934675648638618,5.967783843679174,0.6994952392758523,43.04,"[591.0, 521.0]"
turning_combined,1789044877.939526,1.783322413,0.9397142144597992,0.9811039454562935,0.32591568136866667,0.5961753515936284,6.1558462353307215,0.7347767973972221,32.28,"[571.5999755859375, 536.2000122070312]"
turning_combined,1789044877.9894607,1.833256873,1.0024037075473973,0.9826463656149503,0.3266412758968,0.5988680961086158,0.06052330381011206,0.77772825945802,18.83,"[571.5999755859375, 536.2000122070312]"
turning_combined,1789044878.0394115,1.883207851,1.0649544891220073,0.9841402455968504,0.32736767071746664,0.6015638105789238,0.24943944862949596,0.8314175870340175,2.69,"[537.0, 553.0]"
turning_combined,1789044878.0894368,1.9332331200000001,1.1251375247102309,0.9855839652119731,0.3280946045213333,0.6042615252628487,0.43934359239703813,0.8912428377615575,2.69,"[537.0, 553.0]"
turning_combined,1789044878.1393235,1.9831197150000002,1.180637098807551,0.9869732243450842,0.32882033473266664,0.6069547733100134,0.6297783281701044,0.961805954004297,2.69,"[525.2000122070312, 561.7999877929688]"
turning_combined,1789044878.189372,2.033168409,1.2295875046016103,0.9883123161554234,0.32954758081426666,0.6096536468838154,0.8214593870371871,1.0200972239439514,16.14,"[525.2000122070312, 561.7999877929688]"
turning_combined,1789044878.2392466,2.0830431000000003,1.269872585448109,0.9895935345329051,0.3302725708429333,0.6123441480486118,1.0133891111561137,1.0799224746714913,34.97,"[515.4000244140625, 593.7999877929688]"
turning_combined,1789044878.2894244,2.1332208720000003,1.3001767242169662,0.9908261615584042,0.33100109821226664,0.6150477765928309,1.207106835516563,1.1351457830353744,78.01,"[515.4000244140625, 593.7999877929688]"
turning_combined,1789044878.3393703,2.183166753,1.3189581122534761,0.991999276133446,0.3317272442804,0.617742567920814,1.4010373515275791,1.1811652066719438,131.81,"[473.79998779296875, 637.7999877929688]"
turning_combined,1789044878.3895133,2.2333095700000003,1.3254661523350002,0.9931197508800977,0.33245572071039997,0.6204460074247287,1.5964416588405745,1.222582687944856,123.74,"[473.79998779296875, 637.7999877929688]"
turning_combined,1789044878.4395843,2.2833805490000003,1.3192144500334755,0.9941816650552311,0.33318324285266665,0.623145905483718,1.792439187447707,1.2593982268541113,147.95,"[444.0, 652.5999755859375]"
turning_combined,1789044878.4895277,2.333324031,1.3003329813549365,0.9951838524158534,0.3339092737586667,0.62584026943499,1.988880689557453,1.2854759002481673,161.4,"[444.0, 652.5999755859375]"
turning_combined,1789044878.5392392,2.383035614,1.2695192316747288,0.9961243844536938,0.3346325019549333,0.6285242322862417,2.18540306706908,1.2992817273391382,161.4,"[415.6000061035156, 666.5999755859375]"
turning_combined,1789044878.5892935,2.433089798,1.2274776587870513,0.9970117007877805,0.33536001159853335,0.6312240839615898,2.383938007139255,1.3023496889149093,166.78,"[415.6000061035156, 666.5999755859375]"
turning_combined,1789044878.639377,2.483173383,1.175889374139969,0.9978392488678134,0.3360872927345333,0.6339230876253246,2.58325922225913,1.2962137657633668,-2.69,"[411.20001220703125, 669.4000244140625]"
turning_combined,1789044878.6894066,2.533202811,1.1167156631143498,0.99860635766862,0.3368141444105333,0.6366204975255805,2.783310370132236,1.2762720155208536,-2.69,"[411.20001220703125, 669.4000244140625]"
turning_combined,1789044878.7394407,2.583237112,1.0522076307897552,0.9993131480744212,0.337541102892,0.639318303790229,2.984238795228457,1.2455923997631406,-2.69,"[415.6000061035156, 656.4000244140625]"
turning_combined,1789044878.7895038,2.633300085,0.9848442710214147,0.9999598992972094,0.3382690575317333,0.6420198068850006,3.186292760998203,1.205708899278114,-2.69,"[415.6000061035156, 656.4000244140625]"
turning_combined,1789044878.8394976,2.683293771,0.917590330359068,1.000544132067664,0.3389956215930667,0.6447161494221686,3.3888077137162185,1.1566215140657734,-13.45,"[438.6000061035156, 642.0]"
turning_combined,1789044878.8894463,2.733242573,0.85319280964463,1.0010662189021542,0.33972136954959997,0.6474094633233165,3.5919402535939415,1.0983302441261191,-21.52,"[438.6000061035156, 642.0]"
turning_combined,1789044878.93924,2.78303627,0.7944179064572425,1.0015257794693198,0.34044586322133336,0.6500981224642858,3.7955638679319996,1.0246991663076084,-21.52,"[497.6000061035156, 615.4000244140625]"
turning_combined,1789044878.9892576,2.8330538830000003,0.7435531491248633,1.0019247982598192,0.3411729610048,0.6527964456907938,4.000767590818869,0.9633399347921826,-91.46,"[497.6000061035156, 615.4000244140625]"
turning_combined,1789044879.0393934,2.883189626,0.703099025205289,1.0022615622234605,0.34190077939453334,0.655497443149944,4.2070245736410765,0.8958447801252144,-2.69,"[544.5999755859375, 573.2000122070312]"
turning_combined,1789044879.089271,2.933067356,0.675106887343508,1.0025346051239454,0.34262611703146667,0.6581892343193051,4.4134226386140725,0.8283496254582462,-8.07,"[544.5999755859375, 573.2000122070312]"
turning_combined,1789044879.1392605,2.9830568370000003,0.6608246537482768,1.0027453195448541,0.343352710828,0.6608856872063911,4.621025180122357,0.782330201821677,-32.28,"[569.5999755859375, 558.5999755859375]"
turning_combined,1789044879.189498,3.033294349,0.6611986224134688,1.0028934760020518,0.34408200045613335,0.6635921445594326,4.830251302966701,0.7332428166093364,-18.83,"[569.5999755859375, 558.5999755859375]"
turning_combined,1789044879.2395098,3.083306202,0.6764731803480647,1.0029779197145055,0.34480906254573335,0.6662903353228915,5.039686489496484,0.6933593161243098,-2.69,"[591.5999755859375, 536.0]"
turning_combined,1789044879.2894647,3.1332610790000004,0.7061285881007199,1.002999166834994,0.3455346922590667,0.6689832104132217,5.249553854717508,0.6688156235181395,-2.69,"[591.5999755859375, 536.0]"
turning_combined,1789044879.3392901,3.183086534,0.7490379980363546,1.0029575278050429,0.3462593765790667,0.6716725770665197,5.4599903769088165,0.6611457195787114,-2.69,"[596.5999755859375, 531.4000244140625]"
turning_combined,1789044879.38931,3.233106056,0.8037502617954797,1.0028526022466915,0.346986701068,0.6743717416167674,5.672042296336118,0.6657476619423682,8.07,"[596.5999755859375, 531.4000244140625]"
turning_combined,1789044879.4392276,3.2830237600000003,0.8676910437087776,1.0026849346197146,0.34771241782146667,0.6770649397206162,5.884470466568848,0.684155431396996,40.35,"[588.4000244140625, 524.2000122070312]"
turning_combined,1789044879.4892678,3.333064149,0.9383113778961754,1.002454101541764,0.3484391511234667,0.6797619103246442,6.098043551791621,0.7148350471547088,56.49,"[588.4000244140625, 524.2000122070312]"
turning_combined,1789044879.5394208,3.3832170300000004,1.0125729542723307,1.0021596104112687,0.34916773802133333,0.6824657597844372,0.02982775040014296,0.7577865092155067,37.66,"[569.2000122070312, 545.5999755859375]"
turning_combined,1789044879.5895448,3.4333412500000002,1.0868769240112808,1.001802236394394,0.34989617525493333,0.6851690538270964,0.24560443191367654,0.8145437983672754,5.38,"[569.2000122070312, 545.5999755859375]"
turning_combined,1789044879.6395135,3.4833097430000004,1.1575465595820724,1.0013834486038533,0.3506225199792,0.6878645823852991,0.46160772326722466,0.8835729338221293,16.14,"[543.2000122070312, 557.0]"
turning_combined,1789044879.6895092,3.533305624,1.2214287670898563,1.000902384116185,0.351349135256,0.6905611149875264,0.6785385534038593,0.9526020692769832,8.07,"[543.2000122070312, 557.0]"
turning_combined,1789044879.7393281,3.5831243400000004,1.275214181680512,1.0003610145971629,0.3520738207096,0.6932504858477128,0.8957358224807894,1.038504993398579,8.07,"[509.6000061035156, 579.7999877929688]"
turning_combined,1789044879.789247,3.6330433450000004,1.3163650428893725,0.9997581997716177,0.35279883227666664,0.6959410669433883,1.1138741775716312,1.1060001480655473,32.28,"[509.6000061035156, 579.7999877929688]"
turning_combined,1789044879.839252,3.6830484140000004,1.3427132962403407,0.9990924526847323,0.35352603318866666,0.6986397728888691,1.3335197001257786,1.167359379580973,102.22,"[492.3999938964844, 614.4000244140625]"
turning_combined,1789044879.8894207,3.7332170400000004,1.3525710383053882,0.9983648710285504,0.3542542442109333,0.7013422274415604,1.5543211243134145,1.2210487071569704,139.88,"[492.3999938964844, 614.4000244140625]"
turning_combined,1789044879.9395037,3.783300144,1.3451164158142423,0.9975769472583476,0.3549823229072,0.7040441909209363,1.7759329221397824,1.265534150005654,147.95,"[437.20001220703125, 654.4000244140625]"
turning_combined,1789044879.9893758,3.833172197,1.3205527945065185,0.9967327651413571,0.3557073229057333,0.7067347290847765,1.9974509481421894,1.2992817273391382,177.54,"[437.20001220703125, 654.4000244140625]"
turning_combined,1789044880.0393314,3.883127872,1.2796880848955912,0.9958276552796489,0.3564338743376,0.7094310247528933,2.2202899342902445,1.320757458369537,196.37,"[415.0, 678.4000244140625]"
turning_combined,1789044880.089258,3.9330540330000003,1.2243969718375056,0.9948654643044006,0.3571593044356,0.712123159053329,2.4436293183089646,1.3268933815210797,137.19,"[415.0, 678.4000244140625]"
turning_combined,1789044880.1392348,3.983031012,1.1570371276389366,0.9938440809773903,0.35788567902586665,0.71481879844686,2.668106004454504,1.320757458369537,137.19,"[405.0, 676.4000244140625]"
turning_combined,1789044880.1891983,4.032994513,1.0808556320665839,0.9927654553198978,0.3586119941602667,0.7175142171944895,2.8934106976623966,1.2900778426118242,-2.69,"[405.0, 676.4000244140625]"
turning_combined,1789044880.2392635,4.083059872000001,0.9994064150009526,0.9916282218050938,0.3593395359952,0.7202141883346804,3.119945158825251,1.248660361338912,-2.69,"[406.3999938964844, 659.5999755859375]"
turning_combined,1789044880.2893832,4.1331795300000005,0.9168375973158125,0.9904342778982393,0.3600674329085333,0.722915477201752,3.3474402522973215,1.1949710337629145,-2.69,"[406.3999938964844, 659.5999755859375]"
turning_combined,1789044880.3393452,4.183141507,0.8375827921548264,0.9891878646205121,0.36079365187586665,0.7256105390650178,3.5752570817102765,1.1320778214596032,-32.28,"[454.20001220703125, 646.5999755859375]"
turning_combined,1789044880.3895104,4.2333067380000005,0.7653294117993181,0.9878823441339437,0.36152246122093334,0.728315214045752,3.804738723696328,1.059980724428978,-43.04,"[454.20001220703125, 646.5999755859375]"
turning_combined,1789044880.4394314,4.283227817,0.704498389440138,0.9865295713513925,0.3622477591237333,0.7310068577582822,4.033958722914193,0.983281685034696,-131.81,"[509.79998779296875, 597.2000122070312]"
turning_combined,1789044880.4893582,4.3331545590000005,0.6579909165763882,0.9851228300825864,0.3629737704824,0.7337011491676972,4.264249872918917,0.9035146840646426,-32.28,"[509.79998779296875, 597.2000122070312]"
turning_combined,1789044880.5392308,4.3830270360000005,0.6285175653371279,0.9836660076772987,0.36369895220573334,0.7363923617281041,4.495121603843604,0.8007379712763046,-32.28,"[554.7999877929688, 554.7999877929688]"
turning_combined,1789044880.5891666,4.432963126000001,0.617771415910646,0.9821570533877331,0.364424791388,0.7390860141758969,4.727047918234561,0.7439806821245359,-48.42,"[554.7999877929688, 554.7999877929688]"
turning_combined,1789044880.639207,4.483003,0.6266095415878472,0.9805947075572152,0.3651522385673333,0.741785634040909,4.960337055085834,0.6902913545485385,-26.9,"[582.0, 536.4000244140625]"
turning_combined,1789044880.6894493,4.533245663000001,0.6548876726086534,0.9789795629173736,0.3658813236533333,0.744491332320272,5.1950043105954755,0.6473398924877406,-2.69,"[582.0, 536.4000244140625]"
turning_combined,1789044880.7394419,4.583237984,0.7010619477588457,0.9773217806650809,0.36660795740200003,0.7471879334732059,5.4297296893191564,0.6273981422452273,0.0,"[597.0, 524.0]"
turning_combined,1789044880.789499,4.633295415,0.7629138608783149,0.9756145988073541,0.3673356259385333,0.7498883748140741,5.665638875149664,0.6289321230331129,0.0,"[597.0, 524.0]"
turning_combined,1789044880.839541,4.68333707,0.8370134421375763,0.9738626948193628,0.3680627743270667,0.7525868858403937,5.902227753920439,0.641203969336198,10.76,"[608.7999877929688, 508.79998779296875]"
turning_combined,1789044880.889543,4.733339364,0.9192714170739614,0.9720669827537226,0.3687895190377333,0.7552838987829776,6.13953267251086,0.6657476619423682,48.42,"[608.7999877929688, 508.79998779296875]"
turning_combined,1789044880.9392316,4.78302794,1.0046322631111677,0.9702376303126676,0.3695123605746667,0.7579664267077535,0.09321608026657202,0.7209709703062513,48.42,"[591.2000122070312, 536.2000122070312]"
turning_combined,1789044880.989198,4.832994262000001,1.0890551990531065,0.9683571583230454,0.3702386773513333,0.7606618515499777,0.33206998517779596,0.7838641826095626,5.38,"[591.2000122070312, 536.2000122070312]"
turning_combined,1789044881.039228,4.883024372,1.1672585357258984,0.9664331745535666,0.37096584333973337,0.7633604278909359,0.5720515240905684,0.8605632220038447,5.38,"[558.5999755859375, 559.2000122070312]"
turning_combined,1789044881.0894456,4.933241923000001,1.2345520453567833,0.9644646876255135,0.3716946156829333,0.7660649655545189,0.8134153147467273,0.9372622613981267,16.14,"[558.5999755859375, 559.2000122070312]"
turning_combined,1789044881.139367,4.983163366,1.2863846665279506,0.9624646310188189,0.3724206988508,0.7687595234541318,1.0547343118225712,1.0185632431560658,13.45,"[527.2000122070312, 573.4000244140625]"
turning_combined,1789044881.189442,5.033238302,1.3197043582770278,0.9604235333514902,0.37314803301893334,0.7714587239247339,1.2973178456665408,1.0983302441261191,56.49,"[527.2000122070312, 573.4000244140625]"
turning_combined,1789044881.2394478,5.083244254,1.3320516265818025,0.9583477487632486,0.37387479450106664,0.774155799107692,1.5405577965957775,1.1704273411567443,91.46,"[484.0, 622.2000122070312]"
turning_combined,1789044881.2895103,5.133306644,1.3222795448925955,0.9562343407633711,0.3746024629649333,0.7768562401788879,1.7849508435900994,1.227184630308513,137.19,"[484.0, 622.2000122070312]"
turning_combined,1789044881.3393407,5.183136960000001,1.2906930979634799,0.9540969052381733,0.37532687251773333,0.7795445871471662,2.0290913060278335,1.2793399770966247,137.19,"[428.6000061035156, 658.4000244140625]"
turning_combined,1789044881.38931,5.233106105,1.2385814682418794,0.951921339640268,0.3760532898505333,0.7822403851619626,2.274755049688469,1.3023496889149093,158.71,"[428.6000061035156, 658.4000244140625]"
turning_combined,1789044881.4392362,5.283032557,1.168784058289322,0.9497162280247167,0.3767792714304,0.7849345660596561,2.5211170319853906,1.303883669702795,56.49,"[409.6000061035156, 663.2000122070312]"
turning_combined,1789044881.4892426,5.333038789000001,1.0850407005324365,0.9474790886888611,0.37750608472386665,0.7876318335189865,2.7686087989911705,1.2931458041875956,-2.69,"[409.6000061035156, 663.2000122070312]"
turning_combined,1789044881.539381,5.3831774800000005,0.9920826797047494,0.9452101809300337,0.3782340663374667,0.7903334367161275,3.0173486675457752,1.260932207641997,-2.69,"[408.79998779296875, 674.0]"
turning_combined,1789044881.5894294,5.433225779000001,0.895685820698965,0.9429180647067159,0.3789609288117333,0.7930308866896918,3.2665538010408746,1.2087768608538851,-5.38,"[408.79998779296875, 674.0]"
turning_combined,1789044881.6394103,5.483206517,0.8015465769069744,0.9406012320844461,0.3796876320588,0.7957277457572436,3.5165516293309125,1.141281706186917,-32.28,"[447.6000061035156, 648.2000122070312]"
turning_combined,1789044881.689409,5.533205430000001,0.7154436537026403,0.9382609512800222,0.3804142413914667,0.7984242563002739,3.767364216460386,1.0615147052168636,-51.11,"[447.6000061035156, 648.2000122070312]"
turning_combined,1789044881.7392268,5.583022919,0.6429150901370511,0.9359039973036587,0.3811391376946667,0.8011144096416973,4.018428573967128,0.9572040116406401,-51.11,"[520.2000122070312, 597.7999877929688]"
turning_combined,1789044881.7891397,5.632936127000001,0.5883413216314308,0.9335248768289676,0.38186448480733337,0.8038062359763305,4.270493193716057,0.8651651643675016,-2.69,"[520.2000122070312, 597.7999877929688]"
turning_combined,1789044881.839238,5.683034324,0.5552688282787592,0.931117522845753,0.3825925505544,0.8065081514000969,4.524353029328495,0.7669903939428205,-2.69,"[573.0, 551.2000122070312]"
turning_combined,1789044881.889391,5.733187206,0.5462236388507744,0.9286921890253853,0.3833206617036,0.8092102353151359,4.779079267751683,0.6979612584879668,-13.45,"[573.0, 551.2000122070312]"
turning_combined,1789044881.9393804,5.7831765850000005,0.5619104160709092,0.9262560053559756,0.38404715491493335,0.8119063149217807,5.034086274482139,0.6335340653967698,-48.42,"[604.5999755859375, 526.0]"
turning_combined,1789044881.9895132,5.833309386000001,0.6015939254074394,0.9237977513897179,0.3847758320938667,0.8146104994224783,5.290711772659787,0.5875146417602005,-18.83,"[604.5999755859375, 526.0]"
turning_combined,1789044882.039543,5.883339184,0.6626432076071263,0.921332223138881,0.38550276376133336,0.8173082061780367,5.547570355324915,0.5675728915176872,-78.01,"[620.7999877929688, 468.20001220703125]"
turning_combined,1789044882.0895107,5.933307190000001,0.7411394548136518,0.9188574122138522,0.3862290205008,0.8200034082169805,5.805036699747891,0.5691068723055729,0.0,"[620.7999877929688, 468.20001220703125]"
turning_combined,1789044882.1392386,5.983034895,0.8316412420680683,0.9163816998599238,0.3869526213608,0.8226887540558167,6.062401571453272,0.5890486225480862,0.0,"[611.2000122070312, 458.79998779296875]"
turning_combined,1789044882.1892428,6.033039167,0.9287861828359475,0.9138878314281478,0.3876790654204,0.8253846512560965,0.038439065304000763,0.6258641614573416,5.38,"[611.2000122070312, 458.79998779296875]"
turning_combined,1789044882.2394133,6.083209549,1.0259029140769313,0.9113794730065468,0.38840771963666665,0.8280887505403374,0.2993023754959516,0.6826214506091103,91.46,"[598.4000244140625, 502.3999938964844]"
turning_combined,1789044882.2894137,6.133209976000001,1.115671880098669,0.9088727425569992,0.38913436102986665,0.8307853800628004,0.560292222624863,0.7562525284276211,61.87,"[598.4000244140625, 502.3999938964844]"
turning_combined,1789044882.339488,6.183284424,1.192056929130129,0.9063591977102696,0.389861900772,0.8334853434364284,0.8224539699119191,0.8513593372765309,2.69,"[570.2000122070312, 562.2000122070312]"
turning_combined,1789044882.3894305,6.2332268850000006,1.2492201676950863,0.9038493870678809,0.3905877458402667,0.83617901772768,1.084850344179987,0.9464661461254406,2.69,"[570.2000122070312, 562.2000122070312]"
turning_combined,1789044882.439512,6.283308352000001,1.283050227476689,0.901331674203054,0.39131572121906666,0.838880597786935,1.3488670905780857,1.0354370318228079,10.76,"[530.4000244140625, 588.4000244140625]"
turning_combined,1789044882.4893918,6.3331881270000006,1.2905221616633986,0.8988250685210719,0.3920407883906667,0.8415713852358786,1.6126725849233452,1.1182719943686323,51.11,"[530.4000244140625, 588.4000244140625]"
turning_combined,1789044882.539319,6.383115571,1.2707354551692658,0.8963177950612123,0.39276680985,0.8442657141297476,1.8776709802654032,1.1980389953386859,51.11,"[482.3999938964844, 635.2000122070312]"
turning_combined,1789044882.5892522,6.433048403000001,1.2245202704979545,0.893814822526901,0.39349280581786666,0.8469599484225627,2.1435057086410048,1.2409904573994837,94.14999999999999,"[482.3999938964844, 635.2000122070312]"
turning_combined,1789044882.63932,6.483116221,1.154488126191013,0.8913134594959163,0.39422001908320004,0.8496587002123399,2.410634645062313,1.2563302652783401,118.36,"[434.79998779296875, 655.5999755859375]"
turning_combined,1789044882.6894999,6.533295948,1.0649784252538244,0.8888135661805397,0.39494896232386667,0.852363872091312,2.6792515746579255,1.2563302652783401,-2.69,"[434.79998779296875, 655.5999755859375]"
turning_combined,1789044882.739514,6.58331066,0.9624713414470036,0.8863297749590849,0.3956758278646667,0.8550613334450488,2.947950532420407,1.2348545342479411,-2.69,"[427.79998779296875, 655.0]"
turning_combined,1789044882.7894988,6.63329506,0.8538546071363432,0.8838578258782671,0.3964023083593333,0.8577573658590355,3.2173539174999277,1.191903072187143,-18.83,"[427.79998779296875, 655.0]"
turning_combined,1789044882.8394754,6.6832715270000005,0.7467768071415706,0.8813994808358642,0.3971283388584,0.8604517283001426,3.4874361469703956,1.1228739367322893,-32.28,"[461.6000061035156, 640.2000122070312]"
turning_combined,1789044882.8894594,6.733255652,0.6487645417040834,0.8789528958569659,0.3978549232228,0.86314814618376,3.7585714222117055,1.0400389741864646,-83.39,"[461.6000061035156, 640.2000122070312]"
turning_combined,1789044882.9392421,6.783038321,0.5672861390745557,0.8765292941210393,0.3985791695081333,0.865835887252244,4.029675776344369,0.9265243958829272,-83.39,"[527.2000122070312, 593.7999877929688]"
turning_combined,1789044882.989227,6.833023433,0.5078867758467259,0.8741146557298859,0.39930572457333335,0.8685321964039774,4.302491307662127,0.8114758367915041,-2.69,"[527.2000122070312, 593.7999877929688]"
turning_combined,1789044883.0392666,6.883062859000001,0.47537662152633475,0.8717161459220004,0.40003292207,0.8712308896748586,4.576396505610127,0.7133010663668231,-5.38,"[562.5999755859375, 544.7999877929688]"
turning_combined,1789044883.0892491,6.933045562,0.4724182631422261,0.8693395847820335,0.4007594562653333,0.8739271213766984,4.850898757154386,0.6304661038209985,-67.25,"[562.5999755859375, 544.7999877929688]"
turning_combined,1789044883.1394005,6.983196823,0.4994839185991208,0.8669791788350648,0.4014875704084,0.8766292164022376,5.126848530419167,0.5629709491540303,-112.98,"[614.2000122070312, 495.79998779296875]"
turning_combined,1789044883.1894252,7.033221617000001,0.554629981703231,0.8646459474617018,0.40221432819906666,0.8793262778858412,5.403131669452211,0.5138835639416898,-107.6,"[614.2000122070312, 495.79998779296875]"
turning_combined,1789044883.239416,7.083212176000001,0.6338460948986728,0.8623370004458534,0.40294106920373335,0.8820232770751362,5.680255801106437,0.4908738521234052,-131.81,"[637.7999877929688, 412.20001220703125]"
turning_combined,1789044883.2894258,7.133222124,0.7311543657492248,0.8600541948401156,0.4036676653256,0.8847197385917369,5.958171721533969,0.4908738521234052,2.69,"[637.7999877929688, 412.20001220703125]"
turning_combined,1789044883.3392406,7.1830369890000005,0.838855262429304,0.8578035007769941,0.4043926436113333,0.8874101961774845,6.236312103756305,0.5292233718205462,2.69,"[637.7999877929688, 418.20001220703125]"
turning_combined,1789044883.3891892,7.232985631,0.9489109850815866,0.8555783711715721,0.40511855788733336,0.8901041273046647,0.23247172178518127,0.5859806609723149,13.45,"[637.7999877929688, 418.20001220703125]"
turning_combined,1789044883.4392514,7.283047542,1.0526615357183824,0.8533783914885085,0.40584605087573333,0.8928039171711146,0.5132732925228858,0.6596117387908257,51.11,"[629.4000244140625, 481.3999938964844]"
turning_combined,1789044883.4892597,7.333055864,1.1413475921598712,0.851211972973209,0.4065728179386667,0.8955010130649077,0.7946421014601412,0.7485826244881929,107.6,"[629.4000244140625, 481.3999938964844]"
turning_combined,1789044883.5394871,7.3832833760000005,1.2078799073870323,0.8490708849692111,0.4073021218385333,0.8982075233815952,1.0778464112279806,0.8574952604280734,2.69,"[571.0, 575.7999877929688]"
turning_combined,1789044883.589526,7.433322193,1.246060109682479,0.8469700990156793,0.4080293342028,0.9009062718274354,1.3610870064889014,0.966407896367954,2.69,"[571.0, 575.7999877929688]"
turning_combined,1789044883.6394377,7.4832338830000005,1.2525591207579103,0.8449105260599772,0.4087544969165333,0.9035974138415603,1.6443729845742254,1.0584467436410925,2.69,"[521.4000244140625, 603.5999755859375]"
turning_combined,1789044883.6894393,7.533235607000001,1.2263654473148413,0.8428835695936843,0.40948107875213335,0.9062938223405805,1.9290603477171118,1.1397477253990314,75.32,"[521.4000244140625, 603.5999755859375]"
turning_combined,1789044883.7392516,7.583047839000001,1.1691483203057635,0.8408989817987912,0.4102060349908,0.9089841981077429,2.213953990818922,1.201106956914457,75.32,"[487.6000061035156, 633.5999755859375]"
turning_combined,1789044883.7891858,7.632981987000001,1.0848681709439765,0.8389510672562799,0.4109318822390667,0.9116778804891645,2.5000430743097866,1.214912784005428,75.32,"[487.6000061035156, 633.5999755859375]"
turning_combined,1789044883.8392997,7.683095896,0.9796476061164188,0.8370378992807235,0.4116598901870667,0.9143795814155584,2.787834117883598,1.2118448224296565,-2.69,"[446.6000061035156, 647.4000244140625]"
turning_combined,1789044883.8894138,7.733210150000001,0.8620533950956244,0.8351673482858366,0.4123875833430667,0.9170801141214124,3.0763503158883196,1.1826991874598294,-13.45,"[446.6000061035156, 647.4000244140625]"
turning_combined,1789044883.9395442,7.783340569000001,0.741402267051464,0.8333379115023669,0.41311602264040004,0.9197834158227659,3.36601368341406,1.1336118022474888,-40.35,"[450.0, 633.4000244140625]"
turning_combined,1789044883.989491,7.833287400000001,0.628086516272979,0.8315583439710575,0.4138421254428,0.9224780465878428,3.6555938317323537,1.0569127628532067,-61.87,"[450.0, 633.4000244140625]"
turning_combined,1789044884.0394812,7.883277474000001,0.5311001489535636,0.8298227388358261,0.4145686913644,0.9251743960286225,3.946205644309309,0.9602719732164113,-190.99,"[517.7999877929688, 596.5999755859375]"
turning_combined,1789044884.089413,7.933209244,0.45887181647306235,0.8281365051155395,0.41529387744773333,0.9278656247693692,4.237109301013284,0.8482913757007595,-2.69,"[517.7999877929688, 596.5999755859375]"
turning_combined,1789044884.1392298,7.983026107000001,0.41746199684095375,0.826497149003083,0.4160191601922667,0.9305572122282512,4.528895709460691,0.6933593161243098,-2.69,"[580.2000122070312, 544.2000122070312]"
turning_combined,1789044884.1891778,8.032973937000001,0.4106524609934898,0.8249042948140792,0.4167451998182667,0.9332516085402032,4.821832355854639,0.5997864880632857,-61.87,"[580.2000122070312, 544.2000122070312]"
turning_combined,1789044884.239456,8.083252226,0.43959187017573687,0.8233534036279002,0.4174747195672,0.9359589198915839,5.117027000678789,0.5184855063053467,-161.4,"[626.2000122070312, 470.3999938964844]"
turning_combined,1789044884.289506,8.133302133,0.501974646325884,0.8218570599720305,0.41820233696093334,0.9386591714370651,5.41230129078825,0.4632621979414636,-137.19,"[626.2000122070312, 470.3999938964844]"
turning_combined,1789044884.3394372,8.183233554000001,0.5923084158213952,0.8204170727093342,0.4189274056876,0.9413499646569966,5.70738478547505,0.4325825821837508,-161.4,"[665.5999755859375, 387.3999938964844]"
turning_combined,1789044884.389496,8.233292612000001,0.7036289802877416,0.8190229983965116,0.41965567945026666,0.944052652044779,6.004623595815907,0.4325825821837508,2.69,"[665.5999755859375, 387.3999938964844]"
turning_combined,1789044884.4394336,8.283229936,0.8254370047733157,0.8176869975965453,0.4203812944704,0.9467454726073637,0.018436705794698582,0.46479617872934925,2.69,"[659.7999877929688, 382.20001220703125]"
turning_combined,1789044884.489446,8.333242411,0.9475630290460262,0.8164028189052615,0.4211080123234667,0.9494423858790539,0.3167338388132066,0.5276893910326605,2.69,"[659.7999877929688, 382.20001220703125]"
turning_combined,1789044884.539304,8.383100479000001,1.058707983100488,0.815175091442857,0.4218336739374667,0.9521353793555377,0.6154422742663712,0.6320000846088841,2.69,"[633.5999755859375, 453.6000061035156]"
turning_combined,1789044884.5891864,8.4329826,1.1488208557048671,0.8140039546566753,0.42255852912586667,0.9548253801163559,0.9146617378960187,0.7332428166093364,123.74,"[633.5999755859375, 453.6000061035156]"
turning_combined,1789044884.63942,8.483216257,1.2098759376751662,0.8128824356703697,0.4232875954493333,0.9575310087663229,1.2164723589180895,0.8498253564886452,2.69,"[582.2000122070312, 590.5999755859375]"
turning_combined,1789044884.6894562,8.533252436,1.23525587628883,0.8118203745714154,0.42401514001653334,0.9602309900461936,1.5185022694043724,0.9710098387316108,2.69,"[582.2000122070312, 590.5999755859375]"
turning_combined,1789044884.7394993,8.583295618000001,1.2223117061971613,0.8108166108632401,0.42474226148933336,0.9629294011858818,1.821204799630891,1.069184609156292,8.07,"[533.0, 610.4000244140625]"
turning_combined,1789044884.7894175,8.633213856000001,1.1718740490198953,0.8098733307919426,0.425467648278,0.9656213747616079,2.124029395307346,1.1443496677626883,67.25,"[533.0, 610.4000244140625]"
turning_combined,1789044884.8394341,8.683230424000001,1.087873603309597,0.8089871132313424,0.42619435100186664,0.9683182318875188,2.4282506343797152,1.193437052975029,94.14999999999999,"[477.6000061035156, 636.0]"
turning_combined,1789044884.889405,8.733201434,0.9776891098436247,0.80816048311915,0.4269208704458667,0.9710144088458752,2.7332420039427987,1.2087768608538851,16.14,"[477.6000061035156, 636.0]"
turning_combined,1789044884.939235,8.783031124,0.8514154600067046,0.8073951882938142,0.4276459531536,0.9737052539507631,3.038473745826373,1.1857671490356005,16.14,"[450.6000061035156, 641.4000244140625]"
turning_combined,1789044884.9892046,8.833000803000001,0.7201221382781792,0.8066888557302891,0.4283722829957334,0.9764007272800725,3.3450768984068944,1.1305438406717176,-45.73,"[450.6000061035156, 641.4000244140625]"
turning_combined,1789044885.039245,8.883041153,0.5961104768508461,0.8060427332771395,0.4290992809352,0.9790986799767971,3.6528100458836406,1.0492428589137786,-91.46,"[490.20001220703125, 627.2000122070312]"
turning_combined,1789044885.0893395,8.933135708,0.49117490558957366,0.8054574460189612,0.4298268837229333,0.9817988773181399,3.961648606221736,0.9480001269133262,-172.16,"[490.20001220703125, 627.2000122070312]"
turning_combined,1789044885.1393676,8.983163784,0.4156367958384922,0.8049343887400214,0.43055380524613335,0.9844965464274407,4.271045791732824,0.8222137023067037,-5.38,"[556.5999755859375, 563.5999755859375]"
turning_combined,1789044885.1895103,9.033306580000001,0.385,0.8044723329979463,0.43128238763866666,0.9872003791675491,4.582001561010955,0.6918253353364242,-2.69,"[556.5999755859375, 563.5999755859375]"
turning_combined,1789044885.2393482,9.083144402,0.385,0.8040752422898793,0.4320062141722667,0.9898865625007778,4.891768141649017,0.5829126993965437,-67.25,"[614.0, 507.0]"
turning_combined,1789044885.289418,9.133214329000001,0.42229387396368956,0.803738358653805,0.43273430132693336,0.992588557370013,5.204208600663769,0.4908738521234052,-182.92,"[614.0, 507.0]"
turning_combined,1789044885.3392446,9.183040918000001,0.5026481210116034,0.8034654455875913,0.43345929821533336,0.9952790839918776,5.516166260509301,0.42184471666855133,-182.92,"[658.4000244140625, 398.79998779296875]"
turning_combined,1789044885.389282,9.233078206,0.613088897188977,0.8032546183786613,0.43418629582053336,0.9979770354481095,5.82983277778898,0.40343694721392365,-91.46,"[658.4000244140625, 398.79998779296875]"
turning_combined,1789044885.439437,9.283233276,0.742895013116332,0.8031067122242594,0.4349141549326667,0.999321815968366,6.144294164798488,0.4111068511533518,2.69,"[660.7999877929688, 361.6000061035156]"
turning_combined,1789044885.4892519,9.333048271000001,0.8782657336224267,0.8030222997361688,0.43563938381666667,0.996630428390616,0.17359003982468835,0.4586602555778067,2.69,"[660.7999877929688, 361.6000061035156]"
turning_combined,1789044885.5395367,9.383333081,1.0072958111521864,0.8030008506722791,0.43636925918173336,0.9939217973167795,0.4872185639433084,0.5368932757599744,2.69,"[642.2000122070312, 394.20001220703125]"
turning_combined,1789044885.5894246,9.43322088,1.1159719145758085,0.8030426396975552,0.4370943701422667,0.991230847363289,0.7979562393969957,0.6366020269725411,61.87,"[642.2000122070312, 394.20001220703125]"
turning_combined,1789044885.639466,9.483262498,1.1950852795113136,0.8031477460913136,0.4378218889564,0.9885309616552926,1.1088765830937533,0.7562525284276211,126.42999999999999,"[612.0, 555.2000122070312]"
turning_combined,1789044885.6894712,9.533267546000001,1.236788670953032,0.8033157854783787,0.4385483745668,0.9858349102563737,1.418508587128045,0.8989127417009857,5.38,"[612.0, 555.2000122070312]"
turning_combined,1789044885.739308,9.583104339,1.2374875591280976,0.8035463089108783,0.43927362155933336,0.9831434554762788,1.7267687921546724,1.043106935762236,5.38,"[532.0, 612.4000244140625]"
turning_combined,1789044885.789183,9.632979034,1.1974648385426616,0.8038392535147132,0.4399985315093333,0.9804532514903916,2.0340426307027357,1.1259418983080607,53.8,"[532.0, 612.4000244140625]"
turning_combined,1789044885.839396,9.683192367,1.1201933296762254,0.8041966095745632,0.4407273457666667,0.9777485582798079,2.3421192060569567,1.1857671490356005,104.91,"[481.0, 634.7999877929688]"
turning_combined,1789044885.8893828,9.733178973000001,1.0136021447546262,0.8046154099024068,0.44145401000626666,0.9750518439723638,2.6484397539321876,1.210310841641771,75.32,"[481.0, 634.7999877929688]"
turning_combined,1789044885.939432,9.783228184,0.887551075964468,0.8050965351568989,0.44218093475586673,0.9723541628896114,2.954022315584851,1.2072428800659996,-2.69,"[447.6000061035156, 660.2000122070312]"
turning_combined,1789044885.989415,9.833211359,0.7539046302055028,0.8056393721429769,0.4429076439906667,0.9696572816010597,3.258666979861694,1.1642914180052018,-18.83,"[447.6000061035156, 660.2000122070312]"
turning_combined,1789044886.0395544,9.883350664,0.6246762596463378,0.8062453618183799,0.44363624187573336,0.9669533913668101,3.563251677811678,1.0875923786109196,-59.18,"[473.79998779296875, 642.0]"
turning_combined,1789044886.0895462,9.933342357,0.5123971139559076,0.8069107843297968,0.4443627469317334,0.9642572678035752,3.866114660970986,0.9863496466104673,-172.16,"[473.79998779296875, 642.0]"
turning_combined,1789044886.1393142,9.983110681000001,0.4270751451849241,0.8076345015960813,0.4450869747306667,0.9615695953397323,4.167186785525651,0.842155452549217,-172.16,"[546.2000122070312, 569.2000122070312]"
turning_combined,1789044886.1892118,10.033008036,0.385,0.8084193416725447,0.4458123525522667,0.9588776550415719,4.467892793357535,0.705631162427395,-2.69,"[546.2000122070312, 569.2000122070312]"
turning_combined,1789044886.239243,10.083039387000001,0.385,0.8092656461732184,0.4465393379204,0.9561797489981606,4.768417267096353,0.5951845456996288,-43.04,"[598.7999877929688, 527.2000122070312]"
turning_combined,1789044886.289364,10.133160323,0.39094356219025383,0.8101720136102808,0.447266950242,0.953479516275808,5.068351506596493,0.5031456984264903,-182.92,"[598.7999877929688, 527.2000122070312]"
turning_combined,1789044886.3393698,10.183166245,0.45575916303539016,0.8111358314570791,0.44799358605440004,0.9507829074641799,5.367036083635668,0.4387185053352934,-137.19,"[651.4000244140625, 398.3999938964844]"
turning_combined,1789044886.3894298,10.233226167,0.5521649966666211,0.812158751160363,0.44872097114733334,0.9480835180072078,5.665179776763111,0.40803888957758055,-169.47,"[651.4000244140625, 398.3999938964844]"
turning_combined,1789044886.4394114,10.28320759,0.6714096648134656,0.8132378996371561,0.4494475284216,0.9453872006574355,5.962137214498007,0.40803888957758055,-51.11,"[661.5999755859375, 364.3999938964844]"
turning_combined,1789044886.489504,10.333300434,0.8034450541187961,0.814376301129227,0.450175692632,0.9426849198276601,6.258900740740614,0.4295146206079795,2.69,"[661.5999755859375, 364.3999938964844]"
turning_combined,1789044886.5392425,10.38303892,0.935733033037753,0.8155632197059067,0.45089927532533336,0.939999641406907,0.2697717364143841,0.504679679214376,2.69,"[645.4000244140625, 377.0]"
turning_combined,1789044886.5892403,10.433036851,1.0582880834542427,0.8168098832892967,0.4516257011310667,0.9373038119483167,0.5641368107953255,0.5951845456996288,37.66,"[645.4000244140625, 377.0]"
turning_combined,1789044886.639242,10.483038025,1.1602919992262404,0.8181118854971933,0.45235263848106666,0.9346060841043821,0.8578613432249824,0.701029220063738,134.5,"[614.2000122070312, 515.4000244140625]"
turning_combined,1789044886.689415,10.53321137,1.2333017982898198,0.8194710788744778,0.4530814343973334,0.9319014589590948,1.1514846706507669,0.8191457407309324,5.38,"[614.2000122070312, 515.4000244140625]"
turning_combined,1789044886.7395132,10.583309475,1.2710337816047323,0.8208809585479916,0.45380902348013336,0.9292013124779538,1.4437724262069338,0.9602719732164113,2.69,"[546.4000244140625, 608.5999755859375]"
turning_combined,1789044886.7895072,10.633303566,1.27077676777286,0.8223407636796878,0.4545355979037333,0.9265049314855114,1.7348055863943017,1.069184609156292,8.07,"[546.4000244140625, 608.5999755859375]"
turning_combined,1789044886.8395529,10.683349284,1.2328963906946415,0.8238531647297846,0.4552629589004,0.9238056314518844,2.0253049921208444,1.1550875332778878,75.32,"[501.6000061035156, 631.5999755859375]"
turning_combined,1789044886.8896,10.733396314,1.1609256586631227,0.8254146087546281,0.45598984172133333,0.9211081059700673,2.31476571539077,1.214912784005428,110.28999999999999,"[501.6000061035156, 631.5999755859375]"
turning_combined,1789044886.9392455,10.783041754000001,1.0617726852733569,0.8270157453769232,0.4567125704650667,0.9184259966306842,2.601734150508541,1.2455923997631406,110.28999999999999,"[444.79998779296875, 662.0]"
turning_combined,1789044886.9892101,10.833006409000001,0.9428485197446186,0.8286729352357993,0.45743900709813334,0.9157301269909167,2.8893281848745787,1.2363885150358267,-2.69,"[444.79998779296875, 662.0]"
turning_combined,1789044887.0394845,10.883280895,0.8140720722350263,0.830383849556134,0.4581683067542667,0.9130236324230935,3.17720233009144,1.1949710337629145,-16.14,"[438.0, 650.4000244140625]"
turning_combined,1789044887.0894356,10.933231918,0.6871952438579796,0.8321329561308975,0.45889432546680003,0.9103293137228384,3.4629357083991508,1.1228739367322893,-37.66,"[438.0, 650.4000244140625]"
turning_combined,1789044887.139434,10.983230279,0.5719310112033021,0.8339287342242627,0.4596211399229334,0.9076320419487508,3.7481347158937766,1.0293011086712651,-104.91,"[486.20001220703125, 633.5999755859375]"
turning_combined,1789044887.1895034,11.033299605,0.47767183393081203,0.8357707886124199,0.46034898223453335,0.9049309557134693,4.032887105515172,0.923456434307156,-139.88,"[486.20001220703125, 633.5999755859375]"
turning_combined,1789044887.239456,11.083252103000001,0.4123269149178495,0.8376501137411885,0.46107478858600004,0.9022374251036357,4.315997774484771,0.7853981633974483,-2.69,"[566.5999755859375, 566.5999755859375]"
turning_combined,1789044887.2894647,11.133260909,0.385,0.8395732376696948,0.4618015748184,0.8995402580702815,4.598643179945057,0.662679700366597,-2.69,"[566.5999755859375, 566.5999755859375]"
turning_combined,1789044887.339252,11.183048353,0.3854523503337571,0.8415302476698584,0.4625260925282667,0.896851509721705,4.879564165280939,0.5460971604872883,-2.69,"[620.2000122070312, 499.6000061035156]"
turning_combined,1789044887.3891768,11.232973187,0.42593961634777966,0.843529303590955,0.4632518508761333,0.8941581572574138,5.160121105610578,0.4740000634566631,-156.02,"[620.2000122070312, 499.6000061035156]"
turning_combined,1789044887.4394002,11.283196549000001,0.4994255542312631,0.8455750628023276,0.46398087056213333,0.8914527016831489,5.441086087690991,0.42184471666855133,-166.78,"[643.4000244140625, 388.6000061035156]"
turning_combined,1789044887.489424,11.333220240000001,0.5997072144535225,0.8476512858074402,0.4647077926812,0.8887550303625351,5.720394868817749,0.4049709280018093,-139.88,"[643.4000244140625, 388.6000061035156]"
turning_combined,1789044887.5393772,11.383173509,0.7191388614747182,0.8497614328235811,0.4654343527458667,0.8860587026573452,5.998717583976564,0.4111068511533518,2.69,"[645.5999755859375, 369.0]"
turning_combined,1789044887.5893433,11.433139651000001,0.8485589928890346,0.8519037656133358,0.46616043149560005,0.88336416115381,6.276010091956017,0.45252433242626416,2.69,"[645.5999755859375, 369.0]"
turning_combined,1789044887.6394477,11.483244016,0.9785464061450238,0.8540828701287391,0.4668880187472,0.8806640214684118,0.2698440473768784,0.5276893910326605,5.38,"[645.7999877929688, 405.79998779296875]"
turning_combined,1789044887.6894736,11.533269926000001,1.0990253555506682,0.8562911067046182,0.4676150032288,0.8779661187150031,0.5457858713984933,0.6227961998815703,37.66,"[645.7999877929688, 405.79998779296875]"
turning_combined,1789044887.739239,11.583035443,1.2008644114578377,0.8585196094870224,0.4683389977968,0.8752793117914751,0.8197518311621934,0.7562525284276211,37.66,"[609.4000244140625, 544.5999755859375]"
turning_combined,1789044887.7892013,11.632997558000001,1.2775016925154286,0.8607840878272542,0.4690655717408,0.8725829325788701,1.0938468652362872,0.8881748761857863,5.38,"[609.4000244140625, 544.5999755859375]"
turning_combined,1789044887.839407,11.683203242000001,1.3232378304951355,0.8630819028941056,0.46979425192813334,0.869878736913738,1.3678845630168084,1.009359358428752,2.69,"[536.5999755859375, 610.7999877929688]"
turning_combined,1789044887.8894367,11.733233018,1.3347812736972606,0.8653992775587364,0.4705211244158667,0.8671812497793263,1.6403947513103816,1.1106020904292042,59.18,"[536.5999755859375, 610.7999877929688]"
turning_combined,1789044887.9393685,11.783164893,1.3118575752002453,0.8677377795249723,0.4712471825718667,0.8644867847009299,1.911753857941676,1.1980389953386859,131.81,"[489.3999938964844, 631.2000122070312]"
turning_combined,1789044887.9894857,11.833281866,1.256342691182256,0.8701056046271719,0.4719754109033334,0.8617842659122892,2.183073206390631,1.260932207641997,112.98,"[489.3999938964844, 631.2000122070312]"
turning_combined,1789044888.039432,11.883228239000001,1.1729922912114472,0.872486371615339,0.47270123335773334,0.8590906755430671,2.452650952984527,1.2946797849754812,142.57,"[426.20001220703125, 671.5999755859375]"
turning_combined,1789044888.0893948,11.933191051000001,1.0679608459958698,0.8748876615789454,0.4734274458722667,0.8563956376267041,2.721527429848628,1.2946797849754812,-2.69,"[426.20001220703125, 671.5999755859375]"
turning_combined,1789044888.1392925,11.983088872000002,0.9492859707277654,0.8773033463273014,0.4741526593218667,0.8537043073273574,2.9891901925482003,1.2640001692177683,-2.69,"[420.79998779296875, 669.5999755859375]"
turning_combined,1789044888.1892247,12.033021196,0.8253867187786356,0.8797378337658013,0.47487865671400004,0.8510100677489645,3.2562966530636785,1.2087768608538851,-8.07,"[420.79998779296875, 669.5999755859375]"
turning_combined,1789044888.239351,12.083147446,0.7049768473110763,0.8821949457433185,0.47560700671853334,0.848307097420972,3.5234175483560577,1.1305438406717176,-29.59,"[448.3999938964844, 650.0]"
turning_combined,1789044888.2894773,12.133273497000001,0.5971863912203357,0.8846635099128574,0.4763348421122667,0.8456060368584963,3.789499783195218,1.0354370318228079,-107.6,"[448.3999938964844, 650.0]"
turning_combined,1789044888.3393393,12.183135653,0.5098698851380907,0.8871342348545013,0.47705990777240004,0.8429152550187373,4.053725986582741,0.9295923574586985,-153.32999999999998,"[534.7999877929688, 597.2000122070312]"
turning_combined,1789044888.389466,12.233262288,0.4484691267069583,0.8896258301213378,0.47778815159640003,0.8402126787359555,4.318259484561402,0.7992039904884191,-2.69,"[534.7999877929688, 597.2000122070312]"
turning_combined,1789044888.4394207,12.283217214,0.41771367228433004,0.8921192965435322,0.4785144719918667,0.8375172404640494,4.581247906562616,0.6810874698212247,-2.69,"[600.2000122070312, 540.0]"
turning_combined,1789044888.4894302,12.333226518,0.41949170332310265,0.8946205336552504,0.47924105490293334,0.8348208279738786,4.843484375725652,0.5875146417602005,-86.08,"[600.2000122070312, 540.0]"
turning_combined,1789044888.5392792,12.38307542,0.4535437324927739,0.8971214157961964,0.47996600243613335,0.8321304845134615,5.1042874116629235,0.49854375606283335,-86.08,"[634.0, 462.3999938964844]"
turning_combined,1789044888.5892525,12.433048673,0.5176597715158852,0.8996312564495866,0.4806924725394667,0.8294344906626182,5.364791456502459,0.45252433242626416,-107.6,"[634.0, 462.3999938964844]"
turning_combined,1789044888.6392546,12.483051071,0.6074977628126034,0.9021442191940826,0.48141923047546664,0.8267374286396698,5.624551301467903,0.4356505437595221,-91.46,"[659.2000122070312, 384.6000061035156]"
turning_combined,1789044888.6892602,12.533056581,0.7170359380094542,0.9046579603771759,0.48214605716866665,0.8240401114527616,5.883488148025727,0.4433204476989503,2.69,"[659.2000122070312, 384.6000061035156]"
turning_combined,1789044888.7392628,12.583059143000002,0.8389827284475557,0.9071699003182755,0.4828726657892,0.8213436035525199,6.141500239472762,0.4770680250324344,2.69,"[654.5999755859375, 377.0]"
turning_combined,1789044888.7893708,12.633167094000001,0.9656852558756566,0.9096848726819309,0.4836009162404,0.8186410026756215,0.11605912520839468,0.543029198911517,5.38,"[654.5999755859375, 377.0]"
turning_combined,1789044888.8393922,12.68318836,1.0883776143325392,0.9121894269639852,0.4843273730312,0.8159450582287491,0.3723217901091118,0.6289321230331129,53.8,"[632.7999877929688, 471.20001220703125]"
turning_combined,1789044888.8894274,12.733223663,1.199662132888086,0.9146904711786753,0.4850544967421333,0.8132466387831533,0.6279714490453188,0.7332428166093364,123.74,"[632.7999877929688, 471.20001220703125]"
turning_combined,1789044888.9393063,12.783102631,1.2922321507213768,0.917177409513803,0.48577965980466664,0.8105554954746012,0.882088064759678,0.885106914610015,123.74,"[560.2000122070312, 594.5999755859375]"
turning_combined,1789044888.9892144,12.833010713,1.3607948993554373,0.9196568761705648,0.48650524689173336,0.8078627785740605,1.1355085848790836,1.0062913968529805,2.69,"[560.2000122070312, 594.5999755859375]"
turning_combined,1789044889.0393791,12.88317524,1.4013418377385547,0.9221350951993884,0.4872335564064,0.8051599585074911,1.389028911821029,1.1106020904292042,45.73,"[529.7999877929688, 621.7999877929688]"
turning_combined,1789044889.089269,12.933065125,1.4113557915970014,0.9245927370096889,0.4879593677428,0.8024664093981357,1.640834429989411,1.205708899278114,137.19,"[529.7999877929688, 621.7999877929688]"
turning_combined,1789044889.1393979,12.983194180000002,1.3906380947208876,0.9270451660328962,0.48868767924853335,0.7997635819425444,1.8926562908844176,1.282407938672396,153.32999999999998,"[449.3999938964844, 658.7999877929688]"
turning_combined,1789044889.189401,13.033197297000001,1.3409285740036117,0.9294763615026521,0.48941419856173335,0.7970674054695981,2.143011624077232,1.342233189399936,180.23,"[449.3999938964844, 658.7999877929688]"
turning_combined,1789044889.2392652,13.083061484000002,1.2658150343621455,0.931886437233997,0.4901393879877334,0.7943761643239241,2.3920649244707164,1.3698448435818775,212.51,"[407.79998779296875, 693.2000122070312]"
turning_combined,1789044889.2894979,13.133294373,1.1695525673659546,0.9342927194324837,0.4908689541561334,0.791668680705858,2.6417673635324235,1.3698448435818775,75.32,"[407.79998779296875, 693.2000122070312]"
turning_combined,1789044889.3392494,13.183045665000002,1.0597347047748598,0.9366591876045045,0.4915924126621334,0.7889838631551193,2.888539648149475,1.3437671701878218,75.32,"[392.3999938964844, 679.4000244140625]"
turning_combined,1789044889.3892412,13.233037539000001,0.941967199803045,0.9390152933726659,0.4923191904942667,0.7862867272958866,3.135596697764754,1.2931458041875956,-2.69,"[392.3999938964844, 679.4000244140625]"
turning_combined,1789044889.4392343,13.283030443000001,0.8240564369515992,0.9413484746143757,0.49304591525066666,0.7835897884053248,3.3817883690220327,1.2195147263690846,-21.52,"[418.6000061035156, 669.5999755859375]"
turning_combined,1789044889.489438,13.333234275,0.712933587299826,0.9436637198424258,0.4937746304924,0.7808854626502599,3.6278023704977187,1.1320778214596032,-18.83,"[418.6000061035156, 669.5999755859375]"
turning_combined,1789044889.5394254,13.383221778000001,0.6159001271639419,0.9459474190038598,0.494501515348,0.7781879296176176,3.87235072482558,1.0323690702470365,-107.6,"[499.3999938964844, 627.7999877929688]"
turning_combined,1789044889.5895965,13.433392772000001,0.5383192314254159,0.9482085281125866,0.49522987594733336,0.7754849199713991,4.116544413619636,0.923456434307156,-115.67,"[499.3999938964844, 627.7999877929688]"
turning_combined,1789044889.6394072,13.483203565,0.4851929731129748,0.9504290641533879,0.49595433308226666,0.7727963964216782,4.358587351721155,0.7946020481247621,-2.69,"[566.4000244140625, 565.4000244140625]"
turning_combined,1789044889.6894348,13.533230985000001,0.45903978331115136,0.9526283422137072,0.496681626746,0.7700973462664334,4.600729317935688,0.6887573737606529,-2.69,"[566.4000244140625, 565.4000244140625]"
turning_combined,1789044889.7393248,13.583121133,0.46151559020555166,0.9547904349500227,0.49740696512413335,0.7674055523464145,4.841376193712236,0.5905826033359719,-2.69,"[628.0, 517.0]"
turning_combined,1789044889.789265,13.633061277000001,0.49228984548546156,0.9569204069217722,0.4981324654472,0.7647131574346376,5.081232315081124,0.5307573526084318,-129.12,"[628.0, 517.0]"
turning_combined,1789044889.8392603,13.683056708,0.5496490537043277,0.9590204055125563,0.4988593530786667,0.7620156141005122,5.320699375607276,0.48933987133551954,-96.84,"[633.7999877929688, 425.20001220703125]"
turning_combined,1789044889.8892846,13.733080959,0.6302168886915951,0.9610850258165723,0.4995862502730667,0.7593180352775079,5.559321848329489,0.4724660826687775,-78.01,"[633.7999877929688, 425.20001220703125]"
turning_combined,1789044889.9394014,13.783197666000001,0.7295739947852214,0.9631165759765924,0.5003144647542667,0.7566155678884136,5.797525940345196,0.47860200582032003,2.69,"[652.0, 388.6000061035156]"
turning_combined,1789044889.989444,13.833240142000001,0.8417733241559207,0.9651066218075836,0.5010414354582667,0.7539177162648787,6.034475274366784,0.5108156023659185,2.69,"[652.0, 388.6000061035156]"
turning_combined,1789044890.039432,13.883228403,0.9606440541307314,0.9670560079141887,0.5017678794016001,0.7512218194960747,6.270406234291414,0.5721748338813442,5.38,"[629.0, 430.3999938964844]"
turning_combined,1789044890.0893824,13.933178736,1.0796541397835224,0.9689633419920626,0.5024937010276,0.7485282322011171,0.22210454247279898,0.6473398924877406,53.8,"[629.0, 430.3999938964844]"
turning_combined,1789044890.1392956,13.983092025000001,1.1924895011750327,0.9708290728905747,0.5032195084254667,0.745834697708002,0.45613835525376345,0.760854470791278,53.8,"[606.0, 546.7999877929688]"
turning_combined,1789044890.1892536,14.033049803,1.2932293470797445,0.9726532104375946,0.5039457782885334,0.7431394469662351,0.6894750125421822,0.8789709914584724,2.69,"[606.0, 546.7999877929688]"
turning_combined,1789044890.2392843,14.083080705,1.3766350702935737,0.974435416690459,0.5046728807372001,0.7404411064267634,0.9222309466543024,0.9924855697620099,2.69,"[538.4000244140625, 594.4000244140625]"
turning_combined,1789044890.2893014,14.133097722,1.422,0.9761714693491845,0.5053995677650667,0.7377443075500761,1.1540066505102615,1.0983302441261191,59.18,"[538.4000244140625, 594.4000244140625]"
turning_combined,1789044890.3395367,14.183333028000002,1.422,0.9778679978035734,0.5061291746122667,0.7350366729694389,1.3858595559919777,1.201106956914457,121.05,"[487.79998779296875, 634.2000122070312]"
turning_combined,1789044890.38946,14.233256442,1.422,0.9795073446532558,0.5068545111010667,0.7323448860609005,1.6155113342839016,1.2870098810360528,166.78,"[487.79998779296875, 634.2000122070312]"
turning_combined,1789044890.4393997,14.283196039000002,1.422,0.981100724751458,0.5075808569153334,0.7296493534576128,1.8446362266414624,1.3560390164909069,177.54,"[415.20001220703125, 685.4000244140625]"
turning_combined,1789044890.4895353,14.333331763,1.422,0.9826493500494129,0.5083093696205334,0.7269457793332702,2.0735931515009085,1.389786593824391,236.72,"[415.20001220703125, 685.4000244140625]"
turning_combined,1789044890.5392275,14.383023727000001,1.3637418976020146,0.9841360639721373,0.509032268942,0.7242630369650565,2.299947463592538,1.397456497763819,236.72,"[403.3999938964844, 700.0]"
turning_combined,1789044890.5892253,14.433021601,1.2796530200910854,0.9855796995697899,0.5097590841829334,0.7215657622785074,2.5266803817142076,1.397456497763819,223.26999999999998,"[403.3999938964844, 700.0]"
turning_combined,1789044890.6394072,14.483203533000001,1.1803464337848022,0.9869743630130214,0.5104876077154668,0.7188621479729875,2.753094672340673,1.397456497763819,43.04,"[390.6000061035156, 695.5999755859375]"
turning_combined,1789044890.6894631,14.533259586000002,1.0714396273330826,0.9883134029898877,0.5112148498149334,0.7161632891772292,2.9782621696985174,1.37598076673342,-2.69,"[390.6000061035156, 695.5999755859375]"
turning_combined,1789044890.7394924,14.583288672,0.9584335507365558,0.989598045506939,0.5119418454290667,0.7134653451100191,3.2025053828641674,1.3222914391574228,-2.69,"[394.3999938964844, 680.7999877929688]"
turning_combined,1789044890.7894757,14.633271942,0.8471038418890071,0.99082709860789,0.5126683314754666,0.7107692920930663,3.425744639362641,1.2455923997631406,-10.76,"[394.3999938964844, 680.7999877929688]"
turning_combined,1789044890.8394394,14.683235694,0.7429589284221512,0.9920002866220335,0.5133945517072,0.7080742255375018,3.648056054675614,1.1535535524900022,-18.83,"[446.3999938964844, 656.4000244140625]"
turning_combined,1789044890.8895118,14.733308174000001,0.650862566207677,0.9931198874964857,0.5141224785156,0.7053728257272331,3.8700397478089386,1.0492428589137786,-67.25,"[446.3999938964844, 656.4000244140625]"
turning_combined,1789044890.939261,14.783057373,0.5759143215108032,0.9941761682060175,0.5148460393653334,0.7026876283699828,4.089852053255548,0.9219224535192704,-67.25,"[529.2000122070312, 592.7999877929688]"
turning_combined,1789044890.9892163,14.833012715,0.5208598411193015,0.995178964216388,0.5155722943608001,0.6999924328031748,4.309636578793722,0.803805932852076,-2.69,"[529.2000122070312, 592.7999877929688]"
turning_combined,1789044891.0392375,14.883033713000001,0.48850142767641336,0.9961245633688494,0.5162993105832001,0.6972944122568916,4.528803456431369,0.7071651432152806,-18.83,"[603.0, 544.4000244140625]"
turning_combined,1789044891.0893812,14.933177563000001,0.48030277679002586,0.9970125503368504,0.5170273989296,0.6945924129650302,4.747443018554058,0.6304661038209985,-53.8,"[603.0, 544.4000244140625]"
turning_combined,1789044891.1395063,14.983302625,0.4965575360457626,0.9978412110637302,0.5177557487016,0.6918894434999892,4.965309955124361,0.5675728915176872,-118.36,"[630.5999755859375, 499.79998779296875]"
turning_combined,1789044891.1894393,15.033235665000001,0.5369975829114908,0.9986069001212198,0.5175186539072,0.689196688359912,5.181508879219216,0.521553467881118,-69.94,"[630.5999755859375, 499.79998779296875]"
turning_combined,1789044891.2394824,15.083278691,0.5990275432710612,0.9993133394221481,0.5167920247946667,0.6865001044120729,5.39716810184553,0.5062136600022615,-94.14999999999999,"[639.4000244140625, 417.3999938964844]"
turning_combined,1789044891.289504,15.133300395000001,0.6791355034197376,0.9999598869357643,0.5160642904076,0.683799418694138,5.612305671319767,0.5062136600022615,-48.42,"[639.4000244140625, 417.3999938964844]"
turning_combined,1789044891.33928,15.183076314000001,0.7727707149159866,1.0005418565197692,0.5153406981368001,0.6811141047305714,5.8253786743877285,0.5276893910326605,-48.42,"[638.4000244140625, 411.3999938964844]"
turning_combined,1789044891.389243,15.233039193000002,0.8763645238071145,1.0010646372750576,0.5146142999444,0.6784183777474672,6.038431350012779,0.5675728915176872,10.76,"[638.4000244140625, 411.3999938964844]"
turning_combined,1789044891.4392345,15.283030679000001,0.9848592319389753,1.001525747643401,0.5138875238998667,0.6757212485221739,6.25074739403734,0.6258641614573416,21.52,"[628.7999877929688, 456.0]"
turning_combined,1789044891.489528,15.333324347000001,1.0938068735051794,1.0019263349118381,0.5131573332922666,0.6730114475558291,0.18002020361879545,0.6979612584879668,110.28999999999999,"[628.7999877929688, 456.0]"
turning_combined,1789044891.5393717,15.383168060000001,1.1970981490799404,1.002261521553817,0.5124326508761333,0.6703220879679461,0.3900330628116535,0.7853981633974483,48.42,"[594.7999877929688, 569.0]"
turning_combined,1789044891.5895054,15.433301804000001,1.2915733104013665,1.0025355734082773,0.5117043095770667,0.667619149946699,0.6002551558182603,0.9004467224888714,2.69,"[594.7999877929688, 569.0]"
turning_combined,1789044891.639436,15.483232127,1.3724161238463366,1.0027457507191635,0.5109788738837333,0.6649269948814938,0.8087942673458457,1.0032234352772094,10.76,"[539.0, 600.7999877929688]"
turning_combined,1789044891.689522,15.533318449000001,1.422,1.0028935554089844,0.5102508352413333,0.662225180045507,1.0172312391373453,1.1044661672776617,59.18,"[539.0, 600.7999877929688]"
turning_combined,1789044891.739236,15.583032638,1.422,1.0029776871123186,0.5095274628889334,0.6595406822182844,1.223492718725197,1.2164467647933135,59.18,"[485.79998779296875, 634.5999755859375]"
turning_combined,1789044891.789226,15.633022367,1.422,1.0029991994303837,0.5088009728313334,0.6568446143154187,1.4297963879807583,1.2962137657633668,156.02,"[485.79998779296875, 634.5999755859375]"
turning_combined,1789044891.8392448,15.683041143,1.422,1.0029575328629952,0.5080740069378666,0.6541467805441923,1.635387283366157,1.3575729972787924,188.29999999999998,"[410.3999938964844, 682.5999755859375]"
turning_combined,1789044891.889443,15.733239187,1.422,1.0028522894472882,0.507344966818,0.651441249138068,1.8407120401339938,1.3882526130365052,239.41,"[410.3999938964844, 682.5999755859375]"
turning_combined,1789044891.9395468,15.783343039000002,1.422,1.0026839474488574,0.506617319878,0.6487408879438168,2.044794937837821,1.397456497763819,277.07,"[391.20001220703125, 712.2000122070312]"
turning_combined,1789044891.989675,15.833471304000001,1.3965943043596063,1.0024520554701593,0.5058885180757333,0.6460362409550706,2.2483495528604607,1.397456497763819,277.07,"[391.20001220703125, 712.2000122070312]"
turning_combined,1789044892.0394087,15.883205180000001,1.3245739291471397,1.0021596652498064,0.5051657178716,0.643353866419917,2.449389710290859,1.397456497763819,239.41,"[388.6000061035156, 695.2000122070312]"
turning_combined,1789044892.089431,15.933227555,1.2395912342632303,1.0018031174109876,0.5044388091377333,0.6406562447729464,2.650724851924238,1.397456497763819,147.95,"[388.6000061035156, 695.2000122070312]"
turning_combined,1789044892.139227,15.983023178000002,1.145906237580629,1.0013855181410958,0.5037141557592,0.6379669929461271,2.8505928051261264,1.3867186322486196,147.95,"[388.79998779296875, 695.7999877929688]"
turning_combined,1789044892.1892145,16.033010941,1.046857693000138,1.0009048661346354,0.5029877212916001,0.635271131342595,3.0501053444377675,1.3437671701878218,-2.69,"[388.79998779296875, 695.7999877929688]"
turning_combined,1789044892.2393124,16.083108749,0.9464034211511024,1.0003610846070798,0.5022596013206666,0.6325690146893349,3.249230208266212,1.282407938672396,-2.69,"[397.79998779296875, 674.4000244140625]"
turning_combined,1789044892.2894087,16.133205042,0.8488378452083076,0.9997563994520302,0.5015324403026666,0.6298704567939641,3.4472444657630064,1.205708899278114,-16.14,"[397.79998779296875, 674.4000244140625]"
turning_combined,1789044892.3394017,16.183198060000002,0.7577770825824887,0.9990907015112989,0.5008054712264,0.6271726112110895,3.6443585494275936,1.1182719943686323,-21.52,"[467.6000061035156, 646.5999755859375]"
turning_combined,1789044892.3894894,16.233285766,0.6765106041388527,0.9983636090584198,0.5000778766790667,0.6244724444505891,3.8407928609129414,1.026233147095494,-102.22,"[467.6000061035156, 646.5999755859375]"
turning_combined,1789044892.4394565,16.28325265,0.6081732216344344,0.9975778358998308,0.4993518014173334,0.621777915891326,4.03597117697629,0.9311263382465842,-112.98,"[550.2000122070312, 584.0]"
turning_combined,1789044892.4895349,16.333331182000002,0.554829055202164,0.9967303585537366,0.4986240137074667,0.6190770322878343,4.230760004379874,0.8237476830945893,-2.69,"[550.2000122070312, 584.0]"
turning_combined,1789044892.5393074,16.383103743,0.5185273687664105,0.9958281668867521,0.4978998567585333,0.6163896227545145,4.423735717645698,0.722504951094137,-2.69,"[587.4000244140625, 548.4000244140625]"
turning_combined,1789044892.5892386,16.433034908,0.49998755351379554,0.9948658016480858,0.49717427578999995,0.6136969285603842,4.616246237378519,0.6550097964271688,-45.73,"[587.4000244140625, 548.4000244140625]"
turning_combined,1789044892.639452,16.483248231,0.49970069580361176,0.9938407220348153,0.4964453311977333,0.6109917516655068,4.80879667039116,0.5967185264875144,-78.01,"[618.4000244140625, 512.7999877929688]"
turning_combined,1789044892.6894448,16.533240932000002,0.5173867577317,0.9927615315813743,0.49571876514533336,0.608295401739317,4.9998718469902315,0.5506991028509451,-118.36,"[618.4000244140625, 512.7999877929688]"
turning_combined,1789044892.7394755,16.583271961,0.5520950153289492,0.9916243778397854,0.4949913978266667,0.6055960782441971,5.19030890857519,0.5230874486690036,-107.6,"[641.0, 439.79998779296875]"
turning_combined,1789044892.7894974,16.633293802,0.6022254964382602,0.9904317200116542,0.4942643765902667,0.602898039090523,5.379807332388339,0.5092816215780329,-96.84,"[641.0, 439.79998779296875]"
turning_combined,1789044892.8395014,16.683297807000002,0.6656861975546912,0.9891842901227856,0.49353764357893337,0.6002010695651845,5.568383274882393,0.5108156023659185,0.0,"[643.4000244140625, 415.0]"
turning_combined,1789044892.8895183,16.733314594,0.7400097933810614,0.9878821730223816,0.4928107785322666,0.5975036100452196,5.756145815247123,0.5307573526084318,2.69,"[643.4000244140625, 415.0]"
turning_combined,1789044892.9393146,16.783110948,0.8220921947452592,0.9865308401812468,0.4920862414785333,0.5948147899098684,5.942464750266069,0.5737088146692298,2.69,"[641.0, 433.0]"
turning_combined,1789044892.9892445,16.833040721,0.9092657103025902,0.9851252186036086,0.49136077318693333,0.5921225138696553,6.128178749926704,0.6227961998815703,13.45,"[641.0, 433.0]"
turning_combined,1789044893.0392368,16.883032978000003,0.9984707711226751,0.9836653360109778,0.4906340525434667,0.5894255902425475,0.03018070784985838,0.6826214506091103,91.46,"[620.2000122070312, 506.79998779296875]"
turning_combined,1789044893.089426,16.933222319000002,1.086640557489981,0.9821510178982572,0.48990568643599997,0.5867225601551662,0.21493611193825046,0.7531845668518499,67.25,"[620.2000122070312, 506.79998779296875]"
turning_combined,1789044893.139508,16.983304276000002,1.1704264515107692,0.9805890737365479,0.4891785125996,0.5840239546895961,0.39854070410950015,0.842155452549217,2.69,"[576.0, 576.0]"
turning_combined,1789044893.1893628,17.033159019,1.2470203672513378,0.978981910747768,0.48845305379826665,0.5813317138685896,0.5808678794453854,0.9295923574586985,8.07,"[576.0, 576.0]"
turning_combined,1789044893.2394526,17.08324881,1.3143348918149944,0.9773222251860773,0.4877255680329333,0.5786319508075696,0.7628553733581711,1.009359358428752,29.59,"[535.4000244140625, 588.7999877929688]"
turning_combined,1789044893.289455,17.133251218,1.3700044022039788,0.9756166967114753,0.4869985896408,0.5759340706527021,0.943868015396454,1.0952622825503477,59.18,"[535.4000244140625, 588.7999877929688]"
turning_combined,1789044893.3392632,17.18305932,1.4122805961537934,0.9738717392552542,0.4862742654422667,0.5732460404415441,1.1233780340204405,1.188835110611372,59.18,"[487.79998779296875, 625.7999877929688]"
turning_combined,1789044893.3892343,17.233030648,1.422,0.9720764743649958,0.48554760938493335,0.5705493564992046,1.3026187837561096,1.2532623037025687,158.71,"[487.79998779296875, 625.7999877929688]"
turning_combined,1789044893.4393632,17.283159585,1.422,0.9702338472787966,0.4848194951110667,0.5678472609882552,1.481368645312493,1.3100195928543377,180.23,"[417.79998779296875, 668.5999755859375]"
turning_combined,1789044893.48926,17.333056263,1.422,0.9683559216124967,0.48409418354693334,0.5651555665773267,1.658586406261314,1.3560390164909069,204.44,"[417.79998779296875, 668.5999755859375]"
turning_combined,1789044893.5394168,17.383212964000002,1.422,0.9664283825449751,0.4833656977865334,0.5624520924474845,1.8357282814410993,1.3836506706728484,244.79,"[393.3999938964844, 700.7999877929688]"
turning_combined,1789044893.5895104,17.433306723,1.4008973332160533,0.9644616837323329,0.48263761660506665,0.559750119745315,2.0119212752740268,1.3959225169759335,260.93,"[393.3999938964844, 700.7999877929688]"
turning_combined,1789044893.6395295,17.483325978,1.3557428777195444,0.962459348450548,0.4819107348014666,0.5570525980389105,2.1869763216979905,1.397456497763819,242.1,"[386.0, 704.0]"
turning_combined,1789044893.689556,17.533352035,1.298959205276408,0.9604192085398778,0.48118377297733333,0.5543547793693345,2.3612027504911524,1.397456497763819,156.02,"[386.0, 704.0]"
turning_combined,1789044893.7392786,17.583074853,1.2327742123923326,0.9583537960017585,0.48046063820133333,0.5516711632088325,2.5336729892477976,1.3913205746122765,156.02,"[389.3999938964844, 691.7999877929688]"
turning_combined,1789044893.7892368,17.633033107000003,1.158618214628832,0.9562437596869748,0.47973408751066665,0.5489748702913734,2.706111005698581,1.363708920430335,-5.38,"[389.3999938964844, 691.7999877929688]"
turning_combined,1789044893.8392484,17.683044915,1.0790142927193447,0.9540993239677525,0.4790072743770667,0.5462776034253222,2.877763767631201,1.320757458369537,-2.69,"[402.20001220703125, 687.0]"
turning_combined,1789044893.8894591,17.733255411000002,0.9961329171476225,0.9519168826958607,0.4782785659805333,0.5435733030733909,3.0490121691149525,1.2670681307935396,-2.69,"[402.20001220703125, 687.0]"
turning_combined,1789044893.939471,17.783267183,0.9127906307646689,0.9497090367201727,0.47755171033693333,0.5408758784490257,3.218977527438007,1.205708899278114,-10.76,"[432.3999938964844, 656.5999755859375]"
turning_combined,1789044893.9894993,17.833295553000003,0.8311008320116536,0.9474711371248803,0.4768246817176,0.5381778118966428,3.3881352889892256,1.1351457830353744,-18.83,"[432.3999938964844, 656.5999755859375]"
turning_combined,1789044894.0394342,17.883230378,0.7534369848173308,0.9452089316311498,0.47609886855000005,0.5354842559915447,3.5561650397223517,1.059980724428978,-56.49,"[503.0, 628.2000122070312]"
turning_combined,1789044894.0894895,17.933285902,0.6815536788642713,0.9429149661608275,0.4753714274165333,0.5327846585632705,3.723722666094254,0.9817477042468103,-139.88,"[503.0, 628.2000122070312]"
turning_combined,1789044894.1392446,17.983040947000003,0.6177345178012721,0.9406063489004362,0.474647297892,0.5300973508042885,3.8896762067897797,0.8820389530342436,-139.88,"[545.0, 574.0]"
turning_combined,1789044894.1892378,18.033034151000003,0.5630252855908446,0.9382666819617246,0.47392086261053334,0.5274014861804265,4.0553115118442875,0.7961360289126478,-2.69,"[545.0, 574.0]"
turning_combined,1789044894.239242,18.083038515000002,0.5188813940942802,0.9359035690130998,0.47319406450440005,0.5247042750826133,4.220182037822504,0.7301748550335652,-40.35,"[578.5999755859375, 544.0]"
turning_combined,1789044894.2894387,18.133235083000002,0.48620036482345136,0.9335135363339906,0.4724654053613333,0.5220001575145884,4.384622877817101,0.6657476619423682,-43.04,"[578.5999755859375, 544.0]"
turning_combined,1789044894.339508,18.183304474,0.4657274760714625,0.931106965058097,0.4717376019118667,0.5192992155000696,4.548020754974608,0.6059224112148283,-59.18,"[615.0, 516.4000244140625]"
turning_combined,1789044894.3894181,18.233214363000002,0.4576795955562931,0.9286904553146077,0.47101215294959997,0.5166070111926965,4.7100456667179955,0.5568350260024878,-126.42999999999999,"[615.0, 516.4000244140625]"
turning_combined,1789044894.4395125,18.283308686,0.46192679893459393,0.9262492523008787,0.47028417087093327,0.5139054062696526,4.871786065047566,0.5184855063053467,-147.95,"[639.5999755859375, 441.0]"
turning_combined,1789044894.4895027,18.333299006,0.4780709069765956,0.9237984315074409,0.4695577022790666,0.5112094180279937,5.032343463591495,0.48933987133551954,-121.05,"[639.5999755859375, 441.0]"
turning_combined,1789044894.5393467,18.383143159,0.5053489291125034,0.9213391997039001,0.46883262150426663,0.5085185800963897,5.19175063283155,0.4740000634566631,-121.05,"[654.7999877929688, 406.20001220703125]"
turning_combined,1789044894.5892398,18.433036125,0.5428339749549194,0.9188677414108685,0.4681073376261333,0.5058269884306194,5.350358474451106,0.4740000634566631,-78.01,"[654.7999877929688, 406.20001220703125]"
turning_combined,1789044894.6392214,18.483017545000003,0.5894121867027208,0.9163822732119077,0.4673808792512,0.5031310381048903,5.508376444503632,0.47860200582032003,0.0,"[658.0, 391.6000061035156]"
turning_combined,1789044894.6894586,18.533254889000002,0.6438889187078718,0.9138776895888667,0.4666513180677333,0.500423572986346,5.666215368773187,0.49394181369917645,2.69,"[658.0, 391.6000061035156]"
turning_combined,1789044894.7394812,18.583277463,0.7048482107283036,0.9113771567024117,0.4659249416172,0.5022720733107965,5.823945774796535,0.5184855063053467,2.69,"[633.0, 406.6000061035156]"
turning_combined,1789044894.7894168,18.633213013000002,0.7710670958045892,0.9088725889599089,0.46519892781693334,0.5049663737812018,5.982443111414291,0.5553010452146021,2.69,"[633.0, 406.6000061035156]"
turning_combined,1789044894.8395176,18.683313759,0.8411104830079678,0.906357147281749,0.46447083938333333,0.5076683733966701,6.1422438839029,0.5997864880632857,8.07,"[617.0, 463.3999938964844]"
turning_combined,1789044894.8895357,18.733331934000002,0.9128572959534713,0.9038438230291791,0.4637439786966666,0.5103658167362951,0.019437536525586552,0.6519418348513975,45.73,"[617.0, 463.3999938964844]"
turning_combined,1789044894.9393535,18.783149793,0.9843081639885527,0.9013376667767141,0.4630193449962666,0.513054995535847,0.18016758743002015,0.722504951094137,45.73,"[609.5999755859375, 535.2000122070312]"
turning_combined,1789044894.9892168,18.833013234000003,1.0538082902213666,0.8988307773240612,0.4622941969757333,0.5157460830222266,0.3418553822291699,0.7900001057611052,2.69,"[609.5999755859375, 535.2000122070312]"
turning_combined,1789044895.0393276,18.883123844,1.119603633902984,0.8963180185435965,0.46156658824386665,0.5184463024227659,0.5049412457572657,0.863631183579616,2.69,"[563.5999755859375, 577.4000244140625]"
turning_combined,1789044895.0895123,18.933308727,1.1796897297411297,0.8938045471464844,0.4608375439529333,0.5211518493080821,0.6692016284872722,0.9280583766708129,10.76,"[563.5999755859375, 577.4000244140625]"
turning_combined,1789044895.1393797,18.983176163,1.2318785764978983,0.8913116273953182,0.46011278087679996,0.523841508232253,0.8333401818964461,0.9955535313377811,16.14,"[542.5999755859375, 591.5999755859375]"
turning_combined,1789044895.189495,19.033291520000002,1.2751617143439185,0.8888136197191844,0.4593843866473334,0.5265446426828263,0.9991523235528632,1.0615147052168636,16.14,"[542.5999755859375, 591.5999755859375]"
turning_combined,1789044895.2394178,19.083214097000003,1.3077690932232824,0.8863347594935331,0.4586589671005333,0.5292367378268396,1.165131601635224,1.1244079175201749,67.25,"[520.7999877929688, 617.4000244140625]"
turning_combined,1789044895.2894604,19.133256694,1.32883659667492,0.8838604525813452,0.4579317987432,0.5319353229591157,1.332359386322608,1.179631225884058,118.36,"[520.7999877929688, 617.4000244140625]"
turning_combined,1789044895.3393354,19.183131789,1.3374673254328218,0.8814029163670368,0.45720601180826664,0.5346287815125024,1.5001146341807043,1.23178657267217,118.36,"[461.79998779296875, 648.7999877929688]"
turning_combined,1789044895.389215,19.233011332,1.3332626371100273,0.8789612758138791,0.4564809062396,0.5373197114563057,1.6685559584349647,1.2686021115814252,150.64,"[461.79998779296875, 648.7999877929688]"
turning_combined,1789044895.4394176,19.283214140000002,1.316022572135342,0.8765231046307191,0.45575230803479994,0.5400236028771136,1.8386603291496186,1.2931458041875956,180.23,"[424.79998779296875, 682.2000122070312]"
turning_combined,1789044895.489427,19.333223446,1.286111032623329,0.8741082263921528,0.4550256670485333,0.5427202308894117,2.009154892690475,1.3100195928543377,193.68,"[424.79998779296875, 682.2000122070312]"
turning_combined,1789044895.5394332,19.383229542000002,1.24414572237621,0.8717111379710444,0.4542988867748,0.5454173758096348,2.180529603322995,1.3130875544301088,147.95,"[413.20001220703125, 677.0]"
turning_combined,1789044895.5895045,19.433300701,1.1910694474635828,0.8693301367138958,0.4535709759966666,0.548118716130187,2.35302099082098,1.3115535736422232,45.73,"[413.20001220703125, 677.0]"
turning_combined,1789044895.639419,19.483215302,1.1285598858795476,0.8669786079815667,0.45284558599613334,0.5508107016254301,2.525759261665158,1.2946797849754812,-2.69,"[403.79998779296875, 666.7999877929688]"
turning_combined,1789044895.6895196,19.53331605,1.0578731886152108,0.8646412044076037,0.4521175201909333,0.5535126172649344,2.699985192306926,1.2624661884298827,-2.69,"[403.79998779296875, 666.7999877929688]"
turning_combined,1789044895.7392583,19.583054617000002,0.9817072127745602,0.8623423515068894,0.4513939575972,0.5561978210943208,2.873973483952412,1.213378803217542,-2.69,"[418.79998779296875, 656.4000244140625]"
turning_combined,1789044895.7892265,19.633022805,0.9015006523301035,0.8600598692774345,0.4506674847034666,0.5588938253005816,3.0495083369134335,1.1612234564294304,-10.76,"[418.79998779296875, 656.4000244140625]"
turning_combined,1789044895.8393416,19.683138032000002,0.8197817345618024,0.8578006822449344,0.44993977615666664,0.5615944151230357,3.226191387731035,1.0998642249140047,-32.28,"[471.0, 641.2000122070312]"
turning_combined,1789044895.8894992,19.733295628,0.7390431775311934,0.8555668269544483,0.44921098412079996,0.5642990258678204,3.4039896665497764,1.0354370318228079,-86.08,"[471.0, 641.2000122070312]"
turning_combined,1789044895.9395218,19.783318245,0.6621027808189566,0.8533686989496121,0.4484840545025333,0.5669967250186189,3.582181398278152,0.9633399347921826,-131.81,"[528.2000122070312, 598.7999877929688]"
turning_combined,1789044895.9894967,19.833293071,0.5912309285768669,0.8512037358346505,0.4477577312730667,0.569692173807746,3.761070886355114,0.8835729338221293,-2.69,"[528.2000122070312, 598.7999877929688]"
turning_combined,1789044896.0394735,19.883269733000002,0.5286309404821055,0.8490712865924721,0.4470313493870667,0.572387840276379,3.940821357929039,0.7930680673368765,-2.69,"[571.2000122070312, 557.0]"
turning_combined,1789044896.0895033,19.933299613000003,0.47631948079264597,0.8469710141019623,0.4463043185586666,0.575085915026801,4.121580466758616,0.7240389318820226,-51.11,"[571.2000122070312, 557.0]"
turning_combined,1789044896.1393354,19.983131584000002,0.43621713899670533,0.8449122858699674,0.44557946151,0.5777759226912307,4.3026421027073525,0.6366020269725411,-51.11,"[606.0, 535.7999877929688]"
turning_combined,1789044896.1892085,20.033004824000002,0.40952508323182985,0.8428893328747808,0.44485433973666666,0.5804669127719642,4.484613466229803,0.5721748338813442,-86.08,"[606.0, 535.7999877929688]"
turning_combined,1789044896.2392843,20.083080584,0.3972106392137689,0.8408988984322124,0.44412726759,0.5831651408580737,4.667922427821324,0.5200194870932323,-161.4,"[636.7999877929688, 455.79998779296875]"
turning_combined,1789044896.289338,20.133134608000002,0.39986859219385273,0.8389473630988893,0.4434000564901333,0.5858638846116153,4.852114892774395,0.4770680250324344,-166.78,"[636.7999877929688, 455.79998779296875]"
turning_combined,1789044896.3393247,20.183121081000003,0.4174841803864467,0.8370378529631238,0.44267342532840004,0.5885604761642143,5.0370075852871,0.440252486123179,-188.29999999999998,"[654.2000122070312, 398.6000061035156]"
turning_combined,1789044896.3894026,20.233198966,0.449597444320849,0.8351673213246811,0.44194573938093334,0.5912609821185729,5.223018249037295,0.42184471666855133,-215.2,"[654.2000122070312, 398.6000061035156]"
turning_combined,1789044896.4394782,20.283274378,0.49514003012578434,0.8333406244573559,0.44121840400653334,0.5939601870657358,5.409788060090236,0.41877675509278006,-161.4,"[672.0, 372.0]"
turning_combined,1789044896.4894378,20.333234048,0.5525067732309442,0.831560772274852,0.44049221127186666,0.5966551515772902,5.597110552720309,0.4203107358806657,-40.35,"[672.0, 372.0]"
turning_combined,1789044896.539252,20.383048416,0.6196785245112435,0.8298288729927231,0.43976724411866663,0.5993455678492368,5.784960147211635,0.4387185053352934,-40.35,"[646.7999877929688, 363.0]"
turning_combined,1789044896.5892608,20.43305734,0.69456309044874,0.8281395947698261,0.4390408032709333,0.6020414531299996,5.974038271659367,0.4724660826687775,2.69,"[646.7999877929688, 363.0]"
turning_combined,1789044896.6392474,20.483043662,0.7744055728739792,0.8264967543074728,0.4383139959361333,0.6047386984761987,6.164059314060864,0.516951525517461,2.69,"[640.0, 392.6000061035156]"
turning_combined,1789044896.6894176,20.533213791,0.8564727748205044,0.8248983541245843,0.4375853832997334,0.6074426434539315,0.07221878278775051,0.5737088146692298,2.69,"[640.0, 392.6000061035156]"
turning_combined,1789044896.7394583,20.583254850000003,0.9373090582418923,0.8233535795527662,0.4368586978850667,0.610139436343893,0.26390468524478905,0.6320000846088841,48.42,"[623.4000244140625, 485.20001220703125]"
turning_combined,1789044896.7895267,20.633322954,1.0142259242232687,0.8218563287090761,0.43613063460866663,0.6128413425988002,0.4568045019140854,0.7025632008516236,78.01,"[623.4000244140625, 485.20001220703125]"
turning_combined,1789044896.8393927,20.683188882,1.0838053684858904,0.8204169599502178,0.4354058698321333,0.6155310078333036,0.6496731552246686,0.7838641826095626,2.69,"[595.5999755859375, 571.5999755859375]"
turning_combined,1789044896.8895102,20.733306676,1.143957017635441,0.8190228342945747,0.4346775664941333,0.6182338049777248,0.844334483656958,0.8728350683069298,2.69,"[595.5999755859375, 571.5999755859375]"
turning_combined,1789044896.939341,20.783137353,1.1916941006283746,0.8176881686772588,0.43395268787799995,0.6209238926809028,1.0389234869574935,0.9602719732164113,2.69,"[554.5999755859375, 592.5999755859375]"
turning_combined,1789044896.9892364,20.833032680000002,1.2253592479582305,0.8164065012421629,0.433227449838,0.6236153142373664,1.2344528479809256,1.0293011086712651,26.9,"[554.5999755859375, 592.5999755859375]"
turning_combined,1789044897.0392628,20.883059036000002,1.2434728410621625,0.8151767702499476,0.43250067440386664,0.626312441197412,1.4312441557073683,1.0937283017624622,37.66,"[522.7999877929688, 612.4000244140625]"
turning_combined,1789044897.089517,20.933313537,1.2450202781514292,0.8139978736212728,0.4317709482816,0.629020518418214,1.629688780195515,1.1474176293384597,86.08,"[522.7999877929688, 612.4000244140625]"
turning_combined,1789044897.139477,20.983273529,1.2297411056919734,0.8128808069449516,0.4310446514156,0.6317158693702195,1.8280471776471572,1.184233168247715,137.19,"[486.79998779296875, 642.5999755859375]"
turning_combined,1789044897.1895475,21.033344024,1.1980189682243394,0.8118189337711293,0.4303171788174667,0.6344155835666131,2.027575759312164,1.213378803217542,99.53,"[486.79998779296875, 642.5999755859375]"
turning_combined,1789044897.2394316,21.083227921000002,1.151117994818466,0.810818069577052,0.42959215996919997,0.6371061916834563,2.2272746979219207,1.227184630308513,118.36,"[444.6000061035156, 655.4000244140625]"
turning_combined,1789044897.2895043,21.133300567000003,1.0903932803967697,0.8098716321934432,0.42886433700146664,0.6398072061319631,2.4285959011787455,1.2256506495206272,-2.69,"[444.6000061035156, 655.4000244140625]"
turning_combined,1789044897.3392303,21.183026695000002,1.0187815965547284,0.8089895787086852,0.4281410736926667,0.6424912992888853,2.6294951525672516,1.2041749184902284,-2.69,"[436.20001220703125, 651.4000244140625]"
turning_combined,1789044897.3892593,21.233055672000003,0.9382942754643177,0.8081624931668551,0.42741429552626664,0.6451884363886106,2.8322181788102014,1.1704273411567443,-2.69,"[436.20001220703125, 651.4000244140625]"
turning_combined,1789044897.4392972,21.283093514,0.8524100549159551,0.8073949373771956,0.42668713274973336,0.6478870008100519,3.0358968436471727,1.1213399559444037,-26.9,"[462.6000061035156, 638.7999877929688]"
turning_combined,1789044897.4893196,21.333115831,0.7646749883573596,0.8066879797996679,0.42596010915893334,0.6505850487011096,3.240384555564951,1.064582666792635,-48.42,"[462.6000061035156, 638.7999877929688]"
turning_combined,1789044897.5393927,21.383188869,0.6785969226218513,0.8060411511325936,0.42523218352773334,0.6532864441426863,3.445976120382092,0.9986214929135524,-118.36,"[509.6000061035156, 610.7999877929688]"
turning_combined,1789044897.5895069,21.43330327,0.5979270005667096,0.8054558495205519,0.424504354238,0.6559874820526862,3.6523903887360873,0.9203884727313847,-64.56,"[509.6000061035156, 610.7999877929688]"
turning_combined,1789044897.6394942,21.483290604,0.5262399677400648,0.8049332558474742,0.42377785441399995,0.6586835861995132,3.8592744287963043,0.8252816638824749,-2.69,"[559.7999877929688, 567.5999755859375]"
turning_combined,1789044897.689529,21.533325289,0.4664689077924349,0.8044722416132728,0.4230507911472,0.6613817813316637,4.067167045080986,0.7424467013366504,-45.73,"[559.7999877929688, 567.5999755859375]"
turning_combined,1789044897.7393186,21.583114938,0.4214742988652775,0.8040748084490426,0.42232626138920004,0.6640705743919126,4.275177468505753,0.6473398924877406,-45.73,"[601.5999755859375, 533.4000244140625]"
turning_combined,1789044897.7892327,21.63302905,0.39305779180303674,0.8037391025266701,0.42160080472426664,0.6667628072845528,4.484298385811876,0.5752427954571154,-88.77,"[601.5999755859375, 533.4000244140625]"
turning_combined,1789044897.8392358,21.683032066000003,0.385,0.8034654677641584,0.4208741016516,0.669459665704891,4.69462587945673,0.5138835639416898,-161.4,"[629.2000122070312, 458.6000061035156]"
turning_combined,1789044897.889445,21.733241271,0.39099484036277904,0.8032541649113089,0.42014519821773333,0.6721646898573598,4.9064426412657625,0.46479617872934925,-182.92,"[629.2000122070312, 458.6000061035156]"
turning_combined,1789044897.9394433,21.783239576,0.41778457453130097,0.8031066416796924,0.41941873670359997,0.6748606518329336,5.118396512149978,0.42644665903220824,-193.68,"[661.0, 389.20001220703125]"
turning_combined,1789044897.989473,21.833269359000003,0.4620101442378237,0.8030221349480897,0.41869168911826665,0.677558788769795,5.331369465398261,0.4095728703654662,-217.89,"[661.0, 389.20001220703125]"
turning_combined,1789044898.0394301,21.883226563,0.5217108683986342,0.8030008301480078,0.417965521628,0.6802536595971814,5.5449306507884515,0.4095728703654662,-134.5,"[672.2000122070312, 363.6000061035156]"
turning_combined,1789044898.0894558,21.933252063,0.594418363947184,0.8030426801944438,0.41723856228906664,0.6829514690439636,5.759572596965121,0.41264083194123746,2.69,"[672.2000122070312, 363.6000061035156]"
turning_combined,1789044898.1393194,21.983115841,0.6766825121375465,0.8031474794348775,0.4165128638621333,0.6856445991364504,5.974687190814528,0.44638840927472156,2.69,"[655.4000244140625, 365.6000061035156]"
turning_combined,1789044898.189241,22.033037165,0.7648513408240849,0.8033150859932512,0.4157875070412,0.688336461499307,6.190544673512143,0.48933987133551954,2.69,"[655.4000244140625, 365.6000061035156]"
turning_combined,1789044898.2394772,22.083273392000002,0.8553593354710769,0.8035467497832309,0.41505849087226665,0.6910419040214311,0.12515851497971653,0.5476311412751739,2.69,"[636.7999877929688, 415.3999938964844]"
turning_combined,1789044898.2894506,22.133246899000003,0.9432040699440047,0.8038405009620314,0.4143320130808,0.693737926403607,0.34304606423457074,0.6135923151542565,34.97,"[636.7999877929688, 415.3999938964844]"
turning_combined,1789044898.339479,22.183275310000003,1.0246193693703853,0.804197342185033,0.4136046144282666,0.6964373661814363,0.5620587093732752,0.6887573737606529,80.7,"[623.0, 519.7999877929688]"
turning_combined,1789044898.3895595,22.233355727000003,1.0955596984907487,0.8046167976158597,0.41287708250506666,0.6991373005383212,0.7819607003848432,0.7746602978822488,21.52,"[623.0, 519.7999877929688]"
turning_combined,1789044898.4394906,22.283287011000002,1.1524049815794646,0.8050974124847068,0.41215115339053326,0.7018312867325915,1.002223712136967,0.8743690490948155,2.69,"[553.2000122070312, 583.4000244140625]"
turning_combined,1789044898.4895315,22.333327845000003,1.1925298349289184,0.8056407007656212,0.41142400642626664,0.7045297924733335,1.223704567456025,0.9572040116406401,2.69,"[553.2000122070312, 583.4000244140625]"
turning_combined,1789044898.539326,22.383122298,1.2137066222464008,0.8062431281728302,0.4106996476238666,0.7072179511024554,1.4451780075776526,1.043106935762236,2.69,"[527.5999755859375, 604.2000122070312]"
turning_combined,1789044898.589225,22.433021461000003,1.2149544319511052,0.8069072143877054,0.4099743145649333,0.7099097252824598,1.6677934214605585,1.1060001480655473,40.35,"[527.5999755859375, 604.2000122070312]"
turning_combined,1789044898.6393325,22.483128721,1.1959475039682554,0.807634361237143,0.409246493472,0.7126107327734207,1.8920223442556363,1.1535535524900022,86.08,"[508.6000061035156, 636.4000244140625]"
turning_combined,1789044898.6894538,22.533250325,1.1574527341849057,0.808422414393856,0.408518245288,0.7153133252365422,2.1172337386462203,1.1811652066719438,104.91,"[508.6000061035156, 636.4000244140625]"
turning_combined,1789044898.7395072,22.58330374,1.1014064774056878,0.8092692382531171,0.4077910148733333,0.7180121406689898,2.3429789026128844,1.1949710337629145,96.84,"[465.20001220703125, 653.4000244140625]"
turning_combined,1789044898.789532,22.633328338000002,1.0305661799917822,0.8101749410480649,0.4070641072876,0.7207097580551373,2.5694716172476006,1.1949710337629145,-2.69,"[465.20001220703125, 653.4000244140625]"
turning_combined,1789044898.8395298,22.683326231000002,0.9485005682932932,0.8111390456794456,0.406337395306,0.7234066495373032,2.7967506910613054,1.1734953027325155,-2.69,"[462.0, 641.7999877929688]"
turning_combined,1789044898.8895242,22.733320594000002,0.8594142334665622,0.8121609557753562,0.4056108376102666,0.7261029684511751,3.0248284585331078,1.1351457830353744,-24.21,"[462.0, 641.7999877929688]"
turning_combined,1789044898.9393387,22.783135038,0.7681504928737677,0.813237467610737,0.40488608831173334,0.7287925762454718,3.25318127768179,1.0676506283684062,-24.21,"[490.20001220703125, 629.7999877929688]"
turning_combined,1789044898.9894774,22.833273699000003,0.6788844646622211,0.8143758252435318,0.4041579377336,0.7314948064847179,3.4834564306740248,1.0016894544893238,-131.81,"[490.20001220703125, 629.7999877929688]"
turning_combined,1789044899.0394611,22.883257477,0.5970760378225557,0.8155668388708721,0.40343190176999993,0.7341891892051844,3.7139085746004525,0.9280583766708129,-102.22,"[531.7999877929688, 595.5999755859375]"
turning_combined,1789044899.0895233,22.933319524,0.526771859793856,0.816815920835949,0.40270418998226665,0.7368897910550243,3.9457422836552922,0.8329515678219032,-2.69,"[531.7999877929688, 595.5999755859375]"
turning_combined,1789044899.1395001,22.983296362,0.47217956070636835,0.8181172730938543,0.40197774811719994,0.7395856801111996,4.178018098506456,0.7439806821245359,-26.9,"[581.2000122070312, 548.2000122070312]"
turning_combined,1789044899.189557,23.033353334,0.4362625863845253,0.8194737035533426,0.40125051873439993,0.7422844917142999,4.41139423108126,0.662679700366597,-51.11,"[581.2000122070312, 548.2000122070312]"
turning_combined,1789044899.2395544,23.083350812000003,0.42125410284460607,0.8208822995002296,0.40052363044893335,0.7449820374754763,4.645508619117265,0.5844466801844292,-88.77,"[605.0, 515.0]"
turning_combined,1789044899.2895157,23.133311814000002,0.4281575705811244,0.8223409225815346,0.3997976577053333,0.7476761855810143,4.88017371502103,0.5184855063053467,-126.42999999999999,"[605.0, 515.0]"
turning_combined,1789044899.3392987,23.183094928000003,0.45671636984413444,0.8238473102540573,0.3990731440502666,0.7503649188818747,5.115209359577278,0.4693981210930062,-126.42999999999999,"[629.7999877929688, 419.79998779296875]"
turning_combined,1789044899.3893063,23.233102653000003,0.5057726664814937,0.8254086044475843,0.39834624339693336,0.753062510541282,5.351867103922274,0.44638840927472156,-156.02,"[629.7999877929688, 419.79998779296875]"
turning_combined,1789044899.4392276,23.283023719000003,0.5725909691862436,0.8270154252646513,0.3976209052368,0.755754303652284,5.588860251563219,0.4433204476989503,-72.63,"[644.0, 382.79998779296875]"
turning_combined,1789044899.4894264,23.333222487,0.6541158986075872,0.8286777124978433,0.3968922616298667,0.7584583635643645,5.8277852199856,0.45099035163837853,2.69,"[644.0, 382.79998779296875]"
turning_combined,1789044899.539507,23.383303153,0.7455268578021776,0.8303854003632165,0.3961643744102667,0.7611596164571468,6.067312215191237,0.48013598660820567,2.69,"[642.4000244140625, 385.79998779296875]"
turning_combined,1789044899.589477,23.433273325000002,0.8415432026581717,0.8321339004803945,0.39543862087293336,0.7638529510691299,0.02379684179759778,0.5292233718205462,2.69,"[642.4000244140625, 385.79998779296875]"
turning_combined,1789044899.6395159,23.483312057000003,0.9372941316271607,0.8339319036932249,0.39471092617639997,0.7665534894920374,0.2649574156169976,0.5936505649117432,16.14,"[634.5999755859375, 455.79998779296875]"
turning_combined,1789044899.6894166,23.533212742,1.0267756920464173,0.8357673545343487,0.39398569236559994,0.7692448953535715,0.5061463061312921,0.6657476619423682,61.87,"[634.5999755859375, 455.79998779296875]"
turning_combined,1789044899.7392426,23.583038990000002,1.1051615666851131,0.8376445533769508,0.39326066876493326,0.7719355211069852,0.7481086614115569,0.7685243747307062,61.87,"[598.4000244140625, 559.2000122070312]"
turning_combined,1789044899.789213,23.633009295,1.1680316889372873,0.8395665279867562,0.39253426791293333,0.7746312579600965,0.9913772281311068,0.8728350683069298,2.69,"[598.4000244140625, 559.2000122070312]"
turning_combined,1789044899.8393753,23.683171517,1.2116009288752114,0.8415336168953587,0.3918060057914666,0.7773339021463713,1.2361200509994532,0.961805954004297,2.69,"[542.2000122070312, 595.7999877929688]"
turning_combined,1789044899.8894923,23.733288528000003,1.2330654964386798,0.8435394465086599,0.3910778348085333,0.7800362081096083,1.4816829573978012,1.0369710126106935,10.76,"[542.2000122070312, 595.7999877929688]"
turning_combined,1789044899.9395716,23.783367959000003,1.2311230273884128,0.8455815344457324,0.39035017725919996,0.7827366086760199,1.727922229986099,1.1075341288534328,51.11,"[523.2000122070312, 612.4000244140625]"
turning_combined,1789044899.989495,23.833291423000002,1.2059783894767167,0.8476545402310869,0.3896244108744,0.785429990966071,1.9743666352939258,1.162757437217316,69.94,"[523.2000122070312, 612.4000244140625]"
turning_combined,1789044900.039419,23.883215184,1.1591797832100057,0.8497615232845444,0.3888989496895999,0.7881222406323303,2.2215517976267662,1.1995729761265714,107.6,"[465.79998779296875, 639.5999755859375]"
turning_combined,1789044900.0894618,23.933258305000003,1.0933766477678488,0.851907482142134,0.3881716517821333,0.790821306536439,2.470211456514015,1.2118448224296565,107.6,"[465.79998779296875, 639.5999755859375]"
turning_combined,1789044900.1393383,23.983134557000003,1.0129366257807015,0.854080597080442,0.38744606811039994,0.7935140107623799,2.7191297036726425,1.2072428800659996,107.6,"[439.20001220703125, 647.4000244140625]"
turning_combined,1789044900.1892135,24.033009752,0.9228035811708022,0.8562829996856391,0.3867209811153333,0.7962048717779355,2.9687210824954278,1.1780972450961724,-5.38,"[439.20001220703125, 647.4000244140625]"
turning_combined,1789044900.2394578,24.083254089,0.8280838323579416,0.8585271984836145,0.3859918856670666,0.798910608512573,3.2205451351455636,1.1305438406717176,-34.97,"[457.79998779296875, 644.0]"
turning_combined,1789044900.2894483,24.133244521,0.7356867821173967,0.8607914682774233,0.3852654076721333,0.8016066316498316,3.472311899951997,1.0676506283684062,-43.04,"[457.79998779296875, 644.0]"
turning_combined,1789044900.3395314,24.18332766,0.6511026464058648,0.8630874346075731,0.38453733702733334,0.804308565249513,3.7254810878159716,0.9924855697620099,-153.32999999999998,"[516.7999877929688, 610.5999755859375]"
turning_combined,1789044900.3894136,24.233209823000003,0.5804103265304997,0.8653987935793355,0.3838123599333333,0.8069990184126344,3.978417832774646,0.9081166264282996,-72.63,"[516.7999877929688, 610.5999755859375]"
turning_combined,1789044900.4395504,24.283346583,0.5277629165114717,0.867745414971671,0.3830837916090667,0.8097027989441796,4.233459160115693,0.8007379712763046,-2.69,"[557.4000244140625, 566.0]"
turning_combined,1789044900.489495,24.333291481,0.497299488284469,0.8701055700703387,0.3823579330102666,0.8123965234484196,4.48839724325078,0.7148350471547088,-29.59,"[557.4000244140625, 566.0]"
turning_combined,1789044900.5393407,24.383136944,0.49104195161834036,0.8724844285534458,0.38163268991266663,0.8150879637740776,4.743963032803357,0.6258641614573416,-29.59,"[601.4000244140625, 543.4000244140625]"
turning_combined,1789044900.5892107,24.433007105,0.5096523980226177,0.8748817864891021,0.3809076575338667,0.8177786221039085,5.000297962079195,0.5660389107298016,-78.01,"[601.4000244140625, 543.4000244140625]"
turning_combined,1789044900.6394842,24.483280582000003,0.5525331007092069,0.8773113554987515,0.3801782778717333,0.8204854135809689,5.259023410206602,0.5246214294568893,-104.91,"[636.5999755859375, 455.79998779296875]"
turning_combined,1789044900.6894941,24.533290519,0.6168545373725867,0.8797495212447801,0.37945120213533334,0.8231836549888916,5.517779764861594,0.5062136600022615,-102.22,"[636.5999755859375, 455.79998779296875]"
turning_combined,1789044900.739435,24.583231239,0.6985400260746684,0.8821977680527624,0.3787254923433333,0.8258768272581309,5.776894969400281,0.504679679214376,0.0,"[638.5999755859375, 412.79998779296875]"
turning_combined,1789044900.789523,24.633319216,0.7928099033144482,0.8846672733364989,0.3779973843333333,0.8285788995233253,6.037717024198535,0.5246214294568893,2.69,"[638.5999755859375, 412.79998779296875]"
turning_combined,1789044900.8394516,24.683247687,0.8928982687239164,0.8871395055055701,0.3772718821064,0.8312713015005173,0.015264818672264369,0.5691068723055729,13.45,"[619.5999755859375, 438.3999938964844]"
turning_combined,1789044900.8894248,24.733221135,0.9926341164264211,0.8896241470109207,0.3765456727892,0.8339663275512976,0.2770981710120708,0.6320000846088841,16.14,"[619.5999755859375, 438.3999938964844]"
turning_combined,1789044900.9393377,24.783134129,1.0852906054744011,0.8921178784297719,0.375819273812,0.8366620574468628,0.5398464814416286,0.7240389318820226,16.14,"[606.0, 527.2000122070312]"
turning_combined,1789044900.9892101,24.833006516,1.1644481791146681,0.8946134191276262,0.3750943427305333,0.839352339853464,0.8029069926864594,0.8160777791551611,2.69,"[606.0, 527.2000122070312]"
turning_combined,1789044901.0394504,24.883246692,1.2252104351547615,0.8971280442958017,0.3743654110729333,0.8420574687466665,1.0682717095418894,0.9203884727313847,2.69,"[552.7999877929688, 583.4000244140625]"
turning_combined,1789044901.0895617,24.933358081,1.2628748592635057,0.8996439679831628,0.37363718340999996,0.8447599850543217,1.3342309842641953,1.009359358428752,10.76,"[552.7999877929688, 583.4000244140625]"
turning_combined,1789044901.1394942,24.983290597,1.274903905041842,0.9021546588063384,0.37291108432813336,0.8474546020121752,1.6002587480650021,1.0906603401866908,37.66,"[521.5999755859375, 609.0]"
turning_combined,1789044901.1895528,25.033349091,1.260588239906309,0.904669574971504,0.3721839175549333,0.8501531812655949,1.8675260591395926,1.1612234564294304,78.01,"[521.5999755859375, 609.0]"
turning_combined,1789044901.239273,25.083069411,1.2212131545669191,0.9071702255543872,0.3714605734262666,0.852837574352084,2.1342278431428383,1.213378803217542,112.98,"[471.0, 646.2000122070312]"
turning_combined,1789044901.2893894,25.133185739,1.1591518170791273,0.9096840301105417,0.3707326612529333,0.855538919850345,2.403464002859266,1.2425244381873692,118.36,"[471.0, 646.2000122070312]"
turning_combined,1789044901.3393373,25.183133596,1.0792749605756031,0.9121890774452427,0.3700060617884,0.8582353937718727,2.673061668973588,1.2455923997631406,118.36,"[432.0, 661.7999877929688]"
turning_combined,1789044901.3892286,25.233024978000003,0.9875513358793244,0.9146833425055515,0.3692809119366666,0.8609264880539951,2.94296513783533,1.227184630308513,-2.69,"[432.0, 661.7999877929688]"
turning_combined,1789044901.43925,25.283046225000003,0.8903619561757226,0.9171766695161081,0.36855388966839997,0.8636245310370163,3.2144135570775205,1.188835110611372,-5.38,"[437.3999938964844, 651.5999755859375]"
turning_combined,1789044901.4894369,25.333233178,0.7950357389580892,0.9196660793025491,0.36782538780506663,0.866328064926247,3.4872658981929163,1.1274758790959463,-34.97,"[437.3999938964844, 651.5999755859375]"
turning_combined,1789044901.5393558,25.383151983,0.7093458785968458,0.922135197918306,0.3670997466685333,0.8690209824090678,3.759891596653304,1.0569127628532067,-56.49,"[491.6000061035156, 623.4000244140625]"
turning_combined,1789044901.5895085,25.433304860000003,0.6392484405913017,0.9246019448526422,0.3663712389628,0.8717245379799539,4.034445773227418,0.9694758579437253,-153.32999999999998,"[491.6000061035156, 623.4000244140625]"
turning_combined,1789044901.639534,25.483330334,0.5907191759315644,0.9270495447342179,0.36564434979079996,0.874422087031133,4.309237689231296,0.8759030298827011,-2.69,"[538.7999877929688, 576.0]"
turning_combined,1789044901.6894672,25.533263474,0.5675366265416011,0.9294795648841363,0.36491817429266665,0.87711698757641,4.584605864932897,0.7700583555185919,-2.69,"[538.7999877929688, 576.0]"
turning_combined,1789044901.739314,25.583110256,0.5716524489671981,0.9318858075001589,0.36419413552880003,0.87980395851465,4.86000486795632,0.684155431396996,-2.69,"[590.0, 543.2000122070312]"
turning_combined,1789044901.7892382,25.633034524000003,0.6031265169065416,0.9342824427593027,0.3634675075498667,0.8825005382556007,5.137235828171427,0.6258641614573416,-45.73,"[590.0, 543.2000122070312]"
turning_combined,1789044901.8394492,25.68324548,0.6601173507027078,0.9366666902232457,0.362738616978,0.8852055146760669,5.416182431427288,0.5890486225480862,-34.97,"[606.4000244140625, 509.6000061035156]"
turning_combined,1789044901.8894517,25.733247911000003,0.7382562252754468,0.9390239649688596,0.3620114552042666,0.8879040753760301,5.695315778679259,0.5752427954571154,-21.52,"[606.4000244140625, 509.6000061035156]"
turning_combined,1789044901.9394822,25.783278642000003,0.831828533749901,0.9413574254438967,0.3612846158234666,0.8906014396477275,5.975172973338786,0.5844466801844292,5.38,"[607.4000244140625, 474.3999938964844]"
turning_combined,1789044901.9895139,25.833310163,0.9338648352045774,0.9436675964516078,0.360557475966,0.8932999190145153,6.255994165785083,0.6166602767300278,10.76,"[607.4000244140625, 474.3999938964844]"
turning_combined,1789044902.0394728,25.883269139000003,1.0363476313580913,0.9459477908687542,0.3598316989282666,0.8959933408385304,0.2539488579815625,0.6734175658817965,78.01,"[600.0, 510.79998779296875]"
turning_combined,1789044902.0894983,25.933294629000002,1.131762567002971,0.9482056013138984,0.3591044060929333,0.8986923879195104,0.5365246843041049,0.7485826244881929,91.46,"[600.0, 510.79998779296875]"
turning_combined,1789044902.139346,25.983142099000002,1.212216301404718,0.9504275959493383,0.358379482438,0.9013826427655993,0.8190231517831066,0.8697671067311585,91.46,"[571.4000244140625, 572.4000244140625]"
turning_combined,1789044902.1892302,26.033026433,1.2717718153253808,0.9526209218275484,0.3576541778062666,0.9040743114497876,1.1025141113451795,0.9648739155800683,10.76,"[571.4000244140625, 572.4000244140625]"
turning_combined,1789044902.2392423,26.083038566000003,1.3057336300813998,0.9547876703863036,0.35692730260079997,0.9067718086699443,1.3874666288173714,1.0538448012774355,26.9,"[524.5999755859375, 598.4000244140625]"
turning_combined,1789044902.2895384,26.133334733,1.3112167925998799,0.9569302595741609,0.3561974851946666,0.9094802246531293,1.6744271227940501,1.1382137446111458,72.63,"[524.5999755859375, 598.4000244140625]"
turning_combined,1789044902.3395038,26.183300062,1.2877882560091594,0.9590290410640409,0.3554709659686666,0.9121764008024688,1.960937645965224,1.2041749184902284,115.67,"[479.79998779296875, 636.0]"
turning_combined,1789044902.389499,26.233295224000003,1.2374902238171925,0.9610924120514972,0.35474445943026667,0.9148725298670191,2.2482899929256988,1.2563302652783401,112.98,"[479.79998779296875, 636.0]"
turning_combined,1789044902.4394045,26.283200683,1.1646228514542052,0.9631161483834219,0.3540190232864,0.9175646866041929,2.5360633046180325,1.2747380347329678,126.42999999999999,"[425.0, 658.7999877929688]"
turning_combined,1789044902.4895113,26.333307534000003,1.0748384588843523,0.9651094947176126,0.35329083803173333,0.9202670455310755,2.8257779065296873,1.2732040539450822,-2.69,"[425.0, 658.7999877929688]"
turning_combined,1789044902.5393498,26.383146120000003,0.9764544580807918,0.9670540461240384,0.3525661925738666,0.9229562679636107,3.114926664866381,1.244058418975255,-2.69,"[412.6000061035156, 659.5999755859375]"
turning_combined,1789044902.5892136,26.433009922,0.8773023430008993,0.9689598106491992,0.35184099076546665,0.9256475550614498,3.405141207134072,1.1965050145508,-18.83,"[412.6000061035156, 659.5999755859375]"
turning_combined,1789044902.6394267,26.483223036000002,0.7855177244680518,0.9708328890089513,0.35111232328026665,0.9283517035878586,3.6975945320672636,1.1274758790959463,-26.9,"[441.20001220703125, 644.2000122070312]"
turning_combined,1789044902.689497,26.533293223,0.7096512322157437,0.9726611144086639,0.3503843699194666,0.9310532019363971,3.990611444109213,1.047708878125893,-64.56,"[441.20001220703125, 644.2000122070312]"
turning_combined,1789044902.7395048,26.583301011000003,0.6563822319663564,0.9744422757531811,0.34965761847986665,0.933750239850639,4.283991955267574,0.9602719732164113,-145.26,"[521.7999877929688, 599.0]"
turning_combined,1789044902.7895062,26.633302562,0.6303838999053075,0.976178217548223,0.3489309029085333,0.936447144654618,4.578205301505498,0.8620972027917303,-2.69,"[521.7999877929688, 599.0]"
turning_combined,1789044902.8394208,26.683217082000002,0.6341218671267153,0.9778645591129095,0.34820565843026663,0.9391385901040503,4.872666958239158,0.7669903939428205,-2.69,"[577.4000244140625, 559.0]"
turning_combined,1789044902.8894935,26.7332897,0.6676332959412731,0.979509516639179,0.34747784698746664,0.9418395617825255,5.169020718501166,0.7025632008516236,-18.83,"[577.4000244140625, 559.0]"
turning_combined,1789044902.9392567,26.783052963000003,0.7278979650116097,0.9810972856820552,0.3467540685301333,0.9445255667005396,5.464572787795028,0.6504078540635119,-18.83,"[594.4000244140625, 542.0]"
turning_combined,1789044902.9892275,26.833024049000002,0.8103727207249682,0.9826417450607429,0.3460275999818666,0.9472215547803953,5.762070083794477,0.6350680461846554,16.14,"[594.4000244140625, 542.0]"
turning_combined,1789044903.0394528,26.883249159000002,0.9082057857397553,0.9841410677465451,0.34529858924839996,0.9499269771310286,6.061461109313889,0.6473398924877406,24.21,"[608.2000122070312, 519.4000244140625]"
turning_combined,1789044903.089427,26.933223413,1.0122307395841739,0.9855835761187719,0.3445722616444,0.95262244215443,0.07741132693328723,0.684155431396996,43.04,"[608.2000122070312, 519.4000244140625]"
turning_combined,1789044903.1394653,26.983261748,1.1137932816435137,0.9869755512616186,0.3438450928801333,0.9553210287968714,0.3777416524774111,0.7424467013366504,102.22,"[588.0, 547.2000122070312]"
turning_combined,1789044903.1895149,27.033311094000002,1.2038218612138443,0.9883151442604099,0.34311751844693333,0.9580211209120704,0.6790888432784215,0.8237476830945893,5.38,"[588.0, 547.2000122070312]"
turning_combined,1789044903.2395046,27.083300684,1.2741164752985323,0.989598923969367,0.3423909799933333,0.9607173684167089,0.9808538531435573,0.9295923574586985,2.69,"[533.0, 576.0]"
turning_combined,1789044903.289354,27.133150382,1.3184255226789632,0.990825615599644,0.34166589856453333,0.9634082087753637,1.2828572015235977,1.0446409165501216,2.69,"[533.0, 576.0]"
turning_combined,1789044903.3392477,27.183044113,1.332899776335411,0.9919973121461176,0.3409406676894667,0.9660996037421354,1.5857666517259617,1.1351457830353744,16.14,"[506.6000061035156, 603.7999877929688]"
turning_combined,1789044903.3892393,27.233035734,1.3161425318082058,0.993114758092657,0.34021427629866663,0.9687953054839095,1.8900073770319636,1.2087768608538851,118.36,"[506.6000061035156, 603.7999877929688]"
turning_combined,1789044903.439257,27.283053180000003,1.2695785793325227,0.9941761540435272,0.33948730393786664,0.9714931632559733,2.195339348543115,1.2640001692177683,131.81,"[436.3999938964844, 654.4000244140625]"
turning_combined,1789044903.4894927,27.333288833,1.197260094859633,0.9951828033367531,0.3387581754989333,0.9741990224218493,2.502429834051213,1.2946797849754812,153.32999999999998,"[436.3999938964844, 654.4000244140625]"
turning_combined,1789044903.5393422,27.383138613000003,1.1065953966078934,0.9961257824158534,0.3380330554405333,0.9768900061383157,2.8086756890612037,1.2977477465512524,51.11,"[412.20001220703125, 666.5999755859375]"
turning_combined,1789044903.5893993,27.433195722,1.0054258093502766,0.9970126417181039,0.3373058568829333,0.979588703346413,3.1166478148555257,1.2808739578845103,-2.69,"[412.20001220703125, 666.5999755859375]"
turning_combined,1789044903.6394105,27.483206928,0.9036212841962084,0.9978396339660721,0.33657902279226665,0.9822860479859646,3.425313178181426,1.2348545342479411,-2.69,"[408.79998779296875, 661.0]"
turning_combined,1789044903.689291,27.533087517000002,0.8110093365595253,0.9986053211664487,0.3358535444581333,0.9849783612948939,3.7342472230113515,1.1504855909142309,-2.69,"[408.79998779296875, 661.0]"
turning_combined,1789044903.739271,27.583067262,0.7362092691049034,0.9993116802550654,0.33512714110639996,0.9876741074247337,4.044421759426825,1.0661166475805206,-26.9,"[472.6000061035156, 637.5999755859375]"
turning_combined,1789044903.789215,27.633011294000003,0.6866528061857902,0.9999569283335852,0.33440111871693334,0.9903684397704087,4.35527932378568,0.9756117810952678,-147.95,"[472.6000061035156, 637.5999755859375]"
turning_combined,1789044903.839241,27.683037339000002,0.667204805337775,1.0005418609392958,0.3336740256713333,0.9930667454142807,4.667443501018965,0.8866408953979006,-2.69,"[537.7999877929688, 574.7999877929688]"
turning_combined,1789044903.8895469,27.733343247,0.680125649706143,1.0010670877889818,0.3329440133150667,0.9957758848743963,4.981716051069412,0.7900001057611052,-2.69,"[537.7999877929688, 574.7999877929688]"
turning_combined,1789044903.9394634,27.783259686,0.7240989342517103,1.0015271626513664,0.3322184652209333,0.998468457068764,5.294911317027243,0.7286408742456796,-8.07,"[591.5999755859375, 546.0]"
turning_combined,1789044903.9895153,27.833311739000003,0.7950055587627527,1.001926183344025,0.33149096647733334,0.9988317317067376,5.609062871023298,0.6887573737606529,-2.69,"[591.5999755859375, 546.0]"
turning_combined,1789044904.0394828,27.883279004000002,0.885326053422073,1.0022620648008165,0.33076468914413326,0.996136453242655,5.921840697433282,0.6826214506091103,26.9,"[592.2000122070312, 531.5999755859375]"
turning_combined,1789044904.0893495,27.933145693,0.9861110174463846,1.0025350286360943,0.33003927865159993,0.9934443916998142,6.233400937091119,0.705631162427395,26.9,"[592.2000122070312, 531.5999755859375]"
turning_combined,1789044904.1393435,27.983139717,1.087854955075269,1.002745618801752,0.32931274236346664,0.9907481522314114,0.2614124966107809,0.7531845668518499,64.56,"[579.2000122070312, 544.4000244140625]"
turning_combined,1789044904.1892128,28.033009115000002,1.1805275704425942,1.0028930004337946,0.3285876426808,0.9880572441310668,0.5711504721760505,0.8222137023067037,13.45,"[579.2000122070312, 544.4000244140625]"
turning_combined,1789044904.2394547,28.083251204000003,1.2560386190796606,1.0029778542974568,0.3278585035598666,0.9853513453233581,0.8817609831203654,0.9111845880040709,5.38,"[558.0, 560.7999877929688]"
turning_combined,1789044904.2894654,28.133261856,1.3067570303253655,1.0029991644490175,0.32713180553026666,0.9826545056182799,1.1904843246314627,1.0032234352772094,24.21,"[558.0, 560.7999877929688]"
turning_combined,1789044904.3394792,28.183275416,1.3285097069363123,1.0029572706696799,0.3264047427866666,0.97995631242777,1.4985144832829818,1.0967962633382335,43.04,"[501.6000061035156, 600.4000244140625]"
turning_combined,1789044904.3895285,28.233324720000002,1.3195728222259075,1.0028520983210572,0.3256772833993333,0.9772566472578063,1.805863635476591,1.179631225884058,91.46,"[501.6000061035156, 600.4000244140625]"
turning_combined,1789044904.4395192,28.283315417,1.2812033834907632,1.0026839870681499,0.32495079741106664,0.9745605944565913,2.1119547504562277,1.244058418975255,129.12,"[448.3999938964844, 646.0]"
turning_combined,1789044904.4893446,28.333141006,1.2174886992233442,1.0024535715457297,0.3242260473422666,0.9718709838037678,2.416471731146835,1.2916118233997098,129.12,"[448.3999938964844, 646.0]"
turning_combined,1789044904.5393474,28.383143557,1.1342593371458165,1.0021598073483065,0.32349936880186664,0.9691742164248087,2.7209517661062037,1.3023496889149093,145.26,"[411.6000061035156, 670.2000122070312]"
turning_combined,1789044904.5892358,28.433032019000002,1.0396903285011898,1.001804228348359,0.3227742252721333,0.9664831456041793,3.0239449751783027,1.2885438618239387,-2.69,"[411.6000061035156, 670.2000122070312]"
turning_combined,1789044904.6395044,28.483300682000003,0.9417948135133501,1.0013841133815844,0.3220452201049333,0.9637777439104465,3.3276990646084315,1.248660361338912,-2.69,"[402.3999938964844, 668.5999755859375]"
turning_combined,1789044904.6894472,28.533243607000003,0.8502375117356522,1.000903098043905,0.3213185446165333,0.9610809878577253,3.629635227164819,1.1857671490356005,-10.76,"[402.3999938964844, 668.5999755859375]"
turning_combined,1789044904.7394733,28.583269475,0.7727695237636483,1.0003597929527477,0.3205912984186666,0.9583821138524476,3.9309599689926884,1.1090681096413186,-26.9,"[457.3999938964844, 644.5999755859375]"
turning_combined,1789044904.789517,28.633313211,0.7161841385257608,0.9997549836223485,0.3198641533873333,0.9556836152849897,4.231394477412813,1.0200972239439514,-104.91,"[457.3999938964844, 644.5999755859375]"
turning_combined,1789044904.8393939,28.683190332000002,0.6852408353195991,0.9990910841101768,0.3191392041101333,0.9529932653524368,4.530078565276803,0.9311263382465842,-104.91,"[529.2000122070312, 586.5999755859375]"
turning_combined,1789044904.8893514,28.733147520000003,0.682100007855375,0.9983650568193514,0.31841260096866664,0.9502967777854888,4.828597004095435,0.8130098175793898,-104.91,"[529.2000122070312, 586.5999755859375]"
turning_combined,1789044904.9392507,28.783047194,0.7066493130103277,0.9975802431672591,0.3176872778069333,0.947605040334856,5.12574550382309,0.7501166052760785,-2.69,"[580.4000244140625, 551.5999755859375]"
turning_combined,1789044904.9892576,28.833053980000003,0.7563989870726578,0.9967344002006484,0.3169607005638666,0.9449086488791271,5.422560780202936,0.7102331047910518,-2.69,"[580.4000244140625, 551.5999755859375]"
turning_combined,1789044905.0393825,28.883178659000002,0.8267626849023222,0.9958274787207431,0.31623265506173326,0.9422068085860723,5.719125438774718,0.6872233929727672,0.0,"[592.4000244140625, 543.0]"
turning_combined,1789044905.089511,28.933307431000003,0.9112569743311819,0.9948611755160582,0.3155042238158666,0.9395035367644133,6.014995907418928,0.6872233929727672,45.73,"[592.4000244140625, 543.0]"
turning_combined,1789044905.1395361,28.983332495000003,1.0020487027213096,0.9938392424153667,0.3147776413262666,0.936807125838342,0.026083146194778806,0.7163690279425944,56.49,"[587.4000244140625, 539.4000244140625]"
turning_combined,1789044905.1895478,29.033344286000002,1.0914764229788454,0.9927590052284987,0.3140504414025333,0.9341084235604049,0.31975731412377684,0.7685243747307062,40.35,"[587.4000244140625, 539.4000244140625]"
turning_combined,1789044905.2395566,29.083352790000003,1.1717253404881087,0.9916228196288365,0.31332375858933326,0.9314116403247129,0.6123754126246723,0.842155452549217,16.14,"[545.2000122070312, 558.0]"
turning_combined,1789044905.2893465,29.133142708,1.235929149794523,0.990434479394278,0.31259935380346665,0.9287233110469395,0.9032342683362771,0.9433981845496693,16.14,"[545.2000122070312, 558.0]"
turning_combined,1789044905.3392484,29.183044777000003,1.2791441147952378,0.9891895304964258,0.31187396461679995,0.9260313285720264,1.1936441505360023,1.026233147095494,2.69,"[516.0, 581.7999877929688]"
turning_combined,1789044905.3892374,29.233033726000002,1.2978555335782047,0.9878881954068902,0.3111474057729333,0.9233350053973317,1.4836753562950804,1.1075341288534328,43.04,"[516.0, 581.7999877929688]"
turning_combined,1789044905.4394112,29.283207261,1.290594608654685,0.9865302423474795,0.31041926041226664,0.9206327945205591,1.7734892232955843,1.175029283520401,99.53,"[488.0, 621.5999755859375]"
turning_combined,1789044905.4894497,29.333246202,1.2581563753306326,0.9851202307103101,0.3096915790864,0.9179323057173606,2.062268828596231,1.2256506495206272,137.19,"[488.0, 621.5999755859375]"
turning_combined,1789044905.5394347,29.383230924000003,1.2035582660221824,0.9836610649866545,0.3089652965793333,0.9152370080526081,2.34964700896721,1.260932207641997,129.12,"[434.20001220703125, 665.4000244140625]"
turning_combined,1789044905.5895073,29.433303835,1.1312368421532497,0.9821480092034969,0.30823759643279997,0.9125364494042757,2.6367365140873034,1.2716700731571966,94.14999999999999,"[434.20001220703125, 665.4000244140625]"
turning_combined,1789044905.6395135,29.483309654000003,1.0473937614446218,0.9805869357782172,0.3075108661101333,0.9098394898568133,2.9225960589180175,1.265534150005654,-2.69,"[429.0, 657.5999755859375]"
turning_combined,1789044905.6892343,29.533030595000003,0.9591350000015445,0.9789841534847312,0.30678738455426663,0.9071545867660109,3.2063379105307916,1.222582687944856,-2.69,"[429.0, 657.5999755859375]"
turning_combined,1789044905.7393255,29.583121834000004,0.8725528802005168,0.9773234783893946,0.3060594429509333,0.9044531320504557,3.4909787697680343,1.167359379580973,-2.69,"[440.20001220703125, 643.7999877929688]"
turning_combined,1789044905.789266,29.633062216000003,0.795187098184643,0.9756215162609226,0.30533394987999996,0.9017607640519775,3.773817733754143,1.0983302441261191,-29.59,"[440.20001220703125, 643.7999877929688]"
turning_combined,1789044905.8394501,29.683246485,0.7323914550224212,0.9738670031915485,0.3046056578634666,0.8990580089225055,4.056896893108913,1.021631204731837,-112.98,"[495.6000061035156, 612.2000122070312]"
turning_combined,1789044905.889491,29.733287460000003,0.689136399393401,0.9720687612174372,0.30387785868679995,0.8963570827647199,4.338934647588147,0.9433981845496693,-99.53,"[495.6000061035156, 612.2000122070312]"
turning_combined,1789044905.9394755,29.783271952000003,0.6683830750621547,0.9702302644845143,0.30315142907333326,0.8936612391752995,4.6195950190633965,0.8544272988523022,-2.69,"[550.4000244140625, 571.2000122070312]"
turning_combined,1789044905.989529,29.833325321,0.6712179370080775,0.9683466931168909,0.3024239917185333,0.8909616557699868,4.899795738738149,0.7761942786701345,-2.69,"[550.4000244140625, 571.2000122070312]"
turning_combined,1789044906.039446,29.883242407,0.6968856157760754,0.9664277085502482,0.30169877905373327,0.8882703283831012,5.178295719101854,0.7271068934577939,-26.9,"[578.7999877929688, 540.0]"
turning_combined,1789044906.0892706,29.933066898000003,0.7428892486049998,0.9644704253450492,0.3009741541750666,0.8855811823217702,5.455727528368939,0.6826214506091103,-26.9,"[578.7999877929688, 540.0]"
turning_combined,1789044906.1391938,29.982990068000003,0.8054669352698735,0.9624701131618638,0.30024793936426664,0.8828861358837616,5.732921915953014,0.6688156235181395,-2.69,"[593.2000122070312, 529.2000122070312]"
turning_combined,1789044906.1892288,30.033024975000004,0.8792388153184976,0.9604299829046363,0.30047908854293337,0.8801880719741675,6.009578617265774,0.679553489033339,37.66,"[593.2000122070312, 529.2000122070312]"
turning_combined,1789044906.2394614,30.083257696,0.9592471229323014,0.9583475672394355,0.30120819085093337,0.8774823097824619,0.0029864959101573163,0.7086991240031663,37.66,"[575.7999877929688, 536.4000244140625]"
turning_combined,1789044906.2895353,30.133331530000003,1.0391497841460196,0.9562341450704286,0.3019358631370667,0.8747818545265015,0.2781876397205494,0.7547185476397354,53.8,"[575.7999877929688, 536.4000244140625]"
turning_combined,1789044906.3395133,30.183309598,1.1128376879698711,0.9540902302437628,0.30266245097493333,0.8720854237525466,0.5521316351082177,0.8145437983672754,21.52,"[559.5999755859375, 555.7999877929688]"
turning_combined,1789044906.3894486,30.233244898000002,1.1747379818093466,0.9519171508272274,0.3033880118002667,0.8693928043115866,0.824843793925929,0.8912428377615575,2.69,"[559.5999755859375, 555.7999877929688]"
turning_combined,1789044906.4395232,30.283319379,1.220399811715478,0.9497062826938213,0.30411585687320003,0.8666917078287565,1.097564568486625,0.9694758579437253,8.07,"[523.2000122070312, 576.7999877929688]"
turning_combined,1789044906.4892704,30.333066731000002,1.2460561340450762,0.9474799158752149,0.3048391510217333,0.8640075002228971,1.3677407740089436,1.0615147052168636,8.07,"[523.2000122070312, 576.7999877929688]"
turning_combined,1789044906.5391986,30.382994894000003,1.2500895727297396,0.9452167923837218,0.30556529100040003,0.8613127314934553,1.6381340258002908,1.1244079175201749,18.83,"[509.3999938964844, 601.4000244140625]"
turning_combined,1789044906.5892484,30.433044572000004,1.2319595331261342,0.9429236916272713,0.3062924876977334,0.8586140411889697,1.9080723316983708,1.1765632643082868,94.14999999999999,"[509.3999938964844, 601.4000244140625]"
turning_combined,1789044906.639454,30.483250117,1.1927727683912894,0.9405996816328905,0.30702144917773333,0.8559088016222425,2.177813171956778,1.2087768608538851,94.14999999999999,"[467.20001220703125, 635.2000122070312]"
turning_combined,1789044906.6895,30.533296288000003,1.1354333928273088,0.9382564181458579,0.30774897534573337,0.853208888623406,2.446173691429827,1.2210487071569704,107.6,"[467.20001220703125, 635.2000122070312]"
turning_combined,1789044906.7394009,30.583197024,1.0641457889749115,0.9358984676374462,0.3084741640886667,0.850517650012652,2.712828253552111,1.2210487071569704,0.0,"[436.6000061035156, 641.5999755859375]"
turning_combined,1789044906.789497,30.633293238,0.9833985475896839,0.9335116688432761,0.3092018282942667,0.8478172247442548,2.979543524163425,1.2026409377023426,-2.69,"[436.6000061035156, 641.5999755859375]"
turning_combined,1789044906.83941,30.683206310000003,0.899207423922564,0.9311118551688313,0.30992759146720006,0.8451238543737206,3.2447169022825264,1.167359379580973,-8.07,"[444.0, 633.0]"
turning_combined,1789044906.889373,30.733169471000004,0.8170020002109812,0.928691461857891,0.31065421258639997,0.8424273000898381,3.509356655337591,1.0983302441261191,-8.07,"[444.0, 633.0]"
turning_combined,1789044906.939242,30.783038162,0.7425708665907501,0.9262603663246726,0.3113791918022667,0.8397368390522846,3.7725551469092906,1.0323690702470365,-43.04,"[487.6000061035156, 609.5999755859375]"
turning_combined,1789044906.9892104,30.833006843000003,0.6805237891140764,0.9238095248117013,0.3121056852170667,0.8370407586905572,4.035456560831982,0.9587379924285258,-123.74,"[487.6000061035156, 609.5999755859375]"
turning_combined,1789044907.0392241,30.883020373,0.6350506149949485,0.9213454302476609,0.31283221262533334,0.8343445521761131,4.297523400284312,0.8774370106705868,-2.69,"[534.2000122070312, 577.4000244140625]"
turning_combined,1789044907.0894022,30.933198504000003,0.6089612873946151,0.9188628572878161,0.3135607593094667,0.8316408519529883,4.559467025890363,0.7930680673368765,-2.69,"[534.2000122070312, 577.4000244140625]"
turning_combined,1789044907.1395493,30.983345619,0.6039196668650594,0.9163693948014819,0.3142895447326667,0.8289362657483859,4.820644340162396,0.7332428166093364,-48.42,"[568.5999755859375, 543.5999755859375]"
turning_combined,1789044907.1894913,31.033287530000003,0.6199026068441693,0.9138773009437732,0.3150154616392,0.8262423248590671,5.0799482010787855,0.6734175658817965,-26.9,"[568.5999755859375, 543.5999755859375]"
turning_combined,1789044907.2395363,31.083332469000002,0.6555920832781972,0.9113738494346101,0.31574268465640004,0.8235435368792632,5.338870117756578,0.6304661038209985,-2.69,"[600.7999877929688, 528.0]"
turning_combined,1789044907.2892315,31.133027656000003,0.7079920118255573,0.9088796273152671,0.3164657003172,0.8208603627656468,5.595455330179497,0.6089903727905995,-2.69,"[600.7999877929688, 528.0]"
turning_combined,1789044907.3392482,31.183044574,0.7739568513808947,0.9063685178357765,0.3171925378377333,0.818163005397561,5.852549252612953,0.6120583343663708,-10.76,"[605.2000122070312, 496.20001220703125]"
turning_combined,1789044907.3892126,31.233008863000002,0.848666717551989,0.9038561664285708,0.31791911897573333,0.8154665994873952,6.1087054872948485,0.6320000846088841,18.83,"[605.2000122070312, 496.20001220703125]"
turning_combined,1789044907.4393816,31.283177912000003,0.9272508125373239,0.9013375146943833,0.3186473656482667,0.812764012633458,0.08141271033065323,0.6657476619423682,56.49,"[607.5999755859375, 503.20001220703125]"
turning_combined,1789044907.4895222,31.333318533000003,1.0042923998592583,0.898818798154553,0.3193759362688,0.8100602235802671,0.3365674239685177,0.7179030087304801,72.63,"[607.5999755859375, 503.20001220703125]"
turning_combined,1789044907.5394018,31.383198059,1.074303317832663,0.8963152335923746,0.3201008854442667,0.8073698740252554,0.5896106608083471,0.7838641826095626,2.69,"[572.4000244140625, 541.7999877929688]"
turning_combined,1789044907.5895517,31.433348090000003,1.1333720306898778,0.8938029313523083,0.3208295918788,0.8046655809544772,0.8431134040023096,0.863631183579616,2.69,"[572.4000244140625, 541.7999877929688]"
turning_combined,1789044907.6395078,31.483304250000003,1.1771269040408296,0.8913053068784745,0.32155572586973336,0.8019708344460357,1.094875285278846,0.9372622613981267,5.38,"[529.7999877929688, 561.4000244140625]"
turning_combined,1789044907.6893213,31.533117598,1.2029193667059062,0.8888232933645696,0.3222794545068,0.7992850144153719,1.3449628294517026,1.0246991663076084,5.38,"[529.7999877929688, 561.4000244140625]"
turning_combined,1789044907.7392898,31.583086142000003,1.209250178101122,0.886340299919641,0.3230060749429333,0.7965884626664091,1.5952025544121966,1.0875923786109196,16.14,"[506.3999938964844, 590.2000122070312]"
turning_combined,1789044907.7892158,31.633012239000003,1.19555401142584,0.883869119353172,0.32373231491093335,0.7938933228678393,1.8444650445663626,1.1366797638232602,72.63,"[506.3999938964844, 590.2000122070312]"
turning_combined,1789044907.8393445,31.683140884000004,1.1625538885650923,0.8814046974550792,0.3244601274437333,0.7911923471442793,2.093417401036703,1.1688933603688585,91.46,"[473.0, 626.7999877929688]"
turning_combined,1789044907.8894322,31.733228565,1.1122637228249443,0.8789547063793152,0.3251877172532,0.7884921979664149,2.341444219226389,1.184233168247715,91.46,"[473.0, 626.7999877929688]"
turning_combined,1789044907.9394379,31.783234155000002,1.0477729674314376,0.8765225807985082,0.3259145156936,0.785794985628109,2.5883537610924634,1.184233168247715,-2.69,"[440.79998779296875, 632.4000244140625]"
turning_combined,1789044907.98952,31.833316185,0.9727358963200785,0.8741029735018554,0.3266425860622667,0.7830930530531824,2.8348449283352863,1.1688933603688585,-2.69,"[440.79998779296875, 632.4000244140625]"
turning_combined,1789044908.0395074,31.883303741000002,0.8918694795139197,0.8717067892652527,0.3273691037186667,0.7803968827287655,3.079963565364835,1.1382137446111458,-13.45,"[464.20001220703125, 624.0]"
turning_combined,1789044908.0892384,31.933034657,0.8101038075233855,0.8693410216526637,0.3280923484102667,0.7777128586618945,3.3231387017738143,1.0799224746714913,-13.45,"[464.20001220703125, 624.0]"
turning_combined,1789044908.1392422,31.983038399,0.7313858655240322,0.8669848636229078,0.3288191418366667,0.7750156649309795,3.5666595260739484,1.0154952815802945,-24.21,"[497.79998779296875, 612.4000244140625]"
turning_combined,1789044908.1892073,32.033003822000005,0.6606169578210671,0.8646523376423965,0.32954566096093335,0.7723194891591814,3.809241585546715,0.9480001269133262,-126.42999999999999,"[497.79998779296875, 612.4000244140625]"
turning_combined,1789044908.2394755,32.083271862000004,0.6014934365915605,0.8623340616304508,0.33027533261226666,0.769611614084759,4.052022040234277,0.8666991451553873,-2.69,"[538.5999755859375, 562.7999877929688]"
turning_combined,1789044908.2893322,32.133128278,0.5578186822633643,0.8600561008115079,0.3310003884478667,0.766920868704699,4.2924232460254075,0.782330201821677,-13.45,"[538.5999755859375, 562.7999877929688]"
turning_combined,1789044908.3395252,32.183321613000004,0.531378250297804,0.8577940117045497,0.3317290526776,0.764216732259611,4.533168994575959,0.7194369895183657,-45.73,"[588.0, 533.0]"
turning_combined,1789044908.3895595,32.233355843000005,0.5237105405104114,0.8555655803635551,0.33245609196439996,0.7615186261193299,4.772529803244197,0.6488738732756262,-26.9,"[588.0, 533.0]"
turning_combined,1789044908.4393792,32.28317562,0.5348597303018918,0.8533749694616151,0.3331805238404,0.7588301963077113,5.010190184764724,0.5921165841238575,-45.73,"[602.5999755859375, 503.6000061035156]"
turning_combined,1789044908.4893405,32.333136754,0.5640228890859563,0.8512086296951603,0.3339072812677334,0.756133136172469,5.247766084862434,0.5522330836388308,-45.73,"[602.5999755859375, 503.6000061035156]"
turning_combined,1789044908.5392385,32.383034939000005,0.6092146960539898,0.849079614540726,0.3346324580788,0.753441941841912,5.483981553687698,0.5445631796994026,-83.39,"[615.5999755859375, 446.0]"
turning_combined,1789044908.5892344,32.433030664,0.6679061715165219,0.8469797631200255,0.33535929421866667,0.7507445895976007,5.719889928150565,0.5445631796994026,2.69,"[615.5999755859375, 446.0]"
turning_combined,1789044908.6392453,32.483041390000004,0.7365603875885751,0.8449155961587689,0.33608602935186666,0.74804761219783,5.954918158725803,0.5553010452146021,2.69,"[620.5999755859375, 445.20001220703125]"
turning_combined,1789044908.6894596,32.533255962000005,0.8114660620254495,0.8428823042154613,0.33681486991453335,0.7453428213658622,6.1897750140729215,0.5829126993965437,10.76,"[620.5999755859375, 445.20001220703125]"
turning_combined,1789044908.7394118,32.583208176,0.8879083888515956,0.8408944680093824,0.33754103342266667,0.7426479653165197,0.13973789776790824,0.6227961998815703,16.14,"[608.5999755859375, 471.6000061035156]"
turning_combined,1789044908.7895133,32.633309619,0.9621033668652268,0.8389406142099591,0.33826915125720003,0.7399458565916261,0.37266297344024935,0.6780195082454534,80.7,"[608.5999755859375, 471.6000061035156]"
turning_combined,1789044908.8394506,32.683246762,1.0295640811444011,0.8370333561195089,0.33899497127,0.7372522752833943,0.6040077477860919,0.7424467013366504,53.8,"[593.2000122070312, 538.4000244140625]"
turning_combined,1789044908.8893485,32.733144857,1.0868740707887445,0.835168210678299,0.33972057732306665,0.7345594879983752,0.8344395961794433,0.8406214717613314,53.8,"[593.2000122070312, 538.4000244140625]"
turning_combined,1789044908.9391415,32.78293785,1.1309272203601934,0.8333495400295345,0.3404446699910667,0.7318723170171998,1.0635496271744458,0.9111845880040709,10.76,"[546.0, 572.4000244140625]"
turning_combined,1789044908.9893992,32.833195391000004,1.159704000105033,0.8315614663831754,0.341174168594,0.7291650841404677,1.2935163322352778,0.9740778003073821,5.38,"[546.0, 572.4000244140625]"
turning_combined,1789044909.0394645,32.883260904000004,1.1713179777377585,0.8298238018823247,0.3419015737284,0.7264656203078663,1.5219741701140563,1.0369710126106935,2.69,"[524.5999755859375, 593.5999755859375]"
turning_combined,1789044909.0895317,32.933328164,1.1652913510829728,0.8281314764684975,0.3426294039046667,0.7237645791078642,1.749715586094716,1.0891263593988052,16.14,"[524.5999755859375, 593.5999755859375]"
turning_combined,1789044909.1394558,32.983252231,1.1420482708655424,0.8264912643452004,0.34335513567106674,0.7210713252897115,1.9759553778898251,1.1259418983080607,56.49,"[511.6000061035156, 609.5999755859375]"
turning_combined,1789044909.1895113,33.033307548,1.1027137918951495,0.8248958865767785,0.34408242580320003,0.7183722882405422,2.2018323199843124,1.1474176293384597,83.39,"[511.6000061035156, 609.5999755859375]"
turning_combined,1789044909.239436,33.083232174,1.0494888906253093,0.8233536501599814,0.34480793502066664,0.7156798603208722,2.4263116535332543,1.1535535524900022,18.83,"[479.3999938964844, 625.7999877929688]"
turning_combined,1789044909.2893398,33.133136143,0.9849331914495297,0.8218605605861066,0.3455339385894667,0.712985597820331,2.6500982888598585,1.1443496677626883,18.83,"[479.3999938964844, 625.7999877929688]"
turning_combined,1789044909.3392007,33.182996842,0.9124558953443626,0.8204216654719956,0.3462583843738667,0.7102971163934283,2.8725627156542046,1.1152040327928612,-2.69,"[475.20001220703125, 617.4000244140625]"
turning_combined,1789044909.3892574,33.233053617,0.8351609655018006,0.8190290678413946,0.3469857809190666,0.7075976844360968,3.0950843652938786,1.0783884938836057,-26.9,"[475.20001220703125, 617.4000244140625]"
turning_combined,1789044909.4392793,33.283075610000004,0.7571540414262397,0.8176906441451071,0.34771260695826667,0.7049003696762394,3.3165839162120747,1.026233147095494,-86.08,"[498.6000061035156, 603.0]"
turning_combined,1789044909.4892733,33.333069496,0.6821338238408206,0.8164064213454102,0.3484392630156,0.7022036857338997,3.5371844894392055,0.9679418771558396,-134.5,"[498.6000061035156, 603.0]"
turning_combined,1789044909.5392752,33.38307145,0.6136055415228752,0.8151765412104396,0.3491661307364,0.6995062162899932,3.7570016506523203,0.8989127417009857,-16.14,"[528.4000244140625, 566.2000122070312]"
turning_combined,1789044909.5894027,33.433199115,0.5546763507716338,0.814000054503795,0.3498943353930667,0.6968037853605978,3.9763723333992473,0.8114758367915041,-8.07,"[528.4000244140625, 566.2000122070312]"
turning_combined,1789044909.6393328,33.483128927,0.508317277895951,0.8128841478461808,0.35061978673880007,0.6941115722079723,4.194069215728497,0.7409127205487647,-43.04,"[565.5999755859375, 540.7999877929688]"
turning_combined,1789044909.6894283,33.533224723000004,0.47622595953742364,0.8118207678929672,0.3513481964172,0.6914083804250616,4.4118025788143385,0.6534758156392831,-43.04,"[565.5999755859375, 540.7999877929688]"
turning_combined,1789044909.7392771,33.583073499,0.4600117179364447,0.8108201234264225,0.3520729747969334,0.6887186647078974,4.627607685017644,0.5905826033359719,-59.18,"[603.4000244140625, 509.6000061035156]"
turning_combined,1789044909.7892814,33.633077589,0.4600868211740187,0.8098749534542238,0.3527996939725334,0.6860217465281706,4.843143346408773,0.543029198911517,-137.19,"[603.4000244140625, 509.6000061035156]"
turning_combined,1789044909.8393798,33.683176136,0.4763782042769795,0.8089874848692683,0.35352736906360005,0.6833212808628581,5.058112966529855,0.5062136600022615,-142.57,"[633.7999877929688, 440.79998779296875]"
turning_combined,1789044909.8894289,33.733225042,0.5079596935631999,0.808160100261967,0.35425455288440005,0.6806226383443097,5.27208904877768,0.48013598660820567,-126.42999999999999,"[633.7999877929688, 440.79998779296875]"
turning_combined,1789044909.9395506,33.783346868,0.5533277654318021,0.807391549281188,0.35498287560986674,0.6779197692513104,5.485549190714558,0.47093210188089185,-134.5,"[652.0, 393.6000061035156]"
turning_combined,1789044909.989436,33.833232286000005,0.6099648378529892,0.8066868172121701,0.35570780686573333,0.6752294861974958,5.697172186380563,0.4724660826687775,-2.69,"[652.0, 393.6000061035156]"
turning_combined,1789044910.039519,33.883315476,0.675708307429602,0.8060399993275746,0.35643584398213335,0.672527677024628,5.908851450241947,0.48933987133551954,2.69,"[638.7999877929688, 395.0]"
turning_combined,1789044910.08939,33.933186273000004,0.7469796850517891,0.8054572020103414,0.35716053726920005,0.6698382770937642,6.118715878924014,0.5307573526084318,2.69,"[638.7999877929688, 395.0]"
turning_combined,1789044910.1393552,33.983151492000005,0.8210848251171241,0.8049342891224918,0.3578872857294667,0.667141250236088,0.045142768102650166,0.5767767762450011,5.38,"[628.2000122070312, 430.3999938964844]"
turning_combined,1789044910.189262,34.033058243,0.8944018916858721,0.8044742333951554,0.3586125081461334,0.6644498866591755,0.25347097947543773,0.6289321230331129,29.59,"[628.2000122070312, 430.3999938964844]"
turning_combined,1789044910.2394638,34.083260153000005,0.9147383476949221,0.7546118400229631,0.3593408965477334,0.6617467738363231,0.4618574352418108,0.6887573737606529,88.77,"[609.0, 511.20001220703125]"
turning_combined,1789044910.2893941,34.133190447000004,0.9773980130024434,0.754107559829374,0.3600675999401334,0.6590499142294269,0.6689145362680478,0.7562525284276211,13.45,"[609.0, 511.20001220703125]"
turning_combined,1789044910.3395343,34.183330615,1.030750048266014,0.7536965816633983,0.3607958070093334,0.6563474743469102,0.8755492785110874,0.8314175870340175,2.69,"[565.5999755859375, 565.5999755859375]"
turning_combined,1789044910.3893843,34.233180702000006,1.0723072341919058,0.7533814438829993,0.3615209368922667,0.6536564541707446,1.0804672228373846,0.8866408953979006,2.69,"[565.5999755859375, 565.5999755859375]"
turning_combined,1789044910.439297,34.283093288,1.1006701808967738,0.7531603749714845,0.36224620914373334,0.6509649056525475,1.284581447458308,0.9326603190344698,32.28,"[532.7999877929688, 579.0]"
turning_combined,1789044910.4893863,34.33318263,1.1147829455862368,0.7530332799194671,0.36297426795840004,0.6482630159555215,1.4886294479864688,0.9955535313377811,32.28,"[532.7999877929688, 579.0]"
turning_combined,1789044910.5393631,34.383159570000004,1.114058458603732,0.7530012409813499,0.3637009442606667,0.6455662568824705,1.6914427582580487,1.0415729549743504,2.69,"[522.5999755859375, 598.5999755859375]"
turning_combined,1789044910.5892782,34.433074718,1.0987378245901303,0.7530637167631722,0.3644260992717333,0.6428751434536127,1.8929878009518433,1.0753205323078345,24.21,"[522.5999755859375, 598.5999755859375]"
turning_combined,1789044910.6392853,34.483081654,1.0695006592551697,0.7532209538378083,0.3651528605358667,0.6401780690796713,2.0941318543574,1.0967962633382335,40.35,"[524.7999877929688, 596.2000122070312]"
turning_combined,1789044910.689382,34.533178328000005,1.0275823842934522,0.7534733405894751,0.36588088820560005,0.6374762949642068,2.2947760308462506,1.102932186489776,2.69,"[524.7999877929688, 596.2000122070312]"
turning_combined,1789044910.7393284,34.583124774000005,0.9749912792726533,0.7538193297939362,0.36660670823293334,0.6347827136020406,2.4939665542270717,1.0998642249140047,-2.69,"[504.0, 608.0]"
turning_combined,1789044910.7893343,34.633130682,0.9137108941110724,0.7542599853561427,0.36733351207973336,0.6320854812001133,2.692579551729821,1.081456455459377,-5.38,"[504.0, 608.0]"
turning_combined,1789044910.8395047,34.683301004,0.8461194473461514,0.7547961281408719,0.3680621957405334,0.6293812726446434,2.890854333962338,1.0538448012774355,-18.83,"[521.5999755859375, 592.0]"
turning_combined,1789044910.8893685,34.733164686,0.7754142792106622,0.7554232363469897,0.3687874741541333,0.6266897012582326,3.087358581971827,1.0032234352772094,-18.83,"[521.5999755859375, 592.0]"
turning_combined,1789044910.939242,34.7830381,0.7041070811303205,0.7561426736231707,0.36951225298440005,0.6239999838691002,3.282884670342085,0.9541360500648688,-102.22,"[528.2000122070312, 574.0]"
turning_combined,1789044910.9892616,34.833058107,0.634662818296109,0.7569573026286429,0.37023949448800003,0.6213011272846551,3.4782265810847974,0.8897088569736719,-2.69,"[528.2000122070312, 574.0]"
turning_combined,1789044911.0394413,34.883237449,0.569860375175667,0.7578659867039894,0.3709680067136001,0.6185975549401498,3.6730583067661797,0.8176117599430467,-21.52,"[561.2000122070312, 537.7999877929688]"
turning_combined,1789044911.0895176,34.933313925,0.5123107774133726,0.758865760540707,0.37169579073200004,0.6158966850360125,3.8668454742997227,0.7562525284276211,-40.35,"[561.2000122070312, 537.7999877929688]"
turning_combined,1789044911.1395113,34.983307762,0.46413233116850916,0.7599550654941479,0.3724224301486667,0.6132000628486367,4.059480731469293,0.6872233929727672,-53.8,"[571.5999755859375, 528.7999877929688]"
turning_combined,1789044911.1895416,35.033337712000005,0.42694345250233,0.7611353384874906,0.37314944016533336,0.6105020653323708,4.251366234895201,0.6166602767300278,-45.73,"[571.5999755859375, 528.7999877929688]"
turning_combined,1789044911.2392907,35.0830871,0.40216564514551056,0.7623986484430817,0.3738727703856,0.6078177238611658,4.441441061820868,0.5583690067903734,-115.67,"[605.4000244140625, 480.6000061035156]"
turning_combined,1789044911.2892823,35.133078817000005,0.390381281364997,0.7637561466015457,0.3745993122981333,0.6051214635201246,4.631512939110266,0.500077736850719,-115.67,"[605.4000244140625, 480.6000061035156]"
turning_combined,1789044911.339413,35.183209268,0.3921023806752561,0.7652061128567643,0.3753280734797334,0.6024169672782116,4.821313311662678,0.461728217153578,-164.09,"[632.4000244140625, 410.6000061035156]"
turning_combined,1789044911.3892696,35.233065911000004,0.40712463585342973,0.766734649808383,0.3760527013377334,0.5997278101603153,5.00919473784559,0.4295146206079795,-215.2,"[632.4000244140625, 410.6000061035156]"
turning_combined,1789044911.4392872,35.283083501,0.4349268009042054,0.768353998477201,0.3767796149257334,0.5970301704992328,5.196821031364593,0.4141748127291231,-225.96,"[651.5999755859375, 373.3999938964844]"
turning_combined,1789044911.4892945,35.333090748000004,0.4744229639273027,0.7700576049246606,0.3775061767053334,0.594333836429776,5.383509562282754,0.41264083194123746,-190.99,"[651.5999755859375, 373.3999938964844]"
turning_combined,1789044911.539416,35.383212421,0.5243385591120528,0.7718497502164732,0.37823456310133335,0.5916307310498801,5.569815709241553,0.41264083194123746,-51.11,"[656.4000244140625, 361.0]"
turning_combined,1789044911.5893183,35.433114614000004,0.5825507581363873,0.7737165212724266,0.37895967927933333,0.5889397617339163,5.7544418130707555,0.42184471666855133,2.69,"[656.4000244140625, 361.0]"
turning_combined,1789044911.6392949,35.48309119,0.647409375994101,0.775668719674458,0.3796862968814667,0.5862432205021744,5.9386031171345195,0.45099035163837853,5.38,"[661.4000244140625, 369.6000061035156]"
turning_combined,1789044911.6893644,35.533160741,0.7167216244911316,0.7777043656239511,0.38041397796026666,0.5835427326158619,6.122184391849416,0.49854375606283335,5.38,"[661.4000244140625, 369.6000061035156]"
turning_combined,1789044911.7391765,35.582972752,0.7877560005589285,0.7798089682520045,0.3811381444285334,0.5808552877554666,0.020852303480630496,0.5476311412751739,2.69,"[646.2000122070312, 413.79998779296875]"
turning_combined,1789044911.7892835,35.633079772,0.8589190179501899,0.7820025051534868,0.3818661135144001,0.5781537310498355,0.20281019818786916,0.602854449639057,8.07,"[646.2000122070312, 413.79998779296875]"
turning_combined,1789044911.8392975,35.683093875000004,0.9274768984613566,0.7842693151469673,0.38259300211960007,0.5754561841021008,0.3836503055533953,0.6611457195787114,48.42,"[626.7999877929688, 501.79998779296875]"
turning_combined,1789044911.8904662,35.734262423000004,0.9927597886733568,0.7866641619434585,0.38333607923040003,0.5726985601995793,0.5676319976998272,0.7255729126699083,51.11,"[626.7999877929688, 501.79998779296875]"
turning_combined,1789044911.939417,35.783213212,1.0488382605404014,0.7890295196666826,0.38404765353906667,0.5700578459406153,0.7430013995784108,0.7976700097005334,2.69,"[576.0, 566.0]"
turning_combined,1789044911.9894485,35.833244794,1.0979572430692264,0.7915176580566727,0.3847747188696,0.5673596431497703,0.9213404750004699,0.8728350683069298,2.69,"[576.0, 566.0]"
turning_combined,1789044912.039508,35.883304461,1.1374569453422234,0.7940780481352712,0.3855022775632001,0.5646596094455982,1.098951283691882,0.9357282806102412,2.69,"[538.7999877929688, 586.5999755859375]"
turning_combined,1789044912.0894144,35.933210576,1.1661860466768916,0.7967007833198219,0.38622802738000006,0.5619662886408386,1.2752754473124455,1.0078253776408663,2.69,"[538.7999877929688, 586.5999755859375]"
turning_combined,1789044912.1391609,35.982957378,1.1835223728305384,0.7993817169200182,0.38695143852186664,0.5592816468625258,1.4501917928326051,1.0615147052168636,10.76,"[520.2000122070312, 605.4000244140625]"
turning_combined,1789044912.1892471,36.033043415,1.1892474698187518,0.8021449823388893,0.38767939904760007,0.5565801219242951,1.6253579310192876,1.102932186489776,45.73,"[520.2000122070312, 605.4000244140625]"
turning_combined,1789044912.2392612,36.08305724,1.1832719890784338,0.8049669369526516,0.3884060251226667,0.5538835492487596,1.7993558598784247,1.1366797638232602,72.63,"[501.6000061035156, 631.2000122070312]"
turning_combined,1789044912.2893043,36.133100534,1.1659977366774859,0.8078518692942984,0.3891329167072,0.5511859912444593,1.9725696425047303,1.158155494853659,91.46,"[501.6000061035156, 631.2000122070312]"
turning_combined,1789044912.339422,36.183218276000005,1.1380898686442533,0.8108020938757282,0.3898610686078667,0.5484837560971768,2.1452330833533537,1.1719613219446299,91.46,"[476.20001220703125, 641.0]"
