mode,t_ros_sec,t_rel_sec,tail_target_rad,center_rad,tail_amp_rad,tail_freq_hz,phase_rad,real_position_rad,present_current_ma,sensor_values
std,1789044055.6396713,0.039636897000000004,0.9523408945874308,0.903,0.4,0.5,0.12366721458745747,0.7992039904884191,45.73,"[573.5999755859375, 550.7999877929688]"
std,1789044055.6895025,0.089468088,1.013773248952411,0.903,0.4,0.5,0.2806009265713732,0.8605632220038447,2.69,"[573.5999755859375, 550.7999877929688]"
std,1789044055.739389,0.13935470900000002,1.0724296054787783,0.903,0.4,0.5,0.4373871282138323,0.9004467224888714,-37.66,"[550.2000122070312, 559.2000122070312]"
std,1789044055.7895234,0.18948888300000002,1.127150651778368,0.903,0.4,0.5,0.5948404659058371,0.9111845880040709,13.45,"[550.2000122070312, 559.2000122070312]"
std,1789044055.8393307,0.239296325,1.1760771313583849,0.903,0.4,0.5,0.7514415649091466,0.9249904150950417,61.87,"[532.5999755859375, 559.0]"
std,1789044055.889415,0.28938051000000004,1.218498735448408,0.903,0.4,0.5,0.9087677277889414,0.9648739155800683,10.76,"[532.5999755859375, 559.0]"
std,1789044055.9393368,0.339302514,1.253037981215645,0.903,0.4,0.5,1.0656319854424716,1.0400389741864646,10.76,"[521.4000244140625, 574.2000122070312]"
std,1789044055.9895391,0.389504699,1.2790593745121903,0.903,0.4,0.5,1.2230656410565017,1.0952622825503477,16.14,"[521.4000244140625, 574.2000122070312]"
std,1789044056.0393698,0.439335321,1.29573151134342,0.903,0.4,0.5,1.3798695235824152,1.1520195717021164,48.42,"[497.20001220703125, 604.2000122070312]"
std,1789044056.0893135,0.489278914,1.3027692922713687,0.903,0.4,0.5,1.5368309098560164,1.201106956914457,104.91,"[497.20001220703125, 604.2000122070312]"
std,1789044056.1392605,0.53922612,1.299979015229648,0.903,0.4,0.5,1.6937759001575585,1.2409904573994837,126.42999999999999,"[448.6000061035156, 640.4000244140625]"
std,1789044056.1892934,0.589259034,1.2874084740080871,0.903,0.4,0.5,1.8509202465041195,1.265534150005654,153.32999999999998,"[448.6000061035156, 640.4000244140625]"
std,1789044056.2394445,0.6394101680000001,1.2653103793611518,0.903,0.4,0.5,2.008385384018131,1.2808739578845103,161.4,"[420.6000061035156, 661.7999877929688]"
std,1789044056.2894504,0.689416,1.2343395096425098,0.903,0.4,0.5,2.1654389226290403,1.2839419194602817,126.42999999999999,"[420.6000061035156, 661.7999877929688]"
std,1789044056.3394735,0.739439073,1.1951744689823918,0.903,0.4,0.5,2.322632290387368,1.282407938672396,51.11,"[417.20001220703125, 661.4000244140625]"
std,1789044056.389399,0.78936468,1.1489131829552233,0.903,0.4,0.5,2.4794819082191326,1.2732040539450822,-2.69,"[417.20001220703125, 661.4000244140625]"
std,1789044056.4394786,0.839444312,1.0964871438167192,0.903,0.4,0.5,2.6366950083209173,1.244058418975255,-2.69,"[416.0, 655.4000244140625]"
std,1789044056.4894135,0.889379063,1.0393444001546144,0.903,0.4,0.5,2.7937600608689017,1.210310841641771,-2.69,"[416.0, 655.4000244140625]"
std,1789044056.5392861,0.939251778,0.9789873206204476,0.903,0.4,0.5,2.9504627935361474,1.1719613219446299,-2.69,"[436.79998779296875, 656.5999755859375]"
std,1789044056.589349,0.989314562,0.916554364697834,0.903,0.4,0.5,3.107700253547368,1.1259418983080607,-16.14,"[436.79998779296875, 656.5999755859375]"
std,1789044056.639353,1.039318518,0.8538779858916189,0.903,0.4,0.5,3.264708474684249,1.0783884938836057,-16.14,"[479.6000061035156, 624.4000244140625]"
std,1789044056.6893733,1.0893388080000002,0.7923343583521648,0.903,0.4,0.5,3.4219136234150276,1.0246991663076084,-86.08,"[479.6000061035156, 624.4000244140625]"
std,1789044056.7393644,1.139330038,0.7335781751082477,0.903,0.4,0.5,3.5789583090178385,0.9679418771558396,-91.46,"[513.0, 600.5999755859375]"
std,1789044056.7894232,1.18938881,0.6789277689944164,0.903,0.4,0.5,3.7361964287635163,0.9019807032767571,-10.76,"[513.0, 600.5999755859375]"
std,1789044056.8397112,1.2396767400000002,0.6296371060797701,0.903,0.4,0.5,3.8940123596548206,0.8206797215188181,-10.76,"[547.4000244140625, 555.7999877929688]"
std,1789044056.8894606,1.289426152,0.5874792254873149,0.903,0.4,0.5,4.050450017300327,0.7685243747307062,-13.45,"[547.4000244140625, 555.7999877929688]"
std,1789044056.9392874,1.339253008,0.55298989397689,0.903,0.4,0.5,4.207080659840951,0.7148350471547088,-34.97,"[567.4000244140625, 534.5999755859375]"
std,1789044056.9893088,1.389274278,0.5270039403775024,0.903,0.4,0.5,4.364194086632615,0.662679700366597,-5.38,"[567.4000244140625, 534.5999755859375]"
std,1789044057.039459,1.439424416,0.5102467741091918,0.903,0.4,0.5,4.521748454802767,0.6166602767300278,-51.11,"[586.5999755859375, 513.5999755859375]"
std,1789044057.0894406,1.489406156,0.5032270181083012,0.903,0.4,0.5,4.678696281962475,0.581378718608658,-112.98,"[586.5999755859375, 513.5999755859375]"
std,1789044057.1394248,1.5393905490000002,0.5060416258143214,0.903,0.4,0.5,4.8357885030037275,0.5522330836388308,-110.28999999999999,"[599.2000122070312, 463.20001220703125]"
std,1789044057.1893804,1.5893460300000002,0.5186183747653973,0.903,0.4,0.5,4.9927555755600315,0.5292233718205462,-104.91,"[599.2000122070312, 463.20001220703125]"
std,1789044057.239316,1.639281537,0.5406245620117509,0.903,0.4,0.5,5.149594059587431,0.516951525517461,-104.91,"[614.0, 429.20001220703125]"
std,1789044057.289365,1.6893305730000001,0.571616715911405,0.903,0.4,0.5,5.306836200571706,0.5154175447295755,-118.36,"[614.0, 429.20001220703125]"
std,1789044057.3392982,1.7392637480000002,0.6106861079825878,0.903,0.4,0.5,5.4637144571621,0.5184855063053467,2.69,"[614.4000244140625, 420.20001220703125]"
std,1789044057.3892772,1.789242948,0.6569947806139798,0.903,0.4,0.5,5.620782792674407,0.5307573526084318,2.69,"[614.4000244140625, 420.20001220703125]"
std,1789044057.439467,1.8394323510000001,0.7095395872319423,0.903,0.4,0.5,5.778364015178561,0.5522330836388308,2.69,"[607.7999877929688, 438.79998779296875]"
std,1789044057.4894185,1.8893842010000002,0.7666404629118235,0.903,0.4,0.5,5.935312461232022,0.581378718608658,2.69,"[607.7999877929688, 438.79998779296875]"
std,1789044057.5392923,1.939257942,0.8270284221414157,0.903,0.4,0.5,6.092095533848198,0.6181942575179133,2.69,"[597.7999877929688, 480.6000061035156]"
std,1789044057.5892954,1.9892611100000002,0.8893944731882955,0.903,0.4,0.5,6.24916492807723,0.662679700366597,53.8,"[597.7999877929688, 480.6000061035156]"
std,1789044057.63933,2.0392954530000003,0.9521378139004458,0.903,0.4,0.5,0.1231556219317822,0.7148350471547088,56.49,"[596.5999755859375, 530.2000122070312]"
std,1789044057.6893437,2.089309289,1.0136079890232375,0.903,0.4,0.5,0.28017098705035703,0.786932144185334,56.49,"[596.5999755859375, 530.2000122070312]"
std,1789044057.7392633,2.1392288340000003,1.0723370017506124,0.903,0.4,0.5,0.43713157535942404,0.8482913757007595,2.69,"[561.5999755859375, 560.4000244140625]"
std,1789044057.789468,2.189433611,1.1270854978751566,0.903,0.4,0.5,0.5946438147720912,0.9019807032767571,10.76,"[561.5999755859375, 560.4000244140625]"
std,1789044057.8394675,2.239433254,1.1761551134721873,0.903,0.4,0.5,0.751708402364363,0.961805954004297,5.38,"[539.0, 573.2000122070312]"
std,1789044057.8894184,2.289383824,1.2184970444874137,0.903,0.4,0.5,0.9087608508426213,1.0200972239439514,8.07,"[539.0, 573.2000122070312]"
std,1789044057.9394016,2.339367037,1.2530705409290936,0.903,0.4,0.5,1.0658002083042923,1.0783884938836057,34.97,"[529.2000122070312, 588.0]"
std,1789044057.9894207,2.389386308,1.2790408561738544,0.903,0.4,0.5,1.2229298080149373,1.1305438406717176,67.25,"[529.2000122070312, 588.0]"
std,1789044058.039345,2.439310626,1.2957287786919176,0.903,0.4,0.5,1.3798335272137896,1.1811652066719438,67.25,"[481.79998779296875, 618.2000122070312]"
std,1789044058.089376,2.489341387,1.3027718294401835,0.903,0.4,0.5,1.5370182084684298,1.2164467647933135,123.74,"[481.79998779296875, 618.2000122070312]"
std,1789044058.1392891,2.53925489,1.2999758285451126,0.903,0.4,0.5,1.693840827452929,1.2455923997631406,147.95,"[442.79998779296875, 639.0]"
std,1789044058.1894314,2.589396927,1.2873685840559204,0.903,0.4,0.5,1.8512807222699692,1.2670681307935396,158.71,"[442.79998779296875, 639.0]"
std,1789044058.239458,2.63942376,1.2653056441528097,0.903,0.4,0.5,2.008413319060006,1.2793399770966247,164.09,"[423.3999938964844, 656.2000122070312]"
std,1789044058.2894237,2.689389276,1.2343449928753494,0.903,0.4,0.5,2.1654144527638604,1.282407938672396,139.88,"[423.3999938964844, 656.2000122070312]"
std,1789044058.3395224,2.7394880240000004,1.1951331567692456,0.903,0.4,0.5,2.3227834983833766,1.2808739578845103,34.97,"[417.6000061035156, 653.5999755859375]"
std,1789044058.3894196,2.78938531,1.148899067390961,0.903,0.4,0.5,2.479526650781704,1.2716700731571966,-2.69,"[417.6000061035156, 653.5999755859375]"
std,1789044058.4392667,2.839232178,1.0966402338816026,0.903,0.4,0.5,2.6362576672076106,1.244058418975255,-2.69,"[417.20001220703125, 653.7999877929688]"
std,1789044058.4894283,2.8893938990000003,1.0393680322453598,0.903,0.4,0.5,2.793697216449459,1.210310841641771,-2.69,"[417.20001220703125, 653.7999877929688]"
std,1789044058.5393014,2.9392670250000004,0.9789712422748702,0.903,0.4,0.5,2.9505037347716083,1.1719613219446299,-2.69,"[433.0, 644.2000122070312]"
std,1789044058.5894403,2.9894059040000003,0.9165026057995563,0.903,0.4,0.5,3.107829724863807,1.1259418983080607,-16.14,"[433.0, 644.2000122070312]"
std,1789044058.639386,3.0393515300000002,0.8538202657088139,0.903,0.4,0.5,3.2648538770170337,1.0768545130957201,-10.76,"[481.20001220703125, 622.7999877929688]"
std,1789044058.6894372,3.089402552,0.7922638746052577,0.903,0.4,0.5,3.4220969950366236,1.0231651855197226,-86.08,"[481.20001220703125, 622.7999877929688]"
std,1789044058.7392793,3.139244897,0.7336378201423808,0.903,0.4,0.5,3.578793708412345,0.966407896367954,-99.53,"[516.2000122070312, 591.5999755859375]"
std,1789044058.7893531,3.1893186630000003,0.6789788651516847,0.903,0.4,0.5,3.7360422299712983,0.9004467224888714,-8.07,"[516.2000122070312, 591.5999755859375]"
std,1789044058.8394005,3.2393661930000004,0.6298550352117178,0.903,0.4,0.5,3.893266325647371,0.8176117599430467,-8.07,"[547.4000244140625, 556.4000244140625]"
std,1789044058.8895633,3.289528884,0.587386770472974,0.903,0.4,0.5,4.0508261570471475,0.765456413154935,-34.97,"[547.4000244140625, 556.4000244140625]"
std,1789044058.93928,3.339245682,0.5529855032895213,0.903,0.4,0.5,4.207103335856724,0.7117670855789375,-18.83,"[572.4000244140625, 535.4000244140625]"
std,1789044058.9892821,3.389247859,0.5270033388216803,0.903,0.4,0.5,4.364198494287107,0.6611457195787114,-5.38,"[572.4000244140625, 535.4000244140625]"
std,1789044059.0394053,3.439370943,0.510261037387038,0.903,0.4,0.5,4.5215603645090034,0.6166602767300278,-61.87,"[599.0, 517.4000244140625]"
std,1789044059.0893943,3.489359979,0.503228442758281,0.903,0.4,0.5,4.678590718166129,0.5829126993965437,-115.67,"[599.0, 517.4000244140625]"
std,1789044059.1394188,3.53938429,0.5060400749287688,0.903,0.4,0.5,4.835756999112597,0.5522330836388308,-102.22,"[599.7999877929688, 469.20001220703125]"
std,1789044059.1895301,3.5894959080000004,0.5186653468562656,0.903,0.4,0.5,4.993179646585968,0.5292233718205462,-99.53,"[599.7999877929688, 469.20001220703125]"
std,1789044059.239275,3.6392405470000004,0.5406216117299256,0.903,0.4,0.5,5.149576639456168,0.5154175447295755,-99.53,"[614.5999755859375, 431.20001220703125]"
std,1789044059.2892902,3.6892556130000003,0.5715767288539748,0.903,0.4,0.5,5.306657679569167,0.5154175447295755,-126.42999999999999,"[614.5999755859375, 431.20001220703125]"
std,1789044059.3392546,3.739220313,0.610684568253274,0.903,0.4,0.5,5.463708818003289,0.5184855063053467,0.0,"[616.0, 427.0]"
std,1789044059.3894548,3.789420545,0.6571303844029164,0.903,0.4,0.5,5.621212653655608,0.5307573526084318,2.69,"[616.0, 427.0]"
std,1789044059.4393198,3.8392853650000003,0.7094173566736581,0.903,0.4,0.5,5.778014855429452,0.5537670644267164,2.69,"[611.2000122070312, 432.6000061035156]"
std,1789044059.4894018,3.8893674010000003,0.7666270592370537,0.903,0.4,0.5,5.935276816721778,0.5829126993965437,2.69,"[611.2000122070312, 432.6000061035156]"
std,1789044059.5393171,3.9392825730000003,0.8270287675952409,0.903,0.4,0.5,6.092096413494145,0.619728238305799,2.69,"[602.4000244140625, 478.79998779296875]"
std,1789044059.589387,3.9893523670000004,0.8894920150925087,0.903,0.4,0.5,6.249408923012268,0.662679700366597,45.73,"[602.4000244140625, 478.79998779296875]"
std,1789044059.6393585,4.039324132,0.9521060122031951,0.903,0.4,0.5,0.12307551131912042,0.7271068934577939,45.73,"[595.2000122070312, 537.0]"
std,1789044059.6894267,4.089392211,1.0137603372103035,0.903,0.4,0.5,0.28056733352113206,0.786932144185334,37.66,"[595.2000122070312, 537.0]"
std,1789044059.7394423,4.139407737,1.0724973348349613,0.903,0.4,0.5,0.4375740561183168,0.8467573949128739,2.69,"[561.2000122070312, 564.0]"
std,1789044059.7894664,4.1894319840000005,1.1271193374353041,0.903,0.4,0.5,0.5947459479492636,0.9019807032767571,8.07,"[561.2000122070312, 564.0]"
std,1789044059.8394005,4.239366116,1.1761401524251867,0.903,0.4,0.5,0.7516572038288913,0.9633399347921826,5.38,"[540.2000122070312, 577.2000122070312]"
std,1789044059.88951,4.289475634,1.218572448075042,0.903,0.4,0.5,0.9090675676749882,1.021631204731837,5.38,"[540.2000122070312, 577.2000122070312]"
std,1789044059.9393954,4.339361113000001,1.2530684811201473,0.903,0.4,0.5,1.0657895645883855,1.0799224746714913,37.66,"[523.2000122070312, 595.2000122070312]"
std,1789044059.9894254,4.389391188,1.2790300405723183,0.903,0.4,0.5,1.2228504985084,1.1305438406717176,72.63,"[523.2000122070312, 595.2000122070312]"
std,1789044060.0392683,4.439233809,1.2957138486477355,0.903,0.4,0.5,1.3796369766110121,1.1811652066719438,72.63,"[490.3999938964844, 622.0]"
std,1789044060.0892954,4.489260959,1.3027675035520734,0.903,0.4,0.5,1.5366994813273536,1.2164467647933135,131.81,"[490.3999938964844, 622.0]"
std,1789044060.1392481,4.539213711,1.2999806776791638,0.903,0.4,0.5,1.6937420149391968,1.2455923997631406,147.95,"[457.3999938964844, 640.5999755859375]"
std,1789044060.1894493,4.589414982,1.2873654618263117,0.903,0.4,0.5,1.8513089180640367,1.2670681307935396,156.02,"[457.3999938964844, 640.5999755859375]"
std,1789044060.239422,4.639387709,1.265318270746754,0.903,0.4,0.5,2.008338825615006,1.2808739578845103,161.4,"[424.3999938964844, 654.4000244140625]"
std,1789044060.289515,4.689480595,1.2342765132113378,0.903,0.4,0.5,2.16571999149898,1.282407938672396,129.12,"[424.3999938964844, 654.4000244140625]"
std,1789044060.3395348,4.739500367000001,1.1951119216963968,0.903,0.4,0.5,2.3228612119608503,1.282407938672396,53.8,"[419.0, 654.0]"
std,1789044060.3895786,4.789544081000001,1.1488083144244685,0.903,0.4,0.5,2.479814276155512,1.2701360923693108,-2.69,"[419.0, 654.0]"
std,1789044060.4392595,4.839225156,1.0966392156762255,0.903,0.4,0.5,2.6362605763224085,1.2409904573994837,-2.69,"[418.79998779296875, 650.7999877929688]"
std,1789044060.4893541,4.889319711000001,1.0394719153811727,0.903,0.4,0.5,2.793420944791503,1.210310841641771,-2.69,"[418.79998779296875, 650.7999877929688]"
std,1789044060.5392401,4.93920572,0.9790336845654246,0.903,0.4,0.5,2.9503447324842256,1.1734953027325155,-2.69,"[433.6000061035156, 638.5999755859375]"
std,1789044060.589284,4.989249449,0.9166145392178632,0.903,0.4,0.5,3.1075497304185564,1.1259418983080607,-16.14,"[433.6000061035156, 638.5999755859375]"
std,1789044060.63927,5.03923555,0.853920136510803,0.903,0.4,0.5,3.2646022951357434,1.0799224746714913,-18.83,"[474.20001220703125, 624.2000122070312]"
std,1789044060.6894689,5.089434364000001,0.792234869020674,0.903,0.4,0.5,3.4221724592337566,1.0246991663076084,-88.77,"[474.20001220703125, 624.2000122070312]"
std,1789044060.7395113,5.139476631,0.7334140742148096,0.903,0.4,0.5,3.5794112387138917,0.9679418771558396,-102.22,"[513.2000122070312, 591.7999877929688]"
std,1789044060.7895052,5.189470636,0.6788333421053844,0.903,0.4,0.5,3.7364814340490504,0.9019807032767571,-13.45,"[513.2000122070312, 591.7999877929688]"
std,1789044060.8393304,5.239296104,0.629876537188899,0.903,0.4,0.5,3.893192746405834,0.8191457407309324,-13.45,"[545.4000244140625, 561.0]"
std,1789044060.8894587,5.289424105,0.5874431258927626,0.903,0.4,0.5,4.050596861624143,0.7669903939428205,-32.28,"[545.4000244140625, 561.0]"
std,1789044060.9393783,5.339343762,0.5529421857740343,0.903,0.4,0.5,4.207327102076665,0.7133010663668231,-32.28,"[572.7999877929688, 549.0]"
std,1789044060.9892886,5.3892542510000006,0.5270030849956127,0.903,0.4,0.5,4.364200354109961,0.6611457195787114,-5.38,"[572.7999877929688, 549.0]"
std,1789044061.0392454,5.439210973000001,0.5102906925062406,0.903,0.4,0.5,4.521169886533315,0.6166602767300278,-45.73,"[605.4000244140625, 515.4000244140625]"
std,1789044061.0893142,5.489279735,0.503230712252097,0.903,0.4,0.5,4.678423230436991,0.581378718608658,-99.53,"[605.4000244140625, 515.4000244140625]"
std,1789044061.1394572,5.539422758000001,0.5060423763443329,0.903,0.4,0.5,4.835803746011287,0.5506991028509451,-107.6,"[601.7999877929688, 467.79998779296875]"
std,1789044061.1896672,5.5896328440000005,0.5186966711670222,0.903,0.4,0.5,4.993462100898274,0.526155410244775,-107.6,"[601.7999877929688, 467.79998779296875]"
std,1789044061.2393084,5.639273866,0.5406326696013033,0.903,0.4,0.5,5.1496419280347006,0.5154175447295755,-107.6,"[615.4000244140625, 432.3999938964844]"
std,1789044061.2895322,5.689497904,0.5717474157698117,0.903,0.4,0.5,5.30741937755759,0.5154175447295755,-83.39,"[615.4000244140625, 432.3999938964844]"
std,1789044061.3392282,5.739193958,0.6106469082538535,0.903,0.4,0.5,5.46357088009465,0.5184855063053467,-2.69,"[615.7999877929688, 421.6000061035156]"
std,1789044061.3894644,5.789430005000001,0.6571524920015259,0.903,0.4,0.5,5.6212827205965645,0.5307573526084318,2.69,"[615.7999877929688, 421.6000061035156]"
std,1789044061.4394531,5.839418618000001,0.7094536843150636,0.903,0.4,0.5,5.778118634801174,0.5522330836388308,2.69,"[609.5999755859375, 433.3999938964844]"
std,1789044061.4894319,5.889397587,0.7666417021639069,0.903,0.4,0.5,5.935315756762723,0.581378718608658,2.69,"[609.5999755859375, 433.3999938964844]"
std,1789044061.5394263,5.939391875,0.8271495036037528,0.903,0.4,0.5,6.092403840326451,0.6181942575179133,2.69,"[596.0, 479.6000061035156]"
std,1789044061.589422,5.989387632000001,0.889518791343928,0.903,0.4,0.5,6.249475901767646,0.662679700366597,59.18,"[596.0, 479.6000061035156]"
std,1789044061.6392677,6.039233152,0.9520727497849358,0.903,0.4,0.5,0.12299172190146024,0.7240389318820226,59.18,"[599.2000122070312, 529.7999877929688]"
std,1789044061.6892595,6.0892252650000005,1.013544244720726,0.903,0.4,0.5,0.2800051643653312,0.7838641826095626,29.59,"[599.2000122070312, 529.7999877929688]"
std,1789044061.7394967,6.139462271,1.0725142921430812,0.903,0.4,0.5,0.43762085956567276,0.8482913757007595,2.69,"[562.4000244140625, 560.2000122070312]"
std,1789044061.7894723,6.189438030000001,1.1271229918846615,0.903,0.4,0.5,0.5947569780810724,0.9035146840646426,2.69,"[562.4000244140625, 560.2000122070312]"
std,1789044061.8394008,6.239366289,1.176133158668172,0.903,0.4,0.5,0.7516332711760576,0.9633399347921826,8.07,"[537.5999755859375, 581.7999877929688]"
std,1789044061.8894162,6.289381871000001,1.2184797230584277,0.903,0.4,0.5,0.9086904100521487,1.021631204731837,2.69,"[537.5999755859375, 581.7999877929688]"
std,1789044061.939351,6.339316738,1.2530416039103953,0.903,0.4,0.5,1.065650699909913,1.0799224746714913,34.97,"[526.4000244140625, 596.7999877929688]"
std,1789044061.9894984,6.3894640560000004,1.2790687212023855,0.903,0.4,0.5,1.2231342188825423,1.1305438406717176,69.94,"[526.4000244140625, 596.7999877929688]"
std,1789044062.0394459,6.439411489,1.2957517206728966,0.903,0.4,0.5,1.380135943205815,1.1811652066719438,69.94,"[488.3999938964844, 619.7999877929688]"
std,1789044062.0891817,6.489147213000001,1.3027641236535072,0.903,0.4,0.5,1.5364525113040806,1.2164467647933135,131.81,"[488.3999938964844, 619.7999877929688]"
std,1789044062.1393042,6.539269711,1.29997432983806,0.903,0.4,0.5,1.6938713511671573,1.2455923997631406,142.57,"[448.3999938964844, 644.7999877929688]"
std,1789044062.1892805,6.589246102000001,1.287411958871541,0.903,0.4,0.5,1.8508887331882171,1.2670681307935396,161.4,"[448.3999938964844, 644.7999877929688]"
std,1789044062.2394595,6.639425108,1.265308369115493,0.903,0.4,0.5,2.0083972435304034,1.2793399770966247,161.4,"[425.3999938964844, 655.4000244140625]"
std,1789044062.2894802,6.689445965,1.2343011327242834,0.903,0.4,0.5,2.1656101614198136,1.282407938672396,131.81,"[425.3999938964844, 655.4000244140625]"
std,1789044062.3394172,6.739382755,1.1952277295686695,0.903,0.4,0.5,2.3224373137225136,1.2808739578845103,48.42,"[418.20001220703125, 658.0]"
std,1789044062.389555,6.789520597,1.1487633150062773,0.903,0.4,0.5,2.47995686990447,1.2716700731571966,-2.69,"[418.20001220703125, 658.0]"
std,1789044062.4392924,6.839258125000001,1.0966323982761916,0.903,0.4,0.5,2.636280054196863,1.2425244381873692,-2.69,"[419.3999938964844, 647.0]"
std,1789044062.4892259,6.889191473,1.0395409681590824,0.903,0.4,0.5,2.7932372872849776,1.210310841641771,-2.69,"[419.3999938964844, 647.0]"
std,1789044062.5392506,6.939216099,0.9790107186298374,0.903,0.4,0.5,2.950403213231475,1.1734953027325155,-2.69,"[435.3999938964844, 638.0]"
std,1789044062.5893025,6.989268197,0.9165977414235021,0.903,0.4,0.5,3.107591749220301,1.1274758790959463,-13.45,"[435.3999938964844, 638.0]"
std,1789044062.6394784,7.039444028,0.8536927656952824,0.903,0.4,0.5,3.2651750703083486,1.0783884938836057,-10.76,"[478.3999938964844, 621.2000122070312]"
std,1789044062.6894,7.08936554,0.7923006973069374,0.903,0.4,0.5,3.422001195310248,1.0246991663076084,-88.77,"[478.3999938964844, 621.2000122070312]"
std,1789044062.7395031,7.139468734,0.7334228149441343,0.903,0.4,0.5,3.5793871112823155,0.966407896367954,-99.53,"[516.2000122070312, 591.4000244140625]"
std,1789044062.7894988,7.189464237,0.6788464579439693,0.903,0.4,0.5,3.736441843698433,0.9004467224888714,-8.07,"[516.2000122070312, 591.4000244140625]"
std,1789044062.8394108,7.239376267000001,0.6298677896965903,0.903,0.4,0.5,3.8932226795006386,0.8191457407309324,-8.07,"[548.2000122070312, 548.2000122070312]"
std,1789044062.8895063,7.289472026,0.587423682568057,0.903,0.4,0.5,4.050675963785569,0.7669903939428205,-32.28,"[548.2000122070312, 548.2000122070312]"
std,1789044062.9392483,7.339213767,0.5530030610349996,0.903,0.4,0.5,4.207012663209561,0.7133010663668231,-29.59,"[573.5999755859375, 540.2000122070312]"
std,1789044062.9894383,7.3894038150000005,0.5269597371341284,0.903,0.4,0.5,4.36451811049891,0.6611457195787114,-10.76,"[573.5999755859375, 540.2000122070312]"
std,1789044063.0393858,7.439351398,0.5102647074758941,0.903,0.4,0.5,4.5215119965485115,0.6166602767300278,-48.42,"[597.0, 520.0]"
std,1789044063.0895023,7.489467997,0.5032238301742848,0.903,0.4,0.5,4.678933707827273,0.581378718608658,-107.6,"[597.0, 520.0]"
std,1789044063.1394217,7.539387402000001,0.5060397638093168,0.903,0.4,0.5,4.83575067822818,0.5522330836388308,-104.91,"[611.4000244140625, 469.0]"
std,1789044063.1895626,7.589528165000001,0.5186719040694534,0.903,0.4,0.5,4.993238796492452,0.5307573526084318,-107.6,"[611.4000244140625, 469.0]"
std,1789044063.239414,7.639379525000001,0.5406910749333245,0.903,0.4,0.5,5.149986617297461,0.5154175447295755,-107.6,"[626.0, 434.20001220703125]"
std,1789044063.289278,7.689243520000001,0.5715783189866537,0.903,0.4,0.5,5.306664779568564,0.5154175447295755,-83.39,"[626.0, 434.20001220703125]"
std,1789044063.339291,7.739256587000001,0.6107036624116235,0.903,0.4,0.5,5.463778746714166,0.516951525517461,0.0,"[615.4000244140625, 426.3999938964844]"
std,1789044063.38944,7.789405628000001,0.657130934525797,0.903,0.4,0.5,5.62121439723953,0.5307573526084318,2.69,"[615.4000244140625, 426.3999938964844]"
std,1789044063.4395435,7.8395089460000005,0.7096298183471061,0.903,0.4,0.5,5.778621723165532,0.5522330836388308,2.69,"[611.4000244140625, 432.79998779296875]"
std,1789044063.4893794,7.889344981000001,0.7665992152100567,0.903,0.4,0.5,5.935202769382933,0.5829126993965437,5.38,"[611.4000244140625, 432.79998779296875]"
std,1789044063.539422,7.939387559000001,0.8271091538302319,0.903,0.4,0.5,6.092301100821896,0.619728238305799,2.69,"[606.2000122070312, 478.0]"
std,1789044063.5895123,7.989477851,0.889567327849437,0.903,0.4,0.5,6.249597311757331,0.6642136811544826,48.42,"[606.2000122070312, 478.0]"
std,1789044063.639364,8.039329612000001,0.9521952918619859,0.903,0.4,0.5,0.12330041479559384,0.7255729126699083,48.42,"[593.0, 535.2000122070312]"
std,1789044063.689323,8.089288436,1.013621617154015,0.903,0.4,0.5,0.28020643992345384,0.7838641826095626,29.59,"[593.0, 535.2000122070312]"
std,1789044063.7393594,8.139324827000001,1.0724083375969444,0.903,0.4,0.5,0.43732843383828524,0.8467573949128739,2.69,"[554.0, 560.5999755859375]"
std,1789044063.7894373,8.189402758,1.127065479285387,0.903,0.4,0.5,0.5945833988037705,0.9035146840646426,2.69,"[554.0, 560.5999755859375]"
std,1789044063.8394074,8.239372984000001,1.1761402965584642,0.903,0.4,0.5,0.7516576970589348,0.961805954004297,2.69,"[529.7999877929688, 577.0]"
std,1789044063.8898492,8.289814891,1.2187420425309496,0.903,0.4,0.5,0.9097578635455719,1.0200972239439514,13.45,"[529.7999877929688, 577.0]"
std,1789044063.9393024,8.339268021,1.2530265108716565,0.903,0.4,0.5,1.0655727350050235,1.0783884938836057,34.97,"[523.0, 599.4000244140625]"
std,1789044063.9894204,8.389385982,1.279032172176269,0.903,0.4,0.5,1.222866127931848,1.1305438406717176,69.94,"[523.0, 599.4000244140625]"
std,1789044064.0393941,8.439359699,1.2957372819140272,0.903,0.4,0.5,1.3799455595494088,1.1811652066719438,69.94,"[486.20001220703125, 627.4000244140625]"
std,1789044064.0894082,8.489373569000001,1.3027730084750924,0.903,0.4,0.5,1.5371056012928683,1.217980745581199,126.42999999999999,"[486.20001220703125, 627.4000244140625]"
std,1789044064.1394534,8.539418767,1.2999574592135479,0.903,0.4,0.5,1.6942144319344798,1.2455923997631406,147.95,"[450.6000061035156, 644.5999755859375]"
std,1789044064.1893187,8.589284241,1.2874006871848587,0.903,0.4,0.5,1.8509906495954844,1.2670681307935396,156.02,"[450.6000061035156, 644.5999755859375]"
std,1789044064.2394283,8.639393861,1.265327417807298,0.903,0.4,0.5,2.0082848530532154,1.2793399770966247,156.02,"[424.79998779296875, 659.5999755859375]"
std,1789044064.2894526,8.689418128,1.2343427599021763,0.903,0.4,0.5,2.165424417895757,1.282407938672396,126.42999999999999,"[424.79998779296875, 659.5999755859375]"
std,1789044064.3394687,8.739434182,1.1951845404554586,0.903,0.4,0.5,2.3225954237975763,1.282407938672396,48.42,"[417.79998779296875, 661.2000122070312]"
std,1789044064.3894606,8.789426232,1.148855758220048,0.903,0.4,0.5,2.4796639195311094,1.2716700731571966,-2.69,"[417.79998779296875, 661.2000122070312]"
std,1789044064.4393058,8.839271479,1.0966105414163307,0.903,0.4,0.5,2.6363424996340328,1.244058418975255,-2.69,"[419.6000061035156, 650.0]"
std,1789044064.4892535,8.889219131,1.039533425258929,0.903,0.4,0.5,2.793257349495658,1.210310841641771,-2.69,"[419.6000061035156, 650.0]"
std,1789044064.5392737,8.939239489,0.9789902199402362,0.903,0.4,0.5,2.95045541079341,1.1719613219446299,-2.69,"[436.20001220703125, 632.2000122070312]"
std,1789044064.5894773,8.989442874,0.9164285665202807,0.903,0.4,0.5,3.1080149280339207,1.1244079175201749,-18.83,"[436.20001220703125, 632.2000122070312]"
std,1789044064.639456,9.039421743,0.8537500396207334,0.903,0.4,0.5,3.2650307863825425,1.0768545130957201,-13.45,"[471.79998779296875, 621.0]"
std,1789044064.689523,9.089488673,0.7921616424168141,0.903,0.4,0.5,3.4223629811202336,1.0231651855197226,-94.14999999999999,"[471.79998779296875, 621.0]"
std,1789044064.73946,9.139425612,0.7334866548521227,0.903,0.4,0.5,3.5792108993503717,0.966407896367954,-91.46,"[504.3999938964844, 587.5999755859375]"
std,1789044064.789554,9.189519618,0.6788215431465977,0.903,0.4,0.5,3.736517050284963,0.9004467224888714,-13.45,"[504.3999938964844, 587.5999755859375]"
std,1789044064.8392997,9.239265373,0.6299620428535682,0.903,0.4,0.5,3.8929001981563367,0.8191457407309324,-13.45,"[547.4000244140625, 561.5999755859375]"
std,1789044064.889224,9.289189603,0.5876330010083184,0.903,0.4,0.5,4.049824805804743,0.7669903939428205,-32.28,"[547.4000244140625, 561.5999755859375]"
std,1789044064.9392827,9.339248033,0.5529830549724698,0.903,0.4,0.5,4.207115980767156,0.7133010663668231,-34.97,"[572.5999755859375, 543.5999755859375]"
std,1789044064.9894435,9.389408902000001,0.5269586670430122,0.903,0.4,0.5,4.364525958197355,0.6596117387908257,-5.38,"[572.5999755859375, 543.5999755859375]"
std,1789044065.0394835,9.439449103000001,0.5102424219696535,0.903,0.4,0.5,4.521805883116475,0.6166602767300278,-48.42,"[600.0, 519.7999877929688]"
std,1789044065.0895813,9.489546833,0.5032219028680183,0.903,0.4,0.5,4.679078067151295,0.5798447378207724,-99.53,"[600.0, 519.7999877929688]"
std,1789044065.1394203,9.539385799,0.5060403124540955,0.903,0.4,0.5,4.835761824598912,0.5491651220630596,-104.91,"[611.2000122070312, 467.6000061035156]"
std,1789044065.189521,9.58948664,0.5186607738324719,0.903,0.4,0.5,4.993138388049648,0.526155410244775,-112.98,"[611.2000122070312, 467.6000061035156]"
std,1789044065.2393608,9.639326397000001,0.540666204898838,0.903,0.4,0.5,5.149839873504611,0.5154175447295755,-112.98,"[625.7999877929688, 432.6000061035156]"
std,1789044065.2892094,9.689175042,0.5715349699311503,0.903,0.4,0.5,5.30647119777084,0.5154175447295755,-83.39,"[625.7999877929688, 432.6000061035156]"
std,1789044065.3392634,9.739228882,0.6106885372568762,0.903,0.4,0.5,5.463723354152496,0.5184855063053467,-2.69,"[615.2000122070312, 422.3999938964844]"
std,1789044065.389415,9.789380578000001,0.6571066931534723,0.903,0.4,0.5,5.621137563308,0.5307573526084318,2.69,"[615.2000122070312, 422.3999938964844]"
std,1789044065.4394336,9.839399137000001,0.7095106983030284,0.903,0.4,0.5,5.7782814981059225,0.5522330836388308,2.69,"[612.7999877929688, 435.0]"
std,1789044065.4894135,9.889379040000001,0.7666381746113486,0.903,0.4,0.5,5.935306375967052,0.5829126993965437,2.69,"[612.7999877929688, 435.0]"
std,1789044065.5395083,9.939473873,0.8272558458650723,0.903,0.4,0.5,6.092674601630886,0.619728238305799,2.69,"[604.4000244140625, 474.20001220703125]"
std,1789044065.5894055,9.989371059,0.8895149997125241,0.903,0.4,0.5,6.249466417299416,0.662679700366597,56.49,"[604.4000244140625, 474.20001220703125]"
std,1789044065.6393576,10.039323025,0.9521884752234301,0.903,0.4,0.5,0.12328324285014958,0.7255729126699083,56.49,"[584.7999877929688, 532.4000244140625]"
std,1789044065.6891901,10.089155826,1.0135081184195645,0.903,0.4,0.5,0.27991118990427566,0.786932144185334,2.69,"[584.7999877929688, 532.4000244140625]"
std,1789044065.7393968,10.139362258,1.0724701088031119,0.903,0.4,0.5,0.4374989123636297,0.8467573949128739,2.69,"[557.0, 559.7999877929688]"
std,1789044065.7894323,10.189397777,1.1270839052452135,0.903,0.4,0.5,0.5946390081353314,0.9019807032767571,5.38,"[557.0, 559.7999877929688]"
std,1789044065.8395379,10.239503456000001,1.1762442590081146,0.903,0.4,0.5,0.7520135201260629,0.9633399347921826,5.38,"[540.4000244140625, 577.4000244140625]"
std,1789044065.8894978,10.289463375,1.2185620071391,0.903,0.4,0.5,0.9090250902007142,1.021631204731837,5.38,"[540.4000244140625, 577.4000244140625]"
std,1789044065.9394238,10.3393894,1.2530860696877069,0.903,0.4,0.5,1.0658804571470313,1.0799224746714913,32.28,"[524.7999877929688, 599.0]"
std,1789044065.9895113,10.389476781,1.2790793284453434,0.903,0.4,0.5,1.2232120612653006,1.1305438406717176,72.63,"[524.7999877929688, 599.0]"
std,1789044066.0393188,10.439284561000001,1.2957301040604436,0.903,0.4,0.5,1.3798509850441576,1.1811652066719438,72.63,"[485.79998779296875, 623.7999877929688]"
std,1789044066.0892012,10.489166797000001,1.3027654610617945,0.903,0.4,0.5,1.5365500231984441,1.2164467647933135,129.12,"[485.79998779296875, 623.7999877929688]"
std,1789044066.1392562,10.539221778,1.2999766627309186,0.903,0.4,0.5,1.6938238345782608,1.2471263805510262,142.57,"[447.6000061035156, 651.2000122070312]"
std,1789044066.1892729,10.589238398,1.2874115836877542,0.903,0.4,0.5,1.8508921261082705,1.2686021115814252,161.4,"[447.6000061035156, 651.2000122070312]"
std,1789044066.239406,10.639371869000001,1.2653251103771357,0.903,0.4,0.5,2.008298468715772,1.2793399770966247,169.47,"[431.20001220703125, 656.7999877929688]"
std,1789044066.2894814,10.689447004,1.234300203227171,0.903,0.4,0.5,2.1656143083221053,1.282407938672396,131.81,"[431.20001220703125, 656.7999877929688]"
std,1789044066.3395457,10.739511344,1.195111634967494,0.903,0.4,0.5,2.322862261252787,1.282407938672396,43.04,"[421.6000061035156, 667.5999755859375]"
std,1789044066.3893921,10.789357912,1.1489097983173275,0.903,0.4,0.5,2.4794926367580388,1.2716700731571966,-2.69,"[421.6000061035156, 667.5999755859375]"
std,1789044066.4392662,10.839231833000001,1.0966325511187098,0.903,0.4,0.5,2.636279617515477,1.244058418975255,-2.69,"[420.3999938964844, 650.0]"
std,1789044066.4892654,10.889231041,1.0395275536648823,0.903,0.4,0.5,2.7932729663527383,1.2118448224296565,-2.69,"[420.3999938964844, 650.0]"
std,1789044066.5393107,10.939276397,0.9789828470235796,0.903,0.4,0.5,2.950474184951105,1.1734953027325155,-2.69,"[436.6000061035156, 635.0]"
std,1789044066.5894322,10.989397829000001,0.9164732423328239,0.903,0.4,0.5,3.107903175300045,1.1274758790959463,-16.14,"[436.6000061035156, 635.0]"
std,1789044066.6394677,11.03943319,0.8537230230903412,0.903,0.4,0.5,3.2650988458457846,1.0799224746714913,-10.76,"[478.79998779296875, 618.5999755859375]"
std,1789044066.6894143,11.089379811,0.7923078376040964,0.903,0.4,0.5,3.421982619072878,1.0246991663076084,-88.77,"[478.79998779296875, 618.5999755859375]"
std,1789044066.73942,11.139385473,0.7335261257770442,0.903,0.4,0.5,3.5791019583419157,0.9679418771558396,-99.53,"[508.6000061035156, 587.2000122070312]"
std,1789044066.7894642,11.189429695000001,0.6788910025870698,0.903,0.4,0.5,3.7363073929576274,0.9019807032767571,-10.76,"[508.6000061035156, 587.2000122070312]"
std,1789044066.8393242,11.239289967000001,0.6298986567298493,0.903,0.4,0.5,3.893117059155614,0.8191457407309324,-10.76,"[534.7999877929688, 567.0]"
std,1789044066.8892782,11.289243672000001,0.5875990403441964,0.903,0.4,0.5,4.049962837961154,0.7685243747307062,-32.28,"[534.7999877929688, 567.0]"
std,1789044066.9394517,11.339417354,0.5529172834189873,0.903,0.4,0.5,4.207455781711744,0.7148350471547088,-32.28,"[571.4000244140625, 537.7999877929688]"
std,1789044066.9894238,11.389389418,0.5269540031212898,0.903,0.4,0.5,4.364560163858158,0.6611457195787114,-5.38,"[571.4000244140625, 537.7999877929688]"
std,1789044067.0393083,11.439273859,0.5102798609579933,0.903,0.4,0.5,4.521312417450403,0.6151262959421421,-48.42,"[598.4000244140625, 521.2000122070312]"
std,1789044067.089502,11.489467642000001,0.5032236938390422,0.903,0.4,0.5,4.678943899153829,0.581378718608658,-107.6,"[598.4000244140625, 521.2000122070312]"
std,1789044067.139414,11.539379828000001,0.506040128587653,0.903,0.4,0.5,4.835758089245239,0.5522330836388308,-104.91,"[602.4000244140625, 471.3999938964844]"
std,1789044067.1894817,11.589447371,0.518646051491356,0.903,0.4,0.5,4.993005520671545,0.5292233718205462,-94.14999999999999,"[602.4000244140625, 471.3999938964844]"
std,1789044067.2392552,11.639220778,0.5406199182273868,0.903,0.4,0.5,5.149566639766746,0.5154175447295755,-94.14999999999999,"[629.4000244140625, 441.6000061035156]"
std,1789044067.2891881,11.689153826,0.5715325615064749,0.903,0.4,0.5,5.3064604409575935,0.5154175447295755,-78.01,"[629.4000244140625, 441.6000061035156]"
std,1789044067.3394182,11.739383695,0.610788779570218,0.903,0.4,0.5,5.464090408413362,0.5184855063053467,0.0,"[617.5999755859375, 423.3999938964844]"
std,1789044067.3895025,11.789468116,0.6571986638311249,0.903,0.4,0.5,5.6214290434159935,0.5307573526084318,2.69,"[617.5999755859375, 423.3999938964844]"
std,1789044067.4393396,11.83930522,0.7094424814020976,0.903,0.4,0.5,5.7780866313968104,0.5506991028509451,2.69,"[611.5999755859375, 433.3999938964844]"
std,1789044067.4894903,11.889455855000001,0.7666687995073773,0.903,0.4,0.5,5.935387815473419,0.581378718608658,2.69,"[611.5999755859375, 433.3999938964844]"
std,1789044067.5392804,11.939245981000001,0.8269950182681454,0.903,0.4,0.5,6.092010475227113,0.619728238305799,2.69,"[605.0, 476.20001220703125]"
std,1789044067.5895116,11.989477204,0.8896146626247474,0.903,0.4,0.5,6.249715715242857,0.6642136811544826,48.42,"[605.0, 476.20001220703125]"
std,1789044067.6392877,12.039253203000001,0.9520720713382642,0.903,0.4,0.5,0.12299001287505718,0.7255729126699083,48.42,"[594.5999755859375, 523.4000244140625]"
std,1789044067.6892393,12.089204739000001,1.0135263501680256,0.903,0.4,0.5,0.2799586153869811,0.7853981633974483,2.69,"[594.5999755859375, 523.4000244140625]"
std,1789044067.7392855,12.139251003,1.0723569612395565,0.903,0.4,0.5,0.4371866537618345,0.8467573949128739,2.69,"[559.2000122070312, 560.5999755859375]"
std,1789044067.7894704,12.189435808,1.1270686459224502,0.903,0.4,0.5,0.5945929555286327,0.9019807032767571,5.38,"[559.2000122070312, 560.5999755859375]"
std,1789044067.8395126,12.23947818,1.176215286424073,0.903,0.4,0.5,0.7519143463291869,0.961805954004297,5.38,"[540.5999755859375, 572.2000122070312]"
std,1789044067.889498,12.289463646000002,1.2185564625011611,0.903,0.4,0.5,0.9090025335654701,1.0200972239439514,10.76,"[540.5999755859375, 572.2000122070312]"
std,1789044067.9393768,12.339342270000001,1.2530560296183486,0.903,0.4,0.5,1.0657252279124378,1.0783884938836057,37.66,"[513.2000122070312, 600.7999877929688]"
std,1789044067.9894156,12.389381207000001,1.2790427028797073,0.903,0.4,0.5,1.2229433514208736,1.1305438406717176,69.94,"[513.2000122070312, 600.7999877929688]"
std,1789044068.0392773,12.439243088000001,1.295712888810899,0.903,0.4,0.5,1.3796243474085514,1.1811652066719438,69.94,"[485.20001220703125, 625.2000122070312]"
std,1789044068.0892487,12.489214227000002,1.3027660410049002,0.903,0.4,0.5,1.5365923938585766,1.2164467647933135,129.12,"[485.20001220703125, 625.2000122070312]"
std,1789044068.1392624,12.53922792,1.299977854049871,0.903,0.4,0.5,1.69379956263343,1.2471263805510262,139.88,"[447.6000061035156, 650.0]"
std,1789044068.1894088,12.58937446,1.2873748853324325,0.903,0.4,0.5,1.851223809177462,1.2670681307935396,158.71,"[447.6000061035156, 650.0]"
std,1789044068.239376,12.639341428000002,1.2653308277189663,0.903,0.4,0.5,2.0082647311522734,1.2808739578845103,166.78,"[432.79998779296875, 663.7999877929688]"
std,1789044068.2895017,12.689467222000001,1.234289362194283,0.903,0.4,0.5,2.1656626731410142,1.2839419194602817,126.42999999999999,"[432.79998779296875, 663.7999877929688]"
std,1789044068.3394256,12.739391145,1.195208680335489,0.903,0.4,0.5,2.3225070539378265,1.282407938672396,51.11,"[428.3999938964844, 658.2000122070312]"
std,1789044068.3894281,12.789393772,1.1488805306734613,0.903,0.4,0.5,2.479585404847512,1.2686021115814252,-2.69,"[428.3999938964844, 658.2000122070312]"
std,1789044068.4393013,12.839266715,1.0966175558825135,0.903,0.4,0.5,2.636322459414501,1.2409904573994837,-2.69,"[418.20001220703125, 648.4000244140625]"
std,1789044068.4892452,12.889210759000001,1.039544200982491,0.903,0.4,0.5,2.7932286887458844,1.210310841641771,-2.69,"[418.20001220703125, 648.4000244140625]"
std,1789044068.53924,12.939205241000002,0.979026005841572,0.903,0.4,0.5,2.950364285756905,1.1734953027325155,-2.69,"[441.0, 637.0]"
std,1789044068.5894077,12.989373255,0.9164915373636033,0.903,0.4,0.5,3.10785741171987,1.1274758790959463,-13.45,"[441.0, 637.0]"
std,1789044068.639392,13.039357526000002,0.8538118814470401,0.903,0.4,0.5,3.264874997944453,1.0799224746714913,-16.14,"[476.20001220703125, 618.0]"
std,1789044068.6894777,13.089443305000001,0.792293070405643,0.903,0.4,0.5,3.422021037609454,1.0246991663076084,-94.14999999999999,"[476.20001220703125, 618.0]"
std,1789044068.7394257,13.139391186000001,0.733514639538344,0.903,0.4,0.5,3.5791336601534027,0.966407896367954,-104.91,"[507.79998779296875, 588.7999877929688]"
std,1789044068.789552,13.189517577,0.6788136096853483,0.903,0.4,0.5,3.736540998645772,0.9004467224888714,-18.83,"[507.79998779296875, 588.7999877929688]"
std,1789044068.8392718,13.239237457000002,0.6299653819794615,0.903,0.4,0.5,3.89288877532546,0.8191457407309324,-18.83,"[542.2000122070312, 557.0]"
std,1789044068.8892555,13.289221171000001,0.5876087378092071,0.903,0.4,0.5,4.049923420398152,0.7669903939428205,-24.21,"[542.2000122070312, 557.0]"
std,1789044068.9392335,13.339199173,0.5530121798851038,0.903,0.4,0.5,4.206965577018877,0.7133010663668231,-34.97,"[569.4000244140625, 536.5999755859375]"
std,1789044068.989267,13.389232536000002,0.5270084979468207,0.903,0.4,0.5,4.364160694644312,0.6611457195787114,-10.76,"[569.4000244140625, 536.5999755859375]"
std,1789044069.0392852,13.439250646000001,0.5102821285983852,0.903,0.4,0.5,4.521282569178624,0.6166602767300278,-48.42,"[579.7999877929688, 524.4000244140625]"
std,1789044069.0894263,13.489391741,0.5032274297143366,0.903,0.4,0.5,4.678665748823491,0.581378718608658,-110.28999999999999,"[579.7999877929688, 524.4000244140625]"
std,1789044069.1394806,13.539446210000001,0.5060488504743117,0.903,0.4,0.5,4.835935155690407,0.5506991028509451,-102.22,"[601.7999877929688, 468.0]"
std,1789044069.1894143,13.589379896,0.5186229538905285,0.903,0.4,0.5,4.99279694405211,0.5292233718205462,-104.91,"[601.7999877929688, 468.0]"
std,1789044069.2393658,13.639331275,0.5406747299001116,0.903,0.4,0.5,5.149890179827793,0.5154175447295755,-104.91,"[626.4000244140625, 434.20001220703125]"
std,1789044069.2892423,13.689207904000002,0.5715383343339211,0.903,0.4,0.5,5.306486224008523,0.5154175447295755,-83.39,"[626.4000244140625, 434.20001220703125]"
std,1789044069.3392587,13.739224222,0.610679237173176,0.903,0.4,0.5,5.463689293004968,0.5184855063053467,2.69,"[637.7999877929688, 416.6000061035156]"
std,1789044069.3894088,13.789374329000001,0.6571010039711043,0.903,0.4,0.5,5.62111953056619,0.5307573526084318,2.69,"[637.7999877929688, 416.6000061035156]"
std,1789044069.4393954,13.83936094,0.7094941031077694,0.903,0.4,0.5,5.7782340946143975,0.5522330836388308,2.69,"[621.5999755859375, 435.3999938964844]"
std,1789044069.48951,13.889475534,0.7667562738106247,0.903,0.4,0.5,5.9356204189935085,0.5829126993965437,8.07,"[621.5999755859375, 435.3999938964844]"
std,1789044069.5394194,13.939385173000002,0.8271534802645439,0.903,0.4,0.5,6.09241396567959,0.619728238305799,2.69,"[605.2000122070312, 476.6000061035156]"
std,1789044069.5894728,13.989438558000002,0.8895722021081302,0.903,0.4,0.5,6.249609504278439,0.662679700366597,45.73,"[605.2000122070312, 476.6000061035156]"
std,1789044069.6393137,14.039279339,0.9520994697443518,0.903,0.4,0.5,0.1230590305240753,0.7255729126699083,45.73,"[595.7999877929688, 529.7999877929688]"
std,1789044069.6892393,14.089204774,1.0135270687566273,0.903,0.4,0.5,0.2799604846346213,0.7853981633974483,2.69,"[595.7999877929688, 529.7999877929688]"
std,1789044069.739272,14.139237627000002,1.0723353316058195,0.903,0.4,0.5,0.43712696664302086,0.8467573949128739,2.69,"[556.7999877929688, 551.7999877929688]"
std,1789044069.7893934,14.189359172000001,1.1270524846166625,0.903,0.4,0.5,0.5945441823026911,0.9035146840646426,5.38,"[556.7999877929688, 551.7999877929688]"
std,1789044069.839413,14.239378327,1.1761453219027032,0.903,0.4,0.5,0.751674894137139,0.961805954004297,2.69,"[548.5999755859375, 585.5999755859375]"
std,1789044069.8894367,14.289402258,1.218495642423018,0.903,0.4,0.5,0.9087551488519736,1.021631204731837,5.38,"[548.5999755859375, 585.5999755859375]"
std,1789044069.9393764,14.339341827,1.2530617639705914,0.903,0.4,0.5,1.0657548562727612,1.081456455459377,32.28,"[505.79998779296875, 607.4000244140625]"
std,1789044069.989454,14.389419386,1.2790547559633447,0.903,0.4,0.5,1.2230317589797508,1.1305438406717176,61.87,"[505.79998779296875, 607.4000244140625]"
std,1789044070.0392299,14.439195280000002,1.2957077917922875,0.903,0.4,0.5,1.3795572963965554,1.1811652066719438,61.87,"[479.6000061035156, 618.5999755859375]"
std,1789044070.0892797,14.489245265000001,1.30276743106274,0.903,0.4,0.5,1.5366941657525999,1.2164467647933135,129.12,"[479.6000061035156, 618.5999755859375]"
std,1789044070.139263,14.539228447000001,1.2999778654592498,0.903,0.4,0.5,1.693799330155585,1.2455923997631406,139.88,"[456.79998779296875, 659.2000122070312]"
std,1789044070.1894357,14.589401386,1.2873731254412268,0.903,0.4,0.5,1.8512397056363028,1.2686021115814252,153.32999999999998,"[456.79998779296875, 659.2000122070312]"
std,1789044070.2393272,14.639292753000001,1.2653709551584094,0.903,0.4,0.5,2.008027873915765,1.2808739578845103,150.64,"[424.20001220703125, 658.7999877929688]"
std,1789044070.2894275,14.689393236,1.2343402924707858,0.903,0.4,0.5,2.1654354291780322,1.2839419194602817,121.05,"[424.20001220703125, 658.7999877929688]"
std,1789044070.3394022,14.739367790000001,1.1952449240588616,0.903,0.4,0.5,2.322374359347343,1.282407938672396,48.42,"[417.20001220703125, 652.7999877929688]"
std,1789044070.3895237,14.789489298000001,1.1487819820087806,0.903,0.4,0.5,2.479897719998,1.2701360923693108,-2.69,"[417.20001220703125, 652.7999877929688]"
std,1789044070.4392812,14.839246710000001,1.0966297944498191,0.903,0.4,0.5,2.6362874934882825,1.2409904573994837,-2.69,"[436.0, 649.2000122070312]"
std,1789044070.4891648,14.889130587,1.0396218967352613,0.903,0.4,0.5,2.7930220284979583,1.210310841641771,-2.69,"[436.0, 649.2000122070312]"
std,1789044070.5392323,14.939197938000001,0.9790402381062266,0.903,0.4,0.5,2.9503280443440687,1.1734953027325155,-2.69,"[431.20001220703125, 633.2000122070312]"
std,1789044070.589385,14.989350624,0.9165290969091512,0.903,0.4,0.5,3.1077634592499876,1.1274758790959463,-13.45,"[431.20001220703125, 633.2000122070312]"
std,1789044070.6394248,15.039390529,0.8537817878272811,0.903,0.4,0.5,3.2649508077167937,1.0799224746714913,-18.83,"[479.3999938964844, 608.5999755859375]"
std,1789044070.6894155,15.089381216000001,0.7922879262568006,0.903,0.4,0.5,3.4220344207941764,1.0246991663076084,-94.14999999999999,"[479.3999938964844, 608.5999755859375]"
std,1789044070.739439,15.139404540000001,0.7334974258658096,0.903,0.4,0.5,3.5791811704591154,0.9679418771558396,-107.6,"[529.5999755859375, 578.5999755859375]"
std,1789044070.7893937,15.189359437,0.6789466169985283,0.903,0.4,0.5,3.7361395470869567,0.9004467224888714,-21.52,"[529.5999755859375, 578.5999755859375]"
std,1789044070.8393195,15.23928498,0.6299486490556419,0.903,0.4,0.5,3.8929460182852154,0.8191457407309324,-21.52,"[534.5999755859375, 575.7999877929688]"
std,1789044070.889345,15.289310452,0.5875626709082344,0.903,0.4,0.5,4.050110687594653,0.7669903939428205,-24.21,"[534.5999755859375, 575.7999877929688]"
std,1789044070.9394414,15.339407215000001,0.5529218293685471,0.903,0.4,0.5,4.207432288881918,0.7133010663668231,-37.66,"[561.7999877929688, 537.2000122070312]"
std,1789044070.9894238,15.38938942,0.5269569227327549,0.903,0.4,0.5,4.364538750762669,0.6596117387908257,-5.38,"[561.7999877929688, 537.2000122070312]"
std,1789044071.0394332,15.439398929000001,0.51025583323414,0.903,0.4,0.5,4.521628970609399,0.6151262959421421,-45.73,"[579.7999877929688, 513.5999755859375]"
std,1789044071.0894198,15.489385543000001,0.5032271843321123,0.903,0.4,0.5,4.678683948069747,0.581378718608658,-104.91,"[579.7999877929688, 513.5999755859375]"
std,1789044071.1394215,15.53938712,0.5060411308738579,0.903,0.4,0.5,4.8357784499072665,0.5522330836388308,-104.91,"[598.4000244140625, 473.0]"
std,1789044071.1893718,15.589337287000001,0.5186131652805459,0.903,0.4,0.5,4.992708505077331,0.5292233718205462,-99.53,"[598.4000244140625, 473.0]"
std,1789044071.2392364,15.639201949,0.5406027729566178,0.903,0.4,0.5,5.1494653893771485,0.5154175447295755,-99.53,"[621.5999755859375, 438.0]"
std,1789044071.289205,15.689170608000001,0.5715343446092647,0.903,0.4,0.5,5.306468404895,0.5154175447295755,-80.7,"[621.5999755859375, 438.0]"
std,1789044071.3392575,15.739222997,0.6106860942579484,0.903,0.4,0.5,5.463714406896649,0.5184855063053467,-8.07,"[639.7999877929688, 428.20001220703125]"
std,1789044071.3894448,15.78941024,0.6571265613173545,0.903,0.4,0.5,5.6212005365327755,0.5307573526084318,2.69,"[639.7999877929688, 428.20001220703125]"
std,1789044071.4394102,15.839375972000001,0.7095006590872956,0.903,0.4,0.5,5.778252821648216,0.5522330836388308,2.69,"[628.5999755859375, 434.20001220703125]"
std,1789044071.4894125,15.889377997,0.7666401569384802,0.903,0.4,0.5,5.935311647559558,0.5829126993965437,2.69,"[628.5999755859375, 434.20001220703125]"
std,1789044071.5392697,15.939235189000001,0.8270080602099107,0.903,0.4,0.5,6.092043685003077,0.619728238305799,2.69,"[613.0, 481.20001220703125]"
std,1789044071.5893955,15.98936117,0.8895082051723874,0.903,0.4,0.5,6.249449421283195,0.6642136811544826,51.11,"[613.0, 481.20001220703125]"
std,1789044071.639284,16.039249375,0.9520785215644358,0.903,0.4,0.5,0.12300626119228752,0.7255729126699083,51.11,"[613.4000244140625, 521.0]"
std,1789044071.6892145,16.089180154,1.013513382898703,0.903,0.4,0.5,0.27992488410669125,0.7838641826095626,2.69,"[613.4000244140625, 521.0]"
std,1789044071.7392876,16.139253294,1.0723599029779782,0.903,0.4,0.5,0.43719477163728016,0.8467573949128739,2.69,"[558.4000244140625, 563.0]"
std,1789044071.7893863,16.189351815000002,1.1270483695143512,0.903,0.4,0.5,0.59453176358695,0.9035146840646426,8.07,"[558.4000244140625, 563.0]"
std,1789044071.839482,16.239447454,1.176190002969114,0.903,0.4,0.5,0.7518278080179783,0.961805954004297,2.69,"[538.7999877929688, 590.0]"
std,1789044071.8895211,16.289486644,1.218568446594378,0.903,0.4,0.5,0.9090512879418924,1.0200972239439514,8.07,"[538.7999877929688, 590.0]"
std,1789044071.939402,16.339367739,1.2530725551018007,0.903,0.4,0.5,1.065810616400796,1.0799224746714913,40.35,"[519.4000244140625, 591.5999755859375]"
std,1789044071.9894283,16.389393977,1.2790424338672388,0.903,0.4,0.5,1.222941378500721,1.1305438406717176,61.87,"[519.4000244140625, 591.5999755859375]"
std,1789044072.039265,16.439230386000002,1.2957135852957573,0.903,0.4,0.5,1.3796335114343563,1.1811652066719438,61.87,"[473.3999938964844, 627.0]"
std,1789044072.0892534,16.489219049000003,1.3027670245363585,0.903,0.4,0.5,1.5366643708878982,1.2164467647933135,126.42999999999999,"[473.3999938964844, 627.0]"
std,1789044072.139329,16.539294545,1.299971590765497,0.903,0.4,0.5,1.69392711757839,1.2471263805510262,139.88,"[437.6000061035156, 651.4000244140625]"
std,1789044072.1894364,16.589402123,1.2873679912906415,0.903,0.4,0.5,1.8512860755438965,1.2670681307935396,153.32999999999998,"[437.6000061035156, 651.4000244140625]"
std,1789044072.239412,16.639377731,1.265326143245264,0.903,0.4,0.5,2.0082923740260767,1.2793399770966247,161.4,"[419.6000061035156, 662.7999877929688]"
std,1789044072.2894635,16.689428866,1.2343342430460513,0.903,0.4,0.5,2.165462424883728,1.282407938672396,121.05,"[419.6000061035156, 662.7999877929688]"
std,1789044072.3394372,16.739402723,1.1951995864191232,0.903,0.4,0.5,2.3225403453952183,1.282407938672396,43.04,"[415.0, 662.7999877929688]"
std,1789044072.3894234,16.789389107,1.1489006611403103,0.903,0.4,0.5,2.4795215991007638,1.2716700731571966,-2.69,"[415.0, 662.7999877929688]"
std,1789044072.4393842,16.839349739,1.0964984137656797,0.903,0.4,0.5,2.636662816421044,1.244058418975255,-2.69,"[425.0, 649.2000122070312]"
std,1789044072.4892464,16.889212008,1.0395095288088811,0.903,0.4,0.5,2.793320907056682,1.2118448224296565,-2.69,"[425.0, 649.2000122070312]"
std,1789044072.5392656,16.939231302,0.978986173228902,0.903,0.4,0.5,2.950465715217362,1.1734953027325155,-2.69,"[450.3999938964844, 632.5999755859375]"
std,1789044072.5894012,16.989366688,0.9164983896723704,0.903,0.4,0.5,3.1078402711903905,1.1274758790959463,-16.14,"[450.3999938964844, 632.5999755859375]"
std,1789044072.6394377,17.039403359,0.8537700315511354,0.903,0.4,0.5,3.2649804235107567,1.0783884938836057,-16.14,"[492.3999938964844, 612.4000244140625]"
std,1789044072.6894712,17.089436995,0.7922520324838466,0.903,0.4,0.5,3.422127804635821,1.0246991663076084,-96.84,"[492.3999938964844, 612.4000244140625]"
std,1789044072.73941,17.139375512,0.7335250262050352,0.903,0.4,0.5,3.579104993120467,0.966407896367954,-102.22,"[523.5999755859375, 596.0]"
std,1789044072.7895203,17.189485910000002,0.6788420023494838,0.903,0.4,0.5,3.7364552928566184,0.9019807032767571,-24.21,"[523.5999755859375, 596.0]"
std,1789044072.8392816,17.239247147,0.6299530275752541,0.903,0.4,0.5,3.892931039171458,0.8191457407309324,-24.21,"[549.7999877929688, 559.7999877929688]"
std,1789044072.889217,17.289182419,0.5876112629249346,0.903,0.4,0.5,4.049913156814981,0.765456413154935,-26.9,"[549.7999877929688, 559.7999877929688]"
std,1789044072.9393551,17.339320888,0.5529564294135922,0.903,0.4,0.5,4.207253513410386,0.7133010663668231,-29.59,"[564.2000122070312, 529.0]"
std,1789044072.9892352,17.389200606000003,0.5270194508622541,0.903,0.4,0.5,4.364080458367972,0.6596117387908257,-10.76,"[564.2000122070312, 529.0]"
std,1789044073.03941,17.439375526000003,0.5102611100838232,0.903,0.4,0.5,4.521559406323291,0.6166602767300278,-45.73,"[585.0, 518.5999755859375]"
std,1789044073.0894065,17.489372191,0.503227539126391,0.903,0.4,0.5,4.678657637231289,0.5798447378207724,-96.84,"[585.0, 518.5999755859375]"
std,1789044073.139506,17.539471641000002,0.5060550468453937,0.903,0.4,0.5,4.83606079740543,0.5491651220630596,-110.28999999999999,"[595.4000244140625, 469.3999938964844]"
std,1789044073.1895695,17.589534891,0.5186567706669172,0.903,0.4,0.5,4.993102266017367,0.526155410244775,-112.98,"[595.4000244140625, 469.3999938964844]"
std,1789044073.239242,17.639207771000002,0.5406097893594806,0.903,0.4,0.5,5.149506826984265,0.5154175447295755,-112.98,"[613.5999755859375, 437.0]"
std,1789044073.2892334,17.689199189,0.571557863838037,0.903,0.4,0.5,5.306573440903797,0.5154175447295755,-80.7,"[613.5999755859375, 437.0]"
std,1789044073.3392558,17.739221432,0.6106911269642468,0.903,0.4,0.5,5.463732838620764,0.5184855063053467,-8.07,"[609.0, 439.0]"
std,1789044073.3893845,17.789350017,0.6570865811618574,0.903,0.4,0.5,5.62107381410992,0.5307573526084318,2.69,"[609.0, 439.0]"
std,1789044073.4393597,17.839325153,0.7094548434380334,0.903,0.4,0.5,5.7781219460398745,0.5522330836388308,2.69,"[613.2000122070312, 432.0]"
std,1789044073.4893775,17.88934304,0.7666138801890366,0.903,0.4,0.5,5.935241769114178,0.581378718608658,2.69,"[613.2000122070312, 432.0]"
std,1789044073.5394168,17.939382171000002,0.8271434676817475,0.903,0.4,0.5,6.092388471655227,0.619728238305799,2.69,"[616.4000244140625, 475.79998779296875]"
std,1789044073.5894053,17.989370984,0.8895014445460145,0.903,0.4,0.5,6.249432510089953,0.662679700366597,48.42,"[616.4000244140625, 475.79998779296875]"
std,1789044073.6392572,18.03922267,0.9520675167624264,0.903,0.4,0.5,0.12297853977872109,0.7240389318820226,48.42,"[600.5999755859375, 529.2000122070312]"
std,1789044073.6892388,18.089204574,1.0135456347782146,0.903,0.4,0.5,0.2800087803385125,0.7838641826095626,2.69,"[600.5999755859375, 529.2000122070312]"
std,1789044073.7392612,18.139226578000002,1.072350135088404,0.903,0.4,0.5,0.4371678167723232,0.8467573949128739,2.69,"[567.4000244140625, 558.2000122070312]"
std,1789044073.7892988,18.18926446,1.1269604013308667,0.903,0.4,0.5,0.5942663147156964,0.9019807032767571,5.38,"[567.4000244140625, 558.2000122070312]"
std,1789044073.8394845,18.239450068,1.1761916946545403,0.903,0.4,0.5,0.7518335979732456,0.9602719732164113,5.38,"[547.0, 575.4000244140625]"
std,1789044073.8894348,18.289400336,1.2185014066574473,0.903,0.4,0.5,0.9087785914163788,1.0200972239439514,16.14,"[547.0, 575.4000244140625]"
std,1789044073.939523,18.339488595000002,1.253142872934514,0.903,0.4,0.5,1.0661741018124076,1.0799224746714913,32.28,"[514.4000244140625, 590.4000244140625]"
std,1789044073.9894216,18.389387142,1.2790303280764261,0.903,0.4,0.5,1.2228526065171081,1.1305438406717176,61.87,"[514.4000244140625, 590.4000244140625]"
std,1789044074.0394943,18.439459742,1.2957481364355539,0.903,0.4,0.5,1.380088665378004,1.179631225884058,61.87,"[478.20001220703125, 634.7999877929688]"
std,1789044074.0892663,18.489231851,1.3027670932729838,0.903,0.4,0.5,1.5366694068609164,1.2164467647933135,137.19,"[478.20001220703125, 634.7999877929688]"
std,1789044074.139413,18.539378789,1.2999601792873148,0.903,0.4,0.5,1.6941591807445207,1.2455923997631406,139.88,"[439.79998779296875, 642.2000122070312]"
std,1789044074.1894193,18.589384897000002,1.2873792136950253,0.903,0.4,0.5,1.8511847089153335,1.265534150005654,158.71,"[439.79998779296875, 642.2000122070312]"
std,1789044074.2394772,18.639442623,1.265283563550458,0.903,0.4,0.5,2.008543560066691,1.2793399770966247,161.4,"[422.20001220703125, 676.7999877929688]"
std,1789044074.2894874,18.689453025000002,1.2343166432186026,0.903,0.4,0.5,2.1655409584168837,1.282407938672396,137.19,"[422.20001220703125, 676.7999877929688]"
std,1789044074.3394046,18.739370136,1.1952212423998645,0.903,0.4,0.5,2.322461064163015,1.282407938672396,43.04,"[417.0, 668.4000244140625]"
std,1789044074.389476,18.789441524,1.1488238408349254,0.903,0.4,0.5,2.479765072531414,1.2716700731571966,-2.69,"[417.0, 668.4000244140625]"
std,1789044074.4393353,18.839300823000002,1.096554938657296,0.903,0.4,0.5,2.636501347983419,1.244058418975255,-2.69,"[424.79998779296875, 647.0]"
std,1789044074.4892433,18.889208706,1.0395302136629168,0.903,0.4,0.5,2.793265891486122,1.2118448224296565,-2.69,"[424.79998779296875, 647.0]"
std,1789044074.539428,18.939393599000002,0.9788650938702881,0.903,0.4,0.5,2.9507740185540072,1.1734953027325155,-2.69,"[450.79998779296875, 648.4000244140625]"
std,1789044074.5893946,18.989360069,0.9165068922567532,0.903,0.4,0.5,3.1078190026081174,1.1274758790959463,-18.83,"[450.79998779296875, 648.4000244140625]"
std,1789044074.6393816,19.03934726,0.8538196683465711,0.903,0.4,0.5,3.2648553818399506,1.0783884938836057,-13.45,"[477.20001220703125, 622.4000244140625]"
std,1789044074.6894503,19.089416027000002,0.7922486164371663,0.903,0.4,0.5,3.422136692201427,1.0231651855197226,-91.46,"[477.20001220703125, 622.4000244140625]"
std,1789044074.739485,19.13945056,0.7334627060178831,0.903,0.4,0.5,3.579277001601426,0.966407896367954,-96.84,"[525.2000122070312, 570.2000122070312]"
std,1789044074.7894416,19.189407218,0.6789040877017517,0.903,0.4,0.5,3.736267899996413,0.9004467224888714,-16.14,"[525.2000122070312, 570.2000122070312]"
std,1789044074.8393261,19.239291686,0.6299006537353411,0.903,0.4,0.5,3.893110226191631,0.8206797215188181,-16.14,"[544.2000122070312, 560.4000244140625]"
std,1789044074.8892608,19.289226309,0.5876093785532086,0.903,0.4,0.5,4.04992081601786,0.7685243747307062,-29.59,"[544.2000122070312, 560.4000244140625]"
std,1789044074.9392636,19.339229164000002,0.5529888635056919,0.903,0.4,0.5,4.207085981698938,0.7133010663668231,-29.59,"[598.0, 521.5999755859375]"
std,1789044074.9892514,19.389217119,0.5270132502027423,0.903,0.4,0.5,4.364125879514546,0.6611457195787114,-5.38,"[598.0, 521.5999755859375]"
std,1789044075.0393147,19.439280354,0.5102757485455318,0.903,0.4,0.5,4.52136655965824,0.6166602767300278,-45.73,"[603.2000122070312, 508.0]"
std,1789044075.0895066,19.489472231,0.5032232402897967,0.903,0.4,0.5,4.6789778252129395,0.5798447378207724,-96.84,"[603.2000122070312, 508.0]"
std,1789044075.1394038,19.539369481,0.5060390709606151,0.903,0.4,0.5,4.835736600751531,0.5506991028509451,-110.28999999999999,"[593.7999877929688, 471.20001220703125]"
std,1789044075.1895714,19.589536945000003,0.5186719827864712,0.903,0.4,0.5,4.993239506492422,0.526155410244775,-110.28999999999999,"[593.7999877929688, 471.20001220703125]"
std,1789044075.2392614,19.639226771,0.5406108325639396,0.903,0.4,0.5,5.149512987647448,0.5154175447295755,-110.28999999999999,"[615.2000122070312, 440.3999938964844]"
std,1789044075.289239,19.689204532,0.5715557610698583,0.903,0.4,0.5,5.306564050683349,0.5154175447295755,-80.7,"[615.2000122070312, 440.3999938964844]"
std,1789044075.339289,19.739254427000002,0.6106826751280875,0.903,0.4,0.5,5.463701884508339,0.5184855063053467,-8.07,"[613.4000244140625, 417.0]"
std,1789044075.389427,19.789392718000002,0.6570985647834353,0.903,0.4,0.5,5.621111799106686,0.5307573526084318,2.69,"[613.4000244140625, 417.0]"
std,1789044075.439398,19.839363476000003,0.7094788720729271,0.903,0.4,0.5,5.778190586697754,0.5522330836388308,2.69,"[609.2000122070312, 438.0]"
std,1789044075.48951,19.889475513,0.766755026151236,0.903,0.4,0.5,5.935617101471685,0.581378718608658,2.69,"[609.2000122070312, 438.0]"
std,1789044075.5394742,19.939439777,0.8272199815984355,0.903,0.4,0.5,6.092583288098858,0.6181942575179133,2.69,"[611.7999877929688, 478.6000061035156]"
std,1789044075.5893977,19.989363194000003,0.8894974255984816,0.903,0.4,0.5,6.249422456993457,0.662679700366597,51.11,"[611.7999877929688, 478.6000061035156]"
std,1789044075.639253,20.039218428,0.9520817229769805,0.903,0.4,0.5,0.12301432566063397,0.7255729126699083,51.11,"[599.7999877929688, 532.4000244140625]"
std,1789044075.6892478,20.089213413,1.0135627150971063,0.903,0.4,0.5,0.2800532118834056,0.7853981633974483,2.69,"[599.7999877929688, 532.4000244140625]"
std,1789044075.739451,20.139416449000002,1.0725111654610253,0.903,0.4,0.5,0.4376122296106857,0.8467573949128739,2.69,"[561.4000244140625, 560.0]"
std,1789044075.7892818,20.189247390000002,1.1269570486599418,0.903,0.4,0.5,0.5942561987873489,0.9004467224888714,5.38,"[561.4000244140625, 560.0]"
std,1789044075.8393972,20.239362816,1.1761243120483693,0.903,0.4,0.5,0.7516029987892878,0.961805954004297,2.69,"[540.2000122070312, 564.4000244140625]"
std,1789044075.8894734,20.28943907,1.2185229356443206,0.903,0.4,0.5,0.9088661538868195,1.021631204731837,5.38,"[540.2000122070312, 564.4000244140625]"
std,1789044075.9394479,20.339413494000002,1.2530919817440989,0.903,0.4,0.5,1.0659110122772262,1.0799224746714913,29.59,"[522.2000122070312, 602.0]"
std,1789044075.989542,20.389507632,1.2790864450395412,0.903,0.4,0.5,1.223264296526395,1.1305438406717176,61.87,"[522.2000122070312, 602.0]"
std,1789044076.0392725,20.439238177,1.2957135473325707,0.903,0.4,0.5,1.3796330119211149,1.179631225884058,61.87,"[490.0, 614.5999755859375]"
std,1789044076.0892277,20.489193330000003,1.3027670901429649,0.903,0.4,0.5,1.5366691775246437,1.2164467647933135,134.5,"[490.0, 614.5999755859375]"
std,1789044076.139227,20.53919248,1.2999814700567653,0.903,0.4,0.5,1.6937258608698045,1.2455923997631406,134.5,"[441.20001220703125, 642.5999755859375]"
std,1789044076.1894333,20.589398957,1.2873680810410226,0.903,0.4,0.5,1.8512852650129759,1.265534150005654,156.02,"[441.20001220703125, 642.5999755859375]"
std,1789044076.2394593,20.639424676,1.2653055248636538,0.903,0.4,0.5,2.0084140227767904,1.2793399770966247,158.71,"[423.20001220703125, 665.2000122070312]"
std,1789044076.2893658,20.689331444,1.234375628168644,0.903,0.4,0.5,2.165277721226829,1.282407938672396,131.81,"[423.20001220703125, 665.2000122070312]"
std,1789044076.3394547,20.739420034000002,1.1951883578132914,0.903,0.4,0.5,2.3225814499934785,1.282407938672396,45.73,"[414.3999938964844, 660.2000122070312]"
std,1789044076.3894649,20.789430417000002,1.1488556184543808,0.903,0.4,0.5,2.479664362495697,1.2716700731571966,-2.69,"[414.3999938964844, 660.2000122070312]"
std,1789044076.4394064,20.839372140000002,1.0965170037390641,0.903,0.4,0.5,2.636609714080393,1.244058418975255,-2.69,"[416.20001220703125, 648.5999755859375]"
std,1789044076.4892628,20.889228185,1.0395164423113898,0.903,0.4,0.5,2.7933025193148495,1.2118448224296565,-2.69,"[416.20001220703125, 648.5999755859375]"
std,1789044076.539257,20.939222605,0.9789950661131646,0.903,0.4,0.5,2.9504430706174816,1.1734953027325155,-2.69,"[458.20001220703125, 644.5999755859375]"
std,1789044076.589298,20.989263576000003,0.9166057440841149,0.903,0.4,0.5,3.1075717309919213,1.1274758790959463,-16.14,"[458.20001220703125, 644.5999755859375]"
std,1789044076.6394477,21.039413226,0.8537645930253666,0.903,0.4,0.5,3.2649941239962885,1.0783884938836057,-13.45,"[500.0, 617.2000122070312]"
std,1789044076.6893992,21.089364705,0.7923004280219966,0.903,0.4,0.5,3.4220018958854155,1.0246991663076084,-94.14999999999999,"[500.0, 617.2000122070312]"
std,1789044076.7394161,21.139381627000002,0.7335193963298434,0.903,0.4,0.5,3.5791205314376953,0.9679418771558396,-107.6,"[524.7999877929688, 604.7999877929688]"
std,1789044076.7894223,21.189387836,0.6789223758046506,0.903,0.4,0.5,3.736212705355058,0.9019807032767571,-18.83,"[524.7999877929688, 604.7999877929688]"
std,1789044076.8393657,21.239331256,0.6298895523826646,0.903,0.4,0.5,3.8931482111883753,0.8206797215188181,-18.83,"[549.5999755859375, 556.5999755859375]"
std,1789044076.8892703,21.289235851,0.5875977156468399,0.903,0.4,0.5,4.049968222650975,0.7700583555185919,-34.97,"[549.5999755859375, 556.5999755859375]"
std,1789044076.9392579,21.339223466,0.5529904317237626,0.903,0.4,0.5,4.2070778826730475,0.7148350471547088,-29.59,"[570.7999877929688, 525.4000244140625]"
std,1789044076.9892724,21.389237934,0.5270022978000668,0.903,0.4,0.5,4.36420612207408,0.6611457195787114,-5.38,"[570.7999877929688, 525.4000244140625]"
std,1789044077.0393977,21.439363329000003,0.5102616778462337,0.903,0.4,0.5,4.521551923049557,0.6166602767300278,-43.04,"[593.2000122070312, 512.4000244140625]"
std,1789044077.0895026,21.489468161,0.5032234891200227,0.903,0.4,0.5,4.678959208134856,0.5798447378207724,-99.53,"[593.2000122070312, 512.4000244140625]"
std,1789044077.139489,21.539454381000002,0.5060505697949206,0.903,0.4,0.5,4.8359700305104525,0.5506991028509451,-104.91,"[603.4000244140625, 466.20001220703125]"
std,1789044077.189432,21.589397534,0.5186315509154871,0.903,0.4,0.5,4.992874594797726,0.526155410244775,-110.28999999999999,"[603.4000244140625, 466.20001220703125]"
std,1789044077.2392569,21.639222546000003,0.5406131908631597,0.903,0.4,0.5,5.149526914327666,0.5154175447295755,-110.28999999999999,"[617.5999755859375, 429.3999938964844]"
std,1789044077.2892299,21.689195396000002,0.5715547494440552,0.903,0.4,0.5,5.306559533073099,0.5154175447295755,-83.39,"[617.5999755859375, 429.3999938964844]"
std,1789044077.3394282,21.739393789,0.6107841199359177,0.903,0.4,0.5,5.4640733495652825,0.5184855063053467,-8.07,"[612.5999755859375, 419.6000061035156]"
std,1789044077.389446,21.789411687,0.6571252261699695,0.903,0.4,0.5,5.621196304807469,0.5307573526084318,2.69,"[612.5999755859375, 419.6000061035156]"
std,1789044077.439417,21.839382435,0.7094715915719078,0.903,0.4,0.5,5.778169789354379,0.5522330836388308,2.69,"[607.5999755859375, 434.20001220703125]"
std,1789044077.489572,21.889537402000002,0.7667961229027223,0.903,0.4,0.5,5.93572637548894,0.581378718608658,2.69,"[607.5999755859375, 434.20001220703125]"
std,1789044077.5394416,21.939407055,0.827155691306112,0.903,0.4,0.5,6.092419595413631,0.619728238305799,2.69,"[612.2000122070312, 474.79998779296875]"
std,1789044077.5894613,21.989426832000003,0.8895636756105427,0.903,0.4,0.5,6.249588176005915,0.662679700366597,51.11,"[612.2000122070312, 474.79998779296875]"
std,1789044077.6393251,22.039290527000002,0.9521766402274275,0.903,0.4,0.5,0.1232534291358931,0.7255729126699083,51.11,"[595.5999755859375, 540.0]"
std,1789044077.689217,22.089182598,1.0135444681444923,0.903,0.4,0.5,0.2800057455599969,0.7838641826095626,2.69,"[595.5999755859375, 540.0]"
std,1789044077.7392352,22.139200860000003,1.0723429343217807,0.903,0.4,0.5,0.4371479461987704,0.8467573949128739,2.69,"[587.7999877929688, 553.4000244140625]"
std,1789044077.7894523,22.189418058,1.1271062463515038,0.903,0.4,0.5,0.5947064361384875,0.9019807032767571,8.07,"[587.7999877929688, 553.4000244140625]"
std,1789044077.8393228,22.239288319,1.176083913343403,0.903,0.4,0.5,0.7514647687125162,0.9602719732164113,2.69,"[557.0, 568.4000244140625]"
std,1789044077.8894358,22.289401292,1.2184985160646435,0.903,0.4,0.5,0.9087668355766638,1.0200972239439514,8.07,"[557.0, 568.4000244140625]"
std,1789044077.9394045,22.339369894,1.2530737703962318,0.903,0.4,0.5,1.0658168964445096,1.081456455459377,37.66,"[525.0, 596.5999755859375]"
std,1789044077.989567,22.389532749,1.2790969085537365,0.903,0.4,0.5,1.2233411116083701,1.1320778214596032,64.56,"[525.0, 596.5999755859375]"
std,1789044078.039251,22.439216556,1.2957117751306664,0.903,0.4,0.5,1.3796096950204415,1.179631225884058,64.56,"[483.6000061035156, 619.7999877929688]"
std,1789044078.089242,22.489207617,1.3027669352021907,0.903,0.4,0.5,1.536657826950396,1.2164467647933135,129.12,"[483.6000061035156, 619.7999877929688]"
std,1789044078.139262,22.539227697,1.2999772295848904,0.903,0.4,0.5,1.6938122860837055,1.2455923997631406,142.57,"[446.20001220703125, 640.7999877929688]"
std,1789044078.1892629,22.589228582,1.2874113839353174,0.903,0.4,0.5,1.8508939325240803,1.2670681307935396,158.71,"[446.20001220703125, 640.7999877929688]"
std,1789044078.2394106,22.639376111,1.26532393267807,0.903,0.4,0.5,2.0083054179187556,1.2793399770966247,161.4,"[415.20001220703125, 660.4000244140625]"
std,1789044078.2894883,22.689453919,1.2343184421586337,0.903,0.4,0.5,2.1655329316476397,1.2839419194602817,123.74,"[415.20001220703125, 660.4000244140625]"
std,1789044078.3393037,22.739269296,1.195300969933853,0.903,0.4,0.5,2.3221691285240738,1.2839419194602817,51.11,"[444.6000061035156, 650.2000122070312]"
std,1789044078.3894434,22.789409086000003,1.14886944411741,0.903,0.4,0.5,2.4796205435613743,1.2686021115814252,-2.69,"[444.6000061035156, 650.2000122070312]"
std,1789044078.4392736,22.839239146,1.0966543357475806,0.903,0.4,0.5,2.6362173762818557,1.2409904573994837,-2.69,"[415.0, 655.5999755859375]"
std,1789044078.489236,22.889201714000002,1.0395250743798958,0.903,0.4,0.5,2.793279560555753,1.2118448224296565,-2.69,"[415.0, 655.5999755859375]"
std,1789044078.5392199,22.939185285,0.9790346135607182,0.903,0.4,0.5,2.9503423668649944,1.1734953027325155,-2.69,"[432.6000061035156, 644.5999755859375]"
std,1789044078.5894253,22.989390943,0.916469554939371,0.903,0.4,0.5,3.107912399016122,1.1274758790959463,-13.45,"[432.6000061035156, 644.5999755859375]"
std,1789044078.6396387,23.039604323000002,0.8535899228737445,0.903,0.4,0.5,3.2654341574545285,1.0799224746714913,-10.76,"[490.0, 639.2000122070312]"
std,1789044078.6894212,23.089386859,0.7922944397668993,0.903,0.4,0.5,3.4220174750434253,1.0231651855197226,-86.08,"[490.0, 639.2000122070312]"
std,1789044078.739496,23.139461673000003,0.7334348677523217,0.903,0.4,0.5,3.5793538418161646,0.966407896367954,-99.53,"[529.2000122070312, 592.7999877929688]"
std,1789044078.7894828,23.189448393000003,0.6788933549882286,0.903,0.4,0.5,3.7363002929582976,0.9004467224888714,-13.45,"[529.2000122070312, 592.7999877929688]"
std,1789044078.839272,23.2392377,0.6299774016582294,0.903,0.4,0.5,3.8928476581608535,0.8206797215188181,-13.45,"[562.5999755859375, 554.0]"
std,1789044078.8892322,23.289197775,0.58761104341554,0.903,0.4,0.5,4.049914049027315,0.7685243747307062,-32.28,"[562.5999755859375, 554.0]"
std,1789044078.9394226,23.339388235,0.5529175581887227,0.903,0.4,0.5,4.207454361711932,0.7148350471547088,-32.28,"[580.2000122070312, 529.7999877929688]"
std,1789044078.9893174,23.389283039000002,0.5269907815649943,0.903,0.4,0.5,4.3642905146775846,0.6611457195787114,-5.38,"[580.2000122070312, 529.7999877929688]"
std,1789044079.0394123,23.439377997,0.5102594641261943,0.903,0.4,0.5,4.521581102162166,0.6166602767300278,-43.04,"[591.7999877929688, 513.7999877929688]"
std,1789044079.0894392,23.489404707000002,0.5032272462476044,0.903,0.4,0.5,4.678679355061313,0.5798447378207724,-99.53,"[591.7999877929688, 513.7999877929688]"
std,1789044079.139281,23.539246454,0.5060238637690233,0.903,0.4,0.5,4.835427213565431,0.5491651220630596,-104.91,"[604.7999877929688, 459.79998779296875]"
std,1789044079.1895227,23.589488287,0.5186645410540454,0.903,0.4,0.5,4.9931723769406275,0.526155410244775,-110.28999999999999,"[604.7999877929688, 459.79998779296875]"
std,1789044079.2392712,23.639236843000003,0.5406066827025309,0.903,0.4,0.5,5.1494884800831855,0.5154175447295755,-110.28999999999999,"[632.5999755859375, 435.6000061035156]"
std,1789044079.289237,23.68920271,0.5715569781251668,0.903,0.4,0.5,5.3065694856386685,0.5154175447295755,-83.39,"[632.5999755859375, 435.6000061035156]"
std,1789044079.3394363,23.73940203,0.6107946346972131,0.903,0.4,0.5,5.464111843500099,0.516951525517461,-2.69,"[627.5999755859375, 425.6000061035156]"
std,1789044079.3892887,23.789254007,0.6570022766876404,0.903,0.4,0.5,5.620806558822899,0.5307573526084318,2.69,"[627.5999755859375, 425.6000061035156]"
std,1789044079.4395034,23.839469018000003,0.7095719301849754,0.903,0.4,0.5,5.778456393710606,0.5522330836388308,2.69,"[613.4000244140625, 441.79998779296875]"
std,1789044079.4895155,23.889481209000003,0.7667638330518057,0.903,0.4,0.5,5.935640518903348,0.581378718608658,2.69,"[613.4000244140625, 441.79998779296875]"
std,1789044079.5395474,23.939513164,0.8273076197981961,0.903,0.4,0.5,6.0928064197171,0.6181942575179133,2.69,"[611.5999755859375, 483.0]"
std,1789044079.5894203,23.989386058,0.8894981590563127,0.903,0.4,0.5,6.249424291683589,0.662679700366597,48.42,"[611.5999755859375, 483.0]"
std,1789044079.6392455,24.039211067,0.9520624221648716,0.903,0.4,0.5,0.12296570637275295,0.7255729126699083,48.42,"[594.0, 525.7999877929688]"
std,1789044079.6892343,24.08919989,1.013548583965748,0.903,0.4,0.5,0.2800164521077875,0.7853981633974483,2.69,"[594.0, 525.7999877929688]"
std,1789044079.7392895,24.139255094000003,1.0723476885429484,0.903,0.4,0.5,0.4371610654897182,0.8482913757007595,2.69,"[564.0, 567.0]"
std,1789044079.78948,24.189445622,1.1271470766363905,0.903,0.4,0.5,0.59482967453512,0.9035146840646426,8.07,"[564.0, 567.0]"
std,1789044079.8394895,24.239454921,1.1762193514485038,0.903,0.4,0.5,0.7519282604430941,0.961805954004297,2.69,"[544.0, 586.7999877929688]"
std,1789044079.8895018,24.289467448,1.2185685423467278,0.903,0.4,0.5,0.9090516774993915,1.021631204731837,5.38,"[544.0, 586.7999877929688]"
std,1789044079.9394536,24.339419135,1.253098372427329,0.903,0.4,0.5,1.0659440429823945,1.0799224746714913,29.59,"[527.2000122070312, 593.4000244140625]"
std,1789044079.9895658,24.389531445000003,1.2790954806551031,0.903,0.4,0.5,1.2233306281137004,1.1305438406717176,72.63,"[527.2000122070312, 593.4000244140625]"
std,1789044080.0393496,24.439315153000003,1.295735716647967,0.903,0.4,0.5,1.379924931852102,1.1811652066719438,72.63,"[491.0, 619.7999877929688]"
std,1789044080.0892353,24.489200792000002,1.3027670117141197,0.903,0.4,0.5,1.536663431551716,1.2164467647933135,131.81,"[491.0, 619.7999877929688]"
std,1789044080.1392486,24.539214177,1.2999768813984864,0.903,0.4,0.5,1.6938193797999475,1.2455923997631406,139.88,"[442.3999938964844, 645.4000244140625]"
std,1789044080.1894343,24.589399848000003,1.2873704377677742,0.903,0.4,0.5,1.851263980722777,1.265534150005654,161.4,"[442.3999938964844, 645.4000244140625]"
std,1789044080.2395082,24.639473556000002,1.2652711786375284,0.903,0.4,0.5,2.008616595812711,1.2793399770966247,164.09,"[420.20001220703125, 643.2000122070312]"
std,1789044080.2894306,24.689396218000002,1.2343347520433774,0.903,0.4,0.5,2.1654601535122424,1.282407938672396,137.19,"[420.20001220703125, 643.2000122070312]"
std,1789044080.3393848,24.739350382,1.195235735331469,0.903,0.4,0.5,2.3224080026630958,1.282407938672396,48.42,"[428.0, 658.4000244140625]"
std,1789044080.3894408,24.789406358,1.1488724207165357,0.903,0.4,0.5,2.4796111093586433,1.2716700731571966,-2.69,"[428.0, 658.4000244140625]"
std,1789044080.4392478,24.839213383,1.0966485356029376,0.903,0.4,0.5,2.6362339481831185,1.244058418975255,-2.69,"[419.6000061035156, 652.7999877929688]"
std,1789044080.4892426,24.889208064,1.039515782028407,0.903,0.4,0.5,2.793304275465175,1.2118448224296565,-2.69,"[419.6000061035156, 652.7999877929688]"
std,1789044080.539453,24.939418636000003,0.9788130071450039,0.903,0.4,0.5,2.9509066408878937,1.1734953027325155,-2.69,"[421.0, 655.5999755859375]"
std,1789044080.589475,24.989440512,0.9164446097429327,0.903,0.4,0.5,3.107974797329419,1.1274758790959463,-24.21,"[421.0, 655.5999755859375]"
std,1789044080.6394603,25.039425888,0.85372910752627,0.903,0.4,0.5,3.265083518015288,1.0783884938836057,-18.83,"[476.6000061035156, 623.4000244140625]"
std,1789044080.6895123,25.089477918,0.7921713006844014,0.903,0.4,0.5,3.422337851520652,1.0231651855197226,-88.77,"[476.6000061035156, 623.4000244140625]"
std,1789044080.7394695,25.139435082000002,0.7334527629335774,0.903,0.4,0.5,3.579304446554872,0.966407896367954,-96.84,"[515.7999877929688, 597.5999755859375]"
std,1789044080.7895067,25.189472361,0.6788266021872291,0.903,0.4,0.5,3.7365017790031345,0.9004467224888714,-16.14,"[515.7999877929688, 597.5999755859375]"
std,1789044080.8392394,25.239204941,0.6299674914511051,0.903,0.4,0.5,3.8928815590871864,0.8206797215188181,-16.14,"[552.4000244140625, 563.0]"
std,1789044080.889229,25.289194632,0.5876075962235481,0.903,0.4,0.5,4.049928060530547,0.7685243747307062,-32.28,"[552.4000244140625, 563.0]"
std,1789044080.9393709,25.339336331000002,0.5529404607829544,0.903,0.4,0.5,4.2073360147750805,0.7133010663668231,-26.9,"[588.0, 532.4000244140625]"
std,1789044080.9894173,25.389382831000002,0.5269509337743788,0.903,0.4,0.5,4.364582676511191,0.6611457195787114,-2.69,"[588.0, 532.4000244140625]"
std,1789044081.0394037,25.439369120000002,0.510259779193842,0.903,0.4,0.5,4.521576948976687,0.6181942575179133,-51.11,"[591.7999877929688, 521.0]"
std,1789044081.0894241,25.489389764000002,0.5032272340078265,0.903,0.4,0.5,4.678680262981601,0.581378718608658,-115.67,"[591.7999877929688, 521.0]"
std,1789044081.1395345,25.539499951000003,0.5060561377810603,0.903,0.4,0.5,4.83608290479296,0.5506991028509451,-102.22,"[598.7999877929688, 457.6000061035156]"
std,1789044081.189465,25.589430455000002,0.518645358932551,0.903,0.4,0.5,4.992999268902238,0.5292233718205462,-107.6,"[598.7999877929688, 457.6000061035156]"
std,1789044081.2392151,25.639180809000003,0.5406016404962475,0.903,0.4,0.5,5.149458700926431,0.5154175447295755,-107.6,"[614.7999877929688, 444.20001220703125]"
std,1789044081.2892087,25.689174319000003,0.571554303430389,0.903,0.4,0.5,5.306557541303405,0.5154175447295755,-80.7,"[614.7999877929688, 444.20001220703125]"
std,1789044081.3393803,25.73934586,0.6107675270080273,0.903,0.4,0.5,5.464012600588191,0.5184855063053467,0.0,"[618.2000122070312, 422.3999938964844]"
std,1789044081.3893933,25.789358812000003,0.6570967708352142,0.903,0.4,0.5,5.621106112824023,0.5307573526084318,2.69,"[618.2000122070312, 422.3999938964844]"
std,1789044081.439363,25.839328431000002,0.7094442695439765,0.903,0.4,0.5,5.7780917396265465,0.5506991028509451,2.69,"[609.4000244140625, 434.0]"
std,1789044081.4895122,25.8894778,0.7667571741112571,0.903,0.4,0.5,5.935622812887175,0.581378718608658,2.69,"[609.4000244140625, 434.0]"
std,1789044081.5394263,25.939391918000002,0.8271466448052862,0.903,0.4,0.5,6.092396561256351,0.619728238305799,2.69,"[605.4000244140625, 480.6000061035156]"
std,1789044081.5894153,25.989380963000002,0.8895222388535207,0.903,0.4,0.5,6.249484525439556,0.6642136811544826,53.8,"[605.4000244140625, 480.6000061035156]"
std,1789044081.6392887,26.039254325,0.9521123189413419,0.903,0.4,0.5,0.123091398353246,0.7240389318820226,53.8,"[594.0, 530.4000244140625]"
std,1789044081.6892169,26.089182496000003,1.0135453099082763,0.903,0.4,0.5,0.2800079352501186,0.782330201821677,2.69,"[594.0, 530.4000244140625]"
std,1789044081.7392616,26.139227220000002,1.0723646001733833,0.903,0.4,0.5,0.43720773384860223,0.8452234141249882,5.38,"[571.0, 556.0]"
std,1789044081.789441,26.189406642,1.1270897302901124,0.903,0.4,0.5,0.5946565884878865,0.9035146840646426,5.38,"[571.0, 556.0]"
std,1789044081.8392527,26.23921804,1.176042856486984,0.903,0.4,0.5,0.7513243049634113,0.9633399347921826,2.69,"[540.5999755859375, 578.7999877929688]"
std,1789044081.889511,26.289476603,1.2185758633985164,0.903,0.4,0.5,0.9090814629393478,1.0231651855197226,5.38,"[540.5999755859375, 578.7999877929688]"
std,1789044081.939434,26.339399669000002,1.2530910249930067,0.903,0.4,0.5,1.0659060674104026,1.0799224746714913,29.59,"[535.2000122070312, 604.7999877929688]"
std,1789044081.9895234,26.389488771,1.2790866902734601,0.903,0.4,0.5,1.223266096658996,1.1305438406717176,72.63,"[535.2000122070312, 604.7999877929688]"
std,1789044082.0392318,26.439197316,1.2957106864410783,0.903,0.4,0.5,1.3795953724995442,1.179631225884058,72.63,"[495.79998779296875, 619.2000122070312]"
std,1789044082.0892131,26.489178713,1.3027667665657237,0.903,0.4,0.5,1.536645477349687,1.2164467647933135,131.81,"[495.79998779296875, 619.2000122070312]"
std,1789044082.1392481,26.5392139,1.2999792261051484,0.903,0.4,0.5,1.6937716024588596,1.2455923997631406,139.88,"[447.0, 642.0]"
std,1789044082.1894674,26.589432957000003,1.2873601635993768,0.903,0.4,0.5,1.85135675823701,1.265534150005654,158.71,"[447.0, 642.0]"
std,1789044082.2394664,26.639431912000003,1.2653004964497379,0.903,0.4,0.5,2.008443685694637,1.2793399770966247,164.09,"[424.0, 656.2000122070312]"
std,1789044082.2893898,26.689355409,1.234363415056261,0.903,0.4,0.5,2.1653322341425607,1.282407938672396,134.5,"[424.0, 656.2000122070312]"
std,1789044082.3395648,26.739530601000002,1.1950905775417602,0.903,0.4,0.5,2.322939318237438,1.282407938672396,48.42,"[416.0, 658.4000244140625]"
std,1789044082.3894362,26.78940176,1.1488852110219732,0.903,0.4,0.5,2.4795705702470414,1.2716700731571966,-2.69,"[416.0, 658.4000244140625]"
std,1789044082.4392142,26.839179814,1.0966747540326385,0.903,0.4,0.5,2.6361590369062853,1.2425244381873692,-2.69,"[418.79998779296875, 651.0]"
std,1789044082.489239,26.889204345000003,1.0395225159500152,0.903,0.4,0.5,2.793286365245443,1.210310841641771,-2.69,"[418.79998779296875, 651.0]"
std,1789044082.5393631,26.939328736,0.9789111805332805,0.903,0.4,0.5,2.9506566706436175,1.1734953027325155,-2.69,"[437.0, 641.5999755859375]"
std,1789044082.5894504,26.989416042000002,0.9164615898642215,0.903,0.4,0.5,3.1079323229967244,1.1305438406717176,-18.83,"[437.0, 641.5999755859375]"
std,1789044082.639468,27.039433545,0.8537054831691309,0.903,0.4,0.5,3.2651430323464936,1.081456455459377,-21.52,"[480.79998779296875, 625.2000122070312]"
std,1789044082.6894062,27.089371676000003,0.7922933795382159,0.903,0.4,0.5,3.4220202333617564,1.0246991663076084,-91.46,"[480.79998779296875, 625.2000122070312]"
std,1789044082.7393806,27.139346221,0.7335521619578445,0.903,0.4,0.5,3.5790301006931813,0.966407896367954,-104.91,"[518.2000122070312, 589.0]"
std,1789044082.7895203,27.18948593,0.6788205575712107,0.903,0.4,0.5,3.736520025373231,0.8989127417009857,-10.76,"[518.2000122070312, 589.0]"
std,1789044082.8392818,27.239247341000002,0.629955669593345,0.903,0.4,0.5,3.892922000809385,0.8191457407309324,-10.76,"[554.7999877929688, 557.2000122070312]"
std,1789044082.8892372,27.28920274,0.5876120335285497,0.903,0.4,0.5,4.049910024647097,0.7685243747307062,-34.97,"[554.7999877929688, 557.2000122070312]"
std,1789044082.939253,27.339218722000002,0.5529947137208038,0.903,0.4,0.5,4.2070557690023875,0.7133010663668231,-24.21,"[580.5999755859375, 541.7999877929688]"
std,1789044082.9893854,27.38935095,0.5269674790635033,0.903,0.4,0.5,4.364461338778092,0.6596117387908257,-5.38,"[580.5999755859375, 541.7999877929688]"
std,1789044083.039429,27.439394470000003,0.5102550912960735,0.903,0.4,0.5,4.521638753528926,0.6181942575179133,-43.04,"[603.0, 515.0]"
std,1789044083.0894616,27.489427176000003,0.5032251932807493,0.903,0.4,0.5,4.678831983057172,0.5829126993965437,-110.28999999999999,"[603.0, 515.0]"
std,1789044083.1394544,27.539419777000003,0.5060427440634516,0.903,0.4,0.5,4.835811213577053,0.5522330836388308,-99.53,"[607.2000122070312, 467.6000061035156]"
std,1789044083.1894374,27.589402898000003,0.5186300241717318,0.903,0.4,0.5,4.992860806347586,0.5292233718205462,-99.53,"[607.2000122070312, 467.6000061035156]"
std,1789044083.239334,27.639299623000003,0.5406590280624224,0.903,0.4,0.5,5.149797518552482,0.5154175447295755,-99.53,"[618.2000122070312, 432.20001220703125]"
std,1789044083.289238,27.689203555000002,0.5715532270936408,0.903,0.4,0.5,5.306552734666603,0.5154175447295755,-80.7,"[618.2000122070312, 432.20001220703125]"
std,1789044083.3393981,27.739363823,0.6107627510669951,0.903,0.4,0.5,5.463995114483431,0.5184855063053467,0.0,"[616.2000122070312, 420.79998779296875]"
std,1789044083.3894327,27.789398338,0.6571014361082834,0.903,0.4,0.5,5.621120900300589,0.5307573526084318,2.69,"[616.2000122070312, 420.79998779296875]"
std,1789044083.4393528,27.839318237,0.7094338079960438,0.903,0.4,0.5,5.778061853655565,0.5522330836388308,2.69,"[613.0, 427.20001220703125]"
std,1789044083.4893832,27.889348819000002,0.7666015683971583,0.903,0.4,0.5,5.935209027435512,0.581378718608658,2.69,"[613.0, 427.20001220703125]"
std,1789044083.539377,27.939342617,0.8270995214781918,0.903,0.4,0.5,6.092276574408068,0.6181942575179133,2.69,"[605.2000122070312, 477.6000061035156]"
std,1789044083.5893807,27.989346395000002,0.8894772768767878,0.903,0.4,0.5,6.249372056422494,0.662679700366597,51.11,"[605.2000122070312, 477.6000061035156]"
std,1789044083.6392844,28.039249871000003,0.9521102449649337,0.903,0.4,0.5,0.12308617388460164,0.722504951094137,51.11,"[595.5999755859375, 532.0]"
std,1789044083.6892383,28.089203891,1.0135436191340095,0.903,0.4,0.5,0.28000353702034886,0.782330201821677,2.69,"[595.5999755859375, 532.0]"
std,1789044083.7392602,28.139225794,1.0723512086515052,0.903,0.4,0.5,0.4371707792941635,0.8452234141249882,5.38,"[568.0, 559.7999877929688]"
std,1789044083.789414,28.189379488,1.127054191858682,0.903,0.4,0.5,0.5945493345146389,0.9019807032767571,2.69,"[568.0, 559.7999877929688]"
std,1789044083.8394203,28.239385815000002,1.176158051066828,0.903,0.4,0.5,0.7517184554608605,0.961805954004297,2.69,"[543.4000244140625, 576.4000244140625]"
std,1789044083.8895237,28.289489477,1.218581856089905,0.903,0.4,0.5,0.9091058448398854,1.021631204731837,13.45,"[543.4000244140625, 576.4000244140625]"
std,1789044083.9394693,28.339435094000002,1.2530949042192017,0.903,0.4,0.5,1.0659261170546728,1.0799224746714913,29.59,"[529.2000122070312, 610.4000244140625]"
std,1789044083.989487,28.389452627,1.2790720100424688,0.903,0.4,0.5,1.2231583525973093,1.1305438406717176,69.94,"[529.2000122070312, 610.4000244140625]"
std,1789044084.0393555,28.439321189,1.295737265227637,0.903,0.4,0.5,1.3799453396379278,1.1811652066719438,69.94,"[496.0, 621.5999755859375]"
std,1789044084.0892417,28.489207292000003,1.3027668905501342,0.903,0.4,0.5,1.5366545565524063,1.2164467647933135,137.19,"[496.0, 621.5999755859375]"
std,1789044084.1392488,28.539214247,1.2999783730007526,0.903,0.4,0.5,1.6937889880325514,1.2455923997631406,137.19,"[446.6000061035156, 645.5999755859375]"
std,1789044084.189464,28.589429780000003,1.2873604196936226,0.903,0.4,0.5,1.8513544460247715,1.265534150005654,161.4,"[446.6000061035156, 645.5999755859375]"
std,1789044084.239436,28.639401339000003,1.2653118027440176,0.903,0.4,0.5,2.0083769865409664,1.2793399770966247,164.09,"[429.20001220703125, 658.5999755859375]"
std,1789044084.2895195,28.689485013000002,1.2342811599573833,0.903,0.4,0.5,2.1656992632706533,1.282407938672396,139.88,"[429.20001220703125, 658.5999755859375]"
std,1789044084.3395,28.739465411,1.1951403955368487,0.903,0.4,0.5,2.3227570053325337,1.2808739578845103,48.42,"[420.0, 655.5999755859375]"
std,1789044084.3894567,28.789422248,1.148854599452229,0.903,0.4,0.5,2.4796675920529196,1.2716700731571966,-2.69,"[420.0, 655.5999755859375]"
std,1789044084.439281,28.839246522000003,1.0966325269278112,0.903,0.4,0.5,2.636279686630516,1.244058418975255,-2.69,"[424.0, 647.0]"
std,1789044084.4892373,28.889202972000003,1.0395130841952418,0.903,0.4,0.5,2.7933114508627455,1.2118448224296565,-2.69,"[424.0, 647.0]"
std,1789044084.5392635,28.939229218,0.9789983306111226,0.903,0.4,0.5,2.9504347579633077,1.1734953027325155,-2.69,"[435.3999938964844, 642.4000244140625]"
std,1789044084.5894477,28.989413440000003,0.9164442367326233,0.903,0.4,0.5,3.1079757303823783,1.1259418983080607,-16.14,"[435.3999938964844, 642.4000244140625]"
std,1789044084.6394668,29.039432357000003,0.8537067439451979,0.903,0.4,0.5,3.265139856196285,1.0799224746714913,-18.83,"[483.3999938964844, 624.7999877929688]"
std,1789044084.6895077,29.089473222000002,0.7921725491766846,0.903,0.4,0.5,3.4223346031137822,1.0246991663076084,-94.14999999999999,"[483.3999938964844, 624.7999877929688]"
std,1789044084.7394307,29.139396379,0.7335080888957985,0.903,0.4,0.5,3.5791517400190997,0.966407896367954,-112.98,"[518.4000244140625, 590.2000122070312]"
std,1789044084.7894979,29.189463418000003,0.6788375134909561,0.903,0.4,0.5,3.7364688425456762,0.9019807032767571,-26.9,"[518.4000244140625, 590.2000122070312]"
std,1789044084.8392622,29.239227768000003,0.6299670947187606,0.903,0.4,0.5,3.8928829162551324,0.8206797215188181,-26.9,"[552.0, 559.7999877929688]"
std,1789044084.8892791,29.289244619,0.5875976198114514,0.903,0.4,0.5,4.0499686122084455,0.7685243747307062,-32.28,"[552.0, 559.7999877929688]"
std,1789044084.9392607,29.339226353,0.5529928504014469,0.903,0.4,0.5,4.207065391700638,0.7133010663668231,-34.97,"[586.4000244140625, 533.7999877929688]"
std,1789044084.9893913,29.389356725000003,0.5269628284481538,0.903,0.4,0.5,4.364495440766305,0.662679700366597,-2.69,"[586.4000244140625, 533.7999877929688]"
std,1789044085.0394092,29.439374886000003,0.5102619696017201,0.903,0.4,0.5,4.521548077740121,0.6181942575179133,-40.35,"[607.5999755859375, 516.4000244140625]"
std,1789044085.0894964,29.489462130000003,0.5032240345026882,0.903,0.4,0.5,4.678918439686953,0.5798447378207724,-104.91,"[607.5999755859375, 516.4000244140625]"
std,1789044085.139484,29.539449518,0.5060504389045155,0.903,0.4,0.5,4.835967375864627,0.5506991028509451,-107.6,"[611.5999755859375, 469.20001220703125]"
std,1789044085.1895013,29.589466872000003,0.5186535004062305,0.903,0.4,0.5,4.993072753895916,0.526155410244775,-110.28999999999999,"[611.5999755859375, 469.20001220703125]"
std,1789044085.2393486,29.639314263000003,0.5406656336878539,0.903,0.4,0.5,5.149836502575681,0.5154175447295755,-110.28999999999999,"[622.5999755859375, 428.3999938964844]"
std,1789044085.2892396,29.689205302,0.5715497139275261,0.903,0.4,0.5,5.306537045552844,0.5154175447295755,-83.39,"[622.5999755859375, 428.3999938964844]"
std,1789044085.3392518,29.739217467000003,0.6106812460723243,0.903,0.4,0.5,5.463696650614921,0.5184855063053467,-2.69,"[618.7999877929688, 421.3999938964844]"
std,1789044085.3894906,29.789455998,0.657182423388404,0.903,0.4,0.5,5.621377577845124,0.5307573526084318,2.69,"[618.7999877929688, 421.3999938964844]"
std,1789044085.4394212,29.839386808,0.7095023451100911,0.903,0.4,0.5,5.7782576377097,0.5522330836388308,2.69,"[614.0, 431.79998779296875]"
std,1789044085.4894469,29.889412328000002,0.7666586041034489,0.903,0.4,0.5,5.9353607035287865,0.5829126993965437,2.69,"[614.0, 431.79998779296875]"
std,1789044085.539525,29.939490523000003,0.8272424568433417,0.903,0.4,0.5,6.092640512208973,0.619728238305799,2.69,"[609.5999755859375, 475.79998779296875]"
std,1789044085.5894089,29.989374527000003,0.8895178117238929,0.903,0.4,0.5,6.249473451325343,0.6642136811544826,48.42,"[609.5999755859375, 475.79998779296875]"
std,1789044085.6392698,30.039235432,0.9520662883228422,0.903,0.4,0.5,0.12297544530988347,0.7240389318820226,48.42,"[592.0, 530.0]"
std,1789044085.689247,30.08921228,1.0135589000324072,0.903,0.4,0.5,0.28004328759214303,0.7838641826095626,2.69,"[592.0, 530.0]"
std,1789044085.7394147,30.139380136000003,1.0724788382203523,0.903,0.4,0.5,0.43752300523765797,0.8467573949128739,2.69,"[563.0, 562.4000244140625]"
std,1789044085.7894342,30.189399765,1.127083932309543,0.903,0.4,0.5,0.5946390898167024,0.9035146840646426,2.69,"[563.0, 562.4000244140625]"
std,1789044085.8394992,30.239464795000004,1.1761858898313828,0.903,0.4,0.5,0.7518137305412225,0.9633399347921826,5.38,"[545.2000122070312, 582.0]"
std,1789044085.889426,30.289391601000002,1.2185010575020885,0.903,0.4,0.5,0.9087771714164248,1.021631204731837,10.76,"[545.2000122070312, 582.0]"
std,1789044085.9395137,30.339479187000002,1.253108056191971,0.903,0.4,0.5,1.0659940979780558,1.0799224746714913,34.97,"[527.2000122070312, 602.5999755859375]"
std,1789044085.9894693,30.389434764,1.2790427101618662,0.903,0.4,0.5,1.2229434048279089,1.1305438406717176,69.94,"[527.2000122070312, 602.5999755859375]"
std,1789044086.0392683,30.439233777000002,1.2957134429929897,0.903,0.4,0.5,1.3796316390450514,1.179631225884058,69.94,"[492.6000061035156, 627.7999877929688]"
std,1789044086.089263,30.48922847,1.3027671015481372,0.903,0.4,0.5,1.5366700131882212,1.2164467647933135,134.5,"[492.6000061035156, 627.7999877929688]"
std,1789044086.1392612,30.539226789,1.2999776526862112,0.903,0.4,0.5,1.6938036655533963,1.2455923997631406,131.81,"[455.79998779296875, 642.2000122070312]"
std,1789044086.1895266,30.589492141,1.2873490570148656,0.903,0.4,0.5,1.8514570190248705,1.265534150005654,158.71,"[455.79998779296875, 642.2000122070312]"
std,1789044086.2394252,30.639390806,1.2653234332687677,0.903,0.4,0.5,2.008308364732592,1.2793399770966247,156.02,"[428.0, 657.2000122070312]"
std,1789044086.2894933,30.689459014,1.2343244534910611,0.903,0.4,0.5,2.165506108729481,1.282407938672396,131.81,"[428.0, 657.2000122070312]"
std,1789044086.3394938,30.739459409000002,1.1951471903324211,0.903,0.4,0.5,2.322732136485037,1.282407938672396,45.73,"[423.79998779296875, 657.2000122070312]"
std,1789044086.3894315,30.789396879,1.1488813880475954,0.903,0.4,0.5,2.4795826873698203,1.2701360923693108,-2.69,"[423.79998779296875, 657.2000122070312]"
std,1789044086.4392977,30.839263282,1.096614889316915,0.903,0.4,0.5,2.636330077776641,1.2425244381873692,-2.69,"[422.0, 647.2000122070312]"
std,1789044086.489271,30.889236457000003,1.0395178774509415,0.903,0.4,0.5,2.7932987022797207,1.210310841641771,-2.69,"[422.0, 647.2000122070312]"
std,1789044086.5393858,30.939351307000003,0.9788836443929484,0.903,0.4,0.5,2.9507267847083867,1.1734953027325155,-2.69,"[439.79998779296875, 632.4000244140625]"
std,1789044086.5894518,30.989417346000003,0.916471538043845,0.903,0.4,0.5,3.107907438441252,1.1305438406717176,-24.21,"[439.79998779296875, 632.4000244140625]"
std,1789044086.6395726,31.039538226,0.8536403774198538,0.903,0.4,0.5,3.265307048615689,1.081456455459377,-24.21,"[480.0, 624.2000122070312]"
std,1789044086.68947,31.089435685,0.7922525468840295,0.903,0.4,0.5,3.4221264663172732,1.0246991663076084,-91.46,"[480.0, 624.2000122070312]"
std,1789044086.7394164,31.139382063000003,0.7335207007817338,0.903,0.4,0.5,3.5791169311724715,0.966407896367954,-104.91,"[517.4000244140625, 588.7999877929688]"
std,1789044086.7895226,31.189488101000002,0.6788319162656898,0.903,0.4,0.5,3.736485738030943,0.8989127417009857,-8.07,"[517.4000244140625, 588.7999877929688]"
std,1789044086.839237,31.239202603000003,0.6299832215600839,0.903,0.4,0.5,3.892827749888106,0.8206797215188181,-8.07,"[555.0, 559.7999877929688]"
std,1789044086.8892422,31.289207761000004,0.58760698176424,0.903,0.4,0.5,4.049930558096598,0.7700583555185919,-34.97,"[555.0, 559.7999877929688]"
std,1789044086.9394574,31.339423044000004,0.5529054446744313,0.903,0.4,0.5,4.207516967370218,0.7163690279425944,-37.66,"[581.7999877929688, 540.2000122070312]"
std,1789044086.989454,31.389419433,0.5269545573887355,0.903,0.4,0.5,4.364556098637216,0.662679700366597,-8.07,"[581.7999877929688, 540.2000122070312]"
std,1789044087.0393572,31.439322958,0.5102656132204724,0.903,0.4,0.5,4.521500061637958,0.6181942575179133,-43.04,"[604.7999877929688, 520.5999755859375]"
std,1789044087.0895038,31.489469431000003,0.5032235258726425,0.903,0.4,0.5,4.678956459241213,0.5798447378207724,-102.22,"[604.7999877929688, 520.5999755859375]"
std,1789044087.1394184,31.539384171000002,0.506038457188049,0.903,0.4,0.5,4.8357241286286055,0.5491651220630596,-110.28999999999999,"[625.5999755859375, 469.20001220703125]"
std,1789044087.189313,31.589278417000003,0.5185893761775738,0.903,0.4,0.5,4.992493459918514,0.5230874486690036,-110.28999999999999,"[625.5999755859375, 469.20001220703125]"
std,1789044087.2392368,31.639202317000002,0.5406030660478613,0.903,0.4,0.5,5.149467120394611,0.5154175447295755,-86.08,"[623.5999755859375, 430.20001220703125]"
std,1789044087.2892354,31.689200875,0.5715569155133827,0.903,0.4,0.5,5.306569206036791,0.5154175447295755,-83.39,"[623.5999755859375, 430.20001220703125]"
std,1789044087.33925,31.739215707000003,0.6106845528131215,0.903,0.4,0.5,5.463708761454562,0.516951525517461,-8.07,"[619.5999755859375, 423.79998779296875]"
std,1789044087.3894315,31.789396931000002,0.6571100036204154,0.903,0.4,0.5,5.621148056227405,0.5307573526084318,2.69,"[619.5999755859375, 423.79998779296875]"
std,1789044087.439517,31.839482716000003,0.7096063273874335,0.903,0.4,0.5,5.778554634454359,0.5522330836388308,2.69,"[617.0, 433.0]"
std,1789044087.4895656,31.889531053000002,0.7667934053603472,0.903,0.4,0.5,5.935719149825751,0.581378718608658,2.69,"[617.0, 433.0]"
std,1789044087.539528,31.939493346000003,0.8272815124129249,0.903,0.4,0.5,6.092739949899617,0.6181942575179133,2.69,"[610.7999877929688, 478.0]"
std,1789044087.5892284,31.989194034,0.889341124767808,0.903,0.4,0.5,6.249031479504431,0.6734175658817965,2.69,"[610.7999877929688, 478.0]"
std,1789044087.6392405,32.039206021000005,0.9520469275545476,0.903,0.4,0.5,0.12292667522550005,0.7240389318820226,64.56,"[588.5999755859375, 533.4000244140625]"
std,1789044087.689243,32.089208668000005,1.0135474861730676,0.903,0.4,0.5,0.2800135963999395,0.782330201821677,2.69,"[588.5999755859375, 533.4000244140625]"
std,1789044087.73941,32.139375676,1.0724553508671875,0.903,0.4,0.5,0.4374581816148151,0.8436894333371027,8.07,"[561.7999877929688, 561.7999877929688]"
std,1789044087.7894378,32.189403308,1.1270679640874413,0.903,0.4,0.5,0.5945908977853662,0.8989127417009857,13.45,"[561.7999877929688, 561.7999877929688]"
std,1789044087.8394625,32.239428057000005,1.176179516701658,0.903,0.4,0.5,0.7517919184633968,0.9602719732164113,2.69,"[541.0, 583.2000122070312]"
std,1789044087.8894305,32.289396317000005,1.2185092184555721,0.903,0.4,0.5,0.908810362342777,1.0200972239439514,16.14,"[541.0, 583.2000122070312]"
std,1789044087.9392602,32.339225872,1.2530072633554843,0.903,0.4,0.5,1.065473325588627,1.0799224746714913,32.28,"[519.7999877929688, 609.4000244140625]"
std,1789044087.9894083,32.38937386,1.2790320873423218,0.903,0.4,0.5,1.2228655058964506,1.1305438406717176,75.32,"[519.7999877929688, 609.4000244140625]"
std,1789044088.039263,32.439228568000004,1.2957127670360715,0.903,0.4,0.5,1.3796227451962295,1.179631225884058,75.32,"[493.6000061035156, 631.5999755859375]"
std,1789044088.089272,32.489237603,1.3027674573692758,0.903,0.4,0.5,1.536696094690413,1.214912784005428,129.12,"[493.6000061035156, 631.5999755859375]"
std,1789044088.1394382,32.539403706,1.2999600078008673,0.903,0.4,0.5,1.6941626647706727,1.2455923997631406,137.19,"[443.6000061035156, 646.5999755859375]"
std,1789044088.1893933,32.589358847,1.2873790509486644,0.903,0.4,0.5,1.851186179180587,1.265534150005654,156.02,"[443.6000061035156, 646.5999755859375]"
std,1789044088.2395236,32.639489183,1.265263639025602,0.903,0.4,0.5,2.0086610524902255,1.2793399770966247,158.71,"[431.6000061035156, 660.0]"
std,1789044088.2895322,32.689497912,1.2342731601132568,0.903,0.4,0.5,2.165734948621534,1.282407938672396,137.19,"[431.6000061035156, 660.0]"
std,1789044088.3394616,32.739426966,1.1951912834430587,0.903,0.4,0.5,2.3225707403040303,1.2808739578845103,53.8,"[420.3999938964844, 659.7999877929688]"
std,1789044088.3892422,32.789207723000004,1.1490083287542703,0.903,0.4,0.5,2.4791802807667978,1.2686021115814252,53.8,"[420.3999938964844, 659.7999877929688]"
std,1789044088.439253,32.839218603,1.0966612859551503,0.903,0.4,0.5,2.6361975182745994,1.2455923997631406,-2.69,"[422.20001220703125, 654.2000122070312]"
std,1789044088.489208,32.889173387,1.0395260370377377,0.903,0.4,0.5,2.7932770001576444,1.2118448224296565,-2.69,"[422.20001220703125, 654.2000122070312]"
std,1789044088.5393353,32.939300938,0.978919919521638,0.903,0.4,0.5,2.9506344187427516,1.1734953027325155,-2.69,"[439.3999938964844, 636.5999755859375]"
std,1789044088.5893571,32.989322729,0.9165397282508918,0.903,0.4,0.5,3.1077368656680875,1.1259418983080607,-13.45,"[439.3999938964844, 636.5999755859375]"
std,1789044088.6394475,33.039412853,0.853760041182216,0.903,0.4,0.5,3.2650055908093947,1.0783884938836057,-18.83,"[484.20001220703125, 617.2000122070312]"
std,1789044088.6894445,33.089410101,0.7922500690710466,0.903,0.4,0.5,3.422132912865365,1.0231651855197226,-88.77,"[484.20001220703125, 617.2000122070312]"
std,1789044088.7394555,33.139420845000004,0.7334725263048135,0.903,0.4,0.5,3.5792498959399097,0.966407896367954,-107.6,"[520.2000122070312, 588.7999877929688]"
std,1789044088.7894995,33.189465178,0.678901537477006,0.903,0.4,0.5,3.7362755968983095,0.8866408953979006,-107.6,"[520.2000122070312, 588.7999877929688]"
std,1789044088.8393118,33.239277362,0.629932971188711,0.903,0.4,0.5,3.8929996546964816,0.8206797215188181,-2.69,"[552.2000122070312, 563.5999755859375]"
std,1789044088.8892672,33.289232812,0.5876098546683841,0.903,0.4,0.5,4.0499188807966675,0.7700583555185919,-37.66,"[552.2000122070312, 563.5999755859375]"
std,1789044088.9392793,33.339244702,0.5529852107051025,0.903,0.4,0.5,4.207104846962707,0.7163690279425944,-37.66,"[580.4000244140625, 540.7999877929688]"
std,1789044088.9892879,33.389253364000005,0.5270058655767464,0.903,0.4,0.5,4.3641799808815165,0.662679700366597,-8.07,"[580.4000244140625, 540.7999877929688]"
std,1789044089.0392935,33.439259225,0.5102806611915194,0.903,0.4,0.5,4.521301883690157,0.6166602767300278,-43.04,"[603.0, 520.4000244140625]"
std,1789044089.0893853,33.489350906000006,0.5032278658663728,0.903,0.4,0.5,4.6786334249765815,0.5798447378207724,-102.22,"[603.0, 520.4000244140625]"
std,1789044089.13943,33.539395455000005,0.5060371390999105,0.903,0.4,0.5,4.835697340268027,0.5491651220630596,-107.6,"[616.4000244140625, 469.6000061035156]"
std,1789044089.189352,33.589317512,0.5186066201234698,0.903,0.4,0.5,4.992649355170741,0.526155410244775,-110.28999999999999,"[616.4000244140625, 469.6000061035156]"
std,1789044089.2393696,33.639335057000004,0.5406735761789409,0.903,0.4,0.5,5.14988337199641,0.5154175447295755,-110.28999999999999,"[636.4000244140625, 433.6000061035156]"
std,1789044089.289264,33.689229668,0.5715636932103212,0.903,0.4,0.5,5.306599472140391,0.5154175447295755,-80.7,"[636.4000244140625, 433.6000061035156]"
std,1789044089.339258,33.739223627,0.6106790939260279,0.903,0.4,0.5,5.463688768358878,0.5184855063053467,-2.69,"[623.2000122070312, 426.20001220703125]"
std,1789044089.3894475,33.789413172,0.6571389842471363,0.903,0.4,0.5,5.621239910113374,0.5307573526084318,2.69,"[623.2000122070312, 426.20001220703125]"
std,1789044089.439431,33.839396616,0.7095101406868172,0.903,0.4,0.5,5.778279905318357,0.5522330836388308,2.69,"[618.5999755859375, 436.79998779296875]"
std,1789044089.4893608,33.889326319000006,0.7666048371151695,0.903,0.4,0.5,5.935217720222283,0.5829126993965437,2.69,"[618.5999755859375, 436.79998779296875]"
std,1789044089.539423,33.939388614,0.8271349801593553,0.903,0.4,0.5,6.092366860639231,0.6212622190936846,2.69,"[611.7999877929688, 476.79998779296875]"
std,1789044089.5892684,33.989233954,0.889392719938138,0.903,0.4,0.5,6.249160542413804,0.6749515466696822,2.69,"[611.7999877929688, 476.79998779296875]"
std,1789044089.639298,34.039263555000005,0.9520823253459779,0.903,0.4,0.5,0.12301584304976387,0.7255729126699083,69.94,"[597.7999877929688, 537.2000122070312]"
std,1789044089.6892493,34.089215053000004,1.0135544605828681,0.903,0.4,0.5,0.28003173909750245,0.7838641826095626,2.69,"[597.7999877929688, 537.2000122070312]"
std,1789044089.7392986,34.139264143000005,1.0300048449649135,0.903,0.3,0.5,0.43713927854452805,0.8452234141249882,8.07,"[565.5999755859375, 565.5999755859375]"
std,1789044089.789452,34.189417641,1.0710810134557796,0.903,0.3,0.5,0.594711783129064,0.9004467224888714,8.07,"[565.5999755859375, 565.5999755859375]"
std,1789044089.8393621,34.239327683,1.1078306617916247,0.903,0.3,0.5,0.751545639590482,0.9572040116406401,2.69,"[543.7999877929688, 578.4000244140625]"
std,1789044089.8894079,34.289373371,1.1396276505145104,0.903,0.3,0.5,0.9087872433624185,1.0032234352772094,2.69,"[543.7999877929688, 578.4000244140625]"
std,1789044089.9392724,34.339237762,1.1655037749080785,0.903,0.3,0.5,1.06546180850993,1.043106935762236,16.14,"[524.0, 594.4000244140625]"
std,1789044089.9893768,34.389342557,1.185023811646514,0.903,0.3,0.5,1.2228630240382259,1.0768545130957201,32.28,"[524.0, 594.4000244140625]"
std,1789044090.0392945,34.439260106,1.1975386180141314,0.903,0.3,0.5,1.3796936792167358,1.1121360712170898,32.28,"[521.7999877929688, 615.2000122070312]"
std,1789044090.0892632,34.489228833000006,1.2028252545721771,0.903,0.3,0.5,1.5366630200029405,1.1382137446111458,78.01,"[521.7999877929688, 615.2000122070312]"
std,1789044090.1392722,34.539237954,1.2007333601251124,0.903,0.3,0.5,1.6938003888722122,1.1596894756415448,86.08,"[496.3999938964844, 619.2000122070312]"
std,1789044090.1893587,34.589324182000006,1.1912870870837562,0.903,0.3,0.5,1.8511524636082086,1.1765632643082868,118.36,"[496.3999938964844, 619.2000122070312]"
std,1789044090.239343,34.639308651,1.1747636323312514,0.903,0.3,0.5,2.008142667711219,1.1857671490356005,123.74,"[472.79998779296875, 629.5999755859375]"
std,1789044090.2894928,34.689458297,1.1514815895535893,0.903,0.3,0.5,2.165576015449169,1.188835110611372,99.53,"[472.79998779296875, 629.5999755859375]"
std,1789044090.339288,34.739253548,1.1222231976813206,0.903,0.3,0.5,2.322181481266263,1.188835110611372,0.0,"[459.79998779296875, 632.2000122070312]"
std,1789044090.3893695,34.789335123,1.087437175917147,0.903,0.3,0.5,2.4794722352552654,1.1780972450961724,-2.69,"[459.79998779296875, 632.2000122070312]"
std,1789044090.4393961,34.839361687,1.0481198097146218,0.903,0.3,0.5,2.636678053145282,1.1566215140657734,-2.69,"[463.79998779296875, 623.5999755859375]"
std,1789044090.4892492,34.889214601,1.005380210923432,0.903,0.3,0.5,2.793327771436502,1.1336118022474888,-5.38,"[463.79998779296875, 623.5999755859375]"
std,1789044090.5392506,34.939216174,0.9600171754047442,0.903,0.3,0.5,2.950372193145533,1.1044661672776617,-10.76,"[480.79998779296875, 612.7999877929688]"
std,1789044090.5894194,34.989384852,0.9131073176909377,0.903,0.3,0.5,3.1078952176457832,1.0722525707320631,-5.38,"[480.79998779296875, 612.7999877929688]"
std,1789044090.6394062,35.039371728,0.8660919574492324,0.903,0.3,0.5,3.2649319424528116,1.0354370318228079,-72.63,"[502.3999938964844, 595.5999755859375]"
std,1789044090.689416,35.089381519,0.8199623673488932,0.903,0.3,0.5,3.4220468300850584,0.9940195505498954,-91.46,"[502.3999938964844, 595.5999755859375]"
std,1789044090.7392716,35.139237139,0.7759908815151846,0.903,0.3,0.5,3.5787476558055644,0.9480001269133262,-53.8,"[511.6000061035156, 576.5999755859375]"
std,1789044090.7895353,35.189500871,0.7195654354383,0.903,0.3,0.7,3.799482582522323,0.8973787609131001,-16.14,"[511.6000061035156, 576.5999755859375]"
std,1789044090.8392603,35.239225954000005,0.6723694591638325,0.903,0.3,0.7,4.0185058809684975,0.8436894333371027,-16.14,"[534.4000244140625, 561.2000122070312]"
std,1789044090.889253,35.289218584000004,0.6360711754327305,0.903,0.3,0.7,4.238417753764004,0.7961360289126478,-29.59,"[534.4000244140625, 561.2000122070312]"
std,1789044090.939289,35.339254855,0.6126231458338662,0.903,0.3,0.7,4.458419983790769,0.7516505860639642,-10.76,"[567.5999755859375, 544.7999877929688]"
std,1789044090.9893749,35.38934038,0.6031700401379803,0.903,0.3,0.7,4.678718399403003,0.7040971816395093,-5.38,"[567.5999755859375, 544.7999877929688]"
std,1789044091.039351,35.439316537,0.6081797784385367,0.903,0.3,0.7,4.8984848887152665,0.6642136811544826,-24.21,"[587.5999755859375, 535.7999877929688]"
std,1789044091.0893667,35.489332199,0.6273829815415388,0.903,0.3,0.7,5.118349792815643,0.6320000846088841,-5.38,"[587.5999755859375, 535.7999877929688]"
std,1789044091.1393278,35.539293389,0.6598562892362332,0.903,0.3,0.7,5.338215862446894,0.6120583343663708,-26.9,"[614.0, 512.2000122070312]"
std,1789044091.1894202,35.589385792,0.7041082979150162,0.903,0.3,0.7,5.558403191971216,0.6120583343663708,-13.45,"[614.0, 512.2000122070312]"
std,1789044091.239425,35.639390529,0.7579033685836097,0.903,0.3,0.7,5.7783589810904274,0.6212622190936846,-13.45,"[605.4000244140625, 497.79998779296875]"
std,1789044091.2893958,35.689361517,0.8186428705605404,0.903,0.3,0.7,5.998150940550978,0.641203969336198,13.45,"[605.4000244140625, 497.79998779296875]"
std,1789044091.3393016,35.73926711,0.8833978568618556,0.903,0.3,0.7,6.2177982466344375,0.6703496043060252,43.04,"[592.2000122070312, 508.6000061035156]"
std,1789044091.3895247,35.789490122000004,0.9493297286928294,0.903,0.3,0.7,0.1550529648692276,0.7117670855789375,53.8,"[592.2000122070312, 508.6000061035156]"
std,1789044091.439305,35.839270764000005,1.0127245532730185,0.903,0.3,0.7,0.3744369093555804,0.765456413154935,10.76,"[574.5999755859375, 536.4000244140625]"
std,1789044091.4893095,35.889275087,1.0709780763267287,0.903,0.3,0.7,0.5942975955536554,0.8314175870340175,2.69,"[574.5999755859375, 536.4000244140625]"
std,1789044091.5393822,35.939347779,1.1212192734898008,0.903,0.3,0.7,0.814521865809354,0.8927768185494431,2.69,"[545.7999877929688, 549.4000244140625]"
