mode,t_ros_sec,t_rel_sec,tail_target_rad,center_rad,tail_amp_rad,tail_freq_hz,phase_rad,real_position_rad,present_current_ma,sensor_values
turning_combined,1789045629.4894304,0.019473305,0.9261208995080847,0.9049389313578134,0.25,0.7,0.08482957574371132,1.2793399770966247,139.88,"[457.0, 577.7999877929688]"
turning_combined,1789045629.5392687,0.069311421,0.9849074932776569,0.9099581446456436,0.25,0.7,0.3044802728622741,1.3054176504906807,78.01,"[427.20001220703125, 585.0]"
turning_combined,1789045629.5892816,0.11932450400000001,1.0401590736324906,0.9149797346564441,0.25,0.7,0.5244273051061165,1.2808739578845103,-40.35,"[427.20001220703125, 585.0]"
turning_combined,1789045629.6393657,0.169408432,1.0894182828192995,0.9199988902396172,0.25,0.7,0.7445997950033808,1.1152040327928612,-40.35,"[421.79998779296875, 578.5999755859375]"
turning_combined,1789045629.6892972,0.21934003000000002,1.130407801909545,0.9249963775036836,0.25,0.7,0.9642922357201689,1.0400389741864646,-13.45,"[421.79998779296875, 578.5999755859375]"
turning_combined,1789045629.739348,0.269390626,1.16157266051149,0.9299923076547749,0.25,0.7,1.184528148089924,1.0400389741864646,69.94,"[481.0, 531.0]"
turning_combined,1789045629.7892816,0.319324563,1.1814907520956672,0.9349561619268346,0.25,0.7,1.4041003016222358,1.0661166475805206,43.04,"[481.0, 531.0]"
turning_combined,1789045629.839238,0.36928092500000004,1.189552496904049,0.9399047815254151,0.25,0.7,1.6238900091891717,1.0952622825503477,26.9,"[473.0, 529.0]"
turning_combined,1789045629.8892899,0.41933276500000005,1.1855689688703324,0.9448353749473712,0.25,0.7,1.843914951674186,1.1228739367322893,64.56,"[473.0, 529.0]"
turning_combined,1789045629.9393523,0.46939511,1.1699369991303241,0.9497429340180182,0.25,0.7,2.064093647473578,1.1489516101263453,80.7,"[460.3999938964844, 546.0]"
turning_combined,1789045629.9894407,0.519483498,1.1436519223073134,0.954619626390486,0.25,0.7,2.2842147836406896,1.1688933603688585,72.63,"[460.3999938964844, 546.0]"
turning_combined,1789045630.0395114,0.569554128,1.1082210000797763,0.9594625330154121,0.25,0.7,2.504284865157269,1.175029283520401,67.25,"[453.20001220703125, 552.5999755859375]"
turning_combined,1789045630.0895379,0.619580743,1.0655820434505034,0.964269394030953,0.25,0.7,2.724339724400805,1.1734953027325155,-2.69,"[453.20001220703125, 552.5999755859375]"
turning_combined,1789045630.1393995,0.6694423180000001,1.0181414729851417,0.9690256016559271,0.25,0.7,2.9438428521159694,1.1566215140657734,-2.69,"[450.0, 548.2000122070312]"
turning_combined,1789045630.1894197,0.719462563,0.9681922701319913,0.9737505584011268,0.25,0.7,3.1638276387636854,1.1213399559444037,-2.69,"[450.0, 548.2000122070312]"
turning_combined,1789045630.2392676,0.7693105520000001,0.9186054204507834,0.9784174999812327,0.25,0.7,3.383184265845272,1.0875923786109196,-5.38,"[477.6000061035156, 535.7999877929688]"
turning_combined,1789045630.2893517,0.81939465,0.871661612407339,0.9830552187510255,0.25,0.7,3.6034084525346066,1.047708878125893,-59.18,"[477.6000061035156, 535.7999877929688]"
turning_combined,1789045630.3394294,0.8694723550000001,0.8300520370181382,0.9876417158659219,0.25,0.7,3.8236078595977268,1.0032234352772094,-75.32,"[478.3999938964844, 520.0]"
turning_combined,1789045630.3895361,0.919578891,0.7959768529759956,0.9921780120772971,0.25,0.7,4.043973484558237,0.9556700308527545,-51.11,"[478.3999938964844, 520.0]"
turning_combined,1789045630.4394145,0.9694571850000001,0.7714187793990326,0.9966384164953315,0.25,0.7,4.263381909591177,0.9050486648525283,-21.52,"[512.2000122070312, 486.79998779296875]"
turning_combined,1789045630.4894161,1.019458902,0.7575824126560745,1.0010497047834936,0.25,0.7,4.4832801214851825,0.8605632220038447,-21.52,"[512.2000122070312, 486.79998779296875]"
turning_combined,1789045630.5394168,1.069459621,0.7554103854805208,1.005399875251571,0.25,0.7,4.703219333676592,0.8191457407309324,-10.76,"[551.7999877929688, 512.0]"
turning_combined,1789045630.5893936,1.119436316,0.7652043138615479,1.0096817102848135,0.25,0.7,4.922970213671603,0.7807962210337913,-10.76,"[551.7999877929688, 512.0]"
turning_combined,1789045630.639254,1.169296908,0.786659213941119,1.0138915964030555,0.25,0.7,5.142475857174165,0.760854470791278,0.0,"[569.7999877929688, 481.0]"
turning_combined,1789045630.6892533,1.2192961500000001,0.8190219804451263,1.0180397155096936,0.25,0.7,5.362410226914657,0.7562525284276211,0.0,"[569.7999877929688, 481.0]"
turning_combined,1789045630.7392712,1.2693140390000002,0.8609100782894537,1.0221160379451055,0.25,0.7,5.582392524164355,0.7577865092155067,10.76,"[575.2000122070312, 478.6000061035156]"
turning_combined,1789045630.7894185,1.319461169,0.9105940253593177,1.0261246980554857,0.25,0.7,5.802797988289624,0.7685243747307062,34.97,"[575.2000122070312, 478.6000061035156]"
turning_combined,1789045630.8392687,1.3693116390000002,0.9655332455295855,1.03003779006421,0.25,0.7,6.022214945888212,0.7930680673368765,32.28,"[555.0, 489.79998779296875]"
turning_combined,1789045630.8895028,1.419545689,1.0238479643490035,1.033894449688732,0.25,0.7,6.242988541840629,0.8268156446703606,16.14,"[555.0, 489.79998779296875]"
turning_combined,1789045630.9394922,1.469534955,1.0823278025545733,1.037652402225865,0.25,0.7,0.1796666521597725,0.8713010875190442,8.07,"[537.7999877929688, 489.20001220703125]"
turning_combined,1789045630.9893904,1.519433261,1.1384600521802217,1.0413178748631482,0.25,0.7,0.39907772932523145,0.9295923574586985,8.07,"[537.7999877929688, 489.20001220703125]"
turning_combined,1789045631.0392427,1.5692857070000001,1.1898668253567675,1.0448977947456144,0.25,0.7,0.6185766303416393,0.9817477042468103,2.69,"[520.5999755859375, 501.20001220703125]"
turning_combined,1789045631.089254,1.619296805,1.2343069274281377,1.0483952217955599,0.25,0.7,0.8385085766575591,1.0369710126106935,29.59,"[520.5999755859375, 501.20001220703125]"
turning_combined,1789045631.1394014,1.669444198,1.2697518279732714,1.0518066738460121,0.25,0.7,1.0588253284894762,1.0906603401866908,48.42,"[483.3999938964844, 518.5999755859375]"
turning_combined,1789045631.1892822,1.7193249140000002,1.2945056382499365,1.0551134415780359,0.25,0.7,1.278444745398306,1.141281706186917,78.01,"[483.3999938964844, 518.5999755859375]"
turning_combined,1789045631.2394001,1.769442814,1.3076852402691534,1.0583340535254235,0.25,0.7,1.498735569666053,1.1857671490356005,121.05,"[477.0, 541.5999755859375]"
turning_combined,1789045631.2893827,1.819425639,1.3087238527963478,1.061450658832406,0.25,0.7,1.7186280550649702,1.2256506495206272,118.36,"[477.0, 541.5999755859375]"
turning_combined,1789045631.3395073,1.869550228,1.297714952679059,1.0644741202343977,0.25,0.7,1.9390335895619142,1.2578642460662257,134.5,"[435.20001220703125, 570.0]"
turning_combined,1789045631.3893247,1.919367376,1.2754514636810574,1.0673813988754675,0.25,0.7,2.158384226254629,1.2808739578845103,134.5,"[435.20001220703125, 570.0]"
turning_combined,1789045631.4392302,1.9692731710000002,1.2430953105977078,1.0701867395388684,0.25,0.7,2.3778432705133596,1.2839419194602817,147.95,"[423.79998779296875, 578.7999877929688]"
turning_combined,1789045631.489282,2.019324702,1.202206741109401,1.0728948593705288,0.25,0.7,2.5979609628666047,1.2839419194602817,37.66,"[423.79998779296875, 578.7999877929688]"
turning_combined,1789045631.5393653,2.069407941,1.154935411532253,1.075497270111457,0.25,0.7,2.818234387737599,1.2762720155208536,0.0,"[420.6000061035156, 585.5999755859375]"
turning_combined,1789045631.5895138,2.119556764,1.1036931607444906,1.0779914309643117,0.25,0.7,3.0386037687862864,1.2532623037025687,-2.69,"[420.6000061035156, 585.5999755859375]"
turning_combined,1789045631.6395402,2.1695827860000003,1.0511944618843492,1.0803702650363454,0.25,0.7,3.258562412356577,1.222582687944856,-2.69,"[438.20001220703125, 577.2000122070312]"
turning_combined,1789045631.6895003,2.219543039,1.0000221044105915,1.0826355734437434,0.25,0.7,3.478377079877145,1.1826991874598294,-2.69,"[438.20001220703125, 577.2000122070312]"
turning_combined,1789045631.7393887,2.2694316380000004,0.9527811331419488,1.0847842750529482,0.25,0.7,3.6978512540460944,1.1259418983080607,-2.69,"[444.6000061035156, 567.7999877929688]"
turning_combined,1789045631.7892776,2.319320411,0.9117633927960229,1.0868183680330163,0.25,0.7,3.9172981196067447,1.081456455459377,-13.45,"[444.6000061035156, 567.7999877929688]"
turning_combined,1789045631.839229,2.369271759,0.8789765320967361,1.0887401589803063,0.25,0.7,4.137135653523602,1.0323690702470365,-67.25,"[466.20001220703125, 537.7999877929688]"
turning_combined,1789045631.8894567,2.4194994480000003,0.8561055741727985,1.0905511127183054,0.25,0.7,4.357779488504736,0.9863496466104673,-64.56,"[466.20001220703125, 537.7999877929688]"
turning_combined,1789045631.9394498,2.4694924900000004,0.8444996096183375,1.092238050201333,0.25,0.7,4.577779101584822,0.940330222973898,-18.83,"[505.0, 506.3999938964844]"
turning_combined,1789045631.989367,2.5194097980000003,0.8447042362734294,1.093802441049121,0.25,0.7,4.79735193244451,0.9004467224888714,-5.38,"[505.0, 506.3999938964844]"
turning_combined,1789045632.0394905,2.569533342,0.8568150642647289,1.0952517175981134,0.25,0.7,5.017722940838192,0.8697671067311585,-8.07,"[524.5999755859375, 496.20001220703125]"
turning_combined,1789045632.0894327,2.619475425,0.8802310304038421,1.0965744353445468,0.25,0.7,5.237289856078913,0.8513593372765309,-5.38,"[524.5999755859375, 496.20001220703125]"
turning_combined,1789045632.1393878,2.6694305650000003,0.9139649101438359,1.0977768096634295,0.25,0.7,5.457153401126305,0.842155452549217,10.76,"[543.5999755859375, 486.20001220703125]"
turning_combined,1789045632.1892366,2.7192794520000003,0.9563230021389559,1.0988539524726941,0.25,0.7,5.676528769064708,0.8482913757007595,10.76,"[543.5999755859375, 486.20001220703125]"
turning_combined,1789045632.2392268,2.7692695830000003,1.005517358764866,1.0998101922816466,0.25,0.7,5.896445158842125,0.863631183579616,10.76,"[532.7999877929688, 489.20001220703125]"
turning_combined,1789045632.2892368,2.819279738,1.0591424814522072,1.1006423007186557,0.25,0.7,6.116414045889421,0.8897088569736719,10.76,"[532.7999877929688, 489.20001220703125]"
turning_combined,1789045632.339444,2.869486526,1.1147793838603364,1.1013510949955698,0.25,0.7,0.05373901704744277,0.923456434307156,2.69,"[515.2000122070312, 492.3999938964844]"
turning_combined,1789045632.389511,2.919553957,1.169582350873083,1.101933364014338,0.25,0.7,0.27401201968838507,0.9648739155800683,10.76,"[515.2000122070312, 492.3999938964844]"
turning_combined,1789045632.4393973,2.969440071,1.2207989250478388,1.102388030265429,0.25,0.7,0.49342325958834365,1.012427320004523,24.21,"[490.79998779296875, 511.20001220703125]"
turning_combined,1789045632.4894156,3.019458368,1.266317593118407,1.102718001448681,0.25,0.7,0.7133866928307935,1.0661166475805206,29.59,"[490.79998779296875, 511.20001220703125]"
turning_combined,1789045632.5395055,3.0695484480000004,1.303882502964478,1.1029220070454655,0.25,0.7,0.9337261395280407,1.1182719943686323,53.8,"[479.3999938964844, 525.0]"
turning_combined,1789045632.5892413,3.119284023,1.3314577010283375,1.1029991527256964,0.25,0.7,1.1526277565509186,1.1765632643082868,53.8,"[479.3999938964844, 525.0]"
turning_combined,1789045632.6393433,3.1693859470000003,1.348074863079582,1.102950396981485,0.25,0.7,1.3729789553179632,1.2210487071569704,123.74,"[439.0, 570.2000122070312]"
turning_combined,1789045632.6892595,3.219302449,1.3527164998987562,1.1027756816442915,0.25,0.7,1.5925557533808536,1.260932207641997,145.26,"[439.0, 570.2000122070312]"
turning_combined,1789045632.739394,3.269436697,1.3451839813143964,1.102473927398843,0.25,0.7,1.812881486397849,1.2916118233997098,166.78,"[437.20001220703125, 607.2000122070312]"
turning_combined,1789045632.789347,3.3193897170000004,1.325833472013251,1.1020465466598974,0.25,0.7,2.0328302207565905,1.3146215352179944,172.16,"[437.20001220703125, 607.2000122070312]"
turning_combined,1789045632.8394136,3.369456527,1.2955789075183037,1.1014934776370957,0.25,0.7,2.252751681692869,1.3268933815210797,196.37,"[415.6000061035156, 591.2000122070312]"
turning_combined,1789045632.889495,3.4195376630000003,1.2557709507457413,1.1008136943873972,0.25,0.7,2.4730678441620046,1.3268933815210797,99.53,"[415.6000061035156, 591.2000122070312]"
turning_combined,1789045632.9394765,3.4695194750000002,1.2084610876818258,1.100010476776615,0.25,0.7,2.692883932310771,1.3238254199453083,-2.69,"[415.6000061035156, 605.5999755859375]"
turning_combined,1789045632.9892297,3.5192724350000004,1.1560059046355735,1.099086528116228,0.25,0.7,2.9119007741557237,1.2977477465512524,-2.69,"[415.6000061035156, 605.5999755859375]"
turning_combined,1789045633.0392125,3.569255162,1.1004780304699568,1.0980351612442383,0.25,0.7,3.131821021180601,1.2670681307935396,-2.69,"[410.3999938964844, 579.7999877929688]"
turning_combined,1789045633.089408,3.619450747,1.0445613855753104,1.0968572724359515,0.25,0.7,3.352332614588894,1.23178657267217,-2.69,"[410.3999938964844, 579.7999877929688]"
turning_combined,1789045633.1394317,3.6694746190000003,0.9911901996163278,1.0955598694584832,0.25,0.7,3.5722615129316218,1.1857671490356005,-2.69,"[427.79998779296875, 578.4000244140625]"
turning_combined,1789045633.1896176,3.7196603880000003,0.9425886416321609,1.0941363508606645,0.25,0.7,3.7928549749878293,1.1366797638232602,-13.45,"[427.79998779296875, 578.4000244140625]"
turning_combined,1789045633.2395794,3.7696223730000002,0.9013238507161677,1.092596269873514,0.25,0.7,4.012773238411107,1.0845244170351482,-29.59,"[463.20001220703125, 554.0]"
turning_combined,1789045633.2895527,3.819595576,0.8691703218300773,1.0909375412974283,0.25,0.7,4.232549157527885,1.0323690702470365,-67.25,"[463.20001220703125, 554.0]"
turning_combined,1789045633.3395145,3.869557318,0.8475665283687543,1.0891602147288275,0.25,0.7,4.452329734369933,0.9802137234589247,-72.63,"[486.6000061035156, 522.0]"
turning_combined,1789045633.3893137,3.919356435,0.8374775030863868,1.0872697863462262,0.25,0.7,4.671621786642842,0.9249904150950417,-72.63,"[486.6000061035156, 522.0]"
turning_combined,1789045633.4392538,3.9692967020000003,0.8392481704038283,1.0852606076367186,0.25,0.7,4.891234355508004,0.8866408953979006,-10.76,"[525.0, 494.0]"
turning_combined,1789045633.4892375,4.019280351,0.8527438248743596,1.0831340787851198,0.25,0.7,5.111103002501867,0.859029241215959,-13.45,"[525.0, 494.0]"
turning_combined,1789045633.5394306,4.0694732270000005,0.8772966371577244,1.0808877549252771,0.25,0.7,5.331552026694233,0.8406214717613314,0.0,"[554.0, 487.79998779296875]"
turning_combined,1789045633.5893207,4.1193634050000005,0.9114165234317471,1.0785394173987157,0.25,0.7,5.551006589156884,0.8360195293976744,0.0,"[554.0, 487.79998779296875]"
turning_combined,1789045633.639322,4.169364852,0.9535514609729192,1.0760746163685289,0.25,0.7,5.770989299840174,0.8452234141249882,2.69,"[544.2000122070312, 492.6000061035156]"
turning_combined,1789045633.6893957,4.219438264,1.0015383679326701,1.073497483125156,0.25,0.7,5.99121838615741,0.8605632220038447,13.45,"[544.2000122070312, 492.6000061035156]"
turning_combined,1789045633.7394545,4.269497293000001,1.0528270615753836,1.070815823664004,0.25,0.7,6.211168022153245,0.885106914610015,10.76,"[529.0, 485.79998779296875]"
turning_combined,1789045633.7893963,4.319439179000001,1.1048508656771103,1.0680295424692177,0.25,0.7,0.14782306815576263,0.9265243958829272,10.76,"[529.0, 485.79998779296875]"
turning_combined,1789045633.839245,4.3692880700000005,1.1549061095376956,1.0651446890869682,0.25,0.7,0.36724519367426467,0.9694758579437253,8.07,"[510.0, 492.79998779296875]"
turning_combined,1789045633.8893254,4.419368292000001,1.2006838979262853,1.062148697680804,0.25,0.7,0.5873304446851328,1.012427320004523,16.14,"[510.0, 492.79998779296875]"
turning_combined,1789045633.9394655,4.469508402000001,1.2397397307811637,1.0590464350940545,0.25,0.7,0.807806737901732,1.0615147052168636,32.28,"[483.20001220703125, 522.7999877929688]"
turning_combined,1789045633.9894278,4.519470543000001,1.2698631463808412,1.055856107227409,0.25,0.7,1.0275365459781796,1.1075341288534328,43.04,"[483.20001220703125, 522.7999877929688]"
turning_combined,1789045634.039343,4.569386136,1.2895937531830528,1.0525706685379588,0.25,0.7,1.2471822027254902,1.1550875332778878,86.08,"[475.0, 547.7999877929688]"
turning_combined,1789045634.0894122,4.619454908000001,1.297846696425302,1.0491823746109605,0.25,0.7,1.4673799164701684,1.1949710337629145,112.98,"[475.0, 547.7999877929688]"
turning_combined,1789045634.1394236,4.669466483,1.2940148626128571,1.0457072437447297,0.25,0.7,1.6872194867673826,1.23178657267217,123.74,"[445.6000061035156, 570.0]"
turning_combined,1789045634.1894617,4.7195045350000004,1.2781225285102855,1.0421390294463755,0.25,0.7,1.907242102588878,1.260932207641997,123.74,"[445.6000061035156, 570.0]"
turning_combined,1789045634.2392695,4.769312327000001,1.2508714659009537,1.0384949549765958,0.25,0.7,2.1265443367635797,1.2762720155208536,131.81,"[431.79998779296875, 575.2000122070312]"
turning_combined,1789045634.289434,4.819476739000001,1.2131290858882695,1.0347449164662708,0.25,0.7,2.3470593915786573,1.2778059963087391,91.46,"[431.79998779296875, 575.2000122070312]"
turning_combined,1789045634.3394358,4.869478617,1.1667938513391458,1.030921248958422,0.25,0.7,2.5670029712121725,1.2762720155208536,-2.69,"[419.3999938964844, 578.0]"
turning_combined,1789045634.3894227,4.919465582,1.1138544027061963,1.0270183953505174,0.25,0.7,2.7868553579507775,1.2578642460662257,-2.69,"[419.3999938964844, 578.0]"
turning_combined,1789045634.4392643,4.9693072670000005,1.0567886077462327,1.0230463433287933,0.25,0.7,3.0062104192625867,1.2287186110963986,-2.69,"[416.3999938964844, 573.7999877929688]"
turning_combined,1789045634.4894867,5.019529461,0.9976809472465987,1.0189745519820275,0.25,0.7,3.2268703957467757,1.193437052975029,-5.38,"[416.3999938964844, 573.7999877929688]"
turning_combined,1789045634.5394897,5.06953239,0.9396857453705715,1.01484031927978,0.25,0.7,3.4469335236621745,1.1489516101263453,-18.83,"[440.6000061035156, 552.5999755859375]"
turning_combined,1789045634.5892649,5.119307511000001,0.8854893193028404,1.0106553482271072,0.25,0.7,3.665958453851573,1.0875923786109196,-18.83,"[440.6000061035156, 552.5999755859375]"
turning_combined,1789045634.6392324,5.1692751900000005,0.8370436847343767,1.0063873306913622,0.25,0.7,3.885780501601605,1.0369710126106935,-67.25,"[463.3999938964844, 534.4000244140625]"
turning_combined,1789045634.689272,5.219314612000001,0.7966458051318142,1.002049530915084,0.25,0.7,4.105830865854372,0.9817477042468103,-102.22,"[463.3999938964844, 534.4000244140625]"
turning_combined,1789045634.739471,5.269513867000001,0.7660234035558864,0.9976371284329668,0.25,0.7,4.326475285800058,0.9249904150950417,-18.83,"[495.6000061035156, 497.6000061035156]"
turning_combined,1789045634.7894552,5.3194980140000006,0.7466232048042867,0.9931818225983349,0.25,0.7,4.54627319606541,0.868233125943273,-2.69,"[495.6000061035156, 497.6000061035156]"
turning_combined,1789045634.8394945,5.3695373150000005,0.7390273274100853,0.988662664488106,0.25,0.7,4.766407614886262,0.8237476830945893,-18.83,"[541.5999755859375, 497.0]"
turning_combined,1789045634.8894575,5.419500305000001,0.7434065768665409,0.9840977854229841,0.25,0.7,4.986135448157565,0.7884661249732196,-2.69,"[541.5999755859375, 497.0]"
turning_combined,1789045634.9395518,5.4695946410000005,0.7593599545167136,0.9794706412567585,0.25,0.7,5.206390149764662,0.7593204900033924,-2.69,"[571.7999877929688, 496.3999938964844]"
turning_combined,1789045634.9893477,5.519390531,0.785774796523102,0.9748137828901617,0.25,0.7,5.425766542490589,0.7424467013366504,-2.69,"[571.7999877929688, 496.3999938964844]"
turning_combined,1789045635.0392318,5.569274706000001,0.8212040775441526,0.9701119882347863,0.25,0.7,5.645133536199612,0.7439806821245359,10.76,"[597.2000122070312, 472.79998779296875]"
turning_combined,1789045635.089256,5.619298886,0.8638550073284047,0.9653546935249185,0.25,0.7,5.865113871838858,0.7516505860639642,18.83,"[597.2000122070312, 472.79998779296875]"
turning_combined,1789045635.1394074,5.6694503560000005,0.9114637927795441,0.960547660529509,0.25,0.7,6.0855660627566195,0.765456413154935,37.66,"[578.7999877929688, 474.20001220703125]"
turning_combined,1789045635.1894088,5.719451726,0.961263399916071,0.9557184624788648,0.25,0.7,0.02218156867400012,0.7900001057611052,24.21,"[578.7999877929688, 474.20001220703125]"
turning_combined,1789045635.2395258,5.76956851,1.0108874259084686,0.950843469645101,0.25,0.7,0.24254697372302658,0.8283496254582462,10.76,"[548.2000122070312, 484.0]"
turning_combined,1789045635.289565,5.819607865,1.0575375908891012,0.9459425127859085,0.25,0.7,0.4627161869391543,0.8728350683069298,2.69,"[548.2000122070312, 484.0]"
turning_combined,1789045635.3393502,5.869392832,1.0986002096772374,0.9410369509254104,0.25,0.7,0.6818790807982538,0.9280583766708129,2.69,"[530.4000244140625, 486.0]"
turning_combined,1789045635.3893046,5.919347623,1.1321607326336094,0.9360973864028428,0.25,0.7,0.9014918475837526,0.9756117810952678,13.45,"[530.4000244140625, 486.0]"
turning_combined,1789045635.4393098,5.969352715,1.1563261094774793,0.9311254336279483,0.25,0.7,1.121614558317102,1.021631204731837,16.14,"[492.3999938964844, 497.6000061035156]"
turning_combined,1789045635.489403,6.019445804,1.1696035834771181,0.9261371601548556,0.25,0.7,1.3416721664542095,1.0630486860047492,24.21,"[492.3999938964844, 497.6000061035156]"
turning_combined,1789045635.5395057,6.069548503,1.1711175968995777,0.9211271798611174,0.25,0.7,1.5620405183171435,1.0983302441261191,34.97,"[494.79998779296875, 515.0]"
turning_combined,1789045635.589396,6.119438994,1.1605992279252941,0.9161269785449079,0.25,0.7,1.7814760320468999,1.1274758790959463,61.87,"[494.79998779296875, 515.0]"
turning_combined,1789045635.6394582,6.169500933,1.138257024853977,0.9111021918219208,0.25,0.7,2.0016265703796563,1.1474176293384597,69.94,"[462.6000061035156, 543.7999877929688]"
turning_combined,1789045635.689522,6.219564909000001,1.1049363622054889,0.9060711780772837,0.25,0.7,2.2218251681685075,1.1535535524900022,75.32,"[462.6000061035156, 543.7999877929688]"
turning_combined,1789045635.7393355,6.269378294,1.0622032608124832,0.9010588337429281,0.25,0.7,2.4411218473790797,1.1520195717021164,75.32,"[452.3999938964844, 555.0]"
turning_combined,1789045635.7892425,6.319285313,1.0116927406466314,0.8960420981906063,0.25,0.7,2.660664132533398,1.141281706186917,0.0,"[452.3999938964844, 555.0]"
turning_combined,1789045635.8392437,6.369286375000001,0.9555425792114491,0.891021788663854,0.25,0.7,2.8805550301713865,1.1152040327928612,-10.76,"[462.79998779296875, 534.7999877929688]"
turning_combined,1789045635.8894565,6.419499190000001,0.8961191750740595,0.8859945341945439,0.25,0.7,3.101083011383597,1.0845244170351482,-18.83,"[462.79998779296875, 534.7999877929688]"
turning_combined,1789045635.939503,6.469545677,0.8362927961144686,0.8809845594496122,0.25,0.7,3.321325828974004,1.0446409165501216,-48.42,"[473.20001220703125, 525.2000122070312]"
turning_combined,1789045635.9893951,6.519437946,0.7788426042463761,0.8760067189449939,0.25,0.7,3.540765617783041,1.000155473701438,-110.28999999999999,"[473.20001220703125, 525.2000122070312]"
turning_combined,1789045636.0394843,6.569527128000001,0.7258918849266625,0.8710281393950555,0.25,0.7,3.760990552171428,0.944932165337555,-61.87,"[497.0, 498.6000061035156]"
turning_combined,1789045636.0895011,6.619543763,0.6800030370556732,0.8660734947192809,0.25,0.7,3.9810515293524986,0.880504972246358,-5.38,"[497.0, 498.6000061035156]"
turning_combined,1789045636.1393032,6.669346160000001,0.6432290807096988,0.8611602759612474,0.25,0.7,4.200304019549122,0.8084078752157329,-5.38,"[540.0, 475.79998779296875]"
turning_combined,1789045636.1892478,6.719290632000001,0.6168811585872606,0.8562651644411977,0.25,0.7,4.419923739935804,0.7577865092155067,-29.59,"[540.0, 475.79998779296875]"
turning_combined,1789045636.2392101,6.769252937,0.6020528135137095,0.8513941738219868,0.25,0.7,4.639784346965747,0.7071651432152806,-2.69,"[589.0, 467.0]"
turning_combined,1789045636.2892866,6.819329349,0.5992642813395482,0.8465515015117955,0.25,0.7,4.859839316165026,0.6642136811544826,-5.38,"[589.0, 467.0]"
turning_combined,1789045636.339539,6.869581836,0.6084968702341074,0.8417257028359421,0.25,0.7,5.0807595622908295,0.6320000846088841,-16.14,"[610.7999877929688, 452.6000061035156]"
turning_combined,1789045636.3894057,6.919448500000001,0.6289192941811828,0.8369731851152361,0.25,0.7,5.30009357367522,0.6135923151542565,-40.35,"[610.7999877929688, 452.6000061035156]"
turning_combined,1789045636.4394262,6.969469002,0.6594652553302349,0.8322469575066292,0.25,0.7,5.5201383213886395,0.6043884304269426,-56.49,"[614.5999755859375, 434.79998779296875]"
turning_combined,1789045636.4895177,7.019560396,0.6984337348139038,0.8275604861993096,0.25,0.7,5.740418651480287,0.602854449639057,0.0,"[614.5999755859375, 434.79998779296875]"
turning_combined,1789045636.5393384,7.0693810930000005,0.7434854843507168,0.8229416828776854,0.25,0.7,5.959750863988724,0.6181942575179133,0.0,"[609.2000122070312, 427.0]"
turning_combined,1789045636.589246,7.119288812000001,0.7924256347766835,0.8183703607339103,0.25,0.7,6.179219210503302,0.6396699885483124,5.38,"[609.2000122070312, 427.0]"
turning_combined,1789045636.6392124,7.169255228000001,0.8427501370541192,0.8138445140618178,0.25,0.7,0.11588167192111953,0.6688156235181395,43.04,"[612.2000122070312, 446.0]"
turning_combined,1789045636.6894395,7.219482453,0.8919011426026306,0.8093598139789818,0.25,0.7,0.33647870533985724,0.705631162427395,43.04,"[612.2000122070312, 446.0]"
turning_combined,1789045636.739553,7.269595809,0.9370727118456632,0.8049386168650761,0.25,0.7,0.5568755225455071,0.7501166052760785,18.83,"[583.5999755859375, 466.0]"
turning_combined,1789045636.7894716,7.319514430000001,0.975791261461088,0.8005948270242648,0.25,0.7,0.7764983436841391,0.7992039904884191,5.38,"[583.5999755859375, 466.0]"
turning_combined,1789045636.8394,7.369442940000001,1.0061585832485251,0.7963154152110021,0.25,0.7,0.9961280744416499,0.8498253564886452,2.69,"[551.2000122070312, 483.0]"
turning_combined,1789045636.8895054,7.419548259000001,1.0265600804260118,0.7920895834668462,0.25,0.7,1.2164744659436195,0.8989127417009857,2.69,"[551.2000122070312, 483.0]"
turning_combined,1789045636.9393234,7.46936639,1.0356777697690553,0.787954237529851,0.25,0.7,1.4357428249530528,0.9495341077012119,2.69,"[531.7999877929688, 489.6000061035156]"
turning_combined,1789045636.9893339,7.519376640000001,1.0329752379112862,0.7838772280692125,0.25,0.7,1.6557684667565908,0.983281685034696,2.69,"[531.7999877929688, 489.6000061035156]"
turning_combined,1789045637.0392306,7.569273401,1.0183907597384123,0.7798858622585365,0.25,0.7,1.8752209048742898,1.0078253776408663,2.69,"[495.20001220703125, 496.20001220703125]"
turning_combined,1789045637.0894082,7.619450925000001,0.9923011988161523,0.7759543445837302,0.25,0.7,2.0956696695711017,1.0246991663076084,0.0,"[495.20001220703125, 496.20001220703125]"
turning_combined,1789045637.1395347,7.669577574000001,0.955821013660995,0.7721034807216798,0.25,0.7,2.3161174798520676,1.026233147095494,-26.9,"[483.20001220703125, 506.20001220703125]"
turning_combined,1789045637.1895208,7.719563545000001,0.9106637442466705,0.7683457170858711,0.25,0.7,2.5359724219621356,1.021631204731837,-2.69,"[483.20001220703125, 506.20001220703125]"
turning_combined,1789045637.2394428,7.769485540000001,0.8588279210950802,0.7646788078666615,0.25,0.7,2.7554731526421037,1.0062913968529805,-24.21,"[485.20001220703125, 493.6000061035156]"
turning_combined,1789045637.2895281,7.8195709550000005,0.8023511628479126,0.7610860616951285,0.25,0.7,2.975773397917898,0.9802137234589247,-80.7,"[485.20001220703125, 493.6000061035156]"
turning_combined,1789045637.339232,7.869274768,0.7443353953638189,0.7576048952808471,0.25,0.7,3.194695607452303,0.9357282806102412,-80.7,"[485.6000061035156, 489.20001220703125]"
turning_combined,1789045637.3893511,7.919393726000001,0.6866629965830514,0.7541920068947912,0.25,0.7,3.4151062043116482,0.8866408953979006,-64.56,"[485.6000061035156, 489.20001220703125]"
turning_combined,1789045637.4392252,7.969267972000001,0.6325987894536251,0.7508890950644489,0.25,0.7,3.6344683071892305,0.8329515678219032,-37.66,"[530.5999755859375, 489.20001220703125]"
turning_combined,1789045637.489408,8.019450833,0.5840718494938733,0.7476656759496982,0.25,0.7,3.8549488490957344,0.7807962210337913,-24.21,"[530.5999755859375, 489.20001220703125]"
turning_combined,1789045637.5395029,8.069545684000001,0.543584463197136,0.7445426378188127,0.25,0.7,4.075303183800564,0.7286408742456796,-18.83,"[588.4000244140625, 466.0]"
turning_combined,1789045637.5895314,8.119574381,0.5129605684089464,0.7415253417551974,0.25,0.7,4.295267971697768,0.6718835850939109,-37.66,"[588.4000244140625, 466.0]"
turning_combined,1789045637.6394126,8.16945547,0.4934902310013918,0.7386178563443958,0.25,0.7,4.514635919822645,0.6212622190936846,-48.42,"[619.2000122070312, 447.6000061035156]"
turning_combined,1789045637.6894145,8.219457216,0.4858674785412658,0.7358055022470857,0.25,0.7,4.734656239768228,0.5767767762450011,-107.6,"[619.2000122070312, 447.6000061035156]"
turning_combined,1789045637.7392757,8.269318516,0.49037121888468294,0.733106347266227,0.25,0.7,4.954055402129391,0.5353592949720888,-107.6,"[635.4000244140625, 393.6000061035156]"
turning_combined,1789045637.7893507,8.31939357,0.5067113554167082,0.7305033227073154,0.25,0.7,5.174377629757302,0.5092816215780329,-99.53,"[635.4000244140625, 393.6000061035156]"
turning_combined,1789045637.839228,8.369270748,0.533844486667318,0.7280199174110003,0.25,0.7,5.39377298325153,0.500077736850719,-107.6,"[639.2000122070312, 358.6000061035156]"
turning_combined,1789045637.889482,8.41952487,0.5706329126357903,0.7256330625370013,0.25,0.7,5.614441839761511,0.500077736850719,-72.63,"[639.2000122070312, 358.6000061035156]"
turning_combined,1789045637.9395142,8.469556954,0.6149514330056784,0.7233636691648493,0.25,0.7,5.83464694253211,0.5031456984264903,0.0,"[629.2000122070312, 353.79998779296875]"
turning_combined,1789045637.98953,8.519572863,0.6645623217231273,0.7212103678054046,0.25,0.7,6.054607877580082,0.5184855063053467,2.69,"[629.2000122070312, 353.79998779296875]"
turning_combined,1789045638.0394115,8.569454438000001,0.7169065538683557,0.7191760987620808,0.25,0.7,6.274107002906206,0.5460971604872883,2.69,"[633.5999755859375, 367.3999938964844]"
turning_combined,1789045638.0895553,8.619598183,0.7696705440005771,0.7172504929600753,0.25,0.7,0.21124788176127396,0.581378718608658,2.69,"[633.5999755859375, 367.3999938964844]"
turning_combined,1789045638.1392334,8.669276087,0.8196942486720268,0.7154543738686922,0.25,0.7,0.4300975820805988,0.6304661038209985,2.69,"[614.5999755859375, 414.6000061035156]"
turning_combined,1789045638.189321,8.719364005000001,0.8651407291048514,0.7137648332811175,0.25,0.7,0.6503984826926228,0.6764855274575677,24.21,"[614.5999755859375, 414.6000061035156]"
turning_combined,1789045638.2395105,8.769553578,0.9034216963363118,0.7121938409041798,0.25,0.7,0.8709038042253425,0.7271068934577939,5.38,"[605.7999877929688, 470.79998779296875]"
turning_combined,1789045638.28944,8.819482755000001,0.9324549055131357,0.7107502844673439,0.25,0.7,1.0904143825416455,0.7792622402459057,2.69,"[605.7999877929688, 470.79998779296875]"
turning_combined,1789045638.3392432,8.869285995,0.9509615135499259,0.7094284585234646,0.25,0.7,1.3097955737361886,0.8252816638824749,5.38,"[586.5999755859375, 487.6000061035156]"
turning_combined,1789045638.3894913,8.919534087,0.9580176423398843,0.7082223391297331,0.25,0.7,1.5303266117180527,0.868233125943273,2.69,"[586.5999755859375, 487.6000061035156]"
turning_combined,1789045638.4394643,8.969507089,0.9531250414130354,0.707142464992787,0.25,0.7,1.7503118909674953,0.9081166264282996,2.69,"[536.7999877929688, 498.79998779296875]"
turning_combined,1789045638.4894264,9.019469108000001,0.9365284743798012,0.706187516528785,0.25,0.7,1.970017944205253,0.9357282806102412,2.69,"[536.7999877929688, 498.79998779296875]"
turning_combined,1789045638.5392687,9.069311504,0.9090234584412415,0.7053576258063772,0.25,0.7,2.1894442260508384,0.9510680884890975,2.69,"[511.3999938964844, 497.0]"
turning_combined,1789045638.5892572,9.119300248,0.8717967949144861,0.7046507914515654,0.25,0.7,2.409289637197112,0.9526020692769832,-2.69,"[511.3999938964844, 497.0]"
turning_combined,1789045638.6392314,9.169274226,0.8266378887669323,0.7040690409257248,0.25,0.7,2.6291869562504857,0.9418642037617837,-40.35,"[507.6000061035156, 495.0]"
turning_combined,1789045638.6894815,9.219524294000001,0.7755154796685508,0.7036115437750549,0.25,0.7,2.8498561954064527,0.923456434307156,-45.73,"[507.6000061035156, 495.0]"
turning_combined,1789045638.7395236,9.269566635,0.7211489261038759,0.7032814158961684,0.25,0.7,3.070061628044286,0.8958447801252144,-51.11,"[511.79998779296875, 482.3999938964844]"
turning_combined,1789045638.789397,9.319439958,0.6662547843337338,0.703078309860733,0.25,0.7,3.289424628160731,0.8574952604280734,-29.59,"[511.79998779296875, 482.3999938964844]"
turning_combined,1789045638.8394284,9.369471197000001,0.61308908070404,0.7030008039419162,0.25,0.7,3.509482091156258,0.8099418560036186,-26.9,"[540.2000122070312, 476.79998779296875]"
turning_combined,1789045638.8894887,9.419531526,0.5643677679819926,0.7030498351816865,0.25,0.7,3.72962899655127,0.7577865092155067,-37.66,"[540.2000122070312, 476.79998779296875]"
turning_combined,1789045638.9392505,9.469293446,0.5226523856351085,0.7032242605916006,0.25,0.7,3.9486968666573787,0.6948932969121955,-37.66,"[594.2000122070312, 456.0]"
turning_combined,1789045638.98932,9.519362789,0.48953727335333275,0.7035259250901965,0.25,0.7,4.168986934429611,0.6427379501240836,-24.21,"[594.2000122070312, 456.0]"
turning_combined,1789045639.0392284,9.569271349000001,0.466953671992586,0.7039522087336167,0.25,0.7,4.388466214943264,0.5951845456996288,-78.01,"[621.2000122070312, 448.20001220703125]"
turning_combined,1789045639.0894353,9.619478042,0.45584204052361565,0.7045066247595257,0.25,0.7,4.608982738767068,0.5537670644267164,-118.36,"[621.2000122070312, 448.20001220703125]"
turning_combined,1789045639.1394982,9.66954114,0.4568912846794276,0.7051862536992914,0.25,0.7,4.829246931753893,0.5184855063053467,-123.74,"[638.0, 379.0]"
turning_combined,1789045639.1895382,9.719581091,0.4700442310149463,0.7059903461471738,0.25,0.7,5.049287417582718,0.4908738521234052,-110.28999999999999,"[638.0, 379.0]"
turning_combined,1789045639.239398,9.769440853,0.49460941145527004,0.7069160429448018,0.25,0.7,5.268666576795134,0.4724660826687775,-131.81,"[633.0, 346.0]"
turning_combined,1789045639.289525,9.819567869,0.5296621545952538,0.7079702594015916,0.25,0.7,5.489086220813007,0.4663301595172349,-139.88,"[633.0, 346.0]"
turning_combined,1789045639.339244,9.869286762,0.5731429169334004,0.7091397837693886,0.25,0.7,5.708003363586776,0.4678641403051206,-139.88,"[632.2000122070312, 335.3999938964844]"
turning_combined,1789045639.3892353,9.919278102,0.6234552802873757,0.7104362617582095,0.25,0.7,5.927829541274512,0.483203948183977,0.0,"[632.2000122070312, 335.3999938964844]"
turning_combined,1789045639.43936,9.969402689,0.6782401716506747,0.7118586258603652,0.25,0.7,6.1483028700842866,0.5092816215780329,2.69,"[634.5999755859375, 344.79998779296875]"
turning_combined,1789045639.4894357,10.019478521,0.7346624172267295,0.7133991717596204,0.25,0.7,0.08515586281335885,0.5445631796994026,2.69,"[634.5999755859375, 344.79998779296875]"
turning_combined,1789045639.5394144,10.069457194,0.790132505304026,0.7150581294952048,0.25,0.7,0.3050045374460808,0.5859806609723149,2.69,"[623.7999877929688, 385.6000061035156]"
turning_combined,1789045639.5894465,10.119489438,0.8421296681501509,0.7168365620319768,0.25,0.7,0.5249531046720932,0.6304661038209985,29.59,"[623.7999877929688, 385.6000061035156]"
turning_combined,1789045639.639472,10.169514911,0.8882417614374953,0.7187341992809749,0.25,0.7,0.7450795011219427,0.6810874698212247,43.04,"[608.4000244140625, 457.6000061035156]"
turning_combined,1789045639.689513,10.219555960000001,0.9262819886608152,0.7207479542167895,0.25,0.7,0.9651531935851168,0.7393787397608791,8.07,"[608.4000244140625, 457.6000061035156]"
turning_combined,1789045639.73938,10.269422658,0.9544395169580603,0.7228690139440368,0.25,0.7,1.1844235801784535,0.8068738944278473,8.07,"[584.7999877929688, 507.6000061035156]"
turning_combined,1789045639.789368,10.319410786,0.9716601497451807,0.7251110803504361,0.25,0.7,1.404449718981951,0.8544272988523022,2.69,"[584.7999877929688, 507.6000061035156]"
turning_combined,1789045639.8402565,10.370299131000001,0.97709561863245,0.7275032592852404,0.25,0.7,1.6279103518035498,0.8973787609131001,2.69,"[539.7999877929688, 506.20001220703125]"
turning_combined,1789045639.8893561,10.419399042,0.9706480998547566,0.7299264560569618,0.25,0.7,1.8440921079688835,0.9326603190344698,2.69,"[539.7999877929688, 506.20001220703125]"
turning_combined,1789045639.9392831,10.469325806,0.9527269351412909,0.7324973286978296,0.25,0.7,2.0637933407468694,0.9572040116406401,2.69,"[515.2000122070312, 504.6000061035156]"
turning_combined,1789045639.989392,10.519434799,0.9242434515924156,0.7351824626522288,0.25,0.7,2.284039386637886,0.9679418771558396,-5.38,"[515.2000122070312, 504.6000061035156]"
turning_combined,1789045640.0393522,10.569394952000001,0.8868239080870911,0.7379676216915105,0.25,0.7,2.5037979327472897,0.9694758579437253,-10.76,"[508.79998779296875, 505.3999938964844]"
turning_combined,1789045640.0894113,10.619453883,0.8422746075430443,0.7408614708912082,0.25,0.7,2.723900011385048,0.9587379924285258,-29.59,"[508.79998779296875, 505.3999938964844]"
turning_combined,1789045640.1393678,10.669410599,0.7930091804406634,0.7438534524354066,0.25,0.7,2.943680253961638,0.9341942998223555,-29.59,"[502.79998779296875, 490.3999938964844]"
turning_combined,1789045640.189359,10.719401744,0.7414269901375731,0.7469490085181576,0.25,0.7,3.1636825235724686,0.9050486648525283,-51.11,"[502.79998779296875, 490.3999938964844]"
turning_combined,1789045640.2393062,10.769349021,0.6903002738346607,0.7501373514764313,0.25,0.7,3.383287250394048,0.868233125943273,-18.83,"[524.5999755859375, 480.6000061035156]"
turning_combined,1789045640.2893064,10.819349174000001,0.6420775284880861,0.7534268082919863,0.25,0.7,3.6032104090469943,0.8252816638824749,-26.9,"[524.5999755859375, 480.6000061035156]"
turning_combined,1789045640.3392801,10.869323114,0.5993112248735817,0.7568109157570984,0.25,0.7,3.8231442729910725,0.77772825945802,-26.9,"[551.5999755859375, 474.6000061035156]"
turning_combined,1789045640.3893998,10.919442542,0.5641940120532926,0.7602909484418223,0.25,0.7,4.043301087597634,0.7286408742456796,-24.21,"[551.5999755859375, 474.6000061035156]"
turning_combined,1789045640.439301,10.969343882,0.5386779393307706,0.7638533901810167,0.25,0.7,4.262974901811582,0.6764855274575677,-32.28,"[595.2000122070312, 460.79998779296875]"
turning_combined,1789045640.48941,11.019452757,0.5240479484517045,0.7675136852302369,0.25,0.7,4.4832527293105215,0.6304661038209985,-32.28,"[595.2000122070312, 460.79998779296875]"
turning_combined,1789045640.5393455,11.069388258,0.5212610575882248,0.7712499309299239,0.25,0.7,4.702954261168131,0.5844466801844292,-32.28,"[607.7999877929688, 435.0]"
turning_combined,1789045640.589324,11.119366608,0.5305889747588197,0.7750726474605628,0.25,0.7,4.92285007602694,0.5568350260024878,-86.08,"[607.7999877929688, 435.0]"
turning_combined,1789045640.639365,11.169407705000001,0.5517678441179695,0.7789755550590112,0.25,0.7,5.142712481932833,0.5384272565478601,-67.25,"[611.5999755859375, 407.79998779296875]"
turning_combined,1789045640.6894176,11.219460421,0.5840137207610162,0.7829621283913991,0.25,0.7,5.362868298141244,0.5276893910326605,-78.01,"[611.5999755859375, 407.79998779296875]"
turning_combined,1789045640.7392855,11.269328049,0.6258125795502885,0.787013425995997,0.25,0.7,5.582419282993939,0.5276893910326605,0.0,"[638.0, 372.79998779296875]"
turning_combined,1789045640.7894049,11.319447686,0.6755868626783321,0.7911506008791407,0.25,0.7,5.802648839921758,0.5399612373357456,2.69,"[638.0, 372.79998779296875]"
turning_combined,1789045640.8395154,11.369558407000001,0.7310406049043742,0.7953605662712111,0.25,0.7,6.022979076725981,0.5614369683661447,2.69,"[620.0, 380.79998779296875]"
turning_combined,1789045640.889422,11.4194648,0.7894811965464932,0.7996248869816303,0.25,0.7,6.242599404068365,0.5936505649117432,2.69,"[620.0, 380.79998779296875]"
turning_combined,1789045640.9393592,11.469401880000001,0.8484881503878771,0.8039553702718295,0.25,0.7,0.17908686872227975,0.641203969336198,2.69,"[625.0, 422.79998779296875]"
turning_combined,1789045640.9893742,11.519417,0.9055117240433954,0.8083558764113776,0.25,0.7,0.3991370746387801,0.6887573737606529,43.04,"[625.0, 422.79998779296875]"
turning_combined,1789045641.039248,11.569290761000001,0.9577583664908795,0.8128024643432489,0.25,0.7,0.618512174285172,0.7439806821245359,2.69,"[592.4000244140625, 480.0]"
turning_combined,1789045641.0894463,11.619488986,1.0033500450891712,0.8173317527161262,0.25,0.7,0.8391465002936656,0.8022719520641903,2.69,"[592.4000244140625, 480.0]"
turning_combined,1789045641.1394005,11.66944336,1.0398580746976733,0.8218980759068906,0.25,0.7,1.0589465480986604,0.8574952604280734,8.07,"[543.2000122070312, 486.6000061035156]"
turning_combined,1789045641.1892655,11.719308351,1.0658969715435345,0.8265081954187917,0.25,0.7,1.2783972753049966,0.9111845880040709,2.69,"[543.2000122070312, 486.6000061035156]"
turning_combined,1789045641.2394736,11.769516304000001,1.080546135566195,0.831190564962933,0.25,0.7,1.49897953507012,0.9633399347921826,2.69,"[510.20001220703125, 501.20001220703125]"
turning_combined,1789045641.289392,11.819434733000001,1.0831718395345598,0.8358982036048943,0.25,0.7,1.7186160522960847,1.0062913968529805,2.69,"[510.20001220703125, 501.20001220703125]"
turning_combined,1789045641.3393214,11.869364168,1.0739473497118062,0.8406518871818921,0.25,0.7,1.9384260620913878,1.0446409165501216,2.69,"[492.6000061035156, 524.5999755859375]"
turning_combined,1789045641.3892846,11.919327653,1.05353380164772,0.8454452353407138,0.25,0.7,2.158250713593411,1.0661166475805206,5.38,"[492.6000061035156, 524.5999755859375]"
turning_combined,1789045641.4393997,11.969442519000001,1.023088102444283,0.8502823410614514,0.25,0.7,2.378412502597776,1.0722525707320631,0.0,"[486.20001220703125, 521.7999877929688]"
turning_combined,1789045641.4894335,12.019476183,0.9843602340929168,0.8551497216437723,0.25,0.7,2.5984346741980673,1.069184609156292,-2.69,"[486.20001220703125, 521.7999877929688]"
turning_combined,1789045641.5394576,12.069500331,0.939445457555864,0.8600460362113364,0.25,0.7,2.8183977291927604,1.0569127628532067,-2.69,"[501.20001220703125, 515.4000244140625]"
turning_combined,1789045641.5895002,12.119543059000002,0.8906841711247931,0.8649742033750378,0.25,0.7,3.038570641320078,1.038504993398579,-13.45,"[501.20001220703125, 515.4000244140625]"
turning_combined,1789045641.6394374,12.169480316000001,0.8408342679104622,0.8699136042508766,0.25,0.7,3.2581738991329345,1.0108933392166375,-72.63,"[497.20001220703125, 517.5999755859375]"
turning_combined,1789045641.6895032,12.219546026000002,0.7922928533976852,0.8748854158945751,0.25,0.7,3.478288477539543,0.9725438195194965,-83.39,"[497.20001220703125, 517.5999755859375]"
turning_combined,1789045641.7393553,12.269398165,0.7478700802750062,0.8798612051035855,0.25,0.7,3.697794653227902,0.9157865303677277,-83.39,"[515.2000122070312, 484.3999938964844]"
turning_combined,1789045641.7891824,12.319225244,0.7098323154081322,0.8848462617127554,0.25,0.7,3.917068268121845,0.8697671067311585,-34.97,"[515.2000122070312, 484.3999938964844]"
turning_combined,1789045641.839399,12.369441773,0.6800340807048817,0.8898735448945837,0.25,0.7,4.13769347220191,0.8206797215188181,-26.9,"[553.5999755859375, 469.79998779296875]"
turning_combined,1789045641.8893986,12.419441511,0.6604624678092675,0.894892879979256,0.25,0.7,4.357605274625733,0.7746602978822488,-16.14,"[553.5999755859375, 469.79998779296875]"
turning_combined,1789045641.9394155,12.469458111000002,0.6521873908416284,0.8999179814436604,0.25,0.7,4.57754533127725,0.7332428166093364,-2.69,"[576.5999755859375, 461.0]"
turning_combined,1789045641.989407,12.519449992,0.6558476205214304,0.9049439736528957,0.25,0.7,4.797439166932691,0.6994952392758523,-2.69,"[576.5999755859375, 461.0]"
turning_combined,1789045642.0394285,12.569471226000001,0.6715033905089647,0.9099688764503912,0.25,0.7,5.017339054552217,0.6734175658817965,-2.69,"[598.2000122070312, 450.3999938964844]"
turning_combined,1789045642.089521,12.619563878000001,0.6987168296577926,0.9150012732068419,0.25,0.7,5.237760295127472,0.6580777580029401,0.0,"[598.2000122070312, 450.3999938964844]"
turning_combined,1789045642.1393502,12.669392884,0.7361884403760761,0.9200023670400572,0.25,0.7,5.4571414379414875,0.6565437772150544,0.0,"[608.5999755859375, 452.6000061035156]"
turning_combined,1789045642.1891541,12.719197064000001,0.7823994151181806,0.9249866840314106,0.25,0.7,5.6762545394419845,0.6657476619423682,18.83,"[608.5999755859375, 452.6000061035156]"
turning_combined,1789045642.239242,12.769284963,0.8357090247650768,0.9299834218113651,0.25,0.7,5.896524784392895,0.6810874698212247,29.59,"[591.4000244140625, 476.0]"
turning_combined,1789045642.2894218,12.819464409,0.8935973173049575,0.9349664268097099,0.25,0.7,6.116944217295739,0.7071651432152806,45.73,"[591.4000244140625, 476.0]"
turning_combined,1789045642.3395336,12.86957654,0.9534583983315462,0.9399284286691459,0.25,0.7,0.05414633270313374,0.7424467013366504,29.59,"[584.5999755859375, 469.6000061035156]"
turning_combined,1789045642.3894844,12.919527316,1.0124480380032272,0.9448505600087814,0.25,0.7,0.2737980062286951,0.7900001057611052,10.76,"[584.5999755859375, 469.6000061035156]"
turning_combined,1789045642.4394705,12.969513383,1.0682395486626468,0.9497533358705031,0.25,0.7,0.4937653670902833,0.8467573949128739,5.38,"[557.2000122070312, 490.79998779296875]"
turning_combined,1789045642.4895852,13.019628138000002,1.118348763499742,0.9546325516494569,0.25,0.7,0.7140037732562874,0.9050486648525283,8.07,"[557.2000122070312, 490.79998779296875]"
turning_combined,1789045642.53937,13.069413010000002,1.160326347450843,0.9594546542668115,0.25,0.7,0.9331292293840505,0.9725438195194965,8.07,"[519.0, 493.6000061035156]"
turning_combined,1789045642.5892372,13.119279904,1.1927033078322185,0.9642486394786242,0.25,0.7,1.15258954033294,1.026233147095494,8.07,"[519.0, 493.6000061035156]"
turning_combined,1789045642.6394174,13.169460284000001,1.2141511464767059,0.9690249178434627,0.25,0.7,1.3730148316777644,1.0783884938836057,37.66,"[490.20001220703125, 513.4000244140625]"
turning_combined,1789045642.689456,13.219498874000001,1.223688955398818,0.9737508202760775,0.25,0.7,1.593043561038563,1.1198059751565181,59.18,"[490.20001220703125, 513.4000244140625]"
turning_combined,1789045642.7393506,13.269393373000002,1.221143404806027,0.9784249962609753,0.25,0.7,1.8127420449229774,1.1566215140657734,91.46,"[465.79998779296875, 538.0]"
turning_combined,1789045642.7895143,13.31955716,1.2068037780504144,0.9830697184010014,0.25,0.7,2.0333043719110364,1.184233168247715,99.53,"[465.79998779296875, 538.0]"
turning_combined,1789045642.8395169,13.36955951,1.1816607716281655,0.9876503283373564,0.25,0.7,2.2532274118117854,1.2026409377023426,110.28999999999999,"[446.79998779296875, 575.5999755859375]"
turning_combined,1789045642.8895185,13.419561315000001,1.1471207118957074,0.9921772099587255,0.25,0.7,2.4731379519436842,1.2072428800659996,91.46,"[446.79998779296875, 575.5999755859375]"
turning_combined,1789045642.9393299,13.469372703000001,1.1051786618312724,0.9966362062628377,0.25,0.7,2.692476150442765,1.2041749184902284,91.46,"[438.79998779296875, 572.0]"
turning_combined,1789045642.989177,13.519219711000002,1.057998196164263,1.001034459134632,0.25,0.7,2.9117185423039658,1.1873011298234863,0.0,"[438.79998779296875, 572.0]"
turning_combined,1789045643.039419,13.569461802000001,1.0076877462562208,1.0054002595296112,0.25,0.7,3.132442579003957,1.1596894756415448,-2.69,"[439.6000061035156, 563.5999755859375]"
turning_combined,1789045643.0894153,13.619458117,0.95739747232778,1.0096840422716336,0.25,0.7,3.352294503928441,1.1259418983080607,-2.69,"[439.6000061035156, 563.5999755859375]"
turning_combined,1789045643.1395183,13.66956109,0.9094388817146936,1.013911267822727,0.25,0.7,3.572713712521569,1.0875923786109196,-16.14,"[474.79998779296875, 551.5999755859375]"
turning_combined,1789045643.189502,13.719544836,0.8665693155204192,1.01805730448916,0.25,0.7,3.7925546506682224,1.0446409165501216,-56.49,"[474.79998779296875, 551.5999755859375]"
turning_combined,1789045643.2395196,13.769562358000002,0.8308989624786051,1.0221333068698122,0.25,0.7,4.012536754395811,0.9970875121256667,-86.08,"[488.0, 532.5999755859375]"
turning_combined,1789045643.2895563,13.819599047,0.804368135543846,1.0261344123971103,0.25,0.7,4.232540990015323,0.9480001269133262,-51.11,"[488.0, 532.5999755859375]"
turning_combined,1789045643.3393257,13.869368342000001,0.7884874490901014,1.0300435696160062,0.25,0.7,4.451746005720402,0.8897088569736719,-51.11,"[503.0, 497.79998779296875]"
turning_combined,1789045643.389267,13.919309751,0.7840908064042691,1.0338809192225429,0.25,0.7,4.6714093213600165,0.8528933180644165,-13.45,"[503.0, 497.79998779296875]"
turning_combined,1789045643.4392343,13.969277071,0.7916219846476613,1.0376373923622901,0.25,0.7,4.8911675507968795,0.8206797215188181,-2.69,"[541.0, 491.6000061035156]"
turning_combined,1789045643.4894133,14.019456001,0.8109782300015987,1.0413200960662508,0.25,0.7,5.11160125155692,0.7946020481247621,5.38,"[541.0, 491.6000061035156]"
turning_combined,1789045643.5394258,14.069468628000001,0.8413148470975862,1.0449071128587868,0.25,0.7,5.331544114278991,0.7884661249732196,8.07,"[564.0, 484.6000061035156]"
turning_combined,1789045643.5895386,14.119581503000001,0.8814682877670468,1.048412046978567,0.25,0.7,5.5519696255353,0.7930680673368765,16.14,"[564.0, 484.6000061035156]"
turning_combined,1789045643.639499,14.169541602,0.9294366130954237,1.05181348694072,0.25,0.7,5.771660443305322,0.7992039904884191,18.83,"[562.5999755859375, 478.6000061035156]"
turning_combined,1789045643.689497,14.219539659,0.983217467415932,1.0551225016884265,0.25,0.7,5.99144426164267,0.8176117599430467,26.9,"[562.5999755859375, 478.6000061035156]"
turning_combined,1789045643.7392635,14.269306478,1.0402053457707534,1.058327005378038,0.25,0.7,6.210635040278163,0.859029241215959,26.9,"[532.2000122070312, 487.0]"
turning_combined,1789045643.7892306,14.319273477000001,1.0981414265163827,1.0614435737907586,0.25,0.7,0.1473237591273815,0.8973787609131001,16.14,"[532.2000122070312, 487.0]"
turning_combined,1789045643.839415,14.369458046,1.1543644818180296,1.0644685179052422,0.25,0.7,0.3678218807580578,0.944932165337555,5.38,"[520.7999877929688, 507.6000061035156]"
turning_combined,1789045643.8894477,14.419490503,1.206019579623019,1.0673843086089927,0.25,0.7,0.5878113867062567,0.9955535313377811,5.38,"[520.7999877929688, 507.6000061035156]"
turning_combined,1789045643.9395075,14.469550324,1.2509386641898983,1.0701995938744544,0.25,0.7,0.8080717180473869,1.0492428589137786,37.66,"[486.3999938964844, 516.7999877929688]"
turning_combined,1789045643.9895184,14.519561333,1.2869753282302017,1.0729052308732099,0.25,0.7,1.0280246879013433,1.102932186489776,51.11,"[486.3999938964844, 516.7999877929688]"
turning_combined,1789045644.039518,14.569560986,1.3125825844691545,1.0755025985498732,0.25,0.7,1.247898718328372,1.1550875332778878,88.77,"[476.3999938964844, 540.5999755859375]"
turning_combined,1789045644.0895092,14.619552160000001,1.3266664232201821,1.077991328498859,0.25,0.7,1.4677981837178464,1.1995729761265714,131.81,"[476.3999938964844, 540.5999755859375]"
turning_combined,1789045644.1392338,14.669276754,1.3286808876177498,1.080359458200749,0.25,0.7,1.6867429473742277,1.248660361338912,131.81,"[454.0, 566.0]"
turning_combined,1789045644.189117,14.719159812000001,1.3186917648834557,1.0826216004810953,0.25,0.7,1.9061904594746437,1.2778059963087391,142.57,"[454.0, 566.0]"
turning_combined,1789045644.239245,14.76928782,1.297148824204503,1.0847799611387297,0.25,0.7,2.1266023186259133,1.2977477465512524,147.95,"[425.0, 580.5999755859375]"
turning_combined,1789045644.2892396,14.819282506,1.2652990633557017,1.086818428364417,0.25,0.7,2.346508491315703,1.3054176504906807,134.5,"[425.0, 580.5999755859375]"
turning_combined,1789045644.3393552,14.869397943000001,1.2246406944325232,1.0887448447290233,0.25,0.7,2.566892188602111,1.303883669702795,53.8,"[416.20001220703125, 588.5999755859375]"
turning_combined,1789045644.389543,14.919585876000001,1.1772631965054894,1.0905544052120653,0.25,0.7,2.787397954356038,1.2962137657633668,-2.69,"[416.20001220703125, 588.5999755859375]"
turning_combined,1789045644.4394379,14.969480632000002,1.1258196564769412,1.0922371061410707,0.25,0.7,3.0068551469600635,1.2732040539450822,-2.69,"[416.6000061035156, 590.7999877929688]"
turning_combined,1789045644.4894695,15.019512448,1.07251446638104,1.0938044995831446,0.25,0.7,3.226856057517921,1.2425244381873692,-2.69,"[416.6000061035156, 590.7999877929688]"
turning_combined,1789045644.5392354,15.069278146,1.0203056006838793,1.095246104256823,0.25,0.7,3.4460358405791283,1.1965050145508,-2.69,"[431.20001220703125, 581.7999877929688]"
turning_combined,1789045644.5891578,15.119200499000002,0.971481763547616,1.0965692740939863,0.25,0.7,3.6655956702717845,1.1520195717021164,-8.07,"[431.20001220703125, 581.7999877929688]"
turning_combined,1789045644.639377,15.169419834000001,0.9283342599137407,1.0977766032307803,0.25,0.7,3.8863172967418933,1.1044661672776617,-13.45,"[454.3999938964844, 553.5999755859375]"
turning_combined,1789045644.6893759,15.21941877,0.8933962726839754,1.0988562354299054,0.25,0.7,4.106225593776642,1.055378782065321,-51.11,"[454.3999938964844, 553.5999755859375]"
turning_combined,1789045644.7395303,15.269573091000002,0.8681809024533479,1.0998144060790527,0.25,0.7,4.3266855255786965,1.0078253776408663,-67.25,"[479.20001220703125, 540.0]"
turning_combined,1789045644.7895417,15.319584543000001,0.8540718479423866,1.1006459011453944,0.25,0.7,4.546647006007149,0.961805954004297,-29.59,"[479.20001220703125, 540.0]"
turning_combined,1789045644.8394017,15.369444750000001,0.8517104945409524,1.101350826409991,0.25,0.7,4.76603630313906,0.9157865303677277,-10.76,"[525.7999877929688, 507.79998779296875]"
turning_combined,1789045644.8893988,15.419441772,0.8612227198189011,1.1019321033267784,0.25,0.7,4.985866399649467,0.8835729338221293,-10.76,"[525.7999877929688, 507.79998779296875]"
turning_combined,1789045644.939222,15.469264941,0.8821482487550532,1.102387128311878,0.25,0.7,5.205307613484933,0.8605632220038447,-10.76,"[535.2000122070312, 500.20001220703125]"
turning_combined,1789045644.9891896,15.519232570000002,0.9135666934521891,1.1027171625798162,0.25,0.7,5.425084830079484,0.8513593372765309,0.0,"[535.2000122070312, 500.20001220703125]"
turning_combined,1789045645.0394514,15.569494179000001,0.954143417334969,1.1029217920004484,0.25,0.7,5.6457784354280705,0.8528933180644165,8.07,"[539.7999877929688, 516.7999877929688]"
turning_combined,1789045645.0893805,15.619423240000001,1.0015930746253436,1.102999186100501,0.25,0.7,5.8655234086005805,0.8666991451553873,10.76,"[539.7999877929688, 516.7999877929688]"
turning_combined,1789045645.1394315,15.669474295,1.0538724566942523,1.1029502835184137,0.25,0.7,6.085590706037749,0.8881748761857863,8.07,"[522.0, 488.79998779296875]"
turning_combined,1789045645.189445,15.719487820000001,1.1083529997600996,1.102775081564584,0.25,0.7,0.022313524361941006,0.9219224535192704,8.07,"[522.0, 488.79998779296875]"
turning_combined,1789045645.2394383,15.769480991000002,1.1624467220049717,1.102473646119928,0.25,0.7,0.24225491367706553,0.9633399347921826,16.14,"[502.3999938964844, 508.79998779296875]"
turning_combined,1789045645.2894502,15.819492911000001,1.2135202756535188,1.102046231562039,0.25,0.7,0.4621752310736227,1.0078253776408663,26.9,"[502.3999938964844, 508.79998779296875]"
turning_combined,1789045645.3392663,15.869309323000001,1.2589879589869355,1.10149470070933,0.25,0.7,0.68151848753687,1.069184609156292,26.9,"[484.6000061035156, 517.5999755859375]"
turning_combined,1789045645.3892007,15.919243463,1.2968380714859817,1.1008172445441102,0.25,0.7,0.9012177718990912,1.1198059751565181,61.87,"[484.6000061035156, 517.5999755859375]"
turning_combined,1789045645.439225,15.969267691,1.3251689341279187,1.1000139964082851,0.25,0.7,1.1211934146272355,1.167359379580973,115.67,"[467.6000061035156, 559.0]"
turning_combined,1789045645.4893706,16.01941318,1.3425460376396705,1.099084348421231,0.25,0.7,1.3415888068064632,1.2118448224296565,126.42999999999999,"[467.6000061035156, 559.0]"
turning_combined,1789045645.5393925,16.069435067,1.3480218097628383,1.0980324917561475,0.25,0.7,1.5615520553232685,1.2501943421267976,131.81,"[447.0, 578.4000244140625]"
turning_combined,1789045645.5894215,16.119464259,1.3413253605674504,1.0968571743551911,0.25,0.7,1.7815537355713147,1.2839419194602817,156.02,"[447.0, 578.4000244140625]"
turning_combined,1789045645.6393661,16.169408951,1.3227530292456706,1.09556106978733,0.25,0.7,2.0012708371621173,1.3100195928543377,185.60999999999999,"[422.3999938964844, 592.5999755859375]"
turning_combined,1789045645.689535,16.219577687,1.2929992456593118,1.0941377577640854,0.25,0.7,2.22184956514878,1.3222914391574228,180.23,"[422.3999938964844, 592.5999755859375]"
turning_combined,1789045645.7392623,16.269305142,1.2538135915508088,1.092604934983952,0.25,0.7,2.440785756655451,1.3222914391574228,180.23,"[424.20001220703125, 595.0]"
turning_combined,1789045645.7891812,16.319224202,1.2066502468229088,1.0909478752403445,0.25,0.7,2.6604307272789285,1.3176894967937658,-2.69,"[424.20001220703125, 595.0]"
turning_combined,1789045645.8393874,16.369430404000003,1.1535699112985112,1.0891644011950716,0.25,0.7,2.8810322908742663,1.2977477465512524,-5.38,"[414.20001220703125, 591.0]"
turning_combined,1789045645.8894222,16.419464939,1.0974038835533195,1.0872679012650945,0.25,0.7,3.1010376084582916,1.2670681307935396,-2.69,"[414.20001220703125, 591.0]"
turning_combined,1789045645.9394827,16.469525651,1.0405818513493044,1.0852530389156345,0.25,0.7,3.3212421790431037,1.2302525918842842,-2.69,"[419.0, 569.4000244140625]"
turning_combined,1789045645.9894862,16.519528933,0.9858748322409107,1.0831257759951625,0.25,0.7,3.541142598848431,1.1857671490356005,-2.69,"[419.0, 569.4000244140625]"
turning_combined,1789045646.0394576,16.569500549,0.9357572715718081,1.0808857028836594,0.25,0.7,3.76095212044023,1.1351457830353744,-18.83,"[440.79998779296875, 562.2000122070312]"
turning_combined,1789045646.089545,16.619587859000003,0.8924381567085978,1.0785288724339885,0.25,0.7,3.98117286771393,1.081456455459377,-29.59,"[440.79998779296875, 562.2000122070312]"
turning_combined,1789045646.1393287,16.669371493,0.8581241393312461,1.0760718041503645,0.25,0.7,4.20043848222803,1.01702926236818,-29.59,"[461.3999938964844, 540.7999877929688]"
turning_combined,1789045646.1891785,16.719221208,0.8341365739389894,1.0735058737650376,0.25,0.7,4.41971978082929,0.9694758579437253,-53.8,"[461.3999938964844, 540.7999877929688]"
turning_combined,1789045646.239474,16.769516932000002,0.8214569179227842,1.0708129858083861,0.25,0.7,4.64059991510009,0.9188544919434991,-8.07,"[509.6000061035156, 506.6000061035156]"
turning_combined,1789045646.2892394,16.819282266000002,0.8207458939973633,1.0680350281213231,0.25,0.7,4.859787197142957,0.8789709914584724,-2.69,"[509.6000061035156, 506.6000061035156]"
turning_combined,1789045646.3394988,16.869541754,0.8318939616274384,1.065130822294928,0.25,0.7,5.0806703749887205,0.8498253564886452,-2.69,"[539.0, 505.6000061035156]"
turning_combined,1789045646.3895254,16.919568123,0.8541516931786918,1.0621366341826084,0.25,0.7,5.300590815535706,0.8268156446703606,-2.69,"[539.0, 505.6000061035156]"
turning_combined,1789045646.439492,16.969534886,0.8863079525996012,1.059043612949941,0.25,0.7,5.520393110836089,0.8176117599430467,8.07,"[564.5999755859375, 491.3999938964844]"
turning_combined,1789045646.4895055,17.019548468,0.926707156161896,1.0558499424215015,0.25,0.7,5.740343745230071,0.8206797215188181,10.76,"[564.5999755859375, 491.3999938964844]"
turning_combined,1789045646.5392873,17.069330245,0.973071071321327,1.0525707238644824,0.25,0.7,5.959567536977808,0.8406214717613314,10.76,"[544.5999755859375, 490.0]"
turning_combined,1789045646.5891795,17.119222441,1.0232002239751414,1.0491940278225784,0.25,0.7,6.1790218311484395,0.8651651643675016,13.45,"[544.5999755859375, 490.0]"
turning_combined,1789045646.6392498,17.169292609,1.074653365259975,1.045713721040182,0.25,0.7,0.11601867677680389,0.8973787609131001,2.69,"[531.0, 488.20001220703125]"
turning_combined,1789045646.689436,17.219478777000003,1.1246848186411114,1.042138114766758,0.25,0.7,0.33650148377161315,0.9387962421860124,2.69,"[531.0, 488.20001220703125]"
turning_combined,1789045646.7394505,17.269493409000003,1.1705266445152374,1.0384831767067695,0.25,0.7,0.5564485512012993,0.9817477042468103,5.38,"[516.2000122070312, 499.79998779296875]"
turning_combined,1789045646.789507,17.319549843,1.2099602459507786,1.0347384216947977,0.25,0.7,0.7766407187783102,1.0293011086712651,16.14,"[516.2000122070312, 499.79998779296875]"
turning_combined,1789045646.839502,17.369545128000002,1.2408154665401132,1.0309152507415644,0.25,0.7,0.9965480218131404,1.0783884938836057,24.21,"[481.3999938964844, 516.0]"
turning_combined,1789045646.8895268,17.419569810000002,1.2614828512189118,1.0270105784435057,0.25,0.7,1.2164949397030114,1.1259418983080607,53.8,"[481.3999938964844, 516.0]"
turning_combined,1789045646.9393296,17.469372542000002,1.2707650646943653,1.0230389071323909,0.25,0.7,1.435820840751802,1.175029283520401,53.8,"[444.6000061035156, 548.4000244140625]"
turning_combined,1789045646.9891877,17.519230473,1.2681025588507102,1.0189916255595328,0.25,0.7,1.655157178799712,1.2072428800659996,102.22,"[444.6000061035156, 548.4000244140625]"
turning_combined,1789045647.0392687,17.569311523,1.2533551433817547,1.0148561811758394,0.25,0.7,1.8753000993986007,1.2333205534600555,118.36,"[437.6000061035156, 571.4000244140625]"
turning_combined,1789045647.0892513,17.619294113000002,1.2270607338551982,1.0106546782265313,0.25,0.7,2.0951969082573214,1.248660361338912,126.42999999999999,"[437.6000061035156, 571.4000244140625]"
turning_combined,1789045647.1393847,17.669427557000002,1.1901908790645446,1.0063763524603107,0.25,0.7,2.3155452437768247,1.2532623037025687,83.39,"[424.3999938964844, 582.0]"
turning_combined,1789045647.1894646,17.719507373000003,1.1443847313245157,1.0020340607025453,0.25,0.7,2.5358135930907224,1.2517283229146832,-2.69,"[424.3999938964844, 582.0]"
turning_combined,1789045647.239464,17.769506732,1.0917405824181976,0.9976372889109573,0.25,0.7,2.7556709894129767,1.2348545342479411,-2.69,"[434.6000061035156, 565.7999877929688]"
turning_combined,1789045647.2895825,17.819625353000003,1.0343930384849294,0.9931721173492769,0.25,0.7,2.975952573000086,1.2072428800659996,-2.69,"[434.6000061035156, 565.7999877929688]"
turning_combined,1789045647.3393407,17.869383358,0.975282790169523,0.9886716979732719,0.25,0.7,3.195173919332092,1.162757437217316,-2.69,"[433.79998779296875, 558.0]"
turning_combined,1789045647.3892374,17.919280066000002,0.916709707650549,0.9841135183418468,0.25,0.7,3.4145861092496688,1.1167380135807468,-18.83,"[433.79998779296875, 558.0]"
turning_combined,1789045647.4392464,17.969289167,0.8611751411470896,0.9794918774052709,0.25,0.7,3.634588317285292,1.0676506283684062,-37.66,"[460.79998779296875, 533.0]"
turning_combined,1789045647.4892344,18.01927746,0.811321280771335,0.974824465125492,0.25,0.7,3.85446946844624,1.0154952815802945,-96.84,"[460.79998779296875, 533.0]"
turning_combined,1789045647.5394037,18.069446386000003,0.769207650968742,0.9701006261378508,0.25,0.7,4.074864891413071,0.961805954004297,-69.94,"[489.6000061035156, 513.0]"
turning_combined,1789045647.589596,18.119638924,0.7367329071468861,0.9653276279278411,0.25,0.7,4.295563752646174,0.9035146840646426,-2.69,"[489.6000061035156, 513.0]"
turning_combined,1789045647.639473,18.169515867,0.7154023314233763,0.9605442257520458,0.25,0.7,4.51492664280687,0.8452234141249882,-13.45,"[536.7999877929688, 490.6000061035156]"
turning_combined,1789045647.689429,18.219471858000002,0.7057778072390914,0.9557155799701135,0.25,0.7,4.734701282038799,0.7992039904884191,-26.9,"[536.7999877929688, 490.6000061035156]"
turning_combined,1789045647.7393532,18.26939592,0.7081418780685653,0.9508547698302531,0.25,0.7,4.954426784248355,0.7516505860639642,-26.9,"[582.0, 486.20001220703125]"
turning_combined,1789045647.789178,18.319220727,0.7221070035752732,0.9459737437310123,0.25,0.7,5.1737061608232295,0.722504951094137,-2.69,"[582.0, 486.20001220703125]"
turning_combined,1789045647.839243,18.369285694000002,0.7468830130561757,0.9410463349076937,0.25,0.7,5.393849877501694,0.7086991240031663,0.0,"[603.4000244140625, 471.6000061035156]"
turning_combined,1789045647.8894281,18.419471009000002,0.7810659790229281,0.9360871566926551,0.25,0.7,5.614334632912261,0.7086991240031663,10.76,"[603.4000244140625, 471.6000061035156]"
turning_combined,1789045647.9395108,18.469553624,0.8226966077725106,0.9311110999580203,0.25,0.7,5.8346369277631,0.7163690279425944,10.76,"[594.5999755859375, 470.3999938964844]"
turning_combined,1789045647.9895177,18.519560607000003,0.8694640439925616,0.9261260488435702,0.25,0.7,6.054550551054021,0.7286408742456796,34.97,"[594.5999755859375, 470.3999938964844]"
turning_combined,1789045648.0394046,18.569447475,0.9188392355365127,0.9211370994497351,0.25,0.7,6.273993722101707,0.7516505860639642,37.66,"[593.2000122070312, 478.0]"
turning_combined,1789045648.089503,18.619546003,0.9685119863221074,0.9161162922560014,0.25,0.7,0.2111482398671214,0.786932144185334,18.83,"[593.2000122070312, 478.0]"
turning_combined,1789045648.1393468,18.669389551000002,1.0154546942241984,0.9111082082779176,0.25,0.7,0.4305668072177795,0.8390874909734457,18.83,"[559.7999877929688, 485.79998779296875]"
turning_combined,1789045648.1891818,18.719224630000003,1.057358390549127,0.9060989598211355,0.25,0.7,0.6498132454503107,0.8835729338221293,10.76,"[559.7999877929688, 485.79998779296875]"
turning_combined,1789045648.2392406,18.76928341,1.0921435309304341,0.9010670960959223,0.25,0.7,0.8699640256856966,0.9295923574586985,8.07,"[524.5999755859375, 488.0]"
turning_combined,1789045648.2894385,18.81948139,1.117738060915221,0.8960286692709893,0.25,0.7,1.0904556775204597,0.9771457618831534,2.69,"[524.5999755859375, 488.0]"
turning_combined,1789045648.339469,18.86951183,1.1325885046638555,0.8910020222824734,0.25,0.7,1.310625040276399,1.0185632431560658,16.14,"[489.0, 496.0]"
turning_combined,1789045648.3895328,18.91957558,1.1357840723140942,0.8859849222983851,0.25,0.7,1.53070873431394,1.0584467436410925,16.14,"[489.0, 496.0]"
turning_combined,1789045648.4393907,18.969433314,1.1269921550065705,0.8809962780104958,0.25,0.7,1.750013682196375,1.0906603401866908,21.52,"[479.20001220703125, 523.4000244140625]"
turning_combined,1789045648.4895136,19.019556472,1.106293986111948,0.8759956813770314,0.25,0.7,1.9704566456281967,1.1136700520049756,45.73,"[479.20001220703125, 523.4000244140625]"
turning_combined,1789045648.5392306,19.069273334000002,1.0747219727960087,0.8710465538614753,0.25,0.7,2.189378103065316,1.1228739367322893,45.73,"[472.0, 543.4000244140625]"
turning_combined,1789045648.5892365,19.119279525,1.0332465879386181,0.8660957676309722,0.25,0.7,2.409263727225884,1.1198059751565181,0.0,"[472.0, 543.4000244140625]"
turning_combined,1789045648.6392474,19.169290291000003,0.9837115000035744,0.8611651383136253,0.25,0.7,2.6292901519143115,1.1090681096413186,-8.07,"[469.3999938964844, 534.0]"
turning_combined,1789045648.689252,19.219294644,0.9283220834246008,0.8562633384173349,0.25,0.7,2.849209576470237,1.0875923786109196,-29.59,"[469.3999938964844, 534.0]"
turning_combined,1789045648.739435,19.269477753,0.8693575448849895,0.851380192957323,0.25,0.7,3.069621127745428,1.0584467436410925,-13.45,"[469.20001220703125, 538.0]"
turning_combined,1789045648.7895112,19.319554070000002,0.8095839843260075,0.846532085661325,0.25,0.7,3.2899284453746063,1.0200972239439514,-75.32,"[469.20001220703125, 538.0]"
turning_combined,1789045648.8394842,19.369527043,0.7517598984912847,0.8417306642487835,0.25,0.7,3.5097352092763785,0.9725438195194965,-96.84,"[480.20001220703125, 503.0]"
turning_combined,1789045648.8894813,19.419524146,0.6982639301781131,0.8369641450567772,0.25,0.7,3.7297162442341474,0.9142525495798421,-34.97,"[480.20001220703125, 503.0]"
turning_combined,1789045648.939304,19.469346822000002,0.6516232118154244,0.8322535228227059,0.25,0.7,3.949034905796829,0.8406214717613314,-34.97,"[531.5999755859375, 480.20001220703125]"
turning_combined,1789045648.9891925,19.519235445,0.613668333154572,0.8275856191987694,0.25,0.7,4.168435088547277,0.7853981633974483,-34.97,"[531.5999755859375, 480.20001220703125]"
turning_combined,1789045649.0392222,19.569265064,0.5859548358392627,0.8229522158856672,0.25,0.7,4.388451678794063,0.7317088358214509,-29.59,"[575.4000244140625, 464.6000061035156]"
turning_combined,1789045649.0894053,19.619448113,0.569695880508624,0.8183595224271087,0.25,0.7,4.608946229062205,0.6810874698212247,-26.9,"[575.4000244140625, 464.6000061035156]"
turning_combined,1789045649.1395001,19.669542954,0.5655298621061763,0.8138238532065787,0.25,0.7,4.829280477051931,0.6396699885483124,-32.28,"[613.0, 450.20001220703125]"
turning_combined,1789045649.18955,19.719592768000002,0.5734017060050414,0.809352473923226,0.25,0.7,5.049231111445913,0.6059224112148283,-51.11,"[613.0, 450.20001220703125]"
turning_combined,1789045649.239514,19.76955697,0.5926986142268378,0.804940807754577,0.25,0.7,5.269154525196178,0.5829126993965437,-40.35,"[635.2000122070312, 425.3999938964844]"
turning_combined,1789045649.289554,19.819596874000002,0.6222953408384879,0.8005893418420882,0.25,0.7,5.489166704018565,0.5783107570328867,-69.94,"[635.2000122070312, 425.3999938964844]"
turning_combined,1789045649.339328,19.869371035,0.6604038383144615,0.796317697362763,0.25,0.7,5.708399015137253,0.5798447378207724,-69.94,"[623.4000244140625, 405.3999938964844]"
turning_combined,1789045649.389211,19.91925381,0.7051296369130934,0.79210912878929,0.25,0.7,5.927835896716452,0.5875146417602005,2.69,"[623.4000244140625, 405.3999938964844]"
turning_combined,1789045649.439246,19.969288854000002,0.7542309560793052,0.7879593359032345,0.25,0.7,6.147859123891884,0.6059224112148283,2.69,"[608.5999755859375, 417.6000061035156]"
turning_combined,1789045649.4894304,20.019473270000002,0.805132982177479,0.7838741825494173,0.25,0.7,0.08513801479718097,0.6320000846088841,10.76,"[608.5999755859375, 417.6000061035156]"
turning_combined,1789045649.5393448,20.06938748,0.8549019919757916,0.7798793210194042,0.25,0.7,0.30478771791582915,0.6657476619423682,56.49,"[611.5999755859375, 457.6000061035156]"
turning_combined,1789045649.5895658,20.119608637000002,0.9013509267449443,0.775943616324292,0.25,0.7,0.5254810857600205,0.7086991240031663,45.73,"[611.5999755859375, 457.6000061035156]"
turning_combined,1789045649.6394262,20.169468895,0.9415820558463579,0.7721110993616274,0.25,0.7,0.7448803140946296,0.760854470791278,2.69,"[582.7999877929688, 479.3999938964844]"
turning_combined,1789045649.689486,20.219528789,0.9738663966596399,0.768347955687909,0.25,0.7,0.9650436380811698,0.8114758367915041,2.69,"[582.7999877929688, 479.3999938964844]"
turning_combined,1789045649.7393343,20.269377177000003,0.9962568727097839,0.7646822703621228,0.25,0.7,1.1844670962632762,0.8697671067311585,2.69,"[551.4000244140625, 481.0]"
turning_combined,1789045649.7892587,20.319301515000003,1.0076309221279018,0.7611026269294208,0.25,0.7,1.403948615475855,0.9142525495798421,2.69,"[551.4000244140625, 481.0]"
turning_combined,1789045649.839406,20.369448741000003,1.0072374664040211,0.7575967739079497,0.25,0.7,1.6244167411798713,0.9495341077012119,2.69,"[514.4000244140625, 492.0]"
turning_combined,1789045649.889596,20.419638892000002,0.9948346322318924,0.7541801579227783,0.25,0.7,1.8450857956101885,0.9740778003073821,2.69,"[514.4000244140625, 492.0]"
turning_combined,1789045649.9394984,20.469541096,0.9710002202031426,0.7508743001612619,0.25,0.7,2.0646689711061725,0.9940195505498954,2.69,"[489.3999938964844, 497.20001220703125]"
turning_combined,1789045649.9895017,20.519544561,0.9366681385724237,0.7476624392054816,0.25,0.7,2.2843773334145254,1.0016894544893238,-5.38,"[489.3999938964844, 497.20001220703125]"
turning_combined,1789045650.039445,20.569487565000003,0.8933318019263308,0.7445475254256168,0.25,0.7,2.504156406062009,0.9970875121256667,-5.38,"[489.20001220703125, 501.79998779296875]"
turning_combined,1789045650.0892913,20.619334085000002,0.8430254884930862,0.7415374718280087,0.25,0.7,2.723572294890772,0.983281685034696,-34.97,"[489.20001220703125, 501.79998779296875]"
turning_combined,1789045650.1392503,20.669293081000003,0.7878561331536226,0.738623990138244,0.25,0.7,2.9433684986429967,0.9526020692769832,-34.97,"[498.20001220703125, 481.20001220703125]"
turning_combined,1789045650.189276,20.719318883,0.730399904187763,0.7358131847618206,0.25,0.7,3.1632474682819947,0.9173205111556134,-59.18,"[498.20001220703125, 481.20001220703125]"
turning_combined,1789045650.239252,20.769294868000003,0.6732980982828176,0.7331073881064036,0.25,0.7,3.383172773271042,0.8728350683069298,-34.97,"[517.2000122070312, 476.79998779296875]"
turning_combined,1789045650.289256,20.819298869,0.6191718346006012,0.7305082767301053,0.25,0.7,3.603153056131532,0.8222137023067037,-37.66,"[517.2000122070312, 476.79998779296875]"
turning_combined,1789045650.3394532,20.869496089000002,0.5704185283876216,0.7280126757415919,0.25,0.7,3.8236308843302993,0.7685243747307062,-21.52,"[570.0, 482.0]"
turning_combined,1789045650.3895235,20.919566467000003,0.5294333223285619,0.7256299102229344,0.25,0.7,4.043943981233326,0.7148350471547088,-29.59,"[570.0, 482.0]"
turning_combined,1789045650.4395473,20.969590037,0.4980821706148175,0.7233627340344497,0.25,0.7,4.26394367787978,0.6580777580029401,-32.28,"[605.4000244140625, 460.20001220703125]"
turning_combined,1789045650.4894288,21.01947154,0.47774259059604635,0.7212146345457652,0.25,0.7,4.483363828593141,0.6059224112148283,-64.56,"[605.4000244140625, 460.20001220703125]"
turning_combined,1789045650.539216,21.069258814,0.46919461850688604,0.7191826103568962,0.25,0.7,4.702587655526713,0.5553010452146021,-64.56,"[660.0, 404.3999938964844]"
turning_combined,1789045650.5892136,21.11925626,0.47275427087385913,0.7172608878947936,0.25,0.7,4.922410310232451,0.5230874486690036,-104.91,"[660.0, 404.3999938964844]"
turning_combined,1789045650.6394606,21.169503300000002,0.4882946895146656,0.7154484778484663,0.25,0.7,5.143229229942079,0.49854375606283335,-121.05,"[632.5999755859375, 364.0]"
turning_combined,1789045650.6894052,21.219448098,0.5148158314584079,0.7137642350936464,0.25,0.7,5.362868324530652,0.483203948183977,-126.42999999999999,"[632.5999755859375, 364.0]"
turning_combined,1789045650.7395277,21.269570570000003,0.5511735998473937,0.7121933345463064,0.25,0.7,5.5833667012586545,0.4816699673960913,-80.7,"[644.5999755859375, 346.6000061035156]"
turning_combined,1789045650.7894115,21.319454198000003,0.5951997642070413,0.7107508999671156,0.25,0.7,5.802705687040856,0.48473792897186263,0.0,"[644.5999755859375, 346.6000061035156]"
turning_combined,1789045650.8394237,21.369466329,0.6450312482423471,0.7094256631886147,0.25,0.7,6.022670875176956,0.500077736850719,2.69,"[633.4000244140625, 346.20001220703125]"
turning_combined,1789045650.8895562,21.419598872,0.6982105528039538,0.7082201568070314,0.25,0.7,6.243136186013956,0.5276893910326605,2.69,"[633.4000244140625, 346.20001220703125]"
turning_combined,1789045650.9392908,21.469333462,0.7516226274212118,0.707145496425049,0.25,0.7,0.17886065897159398,0.5691068723055729,2.69,"[621.4000244140625, 362.6000061035156]"
turning_combined,1789045650.989231,21.51927397,0.8032317583738958,0.7061898712216592,0.25,0.7,0.39864239694629333,0.6089903727905995,10.76,"[621.4000244140625, 362.6000061035156]"
turning_combined,1789045651.0394258,21.569468834000002,0.8504359066161886,0.7053559696896194,0.25,0.7,0.6191212587290451,0.6550097964271688,45.73,"[618.5999755859375, 437.6000061035156]"
turning_combined,1789045651.0894246,21.619467309,0.8906472937373384,0.7046492324812879,0.25,0.7,0.8390253818437898,0.705631162427395,32.28,"[618.5999755859375, 437.6000061035156]"
turning_combined,1789045651.1394477,21.669490351,0.9220444190886145,0.70406740143272,0.25,0.7,1.0590855541488153,0.7577865092155067,2.69,"[591.5999755859375, 474.79998779296875]"
turning_combined,1789045651.1895356,21.719578304000002,0.9430698340499546,0.7036109878321765,0.25,0.7,1.2793712017001937,0.8084078752157329,2.69,"[591.5999755859375, 474.79998779296875]"
turning_combined,1789045651.2394712,21.769514140000002,0.9526354363110432,0.7032818998209333,0.25,0.7,1.4988662322744588,0.8544272988523022,2.69,"[551.0, 503.20001220703125]"
turning_combined,1789045651.289482,21.819524986,0.9503412034817849,0.7030781344239414,0.25,0.7,1.7189027596965403,0.8943107993373288,2.69,"[551.0, 503.20001220703125]"
turning_combined,1789045651.3393068,21.86934974,0.936297222233553,0.7030008215449148,0.25,0.7,1.938415620694066,0.9295923574586985,2.69,"[531.0, 503.3999938964844]"
turning_combined,1789045651.389186,21.919228728,0.9112021694844751,0.7030493028242092,0.25,0.7,2.1577864936417015,0.9433981845496693,5.38,"[531.0, 503.3999938964844]"
turning_combined,1789045651.4394553,21.969498198,0.8760144238054028,0.7032249124011974,0.25,0.7,2.37850244639548,0.9464661461254406,-37.66,"[509.20001220703125, 502.20001220703125]"
turning_combined,1789045651.4894385,22.019481511000002,0.8327469021219059,0.7035262509679978,0.25,0.7,2.598387300865845,0.940330222973898,-16.14,"[509.20001220703125, 502.20001220703125]"
turning_combined,1789045651.5395203,22.069563289,0.7832812526731702,0.7039545146037247,0.25,0.7,2.8187043209897737,0.9249904150950417,-40.35,"[524.4000244140625, 487.6000061035156]"
turning_combined,1789045651.589486,22.119528723000002,0.7302479976166218,0.7045073553813053,0.25,0.7,3.0384472885695217,0.8973787609131001,-40.35,"[524.4000244140625, 487.6000061035156]"
turning_combined,1789045651.6395564,22.169599313000003,0.6760031360725084,0.7051867364040717,0.25,0.7,3.2585938157167718,0.863631183579616,-37.66,"[533.7999877929688, 476.79998779296875]"
turning_combined,1789045651.6895053,22.219548146,0.6233741974385972,0.7059899350695475,0.25,0.7,3.4783866944073267,0.8176117599430467,-40.35,"[533.7999877929688, 476.79998779296875]"
turning_combined,1789045651.739352,22.269394695000003,0.5749295063047126,0.7069155959537071,0.25,0.7,3.6977709379732957,0.7577865092155067,-40.35,"[547.5999755859375, 475.3999938964844]"
turning_combined,1789045651.7892118,22.319254553,0.5329282761588878,0.7079647125824732,0.25,0.7,3.917194255412049,0.7086991240031663,-26.9,"[547.5999755859375, 475.3999938964844]"
turning_combined,1789045651.839222,22.369264663000003,0.49937248457303457,0.7091395235879638,0.25,0.7,4.137160741025916,0.6550097964271688,-40.35,"[599.7999877929688, 461.3999938964844]"
turning_combined,1789045651.8896427,22.419685389,0.4759634165013114,0.7104433171109445,0.25,0.7,4.358175549090596,0.607456392002714,-53.8,"[599.7999877929688, 461.3999938964844]"
turning_combined,1789045651.9394593,22.469502353000003,0.4641243899014549,0.7118598650900279,0.25,0.7,4.577690745548104,0.5645049299419159,-112.98,"[640.7999877929688, 416.3999938964844]"
turning_combined,1789045651.9894714,22.519514049,0.4643098715479006,0.7134003962990333,0.25,0.7,4.7977131722457145,0.5276893910326605,-115.67,"[640.7999877929688, 416.3999938964844]"
turning_combined,1789045652.0395234,22.569566220000002,0.4766326278449244,0.7150615125492648,0.25,0.7,5.0178262948382795,0.49854375606283335,-123.74,"[631.5999755859375, 366.0]"
turning_combined,1789045652.089476,22.619519118000003,0.5005225362401211,0.7168379892591019,0.25,0.7,5.237512925493611,0.4816699673960913,-139.88,"[631.5999755859375, 366.0]"
turning_combined,1789045652.1392424,22.669285041000002,0.5348331057119162,0.7187270939623278,0.25,0.7,5.456668830565697,0.47553404424454876,-139.88,"[645.2000122070312, 336.6000061035156]"
turning_combined,1789045652.1892092,22.719252044,0.5782038369064099,0.7207382569912831,0.25,0.7,5.676511875464392,0.4770680250324344,-37.66,"[645.2000122070312, 336.6000061035156]"
turning_combined,1789045652.2392406,22.769283425,0.6285877972571104,0.7228659928517882,0.25,0.7,5.896508378996067,0.48933987133551954,2.69,"[639.2000122070312, 344.3999938964844]"
turning_combined,1789045652.2894206,22.819463508000002,0.6837508047636782,0.7251124969629564,0.25,0.7,6.116974301186993,0.5138835639416898,2.69,"[639.2000122070312, 344.3999938964844]"
turning_combined,1789045652.3394587,22.869501554000003,0.7409137872732827,0.7274670821923349,0.25,0.7,0.053812788554466806,0.5476311412751739,2.69,"[630.2000122070312, 362.0]"
turning_combined,1789045652.3894622,22.919505008,0.7975197328104818,0.7299317568614518,0.25,0.7,0.2737585277187691,0.5890486225480862,2.69,"[630.2000122070312, 362.0]"
turning_combined,1789045652.4395308,22.969573553,0.8510426516691064,0.7325090801566102,0.25,0.7,0.49398051089501394,0.6350680461846554,29.59,"[611.2000122070312, 431.0]"
turning_combined,1789045652.4895499,23.019592766000002,0.8988903975911715,0.735190826873296,0.25,0.7,0.7139156987062307,0.6887573737606529,45.73,"[611.2000122070312, 431.0]"
turning_combined,1789045652.53936,23.069403011000002,0.9388521829090004,0.7379701653382732,0.25,0.7,0.933198602661335,0.7577865092155067,45.73,"[576.0, 498.79998779296875]"
turning_combined,1789045652.5892284,23.119271174,0.9693137060522835,0.7408551086328493,0.25,0.7,1.1526282403561936,0.8130098175793898,2.69,"[576.0, 498.79998779296875]"
turning_combined,1789045652.639437,23.169479716,0.9889913860312332,0.7438574402744764,0.25,0.7,1.3731719892219303,0.863631183579616,2.69,"[542.7999877929688, 500.20001220703125]"
turning_combined,1789045652.689431,23.219473675,0.9968897912718488,0.7469519098886755,0.25,0.7,1.5930891398930953,0.9065826456404139,2.69,"[542.7999877929688, 500.20001220703125]"
turning_combined,1789045652.7395256,23.26956841,0.9928293509380649,0.7501508641223484,0.25,0.7,1.8134076422204402,0.9433981845496693,2.69,"[518.2000122070312, 505.3999938964844]"
turning_combined,1789045652.7895458,23.319588738,0.9771659066434564,0.753441651837301,0.25,0.7,2.033392261735429,0.9694758579437253,2.69,"[518.2000122070312, 505.3999938964844]"
turning_combined,1789045652.8395135,23.369556267,0.9508331685808749,0.7568248445535571,0.25,0.7,2.2532408528017953,0.9878836273983529,2.69,"[510.0, 500.3999938964844]"
turning_combined,1789045652.8894796,23.419522389,0.9152682232304921,0.7602989880302262,0.25,0.7,2.4730067835388923,0.9894176081862386,-29.59,"[510.0, 500.3999938964844]"
turning_combined,1789045652.9392505,23.469293251,0.8725023610784616,0.7638502831720827,0.25,0.7,2.691989332386754,0.9802137234589247,-29.59,"[502.6000061035156, 504.79998779296875]"
turning_combined,1789045652.989201,23.519243882,0.8244273222180911,0.7675040762709335,0.25,0.7,2.9118848789535576,0.9633399347921826,-53.8,"[502.6000061035156, 504.79998779296875]"
turning_combined,1789045653.0392416,23.569284304,0.7736666692429676,0.7712456394930447,0.25,0.7,3.13190838321745,0.9372622613981267,-59.18,"[502.20001220703125, 485.3999938964844]"
turning_combined,1789045653.0894372,23.619480213000003,0.7227677469003757,0.77507862453684,0.25,0.7,3.3523939347076066,0.9019807032767571,-40.35,"[502.20001220703125, 485.3999938964844]"
turning_combined,1789045653.1393921,23.669434957,0.6746195527250785,0.7789811073781008,0.25,0.7,3.572225790509904,0.8574952604280734,-29.59,"[535.2000122070312, 483.79998779296875]"
turning_combined,1789045653.1893864,23.719429121,0.6315630272978947,0.7829628491922603,0.25,0.7,3.792111397077548,0.8084078752157329,-24.21,"[535.2000122070312, 483.79998779296875]"
turning_combined,1789045653.239414,23.769456661000003,0.5958633028037962,0.7870216569100543,0.25,0.7,4.012064973887206,0.7577865092155067,-21.52,"[567.7999877929688, 475.0]"
turning_combined,1789045653.289499,23.819541917000002,0.5694132250984715,0.7911605328241861,0.25,0.7,4.232376654560255,0.7086991240031663,-24.21,"[567.7999877929688, 475.0]"
turning_combined,1789045653.339237,23.869279806,0.5538175046694709,0.7953430055002508,0.25,0.7,4.451271155247454,0.6550097964271688,-24.21,"[604.0, 459.3999938964844]"
turning_combined,1789045653.3892012,23.919243996000002,0.5498247988804239,0.799612401843969,0.25,0.7,4.671164995301126,0.6166602767300278,-29.59,"[604.0, 459.3999938964844]"
turning_combined,1789045653.4395208,23.969563679,0.5580006195903302,0.8039698261666656,0.25,0.7,4.892203813301819,0.5875146417602005,-83.39,"[607.2000122070312, 441.20001220703125]"
turning_combined,1789045653.4894557,24.019498488,0.578035383213281,0.8083607987323616,0.25,0.7,5.111770508631054,0.5675728915176872,-64.56,"[607.2000122070312, 441.20001220703125]"
turning_combined,1789045653.5395525,24.069595303,0.6093148558487013,0.8128268628323932,0.25,0.7,5.332097077311701,0.5568350260024878,-72.63,"[624.0, 404.6000061035156]"
turning_combined,1789045653.5895126,24.119555301000002,0.650376889085438,0.8173387144176254,0.25,0.7,5.551872539012592,0.5553010452146021,-29.59,"[624.0, 404.6000061035156]"
turning_combined,1789045653.6394243,24.169467054000002,0.6994593540533068,0.8218988611455242,0.25,0.7,5.771373111356297,0.5660389107298016,0.0,"[637.0, 385.3999938964844]"
turning_combined,1789045653.6895278,24.219570552,0.754700931932723,0.8265288906594646,0.25,0.7,5.9917661504826185,0.5859806609723149,2.69,"[637.0, 385.3999938964844]"
turning_combined,1789045653.7392638,24.269306638,0.8130402868204097,0.8311738956677888,0.25,0.7,6.210587117167208,0.6227961998815703,2.69,"[627.5999755859375, 425.20001220703125]"
turning_combined,1789045653.7892253,24.319268063000003,0.8725773809160563,0.8358868839595288,0.25,0.7,0.1472940138998311,0.6611457195787114,59.18,"[627.5999755859375, 425.20001220703125]"
turning_combined,1789045653.8392296,24.369272310000003,0.9304027631343529,0.840643348984036,0.25,0.7,0.36723659513520346,0.7086991240031663,48.42,"[612.7999877929688, 481.3999938964844]"
turning_combined,1789045653.8894045,24.419447270000003,0.9840647727667934,0.8454508083407574,0.25,0.7,0.5877089739273558,0.765456413154935,2.69,"[612.7999877929688, 481.3999938964844]"
turning_combined,1789045653.9393964,24.469439262,1.0309414851222203,0.8502822024831685,0.25,0.7,0.8076098907326426,0.8237476830945893,10.76,"[557.7999877929688, 486.3999938964844]"
turning_combined,1789045653.989506,24.519548638,1.0692218001218583,0.8551573289203306,0.25,0.7,1.0279811190378112,0.8820389530342436,5.38,"[557.7999877929688, 486.3999938964844]"
turning_combined,1789045654.039509,24.569551956,1.0971331341760435,0.8600527777202305,0.25,0.7,1.247903389248357,0.9387962421860124,2.69,"[521.7999877929688, 507.20001220703125]"
turning_combined,1789045654.0894954,24.61953824,1.1136483382316102,0.8649740420051426,0.25,0.7,1.4677671234196268,0.9909515889741242,2.69,"[521.7999877929688, 507.20001220703125]"
turning_combined,1789045654.139233,24.669275992000003,1.1182211870591967,0.8698976739140614,0.25,0.7,1.686670877982145,1.0415729549743504,2.69,"[509.0, 510.3999938964844]"
turning_combined,1789045654.1891987,24.719241518,1.1109034838192338,0.8748645402560978,0.25,0.7,1.9065696748407035,1.0722525707320631,21.52,"[509.0, 510.3999938964844]"
turning_combined,1789045654.2393804,24.76942306,1.0921733439200267,0.8798621339633275,0.25,0.7,2.127039238765839,1.0952622825503477,34.97,"[476.0, 531.5999755859375]"
turning_combined,1789045654.2894979,24.819540828,1.0631937488991223,0.8848723413785368,0.25,0.7,2.3474176493801266,1.1044661672776617,40.35,"[476.0, 531.5999755859375]"
turning_combined,1789045654.3395088,24.869551602,1.0256791173226745,0.8898844251937,0.25,0.7,2.5673741861983856,1.1044661672776617,0.0,"[485.3999938964844, 529.7999877929688]"
turning_combined,1789045654.3895073,24.919549996,0.9816417077674389,0.8949034631270626,0.25,0.7,2.7872723409154005,1.0937283017624622,-2.69,"[485.3999938964844, 529.7999877929688]"
turning_combined,1789045654.439494,24.969536907000002,0.9334441956530417,0.8999263791074996,0.25,0.7,3.007116445787453,1.0753205323078345,-8.07,"[479.3999938964844, 525.4000244140625]"
turning_combined,1789045654.4894428,25.019485844000002,0.8836840251407477,0.9049462999299273,0.25,0.7,3.2267446195716403,1.047708878125893,-16.14,"[479.3999938964844, 525.4000244140625]"
turning_combined,1789045654.539252,25.069294921,0.835028339438814,0.9099560745592185,0.25,0.7,3.4459823053270426,1.004757416065095,-16.14,"[487.6000061035156, 516.0]"
turning_combined,1789045654.589224,25.119266801000002,0.789828964501888,0.914976367696181,0.25,0.7,3.665872389292538,0.9648739155800683,-78.01,"[487.6000061035156, 516.0]"
turning_combined,1789045654.639216,25.169258860000003,0.7506407434854607,0.919990231872181,0.25,0.7,3.88581227001486,0.9157865303677277,-16.14,"[502.6000061035156, 493.6000061035156]"
turning_combined,1789045654.689294,25.219336955000003,0.7195734060463054,0.9249985677729269,0.25,0.7,4.105981298505334,0.8666991451553873,-10.76,"[502.6000061035156, 493.6000061035156]"
turning_combined,1789045654.7393956,25.269438421,0.6984088905171852,0.9299932778674502,0.25,0.7,4.326163640437166,0.8206797215188181,-26.9,"[534.5999755859375, 477.79998779296875]"
turning_combined,1789045654.7894242,25.319467166000003,0.6884122393670045,0.9349673286894082,0.25,0.7,4.546187861612502,0.7792622402459057,-5.38,"[534.5999755859375, 477.79998779296875]"
turning_combined,1789045654.8394215,25.369464245000003,0.6902778676652075,0.939917832945458,0.25,0.7,4.7660636425349665,0.7393787397608791,-2.69,"[576.5999755859375, 455.0]"
turning_combined,1789045654.8894043,25.419447054000003,0.7041400738887462,0.9448449022224262,0.25,0.7,4.9859338552986046,0.7117670855789375,-2.69,"[576.5999755859375, 455.0]"
turning_combined,1789045654.9392996,25.469342631,0.7295404216419924,0.9497415987958667,0.25,0.7,5.205626221245488,0.6918253353364242,-2.69,"[599.2000122070312, 474.20001220703125]"
turning_combined,1789045654.9892125,25.519255239000003,0.7654692199094997,0.9546055755910876,0.25,0.7,5.42517116293056,0.6902913545485385,0.0,"[599.2000122070312, 474.20001220703125]"
turning_combined,1789045655.0392492,25.569292039,0.8105519311562511,0.9594475602833418,0.25,0.7,5.645194693583839,0.6979612584879668,8.07,"[580.0, 459.3999938964844]"
turning_combined,1789045655.089468,25.619510915000003,0.8629196579545084,0.9642661701672125,0.25,0.7,5.8657842104279965,0.7117670855789375,29.59,"[580.0, 459.3999938964844]"
turning_combined,1789045655.139506,25.669548961,0.9200459621371738,0.969036621867998,0.25,0.7,6.085946280919067,0.7378447589729934,37.66,"[568.2000122070312, 476.6000061035156]"
turning_combined,1789045655.1894727,25.719515524000002,0.9793880455932833,0.9737567990738514,0.25,0.7,0.022526891281884787,0.7731263170943632,26.9,"[568.2000122070312, 476.6000061035156]"
turning_combined,1789045655.239412,25.769454788,1.0383745669072986,0.9784291308890266,0.25,0.7,0.24214103031505374,0.8191457407309324,8.07,"[529.4000244140625, 484.20001220703125]"
turning_combined,1789045655.2894301,25.819473000000002,1.0945088021010834,0.9830603517979128,0.25,0.7,0.4620608595081137,0.8728350683069298,5.38,"[529.4000244140625, 484.20001220703125]"
turning_combined,1789045655.3393717,25.869414318,1.1451824488654847,0.9876369969418242,0.25,0.7,0.6817873425228953,0.9387962421860124,5.38,"[514.2000122070312, 494.6000061035156]"
turning_combined,1789045655.389268,25.919310709,1.1881928381847728,0.9921562893650886,0.25,0.7,0.9013191027135008,0.9940195505498954,2.69,"[514.2000122070312, 494.6000061035156]"
turning_combined,1789045655.4392564,25.969299353,1.2217972544421256,0.9966288800826315,0.25,0.7,1.1213170972450541,1.0492428589137786,26.9,"[492.6000061035156, 537.2000122070312]"
turning_combined,1789045655.489269,26.019311961000003,1.244483790419324,1.0010410855563134,0.25,0.7,1.341254822834813,1.1013982057018903,48.42,"[492.6000061035156, 537.2000122070312]"
turning_combined,1789045655.5394316,26.069474287000002,1.255390846397268,1.0054012022607812,0.25,0.7,1.5616942676828671,1.145883648550574,86.08,"[491.3999938964844, 536.0]"
turning_combined,1789045655.5894709,26.119513636,1.2541448769762087,1.0096900530136494,0.25,0.7,1.7818090747974225,1.1826991874598294,112.98,"[491.3999938964844, 536.0]"
turning_combined,1789045655.639474,26.169516891,1.2410608851763667,1.013905665956125,0.25,0.7,2.0016228714685127,1.2118448224296565,115.67,"[451.79998779296875, 561.2000122070312]"
turning_combined,1789045655.6895096,26.2195526,1.2169316549869367,1.0180574396744195,0.25,0.7,2.2217655545629924,1.2302525918842842,123.74,"[451.79998779296875, 561.2000122070312]"
turning_combined,1789045655.739302,26.269344836000002,1.1832773554783087,1.0221207829605368,0.25,0.7,2.4410583017562004,1.2379224958237125,123.74,"[439.3999938964844, 573.0]"
turning_combined,1789045655.7892106,26.319253210000003,1.141785526632158,1.0261131859899382,0.25,0.7,2.660566232338212,1.2363885150358267,0.0,"[439.3999938964844, 573.0]"
turning_combined,1789045655.8392415,26.369284330000003,1.094549788595127,1.0300372022847928,0.25,0.7,2.880588997699519,1.2210487071569704,-2.69,"[423.3999938964844, 556.7999877929688]"
turning_combined,1789045655.8894389,26.419481691,1.0440179068704762,1.0338887285460516,0.25,0.7,3.1010648466949107,1.1965050145508,-2.69,"[423.3999938964844, 556.7999877929688]"
turning_combined,1789045655.9395833,26.46962603,0.9929107609253661,1.037657289398207,0.25,0.7,3.321548480556899,1.1642914180052018,-2.69,"[436.20001220703125, 570.5999755859375]"
turning_combined,1789045655.9895616,26.519604173,0.9440196354200147,1.0413299248060268,0.25,0.7,3.5414002911274167,1.1244079175201749,-13.45,"[436.20001220703125, 570.5999755859375]"
turning_combined,1789045656.0395339,26.569576780000002,0.8997254473361812,1.0449152611211356,0.25,0.7,3.7612536938570855,1.081456455459377,-26.9,"[451.0, 549.2000122070312]"
turning_combined,1789045656.0895536,26.619596307000002,0.8623179112129047,1.0484123943653962,0.25,0.7,3.9811954350305854,1.033903051034922,-67.25,"[451.0, 549.2000122070312]"
turning_combined,1789045656.1392436,26.669286528,0.8339044661960399,1.051800558086509,0.25,0.7,4.200017532060215,0.9756117810952678,-67.25,"[485.0, 527.5999755859375]"
turning_combined,1789045656.189215,26.719257542,0.815731264057283,1.0551108435797147,0.25,0.7,4.419862336250787,0.9265243958829272,-16.14,"[485.0, 527.5999755859375]"
turning_combined,1789045656.2394626,26.769505310000003,0.8089820795793663,1.0583372242954256,0.25,0.7,4.640548451414176,0.8820389530342436,-2.69,"[514.2000122070312, 496.20001220703125]"
turning_combined,1789045656.2894585,26.819501326,0.8141849300227706,1.061452708839349,0.25,0.7,4.86036769309365,0.8513593372765309,-5.38,"[514.2000122070312, 496.20001220703125]"
turning_combined,1789045656.339408,26.869450696,0.8311765809448388,1.0644667246535615,0.25,0.7,5.080077907056719,0.8252816638824749,-2.69,"[547.0, 487.6000061035156]"
turning_combined,1789045656.389268,26.919310509000002,0.8592612878773009,1.0673770999034045,0.25,0.7,5.299646704739757,0.8099418560036186,24.21,"[547.0, 487.6000061035156]"
turning_combined,1789045656.4394424,26.969485123000002,0.8974040784723657,1.0701949161497069,0.25,0.7,5.520087759339887,0.8145437983672754,0.0,"[556.2000122070312, 504.0]"
turning_combined,1789045656.4895325,27.019575367,0.9437850719452008,1.0729056392926162,0.25,0.7,5.740447539053108,0.8252816638824749,5.38,"[556.2000122070312, 504.0]"
turning_combined,1789045656.5392792,27.06932215,0.9959503226883938,1.075492206947415,0.25,0.7,5.959389355895581,0.8436894333371027,5.38,"[537.7999877929688, 479.0]"
turning_combined,1789045656.5892367,27.119279569000003,1.0520254343091007,1.077980169057814,0.25,0.7,6.179178957905009,0.8728350683069298,2.69,"[537.7999877929688, 479.0]"
turning_combined,1789045656.6392379,27.169280817,1.1092893688473195,1.0803597911409106,0.25,0.7,0.11597813829352077,0.9111845880040709,5.38,"[526.5999755859375, 489.79998779296875]"
turning_combined,1789045656.6894128,27.219455654,1.1651885267449769,1.0826331015422552,0.25,0.7,0.33653844209590744,0.9541360500648688,5.38,"[526.5999755859375, 489.79998779296875]"
turning_combined,1789045656.739536,27.269578854000002,1.2169194457030632,1.0847899478765803,0.25,0.7,0.5568538612642229,1.0032234352772094,21.52,"[487.79998779296875, 499.20001220703125]"
turning_combined,1789045656.7895207,27.319563625,1.2620606341109966,1.0868273683028036,0.25,0.7,0.7767048845516129,1.0584467436410925,34.97,"[487.79998779296875, 499.20001220703125]"
turning_combined,1789045656.839468,27.369510669,1.2986118692317672,1.0887465022942733,0.25,0.7,0.9962914554809359,1.1136700520049756,51.11,"[484.79998779296875, 521.2000122070312]"
turning_combined,1789045656.8895504,27.419593232,1.3250402295541803,1.09055476579009,0.25,0.7,1.216647056875921,1.1642914180052018,88.77,"[484.79998779296875, 521.2000122070312]"
turning_combined,1789045656.9392328,27.469275621,1.3399440056624168,1.0922321954545309,0.25,0.7,1.4353950305401568,1.217980745581199,88.77,"[449.6000061035156, 567.4000244140625]"
turning_combined,1789045656.9892359,27.51927853,1.3429069837698324,1.0937994056028848,0.25,0.7,1.6553163023525528,1.2563302652783401,142.57,"[449.6000061035156, 567.4000244140625]"
turning_combined,1789045657.0392118,27.569254555,1.3337601947592854,1.0952451317459493,0.25,0.7,1.875085219487623,1.2870098810360528,164.09,"[430.0, 572.5999755859375]"
turning_combined,1789045657.0894408,27.619483614,1.3129060594834194,1.0965750017062283,0.25,0.7,2.095795749224159,1.3100195928543377,169.47,"[430.0, 572.5999755859375]"
turning_combined,1789045657.1395686,27.669611258000003,1.2814777722995816,1.097780312675376,0.25,0.7,2.316235862603129,1.3161555160058802,180.23,"[404.3999938964844, 590.5999755859375]"
turning_combined,1789045657.1894138,27.719456547,1.2412666659468417,1.0988566782464615,0.25,0.7,2.5355249372745234,1.3161555160058802,80.7,"[404.3999938964844, 590.5999755859375]"
turning_combined,1789045657.2395153,27.769558133,1.1938792440287425,1.0998141902603,0.25,0.7,2.7558360857617785,1.3115535736422232,-2.69,"[419.0, 588.5999755859375]"
turning_combined,1789045657.2895253,27.819568157000003,1.1418963280660366,1.1006458381214905,0.25,0.7,2.975832655266906,1.2885438618239387,-2.69,"[419.0, 588.5999755859375]"
turning_combined,1789045657.3392396,27.869282268000003,1.0880778748747277,1.1013492534821552,0.25,0.7,3.194703132823399,1.2517283229146832,-2.69,"[410.6000061035156, 575.4000244140625]"
turning_combined,1789045657.3892217,27.919264622,1.0345314127120466,1.1019309192130033,0.25,0.7,3.414568230445873,1.213378803217542,-2.69,"[410.6000061035156, 575.4000244140625]"
turning_combined,1789045657.439475,27.969517773000003,0.983921670907882,1.102388483978595,0.25,0.7,3.635269897749531,1.1704273411567443,-2.69,"[435.79998779296875, 575.2000122070312]"
turning_combined,1789045657.489463,28.019505995000003,0.93909900156825,1.1027181268197572,0.25,0.7,3.8550826828277778,1.1213399559444037,-18.83,"[435.79998779296875, 575.2000122070312]"
turning_combined,1789045657.539508,28.069550956,0.9019600021751055,1.1029220135497897,0.25,0.7,4.075328983816114,1.0737865515199487,-48.42,"[456.79998779296875, 546.2000122070312]"
turning_combined,1789045657.5894997,28.119542674,0.8744410047737503,1.1029992168512168,0.25,0.7,4.295203194570568,1.0231651855197226,-78.01,"[456.79998779296875, 546.2000122070312]"
turning_combined,1789045657.639499,28.169541786000003,0.8577988220389269,1.102950118238021,0.25,0.7,4.515118432011796,0.9740778003073821,-53.8,"[487.3999938964844, 531.2000122070312]"
turning_combined,1789045657.6895428,28.219585665,0.8528394734574524,1.1027745676493135,0.25,0.7,4.735176453582504,0.9280583766708129,-16.14,"[487.3999938964844, 531.2000122070312]"
turning_combined,1789045657.7393374,28.269380168,0.8597574254917701,1.102474110740664,0.25,0.7,4.9543634673333585,0.8866408953979006,-16.14,"[523.5999755859375, 498.79998779296875]"
turning_combined,1789045657.7892094,28.319252285,0.87819740264941,1.1020478169572145,0.25,0.7,5.1738528461824345,0.8666991451553873,0.0,"[523.5999755859375, 498.79998779296875]"
turning_combined,1789045657.8392375,28.369280269,0.9073337824479485,1.1014948213298863,0.25,0.7,5.3938643740668155,0.859029241215959,0.0,"[536.2000122070312, 508.6000061035156]"
turning_combined,1789045657.8892562,28.419299217000002,0.9456949036080127,1.1008165180878868,0.25,0.7,5.61382244586725,0.8605632220038447,2.69,"[536.2000122070312, 508.6000061035156]"
turning_combined,1789045657.939441,28.46948374,0.9915134295651389,1.1000113028777823,0.25,0.7,5.8342667551573655,0.868233125943273,8.07,"[531.7999877929688, 494.3999938964844]"
turning_combined,1789045657.9895153,28.519558078000003,1.0424213135983227,1.0990817409485845,0.25,0.7,6.054557029646396,0.8835729338221293,18.83,"[531.7999877929688, 494.3999938964844]"
turning_combined,1789045658.039556,28.569598845,1.0958870754248802,1.0980290678268383,0.25,0.7,6.27461723273904,0.9142525495798421,5.38,"[520.7999877929688, 505.79998779296875]"
turning_combined,1789045658.0894918,28.619534735000002,1.1492380714772061,1.096855273755402,0.25,0.7,0.21109548310170112,0.9526020692769832,5.38,"[520.7999877929688, 505.79998779296875]"
turning_combined,1789045658.1393254,28.669368168000002,1.1998835979218492,1.095561153313513,0.25,0.7,0.43046098581085346,1.0062913968529805,5.38,"[499.79998779296875, 519.2000122070312]"
turning_combined,1789045658.1892319,28.719274887,1.245435239888406,1.0941450602885863,0.25,0.7,0.6499677332690794,1.0538448012774355,26.9,"[499.79998779296875, 519.2000122070312]"
turning_combined,1789045658.2392316,28.769274389000003,1.283679987843968,1.0926051937704275,0.25,0.7,0.8699538481821634,1.1044661672776617,45.73,"[482.6000061035156, 517.2000122070312]"
turning_combined,1789045658.2892401,28.819283079,1.312588560042766,1.0909459738837817,0.25,0.7,1.0898776973571813,1.1520195717021164,88.77,"[482.6000061035156, 517.2000122070312]"
turning_combined,1789045658.339387,28.869429813000004,1.3307243106951923,1.0891646295783122,0.25,0.7,1.3102086246834688,1.1965050145508,123.74,"[458.0, 557.7999877929688]"
turning_combined,1789045658.3894978,28.919540633,1.3370627757050375,1.0872646903397665,0.25,0.7,1.530602613827412,1.2363885150358267,107.6,"[458.0, 557.7999877929688]"
turning_combined,1789045658.4394903,28.969533325,1.3312282464417131,1.0852527975489692,0.25,0.7,1.7504714939274493,1.2732040539450822,145.26,"[422.3999938964844, 594.5999755859375]"
turning_combined,1789045658.489453,29.019495896000002,1.3134614230036574,1.083128242422054,0.25,0.7,1.970097969994967,1.2977477465512524,156.02,"[422.3999938964844, 594.5999755859375]"
turning_combined,1789045658.5393214,29.069364159000003,1.2845072791175183,1.0808896631116678,0.25,0.7,2.189776714624429,1.3130875544301088,156.02,"[413.6000061035156, 610.0]"
turning_combined,1789045658.5892353,29.119278015000003,1.245679621688694,1.0785403804768894,0.25,0.7,2.4093260105569243,1.3130875544301088,94.14999999999999,"[413.6000061035156, 610.0]"
turning_combined,1789045658.6393864,29.169429242000003,1.1985323632006726,1.0760713501623516,0.25,0.7,2.629681787881111,1.3100195928543377,-5.38,"[422.0, 581.2000122070312]"
turning_combined,1789045658.689429,29.219472003000003,1.145444836013045,1.073496924018422,0.25,0.7,2.849672525333631,1.2900778426118242,-2.69,"[422.0, 581.2000122070312]"
turning_combined,1789045658.739443,29.269485821000004,1.0887908011993934,1.0708151689147938,0.25,0.7,3.069628024169674,1.260932207641997,-2.69,"[425.3999938964844, 578.0]"
turning_combined,1789045658.7895198,29.319562542000003,1.0310853489034855,1.068023444281767,0.25,0.7,3.2898879772630494,1.2241166687327416,-2.69,"[425.3999938964844, 578.0]"
turning_combined,1789045658.8395014,29.369544304,0.9751413470882984,1.0651315643240258,0.25,0.7,3.509818604110052,1.1780972450961724,-8.07,"[419.6000061035156, 574.2000122070312]"
turning_combined,1789045658.8895564,29.419599098000003,0.9234007428030498,1.0621354231972215,0.25,0.7,3.729881956335163,1.1259418983080607,-10.76,"[419.6000061035156, 574.2000122070312]"
turning_combined,1789045658.9392354,29.469278244,0.8785003782119977,1.0590576831399519,0.25,0.7,3.9486126009743145,1.0661166475805206,-10.76,"[461.79998779296875, 541.0]"
turning_combined,1789045658.9892266,29.519269486000002,0.8419318464818702,1.0558645783385936,0.25,0.7,4.168554482891153,1.0139613007924089,-99.53,"[461.79998779296875, 541.0]"
turning_combined,1789045659.039436,29.569479034,0.8155208400402687,1.052566380486531,0.25,0.7,4.3890574425745115,0.9633399347921826,-43.04,"[497.3999938964844, 504.0]"
turning_combined,1789045659.0894322,29.619475107000003,0.8005177065965419,1.049182244184131,0.25,0.7,4.608980931094692,0.9111845880040709,-2.69,"[497.3999938964844, 504.0]"
turning_combined,1789045659.139375,29.669417709,0.7973993108210683,1.0457076299329224,0.25,0.7,4.828788024863684,0.868233125943273,-2.69,"[529.4000244140625, 515.0]"
turning_combined,1789045659.1895251,29.719568012000003,0.806186605214233,1.0421313184035859,0.25,0.7,5.049304381554748,0.8360195293976744,-8.07,"[529.4000244140625, 515.0]"
turning_combined,1789045659.2395544,29.769597151000003,0.826247219745464,1.0384761601195331,0.25,0.7,5.269254835621297,0.8084078752157329,0.0,"[549.4000244140625, 488.6000061035156]"
turning_combined,1789045659.2895184,29.819561304,0.8564270497271389,1.0347376993996273,0.25,0.7,5.489071697858492,0.7946020481247621,0.0,"[549.4000244140625, 488.6000061035156]"
turning_combined,1789045659.3393385,29.869381524,0.8950037694096347,1.0309253500016373,0.25,0.7,5.708362215149236,0.7992039904884191,0.0,"[560.4000244140625, 480.6000061035156]"
turning_combined,1789045659.3892343,29.919276973000002,0.940069491169279,1.027027746919837,0.25,0.7,5.927926500248589,0.8114758367915041,16.14,"[560.4000244140625, 480.6000061035156]"
turning_combined,1789045659.4393852,29.969428064000002,0.989411105375576,1.023037815240839,0.25,0.7,6.14826954469774,0.8329515678219032,16.14,"[573.0, 491.3999938964844]"
turning_combined,1789045659.4894557,30.019498553000002,1.0402533653669381,1.0189757471116594,0.25,0.7,0.08521356318900786,0.8651651643675016,5.38,"[573.0, 491.3999938964844]"
turning_combined,1789045659.5394561,30.069499004,1.0899619206747657,1.0148431658556778,0.25,0.7,0.30519064853650235,0.9035146840646426,8.07,"[556.5999755859375, 487.0]"
turning_combined,1789045659.5894637,30.119506402000003,1.1359683888103387,1.0106409798664209,0.25,0.7,0.525111674048027,0.9480001269133262,2.69,"[556.5999755859375, 487.0]"
turning_combined,1789045659.6395135,30.169556376000003,1.1759076701325786,1.0063662815149976,0.25,0.7,0.745263597823147,0.9955535313377811,10.76,"[509.3999938964844, 498.3999938964844]"
turning_combined,1789045659.6894588,30.219501496000003,1.2075375203621823,1.002035880706647,0.25,0.7,0.9649256159849884,1.0461748973380072,18.83,"[509.3999938964844, 498.3999938964844]"
turning_combined,1789045659.7393236,30.269366383,1.2292203397255181,0.9976454299662293,0.25,0.7,1.184470359749703,1.1013982057018903,18.83,"[486.20001220703125, 524.0]"
turning_combined,1789045659.7894473,30.319490129000002,1.2397428119910892,0.9931795100457493,0.25,0.7,1.404793893651835,1.141281706186917,80.7,"[486.20001220703125, 524.0]"
turning_combined,1789045659.8394418,30.369484664,1.2383080703724756,0.98866876035629,0.25,0.7,1.624519822489681,1.1734953027325155,102.22,"[454.0, 551.4000244140625]"
turning_combined,1789045659.8895276,30.419570576,1.2247620594428175,0.9840914275941129,0.25,0.7,1.8448470860906312,1.1980389953386859,102.22,"[454.0, 551.4000244140625]"
turning_combined,1789045659.9395225,30.469565146,1.1995797512026467,0.9794704028023018,0.25,0.7,2.064808786430582,1.2164467647933135,102.22,"[433.6000061035156, 566.4000244140625]"
turning_combined,1789045659.989547,30.51958982,1.1637407695064101,0.9748008669155023,0.25,0.7,2.284779331610487,1.222582687944856,110.28999999999999,"[433.6000061035156, 566.4000244140625]"
turning_combined,1789045660.0395286,30.569571253000003,1.118787993365489,0.9700895380657683,0.25,0.7,2.504583509353189,1.2210487071569704,0.0,"[432.6000061035156, 571.7999877929688]"
turning_combined,1789045660.089382,30.619424848,1.066770363495489,0.9653474008024113,0.25,0.7,2.723857009893159,1.2072428800659996,-2.69,"[432.6000061035156, 571.7999877929688]"
turning_combined,1789045660.1393192,30.669362023,1.0096879858231629,0.9605522889531326,0.25,0.7,2.943761973069776,1.1765632643082868,-2.69,"[432.0, 564.4000244140625]"
turning_combined,1789045660.1892164,30.719259274000002,0.9503099223057155,0.9557295194537226,0.25,0.7,3.163272740509946,1.141281706186917,-8.07,"[432.0, 564.4000244140625]"
turning_combined,1789045660.2393649,30.769407758000003,0.8909502801967937,0.9508561012398101,0.25,0.7,3.3835704656001226,1.0967962633382335,-29.59,"[462.0, 544.7999877929688]"
turning_combined,1789045660.2893527,30.819395315,0.8345547137066516,0.9459613165416283,0.25,0.7,3.603466522361579,1.0492428589137786,-53.8,"[462.0, 544.7999877929688]"
turning_combined,1789045660.3396277,30.869670470000003,0.783305889796314,0.9410195563771203,0.25,0.7,3.8242468871895383,0.9970875121256667,-107.6,"[474.79998779296875, 514.5999755859375]"
turning_combined,1789045660.3894982,30.919540989,0.7398948034798851,0.9360797111240793,0.25,0.7,4.043868599974282,0.9387962421860124,-53.8,"[474.79998779296875, 514.5999755859375]"
turning_combined,1789045660.4394794,30.969522181000002,0.7058605765468007,0.9311143575689234,0.25,0.7,4.263696651307875,0.8743690490948155,-2.69,"[532.0, 491.0]"
turning_combined,1789045660.4895225,31.019565278,0.6826284586981106,0.9261250741426669,0.25,0.7,4.483797155379399,0.8176117599430467,-18.83,"[532.0, 491.0]"
turning_combined,1789045660.5393243,31.069367162000002,0.6711510144845468,0.921140144297885,0.25,0.7,4.703063631946527,0.7639224323670493,-18.83,"[579.4000244140625, 483.79998779296875]"
turning_combined,1789045660.5892298,31.119272841,0.6716394711076568,0.9161388113831163,0.25,0.7,4.922549879256032,0.7255729126699083,-2.69,"[579.4000244140625, 483.79998779296875]"
turning_combined,1789045660.639398,31.1694408,0.6839283412856728,0.9111075182983877,0.25,0.7,5.142985999042402,0.6948932969121955,-2.69,"[593.5999755859375, 474.20001220703125]"
turning_combined,1789045660.689513,31.219555964,0.70720283504529,0.9060717392754705,0.25,0.7,5.363393266441854,0.6764855274575677,0.0,"[593.5999755859375, 474.20001220703125]"
turning_combined,1789045660.7395072,31.269550124000002,0.7400111458217854,0.901045697984698,0.25,0.7,5.583289217645792,0.6718835850939109,-5.38,"[617.2000122070312, 466.20001220703125]"
turning_combined,1789045660.789559,31.319601803,0.780607662355557,0.8960172624351488,0.25,0.7,5.803344010915886,0.6749515466696822,5.38,"[617.2000122070312, 466.20001220703125]"
turning_combined,1789045660.8395393,31.369582016000003,0.8267357970567479,0.8909972986150043,0.25,0.7,6.023221054130268,0.6872233929727672,16.14,"[599.0, 470.20001220703125]"
turning_combined,1789045660.8895113,31.419554124,0.8759507695367224,0.8859864208897472,0.25,0.7,6.2430319127838985,0.7102331047910518,24.21,"[599.0, 470.20001220703125]"
turning_combined,1789045660.9393523,31.469394982,0.9255682066492201,0.8809955607798942,0.25,0.7,0.179248925894413,0.7516505860639642,24.21,"[579.5999755859375, 487.79998779296875]"
turning_combined,1789045660.9892151,31.519258001,0.9730601381599442,0.8760187880780759,0.25,0.7,0.3986400658845781,0.7930680673368765,10.76,"[579.5999755859375, 487.79998779296875]"
turning_combined,1789045661.0394263,31.569469243,1.0161169186842252,0.8710340571768425,0.25,0.7,0.6191356233473329,0.8390874909734457,5.38,"[551.5999755859375, 487.0]"
turning_combined,1789045661.089437,31.619479867000003,1.05210028389069,0.8660802820846342,0.25,0.7,0.839156734974253,0.885106914610015,5.38,"[551.5999755859375, 487.0]"
turning_combined,1789045661.1395314,31.669574163000004,1.079170420254001,0.8611426408240397,0.25,0.7,1.0595003687861748,0.9326603190344698,2.69,"[531.2000122070312, 489.79998779296875]"
turning_combined,1789045661.1894956,31.719538544000002,1.095695269185188,0.8562445686636322,0.25,0.7,1.2792578197363724,0.9771457618831534,2.69,"[531.2000122070312, 489.79998779296875]"
turning_combined,1789045661.2395403,31.769583052,1.1007312032229084,0.8513707324788375,0.25,0.7,1.4992532149141624,1.01702926236818,8.07,"[488.79998779296875, 500.20001220703125]"
turning_combined,1789045661.2894938,31.819536621,1.093803925507188,0.846538509905007,0.25,0.7,1.7188391393037108,1.0507768397016641,5.38,"[488.79998779296875, 500.20001220703125]"
turning_combined,1789045661.3393514,31.869394341000003,1.0750342963256436,0.8417412397714235,0.25,0.7,1.9384528385139248,1.0799224746714913,5.38,"[480.79998779296875, 514.0]"
turning_combined,1789045661.389211,31.919253789000003,1.0451194449805583,0.8369856309703072,0.25,0.7,2.1579240790636476,1.0906603401866908,0.0,"[480.79998779296875, 514.0]"
turning_combined,1789045661.4392436,31.969286326000002,1.0051460124285294,0.8322593771522783,0.25,0.7,2.3779647496181298,1.0875923786109196,-18.83,"[477.20001220703125, 531.2000122070312]"
turning_combined,1789045661.4892924,32.019335085,0.9569034526073877,0.8275799482660993,0.25,0.7,2.5979066403314306,1.0768545130957201,-5.38,"[477.20001220703125, 531.2000122070312]"
turning_combined,1789045661.5394564,32.069499055,0.9023299618725674,0.8229361686588327,0.25,0.7,2.818421470836782,1.0584467436410925,-5.38,"[471.0, 515.4000244140625]"
turning_combined,1789045661.5895329,32.119575586,0.8440329445278537,0.8183486696678036,0.25,0.7,3.0386739601343464,1.0277671278833795,-45.73,"[471.0, 515.4000244140625]"
turning_combined,1789045661.6394048,32.169447508000005,0.784782601119034,0.813832616723986,0.25,0.7,3.2580558154615886,0.9909515889741242,-102.22,"[483.0, 513.5999755859375]"
turning_combined,1789045661.6894908,32.219533571,0.7267464974372442,0.8093541382353935,0.25,0.7,3.478352379419121,0.944932165337555,-61.87,"[483.0, 513.5999755859375]"
turning_combined,1789045661.7393446,32.269387286000004,0.6729630659335922,0.804952219468332,0.25,0.7,3.6977853685650217,0.8759030298827011,-61.87,"[510.0, 482.6000061035156]"
turning_combined,1789045661.7892323,32.319274964,0.6255610971167198,0.8006109571958391,0.25,0.7,3.9172694607419913,0.8191457407309324,-32.28,"[510.0, 482.6000061035156]"
turning_combined,1789045661.8394675,32.369510367000004,0.5864566559301858,0.7963134731268792,0.25,0.7,4.137821179199975,0.7623884515791637,-32.28,"[567.2000122070312, 480.6000061035156]"
turning_combined,1789045661.889489,32.419531852,0.5576273041486262,0.7920910612675952,0.25,0.7,4.357989424805552,0.7086991240031663,-21.52,"[567.2000122070312, 480.6000061035156]"
turning_combined,1789045661.9395125,32.469555149,0.5401975370938011,0.7879423755560744,0.25,0.7,4.577969927577513,0.6580777580029401,-26.9,"[614.7999877929688, 455.3999938964844]"
turning_combined,1789045661.9895253,32.51956828,0.5347807814656635,0.7838674123687046,0.25,0.7,4.797895742761213,0.6151262959421421,-53.8,"[614.7999877929688, 455.3999938964844]"
turning_combined,1789045662.0395052,32.569548160000004,0.541437166582819,0.7798681147728707,0.25,0.7,5.017798845486666,0.581378718608658,-83.39,"[618.4000244140625, 427.6000061035156]"
turning_combined,1789045662.0895157,32.619558383000005,0.5596577819469561,0.7759460994395896,0.25,0.7,5.237729397563768,0.5583690067903734,-64.56,"[618.4000244140625, 427.6000061035156]"
turning_combined,1789045662.1393025,32.669345242,0.5882492685771581,0.7721190021769885,0.25,0.7,5.456812032527026,0.5476311412751739,-64.56,"[626.7999877929688, 390.3999938964844]"
turning_combined,1789045662.1892312,32.719273963,0.6258412601120342,0.7683624269919358,0.25,0.7,5.676576401892575,0.5491651220630596,-26.9,"[626.7999877929688, 390.3999938964844]"
turning_combined,1789045662.239443,32.769485782000004,0.6705192680033538,0.7646796081872711,0.25,0.7,5.897017328944045,0.5537670644267164,0.0,"[626.7999877929688, 388.3999938964844]"
turning_combined,1789045662.289518,32.819560955,0.7198278918160543,0.7610855773080281,0.25,0.7,6.117396126602543,0.5721748338813442,2.69,"[626.7999877929688, 388.3999938964844]"
turning_combined,1789045662.339523,32.86956591,0.7711125818923118,0.7575889166399593,0.25,0.7,0.05412107806815669,0.5997864880632857,2.69,"[613.0, 400.3999938964844]"
turning_combined,1789045662.3895223,32.919565203000005,0.821839321826249,0.7541839922417652,0.25,0.7,0.2740383738808916,0.6335340653967698,13.45,"[613.0, 400.3999938964844]"
turning_combined,1789045662.4395628,32.969605773000005,0.8694231006533969,0.7508714830355845,0.25,0.7,0.494062498295186,0.6749515466696822,59.18,"[606.5999755859375, 447.3999938964844]"
turning_combined,1789045662.4894028,33.019445515,0.9112582864562087,0.7476657761932667,0.25,0.7,0.7133492331083673,0.7240389318820226,24.21,"[606.5999755859375, 447.3999938964844]"
turning_combined,1789045662.5393596,33.069402495,0.9454413164707333,0.7445487928834309,0.25,0.7,0.933269203044766,0.786932144185334,24.21,"[575.5999755859375, 490.79998779296875]"
turning_combined,1789045662.5892303,33.119273124,0.9700010822309312,0.7415390016742269,0.25,0.7,1.1526625509462392,0.8329515678219032,2.69,"[575.5999755859375, 490.79998779296875]"
turning_combined,1789045662.6392686,33.16931163,0.9837296252656671,0.7386235673830979,0.25,0.7,1.3726046395798832,0.8774370106705868,2.69,"[546.2000122070312, 492.79998779296875]"
turning_combined,1789045662.6892653,33.219308161,0.9857533252272114,0.7358123151634137,0.25,0.7,1.5925204619856785,0.9173205111556134,2.69,"[546.2000122070312, 492.79998779296875]"
turning_combined,1789045662.7393913,33.269434173,0.9758177162472579,0.7331023637200975,0.25,0.7,1.8127930599894952,0.9495341077012119,2.69,"[521.0, 519.7999877929688]"
turning_combined,1789045662.7894342,33.319477022,0.9542957455032935,0.7305033655459763,0.25,0.7,2.032781272858152,0.9679418771558396,2.69,"[521.0, 519.7999877929688]"
turning_combined,1789045662.839283,33.369325795,0.9221731396986315,0.7280184588526741,0.25,0.7,2.252312091827598,0.9756117810952678,-2.69,"[501.6000061035156, 494.0]"
turning_combined,1789045662.8894482,33.419490748,0.8806502406416593,0.7256339326289333,0.25,0.7,2.4727668073292293,0.9725438195194965,-16.14,"[501.6000061035156, 494.0]"
turning_combined,1789045662.9393423,33.469385123,0.8319500573496007,0.7233711076642942,0.25,0.7,2.6923140976689623,0.9587379924285258,-16.14,"[496.0, 486.20001220703125]"
turning_combined,1789045662.9892678,33.51931065,0.7781288780994956,0.7212205564026756,0.25,0.7,2.9119461858776035,0.9357282806102412,-61.87,"[496.0, 486.20001220703125]"
turning_combined,1789045663.0392866,33.569329535,0.7216029298314351,0.7191815680307553,0.25,0.7,3.13190705495213,0.9035146840646426,-67.25,"[507.6000061035156, 476.79998779296875]"
turning_combined,1789045663.08942,33.619463062,0.6649686736295436,0.7172551242217585,0.25,0.7,3.3522940157249863,0.8620972027917303,-40.35,"[507.6000061035156, 476.79998779296875]"
turning_combined,1789045663.1392806,33.669323244000005,0.6111935976096193,0.7154536681857766,0.25,0.7,3.5717791150965397,0.8130098175793898,-26.9,"[532.4000244140625, 484.79998779296875]"
turning_combined,1789045663.1892471,33.719289964000005,0.5624760365040078,0.7137679554410046,0.25,0.7,3.7915691261413187,0.7593204900033924,-32.28,"[532.4000244140625, 484.79998779296875]"
turning_combined,1789045663.2392578,33.769300513000005,0.5211267841726039,0.7122003997789877,0.25,0.7,4.011539191914174,0.7040971816395093,-26.9,"[587.5999755859375, 460.3999938964844]"
turning_combined,1789045663.2894218,33.819464568,0.48904972253311374,0.7107504944074998,0.25,0.7,4.231973719541394,0.6488738732756262,-43.04,"[587.5999755859375, 460.3999938964844]"
turning_combined,1789045663.3393245,33.869367371,0.4678735045067235,0.7094266659536692,0.25,0.7,4.451700079405747,0.5905826033359719,-43.04,"[623.7999877929688, 450.3999938964844]"
turning_combined,1789045663.3892488,33.919291675000004,0.45843608887794596,0.7082253944024547,0.25,0.7,4.6713305754552366,0.5506991028509451,-121.05,"[623.7999877929688, 450.3999938964844]"
turning_combined,1789045663.4392643,33.969307307,0.46113272568156216,0.7071456141604484,0.25,0.7,4.891224208792117,0.5154175447295755,-121.05,"[641.4000244140625, 395.20001220703125]"
turning_combined,1789045663.489358,34.019400871,0.4758283459310625,0.706188311807652,0.25,0.7,5.111414946944471,0.48933987133551954,-118.36,"[641.4000244140625, 395.20001220703125]"
turning_combined,1789045663.5394773,34.069520298,0.5018073988625349,0.7053547691532536,0.25,0.7,5.331853485757186,0.4740000634566631,-123.74,"[645.2000122070312, 357.0]"
turning_combined,1789045663.5895758,34.11961848,0.5134475369011271,0.7046481225742343,0.28626859356999995,0.7,5.551793322497211,0.4724660826687775,-88.77,"[645.2000122070312, 357.0]"
turning_combined,1789045663.6394339,34.169476628000005,0.5639425181370946,0.7040676814670875,0.28610219141,0.7,5.7713557999241445,0.4740000634566631,-48.42,"[648.0, 339.3999938964844]"
turning_combined,1789045663.6894166,34.21945944,0.621324563825875,0.7036118551492083,0.28593551924666666,0.7,5.99127453835623,0.48627190975974827,2.69,"[648.0, 339.3999938964844]"
turning_combined,1789045663.7392962,34.269338804,0.6825849147475729,0.7032825811568514,0.28576922553,0.7,6.21069392817585,0.5092816215780329,2.69,"[633.5999755859375, 340.0]"
turning_combined,1789045663.7892506,34.319293611,0.7449970298488244,0.7030786480179803,0.28560264699666665,0.7,0.14730381755387612,0.5399612373357456,2.69,"[633.5999755859375, 340.0]"
turning_combined,1789045663.839268,34.369310746000004,0.8055052396271261,0.70300084128436,0.28543590114666667,0.7,0.36731978325204295,0.5829126993965437,13.45,"[622.5999755859375, 386.79998779296875]"
turning_combined,1789045663.8892703,34.419313272000004,0.861101984917723,0.7030494183906179,0.2852692447233333,0.7,0.587217753243408,0.6320000846088841,34.97,"[622.5999755859375, 386.79998779296875]"
turning_combined,1789045663.939292,34.469334884000006,0.9091720354489512,0.7032243795644536,0.28510251371,0.7,0.8072141424211168,0.6872233929727672,56.49,"[610.2000122070312, 459.0]"
turning_combined,1789045663.989359,34.519401778,0.9474026759216131,0.703525755082939,0.2849357212233333,0.7,1.0272916437512265,0.7485826244881929,5.38,"[610.2000122070312, 459.0]"
turning_combined,1789045664.039298,34.569341083000005,0.9739222222150218,0.7039524597322172,0.2847692189466667,0.7,1.2469862220076493,0.8145437983672754,2.69,"[556.7999877929688, 505.6000061035156]"
turning_combined,1789045664.0896947,34.619737594,0.9876073254268843,0.7045083024317458,0.2846017251933333,0.7,1.4679890229052148,0.868233125943273,2.69,"[556.7999877929688, 505.6000061035156]"
turning_combined,1789045664.1393566,34.669399224,0.9876983933280101,0.7051843980899303,0.28443566248666663,0.7,1.6871036022108967,0.9173205111556134,2.69,"[535.2000122070312, 512.0]"
turning_combined,1789045664.1892762,34.719319197000004,0.974371300225623,0.7059863154172371,0.2842692567333333,0.7,1.9066708209294632,0.9510680884890975,2.69,"[535.2000122070312, 512.0]"
turning_combined,1789045664.23928,34.769322789,0.9482568986697042,0.706913772183078,0.28410259988666664,0.7,2.126569349496009,0.9740778003073821,2.69,"[515.4000244140625, 510.3999938964844]"
turning_combined,1789045664.2893016,34.81934433,0.9106401058090414,0.7079661425871631,0.28393578193666663,0.7,2.3466804489029016,0.9817477042468103,-29.59,"[515.4000244140625, 510.3999938964844]"
turning_combined,1789045664.3392997,34.869342472,0.863489519958064,0.7091401983505099,0.28376919671,0.7,2.566484477105803,0.9771457618831534,-10.76,"[501.3999938964844, 503.6000061035156]"
turning_combined,1789045664.3894494,34.919492168000005,0.8089194364545128,0.7104407502741366,0.28360209977666667,0.7,2.786963686348713,0.961805954004297,-53.8,"[501.3999938964844, 503.6000061035156]"
turning_combined,1789045664.4393413,34.969384348000006,0.7500211576293812,0.7118574515686328,0.28343569042333333,0.7,3.006535655155375,0.9341942998223555,-69.94,"[502.79998779296875, 491.20001220703125]"
turning_combined,1789045664.489378,35.019420653000005,0.6893917213577601,0.7133969119276412,0.2832690308,0.7,3.226437847447272,0.8958447801252144,-43.04,"[502.79998779296875, 491.20001220703125]"
turning_combined,1789045664.5393229,35.069365489,0.6301288330471516,0.7150555764702197,0.2831024238366667,0.7,3.4462705565061356,0.8375535101855601,-43.04,"[534.0, 487.0]"
turning_combined,1789045664.5893276,35.119370211,0.5751229581128003,0.7168335246844575,0.28293575708333335,0.7,3.6661821566113986,0.782330201821677,-21.52,"[534.0, 487.0]"
turning_combined,1789045664.6394224,35.169465153000004,0.5270561946147928,0.7187320637953376,0.2827688341033333,0.7,3.8864318398383944,0.7286408742456796,-32.28,"[598.4000244140625, 466.20001220703125]"
turning_combined,1789045664.689655,35.219698015,0.4740978133131978,0.7207484967081424,0.3,0.7,4.106803477178914,0.6718835850939109,-37.66,"[598.4000244140625, 466.20001220703125]"
turning_combined,1789045664.7395337,35.269576526,0.44491096754024145,0.7228760954055364,0.3,0.7,4.326729151619247,0.6166602767300278,-59.18,"[603.4000244140625, 451.79998779296875]"
turning_combined,1789045664.7895184,35.319561151,0.42923112708884165,0.7251167033560294,0.3,0.7,4.546580597136682,0.5660389107298016,-118.36,"[603.4000244140625, 451.79998779296875]"
turning_combined,1789045664.8393476,35.369390270000004,0.42789319589647723,0.7274637795158215,0.3,0.7,4.765900279088669,0.5184855063053467,-137.19,"[634.7999877929688, 395.3999938964844]"
turning_combined,1789045664.8893778,35.419420647,0.4410816013068557,0.7299290723403916,0.3,0.7,4.985913161627792,0.47860200582032003,-118.36,"[634.7999877929688, 395.3999938964844]"
turning_combined,1789045664.9393566,35.469399226,0.46824503223618835,0.7324991316478875,0.3,0.7,5.2055368975981935,0.45099035163837853,-118.36,"[642.2000122070312, 339.6000061035156]"
turning_combined,1789045664.9893296,35.519372443,0.5082580389575523,0.7351794099536626,0.3,0.7,5.425386526646776,0.4433204476989503,-131.81,"[642.2000122070312, 339.6000061035156]"
turning_combined,1789045665.0393338,35.569376454,0.5593188637945236,0.7379665429811099,0.3,0.7,5.645307041963662,0.44485442848683593,-56.49,"[646.4000244140625, 320.20001220703125]"
turning_combined,1789045665.089372,35.61941486,0.6191336794288754,0.7408599805593369,0.3,0.7,5.8653812974002335,0.45559229400203544,2.69,"[646.4000244140625, 320.20001220703125]"
turning_combined,1789045665.1393914,35.66943405,0.6848987684790022,0.7438548992895789,0.3,0.7,6.085377422684161,0.4816699673960913,2.69,"[651.2000122070312, 333.79998779296875]"
turning_combined,1789045665.1894107,35.719453372000004,0.7536125282468407,0.7469506963734216,0.3,0.7,0.02220793166294044,0.521553467881118,2.69,"[651.2000122070312, 333.79998779296875]"
turning_combined,1789045665.2393835,35.769426270000004,0.8220480273346903,0.750142466050482,0.3,0.7,0.24204159073941156,0.5721748338813442,2.69,"[628.4000244140625, 393.0]"
turning_combined,1789045665.2894151,35.819457806,0.8871656240449227,0.7534332085211738,0.3,0.7,0.46203954128865377,0.6289321230331129,18.83,"[628.4000244140625, 393.0]"
turning_combined,1789045665.3393593,35.869402218000005,0.94585344641803,0.7568136080885209,0.3,0.7,0.6817242191299968,0.7025632008516236,18.83,"[620.5999755859375, 463.20001220703125]"
turning_combined,1789045665.3892655,35.919308219,0.9955388404369705,0.7602855271160487,0.3,0.7,0.9013698890719937,0.7700583555185919,2.69,"[620.5999755859375, 463.20001220703125]"
turning_combined,1789045665.4392765,35.969319101,1.0340558828225692,0.7638524897793485,0.3,0.7,1.121327406695464,0.8406214717613314,2.69,"[561.2000122070312, 510.0]"
turning_combined,1789045665.489669,36.019711715,1.059738468480594,0.7675267452578419,0.3,0.7,1.342436807486628,0.8973787609131001,2.69,"[561.2000122070312, 510.0]"
turning_combined,1789045665.539373,36.069415783000004,1.0712391073077894,0.7712521040311777,0.3,0.7,1.5614879731162787,0.9541360500648688,2.69,"[516.0, 514.4000244140625]"
turning_combined,1789045665.5893958,36.119438757000005,1.0684397830773624,0.7750778124974915,0.3,0.7,1.781551391314828,0.9986214929135524,2.69,"[516.0, 514.4000244140625]"
turning_combined,1789045665.6395352,36.169577922,1.0515352236802564,0.7789905223052015,0.3,0.7,2.0019544847942896,1.033903051034922,2.69,"[491.79998779296875, 524.7999877929688]"
turning_combined,1789045665.6894083,36.219451178,1.0216930088644365,0.7829629349905622,0.3,0.7,2.2213197631937263,1.0569127628532067,8.07,"[491.79998779296875, 524.7999877929688]"
turning_combined,1789045665.7393036,36.269346436,0.9804392759240925,0.7870147663587067,0.3,0.7,2.4408986108316597,1.0630486860047492,8.07,"[497.3999938964844, 524.7999877929688]"
turning_combined,1789045665.7893398,36.319382683,0.9064231768743788,0.7911443119354777,0.3,0.975315268577491,2.7471833801324763,1.0538448012774355,-10.76,"[497.3999938964844, 524.7999877929688]"
turning_combined,1789045665.8392658,36.369308815000004,0.821581286602745,0.7953451548662361,0.3,0.9769329393499212,3.0540270189378944,1.0354370318228079,-26.9,"[487.79998779296875, 515.2000122070312]"
turning_combined,1789045665.8895693,36.419612095000005,0.7337510693880346,0.7996368554225664,0.3,0.9785592176424825,3.363016866244699,1.0032234352772094,-91.46,"[487.79998779296875, 515.2000122070312]"
turning_combined,1789045665.9392796,36.469322237,0.6528518266752765,0.8039507014873266,0.3,0.9801692650477749,3.669426189829359,0.9572040116406401,-126.42999999999999,"[508.20001220703125, 506.0]"
turning_combined,1789045665.989375,36.519417905000005,0.5856393536869005,0.8083532835876912,0.3,0.981789102173552,3.978208056372303,0.885106914610015,-29.59,"[508.20001220703125, 506.0]"
turning_combined,1789045666.039381,36.569423935,0.5395279769409295,0.8128108057253618,0.3,0.9834071453850458,4.287156283710097,0.7946020481247621,-2.69,"[563.4000244140625, 467.6000061035156]"
turning_combined,1789045666.0893486,36.619391206,0.5193356840758501,0.8173238168857543,0.3,0.9850246624118865,4.5965120372614265,0.7179030087304801,-40.35,"[563.4000244140625, 467.6000061035156]"
turning_combined,1789045666.1393695,36.669412299,0.527552359474634,0.8218979308056147,0.3,0.9866446524095146,4.906850305180178,0.6304661038209985,-40.35,"[623.5999755859375, 450.6000061035156]"
turning_combined,1789045666.1892474,36.719290029,0.563827654372751,0.8265058201900938,0.3,0.9882585198959725,5.21652140163733,0.5737088146692298,-48.42,"[623.5999755859375, 450.6000061035156]"
turning_combined,1789045666.239266,36.769308612,0.6254451453759062,0.831174340582717,0.3,0.9898767208981407,5.527532444317195,0.5414952181236313,-67.25,"[627.5999755859375, 393.0]"
turning_combined,1789045666.2893155,36.819358332,0.7070447236441432,0.8358913743621108,0.3,0.9914959939772692,5.839258634636202,0.5322913333963175,0.0,"[627.5999755859375, 393.0]"
turning_combined,1789045666.3393786,36.869421362000004,0.8013109092145918,0.8406534688246017,0.3,0.9931161507618411,6.151664602087926,0.543029198911517,2.69,"[626.2000122070312, 381.6000061035156]"
turning_combined,1789045666.3893778,36.919420631,0.8994339226303599,0.8454480289592738,0.3,0.9947339490029888,0.18093864959276118,0.581378718608658,18.83,"[626.2000122070312, 381.6000061035156]"
turning_combined,1789045666.439363,36.969405799,0.9925140801053112,0.8502797315467636,0.3,0.9963520148669585,0.4939580329826896,0.6396699885483124,45.73,"[614.4000244140625, 416.6000061035156]"
turning_combined,1789045666.4893162,37.019358914,1.0718571028079302,0.855141038384685,0.3,0.9979688552967063,0.8072479233931773,0.7194369895183657,110.28999999999999,"[614.4000244140625, 416.6000061035156]"
turning_combined,1789045666.5393116,37.06935465,1.1302186119505482,0.8600346096075907,0.3,0.9995863813521765,1.1211786665364656,0.8314175870340175,110.28999999999999,"[574.7999877929688, 499.6000061035156]"
turning_combined,1789045666.5893414,37.119384041,1.162210074999885,0.8649615248130802,0.3,0.9987940521220507,1.4352562724450735,0.9265243958829272,2.69,"[574.7999877929688, 499.6000061035156]"
turning_combined,1789045666.6392782,37.169320969000005,1.1651975495845768,0.8699011672730885,0.3,0.9971781883052576,1.7481088655489572,1.0032234352772094,5.38,"[505.20001220703125, 514.0]"
turning_combined,1789045666.6894164,37.219459055,1.1394766285636624,0.874878593639667,0.3,0.99555681873949,2.0615170260939095,1.0737865515199487,21.52,"[505.20001220703125, 514.0]"
turning_combined,1789045666.7393742,37.269416892,1.0882704321813546,0.8798606617877748,0.3,0.9939397248608982,2.373590973250046,1.1228739367322893,26.9,"[493.3999938964844, 548.5999755859375]"
turning_combined,1789045666.7894118,37.319454493,1.0169948250589198,0.8848629103617046,0.3,0.9923208266802448,2.6855042591165414,1.1474176293384597,72.63,"[493.3999938964844, 548.5999755859375]"
turning_combined,1789045666.8394003,37.369443214,0.9331944468002356,0.8898729522383019,0.3,0.9907031139360127,2.996681028275347,1.1443496677626883,-2.69,"[459.79998779296875, 557.7999877929688]"
turning_combined,1789045666.8896637,37.419706405,0.8440645143101526,0.8949091709185291,0.3,1.0,3.3118968866419465,1.1152040327928612,-32.28,"[459.79998779296875, 557.7999877929688]"
turning_combined,1789045666.9393432,37.469386069,0.7605930140571656,0.8999093065539612,0.3,1.0,3.6245357028380027,1.055378782065321,-32.28,"[479.20001220703125, 541.0]"
turning_combined,1789045666.989251,37.519293747,0.6903963001690814,0.9049306728239244,0.3,1.0,3.9383806581351877,0.9863496466104673,-147.95,"[479.20001220703125, 541.0]"
turning_combined,1789045667.039284,37.569326799,0.641098486938785,0.9099587847406504,0.3,1.0,4.252723581000694,0.9111845880040709,-51.11,"[494.0, 516.2000122070312]"
turning_combined,1789045667.0893185,37.619361325,0.6181485926330585,0.914980245640936,0.3,1.0,4.566925590869332,0.8160777791551611,-2.69,"[494.0, 516.2000122070312]"
turning_combined,1789045667.1392887,37.669331527000004,0.6242519870115548,0.9199934320231077,0.3,1.0,4.881083348263829,0.7439806821245359,-40.35,"[576.7999877929688, 477.6000061035156]"
turning_combined,1789045667.1893077,37.719350449000004,0.6593056023566837,0.9249971143217469,0.3,1.0,5.195318401403981,0.6856894121848816,-29.59,"[576.7999877929688, 477.6000061035156]"
turning_combined,1789045667.2393832,37.769425856000005,0.7204637962430959,0.9299936564892849,0.3,1.0,5.509979881764551,0.641203969336198,-2.69,"[625.0, 465.79998779296875]"
turning_combined,1789045667.2893221,37.819364972,0.8019234513857288,0.9349588521053912,0.3,1.0,5.8237396307857665,0.624330180669456,24.21,"[625.0, 465.79998779296875]"
turning_combined,1789045667.3393853,37.869428,0.8965920728229491,0.9399159622986771,0.3,1.0,6.1382656142551895,0.6427379501240836,24.21,"[613.5999755859375, 463.0]"
turning_combined,1789045667.38927,37.919312903000005,0.9951533675339508,0.9448328865971757,0.3,1.0,0.1685316019637284,0.679553489033339,59.18,"[613.5999755859375, 463.0]"
turning_combined,1789045667.439308,37.969350691,1.0890555710747338,0.9497384906325733,0.3,1.0,0.48294601491166844,0.7393787397608791,96.84,"[588.7999877929688, 478.0]"
turning_combined,1789045667.489296,38.019338729000005,1.1691969826981954,0.9546095862341264,0.3,1.0,0.7970408901876098,0.8206797215188181,2.69,"[588.7999877929688, 478.0]"
turning_combined,1789045667.53935,38.069392848,1.2283657999706787,0.9594539687511948,0.3,1.0,1.1115182732186994,0.9173205111556134,2.69,"[518.7999877929688, 494.79998779296875]"
turning_combined,1789045667.5895007,38.119543474000004,1.261139462430553,0.9642669019689804,0.3,1.0,1.4262766968453988,1.0032234352772094,10.76,"[518.7999877929688, 494.79998779296875]"
turning_combined,1789045667.6393757,38.169418563,1.2647480818892458,0.9690223813908004,0.3,1.0,1.7398029941165234,1.0937283017624622,43.04,"[491.6000061035156, 527.5999755859375]"
turning_combined,1789045667.6894152,38.219458027,1.2393710446819126,0.9737498062503637,0.3,1.0,2.054229935735968,1.167359379580973,67.25,"[491.6000061035156, 527.5999755859375]"
turning_combined,1789045667.7394676,38.269510487000005,1.1879056283086282,0.9784323787341842,0.3,1.0,2.3686508643470674,1.2210487071569704,67.25,"[463.3999938964844, 566.2000122070312]"
turning_combined,1789045667.7892773,38.319320092000005,1.116153251977738,0.983049965323257,0.3,1.0,2.6818944936776106,1.239456476611598,110.28999999999999,"[463.3999938964844, 566.2000122070312]"
turning_combined,1789045667.839335,38.369377832000005,1.0310206143255924,0.9876365992627311,0.3,1.0,2.9964704159038646,1.2379224958237125,-2.69,"[435.20001220703125, 572.4000244140625]"
turning_combined,1789045667.8893027,38.419345441000004,0.9417745496707309,0.9921595515586447,0.3,1.0,3.3103424203137806,1.210310841641771,-2.69,"[435.20001220703125, 572.4000244140625]"
turning_combined,1789045667.9395363,38.46957915,0.8570354114923404,0.9966465269219605,0.3,1.0,3.6256456777880075,1.1612234564294304,-24.21,"[446.0, 567.4000244140625]"
turning_combined,1789045667.989449,38.519491934,0.7863269452462952,1.0010507074295336,0.3,1.0,3.9392842115982702,1.0906603401866908,-37.66,"[446.0, 567.4000244140625]"
turning_combined,1789045668.039434,38.569476566000006,0.7364449131129466,1.005400245626527,0.3,1.0,4.253438136249734,1.012427320004523,-110.28999999999999,"[479.20001220703125, 539.5999755859375]"
turning_combined,1789045668.089412,38.61945483,0.7128278641695109,1.0096835962671167,0.3,1.0,4.567480370999185,0.9295923574586985,-80.7,"[479.20001220703125, 539.5999755859375]"
turning_combined,1789045668.139347,38.669389758,0.718165007090395,1.0138964161847084,0.3,1.0,4.881282481255759,0.8268156446703606,-80.7,"[533.7999877929688, 499.79998779296875]"
turning_combined,1789045668.1892588,38.719301723,0.7523148847173213,1.0180393173240077,0.3,1.0,5.195082040539084,0.7715923363064775,-18.83,"[533.7999877929688, 499.79998779296875]"
turning_combined,1789045668.2392323,38.769275169000004,0.812387660551739,1.0221121813221008,0.3,1.0,5.509072828567234,0.7363107781851077,-2.69,"[593.0, 482.3999938964844]"
turning_combined,1789045668.2892807,38.819323522000005,0.8930187883530804,1.0261155391761239,0.3,1.0,5.823511456911341,0.7148350471547088,45.73,"[593.0, 482.3999938964844]"
turning_combined,1789045668.3392868,38.869329689000004,0.9865395034602596,1.030037641450143,0.3,1.0,6.137678607667873,0.7255729126699083,78.01,"[597.7999877929688, 472.79998779296875]"
turning_combined,1789045668.3893194,38.919362393,1.0842768858709961,1.0338810248086574,0.3,1.0,0.16878648565889875,0.7639224323670493,37.66,"[597.7999877929688, 472.79998779296875]"
turning_combined,1789045668.4393082,38.969350951,1.176937247251589,1.0376392397717966,0.3,1.0,0.4828742295195241,0.8268156446703606,40.35,"[552.7999877929688, 496.6000061035156]"
turning_combined,1789045668.4893613,39.01940414,1.2559505239922912,1.0413159646313705,0.3,1.0,0.7972658784870816,0.9096506072161852,16.14,"[552.7999877929688, 496.6000061035156]"
turning_combined,1789045668.5393183,39.069361159,1.3137944564338566,1.0449019856390016,0.3,1.0,1.1113727169478693,1.0154952815802945,16.14,"[502.0, 511.79998779296875]"
turning_combined,1789045668.5893059,39.119348767000005,1.3452231046610703,1.0483957195071723,0.3,1.0,1.4252348253409366,1.1044661672776617,40.35,"[502.0, 511.79998779296875]"
turning_combined,1789045668.6392736,39.169316413000004,1.3475471988144294,1.0518009902731407,0.3,1.0,1.739396095036028,1.1811652066719438,104.91,"[461.3999938964844, 555.5999755859375]"
turning_combined,1789045668.689253,39.219295838,1.3208394583448997,1.055111288996208,0.3,1.0,2.0534625514648326,1.2471263805510262,129.12,"[461.3999938964844, 555.5999755859375]"
turning_combined,1789045668.7394528,39.26949572,1.26782394614256,1.0583361940845932,0.3,1.0,2.3685833326713635,1.2946797849754812,131.81,"[440.6000061035156, 600.0]"
turning_combined,1789045668.7895405,39.319583267000006,1.1941693993020748,1.0614589780780073,0.3,1.0,2.683355214880976,1.3176894967937658,180.23,"[440.6000061035156, 600.0]"
turning_combined,1789045668.8395731,39.369615802000006,1.1074881923242177,1.0644775176514987,0.3,1.0,2.99772798915987,1.3176894967937658,0.0,"[411.3999938964844, 601.5999755859375]"
turning_combined,1789045668.889366,39.419408564,1.0168727990786226,1.067381720472919,0.3,1.0,3.3107614522250515,1.2793399770966247,0.0,"[411.3999938964844, 601.5999755859375]"
turning_combined,1789045668.939475,39.469517987,0.9306529701364035,1.070196867753279,0.3,1.0,3.625392553384671,1.227184630308513,-2.69,"[414.79998779296875, 592.2000122070312]"
turning_combined,1789045668.9892645,39.519307340000005,0.8583679645771713,1.0728917988152236,0.3,1.0,3.938330405219034,1.158155494853659,-24.21,"[414.79998779296875, 592.2000122070312]"
