mode,t_ros_sec,t_rel_sec,tail_target_rad,tail_bias_rad,tail_bias_offset_rad,tail_amp_rad,tail_freq_hz,phase_rad,cycle_idx,present_position_rad,present_current_ma,sensor_len,sensor_values
amp_sweep,1788868602.2201443,0.020876434000000003,0.9300873622539091,0.903,0.0,0.30029846377093333,0.7,0.09032423574616608,0,0.8666991451553873,2.69,2,"[591.4000244140625, 495.6000061035156]"
amp_sweep,1788868602.269769,0.070501302,0.9947085356521082,0.903,0.0,0.3010229555678667,0.7,0.3095775396152871,0,0.940330222973898,2.69,2,"[537.4000244140625, 590.0]"
amp_sweep,1788868602.3197234,0.12045562400000001,1.055388467592394,0.903,0.0,0.3017493325997333,0.7,0.5294013730465819,0,0.9863496466104673,-37.66,2,"[537.4000244140625, 590.0]"
amp_sweep,1788868602.3699017,0.17063377200000002,1.1091272959352407,0.903,0.0,0.30247747746626663,0.7,0.7497602071404124,0,0.9771457618831534,-2.69,2,"[490.3999938964844, 624.7999877929688]"
amp_sweep,1788868602.4197297,0.22046204000000003,1.1529833695737806,0.903,0.0,0.3032028336041333,0.7,0.9692750869253752,0,0.961805954004297,75.32,2,"[490.3999938964844, 624.7999877929688]"
amp_sweep,1788868602.4697287,0.270460735,1.1850691794273127,0.903,0.0,0.30392956962386664,0.7,1.1892075610288608,0,0.9710098387316108,37.66,2,"[490.3999938964844, 609.5999755859375]"
amp_sweep,1788868602.5197458,0.320478068,1.2036821028663867,0.903,0.0,0.3046561723584,0.7,1.4090996989676299,0,1.0185632431560658,37.66,2,"[490.3999938964844, 609.5999755859375]"
amp_sweep,1788868602.5697057,0.370437911,1.207866549226901,0.903,0.0,0.3053826034688,0.7,1.6289398982116943,0,1.0661166475805206,99.53,2,"[473.20001220703125, 627.4000244140625]"
amp_sweep,1788868602.6198277,0.42056002000000003,1.197316872443638,0.903,0.0,0.30611070290413334,0.7,1.8492849834394356,0,1.1182719943686323,104.91,2,"[473.20001220703125, 627.4000244140625]"
amp_sweep,1788868602.6697347,0.47046696200000004,1.1725729394915643,0.903,0.0,0.30683592536439996,0.7,2.0687594083074794,0,1.1612234564294304,102.22,2,"[433.79998779296875, 667.7999877929688]"
amp_sweep,1788868602.7198765,0.520608596,1.1345516281543275,0.903,0.0,0.3075643478321333,0.7,2.2892022529870966,0,1.1826991874598294,107.6,2,"[433.79998779296875, 667.7999877929688]"
amp_sweep,1788868602.7698867,0.5706189850000001,1.0852397575610668,0.903,0.0,0.30829108462213334,0.7,2.509134960196757,0,1.1857671490356005,32.28,2,"[420.3999938964844, 680.2000122070312]"
amp_sweep,1788868602.8199484,0.6206805710000001,1.026797471539492,0.903,0.0,0.30901893680186665,0.7,2.729405218342357,0,1.1765632643082868,-2.69,2,"[420.3999938964844, 680.2000122070312]"
amp_sweep,1788868602.8698542,0.670586404,0.9623204380617175,0.903,0.0,0.3097441865121333,0.7,2.9488878898911164,0,1.1520195717021164,-2.69,2,"[417.20001220703125, 674.2000122070312]"
amp_sweep,1788868602.9198797,0.7206120290000001,0.8944991954791164,0.903,0.0,0.31047143808733335,0.7,3.1689763867955127,0,1.1121360712170898,-2.69,2,"[417.20001220703125, 674.2000122070312]"
amp_sweep,1788868602.969757,0.7704893300000001,0.8269387141459567,0.903,0.0,0.3111968540008,0.7,3.3885093564992936,0,1.05231082048955,-2.69,2,"[431.79998779296875, 662.2000122070312]"
amp_sweep,1788868603.0198553,0.8205872900000001,0.7625749292507729,0.903,0.0,0.31192401603613334,0.7,3.608570755910416,0,0.9955535313377811,-16.14,2,"[431.79998779296875, 662.2000122070312]"
amp_sweep,1788868603.0697076,0.8704397730000001,0.7048417223365889,0.903,0.0,0.312649266444,0.7,3.8280536385742017,0,0.9357282806102412,-26.9,2,"[477.3999938964844, 617.4000244140625]"
amp_sweep,1788868603.1199028,0.9206350510000001,0.6561574957871977,0.903,0.0,0.3133781335445333,0.7,4.04863104269372,0,0.8759030298827011,-75.32,2,"[477.3999938964844, 617.4000244140625]"
amp_sweep,1788868603.169842,0.9705741600000001,0.6193643760984214,0.903,0.0,0.31410397352613334,0.7,4.268292348342356,0,0.8130098175793898,-59.18,2,"[539.5999755859375, 565.4000244140625]"
amp_sweep,1788868603.2198732,1.0206052,0.5960440548428703,0.903,0.0,0.3148308098404,0.7,4.488255174629105,0,0.7516505860639642,-51.11,2,"[539.5999755859375, 565.4000244140625]"
amp_sweep,1788868603.269882,1.070614141,0.5874450218349219,0.903,0.0,0.31555770117786663,0.7,4.708234652613554,0,0.6994952392758523,-123.74,2,"[591.0, 485.3999938964844]"
amp_sweep,1788868603.3199708,1.120703138,0.5940744018220767,0.903,0.0,0.31628567751586667,0.7,4.928542484835609,0,0.6580777580029401,-107.6,2,"[591.0, 485.3999938964844]"
amp_sweep,1788868603.3698342,1.170566157,0.6155804097545006,0.903,0.0,0.31701049956826666,0.7,5.147895734076775,0,0.6181942575179133,-107.6,2,"[623.7999877929688, 436.79998779296875]"
amp_sweep,1788868603.4197237,1.220455695,0.6510303835933254,0.903,0.0,0.31773595882013334,0.7,5.367441819301566,0,0.6043884304269426,-96.84,2,"[623.7999877929688, 436.79998779296875]"
amp_sweep,1788868603.4697275,1.270459795,0.6988669988207779,0.903,0.0,0.31846275178146666,0.7,5.587391525669075,0,0.602854449639057,-37.66,2,"[622.5999755859375, 407.79998779296875]"
amp_sweep,1788868603.5197372,1.320469264,0.756784218134261,0.903,0.0,0.3191895612526667,0.7,5.80734622842554,0,0.6105243535784852,2.69,2,"[622.5999755859375, 407.79998779296875]"
amp_sweep,1788868603.569739,1.3704711740000002,0.8220280976066965,0.903,0.0,0.31991636300666665,0.7,6.027298595722026,0,0.6320000846088841,2.69,2,"[614.7999877929688, 409.3999938964844]"
amp_sweep,1788868603.61993,1.420662243,0.8916916159303409,0.903,0.0,0.32064534383053334,0.7,6.2479104159890655,0,0.6672816427302539,2.69,2,"[614.7999877929688, 409.3999938964844]"
amp_sweep,1788868603.6699693,1.470701496,0.9620238260077858,0.903,0.0,0.321372254352,0.7,0.18471039245715293,1,0.7117670855789375,2.69,2,"[594.4000244140625, 451.79998779296875]"
amp_sweep,1788868603.7199218,1.5206540350000002,1.0297639599276396,0.903,0.0,0.322098508708,0.7,0.4044971004314233,1,0.765456413154935,2.69,2,"[594.4000244140625, 451.79998779296875]"
amp_sweep,1788868603.7696848,1.570416894,1.091509470753495,0.903,0.0,0.3228224234734667,0.7,0.6235757769879386,1,0.8482913757007595,2.69,2,"[560.4000244140625, 526.0]"
amp_sweep,1788868603.819915,1.620647337,1.1448974946024202,0.903,0.0,0.32355239135773334,0.7,0.844486311822533,1,0.9111845880040709,13.45,2,"[560.4000244140625, 526.0]"
amp_sweep,1788868603.86969,1.670422008,1.186422590253201,0.903,0.0,0.3242757915996,0.7,1.0634092778524478,1,0.9756117810952678,59.18,2,"[517.0, 602.2000122070312]"
amp_sweep,1788868603.9197237,1.7204558790000002,1.2146715980924219,0.903,0.0,0.3250026789985333,0.7,1.2833875639166452,1,1.0354370318228079,59.18,2,"[517.0, 602.2000122070312]"
amp_sweep,1788868603.969711,1.770443011,1.2279866159616095,0.903,0.0,0.3257292124236,0.7,1.5032587266979034,1,1.0921943209745766,94.14999999999999,2,"[466.20001220703125, 648.0]"
amp_sweep,1788868604.0199358,1.820668136,1.2256361095030261,0.903,0.0,0.32645853472266667,0.7,1.7239738877703257,1,1.1382137446111458,112.98,2,"[466.20001220703125, 648.0]"
amp_sweep,1788868604.069769,1.870500883,1.2077247322229396,0.903,0.0,0.32718383663666667,0.7,1.9434723577602213,1,1.175029283520401,112.98,2,"[433.20001220703125, 682.2000122070312]"
amp_sweep,1788868604.1199958,1.9207279640000001,1.1748804008654907,0.903,0.0,0.3279127149569333,0.7,2.164053157313081,1,1.201106956914457,126.42999999999999,2,"[433.20001220703125, 682.2000122070312]"
amp_sweep,1788868604.1698844,1.970616716,1.128971684811573,0.903,0.0,0.32863755572826664,0.7,2.383412071474119,1,1.2118448224296565,126.42999999999999,2,"[421.0, 687.0]"
amp_sweep,1788868604.2197518,2.0204840610000003,1.0719816348812117,0.903,0.0,0.3293626603086667,0.7,2.602850822300944,1,1.2072428800659996,69.94,2,"[421.0, 687.0]"
amp_sweep,1788868604.269694,2.0704262150000003,1.0064871611211337,0.903,0.0,0.3300891296272,0.7,2.82270258449093,1,1.184233168247715,-2.69,2,"[412.6000061035156, 679.5999755859375]"
amp_sweep,1788868604.3198001,2.120532346,0.9355688804198077,0.903,0.0,0.33081701565506666,0.7,3.0429830861135354,1,1.1504855909142309,-2.69,2,"[412.6000061035156, 679.5999755859375]"
amp_sweep,1788868604.3697498,2.170481949,0.8629364018524623,0.903,0.0,0.33154313345586667,0.7,3.262728468321404,1,1.1044661672776617,-2.69,2,"[421.79998779296875, 659.4000244140625]"
amp_sweep,1788868604.4198232,2.220555321,0.7917916270828205,0.903,0.0,0.33227056440146663,0.7,3.4828712481769433,1,1.0492428589137786,-10.76,2,"[421.79998779296875, 659.4000244140625]"
amp_sweep,1788868604.469866,2.2705982440000003,0.7257469007206758,0.903,0.0,0.3329976263021333,0.7,3.702902343785329,1,0.9878836273983529,-16.14,2,"[458.79998779296875, 626.2000122070312]"
amp_sweep,1788868604.5198832,2.3206152540000002,0.6679954227024463,0.903,0.0,0.33372448081213335,0.7,3.9228706766556805,1,0.9203884727313847,-51.11,2,"[458.79998779296875, 626.2000122070312]"
amp_sweep,1788868604.5699103,2.37064261,0.6213589601374319,0.903,0.0,0.33445106363599997,0.7,4.1427567890197405,1,0.8360195293976744,-51.11,2,"[518.5999755859375, 578.4000244140625]"
amp_sweep,1788868604.6199217,2.4206539780000003,0.588103693975281,0.903,0.0,0.335177937766,0.7,4.362731059500208,1,0.765456413154935,-75.32,2,"[518.5999755859375, 578.4000244140625]"
amp_sweep,1788868604.6699293,2.470661588,0.5699088633320817,0.903,0.0,0.3359053049248,0.7,4.582854535525527,1,0.7071651432152806,-104.91,2,"[580.5999755859375, 495.3999938964844]"
amp_sweep,1788868604.7197633,2.520495561,0.567722101476148,0.903,0.0,0.3366295457892,0.7,4.802031899560388,1,0.6596117387908257,-121.05,2,"[580.5999755859375, 495.3999938964844]"
amp_sweep,1788868604.7699142,2.5706463960000003,0.5817331499676837,0.903,0.0,0.33735802258253333,0.7,5.02249118482268,1,0.619728238305799,-118.36,2,"[610.0, 434.20001220703125]"
amp_sweep,1788868604.8199358,2.620668101,0.6113111156453055,0.903,0.0,0.3380848983548,0.7,5.242465952303105,1,0.5905826033359719,-123.74,2,"[610.0, 434.20001220703125]"
amp_sweep,1788868604.8699057,2.670638047,0.6550733752752215,0.903,0.0,0.33881128582160003,0.7,5.462292943663336,1,0.5783107570328867,-121.05,2,"[619.4000244140625, 405.3999938964844]"
amp_sweep,1788868604.9200106,2.7207428790000003,0.7111322930336674,0.903,0.0,0.3395394326210667,0.7,5.6826523627217185,1,0.5783107570328867,-43.04,2,"[619.4000244140625, 405.3999938964844]"
amp_sweep,1788868604.9697518,2.770484188,0.7762859768673541,0.903,0.0,0.3402628853864,0.7,5.901591223953822,1,0.5997864880632857,-43.04,2,"[616.5999755859375, 396.79998779296875]"
amp_sweep,1788868605.020003,2.82073527,0.8484992120532359,0.903,0.0,0.3409934006977333,0.7,6.122667426907093,1,0.6320000846088841,2.69,2,"[616.5999755859375, 396.79998779296875]"
amp_sweep,1788868605.069754,2.8704860340000002,0.922905918266407,0.903,0.0,0.3417164065776,0.7,0.05828573979410301,2,0.6764855274575677,2.69,2,"[613.7999877929688, 426.20001220703125]"
amp_sweep,1788868605.119932,2.920664148,0.9972218179239808,0.903,0.0,0.34244486673026664,0.7,0.2787399890833715,2,0.7301748550335652,2.69,2,"[613.7999877929688, 426.20001220703125]"
amp_sweep,1788868605.169965,2.9706970970000004,1.0671882327015605,0.903,0.0,0.34317228937733335,0.7,0.4988802575497431,2,0.7915340865489908,2.69,2,"[582.0, 502.79998779296875]"
amp_sweep,1788868605.2200289,3.0207608400000003,1.129493705889517,0.903,0.0,0.34389952024253334,0.7,0.7189624869767961,2,0.8605632220038447,2.69,2,"[582.0, 502.79998779296875]"
amp_sweep,1788868605.270094,3.070826068,1.181085015853894,0.903,0.0,0.3446263214297333,0.7,0.9389146827423236,2,0.9280583766708129,34.97,2,"[537.4000244140625, 580.7999877929688]"
amp_sweep,1788868605.3199077,3.120639847,1.219391256439542,0.903,0.0,0.3453514144852,0.7,1.1583499457729847,2,0.9970875121256667,91.46,2,"[537.4000244140625, 580.7999877929688]"
amp_sweep,1788868605.3697195,3.1704515680000003,1.242641349277492,0.903,0.0,0.34607608524559996,0.7,1.3776574094428167,2,1.0799224746714913,91.46,2,"[482.0, 635.0]"
amp_sweep,1788868605.4197276,3.220459565,1.2496776739619222,0.903,0.0,0.34680319025213335,0.7,1.5977015502005365,2,1.1351457830353744,118.36,2,"[482.0, 635.0]"
amp_sweep,1788868605.4700592,3.270791295,1.2400133319394366,0.903,0.0,0.3475292361565333,0.7,1.8174251743660044,2,1.1780972450961724,118.36,2,"[435.6000061035156, 671.0]"
amp_sweep,1788868605.5199103,3.320642497,1.2139434876695172,0.903,0.0,0.3482579275054667,0.7,2.03794939069358,2,1.210310841641771,104.91,2,"[435.6000061035156, 671.0]"
amp_sweep,1788868605.5696933,3.3704255250000004,1.17292938595195,0.903,0.0,0.348982698386,0.7,2.257287153767919,2,1.2256506495206272,131.81,2,"[415.3999938964844, 687.5999755859375]"
amp_sweep,1788868605.6198623,3.420594544,1.118507165961372,0.903,0.0,0.34971078418906665,0.7,2.4776281134561877,2,1.2256506495206272,43.04,2,"[415.3999938964844, 687.5999755859375]"
amp_sweep,1788868605.6700811,3.4708132700000003,1.053304253047573,0.903,0.0,0.35044001716626666,0.7,2.698316243008783,2,1.214912784005428,-2.69,2,"[408.6000061035156, 682.4000244140625]"
amp_sweep,1788868605.7199116,3.5206436940000003,0.9809506776421812,0.903,0.0,0.35116510779466664,0.7,2.9177507715350828,2,1.1903690913992575,-2.69,2,"[408.6000061035156, 682.4000244140625]"
amp_sweep,1788868605.76982,3.5705520990000004,0.904588365648032,0.903,0.0,0.3518898465856,0.7,3.1370788233182108,2,1.1382137446111458,-2.69,2,"[407.20001220703125, 675.4000244140625]"
amp_sweep,1788868605.8197834,3.6205156200000004,0.8275956885874192,0.903,0.0,0.3526168722401333,0.7,3.3570989497416868,2,1.086058397823034,-2.69,2,"[407.20001220703125, 675.4000244140625]"
amp_sweep,1788868605.8697736,3.6705058330000004,0.7539959903496589,0.903,0.0,0.353343205236,0.7,3.5769094565369457,2,1.0231651855197226,-18.83,2,"[442.79998779296875, 646.2000122070312]"
amp_sweep,1788868605.9201388,3.72087104,0.6868534687874339,0.903,0.0,0.35407451957546665,0.7,3.7982274697617164,2,0.9587379924285258,-13.45,2,"[442.79998779296875, 646.2000122070312]"
amp_sweep,1788868605.9698546,3.770586819,0.6305787170417364,0.903,0.0,0.35479751198293336,0.7,4.017027012669367,2,0.8881748761857863,-88.77,2,"[501.6000061035156, 602.2000122070312]"
amp_sweep,1788868606.019912,3.820644262,0.5868813820799854,0.903,0.0,0.3555247138832,0.7,4.237100476424597,2,0.8160777791551611,-67.25,2,"[501.6000061035156, 602.2000122070312]"
amp_sweep,1788868606.0698402,3.8705724850000003,0.5583247174805972,0.903,0.0,0.35625059378786667,0.7,4.456773864010259,2,0.7439806821245359,-43.04,2,"[575.5999755859375, 522.2000122070312]"
amp_sweep,1788868606.1199539,3.920685907,0.5462417200095855,0.903,0.0,0.3569790263272,0.7,4.677219756663067,2,0.6826214506091103,-131.81,2,"[575.5999755859375, 522.2000122070312]"
amp_sweep,1788868606.1696985,3.970430637,0.5513225592246476,0.903,0.0,0.35770258453186665,0.7,4.896190527051754,2,0.619728238305799,-131.81,2,"[621.2000122070312, 449.6000061035156]"
amp_sweep,1788868606.2196355,4.020367678,0.5733571254082672,0.903,0.0,0.35842857445386667,0.7,5.115897209236358,2,0.5829126993965437,-118.36,2,"[621.2000122070312, 449.6000061035156]"
amp_sweep,1788868606.269764,4.070496062,0.611475220509005,0.903,0.0,0.35915633584386664,0.7,5.336139991640927,2,0.5645049299419159,-126.42999999999999,2,"[630.5999755859375, 399.0]"
amp_sweep,1788868606.3198545,4.1205866470000005,0.6638740598083172,0.903,0.0,0.3598842350534667,0.7,5.556424482457885,2,0.5629709491540303,-83.39,2,"[630.5999755859375, 399.0]"
amp_sweep,1788868606.369879,4.170611035,0.7279740945489432,0.903,0.0,0.36061115117026665,0.7,5.776411459424001,2,0.5691068723055729,5.38,2,"[630.7999877929688, 389.0]"
amp_sweep,1788868606.4199324,4.220664472,0.8008052270414452,0.903,0.0,0.3613382352924,0.7,5.996449279925621,2,0.5921165841238575,2.69,2,"[630.7999877929688, 389.0]"
amp_sweep,1788868606.469881,4.270613112,0.8787789538831332,0.903,0.0,0.36206449716213335,0.7,6.216238261784653,2,0.6289321230331129,2.69,2,"[618.2000122070312, 406.0]"
amp_sweep,1788868606.5198674,4.320599722,0.9582641739417376,0.903,0.0,0.3627910366766667,0.7,0.15292596024457694,3,0.679553489033339,2.69,2,"[618.2000122070312, 406.0]"
amp_sweep,1788868606.5698264,4.370558563,1.0353499778637776,0.903,0.0,0.3635170734832,0.7,0.37264683111824226,3,0.7562525284276211,2.69,2,"[594.4000244140625, 467.3999938964844]"
amp_sweep,1788868606.6197262,4.420458257,1.1063138257484348,0.903,0.0,0.3642425354382667,0.7,0.5921937344137618,3,0.8268156446703606,2.69,2,"[594.4000244140625, 467.3999938964844]"
amp_sweep,1788868606.669836,4.470568242000001,1.167991205408073,0.903,0.0,0.36497076036893333,0.7,0.8125767983550922,3,0.8989127417009857,13.45,2,"[543.0, 562.7999877929688]"
amp_sweep,1788868606.7198658,4.520597765000001,1.216997243252788,0.903,0.0,0.3656977346336,0.7,1.0325813726382975,3,0.9694758579437253,64.56,2,"[543.0, 562.7999877929688]"
amp_sweep,1788868606.7698336,4.5705657010000005,1.2510039133272208,0.903,0.0,0.3664240043222667,0.7,1.2523727207449156,3,1.0400389741864646,91.46,2,"[490.6000061035156, 630.2000122070312]"
amp_sweep,1788868606.8198888,4.620620984,1.268376499083891,0.903,0.0,0.36715116784,0.7,1.4724345687754692,3,1.102932186489776,86.08,2,"[490.6000061035156, 630.2000122070312]"
amp_sweep,1788868606.8699858,4.670717967,1.2681443761210325,0.903,0.0,0.36787936874706667,0.7,1.6928103624430797,3,1.1596894756415448,110.28999999999999,2,"[442.0, 673.0]"
amp_sweep,1788868606.9198534,4.720585507,1.2503319244886446,0.903,0.0,0.36860427315986666,0.7,1.9121885364520388,3,1.2041749184902284,104.91,2,"[442.0, 673.0]"
amp_sweep,1788868606.969768,4.770500211,1.2156984534671917,0.903,0.0,0.3693303095885333,0.7,2.1319092929717307,3,1.239456476611598,104.91,2,"[414.6000061035156, 706.7999877929688]"
amp_sweep,1788868607.0196357,4.820367762,1.165946911493445,0.903,0.0,0.37005524598920003,0.7,2.3512971474842956,3,1.2501943421267976,102.22,2,"[414.6000061035156, 706.7999877929688]"
amp_sweep,1788868607.0697176,4.870449833,1.103131869819167,0.903,0.0,0.3707826984296,0.7,2.571446432321583,3,1.248660361338912,-2.69,2,"[412.6000061035156, 698.4000244140625]"
amp_sweep,1788868607.1198914,4.920623567000001,1.0302825869379721,0.903,0.0,0.37151116115466665,0.7,2.7919014600975096,3,1.2256506495206272,-2.69,2,"[412.6000061035156, 698.4000244140625]"
amp_sweep,1788868607.169957,4.970689186,0.9510495278119625,0.903,0.0,0.37223893821160003,0.7,3.012148983793711,3,1.188835110611372,-2.69,2,"[409.79998779296875, 685.0]"
amp_sweep,1788868607.219881,5.020613192,0.8694511827319109,0.903,0.0,0.37296430213933335,0.7,3.2316662210298013,3,1.141281706186917,-2.69,2,"[409.79998779296875, 685.0]"
amp_sweep,1788868607.2699277,5.070659861,0.7889062918258897,0.903,0.0,0.37369190741226666,0.7,3.4518617576507715,3,1.081456455459377,-8.07,2,"[431.3999938964844, 658.2000122070312]"
amp_sweep,1788868607.3198597,5.120591877000001,0.7137623654268579,0.903,0.0,0.37441753840453335,0.7,3.671459816756105,3,1.012427320004523,-18.83,2,"[431.3999938964844, 658.2000122070312]"
amp_sweep,1788868607.369768,5.170499973,0.6474012127486231,0.903,0.0,0.3751435690925333,0.7,3.8911788359750616,3,0.9173205111556134,-18.83,2,"[485.79998779296875, 615.0]"
amp_sweep,1788868607.4196699,5.220401924,0.5931602829562936,0.903,0.0,0.3758686483122667,0.7,4.110609911891036,3,0.8436894333371027,-94.14999999999999,2,"[485.79998779296875, 615.0]"
amp_sweep,1788868607.4697332,5.270465294,0.5534953343665052,0.903,0.0,0.3765961309384,0.7,4.330768331851441,3,0.765456413154935,-48.42,2,"[565.0, 537.2000122070312]"
amp_sweep,1788868607.5197206,5.320452815,0.5306001020291089,0.903,0.0,0.3773227886670667,0.7,4.550677112691453,3,0.6979612584879668,-96.84,2,"[565.0, 537.2000122070312]"
amp_sweep,1788868607.569884,5.370616178000001,0.5256004983101399,0.903,0.0,0.3780511911224,0.7,4.7711139010087535,3,0.641203969336198,-153.32999999999998,2,"[608.5999755859375, 451.20001220703125]"
amp_sweep,1788868607.619879,5.420611249,0.5388291196561004,0.903,0.0,0.3787777936244,0.7,4.991005968575848,3,0.5936505649117432,-123.74,2,"[608.5999755859375, 451.20001220703125]"
amp_sweep,1788868607.6699414,5.470673498,0.5697386003865763,0.903,0.0,0.3795054310886667,0.7,5.211211247275639,3,0.5583690067903734,-145.26,2,"[631.5999755859375, 398.0]"
amp_sweep,1788868607.719986,5.520718283000001,0.6168568965571205,0.903,0.0,0.3802325617610667,0.7,5.431263155307036,3,0.5414952181236313,-164.09,2,"[631.5999755859375, 398.0]"
amp_sweep,1788868607.7696967,5.5704288360000005,0.6776210706312411,0.903,0.0,0.38095576154466665,0.7,5.650125456554491,3,0.5399612373357456,-164.09,2,"[634.2000122070312, 382.79998779296875]"
amp_sweep,1788868607.8196259,5.620358083,0.7496980204385146,0.903,0.0,0.38168187331413334,0.7,5.869869013497027,3,0.5568350260024878,5.38,2,"[634.2000122070312, 382.79998779296875]"
amp_sweep,1788868607.8698623,5.670594531000001,0.8297663456918071,0.903,0.0,0.38241088394586664,0.7,6.09048985453321,3,0.5905826033359719,2.69,2,"[624.4000244140625, 396.0]"
amp_sweep,1788868607.919923,5.720655217,0.9135509820692542,0.903,0.0,0.3831386269657333,0.7,0.027541770395835385,4,0.6396699885483124,2.69,2,"[624.4000244140625, 396.0]"
amp_sweep,1788868607.9699264,5.770658363000001,0.9970396125578339,0.903,0.0,0.38386544726426663,0.7,0.24749974983343748,4,0.6979612584879668,2.69,2,"[613.0, 440.3999938964844]"
amp_sweep,1788868608.0199256,5.820657754,1.0762745358871695,0.903,0.0,0.38459198252053334,0.7,0.46737146679164,4,0.7639224323670493,2.69,2,"[613.0, 440.3999938964844]"
amp_sweep,1788868608.069926,5.870658157,1.1474539049045334,0.903,0.0,0.38531856768426664,0.7,0.6872582872706836,4,0.8406214717613314,2.69,2,"[567.2000122070312, 541.5999755859375]"
amp_sweep,1788868608.119952,5.920684044000001,1.2071465746688277,0.903,0.0,0.38604570467866667,0.7,0.9073121085320075,4,0.9203884727313847,32.28,2,"[567.2000122070312, 541.5999755859375]"
amp_sweep,1788868608.1698842,5.970616395,1.2522607248702424,0.903,0.0,0.3867707801052,0.7,1.1267420365100236,4,1.01702926236818,32.28,2,"[512.7999877929688, 619.4000244140625]"
amp_sweep,1788868608.2197585,6.020490498,1.2807748684850306,0.903,0.0,0.387496362934,0.7,1.3463255198820825,4,1.0891263593988052,86.08,2,"[512.7999877929688, 619.4000244140625]"
amp_sweep,1788868608.2697246,6.0704567670000005,1.291218186708963,0.903,0.0,0.3882225067204,0.7,1.5660787661246793,4,1.1520195717021164,112.98,2,"[452.20001220703125, 673.4000244140625]"
amp_sweep,1788868608.319799,6.1205309450000005,1.28296392788589,0.903,0.0,0.3889497581938667,0.7,1.7861672322414677,4,1.201106956914457,112.98,2,"[452.20001220703125, 673.4000244140625]"
amp_sweep,1788868608.369766,6.170498240000001,1.2563483711236236,0.903,0.0,0.38967624291773334,0.7,2.0060236565549516,4,1.239456476611598,110.28999999999999,2,"[423.20001220703125, 690.0]"
amp_sweep,1788868608.4198635,6.220595521000001,1.2124850481096736,0.903,0.0,0.3904041756412,0.7,2.226318289689633,4,1.2640001692177683,145.26,2,"[423.20001220703125, 690.0]"
amp_sweep,1788868608.4698908,6.270623084,1.153569926191452,0.903,0.0,0.3911309926261334,0.7,2.4462752663308613,4,1.2670681307935396,75.32,2,"[403.3999938964844, 703.5999755859375]"
amp_sweep,1788868608.5199344,6.320666394000001,1.0822601811540715,0.903,0.0,0.3918585434426667,0.7,2.666454322785089,4,1.260932207641997,-2.69,2,"[403.3999938964844, 703.5999755859375]"
amp_sweep,1788868608.570125,6.370857239,1.0020743384353183,0.903,0.0,0.3925855557846667,0.7,2.886470420430147,4,1.222582687944856,-2.69,2,"[399.79998779296875, 692.5999755859375]"
amp_sweep,1788868608.6197164,6.420448611,0.9172561672508521,0.903,0.0,0.39330877286293336,0.7,3.1053379555709633,4,1.1765632643082868,-2.69,2,"[399.79998779296875, 692.5999755859375]"
amp_sweep,1788868608.669718,6.470450389000001,0.83098998687228,0.903,0.0,0.3940358556916,0.7,3.3253753846301386,4,1.1198059751565181,-2.69,2,"[412.79998779296875, 675.5999755859375]"
amp_sweep,1788868608.7197757,6.5205077650000005,0.7478943480693919,0.903,0.0,0.3947628463208,0.7,3.545384911320003,4,1.05231082048955,-18.83,2,"[412.79998779296875, 675.5999755859375]"
amp_sweep,1788868608.769834,6.570566212,0.6719222861841416,0.903,0.0,0.3954904729868,0.7,3.765586922135114,4,0.9771457618831534,-21.52,2,"[458.3999938964844, 637.4000244140625]"
amp_sweep,1788868608.8198853,6.6206173,0.6068977373158824,0.903,0.0,0.39621752798413334,0.7,3.9856159285843837,4,0.8989127417009857,-75.32,2,"[458.3999938964844, 637.4000244140625]"
amp_sweep,1788868608.8699799,6.6707119310000005,0.5559134572029116,0.903,0.0,0.39694502643706664,0.7,4.2057791382169505,4,0.8206797215188181,-80.7,2,"[544.0, 565.4000244140625]"
amp_sweep,1788868608.919864,6.720596079000001,0.5215904697411684,0.903,0.0,0.39767082746933335,0.7,4.425428656609949,4,0.7378447589729934,-45.73,2,"[544.0, 565.4000244140625]"
amp_sweep,1788868608.9698637,6.770595645,0.5054993191100621,0.903,0.0,0.3983973133413333,0.7,4.6452854283835805,4,0.6534758156392831,-45.73,2,"[608.7999877929688, 468.0]"
amp_sweep,1788868609.019704,6.820436302,0.5084964460551384,0.903,0.0,0.39912223292693333,0.7,4.864668194144365,4,0.5997864880632857,-126.42999999999999,2,"[608.7999877929688, 468.0]"
amp_sweep,1788868609.0697622,6.870494279000001,0.5305689657635466,0.903,0.0,0.3998498598690667,0.7,5.084870288525842,4,0.5568350260024878,-134.5,2,"[637.2000122070312, 405.6000061035156]"
amp_sweep,1788868609.1198547,6.920586911,0.5707383089992853,0.903,0.0,0.40057741507466665,0.7,5.305050673245443,4,0.5292233718205462,-134.5,2,"[637.2000122070312, 405.6000061035156]"
amp_sweep,1788868609.169742,6.970474456000001,0.6269459870265466,0.903,0.0,0.4013028892668,0.7,5.52460127985038,4,0.521553467881118,-112.98,2,"[648.7999877929688, 374.3999938964844]"
amp_sweep,1788868609.2198203,7.020552293000001,0.6968336911183161,0.903,0.0,0.40203026441893336,0.7,5.744727174902042,4,0.5230874486690036,5.38,2,"[648.7999877929688, 374.3999938964844]"
amp_sweep,1788868609.2699387,7.070670993,0.7769780038880314,0.903,0.0,0.40275793673413335,0.7,5.964943000556687,4,0.5460971604872883,2.69,2,"[639.0, 372.6000061035156]"
amp_sweep,1788868609.319976,7.120708296,0.8634490132180631,0.903,0.0,0.4034850982172,0.7,6.18500423283508,4,0.5859806609723149,2.69,2,"[639.0, 372.6000061035156]"
amp_sweep,1788868609.3699474,7.170679628,0.9520232410097745,0.903,0.0,0.40421126966053333,0.7,0.12158054172924082,5,0.6565437772150544,2.69,2,"[623.0, 406.6000061035156]"
amp_sweep,1788868609.4198372,7.220569548,1.0385394785240973,0.903,0.0,0.4049373186024,0.7,0.3413050851247199,5,0.7271068934577939,2.69,2,"[623.0, 406.6000061035156]"
amp_sweep,1788868609.4698145,7.270546923,1.1188526904064546,0.903,0.0,0.4056635220190667,0.7,0.5610763773038379,5,0.8007379712763046,2.69,2,"[582.2000122070312, 506.79998779296875]"
amp_sweep,1788868609.519853,7.320585366,1.1891328582522407,0.903,0.0,0.4063906627630667,0.7,0.78113133330843,5,0.8820389530342436,13.45,2,"[582.2000122070312, 506.79998779296875]"
amp_sweep,1788868609.5698566,7.370588917,1.2457933403005739,0.903,0.0,0.40711713213973333,0.7,1.000983113091337,5,0.961805954004297,61.87,2,"[522.0, 603.5999755859375]"
amp_sweep,1788868609.6198833,7.420615563,1.286151313967262,0.903,0.0,0.40784426679426666,0.7,1.221036226237679,5,1.0415729549743504,94.14999999999999,2,"[522.0, 603.5999755859375]"
amp_sweep,1788868609.6698442,7.470576282000001,1.3081237586300136,0.903,0.0,0.40857048529653334,0.7,1.4408120837792424,5,1.1136700520049756,86.08,2,"[460.20001220703125, 660.2000122070312]"
amp_sweep,1788868609.71992,7.520652073000001,1.3106323866494876,0.903,0.0,0.40929822664506665,0.7,1.6610488010250322,5,1.1811652066719438,129.12,2,"[460.20001220703125, 660.2000122070312]"
amp_sweep,1788868609.7698226,7.570554667000001,1.2935158281942156,0.903,0.0,0.4100233789093334,0.7,1.8805019824435547,5,1.2425244381873692,129.12,2,"[414.20001220703125, 696.7999877929688]"
amp_sweep,1788868609.819708,7.620440171,1.2575524581943327,0.903,0.0,0.4107488352254667,0.7,2.100047179225946,5,1.2732040539450822,139.88,2,"[414.20001220703125, 696.7999877929688]"
amp_sweep,1788868609.869825,7.670557067000001,1.2042007697135517,0.903,0.0,0.4114767638069333,0.7,2.320340558865155,5,1.2793399770966247,118.36,2,"[396.0, 713.5999755859375]"
amp_sweep,1788868609.9199092,7.720641438,1.1361547643311838,0.903,0.0,0.41220390626586667,0.7,2.5403960338608513,5,1.2778059963087391,0.0,2,"[396.0, 713.5999755859375]"
amp_sweep,1788868609.969897,7.770629271000001,1.0566350714919912,0.903,0.0,0.41293076337733337,0.7,2.7603651540143233,5,1.2624661884298827,-2.69,2,"[394.0, 702.7999877929688]"
amp_sweep,1788868610.019859,7.820591294000001,0.9694382310297469,0.903,0.0,0.4136574486612,0.7,2.9802822738978705,5,1.2302525918842842,-2.69,2,"[394.0, 702.7999877929688]"
amp_sweep,1788868610.0699103,7.870642463,0.878750486227171,0.903,0.0,0.41438395598440003,0.7,3.2001455374585603,5,1.179631225884058,-2.69,2,"[403.0, 688.7999877929688]"
amp_sweep,1788868610.119837,7.920569284000001,0.7889240518559639,0.903,0.0,0.4151103793776,0.7,3.4199834012426464,5,1.1136700520049756,-5.38,2,"[403.0, 688.7999877929688]"
amp_sweep,1788868610.1698914,7.9706234810000005,0.7042090527918679,0.903,0.0,0.41583747753893335,0.7,3.6400254704341677,5,1.0154952815802945,-5.38,2,"[443.20001220703125, 655.5999755859375]"
amp_sweep,1788868610.2196977,8.020429899,0.6290007836143521,0.903,0.0,0.41656249244866667,0.7,3.8594370841836536,5,0.9357282806102412,-29.59,2,"[443.20001220703125, 655.5999755859375]"
amp_sweep,1788868610.2697675,8.07049965,0.5665208312761577,0.903,0.0,0.4172897825372,0.7,4.079537236396796,5,0.8528933180644165,-96.84,2,"[520.4000244140625, 591.5999755859375]"
amp_sweep,1788868610.3197773,8.120509187,0.5201184240546992,0.903,0.0,0.4180164794622667,0.7,4.299457879262349,5,0.7685243747307062,-56.49,2,"[520.4000244140625, 591.5999755859375]"
amp_sweep,1788868610.3700557,8.170787944,0.49194685965454604,0.903,0.0,0.418746566142,0.7,4.520404365226632,5,0.6902913545485385,-99.53,2,"[601.0, 486.3999938964844]"
amp_sweep,1788868610.4198349,8.220566779,0.48368332974890904,0.903,0.0,0.4194704218149333,0.7,4.739465158581126,5,0.624330180669456,-158.71,2,"[601.0, 486.3999938964844]"
amp_sweep,1788868610.4699564,8.270688708,0.4956042130097885,0.903,0.0,0.4201987369104,0.7,4.959875509139607,5,0.5706408530934585,-137.19,2,"[638.0, 405.0]"
amp_sweep,1788868610.5199616,8.320693825000001,0.527239647552485,0.903,0.0,0.42092572456026667,0.7,5.179884134192378,5,0.526155410244775,-129.12,2,"[638.0, 405.0]"
amp_sweep,1788868610.5697312,8.370463355,0.5768610318908636,0.903,0.0,0.4216493184442667,0.7,5.398865702235014,5,0.5077476407901472,-129.12,2,"[648.0, 365.79998779296875]"
amp_sweep,1788868610.619672,8.42040429,0.6425399355924745,0.903,0.0,0.422375726374,0.7,5.618698886302681,5,0.5092816215780329,-64.56,2,"[648.0, 365.79998779296875]"
amp_sweep,1788868610.6698587,8.470590818,0.7212446350042979,0.903,0.0,0.42310421663973335,0.7,5.839162248723916,5,0.521553467881118,5.38,2,"[643.7999877929688, 363.3999938964844]"
amp_sweep,1788868610.719888,8.520620146,0.808850831695261,0.903,0.0,0.4238312286329333,0.7,6.0591782408114625,5,0.5537670644267164,2.69,2,"[643.7999877929688, 363.3999938964844]"
amp_sweep,1788868610.7699618,8.570694043000001,0.901414271529694,0.903,0.0,0.4245590867568,0.7,6.279450297833016,5,0.5997864880632857,5.38,2,"[627.4000244140625, 388.20001220703125]"
amp_sweep,1788868610.8200457,8.620777934000001,0.9943768440981908,0.903,0.0,0.42528698013853333,0.7,0.21654771778027282,6,0.6611457195787114,2.69,2,"[627.4000244140625, 388.20001220703125]"
amp_sweep,1788868610.869861,8.670593151,1.082776145374881,0.903,0.0,0.42601096957626666,0.7,0.4356489924410667,6,0.7363107781851077,2.69,2,"[599.7999877929688, 472.0]"
amp_sweep,1788868610.9198678,8.720599929,1.1631438923537394,0.903,0.0,0.426737666138,0.7,0.6555695253508773,6,0.8222137023067037,8.07,2,"[599.7999877929688, 472.0]"
amp_sweep,1788868610.9697368,8.770469063,1.2311143276418537,0.903,0.0,0.42746295937559997,0.7,0.8750653695976354,6,0.9295923574586985,8.07,2,"[544.2000122070312, 583.5999755859375]"
amp_sweep,1788868611.0197012,8.820433415,1.2836003683165238,0.903,0.0,0.4281892120166667,0.7,1.0948515585807996,6,1.0139613007924089,86.08,2,"[544.2000122070312, 583.5999755859375]"
amp_sweep,1788868611.0697243,8.870456545,1.3179444037810852,0.903,0.0,0.42891618209573334,0.7,1.314854866173846,6,1.0921943209745766,86.08,2,"[478.20001220703125, 652.0]"
amp_sweep,1788868611.1198363,8.920568325000001,1.3323702465080813,0.903,0.0,0.4296439509558667,0.7,1.5350999092684887,6,1.1658253987930873,104.91,2,"[478.20001220703125, 652.0]"
amp_sweep,1788868611.169751,8.970483155,1.3261111919779012,0.903,0.0,0.43036964184000004,0.7,1.7547160934784785,6,1.2241166687327416,129.12,2,"[426.0, 697.7999877929688]"
amp_sweep,1788868611.2198212,9.020553354,1.2993800540748806,0.903,0.0,0.4310970998030667,0.7,1.9748670496430591,6,1.2701360923693108,134.5,2,"[426.0, 697.7999877929688]"
amp_sweep,1788868611.2698286,9.070560609000001,1.253442701679169,0.903,0.0,0.431823864686,0.7,2.194808258630758,6,1.2977477465512524,153.32999999999998,2,"[406.3999938964844, 716.0]"
amp_sweep,1788868611.3198552,9.120587346,1.1904221469353133,0.903,0.0,0.43255077135613335,0.7,2.414792376747556,6,1.3084856120664519,129.12,2,"[406.3999938964844, 716.0]"
amp_sweep,1788868611.3697326,9.170464859,1.1135067191423238,0.903,0.0,0.4332759658397334,0.7,2.6342583350233966,6,1.2992817273391382,129.12,2,"[393.0, 714.2000122070312]"
amp_sweep,1788868611.4196754,9.22040737,1.026075298767132,0.903,0.0,0.4340022864822667,0.7,2.8540651033234,6,1.2686021115814252,-2.69,2,"[393.0, 714.2000122070312]"
amp_sweep,1788868611.4697225,9.270454764,0.9322981828274597,0.903,0.0,0.4347295178416,0.7,3.0741474822902646,6,1.2210487071569704,-2.69,2,"[391.79998779296875, 697.0]"
amp_sweep,1788868611.519871,9.320603137,0.8366647185188666,0.903,0.0,0.43545771677213335,0.7,3.294522677798632,6,1.1596894756415448,-2.69,2,"[391.79998779296875, 697.0]"
amp_sweep,1788868611.569916,9.370648084,0.7440107476210194,0.903,0.0,0.4361852216052,0.7,3.514687818254039,6,1.086058397823034,-29.59,2,"[415.79998779296875, 668.2000122070312]"
amp_sweep,1788868611.6198409,9.420572957000001,0.6589676632448773,0.903,0.0,0.4369106283772,0.7,3.734218021471328,6,1.0032234352772094,-24.21,2,"[415.79998779296875, 668.2000122070312]"
amp_sweep,1788868611.6699452,9.470677478,0.5851172997572323,0.903,0.0,0.4376388547176,0.7,3.954601512040938,6,0.9142525495798421,-56.49,2,"[501.79998779296875, 610.0]"
amp_sweep,1788868611.7200108,9.520743143,0.5265010423328476,0.903,0.0,0.43836597451906667,0.7,4.174650130196511,6,0.8237476830945893,-115.67,2,"[501.79998779296875, 610.0]"
amp_sweep,1788868611.7697027,9.570434870000001,0.4860442012139396,0.903,0.0,0.439089218702,0.7,4.393525868035745,6,0.7133010663668231,-115.67,2,"[584.4000244140625, 514.2000122070312]"
amp_sweep,1788868611.8196754,9.620407668,0.46533666132688034,0.903,0.0,0.43981580824026667,0.7,4.613414012381931,6,0.6381360077604268,-137.19,2,"[584.4000244140625, 514.2000122070312]"
amp_sweep,1788868611.8696973,9.670429637,0.4656788765476194,0.903,0.0,0.44054271787520005,0.7,4.833399027737592,6,0.5767767762450011,-139.88,2,"[632.2000122070312, 417.20001220703125]"
amp_sweep,1788868611.9199708,9.720702828,0.48726691365006863,0.903,0.0,0.44127258079973336,0.7,5.054277798557187,6,0.5246214294568893,-129.12,2,"[632.2000122070312, 417.20001220703125]"
amp_sweep,1788868611.9699817,9.770713698,0.5289393297839322,0.903,0.0,0.44199927817533335,0.7,5.274198577767862,6,0.49394181369917645,-156.02,2,"[656.0, 376.20001220703125]"
amp_sweep,1788868612.0198774,9.820609653,0.58865464123266,0.903,0.0,0.4427244304832,0.7,5.493651772381071,6,0.48013598660820567,-134.5,2,"[656.0, 376.20001220703125]"
amp_sweep,1788868612.069979,9.870711101000001,0.6640051580710549,0.903,0.0,0.4434525591596,0.7,5.714005706846997,6,0.4816699673960913,5.38,2,"[656.7999877929688, 358.0]"
amp_sweep,1788868612.1199791,9.920711335,0.7510021592029006,0.903,0.0,0.44417926410706665,0.7,5.93392877753535,6,0.504679679214376,5.38,2,"[656.7999877929688, 358.0]"
amp_sweep,1788868612.1696944,9.970426378,0.8451798622006446,0.903,0.0,0.44490267623720003,0.7,6.152855341317171,6,0.5583690067903734,5.38,2,"[649.4000244140625, 367.6000061035156]"
amp_sweep,1788868612.219649,10.020381263,0.9427939199992985,0.903,0.0,0.44562880081053335,0.7,0.08941746592049782,7,0.619728238305799,2.69,2,"[649.4000244140625, 367.6000061035156]"
amp_sweep,1788868612.2698884,10.070620489000001,1.0391718663685885,0.903,0.0,0.44635773604333334,0.7,0.3100154889409197,7,0.6933593161243098,2.69,2,"[621.2000122070312, 432.6000061035156]"
amp_sweep,1788868612.3198552,10.120587301,1.1289474216420334,0.903,0.0,0.4470840574706667,0.7,0.529822494745325,7,0.7731263170943632,2.69,2,"[621.2000122070312, 432.6000061035156]"
amp_sweep,1788868612.3699446,10.170676902,1.2082979234524471,0.903,0.0,0.44781212580466667,0.7,0.7501581677614766,7,0.863631183579616,5.38,2,"[571.5999755859375, 549.7999877929688]"
amp_sweep,1788868612.4199584,10.220690614,1.273033833486438,0.903,0.0,0.4485390881810667,0.7,0.9701591442927722,7,0.9495341077012119,40.35,2,"[571.5999755859375, 549.7999877929688]"
amp_sweep,1788868612.4699023,10.270634371,1.3200365939449927,0.903,0.0,0.4492645972822667,0.7,1.1897203154454843,7,1.0415729549743504,104.91,2,"[492.3999938964844, 640.0]"
amp_sweep,1788868612.5198858,10.320617912000001,1.3471574016989627,0.903,0.0,0.4499911561116,0.7,1.4095991663322849,7,1.1244079175201749,86.08,2,"[492.3999938964844, 640.0]"
amp_sweep,1788868612.5696707,10.370402995000001,1.3529562579671546,0.903,0.0,0.4507156524138667,0.7,1.6288538336526202,7,1.214912784005428,86.08,2,"[427.79998779296875, 689.4000244140625]"
amp_sweep,1788868612.6196868,10.420418868,1.337110643821201,0.903,0.0,0.45144239963880006,0.7,1.8487896987912151,7,1.2701360923693108,131.81,2,"[427.79998779296875, 689.4000244140625]"
amp_sweep,1788868612.6699219,10.470654175,1.300108056017986,0.903,0.0,0.4521715608504,0.7,2.069456109885479,7,1.3069516312785663,161.4,2,"[397.20001220703125, 718.4000244140625]"
amp_sweep,1788868612.7197826,10.520514564,1.24404843224915,0.903,0.0,0.45289676719320004,0.7,2.2889256571167707,7,1.320757458369537,164.09,2,"[397.20001220703125, 718.4000244140625]"
amp_sweep,1788868612.769878,10.570610041,1.171184528249471,0.903,0.0,0.453624108846,0.7,2.509041414248941,7,1.3192234775816514,48.42,2,"[388.0, 724.0]"
amp_sweep,1788868612.8198547,10.620586929,1.085221666018237,0.903,0.0,0.45435066504480004,0.7,2.728919469056166,7,1.3069516312785663,-2.69,2,"[388.0, 724.0]"
amp_sweep,1788868612.8698633,10.670595339,0.9901435492878182,0.903,0.0,0.4550775961454667,0.7,2.9489109805971196,7,1.2701360923693108,-2.69,2,"[388.0, 712.0]"
amp_sweep,1788868612.919957,10.72068902,0.8904094884442635,0.903,0.0,0.45580557216373335,0.7,3.1692187160581184,7,1.2164467647933135,-2.69,2,"[388.0, 712.0]"
amp_sweep,1788868612.9697378,10.77046992,0.7915156882357188,0.903,0.0,0.45652945218,0.7,3.3882868764473884,7,1.1274758790959463,-2.69,2,"[407.0, 685.2000122070312]"
amp_sweep,1788868613.0197403,10.820472545000001,0.6973357654648988,0.903,0.0,0.45725582996760006,0.7,3.608110938586627,7,1.047708878125893,-21.52,2,"[407.0, 685.2000122070312]"
amp_sweep,1788868613.0697346,10.870466799,0.6127222356449706,0.903,0.0,0.45798266167480006,0.7,3.8280723706345583,7,0.9587379924285258,-13.45,2,"[471.20001220703125, 636.2000122070312]"
amp_sweep,1788868613.1198635,10.920595519,0.5417268568294954,0.903,0.0,0.45871093514680006,0.7,4.04847012466314,7,0.8666991451553873,-99.53,2,"[471.20001220703125, 636.2000122070312]"
amp_sweep,1788868613.1699452,10.970677422000001,0.48811036714481226,0.903,0.0,0.4594376058828,0.7,4.2683828419187435,7,0.7731263170943632,-64.56,2,"[565.0, 548.4000244140625]"
amp_sweep,1788868613.2199345,11.020666764000001,0.4543108517720634,0.903,0.0,0.46016524311453333,0.7,4.488588050246861,7,0.684155431396996,-91.46,2,"[565.0, 548.4000244140625]"
amp_sweep,1788868613.270062,11.070794153000001,0.4421099072784341,0.903,0.0,0.46089300835586666,0.7,4.708831998182305,7,0.6089903727905995,-147.95,2,"[632.7999877929688, 425.79998779296875]"
amp_sweep,1788868613.319885,11.120616977000001,0.45208961618841265,0.903,0.0,0.46161785723680004,0.7,4.928193366555526,7,0.5445631796994026,-153.32999999999998,2,"[632.7999877929688, 425.79998779296875]"
amp_sweep,1788868613.3698468,11.170578994000001,0.4838092105420812,0.903,0.0,0.4623437674144,0.7,5.147875915653685,7,0.48627190975974827,-153.32999999999998,2,"[653.5999755859375, 371.3999938964844]"
amp_sweep,1788868613.4196746,11.220406897,0.5357616759865975,0.903,0.0,0.46306909012560005,0.7,5.367380679510305,7,0.4678641403051206,-169.47,2,"[653.5999755859375, 371.3999938964844]"
amp_sweep,1788868613.4699187,11.270650912,0.6059112809358502,0.903,0.0,0.46379797284946667,0.7,5.587962811726769,7,0.4678641403051206,-72.63,2,"[661.0, 353.3999938964844]"
amp_sweep,1788868613.519891,11.320623202,0.6904486896792419,0.903,0.0,0.4645248172442667,0.7,5.807928083429239,7,0.4770680250324344,-45.73,2,"[661.0, 353.3999938964844]"
amp_sweep,1788868613.56995,11.370682202000001,0.7855929315499877,0.903,0.0,0.46525226435093336,0.7,6.028075754116223,7,0.5092816215780329,5.38,2,"[652.4000244140625, 355.79998779296875]"
amp_sweep,1788868613.6199462,11.420678554,0.8865752331595986,0.903,0.0,0.4659787422586667,0.7,6.247930115659969,7,0.5583690067903734,2.69,2,"[652.4000244140625, 355.79998779296875]"
amp_sweep,1788868613.6699362,11.470668486000001,0.9886933086223952,0.903,0.0,0.4667054243452,0.7,0.18466096075339777,8,0.6227961998815703,2.69,2,"[629.0, 398.79998779296875]"
amp_sweep,1788868613.7198613,11.520593492000001,1.0868416581188245,0.903,0.0,0.46743092840333333,0.7,0.404220605720397,8,0.7071651432152806,2.69,2,"[629.0, 398.79998779296875]"
amp_sweep,1788868613.769701,11.570433141,1.176394638174218,0.903,0.0,0.46815592096080005,0.7,0.6236254549925775,8,0.8206797215188181,2.69,2,"[585.7999877929688, 517.4000244140625]"
amp_sweep,1788868613.8196726,11.620404738000001,1.2532387028931755,0.903,0.0,0.46888241693346666,0.7,0.8434852835358626,8,0.9142525495798421,21.52,2,"[585.7999877929688, 517.4000244140625]"
amp_sweep,1788868613.8696795,11.670411755,1.3134370833950644,0.903,0.0,0.4696089915605334,0.7,1.063368915298362,8,1.0032234352772094,99.53,2,"[513.7999877929688, 624.4000244140625]"
amp_sweep,1788868613.9199152,11.720647299000001,1.3541295726204723,0.903,0.0,0.47033809591773335,0.7,1.2840181205179775,8,1.0937283017624622,94.14999999999999,2,"[513.7999877929688, 624.4000244140625]"
amp_sweep,1788868613.9699497,11.770682082,1.373020711015343,0.903,0.0,0.47106558679880006,0.7,1.5041790386728593,8,1.1765632643082868,115.67,2,"[443.0, 681.7999877929688]"
amp_sweep,1788868614.019984,11.820716223000002,1.3692516338725542,0.903,0.0,0.4717926433076,0.7,1.7242085025380192,8,1.244058418975255,131.81,2,"[443.0, 681.7999877929688]"
amp_sweep,1788868614.0698721,11.870604490000002,1.3430525586580244,0.903,0.0,0.47251774265600005,0.7,1.943645670002148,8,1.2977477465512524,161.4,2,"[403.0, 722.7999877929688]"
amp_sweep,1788868614.1199021,11.920634261,1.2954906076753974,0.903,0.0,0.4732446494424,0.7,2.163629823304788,8,1.3314953238847365,190.99,2,"[403.0, 722.7999877929688]"
amp_sweep,1788868614.1697865,11.970518743000001,1.2290278606400553,0.903,0.0,0.47396968304200005,0.7,2.3830470931776873,8,1.3453011509757073,190.99,2,"[398.20001220703125, 730.7999877929688]"
amp_sweep,1788868614.2196867,12.020419059,1.1465740452490008,0.903,0.0,0.4746957639281334,0.7,2.6027813038820824,8,1.342233189399936,-5.38,2,"[398.20001220703125, 730.7999877929688]"
amp_sweep,1788868614.2697315,12.070463671,1.0519844857331795,0.903,0.0,0.47542295104800003,0.7,2.822850294637689,8,1.3130875544301088,-2.69,2,"[384.6000061035156, 723.0]"
amp_sweep,1788868614.3199122,12.120644536,0.9497418862353548,0.903,0.0,0.47615129131520006,0.7,3.0432682629300416,8,1.2640001692177683,-2.69,2,"[384.6000061035156, 723.0]"
amp_sweep,1788868614.3699248,12.170656832,0.8451421961299198,0.903,0.0,0.476878086006,0.7,3.263218492686889,8,1.1995729761265714,-2.69,2,"[401.0, 695.7999877929688]"
amp_sweep,1788868614.4198918,12.22062389,0.7430539070420531,0.903,0.0,0.4776045992878667,0.7,3.4830835595217593,8,1.1198059751565181,-2.69,2,"[401.0, 695.7999877929688]"
amp_sweep,1788868614.4698648,12.270597021,0.6483855489445447,0.903,0.0,0.47833096848626666,0.7,3.7029050223072346,8,1.0293011086712651,-29.59,2,"[450.3999938964844, 652.0]"
amp_sweep,1788868614.51995,12.320682028,0.5655824832469074,0.903,0.0,0.4790584996246667,0.7,3.923078123558426,8,0.9326603190344698,-29.59,2,"[450.3999938964844, 652.0]"
amp_sweep,1788868614.5698855,12.370617676,0.49897895719191976,0.903,0.0,0.4797843324122667,0.7,4.14273725208335,8,0.8099418560036186,-29.59,2,"[550.7999877929688, 577.2000122070312]"
amp_sweep,1788868614.61971,12.420442135,0.4516746817038836,0.903,0.0,0.4805091019412,0.7,4.362074606122327,8,0.7133010663668231,-53.8,2,"[550.7999877929688, 577.2000122070312]"
amp_sweep,1788868614.6698408,12.470572998000002,0.42581897587455303,0.903,0.0,0.4812373341676,0.7,4.582459877974976,8,0.6273981422452273,-134.5,2,"[622.7999877929688, 455.6000061035156]"
amp_sweep,1788868614.719897,12.520629021000001,0.42298851151197625,0.903,0.0,0.4819642186017334,0.7,4.802437266800311,8,0.5583690067903734,-169.47,2,"[622.7999877929688, 455.6000061035156]"
amp_sweep,1788868614.7698588,12.570591067,0.44331461302152436,0.903,0.0,0.48269096026040004,0.7,5.022371447416923,8,0.49854375606283335,-134.5,2,"[660.2000122070312, 378.6000061035156]"
amp_sweep,1788868614.8198478,12.620579840000001,0.48586066847115067,0.903,0.0,0.48341739058600003,0.7,5.242211409156582,8,0.461728217153578,-172.16,2,"[660.2000122070312, 378.6000061035156]"
amp_sweep,1788868614.8698313,12.670563442,0.5486516339874141,0.903,0.0,0.48414387815840004,0.7,5.462068695523087,8,0.44485442848683593,-177.54,2,"[666.7999877929688, 353.0]"
amp_sweep,1788868614.9198732,12.720605219000001,0.6288014631561015,0.903,0.0,0.48487105987186674,0.7,5.682136050137245,8,0.4433204476989503,-56.49,2,"[666.7999877929688, 353.0]"
amp_sweep,1788868614.9697137,12.770446035,0.7221484490107,0.903,0.0,0.48559610592653335,0.7,5.901557089293007,8,0.4693981210930062,-56.49,2,"[663.7999877929688, 348.6000061035156]"
amp_sweep,1788868615.019676,12.820408222000001,0.8246514788355118,0.903,0.0,0.4863224669862667,0.7,6.121376089069848,8,0.516951525517461,5.38,2,"[663.7999877929688, 348.6000061035156]"
amp_sweep,1788868615.0698464,12.870578508000001,0.9315288836269363,0.903,0.0,0.4870508057856,0.7,0.05860830596140687,9,0.5783107570328867,2.69,2,"[649.4000244140625, 377.0]"
amp_sweep,1788868615.1198432,12.920575437,1.0371022592350623,0.903,0.0,0.4877774460161334,0.7,0.2785117913328392,9,0.6565437772150544,2.69,2,"[649.4000244140625, 377.0]"
amp_sweep,1788868615.169853,12.970585287,1.1365084959038776,0.903,0.0,0.48850398519640004,0.7,0.49838469581306555,9,0.7455146629124216,2.69,2,"[607.2000122070312, 478.3999938964844]"
amp_sweep,1788868615.2198534,13.020585592000002,1.2249892078390925,0.903,0.0,0.4892308762286667,0.7,0.718364081434693,9,0.842155452549217,2.69,2,"[607.2000122070312, 478.3999938964844]"
amp_sweep,1788868615.2698753,13.070607390000001,1.2981839368556984,0.903,0.0,0.48995769723933336,0.7,0.9383222763855557,9,0.9387962421860124,37.66,2,"[535.5999755859375, 605.5999755859375]"
amp_sweep,1788868615.319859,13.120591192000001,1.352507375193646,0.903,0.0,0.49068425176680003,0.7,1.158199825396359,9,1.0369710126106935,126.42999999999999,2,"[535.5999755859375, 605.5999755859375]"
amp_sweep,1788868615.3697104,13.170442586,1.3852735399667648,0.903,0.0,0.49140945584240003,0.7,1.3776686865038101,9,1.1520195717021164,126.42999999999999,2,"[455.6000061035156, 679.0]"
amp_sweep,1788868615.4197092,13.220441587000002,1.3949603702111195,0.903,0.0,0.4921358677252,0.7,1.5975030668899635,9,1.2302525918842842,126.42999999999999,2,"[455.6000061035156, 679.0]"
amp_sweep,1788868615.4697156,13.270447801000001,1.3809413063895437,0.903,0.0,0.4928627869957334,0.7,1.8174909982719285,9,1.2916118233997098,161.4,2,"[408.20001220703125, 714.2000122070312]"
amp_sweep,1788868615.5197973,13.320529577,1.3437666003594215,0.903,0.0,0.4935903316065333,0.7,2.037668176682068,9,1.3360972662483934,196.37,2,"[408.20001220703125, 714.2000122070312]"
amp_sweep,1788868615.5698907,13.370622831,1.2851751061149541,0.903,0.0,0.49431779602240006,0.7,2.2578210856606447,9,1.3575729972787924,215.2,2,"[383.79998779296875, 732.4000244140625]"
amp_sweep,1788868615.6198661,13.420598344,1.2080488900837203,0.903,0.0,0.49504427997600003,0.7,2.4776772768679507,9,1.359106978066678,69.94,2,"[383.79998779296875, 732.4000244140625]"
amp_sweep,1788868615.6699367,13.470668826,1.1158741489604973,0.903,0.0,0.4957716019506667,0.7,2.6977870787970843,9,1.3483691125514785,-5.38,2,"[382.20001220703125, 730.7999877929688]"
amp_sweep,1788868615.7198281,13.520560215000001,1.0133932993542214,0.903,0.0,0.4964971974525334,0.7,2.917374397425455,9,1.3130875544301088,-2.69,2,"[382.20001220703125, 730.7999877929688]"
amp_sweep,1788868615.7697673,13.570499431,0.9051609704008965,0.903,0.0,0.4972237342057334,0.7,3.13724656740132,9,1.2409904573994837,-2.69,2,"[381.6000061035156, 712.4000244140625]"
amp_sweep,1788868615.8196704,13.620402531000002,0.7966843637107532,0.903,0.0,0.4979490724676,0.7,3.3567560373637306,9,1.167359379580973,-2.69,2,"[381.6000061035156, 712.4000244140625]"
amp_sweep,1788868615.869849,13.670581194,0.6925687382734318,0.903,0.0,0.4986775623990667,0.7,3.5772192986256854,9,1.0783884938836057,-16.14,2,"[423.3999938964844, 673.5999755859375]"
amp_sweep,1788868615.919797,13.720528938000001,0.5986460394897714,0.903,0.0,0.4994035994236,0.7,3.796940235472796,9,0.9817477042468103,-21.52,2,"[423.3999938964844, 673.5999755859375]"
amp_sweep,1788868615.9699378,13.770669838000002,0.5188720870539136,0.903,0.0,0.5001320377762667,0.7,4.017387887417492,9,0.8835729338221293,-69.94,2,"[515.5999755859375, 603.4000244140625]"
amp_sweep,1788868616.0199256,13.820657901,0.4576207177501581,0.903,0.0,0.5008585593276,0.7,4.2372554568450695,9,0.7838641826095626,-83.39,2,"[515.5999755859375, 603.4000244140625]"
amp_sweep,1788868616.069965,13.870697011,0.4176452556049813,0.903,0.0,0.5015856647992001,0.7,4.457299738346144,9,0.6826214506091103,-83.39,2,"[607.2000122070312, 486.79998779296875]"
amp_sweep,1788868616.1197712,13.920503292000001,0.40101409119203413,0.903,0.0,0.5023098860872001,0.7,4.676471177965581,9,0.5737088146692298,-83.39,2,"[607.2000122070312, 486.79998779296875]"
amp_sweep,1788868616.1697078,13.970439932000001,0.40843139401203504,0.903,0.0,0.5030357007226667,0.7,4.8961248131015935,9,0.5077476407901472,-180.23,2,"[653.4000244140625, 387.20001220703125]"
amp_sweep,1788868616.2196925,14.020424453,0.4397268308849037,0.903,0.0,0.5037624369749334,0.7,5.116057357576757,9,0.45712627478992107,-158.71,2,"[653.4000244140625, 387.20001220703125]"
amp_sweep,1788868616.2698689,14.070601147000001,0.49361281690054803,0.903,0.0,0.5044908422788,0.7,5.336495007947079,9,0.4279806398200939,-180.23,2,"[675.5999755859375, 352.79998779296875]"
amp_sweep,1788868616.3198493,14.120581407000001,0.567253111812258,0.903,0.0,0.5052170941641334,0.7,5.556280968222296,9,0.4249126782443226,-96.84,2,"[675.5999755859375, 352.79998779296875]"
amp_sweep,1788868616.3699253,14.170657464000001,0.6574802731758118,0.903,0.0,0.5059448221274667,0.7,5.776513634698524,9,0.4325825821837508,-53.8,2,"[672.0, 342.6000061035156]"
amp_sweep,1788868616.4199486,14.220680794000002,0.7597086989113064,0.903,0.0,0.5066716168909333,0.7,5.99646388644652,9,0.4632621979414636,5.38,2,"[672.0, 342.6000061035156]"
amp_sweep,1788868616.4699419,14.270674065000001,0.869107816032992,0.903,0.0,0.5073981650382666,0.7,6.216339504634476,9,0.516951525517461,2.69,2,"[655.2000122070312, 348.0]"
amp_sweep,1788868616.5198073,14.320539622,0.980262526674145,0.903,0.0,0.5081234474049334,0.7,0.1526467518258201,10,0.6105243535784852,2.69,2,"[655.2000122070312, 348.0]"
amp_sweep,1788868616.5697386,14.370470874,1.0881286017242486,0.903,0.0,0.50884947071,0.7,0.37236353674408207,10,0.6979612584879668,2.69,2,"[623.2000122070312, 435.0]"
amp_sweep,1788868616.619677,14.420409246,1.1874179698202998,0.903,0.0,0.5095757257054667,0.7,0.5921504382404592,10,0.7930680673368765,2.69,2,"[623.2000122070312, 435.0]"
amp_sweep,1788868616.6697073,14.470439467,1.2733604309142221,0.903,0.0,0.5103026751181334,0.7,0.8121474915508529,10,0.8943107993373288,2.69,2,"[560.4000244140625, 577.2000122070312]"
amp_sweep,1788868616.7198777,14.52060993,1.3417750630998933,0.903,0.0,0.5110309553626666,0.7,1.0325472951544796,10,0.9940195505498954,78.01,2,"[560.4000244140625, 577.2000122070312]"
amp_sweep,1788868616.7699037,14.570635905000001,1.3890531132887385,0.903,0.0,0.5117577778266666,0.7,1.2525059299283043,10,1.0921943209745766,115.67,2,"[476.20001220703125, 662.4000244140625]"
amp_sweep,1788868616.819946,14.620678286,1.4130162869546345,0.903,0.0,0.5124850526116,0.7,1.4726014508055556,10,1.1857671490356005,102.22,2,"[476.20001220703125, 662.4000244140625]"
amp_sweep,1788868616.8698878,14.670620018000001,1.412426659056095,0.903,0.0,0.5132110555409334,0.7,1.6923120694057587,10,1.2640001692177683,150.64,2,"[413.3999938964844, 711.2000122070312]"
amp_sweep,1788868616.9200628,14.720795067000001,1.3871434921885935,0.903,0.0,0.5139402340617334,0.7,1.9129837187916081,10,1.3238254199453083,182.92,2,"[413.3999938964844, 711.2000122070312]"
amp_sweep,1788868616.969699,14.770430975000002,1.3388305079501177,0.903,0.0,0.5146626230742667,0.7,2.131600655997957,10,1.371378824369763,182.92,2,"[388.6000061035156, 741.2000122070312]"
amp_sweep,1788868617.01969,14.820422339,1.2691342766492357,0.903,0.0,0.5153893208858666,0.7,2.3515215671555154,10,1.3836506706728484,172.16,2,"[388.6000061035156, 741.2000122070312]"
amp_sweep,1788868617.0697618,14.870493715,1.1815419956398385,0.903,0.0,0.51611629361,0.7,2.5715256752263684,10,1.3821166898849626,-2.69,2,"[385.6000061035156, 744.5999755859375]"
amp_sweep,1788868617.1197805,14.920512614000002,1.0802439560387,0.903,0.0,0.5168433413116,0.7,2.7915524737643267,10,1.3560390164909069,-2.69,2,"[385.6000061035156, 744.5999755859375]"
amp_sweep,1788868617.1698685,14.970600562000001,0.9699961498256632,0.903,0.0,0.5175710689261334,0.7,3.0117850346830437,10,1.3069516312785663,-2.69,2,"[384.20001220703125, 726.0]"
amp_sweep,1788868617.2199204,15.020652724000001,0.8563377017795103,0.903,0.0,0.5177017615684,0.7,3.231848694784233,10,1.239456476611598,-2.69,2,"[384.20001220703125, 726.0]"
amp_sweep,1788868617.269852,15.070584194,0.7453189105646636,0.903,0.0,0.5169758286897334,0.7,3.451538113917209,10,1.1550875332778878,-2.69,2,"[411.0, 684.5999755859375]"
amp_sweep,1788868617.3198526,15.120584725,0.642102013244535,0.903,0.0,0.5162493068767999,0.7,3.6714057625129186,10,1.055378782065321,-26.9,2,"[411.0, 684.5999755859375]"
amp_sweep,1788868617.3696916,15.170423688000001,0.5518911228051521,0.903,0.0,0.5155242912549334,0.7,3.890817591775658,10,0.9265243958829272,-26.9,2,"[483.79998779296875, 631.0]"
amp_sweep,1788868617.4197536,15.220485750000002,0.4785822089102315,0.903,0.0,0.5147973949761333,0.7,4.1107985651582055,10,0.8222137023067037,-112.98,2,"[483.79998779296875, 631.0]"
amp_sweep,1788868617.4697738,15.270505776,0.4258879691101125,0.903,0.0,0.5140701400437333,0.7,4.330888078053661,10,0.7209709703062513,-69.94,2,"[594.7999877929688, 520.7999877929688]"
amp_sweep,1788868617.519902,15.320634223,0.39631261166315634,0.903,0.0,0.5133421664525333,0.7,4.551195079010299,10,0.624330180669456,-123.74,2,"[594.7999877929688, 520.7999877929688]"
amp_sweep,1788868617.5699584,15.370690564,0.3912793969978935,0.903,0.0,0.5126143679008,0.7,4.771449107688255,10,0.5476311412751739,-172.16,2,"[646.5999755859375, 401.6000061035156]"
amp_sweep,1788868617.6199734,15.420705568,0.4108984054368483,0.903,0.0,0.5118877910356,0.7,4.991333416778133,10,0.483203948183977,-153.32999999999998,2,"[646.5999755859375, 401.6000061035156]"
amp_sweep,1788868617.6699395,15.470671641000001,0.45410433387648197,0.903,0.0,0.511161518324,0.7,5.211125679716531,10,0.4356505437595221,-182.92,2,"[670.0, 354.3999938964844]"
amp_sweep,1788868617.7199087,15.520640778,0.5187165160589009,0.903,0.0,0.510435642416,0.7,5.430797857789017,10,0.41264083194123746,-182.92,2,"[670.0, 354.3999938964844]"
amp_sweep,1788868617.7697296,15.570461747000001,0.60145130962324,0.903,0.0,0.5097108759826666,0.7,5.650134275005058,10,0.4141748127291231,-182.92,2,"[675.2000122070312, 347.79998779296875]"
amp_sweep,1788868617.8197222,15.620454323,0.6986760996808011,0.903,0.0,0.5089840220685333,0.7,5.870102427547991,10,0.4356505437595221,5.38,2,"[675.2000122070312, 347.79998779296875]"
amp_sweep,1788868617.8698575,15.670589766,0.8056679128918574,0.903,0.0,0.5082557727073334,0.7,6.090492884913473,10,0.48013598660820567,5.38,2,"[665.4000244140625, 349.20001220703125]"
amp_sweep,1788868617.9198678,15.720599838000002,0.9168250183642838,0.903,0.0,0.5075290261945333,0.7,0.027243227359228683,11,0.5460971604872883,2.69,2,"[665.4000244140625, 349.20001220703125]"
amp_sweep,1788868617.9697416,15.770473935000002,1.026817434190024,0.903,0.0,0.5068035031558666,0.7,0.2468086164142349,11,0.6258641614573416,2.69,2,"[640.5999755859375, 401.6000061035156]"
amp_sweep,1788868618.0199134,15.820645476000001,1.1309030211087907,0.903,0.0,0.5060754507504,0.7,0.46713946897062186,11,0.7179030087304801,2.69,2,"[640.5999755859375, 401.6000061035156]"
amp_sweep,1788868618.0698931,15.870625508000002,1.2235172223285677,0.903,0.0,0.5053488290353334,0.7,0.687037350997393,11,0.8191457407309324,2.69,2,"[586.5999755859375, 543.2000122070312]"
amp_sweep,1788868618.119787,15.920519050000001,1.3003496439029136,0.903,0.0,0.5046232832810666,0.7,0.9066096144854541,11,0.9510680884890975,2.69,2,"[586.5999755859375, 543.2000122070312]"
amp_sweep,1788868618.169751,15.970483122000001,1.3579565658330122,0.903,0.0,0.5038969721288,0.7,1.1264135107414504,11,1.0507768397016641,43.04,2,"[497.20001220703125, 643.2000122070312]"
amp_sweep,1788868618.2196867,16.020418963,1.3935308374850952,0.903,0.0,0.5031707880269334,0.7,1.3461789576732812,11,1.145883648550574,91.46,2,"[497.20001220703125, 643.2000122070312]"
amp_sweep,1788868618.269854,16.070586261000003,1.4054380176037367,0.903,0.0,0.5024424480794667,0.7,1.5665968292045775,11,1.227184630308513,123.74,2,"[429.6000061035156, 703.2000122070312]"
amp_sweep,1788868618.3198497,16.120581951000002,1.3930879290960783,0.903,0.0,0.5017157751198666,0.7,1.786510219389335,11,1.2900778426118242,161.4,2,"[429.6000061035156, 703.2000122070312]"
amp_sweep,1788868618.369882,16.170614354,1.3571836384059863,0.903,0.0,0.5009888579421333,0.7,2.0064975174262187,11,1.3391652278241648,174.85,2,"[396.6000061035156, 725.7999877929688]"
amp_sweep,1788868618.4198725,16.220604831,1.299553900196459,0.903,0.0,0.5002622856694667,0.7,2.2263804366755053,11,1.3667768820061064,201.75,2,"[396.6000061035156, 725.7999877929688]"
amp_sweep,1788868618.4699368,16.270668796000002,1.2228872949484633,0.903,0.0,0.49953456184813333,0.7,2.446611849656257,11,1.372912805157649,121.05,2,"[381.20001220703125, 738.0]"
amp_sweep,1788868618.5197504,16.320482422,1.1314132753032053,0.903,0.0,0.4988098145988,0.7,2.6659424612090774,11,1.3575729972787924,121.05,2,"[381.20001220703125, 738.0]"
amp_sweep,1788868618.5698125,16.370544809000002,1.028943391935472,0.903,0.0,0.49808279334786665,0.7,2.8859612549689544,11,1.3176894967937658,-5.38,2,"[379.79998779296875, 728.2000122070312]"
amp_sweep,1788868618.6197479,16.420480242,0.9209203407008663,0.903,0.0,0.4973571808274667,0.7,3.1055537239243236,11,1.2578642460662257,-2.69,2,"[379.79998779296875, 728.2000122070312]"
amp_sweep,1788868618.6698515,16.470583772,0.8119961798410567,0.903,0.0,0.4966291535792,0.7,3.3258769631450704,11,1.1857671490356005,-2.69,2,"[392.79998779296875, 698.4000244140625]"
amp_sweep,1788868618.7198691,16.520601154,0.7079565195379361,0.903,0.0,0.49590237640106666,0.7,3.5458218930351038,11,1.0967962633382335,-5.38,2,"[392.79998779296875, 698.4000244140625]"
amp_sweep,1788868618.769824,16.570556275,0.613677738424419,0.903,0.0,0.49517619336013335,0.7,3.765587018896163,11,1.0016894544893238,-13.45,2,"[459.6000061035156, 650.2000122070312]"
amp_sweep,1788868618.819948,16.620680077,0.533421061213644,0.903,0.0,0.4944484699166667,0.7,3.9858183175229485,11,0.9019807032767571,-61.87,2,"[459.6000061035156, 650.2000122070312]"
amp_sweep,1788868618.8699152,16.670647351,0.471324901047098,0.903,0.0,0.4937220922744,0.7,4.20564233567989,11,0.7992039904884191,-107.6,2,"[562.7999877929688, 561.2000122070312]"
amp_sweep,1788868618.9197385,16.720470644000002,0.43021199035135216,0.903,0.0,0.49299701523466666,0.7,4.4250727518614,11,0.6749515466696822,-107.6,2,"[562.7999877929688, 561.2000122070312]"
amp_sweep,1788868618.9696908,16.770422818,0.41185273852981324,0.903,0.0,0.4922709254105334,0.7,4.64480966747707,11,0.5936505649117432,-83.39,2,"[633.0, 438.79998779296875]"
amp_sweep,1788868619.0198748,16.820607106,0.41719347262780626,0.903,0.0,0.49154232743826665,0.7,4.865305625178728,11,0.526155410244775,-150.64,2,"[633.0, 438.79998779296875]"
amp_sweep,1788868619.0698528,16.870584868,0.4458958278751979,0.903,0.0,0.4908157896822667,0.7,5.085178098632447,11,0.47093210188089185,-145.26,2,"[668.5999755859375, 368.6000061035156]"
amp_sweep,1788868619.1199412,16.920673399000002,0.49660980765496887,0.903,0.0,0.49008784530306665,0.7,5.305476259147362,11,0.4387185053352934,-180.23,2,"[668.5999755859375, 368.6000061035156]"
amp_sweep,1788868619.169837,16.970569081,0.5664885532148063,0.903,0.0,0.48936267606386663,0.7,5.524934577698183,11,0.43104860139586515,-123.74,2,"[676.0, 346.79998779296875]"
amp_sweep,1788868619.2198913,17.020623574000002,0.652548595151381,0.903,0.0,0.48863540088653334,0.7,5.745030217327631,11,0.4341165629716365,8.07,2,"[676.0, 346.79998779296875]"
amp_sweep,1788868619.2698429,17.070574989,0.7502458601596695,0.903,0.0,0.4879093607664,0.7,5.964752090997671,11,0.4663301595172349,5.38,2,"[663.2000122070312, 346.3999938964844]"
amp_sweep,1788868619.3196957,17.12042788,0.8548504578055658,0.903,0.0,0.48718425435479995,0.7,6.184191396001445,11,0.5322913333963175,5.38,2,"[663.2000122070312, 346.3999938964844]"
amp_sweep,1788868619.369705,17.170437351,0.9617397059721896,0.903,0.0,0.48645716536399997,0.7,0.1210453827304292,12,0.5997864880632857,2.69,2,"[646.0, 377.20001220703125]"
amp_sweep,1788868619.4199312,17.220663341,1.0656868257595722,0.903,0.0,0.4857285891336,0.7,0.34153476068043176,12,0.684155431396996,2.69,2,"[646.0, 377.20001220703125]"
amp_sweep,1788868619.469818,17.270550316,1.1610880071611092,0.903,0.0,0.48500299212026665,0.7,0.5611225367246959,12,0.7746602978822488,2.69,2,"[611.2000122070312, 496.20001220703125]"
amp_sweep,1788868619.5199218,17.320653975000003,1.2440957756496527,0.903,0.0,0.4842747929281333,0.7,0.781497811401195,12,0.8759030298827011,10.76,2,"[611.2000122070312, 496.20001220703125]"
amp_sweep,1788868619.569813,17.370545178,1.310153028442925,0.903,0.0,0.483549490084,0.7,1.0009965628777877,12,0.9710098387316108,64.56,2,"[524.4000244140625, 621.5999755859375]"
amp_sweep,1788868619.6199667,17.420699023,1.356668393005648,0.903,0.0,0.48282080098773333,0.7,1.221520097479754,12,1.064582666792635,107.6,2,"[524.4000244140625, 621.5999755859375]"
amp_sweep,1788868619.6698442,17.47057621,1.3810300713443813,0.903,0.0,0.48209613202946666,0.7,1.440827015769102,12,1.1566215140657734,102.22,2,"[447.79998779296875, 684.5999755859375]"
amp_sweep,1788868619.7197113,17.520443579000002,1.3824425488714036,0.903,0.0,0.4813708042461333,0.7,1.6603333146078967,12,1.2501943421267976,102.22,2,"[447.79998779296875, 684.5999755859375]"
amp_sweep,1788868619.7697406,17.570472728000002,1.360787510128475,0.903,0.0,0.48064354469213333,0.7,1.8804242261404056,12,1.3054176504906807,166.78,2,"[403.20001220703125, 721.5999755859375]"
amp_sweep,1788868619.8197362,17.620468435,1.3171995826739127,0.903,0.0,0.4799170423829333,0.7,2.1002859723118377,12,1.3406992086120504,182.92,2,"[403.20001220703125, 721.5999755859375]"
amp_sweep,1788868619.8698814,17.670613638000003,1.2536674181491942,0.903,0.0,0.47918890503013334,0.7,2.320642532520907,12,1.354505035703021,190.99,2,"[386.20001220703125, 743.5999755859375]"
amp_sweep,1788868619.9198518,17.720584145,1.173641284353849,0.903,0.0,0.47846283162866665,0.7,2.5403744781369966,12,1.354505035703021,13.45,2,"[386.20001220703125, 743.5999755859375]"
amp_sweep,1788868619.9698424,17.77057473,1.0807720785109218,0.903,0.0,0.47773609351613333,0.7,2.760307585585565,12,1.3330293046726223,-5.38,2,"[378.0, 726.0]"
amp_sweep,1788868620.019889,17.820621164000002,0.9795945760995017,0.903,0.0,0.4770090869729333,0.7,2.980321928336963,12,1.2885438618239387,-2.69,2,"[378.0, 726.0]"
amp_sweep,1788868620.06986,17.870592173000002,0.875096273987863,0.903,0.0,0.47628248867106665,0.7,3.200212724815671,12,1.2256506495206272,-5.38,2,"[390.6000061035156, 705.7999877929688]"
amp_sweep,1788868620.1197984,17.920530528,0.7722984526059569,0.903,0.0,0.47555618202413336,0.7,3.420015257620463,12,1.1259418983080607,-5.38,2,"[390.6000061035156, 705.7999877929688]"
amp_sweep,1788868620.169732,17.970464341,0.676141981925264,0.903,0.0,0.47483025391239997,0.7,3.639703234134089,12,1.0369710126106935,-13.45,2,"[436.79998779296875, 666.2000122070312]"
amp_sweep,1788868620.2197254,18.020457553,0.5911174285484365,0.903,0.0,0.47410385217386664,0.7,3.859534544555899,12,0.9418642037617837,-8.07,2,"[436.79998779296875, 666.2000122070312]"
amp_sweep,1788868620.2698572,18.070589326,0.5212067561549231,0.903,0.0,0.4733758285298667,0.7,4.079856693015671,12,0.8498253564886452,-115.67,2,"[532.7999877929688, 598.7999877929688]"
amp_sweep,1788868620.3198752,18.120607286000002,0.47000220703155193,0.903,0.0,0.47264886670573336,0.7,4.299857502414241,12,0.7531845668518499,-51.11,2,"[532.7999877929688, 598.7999877929688]"
amp_sweep,1788868620.3698587,18.17059081,0.43981470537666173,0.903,0.0,0.4719225490861333,0.7,4.519663355882457,12,0.662679700366597,-99.53,2,"[621.7999877929688, 474.6000061035156]"
amp_sweep,1788868620.419891,18.220623331000002,0.4319804460082257,0.903,0.0,0.47119542893586663,0.7,4.7397120795955345,12,0.5890486225480862,-166.78,2,"[621.7999877929688, 474.6000061035156]"
amp_sweep,1788868620.469813,18.270545208,0.4468049496366452,0.903,0.0,0.47046965300266663,0.7,4.959354002245817,12,0.5246214294568893,-153.32999999999998,2,"[648.4000244140625, 387.3999938964844]"
amp_sweep,1788868620.5199099,18.320641854,0.48358052050015643,0.903,0.0,0.4697422016813333,0.7,5.179502948419412,12,0.4693981210930062,-153.32999999999998,2,"[648.4000244140625, 387.3999938964844]"
amp_sweep,1788868620.5697696,18.370501729,0.5403080944746113,0.903,0.0,0.4690164064042667,0.7,5.399150725113444,12,0.46019423636569234,-134.5,2,"[667.0, 349.0]"
amp_sweep,1788868620.6196673,18.420399365,0.6142221415623452,0.903,0.0,0.4682909755214667,0.7,5.618688224993832,12,0.46019423636569234,-59.18,2,"[667.0, 349.0]"
amp_sweep,1788868620.6699486,18.470680574000003,0.702188117967937,0.903,0.0,0.46756212503253336,0.7,5.839260601936786,12,0.4740000634566631,5.38,2,"[662.5999755859375, 347.3999938964844]"
amp_sweep,1788868620.71994,18.52067224,0.7994265416416954,0.903,0.0,0.46683450602560006,0.7,6.059460294884843,12,0.5092816215780329,5.38,2,"[662.5999755859375, 347.3999938964844]"
amp_sweep,1788868620.76988,18.570612449000002,0.9010595216052256,0.903,0.0,0.4661089946572,0.7,6.279022152161389,12,0.5645049299419159,2.69,2,"[642.5999755859375, 371.79998779296875]"
amp_sweep,1788868620.819887,18.620619035,1.002638411989253,0.903,0.0,0.46538225464079996,0.7,0.2157705285984619,13,0.6320000846088841,2.69,2,"[642.5999755859375, 371.79998779296875]"
amp_sweep,1788868620.8698497,18.670581815000002,1.0990661715360597,0.903,0.0,0.46465583879040007,0.7,0.4356061097013324,13,0.7163690279425944,2.69,2,"[615.7999877929688, 462.3999938964844]"
amp_sweep,1788868620.919724,18.720455987,1.1856481807140884,0.903,0.0,0.4639305176342667,0.7,0.6551104029473649,13,0.8360195293976744,2.69,2,"[615.7999877929688, 462.3999938964844]"
amp_sweep,1788868620.969657,18.770389237,1.2584585930333283,0.903,0.0,0.46320471530853335,0.7,0.8747603127828043,13,0.9280583766708129,40.35,2,"[548.2000122070312, 591.4000244140625]"
amp_sweep,1788868621.0196989,18.820431011,1.31408091391325,0.903,0.0,0.46247740578893337,0.7,1.0948663454290752,13,1.0200972239439514,107.6,2,"[548.2000122070312, 591.4000244140625]"
amp_sweep,1788868621.069712,18.870444085000003,1.3497043510034477,0.903,0.0,0.4617506237857333,0.7,1.3148127355313832,13,1.1060001480655473,83.39,2,"[471.0, 662.7999877929688]"
amp_sweep,1788868621.1199439,18.920675965,1.3637351675211196,0.903,0.0,0.4610211585804,0.7,1.5355711443965916,13,1.1857671490356005,123.74,2,"[471.0, 662.7999877929688]"
amp_sweep,1788868621.169827,18.970559171,1.355512514048102,0.903,0.0,0.4602962196654667,0.7,1.7549597598028939,13,1.248660361338912,137.19,2,"[415.6000061035156, 707.0]"
amp_sweep,1788868621.2198431,19.020575451000003,1.3255546821419522,0.903,0.0,0.45956947876253335,0.7,1.974893711711566,13,1.2977477465512524,166.78,2,"[415.6000061035156, 707.0]"
amp_sweep,1788868621.269979,19.070711074000002,1.2752399338174527,0.903,0.0,0.4588412192861333,0.7,2.1952872302449222,13,1.3284273623089653,174.85,2,"[392.79998779296875, 723.0]"
amp_sweep,1788868621.3197346,19.120466802000003,1.2075368179407686,0.903,0.0,0.45811711454093335,0.7,2.4144234004602723,13,1.3360972662483934,174.85,2,"[392.79998779296875, 723.0]"
amp_sweep,1788868621.3696766,19.170408868000003,1.1253002183007115,0.903,0.0,0.4573913378665333,0.7,2.6340655474202705,13,1.3268933815210797,-5.38,2,"[384.20001220703125, 726.0]"
amp_sweep,1788868621.4197423,19.220474424000003,1.0324257433469881,0.903,0.0,0.4566638070478667,0.7,2.854238551910406,13,1.2916118233997098,-2.69,2,"[384.20001220703125, 726.0]"
amp_sweep,1788868621.4698625,19.270594706,0.9335425245545064,0.903,0.0,0.4559358062066666,0.7,3.0745537995477648,13,1.2409904573994837,-2.69,2,"[387.20001220703125, 704.4000244140625]"
amp_sweep,1788868621.519821,19.320552999,0.8337516769803817,0.903,0.0,0.45520965396186663,0.7,3.294309605560052,13,1.1765632643082868,-2.69,2,"[387.20001220703125, 704.4000244140625]"
amp_sweep,1788868621.5698335,19.370565708,0.7374748276445846,0.903,0.0,0.4544824867236,0.7,3.514372579537415,13,1.0983302441261191,-2.69,2,"[413.3999938964844, 675.5999755859375]"
amp_sweep,1788868621.6198564,19.420588340000002,0.6495302311068221,0.903,0.0,0.45375578607799993,0.7,3.7342943483497706,13,1.012427320004523,-29.59,2,"[413.3999938964844, 675.5999755859375]"
amp_sweep,1788868621.6698396,19.470571929000002,0.5740755758355436,0.903,0.0,0.4530292679565333,0.7,3.9541608797951326,13,0.9173205111556134,-45.73,2,"[498.79998779296875, 616.7999877929688]"
amp_sweep,1788868621.7197108,19.520442997,0.5147644661596542,0.903,0.0,0.4523040325034666,0.7,4.173639236680536,13,0.7992039904884191,-45.73,2,"[498.79998779296875, 616.7999877929688]"
amp_sweep,1788868621.769794,19.570525969000002,0.4741587238438303,0.903,0.0,0.4515768092392,0.7,4.393719165833453,13,0.7102331047910518,-69.94,2,"[592.7999877929688, 513.5999755859375]"
amp_sweep,1788868621.8197272,19.620459378,0.45435126974820145,0.903,0.0,0.4508505100914666,0.7,4.613519429151701,13,0.6320000846088841,-142.57,2,"[592.7999877929688, 513.5999755859375]"
amp_sweep,1788868621.8698654,19.670597611,0.456195472316244,0.903,0.0,0.45012235962959996,0.7,4.833879956563969,13,0.5675728915176872,-150.64,2,"[641.5999755859375, 412.6000061035156]"
amp_sweep,1788868621.9198036,19.720535615000003,0.4795084458605084,0.903,0.0,0.4493963874528,0.7,5.053581268510094,13,0.5154175447295755,-129.12,2,"[641.5999755859375, 412.6000061035156]"
amp_sweep,1788868621.96989,19.770622261,0.5232007829315151,0.903,0.0,0.44866869220399996,0.7,5.273804034571235,13,0.4816699673960913,-164.09,2,"[661.4000244140625, 367.79998779296875]"
amp_sweep,1788868622.0199401,19.820672319,0.5850517088023468,0.903,0.0,0.4479411773865333,0.7,5.493972196610464,13,0.4693981210930062,-134.5,2,"[661.4000244140625, 367.79998779296875]"
amp_sweep,1788868622.06984,19.870572259000003,0.6617659580198291,0.903,0.0,0.44721595821079996,0.7,5.713445627478599,13,0.47093210188089185,5.38,2,"[667.4000244140625, 352.6000061035156]"
amp_sweep,1788868622.1198232,19.920555347,0.749919215951316,0.903,0.0,0.4464897051773333,0.7,5.933231935213961,13,0.5031456984264903,5.38,2,"[667.4000244140625, 352.6000061035156]"
amp_sweep,1788868622.1696424,19.970374577,0.8449709630688029,0.903,0.0,0.44576471464,0.7,6.1526361731322154,13,0.5522330836388308,2.69,2,"[654.0, 364.6000061035156]"
amp_sweep,1788868622.2197077,20.020439862,0.9428018598067204,0.903,0.0,0.4450374129829333,0.7,0.08955451915662138,14,0.6135923151542565,2.69,2,"[654.0, 364.6000061035156]"
amp_sweep,1788868622.269806,20.070537987,1.038439387261243,0.903,0.0,0.44430977165280006,0.7,0.30976096778552176,14,0.6887573737606529,2.69,2,"[626.0, 430.6000061035156]"
amp_sweep,1788868622.319854,20.120586035000002,1.1271842384681408,0.903,0.0,0.44358255388213336,0.7,0.5298392344076035,14,0.7700583555185919,2.69,2,"[626.0, 430.6000061035156]"
amp_sweep,1788868622.3698986,20.170630810000002,1.2048042758483377,0.903,0.0,0.44285570937106666,0.7,0.7498045412959158,14,0.8605632220038447,8.07,2,"[571.4000244140625, 557.4000244140625]"
amp_sweep,1788868622.4198437,20.220575903,1.2676202832209413,0.903,0.0,0.44212923854106667,0.7,0.9696567609017848,14,0.9495341077012119,51.11,2,"[571.4000244140625, 557.4000244140625]"
amp_sweep,1788868622.469831,20.270563145,1.3127057905871216,0.903,0.0,0.44140273161026666,0.7,1.18951990571027,14,1.038504993398579,99.53,2,"[490.79998779296875, 643.4000244140625]"
amp_sweep,1788868622.519756,20.320488259,1.337933885040152,0.903,0.0,0.44067691137946663,0.7,1.4091752341647208,14,1.1428156869748027,99.53,2,"[490.79998779296875, 643.4000244140625]"
amp_sweep,1788868622.5696626,20.370394821,1.3422123774079164,0.903,0.0,0.4399513148602667,0.7,1.6287628606691698,14,1.2087768608538851,137.19,2,"[428.0, 691.4000244140625]"
amp_sweep,1788868622.6197083,20.420440433,1.3253546679351527,0.903,0.0,0.4392240821784,0.7,1.8488456398749378,14,1.2624661884298827,126.42999999999999,2,"[428.0, 691.4000244140625]"
amp_sweep,1788868622.669792,20.470524027,1.2881879003988135,0.903,0.0,0.4384965181656,0.7,2.069028689921751,14,1.2992817273391382,145.26,2,"[392.79998779296875, 714.5999755859375]"
amp_sweep,1788868622.7197566,20.52048886,1.2326851888931434,0.903,0.0,0.4377702163728,0.7,2.288829753717806,14,1.3100195928543377,150.64,2,"[392.79998779296875, 714.5999755859375]"
amp_sweep,1788868622.769816,20.57054819,1.1614160922646701,0.903,0.0,0.43704288085306664,0.7,2.5089436547970365,14,1.3084856120664519,48.42,2,"[388.20001220703125, 725.2000122070312]"
amp_sweep,1788868622.8198557,20.620587976000003,1.077962022286968,0.903,0.0,0.4363157818633333,0.7,2.72898597468766,14,1.2946797849754812,-5.38,2,"[388.20001220703125, 725.2000122070312]"
amp_sweep,1788868622.8698206,20.670552617000002,0.9864849659477871,0.903,0.0,0.43558963627479996,0.7,2.9487397663107373,14,1.2593982268541113,-2.69,2,"[389.0, 722.0]"
amp_sweep,1788868622.9200456,20.72077781,0.8910850673452231,0.903,0.0,0.4348618323021334,0.7,3.168995435528373,14,1.1903690913992575,-2.69,2,"[389.0, 722.0]"
amp_sweep,1788868622.9696152,20.770347486000002,0.7971868790685841,0.903,0.0,0.43413881090066664,0.7,3.387803752904304,14,1.1213399559444037,-2.69,2,"[410.3999938964844, 691.5999755859375]"
amp_sweep,1788868623.0198112,20.820543232000002,0.7079379759871031,0.903,0.0,0.4334097845293333,0.7,3.6084293572232724,14,1.0415729549743504,-8.07,2,"[410.3999938964844, 691.5999755859375]"
amp_sweep,1788868623.0698144,20.870546466,0.6286625246963983,0.903,0.0,0.4326830663565333,0.7,3.8283564303006727,14,0.9572040116406401,-10.76,2,"[477.6000061035156, 635.4000244140625]"
amp_sweep,1788868623.1199446,20.920676832,0.5627571974151473,0.903,0.0,0.4319552097441333,0.7,4.0486280299063395,14,0.8713010875190442,-99.53,2,"[477.6000061035156, 635.4000244140625]"
amp_sweep,1788868623.169954,20.970686336,0.5135496671094828,0.903,0.0,0.4312284426085333,0.7,4.26856992061964,14,0.782330201821677,-69.94,2,"[564.4000244140625, 553.0]"
amp_sweep,1788868623.2199605,21.020692485,0.48324173893105,0.903,0.0,0.43050166888933333,0.7,4.48851380373101,14,0.6979612584879668,-86.08,2,"[564.4000244140625, 553.0]"
amp_sweep,1788868623.2697995,21.070531615,0.4732277040738336,0.903,0.0,0.4297764725309333,0.7,4.707980329378486,14,0.624330180669456,-156.02,2,"[630.2000122070312, 436.20001220703125]"
amp_sweep,1788868623.3198369,21.120569025,0.48387446207277895,0.903,0.0,0.42904980887266664,0.7,4.927890904696227,14,0.5537670644267164,-156.02,2,"[630.2000122070312, 436.20001220703125]"
amp_sweep,1788868623.3696675,21.170399705,0.5145599115038129,0.903,0.0,0.4283246059306667,0.7,5.147359422741758,14,0.5123495831538042,-121.05,2,"[660.5999755859375, 374.3999938964844]"
amp_sweep,1788868623.4198189,21.220551036,0.5639924924578101,0.903,0.0,0.42759632054133334,0.7,5.367760783318701,14,0.4954757944870621,-142.57,2,"[660.5999755859375, 374.3999938964844]"
amp_sweep,1788868623.4700105,21.270742519000002,0.6296985642649251,0.903,0.0,0.4268673719378667,0.7,5.5883628527104605,14,0.4970097752749477,-40.35,2,"[655.0, 359.79998779296875]"
amp_sweep,1788868623.5199466,21.320678847,0.70808279461507,0.903,0.0,0.4261412299826667,0.7,5.808115544776115,14,0.5062136600022615,5.38,2,"[655.0, 359.79998779296875]"
amp_sweep,1788868623.5698593,21.370591263,0.7954659629131944,0.903,0.0,0.4254158452432,0.7,6.0276390802771544,14,0.5368932757599744,2.69,2,"[645.0, 363.3999938964844]"
amp_sweep,1788868623.6199238,21.42065594,0.8879360855617517,0.903,0.0,0.42468866041959996,0.7,6.247707376112473,14,0.5829126993965437,2.69,2,"[645.0, 363.3999938964844]"
amp_sweep,1788868623.6697724,21.470504599,0.9805757396978566,0.903,0.0,0.4239633794917333,0.7,0.18401418787907886,15,0.6458059116998549,2.69,2,"[626.4000244140625, 413.0]"
amp_sweep,1788868623.7198563,21.520588503000003,1.0694355078422297,0.903,0.0,0.4232359434304,0.7,0.4041585159114831,15,0.7424467013366504,2.69,2,"[626.4000244140625, 413.0]"
amp_sweep,1788868623.7696977,21.57042978,1.1496979389524649,0.903,0.0,0.42251114038759996,0.7,0.6235060122681872,15,0.8268156446703606,2.69,2,"[585.5999755859375, 525.0]"
amp_sweep,1788868623.819729,21.620461067,1.2180842487979253,0.903,0.0,0.42178393797866665,0.7,0.8435796299614609,15,0.9111845880040709,13.45,2,"[585.5999755859375, 525.0]"
amp_sweep,1788868623.8698661,21.670598144000003,1.2711202820474985,0.903,0.0,0.42105575866813333,0.7,1.0639488878597163,15,0.9940195505498954,83.39,2,"[517.0, 624.0]"
amp_sweep,1788868623.9198632,21.720595290000002,1.306146117434316,0.903,0.0,0.4203290363388,0.7,1.283877218830817,15,1.0737865515199487,78.01,2,"[517.0, 624.0]"
amp_sweep,1788868623.969696,21.77042833,1.321649075401913,0.903,0.0,0.4196039138969333,0.7,1.5033213750819598,15,1.1474176293384597,99.53,2,"[451.3999938964844, 676.0]"
amp_sweep,1788868624.0198555,21.820587648,1.316990817764643,0.903,0.0,0.41887580912786665,0.7,1.7236680744600008,15,1.2072428800659996,118.36,2,"[451.3999938964844, 676.0]"
amp_sweep,1788868624.0698576,21.870589751,1.2924296821357637,0.903,0.0,0.4181491459056,0.7,1.9435785178308507,15,1.2563302652783401,129.12,2,"[413.6000061035156, 708.4000244140625]"
amp_sweep,1788868624.1200137,21.920745797000002,1.2491627275058748,0.903,0.0,0.41742158633999993,0.7,2.16376022201937,15,1.2916118233997098,129.12,2,"[413.6000061035156, 708.4000244140625]"
amp_sweep,1788868624.169754,21.970486227000002,1.1896511464051929,0.903,0.0,0.4166971924396,0.7,2.3829838994131265,15,1.2977477465512524,104.91,2,"[403.3999938964844, 717.4000244140625]"
amp_sweep,1788868624.2197778,22.020510191,1.1163791749953618,0.903,0.0,0.4159703298490667,0.7,2.602954677699195,15,1.2931458041875956,-5.38,2,"[403.3999938964844, 717.4000244140625]"
amp_sweep,1788868624.2698333,22.070565492,1.0330208674094916,0.903,0.0,0.41524283725306665,0.7,2.8231161148451847,15,1.265534150005654,-2.69,2,"[391.79998779296875, 709.7999877929688]"
amp_sweep,1788868624.319848,22.120580317,0.9437692114396958,0.903,0.0,0.4145159987006667,0.7,3.043079618459309,15,1.222582687944856,-2.69,2,"[391.79998779296875, 709.7999877929688]"
amp_sweep,1788868624.3698418,22.170573944,0.8528905145679557,0.903,0.0,0.41378933688813335,0.7,3.262989635201869,15,1.1658253987930873,-2.69,2,"[400.3999938964844, 684.2000122070312]"
amp_sweep,1788868624.4197466,22.220478747,0.7648461879988235,0.903,0.0,0.4130635783804,0.7,3.4826262843747244,15,1.0937283017624622,-2.69,2,"[400.3999938964844, 684.2000122070312]"
amp_sweep,1788868624.4696877,22.270419885000003,0.6837183996499439,0.903,0.0,0.4123376360841333,0.7,3.702318553560552,15,1.012427320004523,-32.28,2,"[443.79998779296875, 651.2000122070312]"
amp_sweep,1788868624.5196812,22.320413285,0.6133305089283414,0.903,0.0,0.41161090660440003,0.7,3.922249048460664,15,0.9065826456404139,-32.28,2,"[443.79998779296875, 651.2000122070312]"
amp_sweep,1788868624.5697439,22.370476236000002,0.5571312207348427,0.903,0.0,0.41088430634053336,0.7,4.1421404387003875,15,0.8252816638824749,-94.14999999999999,2,"[535.7999877929688, 582.4000244140625]"
amp_sweep,1788868624.619717,22.420449108,0.5177384008112311,0.903,0.0,0.41015720441506665,0.7,4.362183647033412,15,0.7424467013366504,-51.11,2,"[535.7999877929688, 582.4000244140625]"
amp_sweep,1788868624.6697085,22.470440682000003,0.4970421341381125,0.903,0.0,0.40943068597386667,0.7,4.58205027523983,15,0.6672816427302539,-110.28999999999999,2,"[610.5999755859375, 475.20001220703125]"
amp_sweep,1788868624.7197769,22.520509082,0.4959436635579725,0.903,0.0,0.4087032569612,0.7,4.802192470130812,15,0.607456392002714,-134.5,2,"[610.5999755859375, 475.20001220703125]"
amp_sweep,1788868624.769879,22.570611302,0.5144723444942941,0.903,0.0,0.4079756160961333,0.7,5.02239877801636,15,0.5583690067903734,-129.12,2,"[641.2000122070312, 403.20001220703125]"
amp_sweep,1788868624.8199782,22.620710429000003,0.5516881321642344,0.903,0.0,0.4072476577213333,0.7,5.242701174026486,15,0.5246214294568893,-142.57,2,"[641.2000122070312, 403.20001220703125]"
amp_sweep,1788868624.8698714,22.67060356,0.6054986825584161,0.903,0.0,0.40652236733226665,0.7,5.462196156220223,15,0.5092816215780329,-131.81,2,"[659.0, 378.20001220703125]"
amp_sweep,1788868624.9206629,22.721395136,0.6746305060371981,0.903,0.0,0.40578470817546664,0.7,5.685434304591688,15,0.5123495831538042,-131.81,2,"[659.0, 378.20001220703125]"
amp_sweep,1788868624.9697504,22.770482619000003,0.7521232092853625,0.903,0.0,0.4050706968302667,0.7,5.901515904269949,15,0.5353592949720888,5.38,2,"[652.0, 368.6000061035156]"
amp_sweep,1788868625.0197372,22.820469295000002,0.8378763453347053,0.903,0.0,0.40434405219613334,0.7,6.121420722304983,15,0.5752427954571154,2.69,2,"[652.0, 368.6000061035156]"
amp_sweep,1788868625.069854,22.870586324,0.9266500747369075,0.903,0.0,0.403615792182,0.7,0.05862909639326119,16,0.6289321230331129,2.69,2,"[635.2000122070312, 400.6000061035156]"
amp_sweep,1788868625.1197906,22.920522704,1.0136849426309467,0.903,0.0,0.40288989964786664,0.7,0.2783063060405482,16,0.6948932969121955,2.69,2,"[635.2000122070312, 400.6000061035156]"
amp_sweep,1788868625.1698675,22.970599689,1.0952704937796798,0.903,0.0,0.40216236409133327,0.7,0.4984807443535715,16,0.7669903939428205,2.69,2,"[600.0, 491.6000061035156]"
amp_sweep,1788868625.2198646,23.020596772,1.1672107214068015,0.903,0.0,0.4014357442801333,0.7,0.7183780502122517,16,0.8498253564886452,2.69,2,"[600.0, 491.6000061035156]"
amp_sweep,1788868625.2698898,23.070621989000003,1.2262177925462363,0.903,0.0,0.40070870169426664,0.7,0.9384033005733414,16,0.9326603190344698,29.59,2,"[540.7999877929688, 590.5999755859375]"
amp_sweep,1788868625.319691,23.12042302,1.2693417392329516,0.903,0.0,0.39998399412093333,0.7,1.1577219049590468,16,1.033903051034922,29.59,2,"[540.7999877929688, 590.5999755859375]"
amp_sweep,1788868625.369698,23.170430206000002,1.2948279620325849,0.903,0.0,0.3992575060544,0.7,1.377579340865367,16,1.1060001480655473,80.7,2,"[475.0, 657.0]"
amp_sweep,1788868625.4197407,23.220472880000003,1.3013870563450771,0.903,0.0,0.3985304145348,0.7,1.5976194000659092,16,1.1688933603688585,110.28999999999999,2,"[475.0, 657.0]"
amp_sweep,1788868625.4699576,23.270689769,1.2886964551927818,0.903,0.0,0.39780177925546667,0.7,1.818126648023238,16,1.2195147263690846,112.98,2,"[419.6000061035156, 693.4000244140625]"
amp_sweep,1788868625.5199401,23.320672259000002,1.257520721284263,0.903,0.0,0.3970752304541333,0.7,2.0380024641315373,16,1.2563302652783401,121.05,2,"[419.6000061035156, 693.4000244140625]"
amp_sweep,1788868625.5699399,23.370672076,1.209410465952933,0.903,0.0,0.39634859358079993,0.7,2.2579049335119095,16,1.2732040539450822,145.26,2,"[399.3999938964844, 712.0]"
amp_sweep,1788868625.6197593,23.42049128,1.1469079665495487,0.903,0.0,0.39562368672639997,0.7,2.477283846423461,16,1.2747380347329678,34.97,2,"[399.3999938964844, 712.0]"
amp_sweep,1788868625.6697261,23.470458175,1.072787602605262,0.903,0.0,0.3948971669917333,0.7,2.6971508660723345,16,1.2640001692177683,-2.69,2,"[396.0, 707.5999755859375]"
amp_sweep,1788868625.719764,23.520496133,0.9907119727015895,0.903,0.0,0.39417007558839995,0.7,2.917190890087042,16,1.2210487071569704,-2.69,2,"[396.0, 707.5999755859375]"
amp_sweep,1788868625.7696931,23.570425086,0.9048551068821894,0.903,0.0,0.3934441516913333,0.7,3.1368775911140574,16,1.1734953027325155,-2.69,2,"[398.79998779296875, 690.5999755859375]"
amp_sweep,1788868625.8198442,23.620576351,0.8189539084770285,0.903,0.0,0.3927158846285333,0.7,3.3572734055233298,16,1.1121360712170898,-8.07,2,"[398.79998779296875, 690.5999755859375]"
amp_sweep,1788868625.869919,23.670651330000002,0.7375449132877069,0.903,0.0,0.391988692858,0.7,3.577343803712452,16,1.043106935762236,-13.45,2,"[437.3999938964844, 661.0]"
amp_sweep,1788868625.9197226,23.720454654,0.6646111148171897,0.903,0.0,0.39126371548786665,0.7,3.7967440568345836,16,0.9648739155800683,-16.14,2,"[437.3999938964844, 661.0]"
amp_sweep,1788868625.9698768,23.770608953,0.6031265443425691,0.903,0.0,0.3905356676749333,0.7,4.0170735195503795,16,0.8881748761857863,-96.84,2,"[510.79998779296875, 606.0]"
amp_sweep,1788868626.0198543,23.820586357,0.556437128029329,0.903,0.0,0.38980936607106664,0.7,4.2368745261694585,16,0.8068738944278473,-67.25,2,"[510.79998779296875, 606.0]"
amp_sweep,1788868626.069856,23.870588099000003,0.526555783141521,0.903,0.0,0.38908261551799994,0.7,4.456811398502666,16,0.7271068934577939,-51.11,2,"[589.4000244140625, 512.7999877929688]"
amp_sweep,1788868626.119865,23.920597019000002,0.5148905773885486,0.903,0.0,0.3883558059741333,0.7,4.676766123250275,16,0.6458059116998549,-51.11,2,"[589.4000244140625, 512.7999877929688]"
amp_sweep,1788868626.1696687,23.970400804,0.5218864916329449,0.903,0.0,0.3876312847762666,0.7,4.896028324738111,16,0.5967185264875144,-134.5,2,"[638.4000244140625, 423.3999938964844]"
amp_sweep,1788868626.219714,24.020446149,0.5472104152371887,0.903,0.0,0.3869038522756,0.7,5.116171575204234,16,0.5553010452146021,-129.12,2,"[638.4000244140625, 423.3999938964844]"
amp_sweep,1788868626.2697177,24.070449842000002,0.5895277544603839,0.903,0.0,0.38617721432679997,0.7,5.336074370053609,16,0.5353592949720888,-153.32999999999998,2,"[644.4000244140625, 383.3999938964844]"
amp_sweep,1788868626.3198762,24.120608266,0.6469060859351528,0.903,0.0,0.3854488858461333,0.7,5.556488771381666,16,0.5338253141842031,-69.94,2,"[644.4000244140625, 383.3999938964844]"
amp_sweep,1788868626.3699286,24.170660620000003,0.7163271397888337,0.903,0.0,0.3847216390378666,0.7,5.776575825666711,16,0.5414952181236313,2.69,2,"[641.7999877929688, 375.79998779296875]"
amp_sweep,1788868626.4198568,24.220589017,0.7942991302231195,0.903,0.0,0.3839959769733333,0.7,5.996183288187169,16,0.5660389107298016,5.38,2,"[641.7999877929688, 375.79998779296875]"
amp_sweep,1788868626.469944,24.270676002000002,0.8773883285396219,0.903,0.0,0.38326859538293334,0.7,6.216311131654592,16,0.607456392002714,2.69,2,"[629.4000244140625, 390.79998779296875]"
amp_sweep,1788868626.5199566,24.320688760000003,0.9613227475294889,0.903,0.0,0.38254186036599996,0.7,0.15305799510064588,17,0.6764855274575677,2.69,2,"[629.4000244140625, 390.79998779296875]"
amp_sweep,1788868626.5697258,24.370457952000002,1.0418873858158477,0.903,0.0,0.3818174251618667,0.7,0.3722941722632598,17,0.7439806821245359,2.69,2,"[601.5999755859375, 467.3999938964844]"
amp_sweep,1788868626.6197577,24.420489919,1.11575868620278,0.903,0.0,0.38109037263519996,0.7,0.5923224310134785,17,0.8176117599430467,2.69,2,"[601.5999755859375, 467.3999938964844]"
amp_sweep,1788868626.6698112,24.470543477000003,1.1791272742953018,0.903,0.0,0.3803630744516,0.7,0.8124250330405758,17,0.8958447801252144,8.07,2,"[552.7999877929688, 570.4000244140625]"
amp_sweep,1788868626.7199848,24.520716966000002,1.2290020611320378,0.903,0.0,0.3796349538266666,0.7,1.03277653088724,17,0.9710098387316108,51.11,2,"[552.7999877929688, 570.4000244140625]"
amp_sweep,1788868626.7698839,24.570615854000003,1.2628743071159303,0.903,0.0,0.37890896543066666,0.7,1.2524827512577232,17,1.043106935762236,88.77,2,"[492.3999938964844, 638.4000244140625]"
amp_sweep,1788868626.8199525,24.620684643,1.2793557709053778,0.903,0.0,0.3781820098704,0.7,1.4724816650192807,17,1.1106020904292042,80.7,2,"[492.3999938964844, 638.4000244140625]"
amp_sweep,1788868626.869882,24.670614290000003,1.2776740152800625,0.903,0.0,0.3774557287876,0.7,1.692276461338004,17,1.1688933603688585,118.36,2,"[435.6000061035156, 683.2000122070312]"
amp_sweep,1788868626.9198794,24.720611636,1.2579831176906695,0.903,0.0,0.37672893980839994,0.7,1.912224962590578,17,1.2241166687327416,118.36,2,"[435.6000061035156, 683.2000122070312]"
amp_sweep,1788868626.9697196,24.770451745000003,1.2214174897727275,0.903,0.0,0.37600415590599995,0.7,2.13156666647874,17,1.2501943421267976,115.67,2,"[411.3999938964844, 706.0]"
amp_sweep,1788868627.0198066,24.820538669,1.169539374144265,0.903,0.0,0.37527661555346664,0.7,2.3517425562075758,17,1.2593982268541113,99.53,2,"[411.3999938964844, 706.0]"
amp_sweep,1788868627.0699086,24.870640862000002,1.1049653502277532,0.903,0.0,0.3745485481786666,0.7,2.5720779389405592,17,1.2563302652783401,-2.69,2,"[407.3999938964844, 704.4000244140625]"
amp_sweep,1788868627.1198761,24.92060843,1.031091455580623,0.903,0.0,0.3738223325394666,0.7,2.7918529300308634,17,1.2348545342479411,-2.69,2,"[407.3999938964844, 704.4000244140625]"
amp_sweep,1788868627.1699793,24.970711404000003,0.9512124855635213,0.903,0.0,0.3730948637781333,0.7,3.0120071540801163,17,1.1965050145508,-2.69,2,"[402.79998779296875, 689.4000244140625]"
amp_sweep,1788868627.2198393,25.020571503000003,0.8695519478464602,0.903,0.0,0.3723694522537333,0.7,3.2315387955185244,17,1.1474176293384597,-2.69,2,"[402.79998779296875, 689.4000244140625]"
amp_sweep,1788868627.2698634,25.070595548,0.789643320161452,0.903,0.0,0.37164246511253335,0.7,3.4515472666332627,17,1.0829904362472627,-5.38,2,"[428.0, 660.5999755859375]"
amp_sweep,1788868627.31983,25.120562130000003,0.7155648869277571,0.903,0.0,0.3709161340350666,0.7,3.671357192862196,17,0.9940195505498954,-5.38,2,"[428.0, 660.5999755859375]"
amp_sweep,1788868627.3697395,25.170471702,0.650860236201133,0.903,0.0,0.3701907947849333,0.7,3.89086696190423,17,0.9219224535192704,-40.35,2,"[485.0, 622.4000244140625]"
amp_sweep,1788868627.4198318,25.220563948000002,0.5983276867464583,0.903,0.0,0.36946289835119994,0.7,4.1111506126593085,17,0.8482913757007595,-99.53,2,"[485.0, 622.4000244140625]"
amp_sweep,1788868627.469886,25.270618118,0.5607219528722686,0.903,0.0,0.3687355534283999,0.7,4.331267359393159,17,0.7715923363064775,-37.66,2,"[557.7999877929688, 544.4000244140625]"
amp_sweep,1788868627.5199075,25.320639685000003,0.5397640923223788,0.903,0.0,0.3680089630762666,0.7,4.551155750040216,17,0.701029220063738,-112.98,2,"[557.7999877929688, 544.4000244140625]"
amp_sweep,1788868627.5698395,25.370571709,0.5363478626532044,0.903,0.0,0.3672825574864,0.7,4.770988225992902,17,0.6473398924877406,-134.5,2,"[609.2000122070312, 451.79998779296875]"
amp_sweep,1788868627.6199105,25.420642782,0.550580556570675,0.903,0.0,0.3665555234025333,0.7,4.991010903389615,17,0.5997864880632857,-104.91,2,"[609.2000122070312, 451.79998779296875]"
amp_sweep,1788868627.6699188,25.470650993000003,0.5817062476824336,0.903,0.0,0.3658287052985333,0.7,5.210968218694525,17,0.5675728915176872,-123.74,2,"[633.2000122070312, 403.6000061035156]"
amp_sweep,1788868627.719779,25.520511061,0.6280569385161865,0.903,0.0,0.3651033211404,0.7,5.430491578266377,17,0.5506991028509451,-123.74,2,"[633.2000122070312, 403.6000061035156]"
amp_sweep,1788868627.7697067,25.570438693,0.6874390317100152,0.903,0.0,0.3643774593297333,0.7,5.650159490056048,17,0.5506991028509451,-5.38,2,"[639.7999877929688, 388.0]"
amp_sweep,1788868627.8197742,25.62050633,0.757070269996761,0.903,0.0,0.36365017181359993,0.7,5.8702588637825315,17,0.5675728915176872,2.69,2,"[639.7999877929688, 388.0]"
amp_sweep,1788868627.8698118,25.670544019,0.8334442369232987,0.903,0.0,0.3629229517030666,0.7,6.090337838519595,17,0.5997864880632857,2.69,2,"[630.7999877929688, 391.79998779296875]"
amp_sweep,1788868627.9197805,25.720512757,0.9127642587647326,0.903,0.0,0.3621966230817333,0.7,0.026961714268125547,18,0.6458059116998549,2.69,2,"[630.7999877929688, 391.79998779296875]"
amp_sweep,1788868627.969846,25.770578326000003,0.9914108073962503,0.903,0.0,0.3614692264348,0.7,0.24709411430153239,18,0.7040971816395093,2.69,2,"[612.0, 453.3999938964844]"
amp_sweep,1788868628.0198095,25.820541477000003,1.0653731897390353,0.903,0.0,0.36074295507480003,0.7,0.46688596820456496,18,0.7700583555185919,2.69,2,"[612.0, 453.3999938964844]"
amp_sweep,1788868628.0698407,25.870572821000003,1.1313015276750367,0.903,0.0,0.3600159514964,0.7,0.6868994137171001,18,0.8436894333371027,2.69,2,"[569.7999877929688, 542.0]"
amp_sweep,1788868628.1198435,25.920575685000003,1.1859558591219872,0.903,0.0,0.3592892802662666,0.7,0.9068122805125114,18,0.9357282806102412,2.69,2,"[569.7999877929688, 542.0]"
amp_sweep,1788868628.1697006,25.970432818000003,1.2267171011382878,0.903,0.0,0.3585641078733333,0.7,1.1262715534791852,18,1.004757416065095,75.32,2,"[512.5999755859375, 618.0]"
amp_sweep,1788868628.2197223,26.020454455000003,1.2518537266321415,0.903,0.0,0.3578372229741333,0.7,1.3462490830478657,18,1.0707185899441776,78.01,2,"[512.5999755859375, 618.0]"
amp_sweep,1788868628.2697697,26.070501693,1.2601064658359693,0.903,0.0,0.3571100568985333,0.7,1.5663117051668536,18,1.1305438406717176,102.22,2,"[458.20001220703125, 662.0]"
amp_sweep,1788868628.3198876,26.120619997000002,1.2511169530109287,0.903,0.0,0.3563821961441333,0.7,1.7865845582679896,18,1.1765632643082868,121.05,2,"[458.20001220703125, 662.0]"
amp_sweep,1788868628.3698564,26.170588417,1.2254380930902475,0.903,0.0,0.3556557388156,0.7,2.0064326919184623,18,1.213378803217542,110.28999999999999,2,"[420.6000061035156, 680.2000122070312]"
amp_sweep,1788868628.4198468,26.220578992,1.1843742908537056,0.903,0.0,0.3549293289529333,0.7,2.226266460950683,18,1.2333205534600555,118.36,2,"[420.6000061035156, 680.2000122070312]"
amp_sweep,1788868628.4698603,26.270592344,1.129930414843331,0.903,0.0,0.35420255844559995,0.7,2.446209372053289,18,1.2363885150358267,64.56,2,"[406.6000061035156, 695.0]"
amp_sweep,1788868628.5197213,26.320453461000003,1.0649443868713733,0.903,0.0,0.35347733581093327,0.7,2.6656838497000876,18,1.2256506495206272,64.56,2,"[406.6000061035156, 695.0]"
amp_sweep,1788868628.5696962,26.370428249000003,0.9923402341332955,0.903,0.0,0.3527508634258666,0.7,2.8855365399165436,18,1.1965050145508,-2.69,2,"[404.20001220703125, 686.4000244140625]"
amp_sweep,1788868628.6199207,26.420653041,0.9154925633776501,0.903,0.0,0.35202205169733336,0.7,3.1060971867808433,18,1.1550875332778878,-2.69,2,"[404.20001220703125, 686.4000244140625]"
amp_sweep,1788868628.6698635,26.470595759000002,0.8386225419480509,0.903,0.0,0.3512957727509334,0.7,3.325891336559792,18,1.1013982057018903,-2.69,2,"[414.6000061035156, 670.7999877929688]"
amp_sweep,1788868628.7198942,26.520626227,0.7650995604199586,0.903,0.0,0.3505688573026666,0.7,3.545878111207344,18,1.0400389741864646,-10.76,2,"[414.6000061035156, 670.7999877929688]"
amp_sweep,1788868628.769859,26.570591357,0.6985647977157299,0.903,0.0,0.34984252592,0.7,3.765688129799102,18,0.9740778003073821,-26.9,2,"[468.0, 634.7999877929688]"
amp_sweep,1788868628.8198621,26.620594275000002,0.6420920222847808,0.903,0.0,0.34911572053266665,0.7,3.9856415966530108,18,0.9035146840646426,-64.56,2,"[468.0, 634.7999877929688]"
amp_sweep,1788868628.8698642,26.670596463000003,0.59840962525546,0.903,0.0,0.34838907120426665,0.7,4.205547835316253,18,0.8314175870340175,-88.77,2,"[537.0, 572.7999877929688]"
amp_sweep,1788868628.9197867,26.720518722,0.569579144708255,0.903,0.0,0.3476633819624,0.7,4.42516352252629,18,0.7409127205487647,-88.77,2,"[537.0, 572.7999877929688]"
amp_sweep,1788868628.9697125,26.770444742000002,0.5568531093923164,0.903,0.0,0.3469373912701333,0.7,4.644870437817076,18,0.6826214506091103,-129.12,2,"[602.0, 486.3999938964844]"
amp_sweep,1788868629.019847,26.820579170000002,0.5608273250194264,0.903,0.0,0.34620920588466664,0.7,4.865241534175354,18,0.6350680461846554,-126.42999999999999,2,"[602.0, 486.3999938964844]"
amp_sweep,1788868629.069906,26.87063827,0.5812640384678243,0.903,0.0,0.3454820186485333,0.7,5.085310560116795,18,0.5967185264875144,-115.67,2,"[631.5999755859375, 422.79998779296875]"
amp_sweep,1788868629.1199348,26.920667064000003,0.6171185952908684,0.903,0.0,0.3447545861188,0.7,5.30545381937938,18,0.5752427954571154,-104.91,2,"[631.5999755859375, 422.79998779296875]"
amp_sweep,1788868629.1699827,26.970714668000003,0.6665851100681187,0.903,0.0,0.34402727546559997,0.7,5.525560195087564,18,0.5721748338813442,-88.77,2,"[635.4000244140625, 394.0]"
amp_sweep,1788868629.2199016,27.020633785,0.7270368420431768,0.903,0.0,0.34330209818946666,0.7,5.745020945859423,18,0.5767767762450011,2.69,2,"[635.4000244140625, 394.0]"
amp_sweep,1788868629.2699091,27.070641228000003,0.795852228573574,0.903,0.0,0.3425749587534666,0.7,5.965075506023339,18,0.5982525072754,5.38,2,"[627.7999877929688, 394.79998779296875]"
amp_sweep,1788868629.3196943,27.120426319000003,0.8692399183697203,0.903,0.0,0.3418506703359999,0.7,6.184267261065827,18,0.6427379501240836,5.38,2,"[627.7999877929688, 394.79998779296875]"
amp_sweep,1788868629.3696828,27.170414966000003,0.9441425119665035,0.903,0.0,0.34112430285253326,0.7,0.12090289768061524,19,0.6902913545485385,2.69,2,"[610.4000244140625, 429.79998779296875]"
amp_sweep,1788868629.4199295,27.220661504000002,1.0170138070701609,0.903,0.0,0.3403952144674666,0.7,0.3415472692457726,19,0.7470486437003072,2.69,2,"[610.4000244140625, 429.79998779296875]"
amp_sweep,1788868629.4698744,27.270606399000002,1.083806621521579,0.903,0.0,0.33966901308546665,0.7,0.5613179456727337,19,0.8130098175793898,2.69,2,"[574.2000122070312, 514.0]"
amp_sweep,1788868629.519827,27.320559013,1.1416428125800662,0.903,0.0,0.33894268504546665,0.7,0.7811269526716629,19,0.8835729338221293,8.07,2,"[574.2000122070312, 514.0]"
amp_sweep,1788868629.5698574,27.370589455,1.1878038158130406,0.903,0.0,0.33821573805986666,0.7,1.001123271477688,19,0.9495341077012119,43.04,2,"[519.4000244140625, 598.5999755859375]"
amp_sweep,1788868629.6199021,27.420634323,1.220053874706609,0.903,0.0,0.3374891222744,0.7,1.221019359026748,19,1.0139613007924089,83.39,2,"[519.4000244140625, 598.5999755859375]"
amp_sweep,1788868629.669838,27.470570026,1.2369245461836762,0.903,0.0,0.33676263101053333,0.7,1.4408777625436002,19,1.0783884938836057,83.39,2,"[471.6000061035156, 651.0]"
amp_sweep,1788868629.7198422,27.520574345,1.2376785320224966,0.903,0.0,0.3360361993624,0.7,1.6607181245221696,19,1.1443496677626883,83.39,2,"[471.6000061035156, 651.0]"
amp_sweep,1788868629.7696948,27.570427015000003,1.2223859051848562,0.903,0.0,0.3353108608534666,0.7,1.880227669254488,19,1.1826991874598294,115.67,2,"[432.20001220703125, 683.2000122070312]"
amp_sweep,1788868629.8198624,27.620594653,1.1917059546645647,0.903,0.0,0.33458252645773334,0.7,2.100643860662025,19,1.2087768608538851,121.05,2,"[432.20001220703125, 683.2000122070312]"
amp_sweep,1788868629.8698514,27.670583511,1.1473129797845465,0.903,0.0,0.33385556563639995,0.7,2.320644366582748,19,1.2195147263690846,104.91,2,"[417.0, 692.0]"
amp_sweep,1788868629.919854,27.720586076,1.091404550290069,0.903,0.0,0.3331291482164,0.7,2.540480422694422,19,1.217980745581199,0.0,2,"[417.0, 692.0]"
amp_sweep,1788868629.969849,27.770581250000003,1.026662647408905,0.903,0.0,0.33240245161106663,0.7,2.760400968798926,19,1.201106956914457,-2.69,2,"[415.0, 687.4000244140625]"
amp_sweep,1788868630.0198581,27.820590286,0.9562604734389727,0.903,0.0,0.33167577827359995,0.7,2.98031447333765,19,1.1688933603688585,-2.69,2,"[415.0, 687.4000244140625]"
amp_sweep,1788868630.069866,27.870598011000002,0.8836077424952601,0.903,0.0,0.33094912428,0.7,3.2002221238326243,19,1.1244079175201749,-2.69,2,"[424.20001220703125, 669.4000244140625]"
amp_sweep,1788868630.1198308,27.920563129,0.8122376497676852,0.903,0.0,0.3302228056866666,0.7,3.4200282719822397,19,1.0569127628532067,-2.69,2,"[424.20001220703125, 669.4000244140625]"
amp_sweep,1788868630.1697009,27.970433044,0.7456254775657458,0.903,0.0,0.329497472526,0.7,3.63953619816602,19,0.9955535313377811,-24.21,2,"[465.3999938964844, 636.0]"
amp_sweep,1788868630.2197704,28.020502723000003,0.6867074658321606,0.903,0.0,0.32877031072319995,0.7,3.859597527205473,19,0.9311263382465842,-29.59,2,"[465.3999938964844, 636.0]"
amp_sweep,1788868630.2698026,28.070534860000002,0.6384591103922352,0.903,0.0,0.32804312084199994,0.7,4.079667353624735,19,0.8666991451553873,-96.84,2,"[516.7999877929688, 589.4000244140625]"
amp_sweep,1788868630.3199062,28.120638363,0.6031473668118446,0.903,0.0,0.32731563677706665,0.7,4.299826209009886,19,0.7976700097005334,-37.66,2,"[516.7999877929688, 589.4000244140625]"
amp_sweep,1788868630.3698277,28.170559842000003,0.5824605842817723,0.903,0.0,0.3265893980008,0.7,4.519608202081905,19,0.7363107781851077,-69.94,2,"[578.5999755859375, 510.3999938964844]"
amp_sweep,1788868630.4200797,28.220811849,0.5772632934273749,0.903,0.0,0.32586108178626666,0.7,4.740018891304082,19,0.684155431396996,-137.19,2,"[578.5999755859375, 510.3999938964844]"
amp_sweep,1788868630.469728,28.270460293000003,0.5877096967437206,0.903,0.0,0.32513707935573327,0.7,4.959124097982233,19,0.6289321230331129,-137.19,2,"[612.2000122070312, 444.20001220703125]"
amp_sweep,1788868630.5198252,28.320557386,0.6132811177294506,0.903,0.0,0.3244102748549333,0.7,5.179077296544129,19,0.5997864880632857,-94.14999999999999,2,"[612.2000122070312, 444.20001220703125]"
amp_sweep,1788868630.5696473,28.370379391,0.6525963410312383,0.903,0.0,0.32368463980786666,0.7,5.398676582755549,19,0.5890486225480862,-123.74,2,"[627.4000244140625, 409.0]"
amp_sweep,1788868630.6199138,28.420646004,0.7040232179155724,0.903,0.0,0.32295533041439994,0.7,5.619387838199991,19,0.5875146417602005,-48.42,2,"[627.4000244140625, 409.0]"
amp_sweep,1788868630.6698003,28.470532569000003,0.7645533049238693,0.903,0.0,0.3222293974049333,0.7,5.839077296917033,19,0.5997864880632857,5.38,2,"[620.7999877929688, 406.79998779296875]"
amp_sweep,1788868630.719877,28.520609227,0.831585392848066,0.903,0.0,0.3215020695878666,0.7,6.059188866934512,19,0.6258641614573416,2.69,2,"[620.7999877929688, 406.79998779296875]"
amp_sweep,1788868630.7699432,28.570675299,0.901780559889903,0.903,0.0,0.3207744664803999,0.7,6.279383748219253,19,0.6657476619423682,2.69,2,"[612.5999755859375, 428.6000061035156]"
amp_sweep,1788868630.8199365,28.620668731000002,0.971618597508724,0.903,0.0,0.32004790349453327,0.7,0.2160785498201676,20,0.7163690279425944,2.69,2,"[612.5999755859375, 428.6000061035156]"
amp_sweep,1788868630.869791,28.670523358,1.0377338805659637,0.903,0.0,0.31932259078226666,0.7,0.4355802876947479,20,0.7915340865489908,2.69,2,"[587.2000122070312, 497.79998779296875]"
amp_sweep,1788868630.9199274,28.720659536000003,1.0972324826444007,0.903,0.0,0.31859549413239996,0.7,0.6556218994703755,20,0.8544272988523022,2.69,2,"[587.2000122070312, 497.79998779296875]"
amp_sweep,1788868630.9696765,28.770408478,1.1469628463718065,0.903,0.0,0.3178708635275999,0.7,0.874917210831498,20,0.9188544919434991,13.45,2,"[541.7999877929688, 587.5999755859375]"
amp_sweep,1788868631.019851,28.820583004000003,1.1849672936515336,0.903,0.0,0.31714248442733334,0.7,1.095346931193646,20,0.9802137234589247,64.56,2,"[541.7999877929688, 587.5999755859375]"
amp_sweep,1788868631.069827,28.870559374000003,1.2091300567272627,0.903,0.0,0.3164162883936,0.7,1.3151159890720692,20,1.0400389741864646,69.94,2,"[495.0, 627.7999877929688]"
amp_sweep,1788868631.1198823,28.920614484,1.2184891437911358,0.903,0.0,0.3156890201486666,0.7,1.535209530745945,20,1.0952622825503477,86.08,2,"[495.0, 627.7999877929688]"
amp_sweep,1788868631.1698387,28.970570972,1.2126334397855116,0.903,0.0,0.31496270422946665,0.7,1.7550148696212915,20,1.1397477253990314,110.28999999999999,2,"[454.3999938964844, 665.2000122070312]"
amp_sweep,1788868631.2199588,29.020690954000003,1.1918649486297277,0.903,0.0,0.3142345309648,0.7,1.9753822978559867,20,1.1719613219446299,104.91,2,"[454.3999938964844, 665.2000122070312]"
amp_sweep,1788868631.2698228,29.070554988,1.1574353072005497,0.903,0.0,0.3135096387890666,0.7,2.1947567685555214,20,1.193437052975029,104.91,2,"[423.3999938964844, 682.0]"
amp_sweep,1788868631.3198364,29.120568359000004,1.110833859811627,0.903,0.0,0.31278249919319995,0.7,2.4148113770999657,20,1.1980389953386859,104.91,2,"[423.3999938964844, 682.0]"
amp_sweep,1788868631.3696523,29.17038458,1.0546674350299874,0.903,0.0,0.31205802582453335,0.7,2.634059104013801,20,1.1903690913992575,-2.69,2,"[416.3999938964844, 680.5999755859375]"
amp_sweep,1788868631.4196947,29.220426943000003,0.9912474113609039,0.903,0.0,0.3113305998493333,0.7,2.8542003796747792,20,1.167359379580973,-5.38,2,"[416.3999938964844, 680.5999755859375]"
amp_sweep,1788868631.469812,29.270543967000002,0.923842015518303,0.903,0.0,0.3106028476589333,0.7,3.0744403779999345,20,1.1336118022474888,-2.69,2,"[417.6000061035156, 670.7999877929688]"
amp_sweep,1788868631.5198824,29.320614646000003,0.855787314163928,0.903,0.0,0.30987553113426664,0.7,3.2945485305929196,20,1.0891263593988052,-2.69,2,"[417.6000061035156, 670.7999877929688]"
amp_sweep,1788868631.569877,29.370609105000003,0.7903908951756469,0.903,0.0,0.309148978438,0.7,3.5144255254267875,20,1.0369710126106935,-16.14,2,"[435.79998779296875, 648.0]"
amp_sweep,1788868631.619987,29.420719256,0.7305821608993024,0.903,0.0,0.30842073705559997,0.7,3.7348135681641565,20,0.9756117810952678,-37.66,2,"[435.79998779296875, 648.0]"
amp_sweep,1788868631.6698523,29.470584505,0.6796008036235424,0.903,0.0,0.3076960159953333,0.7,3.954136254107027,20,0.9111845880040709,-51.11,2,"[494.79998779296875, 608.7999877929688]"
amp_sweep,1788868631.720012,29.52074397,0.6393255227787948,0.903,0.0,0.3069667226030666,0.7,4.174842667100535,20,0.8314175870340175,-51.11,2,"[494.79998779296875, 608.7999877929688]"
amp_sweep,1788868631.7696803,29.570412422,0.6122054697717695,0.903,0.0,0.3062445615604,0.7,4.393390613675564,20,0.7669903939428205,-34.97,2,"[561.2000122070312, 540.4000244140625]"
amp_sweep,1788868631.8197334,29.620465412,0.5989757659263482,0.903,0.0,0.3055172892316,0.7,4.613485391251999,20,0.7148350471547088,-112.98,2,"[561.2000122070312, 540.4000244140625]"
amp_sweep,1788868631.8698194,29.670551558000003,0.6004497339061055,0.903,0.0,0.3047896697741333,0.7,4.8336852205451635,20,0.6749515466696822,-118.36,2,"[603.5999755859375, 477.0]"
amp_sweep,1788868631.919874,29.720606066000002,0.6164860875386393,0.903,0.0,0.3040623658353333,0.7,5.053789564271227,20,0.6396699885483124,-96.84,2,"[603.5999755859375, 477.0]"
amp_sweep,1788868631.9698243,29.770556445,0.646191500569786,0.903,0.0,0.303336049422,0.7,5.273595052686375,20,0.6166602767300278,-107.6,2,"[629.5999755859375, 425.79998779296875]"
amp_sweep,1788868632.019956,29.820688237000002,0.6882228850260652,0.903,0.0,0.3026076341192,0.7,5.494035729038728,20,0.607456392002714,-96.84,2,"[629.5999755859375, 425.79998779296875]"
amp_sweep,1788868632.0697556,29.870487581000003,0.7401239805989255,0.903,0.0,0.3018830979665333,0.7,5.713302456304945,20,0.6120583343663708,-96.84,2,"[621.2000122070312, 412.6000061035156]"
amp_sweep,1788868632.1198409,29.920573028000003,0.7997664890288878,0.903,0.0,0.30115614897533327,0.7,5.933299382066679,20,0.6320000846088841,2.69,2,"[621.2000122070312, 412.6000061035156]"
amp_sweep,1788868632.1696892,29.970421412,0.86393601059188,0.903,0.0,0.3004308744857333,0.7,6.152789552597113,20,0.6657476619423682,2.69,2,"[609.0, 424.20001220703125]"
amp_sweep,1788868632.2198873,30.020619266,0.9300322602920995,0.903,0.0,0.30029785558000005,0.7,0.09014017862904922,21,0.705631162427395,2.69,2,"[609.0, 424.20001220703125]"
amp_sweep,1788868632.269886,30.070618262000004,0.9948738649455305,0.903,0.0,0.30102485447866667,0.7,0.3101522079116208,21,0.7531845668518499,5.38,2,"[591.4000244140625, 475.20001220703125]"
amp_sweep,1788868632.3198607,30.120592713,1.0555200557726188,0.903,0.0,0.3017509917250667,0.7,0.5299034749508351,21,0.8114758367915041,2.69,2,"[591.4000244140625, 475.20001220703125]"
amp_sweep,1788868632.3699706,30.170702699000003,1.109243343638307,0.903,0.0,0.3024791926612,0.7,0.7502792774149114,21,0.8728350683069298,5.38,2,"[550.7999877929688, 546.2000122070312]"
amp_sweep,1788868632.4198773,30.220609274,1.1530694781842268,0.903,0.0,0.3032044665549333,0.7,0.9697692676179273,21,0.9341942998223555,29.59,2,"[550.7999877929688, 546.2000122070312]"
amp_sweep,1788868632.4696882,30.270420410000003,1.185050760845828,0.903,0.0,0.3039290461768,0.7,1.1890491499892235,21,1.009359358428752,29.59,2,"[497.79998779296875, 612.7999877929688]"
amp_sweep,1788868632.5198648,30.320596939,1.2037070253918776,0.903,0.0,0.3046577488762667,0.7,1.4095768013342038,21,1.064582666792635,78.01,2,"[497.79998779296875, 612.7999877929688]"
amp_sweep,1788868632.5697134,30.370445377000003,1.2078668508594332,0.903,0.0,0.3053825344645334,0.7,1.6289190154170186,21,1.1090681096413186,99.53,2,"[450.6000061035156, 655.2000122070312]"
amp_sweep,1788868632.619698,30.420430207000003,1.197349471968176,0.903,0.0,0.30610937160720003,0.7,1.848882092402853,21,1.1474176293384597,94.14999999999999,2,"[450.6000061035156, 655.2000122070312]"
amp_sweep,1788868632.6698837,30.470615852,1.1724886951332203,0.903,0.0,0.30683786210546665,0.7,2.0693455251957644,21,1.175029283520401,110.28999999999999,2,"[426.20001220703125, 682.2000122070312]"
amp_sweep,1788868632.7199683,30.520700625000003,1.1344741140729622,0.903,0.0,0.3075656285530667,0.7,2.289589838184277,21,1.1873011298234863,99.53,2,"[426.20001220703125, 682.2000122070312]"
amp_sweep,1788868632.769858,30.570590012,1.0852545413724846,0.903,0.0,0.3082908866054667,0.7,2.5090750343168864,21,1.1857671490356005,40.35,2,"[414.20001220703125, 686.2000122070312]"
amp_sweep,1788868632.8198452,30.620577338,1.0269285190640411,0.903,0.0,0.30901740006173334,0.7,2.7289401539305302,21,1.175029283520401,-2.69,2,"[414.20001220703125, 686.2000122070312]"
amp_sweep,1788868632.8699207,30.67065291,0.9622906595947673,0.903,0.0,0.30974451085253335,0.7,2.9489860451836662,21,1.141281706186917,-2.69,2,"[417.0, 668.5999755859375]"
amp_sweep,1788868632.919837,30.720569091,0.8945658903724845,0.903,0.0,0.31047072819213334,0.7,3.16876155086684,21,1.102932186489776,-2.69,2,"[417.0, 668.5999755859375]"
amp_sweep,1788868632.9696782,30.770410297,0.8270693142871082,0.903,0.0,0.3111954277721333,0.7,3.388077736226201,21,1.0569127628532067,-2.69,2,"[439.79998779296875, 650.5999755859375]"
amp_sweep,1788868633.0197372,30.820469402,0.7626605739430011,0.903,0.0,0.31192300544626667,0.7,3.6082649206089528,21,1.000155473701438,-13.45,2,"[439.79998779296875, 650.5999755859375]"
amp_sweep,1788868633.069703,30.870435068000003,0.7048282723687461,0.903,0.0,0.3126494486484,0.7,3.828108779180134,21,0.940330222973898,-32.28,2,"[483.6000061035156, 617.2000122070312]"
amp_sweep,1788868633.1198697,30.920602095000003,0.6561785456978575,0.903,0.0,0.31337777808826667,0.7,4.048523470791345,21,0.8820389530342436,-91.46,2,"[483.6000061035156, 617.2000122070312]"
amp_sweep,1788868633.1698587,30.970590859,0.6193532985108137,0.903,0.0,0.31410423891933337,0.7,4.268372664415189,21,0.8176117599430467,-45.73,2,"[541.5999755859375, 559.7999877929688]"
amp_sweep,1788868633.2199636,31.020695791,0.5960071702863365,0.903,0.0,0.31483247669746667,0.7,4.488759616391583,21,0.7516505860639642,-51.11,2,"[541.5999755859375, 559.7999877929688]"
amp_sweep,1788868633.2697215,31.070453563,0.5874474611616964,0.903,0.0,0.3155559851690667,0.7,4.707715336038184,21,0.6872233929727672,-51.11,2,"[600.7999877929688, 477.0]"
amp_sweep,1788868633.3199081,31.120640309000002,0.5940616934062092,0.903,0.0,0.3162850272364,0.7,4.928345690445248,21,0.6473398924877406,-129.12,2,"[600.7999877929688, 477.0]"
amp_sweep,1788868633.3698525,31.170584772,0.6155891433846927,0.903,0.0,0.317010720286,0.7,5.147962529991453,21,0.6166602767300278,-75.32,2,"[617.2000122070312, 425.6000061035156]"
amp_sweep,1788868633.4198608,31.220592911,0.6510810840679828,0.903,0.0,0.3177368360521334,0.7,5.367707296447158,21,0.602854449639057,-102.22,2,"[617.2000122070312, 425.6000061035156]"
amp_sweep,1788868633.4698188,31.270550811000003,0.6989334048022711,0.903,0.0,0.3184636572226667,0.7,5.587665539778534,21,0.602854449639057,-29.59,2,"[622.4000244140625, 407.20001220703125]"
amp_sweep,1788868633.5198393,31.320571418000004,0.7568877067229518,0.903,0.0,0.31919077283853337,0.7,5.807712891243945,21,0.6089903727905995,2.69,2,"[622.4000244140625, 407.20001220703125]"
amp_sweep,1788868633.5697856,31.370517786,0.822062896807493,0.903,0.0,0.31991673553960004,0.7,6.0274113355442935,21,0.6304661038209985,2.69,2,"[612.5999755859375, 407.6000061035156]"
amp_sweep,1788868633.6199102,31.420642395,0.8916077359377095,0.903,0.0,0.3206444785594667,0.7,6.247648558586498,21,0.6657476619423682,2.69,2,"[612.5999755859375, 407.6000061035156]"
amp_sweep,1788868633.6697164,31.470448573000002,0.9617478999405774,0.903,0.0,0.321369373918,0.7,0.18383868531874725,22,0.7240389318820226,2.69,2,"[595.0, 456.0]"
amp_sweep,1788868633.7197347,31.520466841,1.0295638977501593,0.903,0.0,0.322096286198,0.7,0.403824501152215,22,0.7792622402459057,2.69,2,"[595.0, 456.0]"
amp_sweep,1788868633.7697268,31.570458976,1.0915423381013605,0.903,0.0,0.3228228348830667,0.7,0.6237002820746653,22,0.842155452549217,10.76,2,"[568.2000122070312, 528.5999755859375]"
amp_sweep,1788868633.8197186,31.620450625000004,1.144703549840085,0.903,0.0,0.32354944421573334,0.7,0.8435944168097222,22,0.9050486648525283,2.69,2,"[568.2000122070312, 528.5999755859375]"
amp_sweep,1788868633.8698568,31.670589099,1.186501908296801,0.903,0.0,0.3242774257857334,0.7,1.0639038323944732,22,0.9694758579437253,59.18,2,"[521.0, 600.5999755859375]"
amp_sweep,1788868633.9198437,31.720575880000002,1.2147113513939918,0.903,0.0,0.32500405835720003,0.7,1.283804999898834,22,1.0323690702470365,75.32,2,"[521.0, 600.5999755859375]"
amp_sweep,1788868633.969849,31.770581302000004,1.2279993976277397,0.903,0.0,0.3257308886401334,0.7,1.5037660009202654,22,1.0891263593988052,86.08,2,"[469.79998779296875, 652.5999755859375]"
amp_sweep,1788868634.0199852,31.820717307000002,1.225636761082889,0.903,0.0,0.3264584884630667,0.7,1.7239598882051013,22,1.1382137446111458,110.28999999999999,2,"[469.79998779296875, 652.5999755859375]"
amp_sweep,1788868634.0697334,31.870465556000003,1.2077617802708978,0.903,0.0,0.3271827813277334,0.7,1.943152989105883,22,1.1826991874598294,110.28999999999999,2,"[435.3999938964844, 677.4000244140625]"
amp_sweep,1788868634.1196642,31.920396351,1.175095267501027,0.903,0.0,0.3279087797226667,0.7,2.1628622354584053,22,1.2041749184902284,118.36,2,"[435.3999938964844, 677.4000244140625]"
amp_sweep,1788868634.169679,31.970411146000004,1.1291118545931529,0.903,0.0,0.32863559545773335,0.7,2.3828188338518856,22,1.2118448224296565,80.7,2,"[417.0, 687.0]"
amp_sweep,1788868634.219869,32.020601021000004,1.0718431309598229,0.903,0.0,0.32936428868146667,0.7,2.60334361755109,22,1.2072428800659996,-2.69,2,"[417.0, 687.0]"
amp_sweep,1788868634.2698286,32.070560508,1.0063479513797378,0.903,0.0,0.33009060192653333,0.7,2.8231481471521676,22,1.1857671490356005,-2.69,2,"[415.0, 676.2000122070312]"
amp_sweep,1788868634.319865,32.120597098000005,0.9355060129334367,0.903,0.0,0.3308176472882666,0.7,3.043174237575144,22,1.1535535524900022,-2.69,2,"[415.0, 676.2000122070312]"
amp_sweep,1788868634.369868,32.170600201,0.8628210330507885,0.903,0.0,0.3315442903964,0.7,3.2630785937960667,22,1.1075341288534328,-2.69,2,"[418.0, 663.5999755859375]"
amp_sweep,1788868634.41987,32.220602075,0.79175184752228,0.903,0.0,0.3322709827434667,0.7,3.4829978512192525,22,1.05231082048955,-13.45,2,"[418.0, 663.5999755859375]"
amp_sweep,1788868634.469682,32.270414216,0.7258950224200439,0.903,0.0,0.3329959011082667,0.7,3.702380247528751,22,0.9710098387316108,-13.45,2,"[454.3999938964844, 635.0]"
amp_sweep,1788868634.519784,32.320516201000004,0.6680671418993726,0.903,0.0,0.33372349052533334,0.7,3.922570985681105,22,0.9065826456404139,-18.83,2,"[454.3999938964844, 635.0]"
amp_sweep,1788868634.5697389,32.370470955,0.6214504810599257,0.903,0.0,0.33444941314346666,0.7,4.14225729966391,22,0.8406214717613314,-80.7,2,"[520.7999877929688, 573.4000244140625]"
amp_sweep,1788868634.6199362,32.420668231,0.5880876697572865,0.903,0.0,0.33517838684600004,0.7,4.3628669647983855,22,0.7731263170943632,-32.28,2,"[520.7999877929688, 573.4000244140625]"
amp_sweep,1788868634.6698353,32.470567476,0.5699304194877207,0.903,0.0,0.3359037810757333,0.7,4.582393372343418,22,0.7133010663668231,-110.28999999999999,2,"[586.2000122070312, 500.79998779296875]"
amp_sweep,1788868634.7198765,32.520608626000005,0.567735044776965,0.903,0.0,0.33663113420986673,0.7,4.802512604077052,22,0.6657476619423682,-131.81,2,"[586.2000122070312, 500.79998779296875]"
amp_sweep,1788868634.769858,32.570590069000005,0.5817190679260493,0.903,0.0,0.33735755622240005,0.7,5.022350050029317,22,0.6227961998815703,-104.91,2,"[618.0, 437.79998779296875]"
amp_sweep,1788868634.8198786,32.620610623000005,0.611285883807454,0.903,0.0,0.33808440225946673,0.7,5.24231581873174,22,0.5921165841238575,-123.74,2,"[618.0, 437.79998779296875]"
amp_sweep,1788868634.8696911,32.670423438,0.6549323650857158,0.903,0.0,0.3388092460101334,0.7,5.461675634529868,22,0.5783107570328867,-123.74,2,"[634.4000244140625, 402.3999938964844]"
amp_sweep,1788868634.9197733,32.720505361,0.7109003303374283,0.903,0.0,0.33953667727546677,0.7,5.68181851114646,22,0.5783107570328867,-115.67,2,"[634.4000244140625, 402.3999938964844]"
amp_sweep,1788868634.9697194,32.770451512,0.7762825873044089,0.903,0.0,0.34026284977973337,0.7,5.9015804482909715,22,0.5967185264875144,2.69,2,"[624.5999755859375, 396.79998779296875]"
amp_sweep,1788868635.0198586,32.820590711,0.8482482205201062,0.903,0.0,0.34099093277786663,0.7,6.121920559120909,22,0.6289321230331129,2.69,2,"[624.5999755859375, 396.79998779296875]"
amp_sweep,1788868635.06991,32.870642346000004,0.9230788325676512,0.903,0.0,0.341718080556,0.7,0.058792336689087676,23,0.6718835850939109,2.69,2,"[630.7999877929688, 425.0]"
amp_sweep,1788868635.1198833,32.920615604000005,0.9971780998298552,0.903,0.0,0.3424444291606667,0.7,0.2786075671830517,23,0.7255729126699083,2.69,2,"[630.7999877929688, 425.0]"
amp_sweep,1788868635.1698735,32.970605689,1.0670727244150362,0.903,0.0,0.3431710295262667,0.7,0.49849898821036476,23,0.7853981633974483,2.69,2,"[597.4000244140625, 497.6000061035156]"
amp_sweep,1788868635.2198634,33.020595476000004,1.1293463776938903,0.903,0.0,0.34389765515080006,0.7,0.7183980533609358,23,0.8559612796401878,2.69,2,"[597.4000244140625, 497.6000061035156]"
amp_sweep,1788868635.2696948,33.070426884,1.1808626113499194,0.903,0.0,0.3446227603706667,0.7,0.9378369977098586,23,0.9433981845496693,2.69,2,"[546.7999877929688, 582.2000122070312]"
amp_sweep,1788868635.3195972,33.120329451,1.2192507464158748,0.903,0.0,0.34534813596866665,0.7,1.1573577667244237,23,1.009359358428752,83.39,2,"[546.7999877929688, 582.2000122070312]"
amp_sweep,1788868635.3696811,33.170413046,1.242627045216718,0.903,0.0,0.3460754071493334,0.7,1.3774521968407143,23,1.0737865515199487,75.32,2,"[494.0, 641.7999877929688]"
amp_sweep,1788868635.4199307,33.220662789,1.249673939754325,0.903,0.0,0.34680520246479996,0.7,1.5983105070956682,23,1.1274758790959463,96.84,2,"[494.0, 641.7999877929688]"
amp_sweep,1788868635.469717,33.270449252,1.2400084580123103,0.903,0.0,0.3475294334029333,0.7,1.8174848671396475,23,1.1734953027325155,107.6,2,"[451.3999938964844, 677.7999877929688]"
amp_sweep,1788868635.5197341,33.320466353,1.2140265130171957,0.903,0.0,0.34825614374226666,0.7,2.037409569571217,23,1.2072428800659996,110.28999999999999,2,"[451.3999938964844, 677.7999877929688]"
amp_sweep,1788868635.56976,33.370492338000005,1.1729083010825598,0.903,0.0,0.3489830170293334,0.7,2.2573835849543613,23,1.2241166687327416,129.12,2,"[434.0, 695.2000122070312]"
amp_sweep,1788868635.6198025,33.420534746,1.1185641231615042,0.903,0.0,0.34971009568693334,0.7,2.4774197517216052,23,1.2256506495206272,37.66,2,"[434.0, 695.2000122070312]"
amp_sweep,1788868635.66982,33.470552154,1.0536106022741478,0.903,0.0,0.35043680434040003,0.7,2.6973439439585363,23,1.210310841641771,37.66,2,"[429.79998779296875, 689.5999755859375]"
amp_sweep,1788868635.7200947,33.520826735,0.9807050034345676,0.903,0.0,0.3511674835441334,0.7,2.9184697457482898,23,1.1826991874598294,-2.69,2,"[429.79998779296875, 689.5999755859375]"
amp_sweep,1788868635.7698598,33.570591753,0.904474165454169,0.903,0.0,0.3518909190148,0.7,3.1374033730870323,23,1.1428156869748027,-2.69,2,"[443.20001220703125, 680.0]"
amp_sweep,1788868635.8197124,33.620444484000004,0.8276927509909389,0.903,0.0,0.35261594306599997,0.7,3.356817753323007,23,1.0906603401866908,-2.69,2,"[443.20001220703125, 680.0]"
amp_sweep,1788868635.8698394,33.670571528,0.7539242890499056,0.903,0.0,0.3533439415673334,0.7,3.577132292845384,23,1.026233147095494,-10.76,2,"[469.0, 656.4000244140625]"
amp_sweep,1788868635.9201415,33.720873481000005,0.6869816919036152,0.903,0.0,0.35407301982266665,0.7,3.7977735988444223,23,0.961805954004297,-8.07,2,"[469.0, 656.4000244140625]"
amp_sweep,1788868635.969871,33.770603217,0.6305723535160732,0.903,0.0,0.3547976034702667,0.7,4.017054699525339,23,0.8927768185494431,-78.01,2,"[525.4000244140625, 603.5999755859375]"
amp_sweep,1788868636.0198622,33.820594181000004,0.5869081051298474,0.903,0.0,0.35552418081506665,0.7,4.236939153756786,23,0.8191457407309324,-69.94,2,"[525.4000244140625, 603.5999755859375]"
amp_sweep,1788868636.070006,33.870738106000005,0.5582608539116616,0.903,0.0,0.3562528591566667,0.7,4.4574594336687525,23,0.7255729126699083,-69.94,2,"[594.4000244140625, 519.7999877929688]"
amp_sweep,1788868636.119684,33.920415991,0.5462588429169681,0.903,0.0,0.35697549990106664,0.7,4.676152552611988,23,0.6703496043060252,-64.56,2,"[594.4000244140625, 519.7999877929688]"
amp_sweep,1788868636.169723,33.970455032000004,0.5513251901508369,0.903,0.0,0.3577027244442667,0.7,4.896232868809101,23,0.624330180669456,-123.74,2,"[634.4000244140625, 440.3999938964844]"
amp_sweep,1788868636.219737,34.020469183,0.5734007711695042,0.903,0.0,0.3584296214352001,0.7,5.116214057704916,23,0.5859806609723149,-115.67,2,"[634.4000244140625, 440.3999938964844]"
amp_sweep,1788868636.2697287,34.070460878,0.6216684379559325,0.903,0.0,0.35915617619520007,0.85,5.383208309812225,23,0.5660389107298016,-131.81,2,"[653.7999877929688, 397.79998779296875]"
amp_sweep,1788868636.3198857,34.120617924,0.6902555249460337,0.903,0.0,0.3598840978878667,0.85,5.650704882164483,23,0.5614369683661447,-91.46,2,"[653.7999877929688, 397.79998779296875]"
amp_sweep,1788868636.3698645,34.170596844,0.7741546637884087,0.903,0.0,0.36061096167013335,0.85,5.917812693735577,23,0.5660389107298016,5.38,2,"[642.4000244140625, 388.6000061035156]"
amp_sweep,1788868636.4198976,34.220629687,0.8675347150512558,0.903,0.0,0.36133770723826675,0.85,6.1848770639917845,23,0.5921165841238575,2.69,2,"[642.4000244140625, 388.6000061035156]"
amp_sweep,1788868636.469802,34.270533983,0.9637337432729388,0.903,0.0,0.36206386456973333,0.85,0.16853996193188436,24,0.6550097964271688,2.69,2,"[636.7999877929688, 409.0]"
amp_sweep,1788868636.5199447,34.320676662000004,1.056323507422737,0.903,0.0,0.36279259719333334,0.85,0.4363345350818406,24,0.722504951094137,8.07,2,"[636.7999877929688, 409.0]"
amp_sweep,1788868636.5698464,34.370578423000005,1.1378331423457198,0.903,0.0,0.3635164559037333,0.85,0.7023380432201805,24,0.8007379712763046,2.69,2,"[607.2000122070312, 499.3999938964844]"
amp_sweep,1788868636.61973,34.420462183000005,1.203305526767202,0.903,0.0,0.36424280461013336,0.85,0.9692565747763808,24,0.8881748761857863,8.07,2,"[607.2000122070312, 499.3999938964844]"
amp_sweep,1788868636.6698964,34.470628495,1.2478285827466864,0.903,0.0,0.3649714348318667,0.85,1.2370135173012216,24,0.9740778003073821,59.18,2,"[550.0, 603.4000244140625]"
amp_sweep,1788868636.7198308,34.520562923,1.2678730451678049,0.903,0.0,0.36569702755786665,0.85,1.5036542412748304,24,1.0569127628532067,88.77,2,"[550.0, 603.4000244140625]"
amp_sweep,1788868636.7698174,34.570549699000004,1.262129300905458,0.903,0.0,0.36642361972666665,0.85,1.770662240363265,24,1.1305438406717176,91.46,2,"[477.6000061035156, 666.2000122070312]"
amp_sweep,1788868636.819853,34.620585257,1.2308289126294278,0.903,0.0,0.36715069264360006,0.85,2.037846904715451,24,1.1903690913992575,118.36,2,"[477.6000061035156, 666.2000122070312]"
amp_sweep,1788868636.8697941,34.670526281,1.1761905344837835,0.903,0.0,0.36787666426813337,0.85,2.3046268662745604,24,1.2348545342479411,118.36,2,"[443.79998779296875, 693.7999877929688]"
amp_sweep,1788868636.9197884,34.720520602,1.101853034675103,0.903,0.0,0.3686036440409334,0.85,2.5717773020323023,24,1.2455923997631406,21.52,2,"[443.79998779296875, 693.7999877929688]"
amp_sweep,1788868636.9698076,34.770539773,1.0131221654626406,0.903,0.0,0.3693303327837334,0.85,2.8388207901221563,24,1.2348545342479411,-2.69,2,"[427.6000061035156, 703.5999755859375]"
amp_sweep,1788868637.0197475,34.820479552,0.9163207535265094,0.903,0.0,0.3700562705601334,0.85,3.1055883131734845,24,1.201106956914457,-2.69,2,"[427.6000061035156, 703.5999755859375]"
amp_sweep,1788868637.0697343,34.870466529000005,0.8181146906916512,0.903,0.0,0.37078280894106663,0.85,3.3725765463034065,24,1.1474176293384597,-2.69,2,"[437.3999938964844, 678.0]"
amp_sweep,1788868637.1198883,34.920620291,0.7253254526836651,0.903,0.0,0.3715112160616,0.85,3.6402515036272405,24,1.0753205323078345,-16.14,2,"[437.3999938964844, 678.0]"
