mode,t_ros_sec,t_rel_sec,tail_target_rad,tail_bias_rad,tail_bias_offset_rad,tail_amp_rad,tail_freq_hz,phase_rad,cycle_idx,present_position_rad,present_current_ma,sensor_len,sensor_values
random_walk,1788869586.6196964,0.001306513,0.9058457314970908,0.903,0.0,0.3675766053719351,0.9942986674474348,0.00774195061250955,0,1.239456476611598,-2.69,2,"[407.79998779296875, 691.5999755859375]"
random_walk,1788869586.6698928,0.051502742000000004,1.0188785032115604,0.903,0.0,0.3675766053719351,0.9942986674474348,0.3207200133058859,0,1.191903072187143,-2.69,2,"[405.0, 683.7999877929688]"
random_walk,1788869586.719731,0.101341073,1.1203423506322816,0.903,0.0,0.3675766053719351,0.9942986674474348,0.6326506743926741,0,1.1167380135807468,-18.83,2,"[405.0, 683.7999877929688]"
random_walk,1788869586.769676,0.151286103,1.2008773871219436,0.903,0.0,0.3675766053719351,0.9942986674474348,0.9448034479683175,0,1.0369710126106935,-10.76,2,"[445.0, 647.0]"
random_walk,1788869586.819735,0.20134529,1.2526691906564489,0.903,0.0,0.3675766053719351,0.9942986674474348,1.2573691722236036,0,1.0139613007924089,104.91,2,"[445.0, 647.0]"
random_walk,1788869586.8698516,0.251461653,1.2705765564677864,0.903,0.0,0.3675766053719351,0.9942986674474348,1.570280488093057,0,1.0492428589137786,64.56,2,"[460.0, 631.7999877929688]"
random_walk,1788869586.9198267,0.301437026,1.2528596515102493,0.903,0.0,0.3675766053719351,0.9942986674474348,1.8825385359788767,0,1.1121360712170898,104.91,2,"[460.0, 631.7999877929688]"
random_walk,1788869586.9698935,0.35150373300000004,1.2012283217017288,0.903,0.0,0.3675766053719351,0.9942986674474348,2.195157868854163,0,1.175029283520401,94.14999999999999,2,"[437.20001220703125, 657.4000244140625]"
random_walk,1788869587.0199,0.40151016100000003,1.1207121341716964,0.903,0.0,0.3675766053719351,0.9942986674474348,2.50769398060988,0,1.222582687944856,91.46,2,"[437.20001220703125, 657.4000244140625]"
random_walk,1788869587.069857,0.45146705600000003,1.0192525943490116,0.903,0.0,0.3675766053719351,0.9942986674474348,2.8198000426540304,0,1.2379224958237125,24.21,2,"[413.3999938964844, 676.2000122070312]"
random_walk,1788869587.119843,0.501453098,0.9064647313333181,0.903,0.0,0.3675766053719351,0.9942986674474348,3.132166638468122,0,1.214912784005428,24.21,2,"[413.3999938964844, 676.2000122070312]"
random_walk,1788869587.1696908,0.5513007870000001,0.7936211692405217,0.903,0.0,0.3675766053719351,0.9942986674474348,3.443736314438857,0,1.162757437217316,-16.14,2,"[404.0, 674.5999755859375]"
random_walk,1788869587.2197297,0.601339829,0.6910180232263932,0.903,0.0,0.3675766053719351,0.9942986674474348,3.7562779988421724,0,1.0829904362472627,-21.52,2,"[404.0, 674.5999755859375]"
random_walk,1788869587.2698867,0.651496835,0.6087956427270713,0.903,0.0,0.3675766053719351,0.9942986674474348,4.069536874245069,0,0.9863496466104673,-10.76,2,"[458.0, 627.0]"
random_walk,1788869587.3199422,0.701552272,0.5553089105057427,0.903,0.0,0.3675766053719351,0.9942986674474348,4.3819531615826985,0,0.885106914610015,-107.6,2,"[458.0, 627.0]"
random_walk,1788869587.3698828,0.7514929850000001,0.5354853678974177,0.903,0.0,0.3675766053719351,0.9942986674474348,4.694025737762358,0,0.782330201821677,-40.35,2,"[567.2000122070312, 530.2000122070312]"
random_walk,1788869587.4198709,0.801480996,0.5511976427154566,0.903,0.0,0.3675766053719351,0.9942986674474348,5.0064116941537,0,0.684155431396996,-45.73,2,"[567.2000122070312, 530.2000122070312]"
random_walk,1788869587.4699273,0.851537497,0.6010325802660581,0.903,0.0,0.3675766053719351,0.9942986674474348,5.319133183905136,0,0.6120583343663708,-126.42999999999999,2,"[618.7999877929688, 432.20001220703125]"
random_walk,1788869587.5197623,0.901372453,0.6797936915613698,0.903,0.0,0.3675766053719351,0.9942986674474348,5.630606263152594,0,0.5660389107298016,-126.42999999999999,2,"[618.7999877929688, 432.20001220703125]"
random_walk,1788869587.5696988,0.951308985,0.7802691408174014,0.903,0.0,0.3675766053719351,0.9942986674474348,5.942755863067946,0,0.5629709491540303,2.69,2,"[636.2000122070312, 384.6000061035156]"
random_walk,1788869587.6198726,1.001482824,0.8929674030825747,0.903,0.0,0.3675766053719351,0.9942986674474348,6.255888023211611,0,0.5875146417602005,2.69,2,"[636.2000122070312, 384.6000061035156]"
random_walk,1788869587.6698449,1.051454974,1.006321753312254,0.903,0.0,0.3675766053719351,0.9942986674474348,0.28492870869942966,1,0.6350680461846554,8.07,2,"[627.4000244140625, 398.79998779296875]"
random_walk,1788869587.7199557,1.1015656040000001,1.1099322826201508,0.903,0.0,0.3675766053719351,0.9942986674474348,0.5979673520696664,1,0.7071651432152806,5.38,2,"[627.4000244140625, 398.79998779296875]"
random_walk,1788869587.7698517,1.151461805,1.1931235094903563,0.903,0.0,0.3675766053719351,0.9942986674474348,0.9096472627566241,1,0.7976700097005334,5.38,2,"[586.2000122070312, 498.0]"
random_walk,1788869587.8198717,1.2014817370000002,1.248450353080123,0.903,0.0,0.3675766053719351,0.9942986674474348,1.2220593706085552,1,0.9035146840646426,16.14,2,"[586.2000122070312, 498.0]"
random_walk,1788869587.8699012,1.251511367,1.2703359739148143,0.903,0.0,0.3675766053719351,0.9942986674474348,1.5346102948614195,1,1.0062913968529805,72.63,2,"[505.0, 615.5999755859375]"
random_walk,1788869587.919847,1.301457128,1.2566702486274564,0.903,0.0,0.3675766053719351,0.9942986674474348,1.8467438827859706,1,1.1198059751565181,72.63,2,"[505.0, 615.5999755859375]"
random_walk,1788869587.9697194,1.351329602,1.2088819624413558,0.903,0.0,0.3675766053719351,0.9942986674474348,2.158603998652266,1,1.1903690913992575,83.39,2,"[447.6000061035156, 659.0]"
random_walk,1788869588.0197918,1.401401973,1.1313650169815428,0.903,0.0,0.3675766053719351,0.9942986674474348,2.471227829628752,1,1.23178657267217,112.98,2,"[447.6000061035156, 659.0]"
random_walk,1788869588.069883,1.4514929980000002,1.0316472423556837,0.903,0.0,0.3675766053719351,0.9942986674474348,2.7840348207871717,1,1.2409904573994837,2.69,2,"[406.3999938964844, 693.2000122070312]"
random_walk,1788869588.119871,1.5014808560000001,0.9196412464945996,0.903,0.0,0.3675766053719351,0.9942986674474348,3.096304307594238,1,1.227184630308513,-2.69,2,"[406.3999938964844, 693.2000122070312]"
random_walk,1788869588.1697342,1.5513442590000002,0.8061958962172663,0.903,0.0,0.3675766053719351,0.9942986674474348,3.4080937095612462,1,1.179631225884058,-2.69,2,"[406.20001220703125, 676.7999877929688]"
random_walk,1788869588.2198439,1.6014540240000001,0.7017405708706312,0.903,0.0,0.3675766053719351,0.9942986674474348,3.7210029450588937,1,1.102932186489776,-18.83,2,"[406.20001220703125, 676.7999877929688]"
random_walk,1788869588.269844,1.651454216,0.6169537885571628,0.903,0.0,0.3675766053719351,0.9942986674474348,4.03337894940133,1,1.0078253776408663,-29.59,2,"[453.20001220703125, 636.4000244140625]"
random_walk,1788869588.3198433,1.7014532370000002,0.559858859182041,0.903,0.0,0.3675766053719351,0.9942986674474348,4.345709060616796,1,0.880504972246358,-29.59,2,"[453.20001220703125, 636.4000244140625]"
random_walk,1788869588.3696952,1.751305149,0.5359784670920482,0.903,0.0,0.3675766053719351,0.9942986674474348,4.657425961938763,1,0.77772825945802,-48.42,2,"[553.7999877929688, 544.5999755859375]"
random_walk,1788869588.4197292,1.8013393100000001,0.5475461139270661,0.903,0.0,0.3675766053719351,0.9942986674474348,4.9699273633468835,1,0.6826214506091103,-53.8,2,"[553.7999877929688, 544.5999755859375]"
random_walk,1788869588.469853,1.85146312,0.5936265732391506,0.903,0.0,0.3675766053719351,0.9942986674474348,5.282840915772212,1,0.6135923151542565,-126.42999999999999,2,"[626.4000244140625, 432.6000061035156]"
random_walk,1788869588.5198293,1.901439391,0.6696216634227183,0.903,0.0,0.3675766053719351,0.9942986674474348,5.59529231953602,1,0.5706408530934585,-86.08,2,"[626.4000244140625, 432.6000061035156]"
random_walk,1788869588.569843,1.951453236,0.76814946244383,0.903,0.0,0.3675766053719351,0.9942986674474348,5.907549836396003,1,0.5522330836388308,-32.28,2,"[641.0, 391.3999938964844]"
random_walk,1788869588.6198776,2.001487719,0.8798350180831712,0.903,0.0,0.3675766053719351,0.9942986674474348,6.220122688892218,1,0.5675728915176872,2.69,2,"[641.0, 391.3999938964844]"
random_walk,1788869588.6698759,2.051486015,0.9936568669559158,0.903,0.0,0.3675766053719351,0.9942986674474348,0.24920535665790666,2,0.6135923151542565,2.69,2,"[634.0, 393.3999938964844]"
random_walk,1788869588.7198737,2.101483854,1.0986393037881943,0.903,0.0,0.3675766053719351,0.9942986674474348,0.5612453340985883,2,0.7071651432152806,2.69,2,"[634.0, 393.3999938964844]"
random_walk,1788869588.7697897,2.1514000550000003,1.1848018267861669,0.903,0.0,0.3675766053719351,0.9942986674474348,0.8736039395356876,2,0.8022719520641903,2.69,2,"[592.7999877929688, 491.79998779296875]"
random_walk,1788869588.8197594,2.201369513,1.2436762311806446,0.903,0.0,0.3675766053719351,0.9942986674474348,1.1858456568152054,2,0.9065826456404139,2.69,2,"[592.7999877929688, 491.79998779296875]"
random_walk,1788869588.8697264,2.251336491,1.2696049177446742,0.903,0.0,0.3675766053719351,0.9942986674474348,1.4980685820274857,2,1.0062913968529805,64.56,2,"[519.7999877929688, 601.2000122070312]"
random_walk,1788869588.9197204,2.3013303670000003,1.2600795698399159,0.903,0.0,0.3675766053719351,0.9942986674474348,1.810355817592205,2,1.0967962633382335,86.08,2,"[519.7999877929688, 601.2000122070312]"
random_walk,1788869588.96978,2.3513902730000003,1.2159456425164359,0.903,0.0,0.3675766053719351,0.9942986674474348,2.122991081242576,2,1.1734953027325155,91.46,2,"[443.6000061035156, 667.7999877929688]"
random_walk,1788869589.0198255,2.401435579,1.1414836281179992,0.903,0.0,0.3675766053719351,0.9942986674474348,2.435586499213148,2,1.2241166687327416,94.14999999999999,2,"[443.6000061035156, 667.7999877929688]"
random_walk,1788869589.0697293,2.451339619,1.044121829102286,0.903,0.0,0.3675766053719351,0.9942986674474348,2.74754939044451,2,1.2425244381873692,78.01,2,"[404.0, 691.5999755859375]"
random_walk,1788869589.119728,2.5013382290000004,0.9330314408221254,0.903,0.0,0.3675766053719351,0.9942986674474348,3.0598003100894005,2,1.2256506495206272,78.01,2,"[404.0, 691.5999755859375]"
random_walk,1788869589.1696887,2.551298913,0.8190226394024845,0.903,0.0,0.3675766053719351,0.9942986674474348,3.3720904694199003,2,1.1765632643082868,-8.07,2,"[404.79998779296875, 674.4000244140625]"
random_walk,1788869589.219905,2.6015151110000003,0.7128086625639043,0.903,0.0,0.3675766053719351,0.9942986674474348,3.6854254064646206,2,1.1013982057018903,-16.14,2,"[404.79998779296875, 674.4000244140625]"
random_walk,1788869589.26986,2.6514700700000002,0.625372245195638,0.903,0.0,0.3675766053719351,0.9942986674474348,3.9976925505106458,2,1.009359358428752,-18.83,2,"[451.79998779296875, 637.0]"
random_walk,1788869589.3199787,2.7015887280000004,0.5646811467323729,0.903,0.0,0.3675766053719351,0.9942986674474348,4.310704348963025,2,0.9081166264282996,-86.08,2,"[451.79998779296875, 637.0]"
random_walk,1788869589.3699522,2.75156212,0.5368930399272027,0.903,0.0,0.3675766053719351,0.9942986674474348,4.6229365515090315,2,0.8084078752157329,-67.25,2,"[548.0, 555.0]"
random_walk,1788869589.4199646,2.801574698,0.5445248182588649,0.903,0.0,0.3675766053719351,0.9942986674474348,4.935384400523418,2,0.7071651432152806,-32.28,2,"[548.0, 555.0]"
random_walk,1788869589.469689,2.8512989710000003,0.5865786389022569,0.903,0.0,0.3675766053719351,0.9942986674474348,5.246284790272355,2,0.6120583343663708,-32.28,2,"[623.4000244140625, 438.20001220703125]"
random_walk,1788869589.5196857,2.9012958220000002,0.6593787798567053,0.903,0.0,0.3675766053719351,0.9942986674474348,5.558664449322016,2,0.5706408530934585,-126.42999999999999,2,"[623.4000244140625, 438.20001220703125]"
random_walk,1788869589.5696902,2.9513004030000003,0.7557564669022216,0.903,0.0,0.3675766053719351,0.9942986674474348,5.871036442857548,2,0.5537670644267164,-32.28,2,"[643.7999877929688, 393.6000061035156]"
random_walk,1788869589.6197214,3.001331529,0.8664449823987124,0.903,0.0,0.3675766053719351,0.9942986674474348,6.183571942371714,2,0.5675728915176872,2.69,2,"[643.7999877929688, 393.6000061035156]"
random_walk,1788869589.6698549,3.0514649260000004,0.9808285173164872,0.903,0.0,0.3675766053719351,0.9942986674474348,0.2133489920154794,3,0.6120583343663708,2.69,2,"[634.5999755859375, 397.0]"
random_walk,1788869589.7198455,3.1014557000000003,1.0874520097283364,0.903,0.0,0.3675766053719351,0.9942986674474348,0.5256849944940463,3,0.6826214506091103,5.38,2,"[634.5999755859375, 397.0]"
random_walk,1788869589.7699208,3.151530896,1.1763714008134292,0.903,0.0,0.3675766053719351,0.9942986674474348,0.8386071620326447,3,0.7715923363064775,13.45,2,"[593.7999877929688, 489.0]"
random_walk,1788869589.8198626,3.2014728260000003,1.2385816759090869,0.903,0.0,0.3675766053719351,0.9942986674474348,1.1504731441725902,3,0.8759030298827011,5.38,2,"[593.7999877929688, 489.0]"
random_walk,1788869589.8698773,3.251487495,1.2684401440420359,0.903,0.0,0.3675766053719351,0.9942986674474348,1.4629267032765547,3,0.983281685034696,43.04,2,"[514.7999877929688, 604.2000122070312]"
random_walk,1788869589.919844,3.3014539980000004,1.2629329518033974,0.903,0.0,0.3675766053719351,0.9942986674474348,1.775086292724989,3,1.1013982057018903,43.04,2,"[514.7999877929688, 604.2000122070312]"
random_walk,1788869589.969695,3.351305276,1.2227182712223676,0.903,0.0,0.3675766053719351,0.9942986674474348,2.0867950537332547,3,1.1765632643082868,91.46,2,"[452.6000061035156, 668.7999877929688]"
random_walk,1788869590.0197353,3.401345645,1.1514523178692238,0.903,0.0,0.3675766053719351,0.9942986674474348,2.3993805446443695,3,1.2241166687327416,110.28999999999999,2,"[452.6000061035156, 668.7999877929688]"
random_walk,1788869590.0699027,3.4515128760000002,1.0559487726695103,0.903,0.0,0.3675766053719351,0.9942986674474348,2.712440047958925,3,1.2425244381873692,78.01,2,"[408.79998779296875, 691.4000244140625]"
random_walk,1788869590.1199543,3.501564317,0.9456599683649995,0.903,0.0,0.3675766053719351,0.9942986674474348,3.0252731718358454,3,1.2333205534600555,-2.69,2,"[408.79998779296875, 691.4000244140625]"
random_walk,1788869590.1699595,3.5515696730000004,0.8313912876845455,0.903,0.0,0.3675766053719351,0.9942986674474348,3.3376594780795017,3,1.191903072187143,-8.07,2,"[410.20001220703125, 678.5999755859375]"
random_walk,1788869590.2198172,3.6014270840000004,0.7242981481897495,0.903,0.0,0.3675766053719351,0.9942986674474348,3.649285280357436,3,1.1228739367322893,-2.69,2,"[410.20001220703125, 678.5999755859375]"
random_walk,1788869590.2698843,3.6514943950000003,0.6341773553922588,0.903,0.0,0.3675766053719351,0.9942986674474348,3.9618740011551097,3,1.0323690702470365,-24.21,2,"[452.0, 641.2000122070312]"
random_walk,1788869590.3199363,3.7015465850000004,0.5701030010182071,0.903,0.0,0.3675766053719351,0.9942986674474348,4.274510795409363,3,0.9050486648525283,-24.21,2,"[452.0, 641.2000122070312]"
random_walk,1788869590.3697014,3.751311534,0.5383638467717371,0.903,0.0,0.3675766053719351,0.9942986674474348,4.585816857660305,3,0.803805932852076,-72.63,2,"[541.2000122070312, 560.2000122070312]"
random_walk,1788869590.4198642,3.8014743980000003,0.5417969587823765,0.903,0.0,0.3675766053719351,0.9942986674474348,4.898881658738496,3,0.7025632008516236,-26.9,2,"[541.2000122070312, 560.2000122070312]"
random_walk,1788869590.469877,3.8514872450000004,0.5802407807935545,0.903,0.0,0.3675766053719351,0.9942986674474348,5.211364330553007,3,0.6258641614573416,-126.42999999999999,2,"[620.2000122070312, 446.3999938964844]"
random_walk,1788869590.519941,3.901551179,0.6500231565939176,0.903,0.0,0.3675766053719351,0.9942986674474348,5.52414032229732,3,0.5783107570328867,-112.98,2,"[620.2000122070312, 446.3999938964844]"
random_walk,1788869590.5698693,3.951479221,0.7440469345854515,0.903,0.0,0.3675766053719351,0.9942986674474348,5.835993484848846,3,0.5537670644267164,-75.32,2,"[645.4000244140625, 389.79998779296875]"
random_walk,1788869590.619899,4.0015090230000006,0.8536361695705998,0.903,0.0,0.3675766053719351,0.9942986674474348,6.148482966288785,3,0.5599029875782591,2.69,2,"[645.4000244140625, 389.79998779296875]"
random_walk,1788869590.6697438,4.051353961,0.9676724675632703,0.903,0.0,0.3675766053719351,0.9942986674474348,0.17686345546765025,4,0.6135923151542565,2.69,2,"[636.2000122070312, 389.3999938964844]"
random_walk,1788869590.7198887,4.101498994,1.0759684785597172,0.903,0.0,0.3675766053719351,0.9942986674474348,0.48993035565973386,4,0.6872233929727672,2.69,2,"[636.2000122070312, 389.3999938964844]"
random_walk,1788869590.7696998,4.151309766000001,1.1670738592254115,0.903,0.0,0.3675766053719351,0.9942986674474348,0.8015262018331484,4,0.7761942786701345,2.69,2,"[590.4000244140625, 477.6000061035156]"
random_walk,1788869590.8197048,4.2013147150000005,1.232876007043052,0.903,0.0,0.3675766053719351,0.9942986674474348,1.1139196488124625,4,0.8789709914584724,2.69,2,"[590.4000244140625, 477.6000061035156]"
random_walk,1788869590.8699427,4.251552711,1.2668124254862105,0.903,0.0,0.3675766053719351,0.9942986674474348,1.4275618499007052,4,0.9817477042468103,43.04,2,"[530.5999755859375, 595.4000244140625]"
random_walk,1788869590.9198549,4.301465214,1.2653642550534663,0.903,0.0,0.3675766053719351,0.9942986674474348,1.7394020866586395,4,1.0768545130957201,75.32,2,"[530.5999755859375, 595.4000244140625]"
random_walk,1788869590.9697304,4.351340617,1.2289750187203146,0.903,0.0,0.3675766053719351,0.9942986674474348,2.051170672412873,4,1.158155494853659,83.39,2,"[449.6000061035156, 664.7999877929688]"
random_walk,1788869591.0199525,4.4015626910000005,1.1606870138174536,0.903,0.0,0.3675766053719351,0.9942986674474348,2.3647335882200977,4,1.2164467647933135,96.84,2,"[449.6000061035156, 664.7999877929688]"
random_walk,1788869591.0697863,4.451396334,1.067946664860472,0.903,0.0,0.3675766053719351,0.9942986674474348,2.6762367110351555,4,1.2425244381873692,96.84,2,"[405.79998779296875, 698.4000244140625]"
random_walk,1788869591.1198058,4.501415939,0.9590581241614705,0.903,0.0,0.3675766053719351,0.9942986674474348,2.9884878743271948,4,1.2333205534600555,64.56,2,"[405.79998779296875, 698.4000244140625]"
random_walk,1788869591.1696997,4.551309865,0.8448398971590828,0.903,0.0,0.3675766053719351,0.9942986674474348,3.3004862130949597,4,1.191903072187143,-2.69,2,"[406.20001220703125, 686.2000122070312]"
random_walk,1788869591.2198474,4.60145757,0.7358882702625227,0.903,0.0,0.3675766053719351,0.9942986674474348,3.613550564363031,4,1.1228739367322893,-8.07,2,"[406.20001220703125, 686.2000122070312]"
random_walk,1788869591.2698185,4.651428723,0.6433773563262457,0.903,0.0,0.3675766053719351,0.9942986674474348,3.925863139231179,4,1.0354370318228079,-29.59,2,"[440.20001220703125, 647.5999755859375]"
random_walk,1788869591.319964,4.7015741460000005,0.5758445682548053,0.903,0.0,0.3675766053719351,0.9942986674474348,4.239010936523879,4,0.9326603190344698,-48.42,2,"[440.20001220703125, 647.5999755859375]"
random_walk,1788869591.3699672,4.751577236,0.5401762375262793,0.903,0.0,0.3675766053719351,0.9942986674474348,4.551403440151411,4,0.8314175870340175,-96.84,2,"[537.4000244140625, 565.2000122070312]"
random_walk,1788869591.4198575,4.80146777,0.5395878672280493,0.903,0.0,0.3675766053719351,0.9942986674474348,4.863060772869289,4,0.7286408742456796,-29.59,2,"[537.4000244140625, 565.2000122070312]"
random_walk,1788869591.4697218,4.85133185,0.5740212335207606,0.903,0.0,0.3675766053719351,0.9942986674474348,5.174768103231479,4,0.624330180669456,-29.59,2,"[616.7999877929688, 448.3999938964844]"
random_walk,1788869591.5198762,4.901486431,0.6405185296596614,0.903,0.0,0.3675766053719351,0.9942986674474348,5.487867046147251,4,0.5767767762450011,-123.74,2,"[616.7999877929688, 448.3999938964844]"
random_walk,1788869591.5697067,4.9513167110000005,0.7320455129189645,0.903,0.0,0.3675766053719351,0.9942986674474348,5.799454308444208,4,0.5537670644267164,-72.63,2,"[645.2000122070312, 391.0]"
random_walk,1788869591.6197414,5.001351807000001,0.8403532738458067,0.903,0.0,0.3675766053719351,0.9942986674474348,6.111917488486853,4,0.5599029875782591,2.69,2,"[645.2000122070312, 391.0]"
random_walk,1788869591.669893,5.051503080000001,0.954958804577361,0.903,0.0,0.3675766053719351,0.9942986674474348,0.1418300621713655,5,0.5997864880632857,2.69,2,"[628.0, 385.0]"
random_walk,1788869591.7199538,5.101563992,1.064430809505035,0.903,0.0,0.3675766053719351,0.9942986674474348,0.454681240926714,5,0.6657476619423682,2.69,2,"[628.0, 385.0]"
random_walk,1788869591.769854,5.151464171000001,1.1579368317355432,0.903,0.0,0.3675766053719351,0.9942986674474348,0.7664205952705032,5,0.7501166052760785,2.69,2,"[597.0, 471.6000061035156]"
random_walk,1788869591.8199334,5.201543516,1.2270575687173007,0.903,0.0,0.3675766053719351,0.9942986674474348,1.0792531131532357,5,0.8544272988523022,5.38,2,"[597.0, 471.6000061035156]"
random_walk,1788869591.8697758,5.251385770000001,1.2646369079682491,0.903,0.0,0.3675766053719351,0.9942986674474348,1.3907808755670885,5,0.9848156658225816,5.38,2,"[527.7999877929688, 590.2000122070312]"
random_walk,1788869591.9198606,5.3014707340000005,1.2673383570618442,0.903,0.0,0.3675766053719351,0.9942986674474348,1.7036322354959594,5,1.081456455459377,56.49,2,"[527.7999877929688, 590.2000122070312]"
random_walk,1788869591.9697087,5.351318683000001,1.234876013192347,0.903,0.0,0.3675766053719351,0.9942986674474348,2.0151800456969724,5,1.1596894756415448,83.39,2,"[453.0, 662.2000122070312]"
random_walk,1788869592.0197606,5.401370602,1.1701863253754232,0.903,0.0,0.3675766053719351,0.9942986674474348,2.327815852867907,5,1.214912784005428,107.6,2,"[453.0, 662.2000122070312]"
random_walk,1788869592.0697238,5.451333786,1.079722929350992,0.903,0.0,0.3675766053719351,0.9942986674474348,2.640050310711878,5,1.239456476611598,112.98,2,"[411.79998779296875, 690.2000122070312]"
random_walk,1788869592.1198256,5.501435747,0.9719517424969998,0.903,0.0,0.3675766053719351,0.9942986674474348,2.9528900505459816,5,1.239456476611598,-2.69,2,"[411.79998779296875, 690.2000122070312]"
random_walk,1788869592.1697454,5.5513556070000005,0.8577917293993575,0.903,0.0,0.3675766053719351,0.9942986674474348,3.264894917807851,5,1.205708899278114,-2.69,2,"[407.20001220703125, 682.0]"
random_walk,1788869592.219874,5.601484102000001,0.7476816843561169,0.903,0.0,0.3675766053719351,0.9942986674474348,3.577846110593917,5,1.1428156869748027,-21.52,2,"[407.20001220703125, 682.0]"
random_walk,1788869592.2697256,5.6513356770000005,0.6530051768732229,0.903,0.0,0.3675766053719351,0.9942986674474348,3.8895138514181795,5,1.0277671278833795,-21.52,2,"[439.3999938964844, 651.2000122070312]"
random_walk,1788869592.3199234,5.701533537,0.5821097583880617,0.903,0.0,0.3675766053719351,0.9942986674474348,4.202889521268212,5,0.9295923574586985,-24.21,2,"[439.3999938964844, 651.2000122070312]"
random_walk,1788869592.3698468,5.751456961000001,0.5425734246299287,0.903,0.0,0.3675766053719351,0.9942986674474348,4.514827847869128,5,0.8283496254582462,-88.77,2,"[528.0, 579.0]"
random_walk,1788869592.419877,5.801487026,0.537844871376687,0.903,0.0,0.3675766053719351,0.9942986674474348,4.827236051119321,5,0.7286408742456796,-32.28,2,"[528.0, 579.0]"
random_walk,1788869592.469719,5.851329114,0.5683652919988009,0.903,0.0,0.3675766053719351,0.9942986674474348,5.1389817028047915,5,0.6442719309119693,-107.6,2,"[613.2000122070312, 455.6000061035156]"
random_walk,1788869592.5197432,5.901353264,0.6313255322182625,0.903,0.0,0.3675766053719351,0.9942986674474348,5.451457702435853,5,0.5890486225480862,-123.74,2,"[613.2000122070312, 455.6000061035156]"
random_walk,1788869592.5698805,5.951490633000001,0.7207521314413935,0.903,0.0,0.3675766053719351,0.9942986674474348,5.764418909744457,5,0.5583690067903734,-69.94,2,"[636.4000244140625, 392.6000061035156]"
random_walk,1788869592.619894,6.0015042890000005,0.8276878225734791,0.903,0.0,0.3675766053719351,0.9942986674474348,6.076835634397483,5,0.5568350260024878,2.69,2,"[636.4000244140625, 392.6000061035156]"
random_walk,1788869592.6697354,6.051345655,0.9416277642469831,0.903,0.0,0.3675766053719351,0.9942986674474348,0.10528204574838185,6,0.6013204688511713,2.69,2,"[628.4000244140625, 384.79998779296875]"
random_walk,1788869592.7199018,6.101511901,1.0523777329077832,0.903,0.0,0.3675766053719351,0.9942986674474348,0.4184944720090229,6,0.6688156235181395,2.69,2,"[628.4000244140625, 384.79998779296875]"
random_walk,1788869592.7698607,6.1514708460000005,1.148301498843846,0.903,0.0,0.3675766053719351,0.9942986674474348,0.730642085263014,6,0.7547185476397354,5.38,2,"[601.7999877929688, 465.3999938964844]"
random_walk,1788869592.819726,6.201335957,1.220446490692419,0.903,0.0,0.3675766053719351,0.9942986674474348,1.0424065102736364,6,0.8528933180644165,10.76,2,"[601.7999877929688, 465.3999938964844]"
random_walk,1788869592.8699498,6.251559902,1.262117141988233,0.903,0.0,0.3675766053719351,0.9942986674474348,1.3558406491919115,6,0.9556700308527545,43.04,2,"[532.2000122070312, 585.0]"
random_walk,1788869592.919868,6.301478022,1.2688517940830204,0.903,0.0,0.3675766053719351,0.9942986674474348,1.6677092802136713,6,1.055378782065321,86.08,2,"[532.2000122070312, 585.0]"
random_walk,1788869592.96991,6.351520014,1.2401683313973149,0.903,0.0,0.3675766053719351,0.9942986674474348,1.9804127775603035,6,1.1397477253990314,72.63,2,"[452.20001220703125, 660.2000122070312]"
random_walk,1788869593.0199058,6.401515912000001,1.1788903957962187,0.903,0.0,0.3675766053719351,0.9942986674474348,2.2926748862319286,6,1.2041749184902284,56.49,2,"[452.20001220703125, 660.2000122070312]"
random_walk,1788869593.0699267,6.451536942000001,1.0908276654170432,0.903,0.0,0.3675766053719351,0.9942986674474348,2.605257503356164,6,1.227184630308513,112.98,2,"[415.20001220703125, 689.4000244140625]"
random_walk,1788869593.1198723,6.501482538,0.984730896907751,0.903,0.0,0.3675766053719351,0.9942986674474348,2.917367838596455,6,1.2241166687327416,112.98,2,"[415.20001220703125, 689.4000244140625]"
random_walk,1788869593.1697292,6.551339233,0.870919420513265,0.903,0.0,0.3675766053719351,0.9942986674474348,3.228979734244845,6,1.191903072187143,-13.45,2,"[407.79998779296875, 679.7999877929688]"
random_walk,1788869593.219731,6.601341270000001,0.7599246307595944,0.903,0.0,0.3675766053719351,0.9942986674474348,3.5413985954959415,6,1.1351457830353744,-8.07,2,"[407.79998779296875, 679.7999877929688]"
random_walk,1788869593.269839,6.651448998,0.6626480407790024,0.903,0.0,0.3675766053719351,0.9942986674474348,3.854297497855555,6,1.0538448012774355,-18.83,2,"[440.6000061035156, 648.0]"
random_walk,1788869593.3199146,6.701524841,0.588764120720594,0.903,0.0,0.3675766053719351,0.9942986674474348,4.166922597046685,6,0.9602719732164113,-8.07,2,"[440.6000061035156, 648.0]"
random_walk,1788869593.3699052,6.751515357000001,0.545362718365407,0.903,0.0,0.3675766053719351,0.9942986674474348,4.479310065299821,6,0.8605632220038447,-115.67,2,"[527.2000122070312, 579.0]"
random_walk,1788869593.4198508,6.801460904000001,0.5365697174058885,0.903,0.0,0.3675766053719351,0.9942986674474348,4.791385409061192,6,0.7531845668518499,-24.21,2,"[527.2000122070312, 579.0]"
random_walk,1788869593.4697788,6.851388851,0.5631795545848397,0.903,0.0,0.3675766053719351,0.9942986674474348,5.1034929642250475,6,0.6396699885483124,-24.21,2,"[600.0, 463.20001220703125]"
random_walk,1788869593.5197616,6.901371704000001,0.6226551607435811,0.903,0.0,0.3675766053719351,0.9942986674474348,5.415732257527807,6,0.5875146417602005,-102.22,2,"[600.0, 463.20001220703125]"
random_walk,1788869593.569702,6.951312116,0.7091845886029118,0.903,0.0,0.3675766053719351,0.9942986674474348,5.727790314836369,6,0.5721748338813442,-75.32,2,"[635.7999877929688, 397.20001220703125]"
random_walk,1788869593.6198764,7.001486485,0.8147849585545233,0.903,0.0,0.3675766053719351,0.9942986674474348,6.040828827011985,6,0.5752427954571154,2.69,2,"[635.7999877929688, 397.20001220703125]"
random_walk,1788869593.669729,7.051339111000001,0.9285212044088962,0.903,0.0,0.3675766053719351,0.9942986674474348,0.06948688651908697,7,0.6013204688511713,2.69,2,"[628.5999755859375, 394.3999938964844]"
random_walk,1788869593.7198725,7.101482488,1.0401789843858704,0.903,0.0,0.3675766053719351,0.9942986674474348,0.3824540663065008,7,0.6519418348513975,2.69,2,"[628.5999755859375, 394.3999938964844]"
random_walk,1788869593.769973,7.15158334,1.1385194770142808,0.903,0.0,0.3675766053719351,0.9942986674474348,0.6954562063360257,7,0.7301748550335652,8.07,2,"[601.5999755859375, 461.20001220703125]"
random_walk,1788869593.8198524,7.201462503,1.2137207443643057,0.903,0.0,0.3675766053719351,0.9942986674474348,1.0071683659096422,7,0.8268156446703606,8.07,2,"[601.5999755859375, 461.20001220703125]"
random_walk,1788869593.8697371,7.2513471990000005,1.258982864756308,0.903,0.0,0.3675766053719351,0.9942986674474348,1.3189700626865957,7,0.9602719732164113,8.07,2,"[532.2000122070312, 579.7999877929688]"
random_walk,1788869593.9198198,7.301430036,1.2698935380644611,0.903,0.0,0.3675766053719351,0.9942986674474348,1.6317696819569392,7,1.059980724428978,32.28,2,"[532.2000122070312, 579.7999877929688]"
random_walk,1788869593.9697201,7.351330219,1.245326773114824,0.903,0.0,0.3675766053719351,0.9942986674474348,1.9436069699596459,7,1.1428156869748027,88.77,2,"[459.79998779296875, 653.7999877929688]"
random_walk,1788869594.0197427,7.401353055,1.187578414572041,0.903,0.0,0.3675766053719351,0.9942986674474348,2.256139870570898,7,1.2041749184902284,67.25,2,"[459.79998779296875, 653.7999877929688]"
random_walk,1788869594.0700068,7.451617012000001,1.1019032614920465,0.903,0.0,0.3675766053719351,0.9942986674474348,2.5698236041268956,7,1.23178657267217,102.22,2,"[420.0, 690.4000244140625]"
random_walk,1788869594.1198654,7.5014754560000005,0.997560180438036,0.903,0.0,0.3675766053719351,0.9942986674474348,2.8814142150103024,7,1.23178657267217,-2.69,2,"[420.0, 690.4000244140625]"
random_walk,1788869594.1699202,7.551530334000001,0.883685962627657,0.903,0.0,0.3675766053719351,0.9942986674474348,3.194161112786155,7,1.205708899278114,-8.07,2,"[409.3999938964844, 678.2000122070312]"
random_walk,1788869594.219866,7.601476000000001,0.7719478939957171,0.903,0.0,0.3675766053719351,0.9942986674474348,3.5061438831258798,7,1.1535535524900022,-21.52,2,"[409.3999938964844, 678.2000122070312]"
random_walk,1788869594.269787,7.651397018000001,0.6728291067664183,0.903,0.0,0.3675766053719351,0.9942986674474348,3.8182429043921786,7,1.0507768397016641,-21.52,2,"[439.6000061035156, 648.4000244140625]"
random_walk,1788869594.3198571,7.701467101,0.5958332703323601,0.903,0.0,0.3675766053719351,0.9942986674474348,4.130914415241392,7,0.9556700308527545,-29.59,2,"[439.6000061035156, 648.4000244140625]"
random_walk,1788869594.3698626,7.7514726860000005,0.5486573924156148,0.903,0.0,0.3675766053719351,0.9942986674474348,4.44323656106932,7,0.8528933180644165,-112.98,2,"[517.4000244140625, 586.2000122070312]"
random_walk,1788869594.4197388,7.801348978,0.5357578400097325,0.903,0.0,0.3675766053719351,0.9942986674474348,4.755050527666775,7,0.7501166052760785,-10.76,2,"[517.4000244140625, 586.2000122070312]"
random_walk,1788869594.4698627,7.851472892,0.558418088025874,0.903,0.0,0.3675766053719351,0.9942986674474348,5.067975537755437,7,0.6596117387908257,-88.77,2,"[608.5999755859375, 466.79998779296875]"
random_walk,1788869594.5200205,7.901630678,0.6145966652635984,0.903,0.0,0.3675766053719351,0.9942986674474348,5.381122622848778,7,0.5997864880632857,-107.6,2,"[608.5999755859375, 466.79998779296875]"
random_walk,1788869594.5698931,7.951503478,0.6984080136487107,0.903,0.0,0.3675766053719351,0.9942986674474348,5.6929014542779655,7,0.5706408530934585,-64.56,2,"[632.7999877929688, 399.20001220703125]"
random_walk,1788869594.6198559,8.001466171,0.8020854394572222,0.903,0.0,0.3675766053719351,0.9942986674474348,6.005073794593834,7,0.5675728915176872,2.69,2,"[632.7999877929688, 399.20001220703125]"
random_walk,1788869594.669848,8.05145811,0.915606698288946,0.903,0.0,0.3675766053719351,0.9942986674474348,0.034303519031958274,8,0.602854449639057,2.69,2,"[627.7999877929688, 398.6000061035156]"
random_walk,1788869594.7197616,8.101371618,1.027721598782882,0.903,0.0,0.3675766053719351,0.9942986674474348,0.34618091510370164,8,0.6550097964271688,2.69,2,"[627.7999877929688, 398.6000061035156]"
random_walk,1788869594.7697146,8.151324651000001,1.1278836410955195,0.903,0.0,0.3675766053719351,0.9942986674474348,0.6583351005833364,8,0.7347767973972221,2.69,2,"[609.2000122070312, 453.0]"
random_walk,1788869594.81986,8.201470082,1.206486380132064,0.903,0.0,0.3675766053719351,0.9942986674474348,0.9713376966703464,8,0.8314175870340175,13.45,2,"[609.2000122070312, 453.0]"
random_walk,1788869594.8698795,8.251489508,1.2555360591305116,0.903,0.0,0.3675766053719351,0.9942986674474348,1.2837414143140649,8,0.9326603190344698,21.52,2,"[538.5999755859375, 572.4000244140625]"
random_walk,1788869594.9198656,8.301475727,1.2704591784056878,0.903,0.0,0.3675766053719351,0.9942986674474348,1.5960739682483762,8,1.0323690702470365,83.39,2,"[538.5999755859375, 572.4000244140625]"
random_walk,1788869594.9697492,8.351359335,1.249884372248717,0.903,0.0,0.3675766053719351,0.9942986674474348,1.9079310166595462,8,1.1198059751565181,67.25,2,"[463.3999938964844, 650.5999755859375]"
random_walk,1788869595.0198808,8.401490867,1.195610461801492,0.903,0.0,0.3675766053719351,0.9942986674474348,2.2208472054719692,8,1.191903072187143,83.39,2,"[463.3999938964844, 650.5999755859375]"
random_walk,1788869595.0697923,8.451402485000001,1.1131871612754212,0.903,0.0,0.3675766053719351,0.9942986674474348,2.532871658216145,8,1.2348545342479411,83.39,2,"[427.20001220703125, 685.0]"
random_walk,1788869595.1198442,8.501454240000001,1.010267403023179,0.903,0.0,0.3675766053719351,0.9942986674474348,2.8454601353666718,8,1.2348545342479411,107.6,2,"[427.20001220703125, 685.0]"
random_walk,1788869595.169849,8.55145901,0.8970176525583806,0.903,0.0,0.3675766053719351,0.9942986674474348,3.1578684760588516,8,1.2072428800659996,-2.69,2,"[405.20001220703125, 680.4000244140625]"
random_walk,1788869595.21976,8.601370019,0.7844966669098044,0.903,0.0,0.3675766053719351,0.9942986674474348,3.4698467607921017,8,1.1550875332778878,-13.45,2,"[405.20001220703125, 680.4000244140625]"
random_walk,1788869595.2698915,8.651501508,0.6831459647297062,0.903,0.0,0.3675766053719351,0.9942986674474348,3.7827428268490166,8,1.0768545130957201,-26.9,2,"[433.3999938964844, 655.7999877929688]"
random_walk,1788869595.3198702,8.701480561,0.6032571114403211,0.903,0.0,0.3675766053719351,0.9942986674474348,4.095110822072371,8,0.983281685034696,-21.52,2,"[433.3999938964844, 655.7999877929688]"
random_walk,1788869595.3698409,8.751450819,0.5523982590861265,0.903,0.0,0.3675766053719351,0.9942986674474348,4.40729763752779,8,0.8835729338221293,-96.84,2,"[509.6000061035156, 590.4000244140625]"
random_walk,1788869595.4198966,8.801506853000001,0.5354339334254986,0.903,0.0,0.3675766053719351,0.9942986674474348,4.719961451626055,8,0.7761942786701345,-43.04,2,"[509.6000061035156, 590.4000244140625]"
random_walk,1788869595.469765,8.851375207,0.5540215422907845,0.903,0.0,0.3675766053719351,0.9942986674474348,5.031854722246614,8,0.6565437772150544,-43.04,2,"[603.5999755859375, 474.79998779296875]"
random_walk,1788869595.5196924,8.901302461,0.6062835422635267,0.903,0.0,0.3675766053719351,0.9942986674474348,5.3437524847210085,8,0.5982525072754,-75.32,2,"[603.5999755859375, 474.79998779296875]"
random_walk,1788869595.5696988,8.951309027,0.6873542458178272,0.903,0.0,0.3675766053719351,0.9942986674474348,5.656246001957307,8,0.5675728915176872,-56.49,2,"[639.4000244140625, 401.79998779296875]"
random_walk,1788869595.619862,9.001472282,0.7894836713479274,0.903,0.0,0.3675766053719351,0.9942986674474348,5.969229387403772,8,0.5660389107298016,2.69,2,"[639.4000244140625, 401.79998779296875]"
random_walk,1788869595.6698692,9.051479256,0.9024422884049963,0.903,0.0,0.3675766053719351,0.9942986674474348,6.281668040300147,8,0.5890486225480862,2.69,2,"[633.0, 390.20001220703125]"
random_walk,1788869595.7199066,9.101516683,1.0154803917999278,0.903,0.0,0.3675766053719351,0.9942986674474348,0.31099421152484297,9,0.6366020269725411,5.38,2,"[633.0, 390.20001220703125]"
random_walk,1788869595.7699525,9.151562828000001,1.1176682628384524,0.903,0.0,0.3675766053719351,0.9942986674474348,0.6236594250323719,9,0.7102331047910518,2.69,2,"[609.0, 451.20001220703125]"
random_walk,1788869595.819866,9.201476060000001,1.1988865158346171,0.903,0.0,0.3675766053719351,0.9942986674474348,0.935617455815489,9,0.8053399136399616,5.38,2,"[609.0, 451.20001220703125]"
random_walk,1788869595.869759,9.251369214,1.2515500745146504,0.903,0.0,0.3675766053719351,0.9942986674474348,1.2476403154821583,9,0.9357282806102412,5.38,2,"[545.0, 572.4000244140625]"
random_walk,1788869595.919624,9.301234110000001,1.2705517581058094,0.903,0.0,0.3675766053719351,0.9942986674474348,1.559168921289988,9,1.0354370318228079,24.21,2,"[545.0, 572.4000244140625]"
random_walk,1788869595.969718,9.351327885,1.254023498400206,0.903,0.0,0.3675766053719351,0.9942986674474348,1.8720443835444556,9,1.1228739367322893,72.63,2,"[466.6000061035156, 649.4000244140625]"
random_walk,1788869596.019742,9.401352196000001,1.2035067547442373,0.903,0.0,0.3675766053719351,0.9942986674474348,2.184475077300654,9,1.191903072187143,91.46,2,"[466.6000061035156, 649.4000244140625]"
random_walk,1788869596.0698533,9.451463337,1.1237591986756392,0.903,0.0,0.3675766053719351,0.9942986674474348,2.4973662079409706,9,1.23178657267217,112.98,2,"[412.6000061035156, 683.5999755859375]"
random_walk,1788869596.1198626,9.501472651,1.02276598571668,0.903,0.0,0.3675766053719351,0.9942986674474348,2.809707464451634,9,1.2409904573994837,0.0,2,"[412.6000061035156, 683.5999755859375]"
random_walk,1788869596.1699145,9.551524709,0.9100573711678629,0.903,0.0,0.3675766053719351,0.9942986674474348,3.1223917449103595,9,1.222582687944856,-2.69,2,"[398.79998779296875, 687.0]"
random_walk,1788869596.2198799,9.60148983,0.7968346222690497,0.903,0.0,0.3675766053719351,0.9942986674474348,3.434592142132459,9,1.1734953027325155,-13.45,2,"[398.79998779296875, 687.0]"
random_walk,1788869596.2697122,9.651322463000001,0.6940664924676606,0.903,0.0,0.3675766053719351,0.9942986674474348,3.746162311644852,9,1.0753205323078345,-13.45,2,"[428.3999938964844, 658.4000244140625]"
random_walk,1788869596.3198519,9.701462034,0.6110472201675876,0.903,0.0,0.3675766053719351,0.9942986674474348,4.059387513762374,9,0.9817477042468103,-13.45,2,"[428.3999938964844, 658.4000244140625]"
random_walk,1788869596.3697083,9.751318545,0.5566437263953341,0.903,0.0,0.3675766053719351,0.9942986674474348,4.370937535529812,9,0.8774370106705868,-99.53,2,"[510.20001220703125, 591.5999755859375]"
random_walk,1788869596.419847,9.801457254,0.5355726551439932,0.903,0.0,0.3675766053719351,0.9942986674474348,4.68389007149888,9,0.7746602978822488,-51.11,2,"[510.20001220703125, 591.5999755859375]"
random_walk,1788869596.469942,9.851552230000001,0.5501969481673978,0.903,0.0,0.3675766053719351,0.9942986674474348,4.996867172098391,9,0.679553489033339,-61.87,2,"[599.4000244140625, 484.6000061035156]"
random_walk,1788869596.519865,9.901475037,0.5988611251232883,0.903,0.0,0.3675766053719351,0.9942986674474348,5.308694033252621,9,0.6120583343663708,-129.12,2,"[599.4000244140625, 484.6000061035156]"
random_walk,1788869596.5698562,9.951466116,0.6770181984423428,0.903,0.0,0.3675766053719351,0.9942986674474348,5.621067769802366,9,0.5691068723055729,-61.87,2,"[637.0, 402.3999938964844]"
random_walk,1788869596.6199064,10.00151645,0.7771619693724445,0.903,0.0,0.3675766053719351,0.9942986674474348,5.933773678631034,9,0.5614369683661447,-37.66,2,"[637.0, 402.3999938964844]"
random_walk,1788869596.669696,10.051306287000001,0.888990518028427,0.903,0.0,0.3675766053719351,0.9942986674474348,6.2450629792076455,9,0.5890486225480862,-37.66,2,"[638.0, 389.3999938964844]"
random_walk,1788869596.719737,10.101347149,1.002631941254384,0.903,0.0,0.3675766053719351,0.9942986674474348,0.2744845539093319,10,0.6366020269725411,2.69,2,"[638.0, 389.3999938964844]"
random_walk,1788869596.7698596,10.151469687,1.1066988218832907,0.903,0.0,0.3675766053719351,0.9942986674474348,0.5873619091147262,10,0.7117670855789375,2.69,2,"[609.5999755859375, 438.79998779296875]"
random_walk,1788869596.8198626,10.201472864000001,1.1908770990403206,0.903,0.0,0.3675766053719351,0.9942986674474348,0.8997569304294615,10,0.8053399136399616,2.69,2,"[609.5999755859375, 438.79998779296875]"
random_walk,1788869596.8697734,10.251383610000001,1.2471325026684226,0.903,0.0,0.3675766053719351,0.9942986674474348,1.2117143302289435,10,0.9096506072161852,8.07,2,"[548.0, 563.0]"
random_walk,1788869596.9197264,10.301336613,1.270171713585641,0.903,0.0,0.3675766053719351,0.9942986674474348,1.5238555336887174,10,1.0078253776408663,64.56,2,"[548.0, 563.0]"
random_walk,1788869596.9699302,10.351540156,1.2576027275441328,0.903,0.0,0.3675766053719351,0.9942986674474348,1.8372745414943523,10,1.0983302441261191,78.01,2,"[472.79998779296875, 650.0]"
random_walk,1788869597.019963,10.401573103,1.2106712246923068,0.903,0.0,0.3675766053719351,0.9942986674474348,2.149767309047107,10,1.1765632643082868,88.77,2,"[472.79998779296875, 650.0]"
random_walk,1788869597.0697618,10.451371663000002,1.134222627069109,0.903,0.0,0.3675766053719351,0.9942986674474348,2.461267151996708,10,1.2333205534600555,88.77,2,"[415.20001220703125, 690.5999755859375]"
random_walk,1788869597.1196492,10.501259342,1.035441956588489,0.903,0.0,0.3675766053719351,0.9942986674474348,2.772991206549051,10,1.2425244381873692,0.0,2,"[415.20001220703125, 690.5999755859375]"
random_walk,1788869597.169792,10.551402004,0.9234751557521322,0.903,0.0,0.3675766053719351,0.9942986674474348,3.0858607088194248,10,1.2241166687327416,-2.69,2,"[401.20001220703125, 696.7999877929688]"
random_walk,1788869597.2198155,10.601425689000001,0.8096449167326073,0.903,0.0,0.3675766053719351,0.9942986674474348,3.398379940200911,10,1.175029283520401,-2.69,2,"[401.20001220703125, 696.7999877929688]"
random_walk,1788869597.2698765,10.651486845,0.7047923567267177,0.903,0.0,0.3675766053719351,0.9942986674474348,3.7111129500893156,10,1.0998642249140047,-32.28,2,"[423.6000061035156, 668.0]"
random_walk,1788869597.319874,10.701484214,0.619258770647844,0.903,0.0,0.3675766053719351,0.9942986674474348,4.023454893809884,10,1.0062913968529805,-21.52,2,"[423.6000061035156, 668.0]"
random_walk,1788869597.3698678,10.751478105,0.5611856784959447,0.903,0.0,0.3675766053719351,0.9942986674474348,4.335769299155331,10,0.9050486648525283,-80.7,2,"[501.0, 603.4000244140625]"
random_walk,1788869597.419861,10.801471311,0.5361821203756989,0.903,0.0,0.3675766053719351,0.9942986674474348,4.6481263927306316,10,0.8007379712763046,-78.01,2,"[501.0, 603.4000244140625]"
random_walk,1788869597.4697115,10.851321472,0.5466087665002832,0.903,0.0,0.3675766053719351,0.9942986674474348,4.959717259755905,10,0.6764855274575677,-78.01,2,"[596.5999755859375, 491.6000061035156]"
random_walk,1788869597.5197523,10.901362559,0.5915967248029199,0.903,0.0,0.3675766053719351,0.9942986674474348,5.272531766491753,10,0.6105243535784852,-134.5,2,"[596.5999755859375, 491.6000061035156]"
random_walk,1788869597.5696926,10.951302680000001,0.6665618535987234,0.903,0.0,0.3675766053719351,0.9942986674474348,5.584469405882757,10,0.5706408530934585,-96.84,2,"[636.4000244140625, 408.3999938964844]"
random_walk,1788869597.619697,11.001307032000001,0.7645014084209513,0.903,0.0,0.3675766053719351,0.9942986674474348,5.896858623397463,10,0.5537670644267164,-40.35,2,"[636.4000244140625, 408.3999938964844]"
random_walk,1788869597.6698408,11.051450798000001,0.8760863193606527,0.903,0.0,0.3675766053719351,0.9942986674474348,6.209900484159533,10,0.5706408530934585,2.69,2,"[633.7999877929688, 385.0]"
random_walk,1788869597.719831,11.101440924,0.9900113493743768,0.903,0.0,0.3675766053719351,0.9942986674474348,0.23898462630283035,11,0.6151262959421421,2.69,2,"[633.7999877929688, 385.0]"
random_walk,1788869597.769829,11.151439021,1.0955399266882755,0.903,0.0,0.3675766053719351,0.9942986674474348,0.5513163305958031,11,0.6856894121848816,8.07,2,"[608.0, 425.20001220703125]"
random_walk,1788869597.8199878,11.201598035,1.1826744967182938,0.903,0.0,0.3675766053719351,0.9942986674474348,0.8646380482208897,11,0.77772825945802,2.69,2,"[608.0, 425.20001220703125]"
random_walk,1788869597.8698413,11.251451325000001,1.2423294120219062,0.903,0.0,0.3675766053719351,0.9942986674474348,1.1762028137644833,11,0.9127185687919565,2.69,2,"[562.0, 554.2000122070312]"
random_walk,1788869597.9197242,11.301334241000001,1.2693162394123014,0.903,0.0,0.3675766053719351,0.9942986674474348,1.4879613849961757,11,1.012427320004523,18.83,2,"[562.0, 554.2000122070312]"
random_walk,1788869597.969678,11.351287985,1.2609516640761782,0.903,0.0,0.3675766053719351,0.9942986674474348,1.8001429526668673,11,1.1044661672776617,69.94,2,"[474.3999938964844, 643.7999877929688]"
random_walk,1788869598.0198882,11.401498472,1.2177709487894537,0.903,0.0,0.3675766053719351,0.9942986674474348,2.113450445046901,11,1.1780972450961724,83.39,2,"[474.3999938964844, 643.7999877929688]"
random_walk,1788869598.0698547,11.451465083,1.1442489447443318,0.903,0.0,0.3675766053719351,0.9942986674474348,2.4256579705099384,11,1.2256506495206272,99.53,2,"[421.6000061035156, 688.5999755859375]"
random_walk,1788869598.11988,11.501490224000001,1.0473475151021898,0.903,0.0,0.3675766053719351,0.9942986674474348,2.7380265092538494,11,1.2425244381873692,53.8,2,"[421.6000061035156, 688.5999755859375]"
random_walk,1788869598.169977,11.551587003,0.9362244295194668,0.903,0.0,0.3675766053719351,0.9942986674474348,3.051081352035773,11,1.2348545342479411,-2.69,2,"[402.20001220703125, 690.0]"
random_walk,1788869598.2199707,11.601580717000001,0.8221715842947941,0.903,0.0,0.3675766053719351,0.9942986674474348,3.36329992908356,11,1.1903690913992575,-2.69,2,"[402.20001220703125, 690.0]"
random_walk,1788869598.2698467,11.651456752000001,0.7159872864731741,0.903,0.0,0.3675766053719351,0.9942986674474348,3.6753505207936072,11,1.0952622825503477,-2.69,2,"[424.20001220703125, 668.2000122070312]"
random_walk,1788869598.3197627,11.701373022,0.627969847526668,0.903,0.0,0.3675766053719351,0.9942986674474348,3.9869758545193363,11,1.0032234352772094,-5.38,2,"[424.20001220703125, 668.2000122070312]"
random_walk,1788869598.369688,11.75129813,0.56636224948971,0.903,0.0,0.3675766053719351,0.9942986674474348,4.299163094795425,11,0.9004467224888714,-78.01,2,"[494.6000061035156, 605.5999755859375]"
random_walk,1788869598.4198565,11.801466747000001,0.537262694034617,0.903,0.0,0.3675766053719351,0.9942986674474348,4.612308693016423,11,0.7992039904884191,-64.56,2,"[494.6000061035156, 605.5999755859375]"
random_walk,1788869598.4699636,11.851573805000001,0.5437230176244587,0.903,0.0,0.3675766053719351,0.9942986674474348,4.925296414132653,11,0.7025632008516236,-34.97,2,"[588.0, 495.0]"
random_walk,1788869598.5198767,11.901486946,0.584875730415231,0.903,0.0,0.3675766053719351,0.9942986674474348,5.237109743499097,11,0.6258641614573416,-123.74,2,"[588.0, 495.0]"
random_walk,1788869598.569938,11.951548207,0.6569765988960453,0.903,0.0,0.3675766053719351,0.9942986674474348,5.549903021696217,11,0.5783107570328867,-112.98,2,"[629.7999877929688, 406.20001220703125]"
random_walk,1788869598.619952,12.001562214000002,0.7528365963115596,0.903,0.0,0.3675766053719351,0.9942986674474348,5.862350302200589,11,0.5537670644267164,-75.32,2,"[629.7999877929688, 406.20001220703125]"
random_walk,1788869598.6697876,12.051398013,0.862930956863885,0.903,0.0,0.3675766053719351,0.9942986674474348,6.173959567709254,11,0.5706408530934585,-75.32,2,"[635.7999877929688, 384.3999938964844]"
random_walk,1788869598.7196984,12.101308546,0.9769245780787524,0.903,0.0,0.3675766053719351,0.9942986674474348,0.20249440423292242,12,0.6181942575179133,5.38,2,"[635.7999877929688, 384.3999938964844]"
random_walk,1788869598.7698493,12.151459242000001,1.0842595872851393,0.903,0.0,0.3675766053719351,0.9942986674474348,0.5156731509608221,12,0.6887573737606529,2.69,2,"[610.4000244140625, 427.3999938964844]"
random_walk,1788869598.8199692,12.201579389,1.173941486685079,0.903,0.0,0.3675766053719351,0.9942986674474348,0.8287720438976862,12,0.7792622402459057,2.69,2,"[610.4000244140625, 427.3999938964844]"
random_walk,1788869598.8698592,12.251469334000001,1.237060065111696,0.903,0.0,0.3675766053719351,0.9942986674474348,1.1404409279893457,12,0.8835729338221293,5.38,2,"[558.0, 547.0]"
random_walk,1788869598.9199266,12.301536838,1.2680351436247257,0.903,0.0,0.3675766053719351,0.9942986674474348,1.4531350917759909,12,0.9863496466104673,53.8,2,"[558.0, 547.0]"
random_walk,1788869598.9699187,12.351528941000002,1.2636283011352294,0.903,0.0,0.3675766053719351,0.9942986674474348,1.7655416269803226,12,1.081456455459377,91.46,2,"[479.0, 641.4000244140625]"
random_walk,1788869599.019929,12.401539021000001,1.2242972378931793,0.903,0.0,0.3675766053719351,0.9942986674474348,2.0780210064346534,12,1.1612234564294304,78.01,2,"[479.0, 641.4000244140625]"
random_walk,1788869599.069835,12.451444974000001,1.154051218491193,0.903,0.0,0.3675766053719351,0.9942986674474348,2.3897440489142383,12,1.227184630308513,78.01,2,"[425.3999938964844, 688.0]"
random_walk,1788869599.1195967,12.501206744000001,1.05977170428422,0.903,0.0,0.3675766053719351,0.9942986674474348,2.700972169067157,12,1.2425244381873692,32.28,2,"[425.3999938964844, 688.0]"
random_walk,1788869599.1696994,12.551309474,0.9497817000512776,0.903,0.0,0.3675766053719351,0.9942986674474348,3.013975927163642,12,1.23178657267217,-2.69,2,"[418.3999938964844, 690.0]"
random_walk,1788869599.219883,12.601493063000001,0.8352729668273521,0.903,0.0,0.3675766053719351,0.9942986674474348,3.3269042858387508,12,1.1903690913992575,-10.76,2,"[418.3999938964844, 690.0]"
random_walk,1788869599.2698653,12.651475518000002,0.727475140911596,0.903,0.0,0.3675766053719351,0.9942986674474348,3.639421593032509,12,1.1182719943686323,-18.83,2,"[425.0, 662.4000244140625]"
random_walk,1788869599.319871,12.701480894000001,0.6366688071550364,0.903,0.0,0.3675766053719351,0.9942986674474348,3.951987979508246,12,1.0277671278833795,-21.52,2,"[425.0, 662.4000244140625]"
random_walk,1788869599.3699636,12.751573767,0.5716353841340899,0.903,0.0,0.3675766053719351,0.9942986674474348,4.264779933264464,12,0.9311263382465842,-40.35,2,"[485.6000061035156, 612.0]"
random_walk,1788869599.419959,12.801569247000002,0.5387823345516243,0.903,0.0,0.3675766053719351,0.9942986674474348,4.577096562671059,12,0.8252816638824749,-94.14999999999999,2,"[485.6000061035156, 612.0]"
random_walk,1788869599.4697404,12.851350517,0.5410939546296467,0.903,0.0,0.3675766053719351,0.9942986674474348,4.888267963017313,12,0.6979612584879668,-94.14999999999999,2,"[590.4000244140625, 501.6000061035156]"
random_walk,1788869599.5197349,12.901344899000001,0.5783820852359807,0.903,0.0,0.3675766053719351,0.9942986674474348,5.200692565594807,12,0.6227961998815703,-123.74,2,"[590.4000244140625, 501.6000061035156]"
random_walk,1788869599.5696716,12.951281673,0.6470138967640578,0.903,0.0,0.3675766053719351,0.9942986674474348,5.512794629326777,12,0.5783107570328867,-110.28999999999999,2,"[628.4000244140625, 411.20001220703125]"
random_walk,1788869599.619724,13.001334284,0.7405305092278661,0.903,0.0,0.3675766053719351,0.9942986674474348,5.825356324033066,12,0.5553010452146021,-61.87,2,"[628.4000244140625, 411.20001220703125]"
random_walk,1788869599.6699486,13.051558622,0.8501289048344244,0.903,0.0,0.3675766053719351,0.9942986674474348,6.138847713783846,12,0.5629709491540303,2.69,2,"[634.2000122070312, 387.0]"
random_walk,1788869599.719937,13.101547245,0.9644700214921463,0.903,0.0,0.3675766053719351,0.9942986674474348,0.16801994374232976,13,0.6013204688511713,2.69,2,"[634.2000122070312, 387.0]"
random_walk,1788869599.7699609,13.151570897000001,1.0728968085559016,0.903,0.0,0.3675766053719351,0.9942986674474348,0.4804833986689303,13,0.6657476619423682,2.69,2,"[613.5999755859375, 421.0]"
random_walk,1788869599.819849,13.201459224,1.1646598703200086,0.903,0.0,0.3675766053719351,0.9942986674474348,0.7921305856696605,13,0.7562525284276211,2.69,2,"[613.5999755859375, 421.0]"
random_walk,1788869599.8697326,13.251342945000001,1.2312384360466866,0.903,0.0,0.3675766053719351,0.9942986674474348,1.1039223678818857,13,0.8881748761857863,2.69,2,"[561.4000244140625, 540.7999877929688]"
random_walk,1788869599.9196572,13.301267421,1.266180919130402,0.903,0.0,0.3675766053719351,0.9942986674474348,1.4159901960658274,13,0.9894176081862386,53.8,2,"[561.4000244140625, 540.7999877929688]"
random_walk,1788869599.9696822,13.351292402,1.2660143463376061,0.903,0.0,0.3675766053719351,0.9942986674474348,1.7285143253797415,13,1.0829904362472627,83.39,2,"[482.20001220703125, 637.4000244140625]"
random_walk,1788869600.0198138,13.401423794000001,1.2306018557957414,0.903,0.0,0.3675766053719351,0.9942986674474348,2.0415034021736957,13,1.162757437217316,75.32,2,"[482.20001220703125, 637.4000244140625]"
random_walk,1788869600.0698407,13.451450902000001,1.1635223608317669,0.903,0.0,0.3675766053719351,0.9942986674474348,2.353858502840275,13,1.2164467647933135,94.14999999999999,2,"[426.3999938964844, 686.4000244140625]"
random_walk,1788869600.1199262,13.501536138,1.071025021410754,0.903,0.0,0.3675766053719351,0.9942986674474348,2.666843162748741,13,1.2409904573994837,107.6,2,"[426.3999938964844, 686.4000244140625]"
random_walk,1788869600.1698427,13.551452825,0.9626132794041686,0.903,0.0,0.3675766053719351,0.9942986674474348,2.9786939637971344,13,1.239456476611598,0.0,2,"[412.6000061035156, 690.2000122070312]"
random_walk,1788869600.219897,13.60150697,0.8481860075656826,0.903,0.0,0.3675766053719351,0.9942986674474348,3.2912735821872374,13,1.201106956914457,-2.69,2,"[412.6000061035156, 690.2000122070312]"
random_walk,1788869600.2697186,13.651328737,0.7394195900989717,0.903,0.0,0.3675766053719351,0.9942986674474348,3.6027937103237733,13,1.1152040327928612,-2.69,2,"[419.79998779296875, 668.7999877929688]"
random_walk,1788869600.3198385,13.701448698,0.6460005055970273,0.903,0.0,0.3675766053719351,0.9942986674474348,3.9158322287467584,13,1.0246991663076084,-24.21,2,"[419.79998779296875, 668.7999877929688]"
random_walk,1788869600.3696682,13.751278286000002,0.5778147155448194,0.903,0.0,0.3675766053719351,0.9942986674474348,4.2273858864793326,13,0.9249904150950417,-69.94,2,"[484.6000061035156, 616.5999755859375]"
random_walk,1788869600.4198503,13.801460458000001,0.5408329597621289,0.903,0.0,0.3675766053719351,0.9942986674474348,4.540615424266626,13,0.8237476830945893,-80.7,2,"[484.6000061035156, 616.5999755859375]"
random_walk,1788869600.4698672,13.851477347000001,0.5390495441385582,0.903,0.0,0.3675766053719351,0.9942986674474348,4.852968350850965,13,0.722504951094137,-8.07,2,"[590.0, 510.0]"
random_walk,1788869600.5198505,13.901460669,0.5724806263239044,0.903,0.0,0.3675766053719351,0.9942986674474348,5.165281912802435,13,0.6396699885483124,-110.28999999999999,2,"[590.0, 510.0]"
random_walk,1788869600.5699596,13.951569772000001,0.6380983074281654,0.903,0.0,0.3675766053719351,0.9942986674474348,5.478416028370653,13,0.5890486225480862,-126.42999999999999,2,"[629.7999877929688, 415.0]"
random_walk,1788869600.6199553,14.001565410000001,0.7292210898732849,0.903,0.0,0.3675766053719351,0.9942986674474348,5.79075454853642,13,0.5583690067903734,-69.94,2,"[629.7999877929688, 415.0]"
random_walk,1788869600.6697223,14.051332275,0.8367109386998818,0.903,0.0,0.3675766053719351,0.9942986674474348,6.101852379938599,13,0.5645049299419159,-69.94,2,"[632.5999755859375, 396.0]"
random_walk,1788869600.7197144,14.101324528000001,0.9510399437952831,0.903,0.0,0.3675766053719351,0.9942986674474348,0.13106864130993756,14,0.6043884304269426,2.69,2,"[632.5999755859375, 396.0]"
random_walk,1788869600.7696934,14.151303375000001,1.0606520497923846,0.903,0.0,0.3675766053719351,0.9942986674474348,0.4432700506048093,14,0.6688156235181395,2.69,2,"[618.4000244140625, 417.3999938964844]"
random_walk,1788869600.8198857,14.201495745,1.1552900026831696,0.903,0.0,0.3675766053719351,0.9942986674474348,0.7564725435586297,14,0.7547185476397354,10.76,2,"[618.4000244140625, 417.3999938964844]"
random_walk,1788869600.8698814,14.251491491000001,1.225247791015886,0.903,0.0,0.3675766053719351,0.9942986674474348,1.0689211110197334,14,0.8574952604280734,8.07,2,"[568.0, 531.0]"
random_walk,1788869600.9199934,14.301603519,1.2640376603093832,0.903,0.0,0.3675766053719351,0.9942986674474348,1.3818924640454924,14,0.9602719732164113,34.97,2,"[568.0, 531.0]"
random_walk,1788869600.9698074,14.351417504,1.2678234963941912,0.903,0.0,0.3675766053719351,0.9942986674474348,1.693264773331336,14,1.0584467436410925,75.32,2,"[486.0, 638.2000122070312]"
random_walk,1788869601.0198162,14.401426285000001,1.2363638143904545,0.903,0.0,0.3675766053719351,0.9942986674474348,2.0056697591897006,14,1.145883648550574,86.08,2,"[486.0, 638.2000122070312]"
random_walk,1788869601.0697067,14.451316781000001,1.172741122464999,0.903,0.0,0.3675766053719351,0.9942986674474348,2.3176403159351935,14,1.217980745581199,86.08,2,"[428.3999938964844, 675.4000244140625]"
random_walk,1788869601.1198182,14.501428112000001,1.0828260621586152,0.903,0.0,0.3675766053719351,0.9942986674474348,2.6303967221972044,14,1.239456476611598,99.53,2,"[428.3999938964844, 675.4000244140625]"
random_walk,1788869601.1698635,14.55147376,0.9755120276769906,0.903,0.0,0.3675766053719351,0.9942986674474348,2.943019709779719,14,1.2363885150358267,-2.69,2,"[407.79998779296875, 689.2000122070312]"
random_walk,1788869601.2198906,14.60150065,0.861238703585969,0.903,0.0,0.3675766053719351,0.9942986674474348,3.255450997035382,14,1.201106956914457,-2.69,2,"[407.79998779296875, 689.2000122070312]"
random_walk,1788869601.2698643,14.651474407,0.7510569527359046,0.903,0.0,0.3675766053719351,0.9942986674474348,3.567738370042079,14,1.1382137446111458,-2.69,2,"[412.20001220703125, 665.5999755859375]"
random_walk,1788869601.3198578,14.701467899,0.6555592352239411,0.903,0.0,0.3675766053719351,0.9942986674474348,3.880077008907733,14,1.0538448012774355,-21.52,2,"[412.20001220703125, 665.5999755859375]"
random_walk,1788869601.3699317,14.751541692000002,0.5839220623182022,0.903,0.0,0.3675766053719351,0.9942986674474348,4.192870505762556,14,0.9587379924285258,-21.52,2,"[474.0, 621.0]"
random_walk,1788869601.4198744,14.801484437000001,0.5433101909288536,0.903,0.0,0.3675766053719351,0.9942986674474348,4.504863715445481,14,0.8513593372765309,-110.28999999999999,2,"[474.0, 621.0]"
random_walk,1788869601.4698267,14.851436714,0.5374328473953445,0.903,0.0,0.3675766053719351,0.9942986674474348,4.817000139672729,14,0.7209709703062513,-110.28999999999999,2,"[575.5999755859375, 515.7999877929688]"
random_walk,1788869601.519645,14.901255069000001,0.5667799863947127,0.903,0.0,0.3675766053719351,0.9942986674474348,5.1284358721854915,14,0.6381360077604268,-110.28999999999999,2,"[575.5999755859375, 515.7999877929688]"
random_walk,1788869601.5696871,14.951297385,0.6287815869535893,0.903,0.0,0.3675766053719351,0.9942986674474348,5.441124507056074,14,0.5875146417602005,-121.05,2,"[638.0, 417.3999938964844]"
random_walk,1788869601.6199486,15.001558799000001,0.7177126325352707,0.903,0.0,0.3675766053719351,0.9942986674474348,5.7548709516396315,14,0.5568350260024878,-67.25,2,"[638.0, 417.3999938964844]"
random_walk,1788869601.6698718,15.051481797000001,0.8240502891898162,0.903,0.0,0.3675766053719351,0.9942986674474348,6.066714262100049,14,0.5568350260024878,2.69,2,"[639.0, 385.79998779296875]"
random_walk,1788869601.7199464,15.101556385,0.9383865800862861,0.903,0.0,0.3675766053719351,0.9942986674474348,0.09641927340361889,15,0.5890486225480862,2.69,2,"[639.0, 385.79998779296875]"
random_walk,1788869601.769752,15.151361921000001,1.0487803249638572,0.903,0.0,0.3675766053719351,0.9942986674474348,0.40780848180578033,15,0.6488738732756262,5.38,2,"[625.7999877929688, 410.6000061035156]"
random_walk,1788869601.8198702,15.201480445000001,1.1455527200630544,0.903,0.0,0.3675766053719351,0.9942986674474348,0.7206455352738956,15,0.7332428166093364,13.45,2,"[625.7999877929688, 410.6000061035156]"
random_walk,1788869601.869762,15.251371943,1.218636584555378,0.903,0.0,0.3675766053719351,0.9942986674474348,1.0327198857045872,15,0.8651651643675016,13.45,2,"[571.5999755859375, 529.7999877929688]"
random_walk,1788869601.919725,15.301335086000002,1.2612016182854753,0.903,0.0,0.3675766053719351,0.9942986674474348,1.3444602396264216,15,0.9679418771558396,40.35,2,"[571.5999755859375, 529.7999877929688]"
random_walk,1788869601.9698987,15.351508797000001,1.2691862512578154,0.903,0.0,0.3675766053719351,0.9942986674474348,1.657800636866206,15,1.0630486860047492,88.77,2,"[490.0, 631.2000122070312]"
random_walk,1788869602.019865,15.401475186,1.241662851796983,0.903,0.0,0.3675766053719351,0.9942986674474348,1.9700804942954804,15,1.145883648550574,83.39,2,"[490.0, 631.2000122070312]"
random_walk,1788869602.0698817,15.451491744,1.1813429267541131,0.903,0.0,0.3675766053719351,0.9942986674474348,2.2825189722656987,15,1.205708899278114,53.8,2,"[421.20001220703125, 686.0]"
random_walk,1788869602.1198444,15.50145447,1.0941555870242052,0.903,0.0,0.3675766053719351,0.9942986674474348,2.594691531239256,15,1.2287186110963986,94.14999999999999,2,"[421.20001220703125, 686.0]"
random_walk,1788869602.1699414,15.551551561,0.9881838448355708,0.903,0.0,0.3675766053719351,0.9942986674474348,2.907722065532603,15,1.227184630308513,-2.69,2,"[410.20001220703125, 681.2000122070312]"
random_walk,1788869602.2199917,15.601601773,0.8740912506459033,0.903,0.0,0.3675766053719351,0.9942986674474348,3.2203208258422578,15,1.201106956914457,-2.69,2,"[410.20001220703125, 681.2000122070312]"
random_walk,1788869602.2697852,15.651395338,0.7632344592674183,0.903,0.0,0.3675766053719351,0.9942986674474348,3.531643168720599,15,1.1305438406717176,-2.69,2,"[411.3999938964844, 669.7999877929688]"
random_walk,1788869602.3196437,15.701253896,0.6657261382587356,0.903,0.0,0.3675766053719351,0.9942986674474348,3.8432816781344243,15,1.047708878125893,-43.04,2,"[411.3999938964844, 669.7999877929688]"
random_walk,1788869602.3698528,15.751462993,0.5907398196765938,0.903,0.0,0.3675766053719351,0.9942986674474348,4.156649388844279,15,0.9510680884890975,-40.35,2,"[477.20001220703125, 619.4000244140625]"
random_walk,1788869602.4199352,15.801545349000001,0.5462102575707763,0.903,0.0,0.3675766053719351,0.9942986674474348,4.469528711968941,15,0.8528933180644165,-118.36,2,"[477.20001220703125, 619.4000244140625]"
random_walk,1788869602.4699397,15.851549913000001,0.5363116564766944,0.903,0.0,0.3675766053719351,0.9942986674474348,4.781923277226191,15,0.7501166052760785,-21.52,2,"[573.5999755859375, 522.2000122070312]"
random_walk,1788869602.5199406,15.901550729,0.5618991172785883,0.903,0.0,0.3675766053719351,0.9942986674474348,5.0942513580487585,15,0.6580777580029401,-86.08,2,"[573.5999755859375, 522.2000122070312]"
random_walk,1788869602.569945,15.951555297,0.6205094927096872,0.903,0.0,0.3675766053719351,0.9942986674474348,5.406658236858043,15,0.5982525072754,-94.14999999999999,2,"[626.7999877929688, 425.3999938964844]"
random_walk,1788869602.6199539,16.001563997,0.7064663595601984,0.903,0.0,0.3675766053719351,0.9942986674474348,5.719063422632011,15,0.5721748338813442,-59.18,2,"[626.7999877929688, 425.3999938964844]"
random_walk,1788869602.6697683,16.051378436,0.8111514729026658,0.903,0.0,0.3675766053719351,0.9942986674474348,6.03063324229209,15,0.5752427954571154,-59.18,2,"[641.4000244140625, 387.20001220703125]"
random_walk,1788869602.71964,16.101250121,0.9246934275620609,0.903,0.0,0.3675766053719351,0.9942986674474348,0.059051746673461025,16,0.6043884304269426,2.69,2,"[641.4000244140625, 387.20001220703125]"
random_walk,1788869602.7698624,16.151472685,1.0367584151863307,0.903,0.0,0.3675766053719351,0.9942986674474348,0.37244364092462945,16,0.6580777580029401,2.69,2,"[619.4000244140625, 414.6000061035156]"
random_walk,1788869602.8198593,16.201469467000003,1.1354977438057394,0.903,0.0,0.3675766053719351,0.9942986674474348,0.6847960739673056,16,0.7363107781851077,2.69,2,"[619.4000244140625, 414.6000061035156]"
random_walk,1788869602.8698866,16.251496803000002,1.2118070668716998,0.903,0.0,0.3675766053719351,0.9942986674474348,0.9974974472105913,16,0.8314175870340175,2.69,2,"[571.5999755859375, 517.0]"
random_walk,1788869602.9198437,16.30145376,1.2580936349379825,0.903,0.0,0.3675766053719351,0.9942986674474348,1.3094377104939667,16,0.9357282806102412,24.21,2,"[571.5999755859375, 517.0]"
random_walk,1788869602.9698899,16.351500105,1.2700960087552717,0.903,0.0,0.3675766053719351,0.9942986674474348,1.621938449681636,16,1.0354370318228079,83.39,2,"[490.79998779296875, 621.2000122070312]"
random_walk,1788869603.019933,16.401543159000003,1.2465025518955721,0.903,0.0,0.3675766053719351,0.9942986674474348,1.9347239061805652,16,1.1244079175201749,80.7,2,"[490.79998779296875, 621.2000122070312]"
random_walk,1788869603.0697567,16.451366803000003,1.1898495343853934,0.903,0.0,0.3675766053719351,0.9942986674474348,2.246318915207368,16,1.2072428800659996,80.7,2,"[429.0, 673.7999877929688]"
random_walk,1788869603.1196573,16.501267365,1.1054959170766419,0.903,0.0,0.3675766053719351,0.9942986674474348,2.5581570341093283,16,1.2333205534600555,123.74,2,"[429.0, 673.7999877929688]"
random_walk,1788869603.1697211,16.551331388,1.001376753109065,0.903,0.0,0.3675766053719351,0.9942986674474348,2.8706539061794416,16,1.23178657267217,-2.69,2,"[410.0, 686.7999877929688]"
random_walk,1788869603.2198365,16.601446594000002,0.8875497119278662,0.903,0.0,0.3675766053719351,0.9942986674474348,3.1836378788780024,16,1.2041749184902284,-2.69,2,"[410.0, 686.7999877929688]"
random_walk,1788869603.2699602,16.651570292000002,0.7751732197580571,0.903,0.0,0.3675766053719351,0.9942986674474348,3.4967687583122995,16,1.1520195717021164,-2.69,2,"[406.0, 678.0]"
random_walk,1788869603.31996,16.701570426,0.6754488249074976,0.903,0.0,0.3675766053719351,0.9942986674474348,3.809135097984523,16,1.0737865515199487,-29.59,2,"[406.0, 678.0]"
random_walk,1788869603.3699605,16.751570609,0.597747195337733,0.903,0.0,0.3675766053719351,0.9942986674474348,4.12150181874587,16,0.9786797426710391,-37.66,2,"[468.79998779296875, 626.0]"
random_walk,1788869603.4199717,16.801581851,0.5495873573186227,0.903,0.0,0.3675766053719351,0.9942986674474348,4.433880784338257,16,0.8728350683069298,-112.98,2,"[468.79998779296875, 626.0]"
random_walk,1788869603.4697485,16.851358751,0.5356220539875085,0.903,0.0,0.3675766053719351,0.9942986674474348,4.745267718700362,16,0.7439806821245359,-112.98,2,"[569.5999755859375, 526.2000122070312]"
random_walk,1788869603.5196257,16.901235824,0.5570225059173117,0.903,0.0,0.3675766053719351,0.9942986674474348,5.056904603799865,16,0.6565437772150544,-88.77,2,"[569.5999755859375, 526.2000122070312]"
random_walk,1788869603.5696688,16.951278742,0.611966311399764,0.903,0.0,0.3675766053719351,0.9942986674474348,5.369494848954062,16,0.5967185264875144,-102.22,2,"[628.5999755859375, 434.3999938964844]"
random_walk,1788869603.6199007,17.001511017000002,0.6953350703477867,0.903,0.0,0.3675766053719351,0.9942986674474348,5.682804321748094,16,0.5675728915176872,-56.49,2,"[628.5999755859375, 434.3999938964844]"
random_walk,1788869603.6699529,17.051563038,0.798764348297925,0.903,0.0,0.3675766053719351,0.9942986674474348,5.9956648777949795,16,0.5675728915176872,2.69,2,"[638.7999877929688, 383.79998779296875]"
random_walk,1788869603.7199378,17.10154796,0.9120982775257062,0.903,0.0,0.3675766053719351,0.9942986674474348,0.02475458633852412,17,0.5905826033359719,2.69,2,"[638.7999877929688, 383.79998779296875]"
random_walk,1788869603.7699342,17.151544349,1.024575547844875,0.903,0.0,0.3675766053719351,0.9942986674474348,0.33709699861130815,17,0.6381360077604268,2.69,2,"[622.0, 407.3999938964844]"
random_walk,1788869603.8199701,17.201580399,1.12534546338398,0.903,0.0,0.3675766053719351,0.9942986674474348,0.6496347284339876,17,0.7163690279425944,8.07,2,"[622.0, 407.3999938964844]"
random_walk,1788869603.8697605,17.251370874000003,1.204346637265553,0.903,0.0,0.3675766053719351,0.9942986674474348,0.961096531191636,17,0.8375535101855601,8.07,2,"[574.7999877929688, 515.4000244140625]"
random_walk,1788869603.9196565,17.301266785000003,1.2543844259440697,0.903,0.0,0.3675766053719351,0.9942986674474348,1.272875393857639,17,0.940330222973898,37.66,2,"[574.7999877929688, 515.4000244140625]"
random_walk,1788869603.9696903,17.351300356,1.2705378572231687,0.903,0.0,0.3675766053719351,0.9942986674474348,1.5853164519886818,17,1.0400389741864646,75.32,2,"[504.79998779296875, 616.0]"
random_walk,1788869604.0198572,17.401467436,1.251021418231511,0.903,0.0,0.3675766053719351,0.9942986674474348,1.8984510985827328,17,1.1259418983080607,75.32,2,"[504.79998779296875, 616.0]"
random_walk,1788869604.069927,17.451537051000003,1.1977294281418092,0.903,0.0,0.3675766053719351,0.9942986674474348,2.211261788179918,17,1.193437052975029,88.77,2,"[433.20001220703125, 674.4000244140625]"
random_walk,1788869604.1198626,17.501472711,1.1161602562766735,0.903,0.0,0.3675766053719351,0.9942986674474348,2.522978089755064,17,1.23178657267217,107.6,2,"[433.20001220703125, 674.4000244140625]"
random_walk,1788869604.1698403,17.551450339000002,1.0137882721035787,0.903,0.0,0.3675766053719351,0.9942986674474348,2.835430112007792,17,1.2379224958237125,0.0,2,"[397.79998779296875, 694.2000122070312]"
random_walk,1788869604.2199397,17.601549936,0.9005181377878458,0.903,0.0,0.3675766053719351,0.9942986674474348,3.1483446640111694,17,1.2164467647933135,-2.69,2,"[397.79998779296875, 694.2000122070312]"
random_walk,1788869604.2697804,17.651390378000002,0.7879232686901306,0.903,0.0,0.3675766053719351,0.9942986674474348,3.4600151036961577,17,1.1504855909142309,-2.69,2,"[411.79998779296875, 678.7999877929688]"
random_walk,1788869604.3196723,17.701282627,0.6863816064070888,0.903,0.0,0.3675766053719351,0.9942986674474348,3.7718033124168713,17,1.0707185899441776,-26.9,2,"[411.79998779296875, 678.7999877929688]"
random_walk,1788869604.3698115,17.75142177,0.6054649808989465,0.903,0.0,0.3675766053719351,0.9942986674474348,4.084808126317661,17,0.9771457618831534,-18.83,2,"[464.0, 627.5999755859375]"
random_walk,1788869604.4198315,17.801441544,0.553522170562625,0.903,0.0,0.3675766053719351,0.9942986674474348,4.3972776911650655,17,0.8759030298827011,-107.6,2,"[464.0, 627.5999755859375]"
random_walk,1788869604.469885,17.851495228,0.5354246227999361,0.903,0.0,0.3675766053719351,0.9942986674474348,4.709803919592865,17,0.7731263170943632,-37.66,2,"[565.4000244140625, 537.5999755859375]"
random_walk,1788869604.519919,17.901529187,0.5529482197453313,0.903,0.0,0.3675766053719351,0.9942986674474348,5.022422515279338,17,0.6764855274575677,-56.49,2,"[565.4000244140625, 537.5999755859375]"
random_walk,1788869604.5698707,17.951480908,0.6042941748053827,0.903,0.0,0.3675766053719351,0.9942986674474348,5.334524872637367,17,0.6105243535784852,-131.81,2,"[625.7999877929688, 425.20001220703125]"
random_walk,1788869604.6198733,18.001483518,0.6845728329509897,0.903,0.0,0.3675766053719351,0.9942986674474348,5.646870183686467,17,0.5706408530934585,-83.39,2,"[625.7999877929688, 425.20001220703125]"
random_walk,1788869604.6697388,18.051348979,0.7857815109096566,0.903,0.0,0.3675766053719351,0.9942986674474348,5.95862149548261,17,0.5645049299419159,-83.39,2,"[635.0, 385.3999938964844]"
random_walk,1788869604.7196434,18.101253418000002,0.8983622386626363,0.903,0.0,0.3675766053719351,0.9942986674474348,6.270567843697329,17,0.5905826033359719,2.69,2,"[635.0, 385.3999938964844]"
random_walk,1788869604.769697,18.151306942,1.011660215477388,0.903,0.0,0.3675766053719351,0.9942986674474348,0.3000965419285677,18,0.6396699885483124,2.69,2,"[618.2000122070312, 401.6000061035156]"
random_walk,1788869604.819873,18.201483315,1.1145296774687508,0.903,0.0,0.3675766053719351,0.9942986674474348,0.6131799539004703,18,0.7148350471547088,10.76,2,"[618.2000122070312, 401.6000061035156]"
random_walk,1788869604.8698716,18.2514818,1.1966711183803413,0.903,0.0,0.3675766053719351,0.9942986674474348,0.9255282074574467,18,0.8068738944278473,2.69,2,"[577.7999877929688, 506.3999938964844]"
random_walk,1788869604.9198544,18.30146448,1.2503849663227362,0.903,0.0,0.3675766053719351,0.9942986674474348,1.2378032294279393,18,0.9111845880040709,21.52,2,"[577.7999877929688, 506.3999938964844]"
random_walk,1788869604.9699595,18.351569559,1.2705037005867428,0.903,0.0,0.3675766053719351,0.9942986674474348,1.5508792195328596,18,1.0139613007924089,64.56,2,"[500.0, 618.7999877929688]"
random_walk,1788869605.019935,18.401545073,1.2550181493257315,0.903,0.0,0.3675766053719351,0.9942986674474348,1.862786484246044,18,1.1060001480655473,72.63,2,"[500.0, 618.7999877929688]"
random_walk,1788869605.0697103,18.451320346000003,1.2056429581614583,0.903,0.0,0.3675766053719351,0.9942986674474348,2.174309873505962,18,1.1965050145508,72.63,2,"[441.3999938964844, 676.5999755859375]"
random_walk,1788869605.1196828,18.501292783,1.1269251665570736,0.903,0.0,0.3675766053719351,0.9942986674474348,2.486549841523896,18,1.2348545342479411,104.91,2,"[441.3999938964844, 676.5999755859375]"
random_walk,1788869605.1696649,18.551275038,1.0265713162328145,0.903,0.0,0.3675766053719351,0.9942986674474348,2.7987364758057964,18,1.2409904573994837,0.0,2,"[407.20001220703125, 696.7999877929688]"
random_walk,1788869605.2198415,18.601451599,0.9138729499696804,0.903,0.0,0.3675766053719351,0.9942986674474348,3.112008245765466,18,1.2210487071569704,-2.69,2,"[407.20001220703125, 696.7999877929688]"
random_walk,1788869605.2696917,18.651301817,0.8006800306613712,0.903,0.0,0.3675766053719351,0.9942986674474348,3.423682665020536,18,1.1719613219446299,-18.83,2,"[413.6000061035156, 669.2000122070312]"
random_walk,1788869605.3199668,18.701577087,0.696721313402225,0.903,0.0,0.3675766053719351,0.9942986674474348,3.737410142610699,18,1.0967962633382335,-8.07,2,"[413.6000061035156, 669.2000122070312]"
random_walk,1788869605.3698413,18.751451456,0.613359471191331,0.903,0.0,0.3675766053719351,0.9942986674474348,4.049102935359699,18,1.0032234352772094,-16.14,2,"[460.3999938964844, 636.4000244140625]"
random_walk,1788869605.4199574,18.801567581,0.5577392104118872,0.903,0.0,0.3675766053719351,0.9942986674474348,4.362145939389151,18,0.8973787609131001,-83.39,2,"[460.3999938964844, 636.4000244140625]"
random_walk,1788869605.4697127,18.851322783,0.5357045612790003,0.903,0.0,0.3675766053719351,0.9942986674474348,4.673273320817273,18,0.7669903939428205,-83.39,2,"[559.4000244140625, 545.4000244140625]"
random_walk,1788869605.519657,18.901266915,0.549027904103828,0.903,0.0,0.3675766053719351,0.9942986674474348,4.985306351190545,18,0.6749515466696822,-61.87,2,"[559.4000244140625, 545.4000244140625]"
random_walk,1788869605.569661,18.951271009000003,0.5966102148325785,0.903,0.0,0.3675766053719351,0.9942986674474348,5.297700635316474,18,0.607456392002714,-126.42999999999999,2,"[625.2000122070312, 433.6000061035156]"
random_walk,1788869605.6197107,19.001320578,0.6739068117816556,0.903,0.0,0.3675766053719351,0.9942986674474348,5.610289843408438,18,0.5675728915176872,-67.25,2,"[625.2000122070312, 433.6000061035156]"
random_walk,1788869605.6696963,19.051306402,0.77330590609341,0.903,0.0,0.3675766053719351,0.9942986674474348,5.922585475428733,18,0.5599029875782591,0.0,2,"[637.7999877929688, 386.6000061035156]"
random_walk,1788869605.7199154,19.101525409,0.8856675318985521,0.903,0.0,0.3675766053719351,0.9942986674474348,6.236014466520075,18,0.5798447378207724,2.69,2,"[637.7999877929688, 386.6000061035156]"
random_walk,1788869605.7698631,19.151473214000003,0.9992330040252497,0.903,0.0,0.3675766053719351,0.9942986674474348,0.26489086510891724,19,0.6227961998815703,2.69,2,"[620.2000122070312, 406.79998779296875]"
random_walk,1788869605.81988,19.201490194,1.1036262705585171,0.903,0.0,0.3675766053719351,0.9942986674474348,0.5773531767681348,19,0.6979612584879668,2.69,2,"[620.2000122070312, 406.79998779296875]"
random_walk,1788869605.8696885,19.251298654000003,1.1883667987008595,0.903,0.0,0.3675766053719351,0.9942986674474348,0.8888485028744455,19,0.8145437983672754,2.69,2,"[582.0, 498.20001220703125]"
random_walk,1788869605.9196897,19.301299773,1.2457524053739508,0.903,0.0,0.3675766053719351,0.9942986674474348,1.2011778269221978,19,0.9157865303677277,26.9,2,"[582.0, 498.20001220703125]"
random_walk,1788869605.9696698,19.351279891,1.269974953718384,0.903,0.0,0.3675766053719351,0.9942986674474348,1.5135730294104448,19,1.0154952815802945,72.63,2,"[512.2000122070312, 608.4000244140625]"
random_walk,1788869606.019832,19.401441994000002,1.2586306658450663,0.903,0.0,0.3675766053719351,0.9942986674474348,1.8264396641413114,19,1.1044661672776617,64.56,2,"[512.2000122070312, 608.4000244140625]"
random_walk,1788869606.0698419,19.451451803,1.2128253935663196,0.903,0.0,0.3675766053719351,0.9942986674474348,2.1389672482468356,19,1.179631225884058,80.7,2,"[443.3999938964844, 674.2000122070312]"
random_walk,1788869606.1199365,19.501546446000003,1.136856836672056,0.903,0.0,0.3675766053719351,0.9942986674474348,2.452013544636479,19,1.2256506495206272,112.98,2,"[443.3999938964844, 674.2000122070312]"
random_walk,1788869606.1697352,19.551345497,1.0387821475452905,0.903,0.0,0.3675766053719351,0.9942986674474348,2.7632312879198295,19,1.2425244381873692,51.11,2,"[408.6000061035156, 692.5999755859375]"
random_walk,1788869606.2199013,19.601511393000003,0.9269757413529988,0.903,0.0,0.3675766053719351,0.9942986674474348,3.076319797739764,19,1.2302525918842842,-2.69,2,"[408.6000061035156, 692.5999755859375]"
random_walk,1788869606.2697392,19.651349250000003,0.813298562030214,0.903,0.0,0.3675766053719351,0.9942986674474348,3.3881168027472697,19,1.1704273411567443,-2.69,2,"[408.0, 677.5999755859375]"
random_walk,1788869606.3196692,19.701279383000003,0.7081877537496877,0.903,0.0,0.3675766053719351,0.9942986674474348,3.700182456848971,19,1.0921943209745766,-21.52,2,"[408.0, 677.5999755859375]"
random_walk,1788869606.369861,19.751471216000002,0.6216246437891946,0.903,0.0,0.3675766053719351,0.9942986674474348,4.013391528275797,19,1.0016894544893238,-16.14,2,"[457.0, 637.5999755859375]"
random_walk,1788869606.4198632,19.801473233000003,0.5625570046687574,0.903,0.0,0.3675766053719351,0.9942986674474348,4.32575207039536,19,0.9019807032767571,-80.7,2,"[457.0, 637.5999755859375]"
random_walk,1788869606.4698613,19.851471462000003,0.536436317847338,0.903,0.0,0.3675766053719351,0.9942986674474348,4.638133397490883,19,0.7992039904884191,-59.18,2,"[558.5999755859375, 552.5999755859375]"
random_walk,1788869606.5199423,19.90155231,0.5458364127795632,0.903,0.0,0.3675766053719351,0.9942986674474348,4.950983245557957,19,0.701029220063738,-26.9,2,"[558.5999755859375, 552.5999755859375]"
random_walk,1788869606.569917,19.951527154,0.5897933124234915,0.903,0.0,0.3675766053719351,0.9942986674474348,5.263228380144916,19,0.6227961998815703,-121.05,2,"[618.5999755859375, 439.79998779296875]"
random_walk,1788869606.6199434,20.001553509,0.6641198867385963,0.903,0.0,0.3675766053719351,0.9942986674474348,5.57576081220396,19,0.5767767762450011,-107.6,2,"[618.5999755859375, 439.79998779296875]"
random_walk,1788869606.6696649,20.051275082,0.7610468766504912,0.903,0.0,0.3675766053719351,0.9942986674474348,5.886691539146547,19,0.5553010452146021,-107.6,2,"[638.0, 392.20001220703125]"
random_walk,1788869606.7196703,20.101280626,0.872137126332037,0.903,0.0,0.3675766053719351,0.9942986674474348,6.199123232480794,19,0.5721748338813442,2.69,2,"[638.0, 392.20001220703125]"
random_walk,1788869606.7698834,20.151493739000003,0.9865195104273418,0.903,0.0,0.3675766053719351,0.9942986674474348,0.22921857901074816,20,0.619728238305799,2.69,2,"[626.5999755859375, 402.20001220703125]"
random_walk,1788869606.819958,20.201567968000003,1.0926562376152282,0.903,0.0,0.3675766053719351,0.9942986674474348,0.5421324500515823,20,0.6933593161243098,2.69,2,"[626.5999755859375, 402.20001220703125]"
random_walk,1788869606.8699489,20.251558994,1.1802340014417878,0.903,0.0,0.3675766053719351,0.9942986674474348,0.8544669594104448,20,0.7838641826095626,2.69,2,"[592.5999755859375, 490.3999938964844]"
random_walk,1788869606.9198456,20.30145572,1.240897463749763,0.903,0.0,0.3675766053719351,0.9942986674474348,1.1661895458325375,20,0.8866408953979006,13.45,2,"[592.5999755859375, 490.3999938964844]"
random_walk,1788869606.9698825,20.351492693,1.2690199245180749,0.903,0.0,0.3675766053719351,0.9942986674474348,1.4787313926672851,20,0.9878836273983529,61.87,2,"[515.7999877929688, 599.7999877929688]"
random_walk,1788869607.0198138,20.401423781000002,1.2617245444260472,0.903,0.0,0.3675766053719351,0.9942986674474348,1.790703148906431,20,1.086058397823034,86.08,2,"[515.7999877929688, 599.7999877929688]"
random_walk,1788869607.0698254,20.451435538000002,1.2197329175441254,0.903,0.0,0.3675766053719351,0.9942986674474348,2.103024207693238,20,1.1811652066719438,86.08,2,"[444.79998779296875, 670.0]"
random_walk,1788869607.119695,20.501305071,1.1472090202936178,0.903,0.0,0.3675766053719351,0.9942986674474348,2.4149342399881277,20,1.227184630308513,110.28999999999999,2,"[444.79998779296875, 670.0]"
random_walk,1788869607.1697068,20.551316939000003,1.0509281437660345,0.903,0.0,0.3675766053719351,0.9942986674474348,2.727410170898196,20,1.2425244381873692,21.52,2,"[408.79998779296875, 691.4000244140625]"
random_walk,1788869607.2198846,20.601494684000002,0.9400834137222901,0.903,0.0,0.3675766053719351,0.9942986674474348,3.040534509343672,20,1.2302525918842842,-2.69,2,"[408.79998779296875, 691.4000244140625]"
random_walk,1788869607.2699564,20.651566657,0.8257278017379205,0.903,0.0,0.3675766053719351,0.9942986674474348,3.3533933161289724,20,1.1873011298234863,-8.07,2,"[408.3999938964844, 678.5999755859375]"
random_walk,1788869607.3199267,20.701536831000002,0.7190755645952567,0.903,0.0,0.3675766053719351,0.9942986674474348,3.665619127622847,20,1.1152040327928612,-21.52,2,"[408.3999938964844, 678.5999755859375]"
random_walk,1788869607.3698285,20.751438614,0.6303315328086881,0.903,0.0,0.3675766053719351,0.9942986674474348,3.9773436944589378,20,1.026233147095494,-18.83,2,"[445.6000061035156, 642.0]"
random_walk,1788869607.4199746,20.801584545,0.567630034048417,0.903,0.0,0.3675766053719351,0.9942986674474348,4.290656540828877,20,0.9219224535192704,-61.87,2,"[445.6000061035156, 642.0]"
random_walk,1788869607.4697568,20.851367001,0.5376609074004237,0.903,0.0,0.3675766053719351,0.9942986674474348,4.601995258045065,20,0.7915340865489908,-61.87,2,"[546.4000244140625, 557.2000122070312]"
random_walk,1788869607.5196662,20.901276522,0.5428575595558558,0.903,0.0,0.3675766053719351,0.9942986674474348,4.9138503822684925,20,0.6933593161243098,-34.97,2,"[546.4000244140625, 557.2000122070312]"
random_walk,1788869607.569884,20.951494143,0.5830512709672884,0.903,0.0,0.3675766053719351,0.9942986674474348,5.22711558624988,20,0.6212622190936846,-115.67,2,"[622.2000122070312, 442.20001220703125]"
random_walk,1788869607.6199403,21.001550276,0.654262354351761,0.903,0.0,0.3675766053719351,0.9942986674474348,5.5399194099953775,20,0.5752427954571154,-112.98,2,"[622.2000122070312, 442.20001220703125]"
random_walk,1788869607.669936,21.051546143000003,0.74945615821583,0.903,0.0,0.3675766053719351,0.9942986674474348,5.852251632819474,20,0.5537670644267164,-67.25,2,"[638.5999755859375, 392.6000061035156]"
random_walk,1788869607.7199702,21.101580371,0.8595815734997495,0.903,0.0,0.3675766053719351,0.9942986674474348,6.164788131911678,20,0.5614369683661447,2.69,2,"[638.5999755859375, 392.6000061035156]"
random_walk,1788869607.7698536,21.151463692,0.9736048283575062,0.903,0.0,0.3675766053719351,0.9942986674474348,0.19328315399236118,21,0.602854449639057,2.69,2,"[631.4000244140625, 400.0]"
random_walk,1788869607.8199859,21.201595787000002,1.081274330191647,0.903,0.0,0.3675766053719351,0.9942986674474348,0.5063621615734988,21,0.6734175658817965,2.69,2,"[631.4000244140625, 400.0]"
random_walk,1788869607.8697805,21.251390644,1.1711955982398694,0.903,0.0,0.3675766053719351,0.9942986674474348,0.81778343768881,21,0.786932144185334,2.69,2,"[594.4000244140625, 477.20001220703125]"
random_walk,1788869607.9196954,21.30130566,1.235383027742548,0.903,0.0,0.3675766053719351,0.9942986674474348,1.129632008428679,21,0.8927768185494431,5.38,2,"[594.4000244140625, 477.20001220703125]"
random_walk,1788869607.9696987,21.351308825,1.2675376386690727,0.903,0.0,0.3675766053719351,0.9942986674474348,1.4421185036292243,21,0.9924855697620099,45.73,2,"[518.5999755859375, 604.0]"
random_walk,1788869608.0199046,21.401514848,1.2643288118807259,0.903,0.0,0.3675766053719351,0.9942986674474348,1.7554344924226442,21,1.0875923786109196,80.7,2,"[518.5999755859375, 604.0]"
random_walk,1788869608.069836,21.451445955,1.2261730239542747,0.903,0.0,0.3675766053719351,0.9942986674474348,2.067414007886363,21,1.1658253987930873,64.56,2,"[447.20001220703125, 666.5999755859375]"
random_walk,1788869608.1198466,21.501456553,1.1566976164361866,0.903,0.0,0.3675766053719351,0.9942986674474348,2.3798413717982,21,1.2195147263690846,96.84,2,"[447.20001220703125, 666.5999755859375]"
random_walk,1788869608.169784,21.551394427,1.0627916332966232,0.903,0.0,0.3675766053719351,0.9942986674474348,2.691869148139382,21,1.2425244381873692,110.28999999999999,2,"[408.6000061035156, 687.7999877929688]"
random_walk,1788869608.2198436,21.601453916,0.9532329439216954,0.903,0.0,0.3675766053719351,0.9942986674474348,3.0045038682691896,21,1.2379224958237125,0.0,2,"[408.6000061035156, 687.7999877929688]"
random_walk,1788869608.2697866,21.651396636,0.8390688815794555,0.903,0.0,0.3675766053719351,0.9942986674474348,3.3164076656960404,21,1.184233168247715,0.0,2,"[407.20001220703125, 683.0]"
random_walk,1788869608.319694,21.70130418,0.7309813651801808,0.903,0.0,0.3675766053719351,0.9942986674474348,3.6285967177073317,21,1.1136700520049756,-8.07,2,"[407.20001220703125, 683.0]"
random_walk,1788869608.3698516,21.751461623,0.6392936871404978,0.903,0.0,0.3675766053719351,0.9942986674474348,3.941682453698185,21,1.0231651855197226,-26.9,2,"[444.3999938964844, 643.2000122070312]"
random_walk,1788869608.4198182,21.801428273000003,0.5733946521476947,0.903,0.0,0.3675766053719351,0.9942986674474348,4.253845991479899,21,0.9219224535192704,-80.7,2,"[444.3999938964844, 643.2000122070312]"
random_walk,1788869608.4699788,21.851588777,0.5392948773690689,0.903,0.0,0.3675766053719351,0.9942986674474348,4.567123758907833,21,0.8206797215188181,-88.77,2,"[539.0, 563.7999877929688]"
random_walk,1788869608.5199115,21.901521688000003,0.540520089829723,0.903,0.0,0.3675766053719351,0.9942986674474348,4.87910928433454,21,0.7209709703062513,-18.83,2,"[539.0, 563.7999877929688]"
random_walk,1788869608.569814,21.951424055,0.5767138376540587,0.903,0.0,0.3675766053719351,0.9942986674474348,5.190928342532665,21,0.6381360077604268,-112.98,2,"[617.2000122070312, 448.0]"
random_walk,1788869608.6198545,22.001464535,0.6445884518282698,0.903,0.0,0.3675766053719351,0.9942986674474348,5.503558402129848,21,0.5829126993965437,-126.42999999999999,2,"[617.2000122070312, 448.0]"
random_walk,1788869608.6697726,22.051382702,0.7373331747717049,0.903,0.0,0.3675766053719351,0.9942986674474348,5.815635813768303,21,0.5537670644267164,-126.42999999999999,2,"[643.2000122070312, 394.79998779296875]"
random_walk,1788869608.719692,22.101301915,0.846015943545061,0.903,0.0,0.3675766053719351,0.9942986674474348,6.127531189750108,21,0.5645049299419159,2.69,2,"[643.2000122070312, 394.79998779296875]"
random_walk,1788869608.7698352,22.151445288,0.9606086260674599,0.903,0.0,0.3675766053719351,0.9942986674474348,0.15737429900788413,22,0.6043884304269426,2.69,2,"[632.5999755859375, 390.3999938964844]"
random_walk,1788869608.8199396,22.201549931000002,1.0695841780757585,0.903,0.0,0.3675766053719351,0.9942986674474348,0.47034720137959596,22,0.6718835850939109,5.38,2,"[632.5999755859375, 390.3999938964844]"
random_walk,1788869608.869887,22.251497225,1.1621233387353584,0.903,0.0,0.3675766053719351,0.9942986674474348,0.7823534555559917,22,0.760854470791278,5.38,2,"[593.0, 475.3999938964844]"
random_walk,1788869608.919922,22.30153216,1.2297501551289431,0.903,0.0,0.3675766053719351,0.9942986674474348,1.0950055058701338,22,0.8620972027917303,2.69,2,"[593.0, 475.3999938964844]"
random_walk,1788869608.969834,22.351444100000002,1.2656481934116939,0.903,0.0,0.3675766053719351,0.9942986674474348,1.4068578062856005,22,0.966407896367954,29.59,2,"[523.2000122070312, 595.7999877929688]"
random_walk,1788869609.019843,22.401453223,1.2665348527215974,0.903,0.0,0.3675766053719351,0.9942986674474348,1.719227350854922,22,1.064582666792635,80.7,2,"[523.2000122070312, 595.7999877929688]"
random_walk,1788869609.0697193,22.451329642,1.2323270775789177,0.903,0.0,0.3675766053719351,0.9942986674474348,2.0310466402054743,22,1.167359379580973,80.7,2,"[446.3999938964844, 661.5999755859375]"
random_walk,1788869609.1196697,22.50127966,1.1662593038553901,0.903,0.0,0.3675766053719351,0.9942986674474348,2.3432469437171477,22,1.2195147263690846,96.84,2,"[446.3999938964844, 661.5999755859375]"
random_walk,1788869609.1699142,22.551524326000003,1.074355654147885,0.903,0.0,0.3675766053719351,0.9942986674474348,2.6566284236145776,22,1.2409904573994837,94.14999999999999,2,"[408.79998779296875, 689.4000244140625]"
random_walk,1788869609.2198925,22.601502789,0.9661688200260443,0.903,0.0,0.3675766053719351,0.9942986674474348,2.968883197882306,22,1.2379224958237125,-2.69,2,"[408.79998779296875, 689.4000244140625]"
random_walk,1788869609.2699404,22.651550369000002,0.851667658275589,0.903,0.0,0.3675766053719351,0.9942986674474348,3.2817013343359207,22,1.201106956914457,-2.69,2,"[404.79998779296875, 686.0]"
random_walk,1788869609.3198633,22.701473500000002,0.7424685599596433,0.903,0.0,0.3675766053719351,0.9942986674474348,3.593552247836854,22,1.1382137446111458,-10.76,2,"[404.79998779296875, 686.0]"
random_walk,1788869609.3699574,22.751567619000003,0.6484627460654642,0.903,0.0,0.3675766053719351,0.9942986674474348,3.9065053710580315,22,1.0507768397016641,-34.97,2,"[441.6000061035156, 648.2000122070312]"
random_walk,1788869609.4198654,22.801475484,0.57938341647815,0.903,0.0,0.3675766053719351,0.9942986674474348,4.218309941621854,22,0.9480001269133262,-29.59,2,"[441.6000061035156, 648.2000122070312]"
random_walk,1788869609.4698389,22.851449007000003,0.5414891402437263,0.903,0.0,0.3675766053719351,0.9942986674474348,4.53046824411355,22,0.8160777791551611,-29.59,2,"[537.2000122070312, 569.7999877929688]"
random_walk,1788869609.5196865,22.901296663,0.5385176934127258,0.903,0.0,0.3675766053719351,0.9942986674474348,4.842234605806638,22,0.7163690279425944,-24.21,2,"[537.2000122070312, 569.7999877929688]"
random_walk,1788869609.569687,22.951296990000003,0.5707793084806179,0.903,0.0,0.3675766053719351,0.9942986674474348,5.154586470339311,22,0.6350680461846554,-112.98,2,"[617.2000122070312, 454.20001220703125]"
random_walk,1788869609.6198432,23.001453203,0.6353720119719826,0.903,0.0,0.3675766053719351,0.9942986674474348,5.4676572813804825,22,0.5844466801844292,-115.67,2,"[617.2000122070312, 454.20001220703125]"
random_walk,1788869609.66985,23.051460435000003,0.7257627748582918,0.903,0.0,0.3675766053719351,0.9942986674474348,5.780046592605643,22,0.5568350260024878,-64.56,2,"[638.7999877929688, 392.79998779296875]"
random_walk,1788869609.7198334,23.101443567,0.833276902592795,0.903,0.0,0.3675766053719351,0.9942986674474348,6.092345854343719,22,0.5568350260024878,2.69,2,"[638.7999877929688, 392.79998779296875]"
random_walk,1788869609.7699337,23.151543905,0.9477896700711684,0.903,0.0,0.3675766053719351,0.9942986674474348,0.122154821763921,23,0.5905826033359719,2.69,2,"[628.5999755859375, 387.79998779296875]"
random_walk,1788869609.819853,23.201463361000002,1.0575631121095217,0.903,0.0,0.3675766053719351,0.9942986674474348,0.4339877928389555,23,0.6534758156392831,2.69,2,"[628.5999755859375, 387.79998779296875]"
random_walk,1788869609.8698218,23.251432,1.15253199348505,0.903,0.0,0.3675766053719351,0.9942986674474348,0.7462050204563795,23,0.7639224323670493,2.69,2,"[601.7999877929688, 465.3999938964844]"
random_walk,1788869609.9196866,23.301296658000002,1.2232935161284906,0.903,0.0,0.3675766053719351,0.9942986674474348,1.057978297980064,23,0.8651651643675016,8.07,2,"[601.7999877929688, 465.3999938964844]"
random_walk,1788869609.9698641,23.351474118000002,1.263267403399283,0.903,0.0,0.3675766053719351,0.9942986674474348,1.3710410124390862,23,0.9679418771558396,43.04,2,"[532.5999755859375, 591.0]"
random_walk,1788869610.0199354,23.401545576,1.268239147247508,0.903,0.0,0.3675766053719351,0.9942986674474348,1.6836312138617515,23,1.064582666792635,86.08,2,"[532.5999755859375, 591.0]"
random_walk,1788869610.0698504,23.45146051,1.2378778524119305,0.903,0.0,0.3675766053719351,0.9942986674474348,1.9957875671762721,23,1.1474176293384597,72.63,2,"[456.0, 655.5999755859375]"
random_walk,1788869610.1198127,23.501422948000002,1.1751525864579664,0.903,0.0,0.3675766053719351,0.9942986674474348,2.3079319817805057,23,1.2072428800659996,56.49,2,"[456.0, 655.5999755859375]"
random_walk,1788869610.1699426,23.551552751000003,1.0857877353253567,0.903,0.0,0.3675766053719351,0.9942986674474348,2.6211342060977287,23,1.227184630308513,96.84,2,"[419.3999938964844, 681.5999755859375]"
random_walk,1788869610.2199247,23.601534629000003,0.9790463920614476,0.903,0.0,0.3675766053719351,0.9942986674474348,2.9332018031292577,23,1.2241166687327416,-2.69,2,"[419.3999938964844, 681.5999755859375]"
random_walk,1788869610.2697809,23.651391,0.8650181659979125,0.903,0.0,0.3675766053719351,0.9942986674474348,3.2451078121225336,23,1.1873011298234863,-2.69,2,"[408.79998779296875, 683.4000244140625]"
random_walk,1788869610.3196857,23.701295976,0.7546798532044905,0.903,0.0,0.3675766053719351,0.9942986674474348,3.5569403896137075,23,1.1259418983080607,-10.76,2,"[408.79998779296875, 683.4000244140625]"
random_walk,1788869610.3696907,23.751300826,0.6585018727891683,0.903,0.0,0.3675766053719351,0.9942986674474348,3.869303905477942,23,1.0446409165501216,-29.59,2,"[433.20001220703125, 657.2000122070312]"
random_walk,1788869610.4198883,23.801498252000002,0.5858296663230613,0.903,0.0,0.3675766053719351,0.9942986674474348,4.18251082781196,23,0.9480001269133262,-40.35,2,"[433.20001220703125, 657.2000122070312]"
random_walk,1788869610.4699335,23.851543553000003,0.5440522589948199,0.903,0.0,0.3675766053719351,0.9942986674474348,4.495283314785745,23,0.8498253564886452,-112.98,2,"[520.5999755859375, 584.5999755859375]"
random_walk,1788869610.5198598,23.901469944000002,0.5370727954398219,0.903,0.0,0.3675766053719351,0.9942986674474348,4.807158068223025,23,0.7439806821245359,-26.9,2,"[520.5999755859375, 584.5999755859375]"
random_walk,1788869610.5699484,23.951558696000003,0.5655551076622309,0.903,0.0,0.3675766053719351,0.9942986674474348,5.120112097311782,23,0.6534758156392831,-78.01,2,"[620.2000122070312, 449.79998779296875]"
random_walk,1788869610.619987,24.001597092,0.6267065363662306,0.903,0.0,0.3675766053719351,0.9942986674474348,5.432606526663044,23,0.5951845456996288,-139.88,2,"[620.2000122070312, 449.79998779296875]"
random_walk,1788869610.6697028,24.051312959,0.7141602127404163,0.903,0.0,0.3675766053719351,0.9942986674474348,5.743643814872534,23,0.5553010452146021,-139.88,2,"[630.0, 398.6000061035156]"
random_walk,1788869610.7196662,24.10127642,0.8201573026092293,0.903,0.0,0.3675766053719351,0.9942986674474348,6.055857050425139,23,0.5583690067903734,2.69,2,"[630.0, 398.6000061035156]"
random_walk,1788869610.769861,24.151471038,0.934519598226149,0.903,0.0,0.3675766053719351,0.9942986674474348,0.08585517549553856,24,0.5936505649117432,2.69,2,"[628.5999755859375, 385.6000061035156]"
random_walk,1788869610.8198588,24.201468992000002,1.0455222323679498,0.903,0.0,0.3675766053719351,0.9942986674474348,0.39817284821171484,24,0.6550097964271688,2.69,2,"[628.5999755859375, 385.6000061035156]"
random_walk,1788869610.8697975,24.251407549000003,1.1426964972083398,0.903,0.0,0.3675766053719351,0.9942986674474348,0.7103503675913316,24,0.7393787397608791,5.38,2,"[596.2000122070312, 464.3999938964844]"
random_walk,1788869610.9198558,24.301465891000003,1.2167636521596568,0.903,0.0,0.3675766053719351,0.9942986674474348,1.0228587535510485,24,0.8375535101855601,5.38,2,"[596.2000122070312, 464.3999938964844]"
random_walk,1788869610.9698665,24.351476623,1.260433942903945,0.903,0.0,0.3675766053719351,0.9942986674474348,1.335334353350902,24,0.9418642037617837,29.59,2,"[530.5999755859375, 584.5999755859375]"
random_walk,1788869611.019843,24.401453382000003,1.2694929509993083,0.903,0.0,0.3675766053719351,0.9942986674474348,1.6476019846912209,24,1.0446409165501216,72.63,2,"[530.5999755859375, 584.5999755859375]"
random_walk,1788869611.069754,24.451364125,1.2431216806106358,0.903,0.0,0.3675766053719351,0.9942986674474348,1.9597448936810338,24,1.1520195717021164,72.63,2,"[458.79998779296875, 653.4000244140625]"
random_walk,1788869611.1197007,24.501310725000003,1.18393403873837,0.903,0.0,0.3675766053719351,0.9942986674474348,2.271657612341926,24,1.210310841641771,67.25,2,"[458.79998779296875, 653.4000244140625]"
random_walk,1788869611.1698675,24.551477821000002,1.0972468580741521,0.903,0.0,0.3675766053719351,0.9942986674474348,2.5848156740516686,24,1.2302525918842842,94.14999999999999,2,"[417.0, 690.0]"
random_walk,1788869611.219861,24.601471234,0.9919518354381703,0.903,0.0,0.3675766053719351,0.9942986674474348,2.8971708371918794,24,1.227184630308513,-2.69,2,"[417.0, 690.0]"
random_walk,1788869611.2698798,24.651490137000003,0.8780364578974768,0.903,0.0,0.3675766053719351,0.9942986674474348,3.209558817728748,24,1.201106956914457,-2.69,2,"[411.3999938964844, 682.2000122070312]"
random_walk,1788869611.3199444,24.701554520000002,0.7663730843382184,0.903,0.0,0.3675766053719351,0.9942986674474348,3.52242836997803,24,1.1504855909142309,-8.07,2,"[411.3999938964844, 682.2000122070312]"
random_walk,1788869611.369962,24.751572218000003,0.6681047666664542,0.903,0.0,0.3675766053719351,0.9942986674474348,3.834838922236628,24,1.069184609156292,-26.9,2,"[439.3999938964844, 648.7999877929688]"
random_walk,1788869611.419978,24.801588061,0.5925713210895409,0.903,0.0,0.3675766053719351,0.9942986674474348,4.14727551975065,24,0.9710098387316108,-40.35,2,"[439.3999938964844, 648.7999877929688]"
random_walk,1788869611.4697683,24.851378466,0.5471806207700824,0.903,0.0,0.3675766053719351,0.9942986674474348,4.458783896597794,24,0.8452234141249882,-40.35,2,"[523.0, 587.5999755859375]"
random_walk,1788869611.519707,24.901317032,0.5360458961262144,0.903,0.0,0.3675766053719351,0.9942986674474348,4.770595626639363,24,0.7409127205487647,-10.76,2,"[523.0, 587.5999755859375]"
random_walk,1788869611.569938,24.951548250000002,0.5605133643409522,0.903,0.0,0.3675766053719351,0.9942986674474348,5.084003757786405,24,0.6519418348513975,-88.77,2,"[604.5999755859375, 466.20001220703125]"
random_walk,1788869611.6199067,25.001516729000002,0.6180829898597675,0.903,0.0,0.3675766053719351,0.9942986674474348,5.396275862238468,24,0.5936505649117432,-91.46,2,"[604.5999755859375, 466.20001220703125]"
random_walk,1788869611.6699636,25.051573792000003,0.7033752016814805,0.903,0.0,0.3675766053719351,0.9942986674474348,5.709080273236054,24,0.5706408530934585,-61.87,2,"[635.5999755859375, 396.3999938964844]"
random_walk,1788869611.719758,25.101367997,0.8074957684753463,0.903,0.0,0.3675766053719351,0.9942986674474348,6.020348164100426,24,0.5706408530934585,2.69,2,"[635.5999755859375, 396.3999938964844]"
random_walk,1788869611.769867,25.151476948000003,0.9213898624172784,0.903,0.0,0.3675766053719351,0.9942986674474348,0.0500509076113147,25,0.5936505649117432,2.69,2,"[624.4000244140625, 389.20001220703125]"
random_walk,1788869611.8199546,25.201564716,1.0335159376895213,0.903,0.0,0.3675766053719351,0.9942986674474348,0.3629904365710743,25,0.6442719309119693,2.69,2,"[624.4000244140625, 389.20001220703125]"
random_walk,1788869611.8697665,25.251376573,1.1325333155558168,0.903,0.0,0.3675766053719351,0.9942986674474348,0.6744275310089236,25,0.7439806821245359,2.69,2,"[603.4000244140625, 454.0]"
random_walk,1788869611.919708,25.301318256000002,1.2095658905763038,0.903,0.0,0.3675766053719351,0.9942986674474348,0.9863524507693242,25,0.8406214717613314,2.69,2,"[603.4000244140625, 454.0]"
random_walk,1788869611.9697094,25.351319659,1.25706591222165,0.903,0.0,0.3675766053719351,0.9942986674474348,1.2988274633170604,25,0.9433981845496693,34.97,2,"[541.4000244140625, 572.0]"
random_walk,1788869612.0199714,25.401581457000002,1.2702571584974716,0.903,0.0,0.3675766053719351,0.9942986674474348,1.6124901620025938,25,1.043106935762236,75.32,2,"[541.4000244140625, 572.0]"
random_walk,1788869612.0699809,25.451590872,1.2477608935980733,0.903,0.0,0.3675766053719351,0.9942986674474348,1.9249815988670846,25,1.1305438406717176,86.08,2,"[463.20001220703125, 654.5999755859375]"
random_walk,1788869612.119985,25.501595087000002,1.1919002905439915,0.903,0.0,0.3675766053719351,0.9942986674474348,2.237346314224972,25,1.1965050145508,86.08,2,"[463.20001220703125, 654.5999755859375]"
random_walk,1788869612.16996,25.551570218000002,1.1081340028203397,0.903,0.0,0.3675766053719351,0.9942986674474348,2.549532829806971,25,1.23178657267217,107.6,2,"[416.20001220703125, 693.4000244140625]"
random_walk,1788869612.2199664,25.601576471,1.0044546950254483,0.903,0.0,0.3675766053719351,0.9942986674474348,2.8619526406572007,25,1.2333205534600555,0.0,2,"[416.20001220703125, 693.4000244140625]"
random_walk,1788869612.2697005,25.651310521000003,0.8914673867670275,0.903,0.0,0.3675766053719351,0.9942986674474348,3.1729725237139874,25,1.201106956914457,0.0,2,"[404.0, 688.0]"
random_walk,1788869612.3196986,25.701308577000002,0.7791447539599785,0.903,0.0,0.3675766053719351,0.9942986674474348,3.485269124075508,25,1.145883648550574,-21.52,2,"[404.0, 688.0]"
random_walk,1788869612.3698587,25.751468836,0.6785479850986338,0.903,0.0,0.3675766053719351,0.9942986674474348,3.798444116138377,25,1.0676506283684062,-18.83,2,"[443.79998779296875, 643.4000244140625]"
random_walk,1788869612.4199347,25.801545007,0.5998554816636966,0.903,0.0,0.3675766053719351,0.9942986674474348,4.111283893456665,25,0.9740778003073821,-16.14,2,"[443.79998779296875, 643.4000244140625]"
random_walk,1788869612.4697442,25.851354326000003,0.5507445541405385,0.903,0.0,0.3675766053719351,0.9942986674474348,4.422649917895548,25,0.8743690490948155,-110.28999999999999,2,"[513.2000122070312, 588.5999755859375]"
random_walk,1788869612.5198417,25.901451786000003,0.5355212658332242,0.903,0.0,0.3675766053719351,0.9942986674474348,4.735465917751107,25,0.7715923363064775,-34.97,2,"[513.2000122070312, 588.5999755859375]"
random_walk,1788869612.569976,25.951586390000003,0.5560013204424817,0.903,0.0,0.3675766053719351,0.9942986674474348,5.048582290809044,25,0.6734175658817965,-53.8,2,"[602.0, 473.20001220703125]"
random_walk,1788869612.6199236,26.001533693000003,0.6099933348940596,0.903,0.0,0.3675766053719351,0.9942986674474348,5.360656816165893,25,0.6043884304269426,-123.74,2,"[602.0, 473.20001220703125]"
random_walk,1788869612.6697857,26.051395842,0.6921930648909524,0.903,0.0,0.3675766053719351,0.9942986674474348,5.672407559452019,25,0.5660389107298016,-123.74,2,"[633.4000244140625, 400.79998779296875]"
random_walk,1788869612.7196765,26.101286675,0.7947319467890981,0.903,0.0,0.3675766053719351,0.9942986674474348,5.984205370369331,25,0.5675728915176872,5.38,2,"[633.4000244140625, 400.79998779296875]"
random_walk,1788869612.7697165,26.151326658000002,0.9079792509321035,0.903,0.0,0.3675766053719351,0.9942986674474348,0.01354657274886506,26,0.5921165841238575,2.69,2,"[625.4000244140625, 391.3999938964844]"
random_walk,1788869612.8199198,26.201529789000002,1.0209803434765818,0.903,0.0,0.3675766053719351,0.9942986674474348,0.32675143345316826,26,0.6427379501240836,2.69,2,"[625.4000244140625, 391.3999938964844]"
random_walk,1788869612.8699825,26.251592644000002,1.1224051635577257,0.903,0.0,0.3675766053719351,0.9942986674474348,0.6396272643020353,26,0.7179030087304801,8.07,2,"[611.0, 442.79998779296875]"
random_walk,1788869612.9199615,26.301571476000003,1.202384285944591,0.903,0.0,0.3675766053719351,0.9942986674474348,0.951834683559909,26,0.8130098175793898,5.38,2,"[611.0, 442.79998779296875]"
random_walk,1788869612.969961,26.351570843,1.253341069841352,0.903,0.0,0.3675766053719351,0.9942986674474348,1.2633528875087023,26,0.9173205111556134,21.52,2,"[538.0, 571.5999755859375]"
random_walk,1788869613.0199366,26.40154678,1.2705710846338356,0.903,0.0,0.3675766053719351,0.9942986674474348,1.5762770791928489,26,1.021631204731837,67.25,2,"[538.0, 571.5999755859375]"
random_walk,1788869613.0697613,26.451371488000003,1.2522198390257144,0.903,0.0,0.3675766053719351,0.9942986674474348,1.8881644647976685,26,1.1336118022474888,67.25,2,"[468.0, 652.7999877929688]"
random_walk,1788869613.1196926,26.501302849,1.2001862466808073,0.903,0.0,0.3675766053719351,0.9942986674474348,2.199991294715076,26,1.1980389953386859,80.7,2,"[468.0, 652.7999877929688]"
random_walk,1788869613.1698596,26.551469825,1.1190994353363197,0.903,0.0,0.3675766053719351,0.9942986674474348,2.5131284152647737,26,1.2333205534600555,104.91,2,"[425.6000061035156, 678.4000244140625]"
random_walk,1788869613.21994,26.601550192,1.0170817951597346,0.903,0.0,0.3675766053719351,0.9942986674474348,2.8260188836846254,26,1.2379224958237125,0.0,2,"[425.6000061035156, 678.4000244140625]"
random_walk,1788869613.2698545,26.651464721,0.9043752542688965,0.903,0.0,0.3675766053719351,0.9942986674474348,3.1378512362707482,26,1.2164467647933135,-2.69,2,"[410.0, 677.2000122070312]"
random_walk,1788869613.319957,26.701567137,0.7911174541082843,0.903,0.0,0.3675766053719351,0.9942986674474348,3.450878928014035,26,1.1688933603688585,-2.69,2,"[410.0, 677.2000122070312]"
random_walk,1788869613.3699636,26.751573677000003,0.6889304890753538,0.903,0.0,0.3675766053719351,0.9942986674474348,3.7632468420216725,26,1.0921943209745766,-26.9,2,"[417.79998779296875, 662.5999755859375]"
random_walk,1788869613.4199579,26.801568055,0.6074618475559205,0.903,0.0,0.3675766053719351,0.9942986674474348,4.075614506134812,26,0.9955535313377811,-18.83,2,"[417.79998779296875, 662.5999755859375]"
random_walk,1788869613.4697578,26.851367864,0.5547071192730016,0.903,0.0,0.3675766053719351,0.9942986674474348,4.387036806817619,26,0.8666991451553873,-18.83,2,"[509.6000061035156, 592.7999877929688]"
random_walk,1788869613.5197184,26.901328564,0.5354565822794848,0.903,0.0,0.3675766053719351,0.9942986674474348,4.698951043587655,26,0.765456413154935,-34.97,2,"[509.6000061035156, 592.7999877929688]"
random_walk,1788869613.5698905,26.951500604000003,0.5518174648278183,0.903,0.0,0.3675766053719351,0.9942986674474348,5.012175408558576,26,0.6734175658817965,-59.18,2,"[608.4000244140625, 476.6000061035156]"
random_walk,1788869613.6198652,27.001475289000002,0.6021511701843084,0.903,0.0,0.3675766053719351,0.9942986674474348,5.324449868266427,26,0.607456392002714,-121.05,2,"[608.4000244140625, 476.6000061035156]"
random_walk,1788869613.669995,27.051605340000002,0.6818102376713284,0.903,0.0,0.3675766053719351,0.9942986674474348,5.6374930597167605,26,0.5691068723055729,-59.18,2,"[636.0, 401.79998779296875]"
random_walk,1788869613.7199175,27.101527452000003,0.7826414360553615,0.903,0.0,0.3675766053719351,0.9942986674474348,5.949594442486202,26,0.5629709491540303,2.69,2,"[636.0, 401.79998779296875]"
random_walk,1788869613.7699203,27.151530609,0.8952022184875807,0.903,0.0,0.3675766053719351,0.9942986674474348,6.261969684650367,26,0.5829126993965437,2.69,2,"[637.0, 390.3999938964844]"
random_walk,1788869613.819965,27.201574831000002,1.0085873518766664,0.903,0.0,0.3675766053719351,0.9942986674474348,0.2913573611616229,27,0.6289321230331129,2.69,2,"[637.0, 390.3999938964844]"
random_walk,1788869613.8697119,27.251321999,1.1112411345377753,0.903,0.0,0.3675766053719351,0.9942986674474348,0.6022820406570517,27,0.7209709703062513,2.69,2,"[616.2000122070312, 441.79998779296875]"
random_walk,1788869613.9196928,27.301302657,1.1942594023106758,0.903,0.0,0.3675766053719351,0.9942986674474348,0.9146964038069356,27,0.8160777791551611,8.07,2,"[616.2000122070312, 441.79998779296875]"
random_walk,1788869613.9697084,27.351318448,1.2490879945081335,0.903,0.0,0.3675766053719351,0.9942986674474348,1.2271718974016252,27,0.9173205111556134,18.83,2,"[544.4000244140625, 558.4000244140625]"
random_walk,1788869614.0199823,27.401592668000003,1.2704130588066533,0.903,0.0,0.3675766053719351,0.9942986674474348,1.5409646349433714,27,1.0185632431560658,78.01,2,"[544.4000244140625, 558.4000244140625]"
random_walk,1788869614.0699363,27.451546273,1.2560289358408805,0.903,0.0,0.3675766053719351,0.9942986674474348,1.8530766694663257,27,1.1090681096413186,80.7,2,"[470.3999938964844, 656.5999755859375]"
random_walk,1788869614.119799,27.501409000000002,1.2076417414730094,0.903,0.0,0.3675766053719351,0.9942986674474348,2.164660939276523,27,1.184233168247715,75.32,2,"[470.3999938964844, 656.5999755859375]"
random_walk,1788869614.1699712,27.551581523000003,1.129441405942439,0.903,0.0,0.3675766053719351,0.9942986674474348,2.477888771533763,27,1.2287186110963986,102.22,2,"[408.79998779296875, 685.0]"
random_walk,1788869614.2200308,27.601640881,1.0295932387852076,0.903,0.0,0.3675766053719351,0.9942986674474348,2.78999345915809,27,1.2409904573994837,24.21,2,"[408.79998779296875, 685.0]"
random_walk,1788869614.2699423,27.651552562000003,0.9174784949656718,0.903,0.0,0.3675766053719351,0.9942986674474348,3.1021934065700734,27,1.217980745581199,24.21,2,"[418.3999938964844, 688.4000244140625]"
random_walk,1788869614.3198214,27.701431507000002,0.804052058157804,0.903,0.0,0.3675766053719351,0.9942986674474348,3.414144527769956,27,1.167359379580973,-5.38,2,"[418.3999938964844, 688.4000244140625]"
random_walk,1788869614.3698514,27.751461288,0.6999789450459825,0.903,0.0,0.3675766053719351,0.9942986674474348,3.726741070265824,27,1.0891263593988052,-29.59,2,"[424.79998779296875, 658.7999877929688]"
random_walk,1788869614.4198525,27.801462490000002,0.615636259916977,0.903,0.0,0.3675766053719351,0.9942986674474348,4.039106685243972,27,0.9955535313377811,-13.45,2,"[424.79998779296875, 658.7999877929688]"
random_walk,1788869614.4698575,27.851467543000002,0.5591024191687678,0.903,0.0,0.3675766053719351,0.9942986674474348,4.351492691614219,27,0.8927768185494431,-102.22,2,"[506.6000061035156, 594.2000122070312]"
random_walk,1788869614.5198543,27.901464448000002,0.5358573231459858,0.903,0.0,0.3675766053719351,0.9942986674474348,4.663793833808477,27,0.7915340865489908,-59.18,2,"[506.6000061035156, 594.2000122070312]"
random_walk,1788869614.5698671,27.951477283000003,0.548148257981144,0.903,0.0,0.3675766053719351,0.9942986674474348,4.976282384391361,27,0.6918253353364242,-51.11,2,"[609.7999877929688, 487.79998779296875]"
random_walk,1788869614.619857,28.001467146000003,0.5947768193807743,0.903,0.0,0.3675766053719351,0.9942986674474348,5.2886098217355695,27,0.6166602767300278,-115.67,2,"[609.7999877929688, 487.79998779296875]"
random_walk,1788869614.6697147,28.05132494,0.6710538916347426,0.903,0.0,0.3675766053719351,0.9942986674474348,5.600325267422015,27,0.5629709491540303,-115.67,2,"[640.4000244140625, 385.20001220703125]"
random_walk,1788869614.7196746,28.101284589000002,0.7698719558072262,0.903,0.0,0.3675766053719351,0.9942986674474348,5.912582172040452,27,0.5537670644267164,0.0,2,"[640.4000244140625, 385.20001220703125]"
random_walk,1788869614.7697804,28.151390342000003,0.8817469389713278,0.903,0.0,0.3675766053719351,0.9942986674474348,6.225333636638503,27,0.5752427954571154,2.69,2,"[642.4000244140625, 391.6000061035156]"
random_walk,1788869614.8199482,28.201558336,0.9957237981270949,0.903,0.0,0.3675766053719351,0.9942986674474348,0.2550120529187154,28,0.6227961998815703,2.69,2,"[642.4000244140625, 391.6000061035156]"
random_walk,1788869614.8698487,28.251458825,1.1005045155047328,0.903,0.0,0.3675766053719351,0.9942986674474348,0.5672505528063994,28,0.6964272777000811,2.69,2,"[607.5999755859375, 435.79998779296875]"
random_walk,1788869614.9198325,28.301442609000002,1.1862012347438866,0.903,0.0,0.3675766053719351,0.9942986674474348,0.8795545812822638,28,0.786932144185334,2.69,2,"[607.5999755859375, 435.79998779296875]"
random_walk,1788869614.9699476,28.351557523,1.2445962168440463,0.903,0.0,0.3675766053719351,0.9942986674474348,1.1925665671555237,28,0.8927768185494431,2.69,2,"[546.0, 561.4000244140625]"
random_walk,1788869615.0198643,28.401474588000003,1.2697647348441474,0.903,0.0,0.3675766053719351,0.9942986674474348,1.5043203966388603,28,0.9986214929135524,56.49,2,"[546.0, 561.4000244140625]"
random_walk,1788869615.0697265,28.451336771,1.2595757907590477,0.903,0.0,0.3675766053719351,0.9942986674474348,1.8160652986408081,28,1.1136700520049756,56.49,2,"[471.20001220703125, 645.5999755859375]"
random_walk,1788869615.1197028,28.501313128000003,1.2149333565970504,0.903,0.0,0.3675766053719351,0.9942986674474348,2.128218965589326,28,1.1857671490356005,75.32,2,"[471.20001220703125, 645.5999755859375]"
random_walk,1788869615.1698785,28.551488586,1.1398276002344847,0.903,0.0,0.3675766053719351,0.9942986674474348,2.4414921661950757,28,1.2302525918842842,110.28999999999999,2,"[415.20001220703125, 688.0]"
random_walk,1788869615.2198868,28.601496898,1.0419640976182922,0.903,0.0,0.3675766053719351,0.9942986674474348,2.753898407773363,28,1.244058418975255,24.21,2,"[415.20001220703125, 688.0]"
random_walk,1788869615.2697198,28.651330125,0.9309061882404169,0.903,0.0,0.3675766053719351,0.9942986674474348,3.065600152993227,28,1.2302525918842842,-2.69,2,"[401.6000061035156, 695.5999755859375]"
random_walk,1788869615.3199012,28.701511329000002,0.8166556325656699,0.903,0.0,0.3675766053719351,0.9942986674474348,3.378710085020117,28,1.1857671490356005,-21.52,2,"[401.6000061035156, 695.5999755859375]"
random_walk,1788869615.3699296,28.751539599,0.7109644582756097,0.903,0.0,0.3675766053719351,0.9942986674474348,3.69129891827032,28,1.1106020904292042,-18.83,2,"[433.3999938964844, 668.5999755859375]"
random_walk,1788869615.4198864,28.801496685,0.6239945216261464,0.903,0.0,0.3675766053719351,0.9942986674474348,4.003430494544062,28,1.0154952815802945,-29.59,2,"[433.3999938964844, 668.5999755859375]"
random_walk,1788869615.4698846,28.851494585,0.5639594697453026,0.903,0.0,0.3675766053719351,0.9942986674474348,4.31575612640043,28,0.8881748761857863,-29.59,2,"[513.0, 597.7999877929688]"
random_walk,1788869615.5197237,28.901333633,0.5367529912806092,0.903,0.0,0.3675766053719351,0.9942986674474348,4.627308091097689,28,0.786932144185334,-61.87,2,"[513.0, 597.7999877929688]"
random_walk,1788869615.569724,28.951334241,0.5448874275283714,0.903,0.0,0.3675766053719351,0.9942986674474348,4.939802058144096,28,0.6902913545485385,-43.04,2,"[594.2000122070312, 492.3999938964844]"
random_walk,1788869615.6199706,29.001580704000002,0.5879319743829913,0.903,0.0,0.3675766053719351,0.9942986674474348,5.253476020824706,28,0.6181942575179133,-121.05,2,"[594.2000122070312, 492.3999938964844]"
random_walk,1788869615.6699708,29.051581045000002,0.6613229355348557,0.903,0.0,0.3675766053719351,0.9942986674474348,5.5657058618675705,28,0.5737088146692298,-107.6,2,"[644.4000244140625, 402.79998779296875]"
random_walk,1788869615.7199194,29.101529602000003,0.7579686911934697,0.903,0.0,0.3675766053719351,0.9942986674474348,5.877595515265085,28,0.5537670644267164,-45.73,2,"[644.4000244140625, 402.79998779296875]"
random_walk,1788869615.7698674,29.151477492,0.8687362272485978,0.903,0.0,0.3675766053719351,0.9942986674474348,6.189834458715524,28,0.5645049299419159,2.69,2,"[637.5999755859375, 380.79998779296875]"
random_walk,1788869615.819903,29.201513029,0.9829680360712552,0.903,0.0,0.3675766053719351,0.9942986674474348,0.21930851126453632,29,0.607456392002714,2.69,2,"[637.5999755859375, 380.79998779296875]"
random_walk,1788869615.8698044,29.251414604,1.0892714797729317,0.903,0.0,0.3675766053719351,0.9942986674474348,0.5314171222326891,29,0.6979612584879668,2.69,2,"[601.5999755859375, 428.0]"
random_walk,1788869615.9197102,29.301320073000003,1.1774599659131049,0.903,0.0,0.3675766053719351,0.9942986674474348,0.8430481660479998,29,0.7900001057611052,2.69,2,"[601.5999755859375, 428.0]"
random_walk,1788869615.9697125,29.351322644000003,1.239336555719359,0.903,0.0,0.3675766053719351,0.9942986674474348,1.1555346362590697,29,0.8943107993373288,5.38,2,"[562.7999877929688, 551.0]"
random_walk,1788869616.020042,29.401651973000003,1.2686871054461488,0.903,0.0,0.3675766053719351,0.9942986674474348,1.469358316988668,29,0.9970875121256667,59.18,2,"[562.7999877929688, 551.0]"
random_walk,1788869616.0698597,29.451469864000003,1.262492173469508,0.903,0.0,0.3675766053719351,0.9942986674474348,1.7809151858657017,29,1.0906603401866908,80.7,2,"[481.3999938964844, 638.5999755859375]"
random_walk,1788869616.1199346,29.501544754,1.2214416863198543,0.903,0.0,0.3675766053719351,0.9942986674474348,2.093790785562142,29,1.167359379580973,86.08,2,"[481.3999938964844, 638.5999755859375]"
random_walk,1788869616.1699464,29.551556554,1.1496330586990893,0.903,0.0,0.3675766053719351,0.9942986674474348,2.4060757783236184,29,1.2210487071569704,91.46,2,"[420.6000061035156, 685.0]"
random_walk,1788869616.21987,29.601480084000002,1.0540852397881002,0.903,0.0,0.3675766053719351,0.9942986674474348,2.7180083448560666,29,1.2409904573994837,94.14999999999999,2,"[420.6000061035156, 685.0]"
random_walk,1788869616.2697072,29.651317141000003,0.9440808324809337,0.903,0.0,0.3675766053719351,0.9942986674474348,3.0295973938987757,29,1.227184630308513,94.14999999999999,2,"[394.6000061035156, 718.2000122070312]"
random_walk,1788869616.319673,29.701282986000002,0.8298436743787894,0.903,0.0,0.3675766053719351,0.9942986674474348,3.3419538814799026,29,1.1826991874598294,-10.76,2,"[394.6000061035156, 718.2000122070312]"
random_walk,1788869616.3697715,29.751381509,0.7225048550827807,0.903,0.0,0.3675766053719351,0.9942986674474348,3.6548768736703963,29,1.1090681096413186,-10.76,2,"[409.20001220703125, 678.2000122070312]"
random_walk,1788869616.419889,29.801499081000003,0.632690551510309,0.903,0.0,0.3675766053719351,0.9942986674474348,3.9678237932603295,29,1.0185632431560658,-29.59,2,"[409.20001220703125, 678.2000122070312]"
random_walk,1788869616.4699764,29.851586499000003,0.5691841182211758,0.903,0.0,0.3675766053719351,0.9942986674474348,4.280444013261139,29,0.9173205111556134,-64.56,2,"[492.0, 615.4000244140625]"
random_walk,1788869616.5198894,29.901499306,0.5380705335916303,0.903,0.0,0.3675766053719351,0.9942986674474348,4.592303523133246,29,0.8176117599430467,-86.08,2,"[492.0, 615.4000244140625]"
random_walk,1788869616.5698283,29.951438369,0.5421777762887635,0.903,0.0,0.3675766053719351,0.9942986674474348,4.904388943890787,29,0.7148350471547088,-24.21,2,"[607.0, 489.79998779296875]"
random_walk,1788869616.6199107,30.001520816000003,0.581267595162642,0.903,0.0,0.3675766053719351,0.9942986674474348,5.217171083040064,29,0.6320000846088841,-121.05,2,"[607.0, 489.79998779296875]"
random_walk,1788869616.6697311,30.051341422,0.6512330383327238,0.903,0.0,0.3675766053719351,0.9942986674474348,5.528667539919049,29,0.5721748338813442,-121.05,2,"[636.7999877929688, 403.79998779296875]"
random_walk,1788869616.7196922,30.101302330000003,0.7456940292518945,0.903,0.0,0.3675766053719351,0.9942986674474348,5.840957243192072,29,0.5522330836388308,-32.28,2,"[636.7999877929688, 403.79998779296875]"
random_walk,1788869616.7698486,30.151458710000004,0.8556591675428338,0.903,0.0,0.3675766053719351,0.9942986674474348,6.154034826374506,29,0.5660389107298016,2.69,2,"[633.5999755859375, 386.6000061035156]"
random_walk,1788869616.8198686,30.201478529000003,0.9699999485557285,0.903,0.0,0.3675766053719351,0.9942986674474348,0.18329950480737978,30,0.607456392002714,2.69,2,"[633.5999755859375, 386.6000061035156]"
random_walk,1788869616.8698547,30.251464702000003,1.0778109182169795,0.903,0.0,0.3675766053719351,0.9942986674474348,0.4956196514792026,30,0.6764855274575677,2.69,2,"[615.5999755859375, 415.20001220703125]"
random_walk,1788869616.919938,30.301548398,1.1688451514264697,0.903,0.0,0.3675766053719351,0.9942986674474348,0.8084787081590292,30,0.7623884515791637,2.69,2,"[615.5999755859375, 415.20001220703125]"
random_walk,1788869616.9699783,30.351588273,1.2340190802729942,0.903,0.0,0.3675766053719351,0.9942986674474348,1.1210202363782713,30,0.8666991451553873,2.69,2,"[565.4000244140625, 538.2000122070312]"
random_walk,1788869617.0197732,30.401383479000003,1.2670582389926202,0.903,0.0,0.3675766053719351,0.9942986674474348,1.4323253927616264,30,1.000155473701438,2.69,2,"[565.4000244140625, 538.2000122070312]"
random_walk,1788869617.0696936,30.451303774000003,1.2650529101649086,0.903,0.0,0.3675766053719351,0.9942986674474348,1.7443769653076373,30,1.0906603401866908,64.56,2,"[477.0, 639.2000122070312]"
random_walk,1788869617.119742,30.501352059000002,1.2279839803159538,0.903,0.0,0.3675766053719351,0.9942986674474348,2.0569728018515008,30,1.1688933603688585,69.94,2,"[477.0, 639.2000122070312]"
random_walk,1788869617.1697092,30.551319229,1.1595203465960644,0.903,0.0,0.3675766053719351,0.9942986674474348,2.369174698440659,30,1.2210487071569704,96.84,2,"[422.79998779296875, 686.2000122070312]"
random_walk,1788869617.2197657,30.601375837000003,1.066141301427716,0.903,0.0,0.3675766053719351,0.9942986674474348,2.681725135399219,30,1.2425244381873692,88.77,2,"[422.79998779296875, 686.2000122070312]"
random_walk,1788869617.269868,30.651478011000002,0.956847099791464,0.903,0.0,0.3675766053719351,0.9942986674474348,2.9945713912326966,30,1.2363885150358267,0.0,2,"[403.79998779296875, 686.0]"
random_walk,1788869617.3199577,30.701567742,0.8422794550372176,0.903,0.0,0.3675766053719351,0.9942986674474348,3.307544868361802,30,1.1980389953386859,-8.07,2,"[403.79998779296875, 686.0]"
random_walk,1788869617.369918,30.751528146000002,0.7339277281157339,0.903,0.0,0.3675766053719351,0.9942986674474348,3.61954812380408,30,1.1336118022474888,-13.45,2,"[417.6000061035156, 671.4000244140625]"
random_walk,1788869617.419758,30.801368362,0.6420053762348663,0.903,0.0,0.3675766053719351,0.9942986674474348,3.9311497175512358,30,1.0139613007924089,-13.45,2,"[417.6000061035156, 671.4000244140625]"
random_walk,1788869617.469865,30.851475161000003,0.575021825323325,0.903,0.0,0.3675766053719351,0.9942986674474348,4.243944370168165,30,0.9157865303677277,-16.14,2,"[484.20001220703125, 614.5999755859375]"
random_walk,1788869617.5198326,30.901442850000002,0.5398950071324835,0.903,0.0,0.3675766053719351,0.9942986674474348,4.556248898433054,30,0.8130098175793898,-69.94,2,"[484.20001220703125, 614.5999755859375]"
random_walk,1788869617.5697134,30.951323424,0.5398722617211245,0.903,0.0,0.3675766053719351,0.9942986674474348,4.868130636421924,30,0.7148350471547088,-34.97,2,"[591.5999755859375, 514.7999877929688]"
random_walk,1788869617.6197245,31.001334464000003,0.5749689125264681,0.903,0.0,0.3675766053719351,0.9942986674474348,5.180514662378172,30,0.6350680461846554,-121.05,2,"[591.5999755859375, 514.7999877929688]"
random_walk,1788869617.6698632,31.051473360000003,0.6419784476753694,0.903,0.0,0.3675766053719351,0.9942986674474348,5.493524199285233,30,0.5829126993965437,-115.67,2,"[630.7999877929688, 412.20001220703125]"
random_walk,1788869617.719825,31.1014352,0.7340672120788555,0.903,0.0,0.3675766053719351,0.9942986674474348,5.805657149978785,30,0.5553010452146021,-64.56,2,"[630.7999877929688, 412.20001220703125]"
random_walk,1788869617.7699277,31.151537978,0.8427168840347942,0.903,0.0,0.3675766053719351,0.9942986674474348,6.118439582754135,30,0.5583690067903734,2.69,2,"[638.4000244140625, 375.20001220703125]"
random_walk,1788869617.8198318,31.20144206,0.9569334829509635,0.903,0.0,0.3675766053719351,0.9942986674474348,0.14725883671564333,31,0.6089903727905995,2.69,2,"[638.4000244140625, 375.20001220703125]"
random_walk,1788869617.869744,31.251354133000003,1.0659764251284367,0.903,0.0,0.3675766053719351,0.9942986674474348,0.45936702911048855,31,0.6780195082454534,2.69,2,"[596.7999877929688, 418.3999938964844]"
random_walk,1788869617.9196944,31.301304558000002,1.1592696987325728,0.903,0.0,0.3675766053719351,0.9942986674474348,0.7714663315081154,31,0.765456413154935,2.69,2,"[596.7999877929688, 418.3999938964844]"
random_walk,1788869617.9696918,31.35130197,1.2278384101621789,0.903,0.0,0.3675766053719351,0.9942986674474348,1.0837729588868896,31,0.8666991451553873,13.45,2,"[563.0, 549.2000122070312]"
random_walk,1788869618.0198524,31.401462575000004,1.2650328359447638,0.903,0.0,0.3675766053719351,0.9942986674474348,1.396899765040665,31,0.9694758579437253,45.73,2,"[563.0, 549.2000122070312]"
random_walk,1788869618.0698423,31.451452354,1.267062945991858,0.903,0.0,0.3675766053719351,0.9942986674474348,1.7091744559009143,31,1.0676506283684062,86.08,2,"[487.0, 631.0]"
random_walk,1788869618.1199143,31.501524479,1.2337943200039752,0.903,0.0,0.3675766053719351,0.9942986674474348,2.0219768052687854,31,1.1504855909142309,72.63,2,"[487.0, 631.0]"
random_walk,1788869618.1699655,31.551575637000003,1.1684599700166913,0.903,0.0,0.3675766053719351,0.9942986674474348,2.3346301113028503,31,1.210310841641771,91.46,2,"[421.3999938964844, 689.2000122070312]"
random_walk,1788869618.2197032,31.601313282000003,1.0779031072225007,0.903,0.0,0.3675766053719351,0.9942986674474348,2.6456878721201846,31,1.2409904573994837,91.46,2,"[421.3999938964844, 689.2000122070312]"
random_walk,1788869618.269985,31.651594968,0.9696690300507793,0.903,0.0,0.3675766053719351,0.9942986674474348,2.9592086807022824,31,1.2348545342479411,80.7,2,"[424.3999938964844, 687.7999877929688]"
random_walk,1788869618.3196795,31.70128966,0.8558070112374395,0.903,0.0,0.3675766053719351,0.9942986674474348,3.2703375552501015,31,1.1965050145508,-2.69,2,"[424.3999938964844, 687.7999877929688]"
random_walk,1788869618.369863,31.751473243000003,0.7458034672222085,0.903,0.0,0.3675766053719351,0.9942986674474348,3.5834913250216047,31,1.1320778214596032,-10.76,2,"[422.79998779296875, 643.7999877929688]"
random_walk,1788869618.4197693,31.801379214,0.651408143851596,0.903,0.0,0.3675766053719351,0.9942986674474348,3.8954567964138036,31,1.0446409165501216,-16.14,2,"[422.79998779296875, 643.7999877929688]"
random_walk,1788869618.4698222,31.851432276,0.5811960950151935,0.903,0.0,0.3675766053719351,0.9942986674474348,4.208009238775837,31,0.944932165337555,-29.59,2,"[483.0, 617.0]"
random_walk,1788869618.5198975,31.901507601000002,0.5421497519326178,0.903,0.0,0.3675766053719351,0.9942986674474348,4.520788966443085,31,0.8436894333371027,-102.22,2,"[483.0, 617.0]"
random_walk,1788869618.569966,31.951576381000002,0.5381179435054461,0.903,0.0,0.3675766053719351,0.9942986674474348,4.833546328551584,31,0.7393787397608791,-24.21,2,"[597.7999877929688, 512.5999755859375]"
random_walk,1788869618.6197872,32.001397306,0.5693100016197861,0.903,0.0,0.3675766053719351,0.9942986674474348,5.145151277132577,31,0.6289321230331129,-24.21,2,"[597.7999877929688, 512.5999755859375]"
random_walk,1788869618.6697934,32.051403602,0.6328347552849316,0.903,0.0,0.3675766053719351,0.9942986674474348,5.457532910348867,31,0.5798447378207724,-118.36,2,"[628.0, 407.20001220703125]"
random_walk,1788869618.7199066,32.1015169,0.7225940626759406,0.903,0.0,0.3675766053719351,0.9942986674474348,5.770179656652026,31,0.5537670644267164,-69.94,2,"[628.0, 407.20001220703125]"
random_walk,1788869618.769853,32.151463192,0.8296991160827478,0.903,0.0,0.3675766053719351,0.9942986674474348,6.082422760846093,31,0.5583690067903734,2.69,2,"[630.2000122070312, 430.79998779296875]"
random_walk,1788869618.8198442,32.201454445,0.9439147785469286,0.903,0.0,0.3675766053719351,0.9942986674474348,0.11154066998520307,32,0.5936505649117432,2.69,2,"[630.2000122070312, 430.79998779296875]"
random_walk,1788869618.8698542,32.251464508000005,1.0541599400883979,0.903,0.0,0.3675766053719351,0.9942986674474348,0.4238072455212034,32,0.6550097964271688,2.69,2,"[629.5999755859375, 412.0]"
random_walk,1788869618.9198055,32.301415735,1.149784915942469,0.903,0.0,0.3675766053719351,0.9942986674474348,0.7360741834042699,32,0.7409127205487647,8.07,2,"[629.5999755859375, 412.0]"
random_walk,1788869618.9699621,32.35157224,1.2216017456554717,0.903,0.0,0.3675766053719351,0.9942986674474348,1.0486743306284723,32,0.842155452549217,13.45,2,"[576.7999877929688, 527.0]"
random_walk,1788869619.0199842,32.401594339,1.2625751909515264,0.903,0.0,0.3675766053719351,0.9942986674474348,1.3617630528587483,32,0.9510680884890975,26.9,2,"[576.7999877929688, 527.0]"
random_walk,1788869619.06971,32.45132007,1.2686684246956863,0.903,0.0,0.3675766053719351,0.9942986674474348,1.6727349749114921,32,1.0707185899441776,26.9,2,"[485.3999938964844, 632.0]"
random_walk,1788869619.119713,32.501323376,1.2394878024365756,0.903,0.0,0.3675766053719351,0.9942986674474348,1.9850369042734712,32,1.1535535524900022,69.94,2,"[485.3999938964844, 632.0]"
random_walk,1788869619.1697495,32.551359707,1.177674640217263,0.903,0.0,0.3675766053719351,0.9942986674474348,2.297666070497769,32,1.2118448224296565,72.63,2,"[424.6000061035156, 678.5999755859375]"
random_walk,1788869619.219919,32.601529159,1.0890175487021518,0.903,0.0,0.3675766053719351,0.9942986674474348,2.610976680311836,32,1.2287186110963986,96.84,2,"[424.6000061035156, 678.5999755859375]"
random_walk,1788869619.269919,32.651529067000006,0.9826308567899709,0.903,0.0,0.3675766053719351,0.9942986674474348,2.923223857786411,32,1.2256506495206272,-2.69,2,"[400.0, 690.4000244140625]"
random_walk,1788869619.3199327,32.701542873,0.8686040765105848,0.903,0.0,0.3675766053719351,0.9942986674474348,3.2353045992692273,32,1.1995729761265714,-2.69,2,"[400.0, 690.4000244140625]"
random_walk,1788869619.3698854,32.7514958,0.7577724363215705,0.903,0.0,0.3675766053719351,0.9942986674474348,3.547763574836722,32,1.145883648550574,-8.07,2,"[414.3999938964844, 661.2000122070312]"
random_walk,1788869619.4197495,32.801359524,0.6612492166808204,0.903,0.0,0.3675766053719351,0.9942986674474348,3.859338304923938,32,1.0400389741864646,-8.07,2,"[414.3999938964844, 661.2000122070312]"
random_walk,1788869619.469733,32.851343142000005,0.5878413363980876,0.903,0.0,0.3675766053719351,0.9942986674474348,4.171780868669401,32,0.940330222973898,-24.21,2,"[475.3999938964844, 621.4000244140625]"
random_walk,1788869619.519675,32.901285204000004,0.5449798849073217,0.903,0.0,0.3675766053719351,0.9942986674474348,4.483862928345758,32,0.8406214717613314,-91.46,2,"[475.3999938964844, 621.4000244140625]"
random_walk,1788869619.569896,32.951506049,0.5367474615999428,0.903,0.0,0.3675766053719351,0.9942986674474348,4.7972926566259275,32,0.7378447589729934,-13.45,2,"[580.2000122070312, 520.2000122070312]"
random_walk,1788869619.619814,33.001424216000004,0.5639925953756936,0.903,0.0,0.3675766053719351,0.9942986674474348,5.109255048068263,32,0.6504078540635119,-102.22,2,"[580.2000122070312, 520.2000122070312]"
random_walk,1788869619.6698675,33.051477656,0.6241128691148057,0.903,0.0,0.3675766053719351,0.9942986674474348,5.421841863420298,32,0.5936505649117432,-83.39,2,"[616.4000244140625, 423.79998779296875]"
random_walk,1788869619.7198231,33.10143336,0.7111363552348354,0.903,0.0,0.3675766053719351,0.9942986674474348,5.734027398166347,32,0.5737088146692298,-64.56,2,"[616.4000244140625, 423.79998779296875]"
random_walk,1788869619.7699766,33.151586783,0.817074515066804,0.903,0.0,0.3675766053719351,0.9942986674474348,6.047240093063579,32,0.5752427954571154,2.69,2,"[631.5999755859375, 385.20001220703125]"
random_walk,1788869619.819785,33.201395173,0.9306968059041653,0.903,0.0,0.3675766053719351,0.9942986674474348,0.07542123514355836,33,0.6105243535784852,2.69,2,"[631.5999755859375, 385.20001220703125]"
random_walk,1788869619.8697796,33.251389766,1.0419847062427767,0.903,0.0,0.3675766053719351,0.9942986674474348,0.38775480739801793,33,0.6672816427302539,2.69,2,"[596.0, 422.20001220703125]"
random_walk,1788869619.9197018,33.301312119,1.1397358705419234,0.903,0.0,0.3675766053719351,0.9942986674474348,0.6997742247678005,33,0.7470486437003072,2.69,2,"[596.0, 422.20001220703125]"
random_walk,1788869619.9697275,33.351337796,1.2147248704045985,0.903,0.0,0.3675766053719351,0.9942986674474348,1.012302414867527,33,0.8436894333371027,16.14,2,"[558.7999877929688, 498.3999938964844]"
random_walk,1788869620.019732,33.401342256,1.2594977702790389,0.903,0.0,0.3675766053719351,0.9942986674474348,1.3246547354576776,33,0.944932165337555,40.35,2,"[558.7999877929688, 498.3999938964844]"
random_walk,1788869620.0698495,33.451459496000005,1.2697587977979934,0.903,0.0,0.3675766053719351,0.9942986674474348,1.6375149666416817,33,1.0446409165501216,69.94,2,"[477.0, 616.2000122070312]"
random_walk,1788869620.119787,33.501396929,1.244512540189219,0.903,0.0,0.3675766053719351,0.9942986674474348,1.94964206980368,33,1.1305438406717176,80.7,2,"[477.0, 616.2000122070312]"
random_walk,1788869620.1697695,33.551379736,1.186235380964632,0.903,0.0,0.3675766053719351,0.9942986674474348,2.2618923397228414,33,1.1980389953386859,91.46,2,"[422.3999938964844, 675.4000244140625]"
random_walk,1788869620.2198606,33.601470819,1.100382279169034,0.903,0.0,0.3675766053719351,0.9942986674474348,2.574736352753071,33,1.2302525918842842,104.91,2,"[422.3999938964844, 675.4000244140625]"
random_walk,1788869620.2697783,33.6513884,0.995612794405389,0.903,0.0,0.3675766053719351,0.9942986674474348,2.886892668583421,33,1.227184630308513,104.91,2,"[409.0, 697.0]"
random_walk,1788869620.3197348,33.701344902,0.8819513019336169,0.903,0.0,0.3675766053719351,0.9942986674474348,3.1988874276123127,33,1.1995729761265714,-2.69,2,"[409.0, 697.0]"
random_walk,1788869620.3698685,33.751478405,0.7700006017789989,0.903,0.0,0.3675766053719351,0.9942986674474348,3.5118203406148965,33,1.1443496677626883,-16.14,2,"[414.3999938964844, 663.0]"
random_walk,1788869620.4198377,33.801447921000005,0.6711410466749362,0.903,0.0,0.3675766053719351,0.9942986674474348,3.8241470907492,33,1.0630486860047492,-29.59,2,"[414.3999938964844, 663.0]"
random_walk,1788869620.4699438,33.851553905,0.5946555541216829,0.903,0.0,0.3675766053719351,0.9942986674474348,4.136773907965086,33,0.9679418771558396,-18.83,2,"[475.20001220703125, 624.0]"
random_walk,1788869620.520138,33.901748326,0.5480959190040878,0.903,0.0,0.3675766053719351,0.9942986674474348,4.4490420141049825,33,0.868233125943273,-118.36,2,"[475.20001220703125, 624.0]"
random_walk,1788869620.5699115,33.951521451000005,0.5358692672073346,0.903,0.0,0.3675766053719351,0.9942986674474348,4.761648521144487,33,0.7623884515791637,-21.52,2,"[570.0, 514.2000122070312]"
random_walk,1788869620.6197772,34.001387164,0.55912918881586,0.903,0.0,0.3675766053719351,0.9942986674474348,5.073491456763129,33,0.6458059116998549,-21.52,2,"[570.0, 514.2000122070312]"
random_walk,1788869620.669769,34.05137929,0.6156227286661025,0.903,0.0,0.3675766053719351,0.9942986674474348,5.385612237593996,33,0.5905826033359719,-104.91,2,"[629.0, 423.3999938964844]"
random_walk,1788869620.719913,34.101523194,0.7000516858227651,0.903,0.0,0.3675766053719351,0.9942986674474348,5.698274258699151,33,0.5675728915176872,-69.94,2,"[629.0, 423.3999938964844]"
random_walk,1788869620.769742,34.151352173,0.8039184943991629,0.903,0.0,0.3675766053719351,0.9942986674474348,6.010256123171281,33,0.5706408530934585,5.38,2,"[641.4000244140625, 390.0]"
random_walk,1788869620.8198564,34.201466585,0.9176585344690406,0.903,0.0,0.3675766053719351,0.9942986674474348,0.039889433492234616,34,0.5967185264875144,2.69,2,"[641.4000244140625, 390.0]"
random_walk,1788869620.8697972,34.251407396000005,1.0297273669664624,0.903,0.0,0.3675766053719351,0.9942986674474348,0.3519878987432463,34,0.6442719309119693,8.07,2,"[623.7999877929688, 410.0]"
random_walk,1788869620.9197228,34.301333014,1.1295501462697772,0.903,0.0,0.3675766053719351,0.9942986674474348,0.6640794918952082,34,0.7209709703062513,5.38,2,"[623.7999877929688, 410.0]"
random_walk,1788869620.9698386,34.351448940000004,1.207645708087824,0.903,0.0,0.3675766053719351,0.9942986674474348,0.9769509995690413,34,0.8176117599430467,5.38,2,"[578.2000122070312, 510.20001220703125]"
random_walk,1788869621.019742,34.401352181,1.2560652271564696,0.903,0.0,0.3675766053719351,0.9942986674474348,1.2888706528026006,34,0.9510680884890975,5.38,2,"[578.2000122070312, 510.20001220703125]"
random_walk,1788869621.069734,34.451344051,1.2704066301963142,0.903,0.0,0.3675766053719351,0.9942986674474348,1.6012087169108753,34,1.0492428589137786,26.9,2,"[496.20001220703125, 617.2000122070312]"
random_walk,1788869621.1197155,34.501325577,1.2492107973095716,0.903,0.0,0.3675766053719351,0.9942986674474348,1.9134277312740693,34,1.1351457830353744,72.63,2,"[496.20001220703125, 617.2000122070312]"
random_walk,1788869621.1697521,34.551362407,1.1944555073594723,0.903,0.0,0.3675766053719351,0.9942986674474348,2.2260211938201024,34,1.1995729761265714,88.77,2,"[427.20001220703125, 677.0]"
random_walk,1788869621.2198894,34.601499637,1.1113447253042312,0.903,0.0,0.3675766053719351,0.9942986674474348,2.5389685757148612,34,1.23178657267217,107.6,2,"[427.20001220703125, 677.0]"
random_walk,1788869621.269847,34.651457074,1.008264709558241,0.903,0.0,0.3675766053719351,0.9942986674474348,2.851151542794824,34,1.2348545342479411,0.0,2,"[399.0, 684.7999877929688]"
random_walk,1788869621.3198903,34.701500313000004,0.8948873042454812,0.903,0.0,0.3675766053719351,0.9942986674474348,3.163665207776077,34,1.2118448224296565,-2.69,2,"[399.0, 684.7999877929688]"
random_walk,1788869621.3697498,34.751359988000004,0.7825275590093678,0.903,0.0,0.3675766053719351,0.9942986674474348,3.4755114170128394,34,1.1612234564294304,-2.69,2,"[411.6000061035156, 676.4000244140625]"
random_walk,1788869621.4198768,34.801486784000005,0.6814606899683198,0.903,0.0,0.3675766053719351,0.9942986674474348,3.788476085360415,34,1.0829904362472627,-29.59,2,"[411.6000061035156, 676.4000244140625]"
random_walk,1788869621.4698057,34.851415877,0.6021105475368512,0.903,0.0,0.3675766053719351,0.9942986674474348,4.100520467191856,34,0.9648739155800683,-29.59,2,"[467.0, 629.5999755859375]"
random_walk,1788869621.5197113,34.901321345,0.5518368827955182,0.903,0.0,0.3675766053719351,0.9942986674474348,4.412423721098136,34,0.863631183579616,-110.28999999999999,2,"[467.0, 629.5999755859375]"
random_walk,1788869621.5698526,34.951462648,0.5354544883772057,0.903,0.0,0.3675766053719351,0.9942986674474348,4.725396086196653,34,0.7593204900033924,-37.66,2,"[564.4000244140625, 531.4000244140625]"
random_walk,1788869621.6197565,35.001366604000005,0.5546662039623262,0.903,0.0,0.3675766053719351,0.9942986674474348,5.037392738176479,34,0.6657476619423682,-72.63,2,"[564.4000244140625, 531.4000244140625]"
random_walk,1788869621.66988,35.051489972,0.60770120614191,0.903,0.0,0.3675766053719351,0.9942986674474348,5.3502577923245696,34,0.6043884304269426,-115.67,2,"[628.2000122070312, 427.3999938964844]"
random_walk,1788869621.7198813,35.101491361,0.689225811571744,0.903,0.0,0.3675766053719351,0.9942986674474348,5.662519101333757,34,0.5691068723055729,-88.77,2,"[628.2000122070312, 427.3999938964844]"
random_walk,1788869621.7701976,35.151807647000005,0.7921295131607351,0.903,0.0,0.3675766053719351,0.9942986674474348,5.9767881815452455,34,0.5660389107298016,2.69,2,"[637.2000122070312, 395.79998779296875]"
random_walk,1788869621.8202274,35.201837519,0.9051972166882668,0.903,0.0,0.3675766053719351,0.9942986674474348,0.005977610493452801,35,0.5967185264875144,2.69,2,"[637.2000122070312, 395.79998779296875]"
random_walk,1788869621.8697207,35.251330769,1.0171463526990898,0.903,0.0,0.3675766053719351,0.9942986674474348,0.3157585290587903,35,0.6488738732756262,2.69,2,"[626.7999877929688, 399.79998779296875]"
random_walk,1788869621.9197037,35.301313693000004,1.1190091487865534,0.903,0.0,0.3675766053719351,0.9942986674474348,0.6281606286355483,35,0.7240389318820226,2.69,2,"[626.7999877929688, 399.79998779296875]"
random_walk,1788869621.9697156,35.351325745000004,1.199963948092739,0.903,0.0,0.3675766053719351,0.9942986674474348,0.9405744295227905,35,0.8206797215188181,2.69,2,"[583.5999755859375, 506.6000061035156]"
random_walk,1788869622.0197268,35.40133693,1.2521721790319682,0.903,0.0,0.3675766053719351,0.9942986674474348,1.2530129637192644,35,0.9219224535192704,21.52,2,"[583.5999755859375, 506.6000061035156]"
random_walk,1788869622.0697954,35.451405443,1.270571992550211,0.903,0.0,0.3675766053719351,0.9942986674474348,1.5657864752605448,35,1.021631204731837,75.32,2,"[513.7999877929688, 612.4000244140625]"
random_walk,1788869622.1197958,35.501405983000005,1.253348539680575,0.903,0.0,0.3675766053719351,0.9942986674474348,1.8781726065780546,35,1.1121360712170898,75.32,2,"[513.7999877929688, 612.4000244140625]"
random_walk,1788869622.169785,35.551395009000004,1.202223891795699,0.903,0.0,0.3675766053719351,0.9942986674474348,2.190509664860933,35,1.1857671490356005,75.32,2,"[434.3999938964844, 670.7999877929688]"
random_walk,1788869622.219858,35.601468034,1.122076422551453,0.903,0.0,0.3675766053719351,0.9942986674474348,2.5030796310755576,35,1.2348545342479411,75.32,2,"[434.3999938964844, 670.7999877929688]"
random_walk,1788869622.2697742,35.651384223,1.020917598490916,0.903,0.0,0.3675766053719351,0.9942986674474348,2.815021449952262,35,1.239456476611598,102.22,2,"[403.79998779296875, 681.7999877929688]"
random_walk,1788869622.3197966,35.701406777,0.9082721723286452,0.903,0.0,0.3675766053719351,0.9942986674474348,3.1272491044181763,35,1.2164467647933135,-2.69,2,"[403.79998779296875, 681.7999877929688]"
random_walk,1788869622.369803,35.751413031000006,0.7949842601789324,0.903,0.0,0.3675766053719351,0.9942986674474348,3.439854380727205,35,1.1658253987930873,-2.69,2,"[407.20001220703125, 678.0]"
random_walk,1788869622.4197345,35.80134463,0.6923015620209557,0.903,0.0,0.3675766053719351,0.9942986674474348,3.752010134294885,35,1.0875923786109196,-13.45,2,"[407.20001220703125, 678.0]"
random_walk,1788869622.4698286,35.851438961,0.6098707651351705,0.903,0.0,0.3675766053719351,0.9942986674474348,4.064673598540843,35,0.9924855697620099,-34.97,2,"[456.20001220703125, 635.0]"
random_walk,1788869622.519904,35.901513948,0.5558530535818473,0.903,0.0,0.3675766053719351,0.9942986674474348,4.37742051505878,35,0.8927768185494431,-102.22,2,"[456.20001220703125, 635.0]"
random_walk,1788869622.5697992,35.951409373000004,0.535520419798243,0.903,0.0,0.3675766053719351,0.9942986674474348,4.689412006716928,35,0.7884661249732196,-69.94,2,"[556.5999755859375, 541.4000244140625]"
random_walk,1788869622.6198657,36.001475885000005,0.5507335673142153,0.903,0.0,0.3675766053719351,0.9942986674474348,5.002023405441484,35,0.6657476619423682,-69.94,2,"[556.5999755859375, 541.4000244140625]"
random_walk,1788869622.6699548,36.051564696,0.6001782895645584,0.903,0.0,0.3675766053719351,0.9942986674474348,5.315045137200677,35,0.602854449639057,-78.01,2,"[620.4000244140625, 439.0]"
random_walk,1788869622.7199888,36.101598896,0.6787979818967781,0.903,0.0,0.3675766053719351,0.9942986674474348,5.627192388107623,35,0.5660389107298016,-67.25,2,"[620.4000244140625, 439.0]"
random_walk,1788869622.769943,36.151552917000004,0.7790928584164413,0.903,0.0,0.3675766053719351,0.9942986674474348,5.9393588808919375,35,0.5614369683661447,2.69,2,"[641.0, 387.3999938964844]"
random_walk,1788869622.8200314,36.201641555,0.8916132486308063,0.903,0.0,0.3675766053719351,0.9942986674474348,6.2522024503594125,35,0.5829126993965437,2.69,2,"[641.0, 387.3999938964844]"
random_walk,1788869622.8698642,36.251474372000004,1.0048138147724206,0.903,0.0,0.3675766053719351,0.9942986674474348,0.28065663967697674,36,0.6289321230331129,2.69,2,"[607.5999755859375, 405.79998779296875]"
random_walk,1788869622.9207525,36.302362503000005,1.1100138124740009,0.903,0.0,0.3675766053719351,0.9942986674474348,0.5982357476145523,36,0.701029220063738,10.76,2,"[607.5999755859375, 405.79998779296875]"
random_walk,1788869622.9699259,36.351536155000005,1.1922236162614381,0.903,0.0,0.3675766053719351,0.9942986674474348,0.9056703129044479,36,0.7946020481247621,2.69,2,"[580.7999877929688, 495.20001220703125]"
random_walk,1788869623.0199664,36.401576331,1.247945220493786,0.903,0.0,0.3675766053719351,0.9942986674474348,1.2180597615715953,36,0.9280583766708129,2.69,2,"[580.7999877929688, 495.20001220703125]"
random_walk,1788869623.0696926,36.451302542,1.2702595978657678,0.903,0.0,0.3675766053719351,0.9942986674474348,1.5292620113952466,36,1.0277671278833795,24.21,2,"[505.3999938964844, 613.7999877929688]"
random_walk,1788869623.119757,36.501367056,1.2571438903961725,0.903,0.0,0.3675766053719351,0.9942986674474348,1.8419743487602034,36,1.1152040327928612,69.94,2,"[505.3999938964844, 613.7999877929688]"
random_walk,1788869623.1697435,36.551353487,1.2097517151233537,0.903,0.0,0.3675766053719351,0.9942986674474348,2.1543232957744465,36,1.1857671490356005,86.08,2,"[435.3999938964844, 670.2000122070312]"
random_walk,1788869623.219751,36.601360935,1.132675627685535,0.903,0.0,0.3675766053719351,0.9942986674474348,2.466669337765012,36,1.2302525918842842,110.28999999999999,2,"[435.3999938964844, 670.2000122070312]"
random_walk,1788869623.2697892,36.651399448,1.033313369275014,0.903,0.0,0.3675766053719351,0.9942986674474348,2.779191655343709,36,1.2425244381873692,0.0,2,"[404.20001220703125, 689.0]"
random_walk,1788869623.319904,36.701514239000005,0.921197647953652,0.903,0.0,0.3675766053719351,0.9942986674474348,3.0920653183576974,36,1.2287186110963986,-2.69,2,"[404.20001220703125, 689.0]"
random_walk,1788869623.3698144,36.751424524,0.8076252292747846,0.903,0.0,0.3675766053719351,0.9942986674474348,3.404065087771528,36,1.1811652066719438,-21.52,2,"[407.6000061035156, 673.4000244140625]"
random_walk,1788869623.4198585,36.801468604,0.7030688724873198,0.903,0.0,0.3675766053719351,0.9942986674474348,3.7166904993308094,36,1.0829904362472627,-21.52,2,"[407.6000061035156, 673.4000244140625]"
random_walk,1788869623.4699397,36.851550058,0.6179310915762882,0.903,0.0,0.3675766053719351,0.9942986674474348,4.029156421965723,36,0.9878836273983529,-10.76,2,"[453.0, 643.0]"
random_walk,1788869623.5197732,36.901383303,0.5604828797476087,0.903,0.0,0.3675766053719351,0.9942986674474348,4.34100266243928,36,0.8866408953979006,-86.08,2,"[453.0, 643.0]"
random_walk,1788869623.5698347,36.951444812000005,0.5360569589881101,0.903,0.0,0.3675766053719351,0.9942986674474348,4.653667251210521,36,0.7853981633974483,-53.8,2,"[553.2000122070312, 552.4000244140625]"
random_walk,1788869623.6198335,37.001443659,0.5471865155009701,0.903,0.0,0.3675766053719351,0.9942986674474348,4.9660579743396625,36,0.6887573737606529,-51.11,2,"[553.2000122070312, 552.4000244140625]"
random_walk,1788869623.669768,37.05137811,0.5926924304551815,0.903,0.0,0.3675766053719351,0.9942986674474348,5.2781174060680485,36,0.6166602767300278,-118.36,2,"[634.2000122070312, 431.3999938964844]"
random_walk,1788869623.7199776,37.101587725,0.6685637205794399,0.903,0.0,0.3675766053719351,0.9942986674474348,5.591561234646008,36,0.5721748338813442,-91.46,2,"[634.2000122070312, 431.3999938964844]"
random_walk,1788869623.769857,37.151466936000006,0.7666882374854955,0.903,0.0,0.3675766053719351,0.9942986674474348,5.903272969398955,36,0.5522330836388308,-29.59,2,"[623.7999877929688, 387.20001220703125]"
random_walk,1788869623.8198164,37.201426557000005,0.8781170792721364,0.903,0.0,0.3675766053719351,0.9942986674474348,6.215438981136316,36,0.5767767762450011,-29.59,2,"[623.7999877929688, 387.20001220703125]"
random_walk,1788869623.869697,37.251307276000006,0.9917960293031746,0.903,0.0,0.3675766053719351,0.9942986674474348,0.24398498169725968,37,0.6273981422452273,2.69,2,"[617.4000244140625, 399.0]"
random_walk,1788869623.9197085,37.301318705,1.0971659141304326,0.903,0.0,0.3675766053719351,0.9942986674474348,0.5565176136719074,37,0.7025632008516236,8.07,2,"[617.4000244140625, 399.0]"
random_walk,1788869623.9697335,37.351343728,1.1837185489305924,0.903,0.0,0.3675766053719351,0.9942986674474348,0.8690264494417264,37,0.7930680673368765,2.69,2,"[592.4000244140625, 485.79998779296875]"
random_walk,1788869624.019905,37.401515198000006,1.2431665409030146,0.903,0.0,0.3675766053719351,0.9942986674474348,1.1821697173963983,37,0.8958447801252144,18.83,2,"[592.4000244140625, 485.79998779296875]"
random_walk,1788869624.070161,37.451771057,1.2695110190214431,0.903,0.0,0.3675766053719351,0.9942986674474348,1.4946339719854294,37,1.000155473701438,64.56,2,"[513.7999877929688, 603.5999755859375]"
random_walk,1788869624.1199026,37.501512774000005,1.2603828670744608,0.903,0.0,0.3675766053719351,0.9942986674474348,1.8068531800168515,37,1.0921943209745766,86.08,2,"[513.7999877929688, 603.5999755859375]"
random_walk,1788869624.1698852,37.551495292000006,1.2166956016547636,0.903,0.0,0.3675766053719351,0.9942986674474348,2.1190891872067894,37,1.1719613219446299,69.94,2,"[438.79998779296875, 668.2000122070312]"
random_walk,1788869624.219774,37.601384209,1.1427552948317006,0.903,0.0,0.3675766053719351,0.9942986674474348,2.431031274720091,37,1.23178657267217,69.94,2,"[438.79998779296875, 668.2000122070312]"
random_walk,1788869624.2697392,37.651349283,1.0456102248162644,0.903,0.0,0.3675766053719351,0.9942986674474348,2.74316008965949,37,1.244058418975255,102.22,2,"[413.6000061035156, 682.7999877929688]"
random_walk,1788869624.319683,37.701293236000005,0.9346836623710196,0.903,0.0,0.3675766053719351,0.9942986674474348,3.0552894793562544,37,1.2287186110963986,-2.69,2,"[413.6000061035156, 682.7999877929688]"
random_walk,1788869624.3697007,37.751310790000005,0.8205624954495729,0.903,0.0,0.3675766053719351,0.9942986674474348,3.3677896125497355,37,1.1811652066719438,-21.52,2,"[412.6000061035156, 683.2000122070312]"
random_walk,1788869624.4197137,37.801323759,0.7144565742477139,0.903,0.0,0.3675766053719351,0.9942986674474348,3.68019465463437,37,1.1090681096413186,-13.45,2,"[412.6000061035156, 683.2000122070312]"
random_walk,1788869624.4698145,37.851424846,0.6265092575502753,0.903,0.0,0.3675766053719351,0.9942986674474348,3.9929855525862834,37,1.01702926236818,-32.28,2,"[452.0, 636.4000244140625]"
random_walk,1788869624.5197954,37.901405539,0.5654726447920777,0.903,0.0,0.3675766053719351,0.9942986674474348,4.305232011614159,37,0.9173205111556134,-72.63,2,"[452.0, 636.4000244140625]"
random_walk,1788869624.569921,37.951531166,0.5370477474215096,0.903,0.0,0.3675766053719351,0.9942986674474348,4.6183427682929405,37,0.8099418560036186,-78.01,2,"[558.5999755859375, 549.7999877929688]"
random_walk,1788869624.6198118,38.00142172,0.5440975543449653,0.903,0.0,0.3675766053719351,0.9942986674474348,4.930065979451321,37,0.684155431396996,-78.01,2,"[558.5999755859375, 549.7999877929688]"
random_walk,1788869624.6698692,38.051479377,0.5859452431530354,0.903,0.0,0.3675766053719351,0.9942986674474348,5.242888907632199,37,0.6135923151542565,-131.81,2,"[610.0, 438.0]"
random_walk,1788869624.7197416,38.101351589000004,0.658255984145898,0.903,0.0,0.3675766053719351,0.9942986674474348,5.5545778270162955,37,0.5721748338813442,-94.14999999999999,2,"[610.0, 438.0]"
random_walk,1788869624.7697384,38.151348500000005,0.7543789813893078,0.903,0.0,0.3675766053719351,0.9942986674474348,5.866942804763433,37,0.5537670644267164,-32.28,2,"[639.2000122070312, 390.20001220703125]"
random_walk,1788869624.8199043,38.201514429,0.8651542524175452,0.903,0.0,0.3675766053719351,0.9942986674474348,6.180042359920755,37,0.5660389107298016,2.69,2,"[639.2000122070312, 390.20001220703125]"
random_walk,1788869624.86982,38.251430214,0.9791881596789376,0.903,0.0,0.3675766053719351,0.9942986674474348,0.20878507744085084,38,0.6089903727905995,2.69,2,"[622.0, 395.0]"
random_walk,1788869624.9198298,38.301439986000005,1.0860450798052015,0.903,0.0,0.3675766053719351,0.9942986674474348,0.5212655939152029,38,0.6780195082454534,2.69,2,"[622.0, 395.0]"
random_walk,1788869624.9698389,38.351449207,1.175162312134699,0.903,0.0,0.3675766053719351,0.9942986674474348,0.8337000360890698,38,0.7700583555185919,2.69,2,"[587.4000244140625, 485.20001220703125]"
random_walk,1788869625.0197077,38.401317767,1.2378193484505855,0.903,0.0,0.3675766053719351,0.9942986674474348,1.145419230193184,38,0.9019807032767571,2.69,2,"[587.4000244140625, 485.20001220703125]"
random_walk,1788869625.0697894,38.451399497000004,1.268254566017593,0.903,0.0,0.3675766053719351,0.9942986674474348,1.4583346006010771,38,1.0032234352772094,69.94,2,"[517.5999755859375, 601.7999877929688]"
random_walk,1788869625.1197374,38.501347592,1.2632852699218746,0.903,0.0,0.3675766053719351,0.9942986674474348,1.7703065380137417,38,1.0952622825503477,80.7,2,"[517.5999755859375, 601.7999877929688]"
random_walk,1788869625.1699922,38.551602441,1.2233198783466817,0.903,0.0,0.3675766053719351,0.9942986674474348,2.0834681607202725,38,1.1719613219446299,80.7,2,"[441.79998779296875, 671.7999877929688]"
random_walk,1788869625.2198381,38.601448170000005,1.1525207601190708,0.903,0.0,0.3675766053719351,0.9942986674474348,2.3954292527111676,38,1.2241166687327416,102.22,2,"[441.79998779296875, 671.7999877929688]"
random_walk,1788869625.2698607,38.651470966000005,1.0574395458650243,0.903,0.0,0.3675766053719351,0.9942986674474348,2.7079753415052465,38,1.2425244381873692,88.77,2,"[411.20001220703125, 692.5999755859375]"
random_walk,1788869625.319809,38.701418915000005,0.9475587777698656,0.903,0.0,0.3675766053719351,0.9942986674474348,3.0200706705801537,38,1.2363885150358267,-2.69,2,"[411.20001220703125, 692.5999755859375]"
random_walk,1788869625.3697298,38.751339861000005,0.8333849485414849,0.903,0.0,0.3675766053719351,0.9942986674474348,3.33213273869562,38,1.1965050145508,-13.45,2,"[408.6000061035156, 677.7999877929688]"
random_walk,1788869625.4197636,38.801373822,0.7258001795797129,0.903,0.0,0.3675766053719351,0.9942986674474348,3.644615216841899,38,1.1044661672776617,-13.45,2,"[408.6000061035156, 677.7999877929688]"
random_walk,1788869625.4698796,38.851489845,0.635204970214339,0.903,0.0,0.3675766053719351,0.9942986674474348,3.95778386158419,38,1.012427320004523,-18.83,2,"[452.79998779296875, 640.5999755859375]"
random_walk,1788869625.5196888,38.901298993000005,0.5709664623348938,0.903,0.0,0.3675766053719351,0.9942986674474348,4.269003160460883,38,0.9111845880040709,-86.08,2,"[452.79998779296875, 640.5999755859375]"
random_walk,1788869625.5697122,38.951322474,0.5385682606457354,0.903,0.0,0.3675766053719351,0.9942986674474348,4.581485176302309,38,0.8114758367915041,-69.94,2,"[543.5999755859375, 558.0]"
random_walk,1788869625.6198125,39.001422706,0.5414966710774334,0.903,0.0,0.3675766053719351,0.9942986674474348,4.894422924763674,38,0.7117670855789375,-21.52,2,"[543.5999755859375, 558.0]"
random_walk,1788869625.6698437,39.051453813,0.579442529259695,0.903,0.0,0.3675766053719351,0.9942986674474348,5.206807031935639,38,0.6320000846088841,-126.42999999999999,2,"[620.2000122070312, 444.79998779296875]"
random_walk,1788869625.7197757,39.101385753,0.6486349499857684,0.903,0.0,0.3675766053719351,0.9942986674474348,5.518921759071972,38,0.581378718608658,-118.36,2,"[620.2000122070312, 444.79998779296875]"
random_walk,1788869625.7697444,39.151354699,0.742448645712378,0.903,0.0,0.3675766053719351,0.9942986674474348,5.8311654880022985,38,0.5537670644267164,-69.94,2,"[635.4000244140625, 393.6000061035156]"
random_walk,1788869625.819698,39.201308182000005,0.8517533326102213,0.903,0.0,0.3675766053719351,0.9942986674474348,6.143312007967793,38,0.5660389107298016,-69.94,2,"[635.4000244140625, 393.6000061035156]"
random_walk,1788869625.8696997,39.251309764000005,0.9661064269184448,0.903,0.0,0.3675766053719351,0.9942986674474348,0.17253715308898876,39,0.6120583343663708,2.69,2,"[631.5999755859375, 393.0]"
random_walk,1788869625.9197156,39.301325803000005,1.0743810606002047,0.903,0.0,0.3675766053719351,0.9942986674474348,0.48504235914105465,39,0.6826214506091103,2.69,2,"[631.5999755859375, 393.0]"
random_walk,1788869625.969715,39.35132517,1.1659921118259895,0.903,0.0,0.3675766053719351,0.9942986674474348,0.7973046989651138,39,0.7685243747307062,5.38,2,"[592.7999877929688, 482.6000061035156]"
random_walk,1788869626.0198436,39.401453823000004,1.2322809700044186,0.903,0.0,0.3675766053719351,0.9942986674474348,1.1102636884599164,39,0.8728350683069298,13.45,2,"[592.7999877929688, 482.6000061035156]"
random_walk,1788869626.069858,39.451468344000006,1.2665528999197304,0.903,0.0,0.3675766053719351,0.9942986674474348,1.4226976683289294,39,0.9740778003073821,43.04,2,"[523.5999755859375, 589.4000244140625]"
random_walk,1788869626.1198533,39.501463308000005,1.26562887753017,0.903,0.0,0.3675766053719351,0.9942986674474348,1.7350565174131631,39,1.0707185899441776,64.56,2,"[523.5999755859375, 589.4000244140625]"
random_walk,1788869626.169849,39.551459048000005,1.229612837388164,0.903,0.0,0.3675766053719351,0.9942986674474348,2.0474020970988747,39,1.1550875332778878,72.63,2,"[445.3999938964844, 658.0]"
random_walk,1788869626.2197127,39.601322865,1.1621428534892981,0.903,0.0,0.3675766053719351,0.9942986674474348,2.3591643417798807,39,1.2241166687327416,72.63,2,"[445.3999938964844, 658.0]"
random_walk,1788869626.271393,39.653003231,1.0693915430474124,0.903,0.0,0.3675766053719351,0.9942986674474348,2.6718332724682554,39,1.2425244381873692,96.84,2,"[402.79998779296875, 691.5999755859375]"
random_walk,1788869626.3197572,39.701367334000004,0.9606744858777916,0.903,0.0,0.3675766053719351,0.9942986674474348,2.9840369370610844,39,1.2348545342479411,-2.69,2,"[402.79998779296875, 691.5999755859375]"
random_walk,1788869626.3697474,39.751357319,0.8463305003605522,0.903,0.0,0.3675766053719351,0.9942986674474348,3.296380598806415,39,1.1965050145508,-2.69,2,"[405.20001220703125, 682.0]"
random_walk,1788869626.4198384,39.801448371,0.7373491399064875,0.903,0.0,0.3675766053719351,0.9942986674474348,3.609093492186666,39,1.1320778214596032,-16.14,2,"[405.20001220703125, 682.0]"
random_walk,1788869626.469832,39.851442254000006,0.6445352465285832,0.903,0.0,0.3675766053719351,0.9942986674474348,3.921423109860477,39,1.0415729549743504,-18.83,2,"[438.0, 647.4000244140625]"
random_walk,1788869626.5198796,39.901489787,0.5767022731861752,0.903,0.0,0.3675766053719351,0.9942986674474348,4.233917945290322,39,0.9418642037617837,-40.35,2,"[438.0, 647.4000244140625]"
random_walk,1788869626.5697527,39.951362821000004,0.5405087227371758,0.903,0.0,0.3675766053719351,0.9942986674474348,4.545855128623849,39,0.8360195293976744,-102.22,2,"[535.7999877929688, 567.7999877929688]"
random_walk,1788869626.6197662,40.001376284,0.5393287845168171,0.903,0.0,0.3675766053719351,0.9942986674474348,4.85829007058674,39,0.7071651432152806,-102.22,2,"[535.7999877929688, 567.7999877929688]"
random_walk,1788869626.6697824,40.051392549,0.5733755242833665,0.903,0.0,0.3675766053719351,0.9942986674474348,5.170814393568882,39,0.6289321230331129,-131.81,2,"[619.0, 449.0]"
random_walk,1788869626.7198582,40.101468457,0.6393542164779593,0.903,0.0,0.3675766053719351,0.9942986674474348,5.483331856946698,39,0.5783107570328867,-107.6,2,"[619.0, 449.0]"
random_walk,1788869626.769879,40.151489172000005,0.7308524627465207,0.903,0.0,0.3675766053719351,0.9942986674474348,5.795784385235798,39,0.5537670644267164,-72.63,2,"[642.2000122070312, 395.0]"
random_walk,1788869626.819817,40.201427159000005,0.8389306567222109,0.903,0.0,0.3675766053719351,0.9942986674474348,6.107988418423041,39,0.5599029875782591,5.38,2,"[642.2000122070312, 395.0]"
random_walk,1788869626.869764,40.25137429,0.9531512234581077,0.903,0.0,0.3675766053719351,0.9942986674474348,0.13686436095440513,40,0.5967185264875144,2.69,2,"[636.4000244140625, 390.20001220703125]"
random_walk,1788869626.919831,40.301441199,1.0627516835179862,0.903,0.0,0.3675766053719351,0.9942986674474348,0.44960282479050306,40,0.6611457195787114,2.69,2,"[636.4000244140625, 390.20001220703125]"
random_walk,1788869626.9697967,40.351406935,1.1567236810048531,0.903,0.0,0.3675766053719351,0.9942986674474348,0.7618492775710024,40,0.7485826244881929,2.69,2,"[595.4000244140625, 469.20001220703125]"
random_walk,1788869627.0198805,40.401490791,1.2262262249155407,0.903,0.0,0.3675766053719351,0.9942986674474348,1.0744825045811126,40,0.8774370106705868,2.69,2,"[595.4000244140625, 469.20001220703125]"
random_walk,1788869627.0698879,40.451497871,1.2643857443239677,0.903,0.0,0.3675766053719351,0.9942986674474348,1.387003722623973,40,0.9786797426710391,2.69,2,"[523.2000122070312, 598.4000244140625]"
random_walk,1788869627.119764,40.501374147,1.2675788707908868,0.903,0.0,0.3675766053719351,0.9942986674474348,1.6985970323680988,40,1.0753205323078345,78.01,2,"[523.2000122070312, 598.4000244140625]"
random_walk,1788869627.1697662,40.551376452,1.2355158216611424,0.903,0.0,0.3675766053719351,0.9942986674474348,2.0111138085360096,40,1.1566215140657734,75.32,2,"[451.6000061035156, 662.4000244140625]"
random_walk,1788869627.2199008,40.601510945,1.1711646178026682,0.903,0.0,0.3675766053719351,0.9942986674474348,2.323932457273372,40,1.2118448224296565,91.46,2,"[451.6000061035156, 662.4000244140625]"
random_walk,1788869627.2698693,40.651479664,1.0809145201424313,0.903,0.0,0.3675766053719351,0.9942986674474348,2.6363494755524357,40,1.2379224958237125,99.53,2,"[409.79998779296875, 689.7999877929688]"
random_walk,1788869627.319759,40.701368962000004,0.9736271144297497,0.903,0.0,0.3675766053719351,0.9942986674474348,2.948247719073777,40,1.239456476611598,0.0,2,"[409.79998779296875, 689.7999877929688]"
random_walk,1788869627.3699002,40.751510351,0.8591420895343959,0.903,0.0,0.3675766053719351,0.9942986674474348,3.261193970195876,40,1.2072428800659996,-2.69,2,"[402.0, 683.7999877929688]"
random_walk,1788869627.4197586,40.801368554,0.7493425355250851,0.903,0.0,0.3675766053719351,0.9942986674474348,3.5728665714683814,40,1.1228739367322893,-2.69,2,"[402.0, 683.7999877929688]"
random_walk,1788869627.4697049,40.851314882000004,0.6542049931717493,0.903,0.0,0.3675766053719351,0.9942986674474348,3.885070523439907,40,1.0369710126106935,-24.21,2,"[441.20001220703125, 647.5999755859375]"
random_walk,1788869627.519749,40.901359187000004,0.5830573804513016,0.903,0.0,0.3675766053719351,0.9942986674474348,4.197628613417891,40,0.9357282806102412,-51.11,2,"[441.20001220703125, 647.5999755859375]"
random_walk,1788869627.5697284,40.951338552,0.5429312010139907,0.903,0.0,0.3675766053719351,0.9942986674474348,4.50992881226037,40,0.8329515678219032,-96.84,2,"[531.0, 572.5999755859375]"
random_walk,1788869627.619746,41.001356095000006,0.5376440554764432,0.903,0.0,0.3675766053719351,0.9942986674474348,4.822365778368805,40,0.7332428166093364,-26.9,2,"[531.0, 572.5999755859375]"
random_walk,1788869627.6697252,41.051335391,0.5677115553483032,0.903,0.0,0.3675766053719351,0.9942986674474348,5.134662891014102,40,0.6458059116998549,-104.91,2,"[613.0, 460.0]"
random_walk,1788869627.7197556,41.101365844,0.6302656318796864,0.903,0.0,0.3675766053719351,0.9942986674474348,5.447166885077763,40,0.5905826033359719,-129.12,2,"[613.0, 460.0]"
random_walk,1788869627.7697349,41.151344975,0.7191592059789012,0.903,0.0,0.3675766053719351,0.9942986674474348,5.759421628108669,40,0.5583690067903734,-72.63,2,"[640.2000122070312, 394.0]"
random_walk,1788869627.8197749,41.201385016,0.8259325465007747,0.903,0.0,0.3675766053719351,0.9942986674474348,6.071954353793785,40,0.5599029875782591,-72.63,2,"[640.2000122070312, 394.0]"
random_walk,1788869627.8696582,41.251268299,0.9398853617036833,0.903,0.0,0.3675766053719351,0.9942986674474348,0.10051659125057455,41,0.5997864880632857,2.69,2,"[633.2000122070312, 388.3999938964844]"
random_walk,1788869627.9197423,41.301352499000004,1.0506180966982899,0.903,0.0,0.3675766053719351,0.9942986674474348,0.4132612712126402,41,0.6642136811544826,2.69,2,"[633.2000122070312, 388.3999938964844]"
random_walk,1788869627.9698005,41.351410576,1.1469924914075031,0.903,0.0,0.3675766053719351,0.9942986674474348,0.7258705270917645,41,0.7470486437003072,8.07,2,"[602.4000244140625, 463.3999938964844]"
random_walk,1788869628.0199308,41.401540894,1.2198001713983173,0.903,0.0,0.3675766053719351,0.9942986674474348,1.0389291120439808,41,0.8482913757007595,2.69,2,"[602.4000244140625, 463.3999938964844]"
random_walk,1788869628.0698597,41.451469697,1.2617360575855732,0.903,0.0,0.3675766053719351,0.9942986674474348,1.3510331374478497,41,0.9495341077012119,32.28,2,"[535.0, 585.7999877929688]"
random_walk,1788869628.119977,41.501587148000006,1.2689895009946075,0.903,0.0,0.3675766053719351,0.9942986674474348,1.663757201112766,41,1.0492428589137786,83.39,2,"[535.0, 585.7999877929688]"
random_walk,1788869628.1698582,41.551468318000005,1.240845007570707,0.903,0.0,0.3675766053719351,0.9942986674474348,1.9757654731873586,41,1.1366797638232602,75.32,2,"[459.0, 660.0]"
