mode,t_ros_sec,t_rel_sec,tail_target_rad,tail_bias_rad,tail_bias_offset_rad,tail_bias_rand_rad,tail_amp_rad,tail_freq_hz,phase_rad,cycle_idx,present_position_rad,present_current_ma,sensor_len,sensor_values
random_walk,1788871669.1359868,0.026288981000000003,0.9843258295460957,0.903,0.0,0.017580646001518728,0.46320002197149085,0.8424267024951972,0.13805726871861387,0,1.3023496889149093,174.85,2,"[450.0, 665.0]"
random_walk,1788871669.1858659,0.07616813700000001,1.109804519438688,0.903,0.0,0.017580646001518728,0.4722916998624974,0.8726699580941073,0.4122266352295155,0,1.35143707412725,83.39,2,"[404.20001220703125, 709.7999877929688]"
random_walk,1788871669.2358882,0.126190557,1.2272778651846774,0.903,0.0,0.017580646001518728,0.47956504217530266,0.8968645625732352,0.6938894199958896,0,1.3330293046726223,-51.11,2,"[404.20001220703125, 709.7999877929688]"
random_walk,1788871669.285968,0.176270233,1.3242585318887286,0.903,0.0,0.017580646001518728,0.48538371602554686,0.9162202461565376,0.9821040776230849,0,1.205708899278114,-13.45,2,"[427.0, 680.5999755859375]"
random_walk,1788871669.3359585,0.22626073300000002,1.3893049710759273,0.903,0.0,0.017580646001518728,0.49003865510574224,0.9317047930231797,1.2747753276533207,0,1.1136700520049756,118.36,2,"[427.0, 680.5999755859375]"
random_walk,1788871669.3858864,0.276188582,1.4143432064841595,0.903,0.0,0.017580646001518728,0.49376260636989855,0.9440924305164933,1.5712274505527817,0,1.1152040327928612,56.49,2,"[459.20001220703125, 643.4000244140625]"
random_walk,1788871669.4359193,0.32622153200000004,1.3950955166097094,0.903,0.0,0.017580646001518728,0.49674176738122355,0.9540025405111441,1.8710732206592207,0,1.1658253987930873,83.39,2,"[459.20001220703125, 643.4000244140625]"
random_walk,1788871669.4857676,0.37606968,1.3320410586395628,0.903,0.0,0.017580646001518728,0.49912509619028356,0.9619306285068647,2.1725161625621743,0,1.2532623037025687,142.57,2,"[425.79998779296875, 674.5999755859375]"
random_walk,1788871669.5358033,0.426105518,1.2296256190404342,0.903,0.0,0.017580646001518728,0.5010317592375315,0.9682730989034412,2.4769001461167925,0,1.3176894967937658,121.05,2,"[425.79998779296875, 674.5999755859375]"
random_walk,1788871669.5858107,0.476112923,1.09709371766209,0.903,0.0,0.017580646001518728,0.50255708967533,0.9733470752207023,2.782708293229711,0,1.35143707412725,145.26,2,"[395.20001220703125, 704.0]"
random_walk,1788871669.6358852,0.5261873220000001,0.9465066538395942,0.903,0.0,0.017580646001518728,0.5037773540255688,0.9774062562745114,3.090106684031515,0,1.3437671701878218,-2.69,2,"[395.20001220703125, 704.0]"
random_walk,1788871669.6858099,0.5761121330000001,0.8020527622998256,0.903,0.0,0.017580646001518728,0.4691350609307202,0.9779823241337289,3.3970127941187296,0,1.2900778426118242,-18.83,2,"[395.6000061035156, 698.7999877929688]"
random_walk,1788871669.7359543,0.626256538,0.6848715779052572,0.903,0.0,0.017580646001518728,0.44142122645484133,0.978443178421103,3.7048907673386,0,1.1995729761265714,-37.66,2,"[395.6000061035156, 698.7999877929688]"
random_walk,1788871669.7857783,0.676080584,0.6001101722839952,0.903,0.0,0.017580646001518728,0.41925015887413825,0.9788118618510022,4.0116867814110115,0,1.0799224746714913,-13.45,2,"[472.3999938964844, 625.5999755859375]"
random_walk,1788871669.8359451,0.726247367,0.5495787798771044,0.903,0.0,0.017580646001518728,0.40151330480957576,0.9791068085949215,4.320028083857087,0,0.9035146840646426,-13.45,2,"[472.3999938964844, 625.5999755859375]"
random_walk,1788871669.885784,0.7760862190000001,0.5346700452043465,0.903,0.0,0.017580646001518728,0.3873238215579258,0.9793427659900571,4.626938396093086,0,0.7731263170943632,-5.38,2,"[565.5999755859375, 534.5999755859375]"
random_walk,1788871669.9359124,0.826214585,0.5539005861835614,0.903,0.0,0.017580646001518728,0.3759722349566058,0.9795315319061655,4.935178292556437,0,0.662679700366597,-2.69,2,"[565.5999755859375, 534.5999755859375]"
random_walk,1788871669.9858713,0.876173559,0.6041014505701165,0.903,0.0,0.017580646001518728,0.3668909656755498,0.9796825446390522,5.242803572122355,0,0.5951845456996288,-37.66,2,"[618.0, 463.20001220703125]"
random_walk,1788871670.0359235,0.9262257110000001,0.6801399847664238,0.903,0.0,0.017580646001518728,0.359625950250705,0.9798033548253615,5.550880421401429,0,0.5660389107298016,-99.53,2,"[618.0, 463.20001220703125]"
random_walk,1788871670.0859337,0.9762360050000001,0.774914332239508,0.903,0.0,0.017580646001518728,0.35381393791082916,0.9799000029744089,5.858863142479623,0,0.5629709491540303,8.07,2,"[612.2000122070312, 439.20001220703125]"
random_walk,1788871670.1359313,1.0262334800000001,0.8799716702380365,0.903,0.0,0.017580646001518728,0.3491643280389285,0.9799773214936469,6.166618167882897,0,0.5798447378207724,5.38,2,"[612.2000122070312, 439.20001220703125]"
random_walk,1788871670.1859467,1.0762490070000001,0.986193438382409,0.903,0.0,0.017580646001518728,0.34544464014140797,0.9800391763090373,0.19109819553425833,1,0.6227961998815703,5.38,2,"[598.7999877929688, 460.79998779296875]"
random_walk,1788871670.2359726,1.126274972,1.0845980143143017,0.903,0.0,0.017580646001518728,0.3424688898233915,0.9800886601613497,0.49943124239312464,1,0.7194369895183657,5.38,2,"[598.7999877929688, 460.79998779296875]"
random_walk,1788871670.2858639,1.1761659230000001,1.1661494083537636,0.903,0.0,0.017580646001518728,0.34008828956897835,0.9801282472431996,0.8067949210952641,1,0.7992039904884191,56.49,2,"[574.0, 534.5999755859375]"
random_walk,1788871670.3358684,1.226170577,1.2242185067730447,0.903,0.0,0.017580646001518728,0.33818380936544784,0.9801599169086794,1.1148587481028178,1,0.9065826456404139,2.69,2,"[574.0, 534.5999755859375]"
random_walk,1788871670.3859136,1.276215993,1.2535756497332413,0.903,0.0,0.017580646001518728,0.33666022520262345,0.9801852526410633,1.4231019343394467,1,1.0032234352772094,2.69,2,"[508.0, 603.4000244140625]"
random_walk,1788871670.4360187,1.3263210140000001,1.2517040890273918,0.903,0.0,0.017580646001518728,0.3354413578723639,0.9802055212269705,1.7314204239621205,1,1.0891263593988052,34.97,2,"[508.0, 603.4000244140625]"
random_walk,1788871670.4857829,1.376085103,1.2191581170935253,0.903,0.0,0.017580646001518728,0.33446626400815627,0.9802217360956962,2.0382949936812604,1,1.158155494853659,99.53,2,"[470.3999938964844, 644.4000244140625]"
random_walk,1788871670.5359015,1.426203872,1.1587422064616584,0.903,0.0,0.017580646001518728,0.3336861889167902,0.9802347079906768,2.3467846331319873,1,1.2072428800659996,61.87,2,"[470.3999938964844, 644.4000244140625]"
random_walk,1788871670.585804,1.47610606,1.0765355923327429,0.903,0.0,0.017580646001518728,0.3330621288436973,0.9802450855066613,2.654288202279691,1,1.2302525918842842,107.6,2,"[428.79998779296875, 673.4000244140625]"
random_walk,1788871670.635972,1.5262741670000002,0.9797046386003047,0.903,0.0,0.017580646001518728,0.332562880785223,0.9802533875194488,2.962859656077015,1,1.222582687944856,107.6,2,"[428.79998779296875, 673.4000244140625]"
random_walk,1788871670.6857734,1.5760755560000002,0.8780297818483703,0.903,0.0,0.017580646001518728,0.33216348233844356,0.9802600291296788,3.2700478032654736,1,1.1873011298234863,-10.76,2,"[427.3999938964844, 663.4000244140625]"
random_walk,1788871670.7359383,1.626240579,0.7800768472989613,0.903,0.0,0.017580646001518728,0.33184396358102003,0.9802653424178629,3.5787912339198815,1,1.1244079175201749,-24.21,2,"[427.3999938964844, 663.4000244140625]"
random_walk,1788871670.7859375,1.6762396590000002,0.6924609581958847,0.903,0.0,0.017580646001518728,0.33922251183127894,0.9561235109238646,3.8791445345348397,1,1.047708878125893,-34.97,2,"[478.6000061035156, 626.0]"
random_walk,1788871670.8359675,1.726269733,0.6243591305444977,0.903,0.0,0.017580646001518728,0.34512535043148607,0.9368100457286659,4.173542619286017,1,0.9602719732164113,-112.98,2,"[478.6000061035156, 626.0]"
random_walk,1788871670.885802,1.7761043740000002,0.5816148088572879,0.903,0.0,0.017580646001518728,0.34984762131165176,0.9213592735725069,4.462321183485981,1,0.8713010875190442,-64.56,2,"[532.5999755859375, 560.7999877929688]"
random_walk,1788871670.9358332,1.8261353400000002,0.5671797500855877,0.903,0.0,0.017580646001518728,0.35362543801578433,0.9089986558475798,4.748027127932913,1,0.7669903939428205,-2.69,2,"[532.5999755859375, 560.7999877929688]"
random_walk,1788871670.9859397,1.87624202,0.5818786294114447,0.903,0.0,0.017580646001518728,0.35664769137909036,0.899110161667638,5.03096514425266,1,0.6872233929727672,-10.76,2,"[587.4000244140625, 506.6000061035156]"
random_walk,1788871671.0359595,1.9262617430000002,0.6239468781191629,0.903,0.0,0.017580646001518728,0.3590654940697352,0.8911993663236846,5.310985634449462,1,0.6151262959421421,-10.76,2,"[587.4000244140625, 506.6000061035156]"
random_walk,1788871671.0857692,1.9760713060000001,0.6894139992916867,0.903,0.0,0.017580646001518728,0.36099973622225107,0.8848707300485219,5.588229769033369,1,0.5890486225480862,-2.69,2,"[603.0, 473.79998779296875]"
random_walk,1788871671.1358287,2.0261310530000003,0.7733002091660003,0.903,0.0,0.017580646001518728,0.36254712994426375,0.8798078210283917,5.86485200534263,1,0.5875146417602005,2.69,2,"[603.0, 473.79998779296875]"
random_walk,1788871671.1857677,2.076069859,0.8685701136157932,0.903,0.0,0.017580646001518728,0.3637850449218739,0.8757574938122876,6.139723198188809,1,0.607456392002714,2.69,2,"[597.4000244140625, 459.0]"
random_walk,1788871671.2357984,2.1261006780000002,0.9681396394637726,0.903,0.0,0.017580646001518728,0.36477537690396206,0.8725172320394043,0.13075107982356293,2,0.6458059116998549,16.14,2,"[597.4000244140625, 459.0]"
random_walk,1788871671.2859683,2.1762704360000003,1.0645511867445498,0.903,0.0,0.017580646001518728,0.3655676424896326,0.8699250226210977,0.404791765805637,2,0.7040971816395093,53.8,2,"[577.4000244140625, 492.6000061035156]"
random_walk,1788871671.3360982,2.226400437,1.1502573415879431,0.903,0.0,0.017580646001518728,0.36620145495816897,0.8678512550864523,0.6779359501855176,2,0.7792622402459057,45.73,2,"[577.4000244140625, 492.6000061035156]"
random_walk,1788871671.3858135,2.276115657,1.2186362055855176,0.903,0.0,0.017580646001518728,0.3667085049329981,0.8661922410587362,0.9489187016646259,2,0.8743690490948155,2.69,2,"[535.7999877929688, 563.0]"
random_walk,1788871671.4358451,2.3261475060000003,1.265451215524514,0.903,0.0,0.017580646001518728,0.36711414491286143,0.8648650298365632,1.2209040564487132,2,0.9970875121256667,2.69,2,"[535.7999877929688, 563.0]"
random_walk,1788871671.4857466,2.376048833,1.2868740151132616,0.903,0.0,0.017580646001518728,0.36743865689675204,0.8638032608588249,1.4918207583623886,2,1.081456455459377,72.63,2,"[497.20001220703125, 615.2000122070312]"
random_walk,1788871671.5359364,2.4262385500000003,1.29515241552653,0.903,0.0,0.017580646001518728,0.38228619395302543,0.8899390719376673,1.7720322453450823,2,1.1535535524900022,69.94,2,"[497.20001220703125, 615.2000122070312]"
random_walk,1788871671.5857913,2.4760935760000002,1.2689545087026537,0.903,0.0,0.017580646001518728,0.39416422359804415,0.9108477208007413,2.057607250499867,2,1.213378803217542,83.39,2,"[444.20001220703125, 658.5999755859375]"
random_walk,1788871671.6361122,2.526414473,1.2076338705677836,0.903,0.0,0.017580646001518728,0.4036666473140591,0.9275746398912005,2.3505104704939104,2,1.2501943421267976,118.36,2,"[444.20001220703125, 658.5999755859375]"
random_walk,1788871671.685958,2.576260319,1.1164077515862032,0.903,0.0,0.017580646001518728,0.41126858628687113,0.9409561751635678,2.6453169847204823,2,1.2670681307935396,110.28999999999999,2,"[415.20001220703125, 678.7999877929688]"
random_walk,1788871671.7359822,2.626284569,1.0023407049688848,0.903,0.0,0.017580646001518728,0.41735013746512073,0.9516614033814617,2.9444146527839177,2,1.2686021115814252,-2.69,2,"[415.20001220703125, 678.7999877929688]"
random_walk,1788871671.7858307,2.6761329220000003,0.8768928789737241,0.903,0.0,0.017580646001518728,0.4222153784077204,0.9602255859557768,3.245250893407457,2,1.239456476611598,-5.38,2,"[409.6000061035156, 674.0]"
random_walk,1788871671.8359423,2.726244535,0.751493892145699,0.903,0.0,0.017580646001518728,0.4261075711618001,0.9670769320152288,3.5496392489239597,2,1.1612234564294304,-5.38,2,"[409.6000061035156, 674.0]"
random_walk,1788871671.885777,2.776079347,0.6398267683313634,0.903,0.0,0.017580646001518728,0.42922132536506385,0.9725580088627905,3.8545854700813997,2,1.0737865515199487,-32.28,2,"[460.20001220703125, 631.2000122070312]"
random_walk,1788871671.9359348,2.826236998,0.5525809042811483,0.903,0.0,0.017580646001518728,0.43171232872767495,0.9769428703408398,4.162186909140285,2,0.9648739155800683,-104.91,2,"[460.20001220703125, 631.2000122070312]"
random_walk,1788871671.9857953,2.8760973360000004,0.4995929339154232,0.903,0.0,0.017580646001518728,0.4337051314177638,0.9804507595232793,4.469625033386642,2,0.8544272988523022,-69.94,2,"[537.0, 558.4000244140625]"
random_walk,1788871672.0359404,2.926242809,0.4862508253279887,0.903,0.0,0.017580646001518728,0.43529937356983484,0.9832570708692309,4.779144529592784,2,0.7286408742456796,-2.69,2,"[537.0, 558.4000244140625]"
random_walk,1788871672.0857947,2.976096821,0.5144427786508858,0.903,0.0,0.017580646001518728,0.4365747672914917,0.9855021199459921,5.088003122115442,2,0.6258641614573416,-5.38,2,"[603.2000122070312, 480.20001220703125]"
random_walk,1788871672.1359475,3.026249534,0.5821086985450623,0.903,0.0,0.017580646001518728,0.43759508226881716,0.9872981592074012,5.398868631975102,2,0.5553010452146021,-99.53,2,"[603.2000122070312, 480.20001220703125]"
random_walk,1788871672.1859314,3.0762337420000003,0.6826312752798092,0.903,0.0,0.017580646001518728,0.4384113342506776,0.9887349906165284,5.709473029991521,2,0.5276893910326605,-59.18,2,"[621.7999877929688, 419.79998779296875]"
random_walk,1788871672.2357874,3.1260896820000004,0.7981453142380861,0.903,0.0,0.017580646001518728,0.4309623213873457,0.9108844123661375,5.995120262670156,2,0.526155410244775,-59.18,2,"[621.7999877929688, 419.79998779296875]"
random_walk,1788871672.2857685,3.176070755,0.9113891977057348,0.903,0.0,0.017580646001518728,0.4250031110966802,0.8486039497658246,6.26155684210033,2,0.5614369683661447,8.07,2,"[616.5999755859375, 421.20001220703125]"
random_walk,1788871672.3359826,3.2262847750000003,1.0164163203242225,0.903,0.0,0.017580646001518728,0.4202357428641478,0.7987795796855746,0.2300766690851681,3,0.619728238305799,24.21,2,"[616.5999755859375, 421.20001220703125]"
random_walk,1788871672.3857942,3.2760963640000003,1.1083871825374727,0.903,0.0,0.017580646001518728,0.4164218482781219,0.7589200836213743,0.4678862017434078,3,0.705631162427395,80.7,2,"[590.7999877929688, 500.6000061035156]"
random_walk,1788871672.4359038,3.3262062180000003,1.1858142532432823,0.903,0.0,0.017580646001518728,0.41337073260930113,0.7270324867700142,0.6966295289219282,3,0.8084078752157329,8.07,2,"[590.7999877929688, 500.6000061035156]"
random_walk,1788871672.48583,3.376132337,1.246704892473634,0.903,0.0,0.017580646001518728,0.4109298400742445,0.7015224092889261,0.9167444455813971,3,0.9249904150950417,2.69,2,"[537.2000122070312, 587.0]"
random_walk,1788871672.5359368,3.4262391040000004,1.2906545247254817,0.903,0.0,0.017580646001518728,0.4089771260461992,0.6811143473040555,1.1310900111815165,3,1.0185632431560658,2.69,2,"[537.2000122070312, 587.0]"
random_walk,1788871672.585909,3.4762111210000004,1.3171809793936078,0.903,0.0,0.017580646001518728,0.407414954823763,0.6647878977161592,1.3398731294734176,3,1.1044661672776617,72.63,2,"[491.6000061035156, 630.2000122070312]"
random_walk,1788871672.6358862,3.5261884340000003,1.3266065302206966,0.903,0.0,0.017580646001518728,0.40616521784581405,0.651726738045842,1.5446021943139812,3,1.191903072187143,72.63,2,"[491.6000061035156, 630.2000122070312]"
random_walk,1788871672.6857748,3.576076951,1.3195683148171353,0.903,0.0,0.017580646001518728,0.4051654282634549,0.6412778103095884,1.7456471488860075,3,1.2455923997631406,110.28999999999999,2,"[436.20001220703125, 671.2000122070312]"
random_walk,1788871672.7358189,3.626121028,1.2970163682022386,0.903,0.0,0.017580646001518728,0.40436559659756754,0.6329186681205854,1.944643772808206,3,1.2793399770966247,156.02,2,"[436.20001220703125, 671.2000122070312]"
random_walk,1788871672.785926,3.6762283480000004,1.2602846052546086,0.903,0.0,0.017580646001518728,0.40372573126485767,0.6262313543693832,2.141682176866201,3,1.2992817273391382,121.05,2,"[407.20001220703125, 692.4000244140625]"
random_walk,1788871672.835866,3.7261683210000003,1.211232527153531,0.903,0.0,0.017580646001518728,0.4032138389986898,0.6208815033684212,2.336581953639026,3,1.3054176504906807,80.7,2,"[407.20001220703125, 692.4000244140625]"
random_walk,1788871672.8858087,3.7761110400000004,1.1518163487697666,0.903,0.0,0.017580646001518728,0.4028043251857555,0.6166016225676516,2.5301313563670966,3,1.2977477465512524,-2.69,2,"[403.6000061035156, 687.7999877929688]"
random_walk,1788871672.9358613,3.826163713,1.0842225785631008,0.903,0.0,0.017580646001518728,0.402476714135408,0.613177717927036,2.7228770707455254,3,1.2747380347329678,-2.69,2,"[403.6000061035156, 687.7999877929688]"
random_walk,1788871672.9858062,3.876108385,1.0111259600706997,0.903,0.0,0.017580646001518728,0.40221462529512997,0.6104385942145436,2.9145296279548276,3,1.2409904573994837,-2.69,2,"[407.79998779296875, 677.0]"
random_walk,1788871673.0358381,3.926140273,0.9349610704218585,0.903,0.0,0.017580646001518728,0.4020049542229076,0.6082472952445497,3.10581326095609,3,1.179631225884058,-2.69,2,"[407.79998779296875, 677.0]"
random_walk,1788871673.085757,3.9760593240000004,0.8587643254994978,0.903,0.0,0.017580646001518728,0.4018372173651297,0.6064942560685544,3.296040188560834,3,1.1213399559444037,-18.83,2,"[451.79998779296875, 646.4000244140625]"
random_walk,1788871673.1359084,4.026210785,0.7847441100936186,0.903,0.0,0.017580646001518728,0.4017030278789073,0.6050918247277584,3.486544792127205,3,1.0584467436410925,-24.21,2,"[451.79998779296875, 646.4000244140625]"
random_walk,1788871673.18591,4.076212027,0.7259856859364386,0.903,0.0,0.017580646001518728,0.38497060545579037,0.5888764570989782,3.67153088729647,3,0.9878836273983529,-51.11,2,"[500.20001220703125, 604.2000122070312]"
random_walk,1788871673.2359176,4.126219841,0.6781360142232166,0.903,0.0,0.017580646001518728,0.3715846675172968,0.575904162995954,3.852420486530743,3,0.9188544919434991,-121.05,2,"[500.20001220703125, 604.2000122070312]"
random_walk,1788871673.2857907,4.176092763000001,0.6405535495782315,0.903,0.0,0.017580646001518728,0.3608759171665019,0.5655263277135347,4.029836241476165,3,0.8482913757007595,-2.69,2,"[545.2000122070312, 552.7999877929688]"
random_walk,1788871673.336038,4.226340255,0.6125656088345135,0.903,0.0,0.017580646001518728,0.352308916885866,0.5572240594875992,4.205533866074887,3,0.7715923363064775,-2.69,2,"[545.2000122070312, 552.7999877929688]"
random_walk,1788871673.3859198,4.276222107000001,0.5942353422809213,0.903,0.0,0.017580646001518728,0.3454553166613573,0.5505822449068509,4.3782153286292775,3,0.7194369895183657,-18.83,2,"[583.5999755859375, 518.2000122070312]"
random_walk,1788871673.4357731,4.326075246,0.5851270679028302,0.903,0.0,0.017580646001518728,0.33997243648175035,0.5452687932422522,4.549162831643571,3,0.6642136811544826,-18.83,2,"[583.5999755859375, 518.2000122070312]"
random_walk,1788871673.485769,4.376071411,0.5850019299010083,0.903,0.0,0.017580646001518728,0.3355861323380648,0.5410180319105733,4.719037203882124,3,0.6289321230331129,-18.83,2,"[595.5999755859375, 489.3999938964844]"
random_walk,1788871673.535818,4.426120433,0.5936176795117846,0.903,0.0,0.017580646001518728,0.33207708902311633,0.5376174228452302,4.88811660784496,3,0.602854449639057,-53.8,2,"[595.5999755859375, 489.3999938964844]"
random_walk,1788871673.5858016,4.476103796,0.6105713932485358,0.903,0.0,0.017580646001518728,0.3292698543711576,0.5348969355929556,5.05611626933187,3,0.5905826033359719,-67.25,2,"[598.0, 469.20001220703125]"
random_walk,1788871673.6359205,4.526222623000001,0.6353537654103583,0.903,0.0,0.017580646001518728,0.32702406664959055,0.5327205457911359,5.223525204177829,3,0.5890486225480862,-16.14,2,"[598.0, 469.20001220703125]"
random_walk,1788871673.6858058,4.576107924,0.6672654295394747,0.903,0.0,0.017580646001518728,0.32522743647233693,0.5309794339496803,5.390297114686188,3,0.5905826033359719,2.69,2,"[597.0, 460.79998779296875]"
random_walk,1788871673.7359688,4.62627111,0.7055821310241643,0.903,0.0,0.017580646001518728,0.32379013233053405,0.5295865444765158,5.557021949304239,3,0.6013204688511713,2.69,2,"[597.0, 460.79998779296875]"
random_walk,1788871673.7859423,4.676244635000001,0.7491498784754044,0.903,0.0,0.017580646001518728,0.32264028901709174,0.5284722328979841,5.7230071462539875,3,0.6166602767300278,2.69,2,"[588.7999877929688, 466.0]"
random_walk,1788871673.8358788,4.726180946,0.7968840119130605,0.903,0.0,0.017580646001518728,0.32172041436633786,0.5275807836351587,5.888535566086549,3,0.6473398924877406,2.69,2,"[588.7999877929688, 466.0]"
random_walk,1788871673.8857656,4.776067683,0.8476091990644993,0.903,0.0,0.017580646001518728,0.3209845146457348,0.5268676242248984,6.053843774358523,3,0.679553489033339,2.69,2,"[569.0, 489.6000061035156]"
random_walk,1788871673.9357708,4.826073052,0.900095446124892,0.903,0.0,0.017580646001518728,0.32039579486925235,0.5262970966966902,6.2192044963796995,3,0.7163690279425944,10.76,2,"[569.0, 489.6000061035156]"
random_walk,1788871673.9857817,4.876083773,0.9529188089528577,0.903,0.0,0.017580646001518728,0.31992481904806636,0.5258406746741238,0.10125343116355623,4,0.7562525284276211,34.97,2,"[559.5999755859375, 514.7999877929688]"
random_walk,1788871674.036092,4.926394319,1.0048546956057545,0.903,0.0,0.017580646001518728,0.31954803839111756,0.5254755370560705,0.2668859219452777,4,0.803805932852076,2.69,2,"[559.5999755859375, 514.7999877929688]"
random_walk,1788871674.0859544,4.976256541000001,1.0742320318438234,0.903,0.0,0.017580646001518728,0.3483668000314604,0.6053555277254709,0.456781737986347,4,0.859029241215959,2.69,2,"[528.2000122070312, 553.4000244140625]"
random_walk,1788871674.136014,5.0263161290000005,1.1504754141842117,0.903,0.0,0.017580646001518728,0.3714218093437347,0.6692595202609911,0.667416255142065,4,0.9050486648525283,2.69,2,"[528.2000122070312, 553.4000244140625]"
random_walk,1788871674.1858084,5.0761108010000004,1.2242638378739144,0.903,0.0,0.017580646001518728,0.38986581679355414,0.7203827142894074,0.8929782640695088,4,0.9541360500648688,29.59,2,"[509.0, 584.0]"
random_walk,1788871674.2358317,5.1261337970000005,1.2869270546890945,0.903,0.0,0.017580646001518728,0.4046210227534097,0.7612812695121404,1.1323356848497212,4,1.0277671278833795,29.59,2,"[509.0, 584.0]"
random_walk,1788871674.2857993,5.17610141,1.3295665409453092,0.903,0.0,0.017580646001518728,0.41642518752129415,0.7940001136903267,1.381491802313782,4,1.0937283017624622,61.87,2,"[484.79998779296875, 620.2000122070312]"
random_walk,1788871674.335801,5.226103076,1.3454534199999926,0.903,0.0,0.017580646001518728,0.4258685193356017,0.8201751890328759,1.6391931650829399,4,1.1596894756415448,102.22,2,"[484.79998779296875, 620.2000122070312]"
random_walk,1788871674.3857963,5.27609843,1.3302450799514691,0.903,0.0,0.017580646001518728,0.4334231847870478,0.8411152493069152,1.9034366162828817,4,1.222582687944856,123.74,2,"[448.6000061035156, 655.5999755859375]"
random_walk,1788871674.4360847,5.326387182,1.2825780044036106,0.903,0.0,0.017580646001518728,0.4394669171482046,0.8578672975261465,2.173653004810049,4,1.2716700731571966,142.57,2,"[448.6000061035156, 655.5999755859375]"
random_walk,1788871674.4858272,5.376129313000001,1.205047087695372,0.903,0.0,0.017580646001518728,0.4443019030371301,0.8712689361015317,2.4467626874119723,4,1.3054176504906807,153.32999999999998,2,"[409.6000061035156, 698.4000244140625]"
random_walk,1788871674.5360076,5.426309818,1.1021993156012004,0.903,0.0,0.017580646001518728,0.44816989174827043,0.8819902469618398,2.7243456965104613,4,1.3130875544301088,53.8,2,"[409.6000061035156, 698.4000244140625]"
random_walk,1788871674.5858066,5.476109022,0.9827037725602055,0.903,0.0,0.017580646001518728,0.4512642827171827,0.8905672956500863,3.0034894554100617,4,1.2992817273391382,-2.69,2,"[406.0, 691.7999877929688]"
random_walk,1788871674.6360517,5.52635379,0.8553247975904639,0.903,0.0,0.017580646001518728,0.4537397954923126,0.8974289346006835,3.285910879112688,4,1.2363885150358267,-2.69,2,"[406.0, 691.7999877929688]"
random_walk,1788871674.6857672,5.576069406,0.7317124263288195,0.903,0.0,0.017580646001518728,0.45572020571241645,0.9029182457611613,3.5689189226206217,4,1.158155494853659,-29.59,2,"[433.3999938964844, 659.7999877929688]"
random_walk,1788871674.7359831,5.626285365,0.6311866302693807,0.903,0.0,0.017580646001518728,0.44623612700710547,0.8826057375944321,3.8472340055115204,4,1.0615147052168636,-13.45,2,"[433.3999938964844, 659.7999877929688]"
random_walk,1788871674.78581,5.676112303,0.5570200570435014,0.903,0.0,0.017580646001518728,0.4386488640428567,0.8663557310610487,4.118586586519875,4,0.9510680884890975,-131.81,2,"[502.79998779296875, 591.5999755859375]"
random_walk,1788871674.835881,5.726183248000001,0.5107182027592336,0.903,0.0,0.017580646001518728,0.43257905367145766,0.8533557258343419,4.3868723770511515,4,0.8375535101855601,-5.38,2,"[502.79998779296875, 591.5999755859375]"
random_walk,1788871674.8857872,5.776089622000001,0.4936536148529205,0.903,0.0,0.017580646001518728,0.42772320537433844,0.8429557216529766,4.651364366710315,4,0.7163690279425944,-2.69,2,"[582.5999755859375, 512.2000122070312]"
random_walk,1788871674.9363024,5.8266047510000005,0.5054749311296225,0.903,0.0,0.017580646001518728,0.4238385267366431,0.8346357183078843,4.915737190627677,4,0.6273981422452273,-24.21,2,"[582.5999755859375, 512.2000122070312]"
random_walk,1788871674.985817,5.876119204,0.5634584967737968,0.903,0.0,0.03719384106993945,0.42073078382648676,0.8279797156318105,5.173787166689753,4,0.5629709491540303,-156.02,2,"[619.7999877929688, 444.0]"
random_walk,1788871675.0359983,5.926300541000001,0.6259171374751084,0.903,0.0,0.03719384106993945,0.4182445894983617,0.8226549134909514,5.432976109235085,4,0.5184855063053467,-156.02,2,"[619.7999877929688, 444.0]"
random_walk,1788871675.0857928,5.976095115000001,0.7072589857279232,0.903,0.0,0.03719384106993945,0.41625563403586163,0.8183950717782642,5.689287443370315,4,0.516951525517461,2.69,2,"[618.7999877929688, 404.3999938964844]"
random_walk,1788871675.1361947,6.0264968450000005,0.802942870441347,0.903,0.0,0.03719384106993945,0.4146644696658616,0.8149871984081144,5.945829779447546,4,0.543029198911517,2.69,2,"[618.7999877929688, 404.3999938964844]"
random_walk,1788871675.1863072,6.076609354,0.9069023487487886,0.903,0.0,0.03719384106993945,0.41339153816986157,0.8122608997119946,6.202565410559142,4,0.5844466801844292,8.07,2,"[597.5999755859375, 432.6000061035156]"
random_walk,1788871675.2361104,6.126412699,1.011274926828653,0.903,0.0,0.03719384106993945,0.4123731929730616,0.8100798607550986,0.1732359617580599,5,0.6442719309119693,18.83,2,"[597.5999755859375, 432.6000061035156]"
random_walk,1788871675.2858095,6.176111882000001,1.1102051187163702,0.903,0.0,0.03719384106993945,0.41155851681562156,0.8083350295895819,0.4258460131265096,5,0.7209709703062513,43.04,2,"[581.4000244140625, 510.3999938964844]"
random_walk,1788871675.3359628,6.226265091,1.1985509380357675,0.903,0.0,0.03719384106993945,0.41090677588966956,0.8069391646571685,0.6799429851292871,5,0.8114758367915041,24.21,2,"[581.4000244140625, 510.3999938964844]"
random_walk,1788871675.3858082,6.27611054,1.2697869850980152,0.903,0.0,0.03719384106993945,0.41038538314890793,0.8058224727112379,0.9325315332064221,5,0.9142525495798421,16.14,2,"[534.7999877929688, 580.5999755859375]"
random_walk,1788871675.43595,6.326252168000001,1.320159807018518,0.903,0.0,0.03719384106993945,0.4099682689562986,0.8049291191544933,1.1858483985513573,5,1.0400389741864646,16.14,2,"[534.7999877929688, 580.5999755859375]"
random_walk,1788871675.4857712,6.376073335,1.3462176684097584,0.903,0.0,0.03719384106993945,0.40963457760221117,0.8042144363090976,1.4379238759372797,5,1.1244079175201749,94.14999999999999,2,"[490.20001220703125, 634.5999755859375]"
random_walk,1788871675.53596,6.426262192,1.3466053607515993,0.903,0.0,0.03719384106993945,0.4093676245189412,0.8036426900327811,1.6910448790281833,5,1.201106956914457,96.84,2,"[490.20001220703125, 634.5999755859375]"
random_walk,1788871675.5858142,6.476116427,1.3128447272823214,0.903,0.0,0.03719384106993945,0.39947271265404793,0.7920878132014547,1.9393290696605447,5,1.260932207641997,142.57,2,"[429.79998779296875, 684.4000244140625]"
random_walk,1788871675.6360877,6.526389862,1.2598605619418304,0.903,0.0,0.03719384106993945,0.3915567831621333,0.7828439117363936,2.1864443464427907,5,1.3023496889149093,158.71,2,"[429.79998779296875, 684.4000244140625]"
random_walk,1788871675.6859708,6.576272954,1.191863496630105,0.903,0.0,0.03719384106993945,0.38522403956860163,0.7754487905643447,2.429648059255328,5,1.320757458369537,156.02,2,"[405.0, 708.0]"
random_walk,1788871675.7361534,6.626455655,1.1122683434270408,0.903,0.0,0.03719384106993945,0.3801578446937763,0.7695326936267056,2.6718692987650954,5,1.3192234775816514,-5.38,2,"[405.0, 708.0]"
random_walk,1788871675.7859762,6.676278504000001,1.0259881645498758,0.903,0.0,0.03719384106993945,0.376104888793916,0.7647998160765943,2.911453759339537,5,1.2916118233997098,-2.69,2,"[406.79998779296875, 690.0]"
random_walk,1788871675.835869,6.726171369,0.9369554637055009,0.903,0.0,0.03719384106993945,0.3728625240740278,0.7610135140365053,3.1502779407124777,5,1.2241166687327416,-2.69,2,"[406.79998779296875, 690.0]"
random_walk,1788871675.8857806,6.776082909,0.8498536404210304,0.903,0.0,0.03719384106993945,0.37026863229811724,0.7579844724044341,3.3880661582589084,5,1.158155494853659,-26.9,2,"[436.20001220703125, 672.0]"
random_walk,1788871675.9358375,6.8261397100000005,0.7688462886666806,0.903,0.0,0.03719384106993945,0.36819351887738877,0.7555612390987771,3.625649338046699,5,1.0845244170351482,-18.83,2,"[436.20001220703125, 672.0]"
random_walk,1788871675.9859335,6.876235585000001,0.6982040466686716,0.903,0.0,0.03719384106993945,0.366533428140806,0.7536226524542515,3.862693737068838,5,1.0016894544893238,-40.35,2,"[496.3999938964844, 614.4000244140625]"
random_walk,1788871676.036051,6.926353195000001,0.641486361285507,0.903,0.0,0.03719384106993945,0.36520535555153977,0.7520717831386311,4.099372907567506,5,0.9203884727313847,-104.91,2,"[496.3999938964844, 614.4000244140625]"
random_walk,1788871676.085965,6.976267149000001,0.6016826973308291,0.903,0.0,0.03719384106993945,0.3641428974801268,0.7508310876861347,4.334947838934653,5,0.8406214717613314,-2.69,2,"[551.0, 554.4000244140625]"
random_walk,1788871676.1364813,7.026783694000001,0.5804304025978073,0.903,0.0,0.03719384106993945,0.3632929310229964,0.7498385313241376,4.572882335347366,5,0.7547185476397354,-5.38,2,"[551.0, 554.4000244140625]"
random_walk,1788871676.1858451,7.076147429000001,0.5791469343256792,0.903,0.0,0.03719384106993945,0.36261295785729214,0.7490444862345399,4.8053610996610345,5,0.6764855274575677,-5.38,2,"[593.2000122070312, 505.6000061035156]"
random_walk,1788871676.2358499,7.126151972000001,0.5974516448238931,0.903,0.0,0.03719384106993945,0.3620689793247287,0.7484092501628617,5.040597729609374,5,0.6442719309119693,-83.39,2,"[593.2000122070312, 505.6000061035156]"
random_walk,1788871676.2857902,7.176092672,0.6343683643769387,0.903,0.0,0.03719384106993945,0.36163379649867794,0.7479010613055193,5.275352417809181,5,0.5982525072754,-2.69,2,"[600.5999755859375, 474.6000061035156]"
random_walk,1788871676.335848,7.226150416,0.6879704479956368,0.903,0.0,0.03719384106993945,0.3612856502378373,0.7474945102196452,5.510406688727784,5,0.581378718608658,-18.83,2,"[600.5999755859375, 474.6000061035156]"
random_walk,1788871676.3857987,7.276100947000001,0.7551208948853914,0.903,0.0,0.03719384106993945,0.36100713322916483,0.747169269350946,5.744908407494314,5,0.5859806609723149,5.38,2,"[595.7999877929688, 455.20001220703125]"
random_walk,1788871676.4359891,7.32629146,0.832546512562703,0.903,0.0,0.03719384106993945,0.36078431962222685,0.7469090766559866,5.98020057690357,5,0.6089903727905995,2.69,2,"[595.7999877929688, 455.20001220703125]"
random_walk,1788871676.4857748,7.3760769790000005,0.9153161803488455,0.903,0.0,0.03719384106993945,0.36060606873667644,0.7467009225000191,6.214141996234474,5,0.6473398924877406,2.69,2,"[578.2000122070312, 477.6000061035156]"
random_walk,1788871676.5359921,7.426294476000001,0.9986963460657073,0.903,0.0,0.03719384106993945,0.35599337623940935,0.7434060340910345,0.16508475759452068,6,0.6979612584879668,5.38,2,"[578.2000122070312, 477.6000061035156]"
random_walk,1788871676.5859272,7.4762295110000005,1.076657478766389,0.903,0.0,0.03719384106993945,0.35230322224159566,0.7407701233638467,0.3977523283733717,6,0.7593204900033924,40.35,2,"[560.7999877929688, 524.2000122070312]"
random_walk,1788871676.635945,7.5262473850000005,1.145994937067392,0.903,0.0,0.03719384106993945,0.3493510990433447,0.7386613947820966,0.6299388126120959,6,0.8605632220038447,40.35,2,"[560.7999877929688, 524.2000122070312]"
random_walk,1788871676.6857598,7.576062096,1.203333829227749,0.903,0.0,0.03719384106993945,0.34698940048474397,0.7369744119166964,0.8607806555615198,6,0.940330222973898,5.38,2,"[527.4000244140625, 577.5999755859375]"
random_walk,1788871676.7359493,7.626251464,1.2465680664000582,0.903,0.0,0.03719384106993945,0.34510004163786334,0.7356248256243763,1.0925074763680058,6,1.0139613007924089,29.59,2,"[527.4000244140625, 577.5999755859375]"
random_walk,1788871676.7859194,7.6762217040000005,1.2733047502892005,0.903,0.0,0.03719384106993945,0.34358855456035886,0.7345451565905201,1.3232038953914014,6,1.0829904362472627,83.39,2,"[497.20001220703125, 618.2000122070312]"
random_walk,1788871676.8360438,7.726346094,1.282526024413792,0.903,0.0,0.03719384106993945,0.3423793648983553,0.7336814213634353,1.5541946361459011,6,1.145883648550574,53.8,2,"[497.20001220703125, 618.2000122070312]"
random_walk,1788871676.8858955,7.776197817000001,1.2738859050706721,0.903,0.0,0.03719384106993945,0.3414120131687524,0.7329904331817674,1.7838576314435102,6,1.1980389953386859,107.6,2,"[451.3999938964844, 663.0]"
random_walk,1788871676.93602,7.826322094000001,1.2478495023074063,0.903,0.0,0.03719384106993945,0.34063813178507013,0.7324376426364331,2.014484763888838,6,1.2333205534600555,134.5,2,"[451.3999938964844, 663.0]"
random_walk,1788871676.985793,7.876095352,1.2061182800106651,0.903,0.0,0.03719384106993945,0.3400190266781243,0.7319954102001656,2.2435849307253335,6,1.2563302652783401,104.91,2,"[423.79998779296875, 687.2000122070312]"
random_walk,1788871677.0359821,7.926284438000001,1.1504152545852124,0.903,0.0,0.03719384106993945,0.3395237425925676,0.7316416242511516,2.473913004552621,6,1.2593982268541113,104.91,2,"[423.79998779296875, 687.2000122070312]"
random_walk,1788871677.085781,7.976083237,1.084184843362841,0.903,0.0,0.03719384106993945,0.3391275153241223,0.7313585954919405,2.703080891560525,6,1.2471263805510262,-2.69,2,"[420.79998779296875, 675.0]"
random_walk,1788871677.1359222,8.026224444,1.0102324438117536,0.903,0.0,0.03719384106993945,0.338810533509366,0.7311321724845715,2.9333722372575224,6,1.217980745581199,-2.69,2,"[420.79998779296875, 675.0]"
random_walk,1788871677.1857889,8.076090998,0.9331050263849082,0.903,0.0,0.03719384106993945,0.338556948057561,0.7309510340786763,3.1625325066921164,6,1.1780972450961724,-5.38,2,"[434.3999938964844, 659.7999877929688]"
random_walk,1788871677.2359567,8.126258885,0.8561500802036908,0.903,0.0,0.03719384106993945,0.33835407969611697,0.7308061233539602,3.3926104364833236,6,1.1259418983080607,-26.9,2,"[434.3999938964844, 659.7999877929688]"
random_walk,1788871677.2859216,8.17622393,0.783880364225704,0.903,0.0,0.03719384106993945,0.3381917850069618,0.7306901947741873,3.622071264707671,6,1.064582666792635,-13.45,2,"[472.3999938964844, 625.0]"
random_walk,1788871677.336013,8.226315332,0.7197234907751563,0.903,0.0,0.03719384106993945,0.3380619492556376,0.730597451910369,3.8520223996935883,6,0.9940195505498954,-43.04,2,"[472.3999938964844, 625.0]"
random_walk,1788871677.3858254,8.276127673000001,0.6674594388701494,0.903,0.0,0.03719384106993945,0.3379580806545783,0.7305232576193144,4.080658171845606,6,0.9265243958829272,-123.74,2,"[516.7999877929688, 572.0]"
random_walk,1788871677.4367247,8.327026745000001,0.6287524663560926,0.903,0.0,0.03719384106993945,0.3378749857737308,0.7304639021864706,4.314200996457963,6,0.8283496254582462,-123.74,2,"[516.7999877929688, 572.0]"
random_walk,1788871677.4880226,8.378324941,0.6068477656940006,0.903,0.0,0.03719384106993945,0.33780850986905286,0.7304164178401956,4.549667503225585,6,0.7562525284276211,-2.69,2,"[516.7999877929688, 572.0]"
random_walk,1788871677.5359461,8.426248410000001,0.6029893238066752,0.903,0.0,0.03719384106993945,0.3377553291453105,0.7303784303631756,4.769507189383674,6,0.7148350471547088,-24.21,2,"[572.2000122070312, 525.2000122070312]"
random_walk,1788871677.5858078,8.476109988000001,0.61621650225765,0.903,0.0,0.03719384106993945,0.3377127845663166,0.7303480403815596,4.998573207577174,6,0.662679700366597,-64.56,2,"[581.7999877929688, 494.20001220703125]"
random_walk,1788871677.635909,8.526211214,0.6230335503819101,0.903,0.0,0.03719384106993945,0.36517043041337094,0.7383704331714451,5.230963158753113,6,0.6273981422452273,-8.07,2,"[581.7999877929688, 494.20001220703125]"
random_walk,1788871677.6858258,8.576128213,0.6574917747631338,0.903,0.0,0.03719384106993945,0.3871365470910144,0.7447883474033534,5.46451411777813,6,0.607456392002714,-26.9,2,"[588.0, 474.0]"
random_walk,1788871677.7359157,8.626217988,0.7175150147004732,0.903,0.0,0.03719384106993945,0.40470944043312923,0.7499226787888801,5.700558814743168,6,0.607456392002714,-24.21,2,"[588.0, 474.0]"
random_walk,1788871677.7858016,8.676103832,0.7980906840511759,0.903,0.0,0.03719384106993945,0.41876775510682107,0.7540301438973014,5.936973920831832,6,0.6135923151542565,2.69,2,"[595.4000244140625, 472.79998779296875]"
random_walk,1788871677.835963,8.726265277000001,0.8938815431819374,0.903,0.0,0.03719384106993945,0.4300144068457746,0.7573161159840385,6.175276599085983,6,0.6427379501240836,2.69,2,"[595.4000244140625, 472.79998779296875]"
random_walk,1788871677.8857715,8.7760738,0.997246127504314,0.903,0.0,0.03719384106993945,0.43901172823693735,0.7599448936534282,0.13032478308604567,7,0.684155431396996,10.76,2,"[569.0, 490.20001220703125]"
random_walk,1788871677.9357758,8.826078026000001,1.1014557685758122,0.903,0.0,0.03719384106993945,0.4462095853498676,0.7620479157889399,0.3697732277383494,7,0.7409127205487647,72.63,2,"[569.0, 490.20001220703125]"
random_walk,1788871677.985796,8.876098293,1.1990372720459797,0.903,0.0,0.03719384106993945,0.4519678710402118,0.7637303334973493,0.6097995701504715,7,0.8160777791551611,59.18,2,"[545.5999755859375, 577.0]"
random_walk,1788871678.035828,8.926130231,1.2832863836016837,0.903,0.0,0.03719384106993945,0.45657449959248714,0.7650762676640769,0.850255793803008,7,0.9127185687919565,2.69,2,"[545.5999755859375, 577.0]"
random_walk,1788871678.0860472,8.976349457000001,1.3486065135322423,0.903,0.0,0.03719384106993945,0.4602598024343074,0.7661530149974589,1.091571185001321,7,1.009359358428752,2.69,2,"[522.2000122070312, 607.2000122070312]"
random_walk,1788871678.1361096,9.02641197,1.390306295846801,0.903,0.0,0.03719384106993945,0.4632080447077636,0.7670144128641645,1.3324447607192766,7,1.102932186489776,88.77,2,"[522.2000122070312, 607.2000122070312]"
random_walk,1788871678.1860328,9.076334887,1.4057586269829945,0.903,0.0,0.03719384106993945,0.4655666385265286,0.767703531157529,1.5736174147384148,7,1.214912784005428,88.77,2,"[458.0, 651.7999877929688]"
random_walk,1788871678.2360277,9.126330058,1.3937910929006558,0.903,0.0,0.03719384106993945,0.4674535135815406,0.7682548257922206,1.8148849181523374,7,1.265534150005654,123.74,2,"[458.0, 651.7999877929688]"
random_walk,1788871678.285952,9.176254323,1.3549784637030557,0.903,0.0,0.03719384106993945,0.46896301362555015,0.7686958614999738,2.0562316116585606,7,1.337631247036279,177.54,2,"[409.6000061035156, 707.7999877929688]"
random_walk,1788871678.3358693,9.226171614,1.291557520698276,0.903,0.0,0.03719384106993945,0.4701706136607578,0.7690486900661765,2.297586618247749,7,1.368310862793992,169.47,2,"[409.6000061035156, 707.7999877929688]"
random_walk,1788871678.3859663,9.276268398000001,1.2070133377974002,0.903,0.0,0.03719384106993945,0.4711366936889239,0.7693309529191386,2.5395448834217973,7,1.37598076673342,59.18,2,"[402.79998779296875, 716.4000244140625]"
random_walk,1788871678.4359214,9.326223673000001,1.1065712487116828,0.903,0.0,0.03719384106993945,0.4719095577114568,0.7695567632015082,2.781285090527632,7,1.363708920430335,-5.38,2,"[402.79998779296875, 716.4000244140625]"
random_walk,1788871678.4858632,9.376165464000001,0.9961901749150356,0.903,0.0,0.03719384106993945,0.47252784892948313,0.7697374114274039,3.0228097501922946,7,1.325359400733194,-2.69,2,"[394.6000061035156, 702.2000122070312]"
random_walk,1788871678.5359595,9.426261634000001,0.8819255532818661,0.903,0.0,0.03719384106993945,0.4730224819039042,0.7698819300081206,3.265089244611154,7,1.2640001692177683,-2.69,2,"[394.6000061035156, 702.2000122070312]"
random_walk,1788871678.5858185,9.47612069,0.7712291523601158,0.903,0.0,0.03719384106993945,0.47341818828344107,0.7699975448726938,3.5065438117396965,7,1.1873011298234863,-26.9,2,"[434.0, 668.2000122070312]"
random_walk,1788871678.635918,9.526220096000001,0.6831745355442145,0.903,0.0,0.03719384106993945,0.44731868166790206,0.7856479757138655,3.7536806406390752,7,1.0615147052168636,-26.9,2,"[434.0, 668.2000122070312]"
random_walk,1788871678.68579,9.576092338,0.6163547887926342,0.903,0.0,0.03719384106993945,0.42643907637547085,0.7981683203868029,4.003987468871763,7,0.9587379924285258,-99.53,2,"[501.3999938964844, 616.4000244140625]"
random_walk,1788871678.735815,9.626117226,0.5720330678955785,0.903,0.0,0.03719384106993945,0.4097353921415259,0.8081845961251527,4.258008257895561,7,0.8574952604280734,-32.28,2,"[501.3999938964844, 616.4000244140625]"
random_walk,1788871678.7858167,9.676118848,0.5515624083140469,0.903,0.0,0.03719384106993945,0.3963724447543699,0.8161976167158326,4.514431696589455,7,0.7485826244881929,-2.69,2,"[575.0, 525.4000244140625]"
random_walk,1788871678.8359237,9.72622583,0.5552284936407843,0.903,0.0,0.03719384106993945,0.3856820868446451,0.8226080331883765,4.773363471897234,7,0.6688156235181395,-18.83,2,"[575.0, 525.4000244140625]"
random_walk,1788871678.8858075,9.776109749,0.5822646647334291,0.903,0.0,0.03719384106993945,0.3771298005168653,0.8277363663664117,5.032858902537292,7,0.6135923151542565,-72.63,2,"[596.0, 488.3999938964844]"
random_walk,1788871678.9358494,9.82615166,0.6308554377392921,0.903,0.0,0.03719384106993945,0.37028797145464143,0.8318390329088398,5.2943260036448905,7,0.5798447378207724,-56.49,2,"[596.0, 488.3999938964844]"
random_walk,1788871678.9858494,9.876151686,0.6978652044819862,0.903,0.0,0.03719384106993945,0.36481450820486233,0.8351211661427823,5.556693069001355,7,0.5599029875782591,-18.83,2,"[608.7999877929688, 451.79998779296875]"
random_walk,1788871679.035914,9.926215994000001,0.7791912446794158,0.903,0.0,0.03719384106993945,0.36043573760503905,0.8377468727299363,5.820124384612505,7,0.5721748338813442,-18.83,2,"[608.7999877929688, 451.79998779296875]"
random_walk,1788871679.0857944,9.976096702000001,0.8694096083890035,0.903,0.0,0.03719384106993945,0.35693272112518043,0.8398474379996596,6.083549346564666,7,0.6013204688511713,8.07,2,"[593.0, 451.20001220703125]"
random_walk,1788871679.135926,10.026228447000001,0.9632803230349262,0.903,0.0,0.03719384106993945,0.3541303079412935,0.8415278902154381,0.06523831973925809,8,0.6488738732756262,13.45,2,"[593.0, 451.20001220703125]"
random_walk,1788871679.1859598,10.076262126000001,1.0542576585023344,0.903,0.0,0.03719384106993945,0.351888377394184,0.8428722519880609,0.33011067142854955,8,0.7133010663668231,48.42,2,"[582.5999755859375, 498.0]"
random_walk,1788871679.2359097,10.126211908,1.1364498553008644,0.903,0.0,0.03719384106993945,0.3500948329564964,0.8439477414061592,0.5950855245337721,8,0.7915340865489908,24.21,2,"[582.5999755859375, 498.0]"
random_walk,1788871679.2857943,10.176096381,1.2044350496087513,0.903,0.0,0.03719384106993945,0.34865999740634634,0.8448081329406378,0.8600519735457439,8,0.880504972246358,2.69,2,"[546.4000244140625, 566.4000244140625]"
random_walk,1788871679.3359678,10.226270206,1.2539423419702467,0.903,0.0,0.03719384106993945,0.3475121289662263,0.8454964461682207,1.1263337464033967,8,0.9679418771558396,2.69,2,"[546.4000244140625, 566.4000244140625]"
random_walk,1788871679.385978,10.276280242,1.2812723619140405,0.903,0.0,0.03719384106993945,0.34659383421413026,0.846047096750287,1.392161031240562,8,1.0507768397016641,64.56,2,"[509.3999938964844, 618.0]"
random_walk,1788871679.4358728,10.326175024000001,1.2847481108948375,0.903,0.0,0.03719384106993945,0.3458591984124534,0.84648761721594,1.657691439219846,8,1.1474176293384597,64.56,2,"[509.3999938964844, 618.0]"
random_walk,1788871679.4857914,10.376093563000001,1.2659310555555763,0.903,0.0,0.03719384106993945,0.3467029307640718,0.8369527626177443,1.9203423079344049,8,1.2041749184902284,91.46,2,"[453.20001220703125, 669.7999877929688]"
random_walk,1788871679.5358188,10.426121109,1.2248923818050712,0.903,0.0,0.03719384106993945,0.3473779166453666,0.8293248789391877,2.1809424415052874,8,1.2409904573994837,107.6,2,"[453.20001220703125, 669.7999877929688]"
random_walk,1788871679.5857928,10.476095238000001,1.1648814225151678,0.903,0.0,0.03719384106993945,0.3479179053504024,0.8232225719963424,2.4395137619030365,8,1.2532623037025687,96.84,2,"[427.20001220703125, 677.7999877929688]"
random_walk,1788871679.635873,10.526175509000002,1.0900542705892775,0.903,0.0,0.03719384106993945,0.3483498963144311,0.8183407264420662,2.6968773719324446,8,1.2532623037025687,-2.69,2,"[427.20001220703125, 677.7999877929688]"
random_walk,1788871679.685767,10.576069387,1.0057889054721028,0.903,0.0,0.03719384106993945,0.348695489085654,0.8144352499986452,2.952349505335526,8,1.2348545342479411,-2.69,2,"[421.79998779296875, 673.4000244140625]"
random_walk,1788871679.7358057,10.626108062,0.9172495319138281,0.903,0.0,0.03719384106993945,0.34897196330263236,0.8113108688439085,3.2073884038602856,8,1.1995729761265714,-5.38,2,"[421.79998779296875, 673.4000244140625]"
random_walk,1788871679.785859,10.676161417000001,0.8303243895405698,0.903,0.0,0.03719384106993945,0.34919314267621504,0.8088113639201191,3.461667973293814,8,1.145883648550574,-16.14,2,"[447.0, 662.4000244140625]"
random_walk,1788871679.8358016,10.726104091,0.7506870633695627,0.903,0.0,0.03719384106993945,0.3493700861750812,0.8068117599810876,3.7149126362276945,8,1.055378782065321,-16.14,2,"[447.0, 662.4000244140625]"
random_walk,1788871679.885794,10.776096086,0.6831554777901798,0.903,0.0,0.03719384106993945,0.3495116409741741,0.8052120768298623,3.9678811134363556,8,0.9740778003073821,-86.08,2,"[500.6000061035156, 601.4000244140625]"
random_walk,1788871679.935793,10.826095307000001,0.6320312847354725,0.903,0.0,0.03719384106993945,0.3496248848134484,0.8039323303088821,4.220429755157014,8,0.8958447801252144,-86.08,2,"[500.6000061035156, 601.4000244140625]"
random_walk,1788871679.98583,10.876132238,0.6004654833437998,0.903,0.0,0.03719384106993945,0.34971547988486784,0.802908533092098,4.472827632538049,8,0.8084078752157329,-2.69,2,"[553.7999877929688, 539.7999877929688]"
random_walk,1788871680.0359533,10.926255425,0.590434674050843,0.903,0.0,0.03719384106993945,0.3497879559420034,0.8020894953186707,4.725219027733658,8,0.7317088358214509,-8.07,2,"[553.7999877929688, 539.7999877929688]"
random_walk,1788871680.0859685,10.976270620000001,0.6025239410993496,0.903,0.0,0.03719384106993945,0.34984593678771186,0.8014342650999289,4.976993507834528,8,0.6764855274575677,-56.49,2,"[571.0, 512.5999755859375]"
random_walk,1788871680.1358824,11.026184644,0.6358651551547605,0.903,0.0,0.03719384106993945,0.3498923214642786,0.8009100809249354,5.228432819734834,8,0.6320000846088841,-48.42,2,"[571.0, 512.5999755859375]"
random_walk,1788871680.1857898,11.076092079,0.6882544214164334,0.903,0.0,0.03719384106993945,0.34992942920553205,0.8004907335849406,5.4794232167602175,8,0.607456392002714,0.0,2,"[602.0, 474.6000061035156]"
random_walk,1788871680.235847,11.126149346,0.7469142283586009,0.903,0.0,0.03719384106993945,0.3718498774006062,0.8179614822466452,5.736593523489667,8,0.6089903727905995,0.0,2,"[602.0, 474.6000061035156]"
random_walk,1788871680.2857587,11.176061156000001,0.8305528356254944,0.903,0.0,0.03719384106993945,0.3893862359566655,0.8319380811760089,5.997751314175289,8,0.6258641614573416,10.76,2,"[593.7999877929688, 465.20001220703125]"
random_walk,1788871680.3357875,11.226089959000001,0.931939086249325,0.903,0.0,0.03719384106993945,0.40341532280151293,0.8431193603195,6.262721704267896,8,0.6565437772150544,10.76,2,"[593.7999877929688, 465.20001220703125]"
random_walk,1788871680.385791,11.276093228,1.0416681321884567,0.903,0.0,0.03719384106993945,0.4146385922773909,0.8520643836342927,0.24724068863578452,9,0.7025632008516236,45.73,2,"[578.7999877929688, 498.79998779296875]"
random_walk,1788871680.4358966,11.326198966000002,1.1498229905454918,0.903,0.0,0.03719384106993945,0.4236172078580933,0.859220402286127,0.5176681128996279,9,0.7639224323670493,69.94,2,"[578.7999877929688, 498.79998779296875]"
random_walk,1788871680.4857965,11.376098780000001,1.245885719732763,0.903,0.0,0.03719384106993945,0.4308001003226552,0.8649452172075944,0.7889175951405036,9,0.8467573949128739,18.83,2,"[551.0, 549.5999755859375]"
random_walk,1788871680.5359154,11.426217604000001,1.3215545698085265,0.903,0.0,0.03719384106993945,0.43654641429430474,0.8695250691447682,1.062522231054352,9,0.944932165337555,8.07,2,"[551.0, 549.5999755859375]"
random_walk,1788871680.5857844,11.476086648,1.3692598590209712,0.903,0.0,0.03719384106993945,0.44114346547162436,0.8731889506945074,1.336260879053384,9,1.043106935762236,59.18,2,"[495.79998779296875, 609.7999877929688]"
random_walk,1788871680.6359792,11.526281280000001,1.38463346058756,0.903,0.0,0.03719384106993945,0.44482110641348005,0.8761200559342988,1.6122147117445635,9,1.167359379580973,59.18,2,"[495.79998779296875, 609.7999877929688]"
random_walk,1788871680.6857638,11.576066148,1.3656911086700343,0.903,0.0,0.03719384106993945,0.4477632191669646,0.8784649401261317,1.887481505242235,9,1.248660361338912,131.81,2,"[453.6000061035156, 688.5999755859375]"
random_walk,1788871680.7357807,11.626082917000002,1.3133965363668278,0.903,0.0,0.03719384106993945,0.45011690936975224,0.8803408474795982,2.1640538445830657,9,1.3100195928543377,174.85,2,"[453.6000061035156, 688.5999755859375]"
random_walk,1788871680.7857707,11.676072866,1.1609511633409901,0.903,0.0,-0.0334301994339531,0.45199986153198235,0.8818415733623712,2.441028294618093,9,1.342233189399936,166.78,2,"[423.79998779296875, 721.0]"
random_walk,1788871680.8359036,11.726205812,1.0555427999928761,0.903,0.0,-0.0334301994339531,0.45350622326176643,0.8830421540685898,2.71905289157786,9,1.3437671701878218,0.0,2,"[423.79998779296875, 721.0]"
random_walk,1788871680.8858123,11.776114532000001,0.935362027186351,0.903,0.0,-0.0334301994339531,0.4547113126455937,0.8840026186335646,2.9963928810757636,9,1.3176894967937658,-2.69,2,"[391.0, 700.4000244140625]"
random_walk,1788871680.9358673,11.826169440000001,0.8091593731087711,0.903,0.0,-0.0334301994339531,0.4556753841526555,0.8847709902855445,3.274557486111121,9,1.2517283229146832,-18.83,2,"[391.0, 700.4000244140625]"
random_walk,1788871680.9857898,11.876092107000002,0.6872833868278283,0.903,0.0,-0.0334301994339531,0.456446641358305,0.8853856876071284,3.5524110292435083,9,1.1596894756415448,-21.52,2,"[426.0, 667.7999877929688]"
random_walk,1788871681.0359046,11.926206930000001,0.5788238177804097,0.903,0.0,-0.0334301994339531,0.45706364712282455,0.8858774454643956,3.8310480423130713,9,1.012427320004523,-21.52,2,"[426.0, 667.7999877929688]"
random_walk,1788871681.0857646,11.976067070000001,0.49280489750499146,0.903,0.0,-0.0334301994339531,0.4575572517344402,0.8862708517502094,4.109016710540374,9,0.8989127417009857,-153.32999999999998,2,"[522.5999755859375, 583.5999755859375]"
random_walk,1788871681.1358595,12.026161818,0.4355110275307608,0.903,0.0,-0.0334301994339531,0.4579521354237327,0.8865855767788602,4.3879371953554624,9,0.7761942786701345,-2.69,2,"[522.5999755859375, 583.5999755859375]"
random_walk,1788871681.185784,12.076086328,0.41178901260624673,0.903,0.0,-0.0334301994339531,0.4582680423751667,0.8868373568017809,4.666270860800999,9,0.6580777580029401,-2.69,2,"[602.2000122070312, 494.0]"
random_walk,1788871681.2358546,12.126156895000001,0.4234146896045622,0.903,0.0,-0.0334301994339531,0.4585207679363139,0.8870387808201174,4.945157892763426,9,0.5675728915176872,-118.36,2,"[602.2000122070312, 494.0]"
random_walk,1788871681.285826,12.176128214,0.46952668877384346,0.903,0.0,-0.0334301994339531,0.4587229483852317,0.8871999200347866,5.223748516963042,9,0.49854375606283335,-169.47,2,"[625.7999877929688, 406.3999938964844]"
random_walk,1788871681.3358686,12.226170713,0.5466758042224713,0.903,0.0,-0.0334301994339531,0.45888469274436594,0.8873288314065222,5.502664566292189,9,0.45099035163837853,-78.01,2,"[625.7999877929688, 406.3999938964844]"
random_walk,1788871681.3858104,12.276112578000001,0.6487279153324651,0.903,0.0,-0.0334301994339531,0.45901408823167333,0.8874319605039105,5.781250905630259,9,0.4325825821837508,-112.98,2,"[649.5999755859375, 344.0]"
random_walk,1788871681.435878,12.326180179000001,0.7675908624391903,0.903,0.0,-0.0334301994339531,0.43831510221646564,0.8495315058536721,6.048372178205945,9,0.45252433242626416,-112.98,2,"[649.5999755859375, 344.0]"
random_walk,1788871681.4857783,12.3760805,0.8789571102176023,0.903,0.0,-0.0334301994339531,0.42175591340429947,0.8192111421334815,0.02225952170887524,10,0.5016117176386047,2.69,2,"[635.2000122070312, 349.0]"
random_walk,1788871681.535822,12.426124114,0.9793353982192435,0.903,0.0,-0.0334301994339531,0.4085085623545665,0.7949548511573289,0.27204148297416,10,0.5798447378207724,18.83,2,"[635.2000122070312, 349.0]"
random_walk,1788871681.5860145,12.476316851,1.0660439383478992,0.903,0.0,-0.0334301994339531,0.39791068151478015,0.7755498183764069,0.5164133929849228,10,0.6734175658817965,32.28,2,"[600.0, 505.0]"
random_walk,1788871681.6362686,12.526570963000001,1.1366010770784227,0.903,0.0,-0.0334301994339531,0.38943237684295107,0.7600257921516693,0.7555561204800583,10,0.7761942786701345,69.94,2,"[600.0, 505.0]"
random_walk,1788871681.6859322,12.576234450000001,1.1894318301012448,0.903,0.0,-0.0334301994339531,0.38264973310548783,0.7476065711718792,0.9897948079342882,10,0.885106914610015,2.69,2,"[544.0, 585.2000122070312]"
random_walk,1788871681.7360868,12.626389081000001,1.2240727170957748,0.903,0.0,-0.0334301994339531,0.37722361811551725,0.7376711943880471,1.221952731731207,10,0.983281685034696,2.69,2,"[544.0, 585.2000122070312]"
random_walk,1788871681.785857,12.676159254000002,1.2397557146218434,0.903,0.0,-0.0334301994339531,0.37288272612354073,0.7297228929609814,1.4504545826964943,10,1.086058397823034,2.69,2,"[512.0, 632.5999755859375]"
random_walk,1788871681.8358524,12.726154618,1.2368693464127491,0.903,0.0,-0.0334301994339531,0.36941001252995953,0.7233642518193288,1.677740443263616,10,1.1244079175201749,107.6,2,"[512.0, 632.5999755859375]"
random_walk,1788871681.8857949,12.776097194,1.2161203385986672,0.903,0.0,-0.0334301994339531,0.36663184165509455,0.7182773389060068,1.9033014560948374,10,1.1873011298234863,56.49,2,"[445.3999938964844, 673.0]"
random_walk,1788871681.935984,12.826286165,1.1788205444839752,0.903,0.0,-0.0334301994339531,0.3644093049552026,0.7142078085753492,2.1281918549015586,10,1.214912784005428,107.6,2,"[445.3999938964844, 673.0]"
random_walk,1788871681.985933,12.876235384000001,1.127195035379597,0.903,0.0,-0.0334301994339531,0.362631275595289,0.7109521843108231,2.3514793344237432,10,1.2195147263690846,88.77,2,"[438.79998779296875, 677.2000122070312]"
random_walk,1788871682.0359545,12.92625688,1.0637271552753584,0.903,0.0,-0.0334301994339531,0.36120885210735815,0.7083476848992022,2.5740980859265505,10,1.217980745581199,-2.69,2,"[438.79998779296875, 677.2000122070312]"
random_walk,1788871682.0858233,12.976125484,0.9917009239268976,0.903,0.0,-0.0334301994339531,0.36007091331701346,0.7062640853699055,2.7955408600899005,10,1.1965050145508,-2.69,2,"[451.3999938964844, 652.7999877929688]"
random_walk,1788871682.1359797,13.026282006,0.914041868834422,0.903,0.0,-0.0334301994339531,0.3591605622847377,0.7045972057464681,3.0174517962353775,10,1.1612234564294304,-5.38,2,"[451.3999938964844, 652.7999877929688]"
random_walk,1788871682.1857636,13.076065828,0.8351730317494633,0.903,0.0,-0.0334301994339531,0.3584322814589171,0.7032637020477183,3.237705043415346,10,1.0952622825503477,-5.38,2,"[470.6000061035156, 632.4000244140625]"
random_walk,1788871682.2357707,13.126072996000001,0.7581160420029723,0.903,0.0,-0.0334301994339531,0.35784965679826064,0.7021968990887183,3.4583155603211253,10,1.055378782065321,-32.28,2,"[470.6000061035156, 632.4000244140625]"
random_walk,1788871682.285736,13.176038229000001,0.686765899742727,0.903,0.0,-0.0334301994339531,0.35738355706973546,0.7013434567215183,3.67852938060733,10,0.966407896367954,-75.32,2,"[507.3999938964844, 602.0]"
random_walk,1788871682.3359625,13.226264789,0.6241960080270745,0.903,0.0,-0.0334301994339531,0.3570106772869153,0.7006607028277584,3.899359408005722,10,0.8989127417009857,-121.05,2,"[507.3999938964844, 602.0]"
random_walk,1788871682.3859584,13.276260827000002,0.5737888693168542,0.903,0.0,-0.0334301994339531,0.3567123734606592,0.7001144997127504,4.1192426446441885,10,0.8176117599430467,-2.69,2,"[569.2000122070312, 551.5999755859375]"
random_walk,1788871682.435933,13.326235317,0.5388027849931116,0.903,0.0,-0.0334301994339531,0.3557590323619558,0.6879553847690453,4.335326341996307,10,0.7393787397608791,-13.45,2,"[569.2000122070312, 551.5999755859375]"
random_walk,1788871682.485945,13.376247117,0.5193329320410947,0.903,0.0,-0.0334301994339531,0.354996359482993,0.6782280928140811,4.548454722358173,10,0.6764855274575677,-69.94,2,"[583.0, 515.0]"
random_walk,1788871682.5359883,13.426290503,0.51557302058057,0.903,0.0,-0.0334301994339531,0.3543862211798228,0.6704462592501098,4.759274346031731,10,0.6212622190936846,-94.14999999999999,2,"[583.0, 515.0]"
random_walk,1788871682.5857763,13.476078402,0.5271064271205139,0.903,0.0,-0.0334301994339531,0.3538981105372867,0.6642207923989327,4.967286332753275,10,0.5614369683661447,-94.14999999999999,2,"[604.4000244140625, 459.0]"
random_walk,1788871682.6358187,13.526120794,0.5531277227695998,0.903,0.0,-0.0334301994339531,0.3535076220232578,0.6592404189179911,5.17441943163891,10,0.5353592949720888,-78.01,2,"[604.4000244140625, 459.0]"
random_walk,1788871682.6858914,13.576193781,0.592320097405608,0.903,0.0,-0.0334301994339531,0.35319523121203467,0.6552561201332378,5.380528270698861,10,0.5246214294568893,-99.53,2,"[620.5999755859375, 417.0]"
random_walk,1788871682.7359562,13.626258205000001,0.6428348935454712,0.903,0.0,-0.0334301994339531,0.35294531856305617,0.6520686811054351,5.58554900869315,10,0.5246214294568893,0.0,2,"[620.5999755859375, 417.0]"
random_walk,1788871682.7859492,13.67625158,0.7024482682620479,0.903,0.0,-0.0334301994339531,0.3527453884438734,0.649518729883193,5.789614154277331,10,0.5384272565478601,2.69,2,"[607.5999755859375, 418.20001220703125]"
random_walk,1788871682.8359609,13.726263261000001,0.7687135690517839,0.903,0.0,-0.0334301994339531,0.3525854443485271,0.6474787689053993,5.993085741146331,10,0.5645049299419159,2.69,2,"[607.5999755859375, 418.20001220703125]"
random_walk,1788871682.8857677,13.776070079,0.8386685505921886,0.903,0.0,-0.0334301994339531,0.3524574890722501,0.6458468001231644,6.195398903191077,10,0.6013204688511713,2.69,2,"[597.5999755859375, 460.0]"
random_walk,1788871682.9360478,13.826349948,0.910232581322993,0.903,0.0,-0.0334301994339531,0.3523551248512285,0.6445412250973764,0.11566053586695801,11,0.6488738732756262,2.69,2,"[597.5999755859375, 460.0]"
random_walk,1788871682.9857616,13.876063927,0.9793415733452479,0.903,0.0,-0.0334301994339531,0.3522732334744112,0.643496765076746,0.31688665753637935,11,0.7255729126699083,2.69,2,"[584.2000122070312, 508.6000061035156]"
random_walk,1788871683.0357716,13.926073786000002,1.0442059272909168,0.903,0.0,-0.0334301994339531,0.3522077203729574,0.6426611970602417,0.5187935105902071,11,0.786932144185334,26.9,2,"[584.2000122070312, 508.6000061035156]"
random_walk,1788871683.0857499,13.976052064000001,1.1018798932221823,0.903,0.0,-0.0334301994339531,0.35215530989179433,0.6419927426470383,0.7203939423739527,11,0.859029241215959,2.69,2,"[553.0, 560.4000244140625]"
random_walk,1788871683.135932,14.026234159000001,1.150223193190081,0.903,0.0,-0.0334301994339531,0.3521133815068639,0.6414579791164755,0.9224012294675887,11,0.9265243958829272,2.69,2,"[553.0, 560.4000244140625]"
random_walk,1788871683.1859407,14.076243048,1.1870693828110743,0.903,0.0,-0.0334301994339531,0.3520798387989195,0.6410301682920253,1.1238772263860497,11,0.9894176081862386,16.14,2,"[515.7999877929688, 608.7999877929688]"
random_walk,1788871683.2358959,14.126198251000002,1.2065296652885782,0.903,0.0,-0.0334301994339531,0.3480054161332466,0.6189799537798838,1.318174346908755,11,1.047708878125893,72.63,2,"[515.7999877929688, 608.7999877929688]"
random_walk,1788871683.2860453,14.176347579000002,1.2136269372268729,0.903,0.0,-0.0334301994339531,0.3447458780007082,0.6013397821701705,1.5075746715112288,11,1.0998642249140047,13.45,2,"[498.0, 611.4000244140625]"
random_walk,1788871683.3360302,14.226332475000001,1.2091969910210079,0.903,0.0,-0.0334301994339531,0.3421382474946775,0.5872276448823999,1.6920258647764896,11,1.1443496677626883,69.94,2,"[498.0, 611.4000244140625]"
random_walk,1788871683.3857956,14.276098027000002,1.1942839096919335,0.903,0.0,-0.0334301994339531,0.340052143089853,0.5759379350521834,1.8722864982862077,11,1.179631225884058,69.94,2,"[467.3999938964844, 653.2000122070312]"
random_walk,1788871683.435793,14.326095146,1.1697791749068585,0.903,0.0,-0.0334301994339531,0.33838325956599336,0.5669061671880102,2.050379278623346,11,1.1965050145508,88.77,2,"[467.3999938964844, 653.2000122070312]"
random_walk,1788871683.4859955,14.376297962,1.1366878666306484,0.903,0.0,-0.0334301994339531,0.33704815274690564,0.5596807528966716,2.226659258300323,11,1.1980389953386859,40.35,2,"[444.20001220703125, 661.7999877929688]"
random_walk,1788871683.5359375,14.426239774,1.0963615167791008,0.903,0.0,-0.0334301994339531,0.3359800672916355,0.5539004214636007,2.4006070921436518,11,1.193437052975029,-2.69,2,"[444.20001220703125, 661.7999877929688]"
random_walk,1788871683.58595,14.476252145,1.0499817720261269,0.903,0.0,-0.0334301994339531,0.33512559892741933,0.5492761563171441,2.5731249637783336,11,1.1765632643082868,-2.69,2,"[441.6000061035156, 652.5999755859375]"
random_walk,1788871683.6359153,14.526217735000001,0.9989305116753715,0.903,0.0,-0.0334301994339531,0.3344420242360464,0.5455767441999788,2.7444384434406075,11,1.1520195717021164,-2.69,2,"[441.6000061035156, 652.5999755859375]"
random_walk,1788871683.685796,14.576098087,0.9446944248784191,0.903,0.0,-0.0334301994339531,0.3338951644829481,0.5426172145062466,2.914655112370049,11,1.1198059751565181,-2.69,2,"[459.6000061035156, 631.0]"
random_walk,1788871683.7361162,14.626418348000001,0.8883957835168244,0.903,0.0,-0.0334301994339531,0.33345767668046944,0.5402495907512608,3.0851057301579417,11,1.081456455459377,-2.69,2,"[459.6000061035156, 631.0]"
random_walk,1788871683.7857735,14.676075641,0.8323856791905057,0.903,0.0,-0.0334301994339531,0.3331076864384865,0.5383554917472722,3.2534537216598736,11,1.0231651855197226,-2.69,2,"[487.3999938964844, 614.5999755859375]"
random_walk,1788871683.8358603,14.726162711,0.7773491364491316,0.903,0.0,-0.0334301994339531,0.33282769424490016,0.5368402125440812,3.422348836603298,11,0.9756117810952678,-8.07,2,"[487.3999938964844, 614.5999755859375]"
random_walk,1788871683.885793,14.776095047,0.7252403288659008,0.903,0.0,-0.0334301994339531,0.3326037004900311,0.5356279891815284,3.590452120734163,11,0.9265243958829272,-96.84,2,"[508.79998779296875, 584.2000122070312]"
random_walk,1788871683.9358206,14.826122990000002,0.6772665579370953,0.903,0.0,-0.0334301994339531,0.33242450548613584,0.5346582104914862,3.7584652086125985,11,0.8728350683069298,-2.69,2,"[508.79998779296875, 584.2000122070312]"
random_walk,1788871683.9857898,14.876091935000002,0.6348115491026923,0.903,0.0,-0.0334301994339531,0.3322811494830196,0.5338823875394525,3.926139952776815,11,0.8099418560036186,-2.69,2,"[534.7999877929688, 545.0]"
random_walk,1788871684.0359879,14.926290103000001,0.7975809638121971,0.903,0.0,0.16526814533797482,0.33216646468052663,0.5332617291778254,4.094173861232342,11,0.7639224323670493,-34.97,2,"[534.7999877929688, 545.0]"
random_walk,1788871684.0859656,14.976267811000001,0.7693918349787807,0.903,0.0,0.16526814533797482,0.33207471683853224,0.5327652024885239,4.261424800126527,11,0.7179030087304801,-29.59,2,"[580.2000122070312, 524.0]"
random_walk,1788871684.1357949,15.026097133,0.7495765649214636,0.903,0.0,0.16526814533797482,0.33200131856493675,0.5323679811370826,4.42827571180036,11,0.684155431396996,32.28,2,"[580.2000122070312, 524.0]"
random_walk,1788871684.185926,15.076228314000002,0.7385814959712582,0.903,0.0,0.16526814533797482,0.33194259994606035,0.5320502040559296,4.595736342808912,11,0.6994952392758523,16.14,2,"[584.7999877929688, 500.6000061035156]"
random_walk,1788871684.2357683,15.126070811000002,0.7367882950629805,0.903,0.0,0.16526814533797482,0.3318956250509592,0.5317959823910072,4.762448727482884,11,0.7439806821245359,16.14,2,"[584.7999877929688, 500.6000061035156]"
random_walk,1788871684.2859979,15.176300292,0.7190121113011337,0.903,0.0,0.16526814533797482,0.3591386117990929,0.5876154887197725,4.947525464650859,11,0.7531845668518499,-72.63,2,"[574.2000122070312, 515.7999877929688]"
random_walk,1788871684.3360052,15.226307565,0.722633303247619,0.903,0.0,0.16526814533797482,0.3809330011975999,0.6322710937827848,5.146278101788546,11,0.7455146629124216,0.0,2,"[574.2000122070312, 515.7999877929688]"
random_walk,1788871684.3858998,15.276202060000001,0.7495692211544437,0.903,0.0,0.16526814533797482,0.39836851271640544,0.6679955778331945,5.3558728770679025,11,0.7363107781851077,-8.07,2,"[555.5999755859375, 495.3999938964844]"
random_walk,1788871684.4360032,15.326305493000001,0.8001076112900316,0.903,0.0,0.16526814533797482,0.4123169219314499,0.6965751650735224,5.575107570846832,11,0.7286408742456796,-8.07,2,"[555.5999755859375, 495.3999938964844]"
random_walk,1788871684.4859211,15.376223360000001,0.8718171024805815,0.903,0.0,0.16526814533797482,0.42347564930348547,0.7194388348657845,5.8007909558034285,11,0.7255729126699083,24.21,2,"[552.2000122070312, 503.0]"
random_walk,1788871684.5360324,15.426334618,0.9612168573382077,0.903,0.0,0.16526814533797482,0.43240263120111394,0.7377297706995944,6.033010668475988,11,0.7332428166093364,21.52,2,"[552.2000122070312, 503.0]"
random_walk,1788871684.585772,15.476074291000002,1.0617879161644774,0.903,0.0,0.16526814533797482,0.4395442167192167,0.7523625193666423,6.268441707548696,11,0.7715923363064775,21.52,2,"[551.2000122070312, 509.3999938964844]"
random_walk,1788871684.6359425,15.526244831000001,1.1679813391281693,0.903,0.0,0.16526814533797482,0.4452574851336989,0.7640687183002806,0.2258604223804639,12,0.8252816638824749,45.73,2,"[551.2000122070312, 509.3999938964844]"
random_walk,1788871684.685931,15.576233057000001,1.2714790608974984,0.903,0.0,0.16526814533797482,0.44982809986528466,0.7734336774471913,0.4687286024352062,12,0.9004467224888714,29.59,2,"[499.6000061035156, 549.5999755859375]"
random_walk,1788871684.735939,15.626241145000002,1.3652735177776303,0.903,0.0,0.16526814533797482,0.45348459165055327,0.7809256447647197,0.7141037268512633,12,0.9848156658225816,34.97,2,"[499.6000061035156, 549.5999755859375]"
random_walk,1788871684.7860017,15.676303916,1.422,0.903,0.0,0.16526814533797482,0.45640978507876817,0.7869192186187426,0.9614586492212283,12,1.0799224746714913,78.01,2,"[476.3999938964844, 621.4000244140625]"
random_walk,1788871684.836006,15.726308176000002,1.422,0.903,0.0,0.16526814533797482,0.4587499398213401,0.7917140777019609,1.2103824988393228,12,1.175029283520401,107.6,2,"[476.3999938964844, 621.4000244140625]"
random_walk,1788871684.885956,15.776258179000001,1.422,0.903,0.0,0.16526814533797482,0.46062206361539765,0.7955499649685356,1.4600356144410824,12,1.2624661884298827,139.88,2,"[428.20001220703125, 690.0]"
random_walk,1788871684.9360237,15.826325837,1.422,0.903,0.0,0.16526814533797482,0.46211976265064364,0.7986186747817952,1.7112753236534815,12,1.3360972662483934,193.68,2,"[428.20001220703125, 690.0]"
random_walk,1788871684.9857614,15.876063602,1.422,0.903,0.0,0.16526814533797482,0.46331792187884047,0.801073642632403,1.9619678902242725,12,1.389786593824391,193.68,2,"[395.6000061035156, 686.4000244140625]"
random_walk,1788871685.0358794,15.926181632,1.422,0.903,0.0,0.16526814533797482,0.46427644926139794,0.8030376169128892,2.2147570222993807,12,1.4005244593395905,236.72,2,"[395.6000061035156, 686.4000244140625]"
random_walk,1788871685.0859368,15.976238984000002,1.3584991691330979,0.903,0.0,0.16526814533797482,0.4650432711674439,0.8046087963372781,2.467620341964931,12,1.4005244593395905,252.85999999999999,2,"[389.0, 733.0]"
random_walk,1788871685.1359355,16.02623785,1.2585079676731523,0.903,0.0,0.16526814533797482,0.46565672869228064,0.8058657398767892,2.7207377498616268,12,1.4005244593395905,204.44,2,"[389.0, 733.0]"
random_walk,1788871685.1859426,16.076244999,1.1459024751377644,0.903,0.0,0.16526814533797482,0.46614749471215006,0.8068712947083982,2.9742684109713764,12,1.4005244593395905,0.0,2,"[384.0, 723.4000244140625]"
random_walk,1788871685.2360356,16.126337838,1.0277992804056117,0.903,0.0,0.16526814533797482,0.4665401075280456,0.8076757385736855,3.22844432321034,12,1.37598076673342,-2.69,2,"[384.0, 723.4000244140625]"
random_walk,1788871685.2859485,16.176250821,0.9123965351674941,0.903,0.0,0.16526814533797482,0.46685419778076204,0.8083192936659152,3.482005656580398,12,1.3161555160058802,-2.69,2,"[394.20001220703125, 702.0]"
random_walk,1788871685.3360531,16.226355435000002,0.8135027084319986,0.903,0.0,0.16526814533797482,0.4489178849773852,0.8358292695884744,3.745071305964615,12,1.23178657267217,-5.38,2,"[394.20001220703125, 702.0]"
random_walk,1788871685.3857594,16.276061515000002,0.7356160172007538,0.903,0.0,0.16526814533797482,0.4345688347346838,0.8578372503265217,4.013373815030036,12,1.0983302441261191,-5.38,2,"[455.3999938964844, 654.2000122070312]"
random_walk,1788871685.4358013,16.326103368000002,0.6826266543707886,0.903,0.0,0.16526814533797482,0.4230895945405226,0.8754436349169596,4.288482214561014,12,0.9894176081862386,-18.83,2,"[455.3999938964844, 654.2000122070312]"
random_walk,1788871685.4857824,16.376084535,0.6586741861155478,0.903,0.0,0.16526814533797482,0.41390620238519366,0.8895287425893099,4.567913738992303,12,0.8897088569736719,-75.32,2,"[547.5999755859375, 565.2000122070312]"
random_walk,1788871685.5359313,16.426233481,0.6656351987921743,0.903,0.0,0.16526814533797482,0.4065594886609305,0.9007968287271901,4.851482927509636,12,0.7915340865489908,-2.69,2,"[547.5999755859375, 565.2000122070312]"
random_walk,1788871685.5857959,16.476098114000003,0.7031223461697363,0.903,0.0,0.16526814533797482,0.40068211768152,0.9098112976374944,5.136729516492153,12,0.7209709703062513,-2.69,2,"[605.2000122070312, 511.79998779296875]"
random_walk,1788871685.6359234,16.526225566,0.7687393225153286,0.903,0.0,0.16526814533797482,0.3959802208979916,0.9170228727657377,5.425357283866319,12,0.6826214506091103,-13.45,2,"[605.2000122070312, 511.79998779296875]"
random_walk,1788871685.6857796,16.576081851,0.8571005863020537,0.903,0.0,0.16526814533797482,0.3922187034711689,0.9227921328683324,5.714657084012856,12,0.6703496043060252,-2.69,2,"[645.7999877929688, 503.6000061035156]"
random_walk,1788871685.736149,16.626451331000002,0.9623633517578556,0.903,0.0,0.16526814533797482,0.3892094895297107,0.9274075409504081,6.007608224640137,12,0.6780195082454534,18.83,2,"[645.7999877929688, 503.6000061035156]"
random_walk,1788871685.7858994,16.676201508000002,1.0743717192105102,0.903,0.0,0.16526814533797482,0.38680211837654416,0.9310998674160686,0.0157802320727356,13,0.7286408742456796,18.83,2,"[579.5999755859375, 487.3999938964844]"
random_walk,1788871685.8359113,16.726213466,1.1854520127038948,0.903,0.0,0.16526814533797482,0.3848762214540109,0.934053728588597,0.3093836102801575,13,0.7961360289126478,51.11,2,"[579.5999755859375, 487.3999938964844]"
random_walk,1788871685.8858953,16.77619749,1.2857995021233757,0.903,0.0,0.16526814533797482,0.3833355039159843,0.9364168175266199,0.6034298104146743,13,0.8866408953979006,10.76,2,"[546.7999877929688, 547.5999755859375]"
random_walk,1788871685.935827,16.826129286,1.3670788179128708,0.903,0.0,0.16526814533797482,0.38210292988556305,0.938307288677038,0.8978941836238974,13,0.9878836273983529,16.14,2,"[546.7999877929688, 547.5999755859375]"
random_walk,1788871685.9858177,16.876119993,1.422,0.903,0.0,0.16526814533797482,0.381116870661226,0.9398196655973727,1.1931479656604083,13,1.0906603401866908,78.01,2,"[509.6000061035156, 617.0]"
random_walk,1788871686.0360253,16.926327343,1.422,0.903,0.0,0.16526814533797482,0.3803280232817564,0.9410295671336404,1.4897918160530352,13,1.188835110611372,96.84,2,"[509.6000061035156, 617.0]"
random_walk,1788871686.08581,16.976112313,1.422,0.903,0.0,0.16526814533797482,0.3796969453781807,0.9419974883626545,1.7846767199017037,13,1.2762720155208536,137.19,2,"[423.79998779296875, 682.5999755859375]"
random_walk,1788871686.135937,17.026239168,1.3990955351444068,0.903,0.0,0.16526814533797482,0.37919208305532015,0.9427718253458659,2.081392499131262,13,1.3437671701878218,172.16,2,"[423.79998779296875, 682.5999755859375]"
random_walk,1788871686.1857822,17.076084258,1.3304555370455509,0.903,0.0,0.16526814533797482,0.3787881931970317,0.943391294932435,2.3770955372973717,13,1.3928545554001621,172.16,2,"[393.79998779296875, 699.5999755859375]"
random_walk,1788871686.2359016,17.126203856,1.2387538820560473,0.903,0.0,0.16526814533797482,0.37846508131040096,0.9438868706016903,2.6743051733295644,13,1.4005244593395905,234.03,2,"[393.79998779296875, 699.5999755859375]"
random_walk,1788871686.2858064,17.176108691,1.1326938984820754,0.903,0.0,0.16526814533797482,0.37820659180109634,0.9442833311370944,2.9704124720233764,13,1.394388536188048,-8.07,2,"[392.79998779296875, 688.2000122070312]"
random_walk,1788871686.335931,17.226233209,1.0207247182316908,0.903,0.0,0.16526814533797482,0.37799980019365265,0.9446004995654178,3.267702989160675,13,1.3560390164909069,-2.69,2,"[392.79998779296875, 688.2000122070312]"
random_walk,1788871686.3857903,17.276092632,0.913394799836019,0.903,0.0,0.16526814533797482,0.3778343669076977,0.9448542343080764,3.5639342897427255,13,1.2900778426118242,-2.69,2,"[394.20001220703125, 731.2000122070312]"
random_walk,1788871686.4360406,17.326342849,0.8190919278634037,0.903,0.0,0.16526814533797482,0.3777020202789338,0.9450572221022033,3.8620339820554292,13,1.2087768608538851,-18.83,2,"[394.20001220703125, 731.2000122070312]"
random_walk,1788871686.4858027,17.376104853,0.7472590924199236,0.903,0.0,0.16526814533797482,0.37759614297592264,0.945219612337505,4.157841092591603,13,1.1106020904292042,-21.52,2,"[460.3999938964844, 649.5999755859375]"
random_walk,1788871686.5359826,17.426284977,0.6857879480514696,0.903,0.0,0.16526814533797482,0.39545731516536575,0.945132707303945,4.455497821654326,13,1.0062913968529805,-26.9,2,"[460.3999938964844, 649.5999755859375]"
random_walk,1788871686.5857658,17.476068083,0.6588362371361235,0.903,0.0,0.16526814533797482,0.40974625291692024,0.945063183277097,4.751562117505749,13,0.8835729338221293,-26.9,2,"[551.7999877929688, 565.0]"
random_walk,1788871686.6358519,17.526154127,0.6707255438371464,0.903,0.0,0.16526814533797482,0.4211774031181638,0.9450075640556187,5.048986240832811,13,0.7946020481247621,-59.18,2,"[551.7999877929688, 565.0]"
random_walk,1788871686.6859457,17.576247928,0.7214614333845906,0.903,0.0,0.16526814533797482,0.4303223232791587,0.944963068678436,5.345952208536865,13,0.722504951094137,-2.69,2,"[579.2000122070312, 521.7999877929688]"
random_walk,1788871686.7359216,17.626223755,0.80678170345526,0.903,0.0,0.16526814533797482,0.4376382594079546,0.9449274723766898,5.6428124404925555,13,0.6826214506091103,-2.69,2,"[579.2000122070312, 521.7999877929688]"
random_walk,1788871686.7859852,17.676287461,0.9189785637071959,0.903,0.0,0.16526814533797482,0.4434910083109913,0.9448989953352929,5.939856279972041,13,0.6718835850939109,5.38,2,"[598.7999877929688, 492.6000061035156]"
random_walk,1788871686.8359911,17.726293425,1.047460014754857,0.903,0.0,0.16526814533797482,0.4481732074334207,0.9448762137021753,6.2367398408444,13,0.6902913545485385,21.52,2,"[598.7999877929688, 492.6000061035156]"
random_walk,1788871686.8859732,17.776275234,1.1802101277404022,0.903,0.0,0.16526814533797482,0.4519189667313642,0.9448579883956814,0.250309329602203,14,0.7363107781851077,75.32,2,"[581.5999755859375, 503.6000061035156]"
random_walk,1788871686.9359753,17.826277523,1.304927857793245,0.903,0.0,0.16526814533797482,0.454915574169719,0.9448434081504862,0.5471176242861873,14,0.8160777791551611,59.18,2,"[581.5999755859375, 503.6000061035156]"
random_walk,1788871686.9858446,17.87614685,1.4097469384626882,0.903,0.0,0.16526814533797482,0.45731286012040284,0.94483174395433,0.8430977448120274,14,0.966407896367954,59.18,2,"[529.5999755859375, 570.2000122070312]"
random_walk,1788871687.036072,17.926374308,1.422,0.903,0.0,0.16526814533797482,0.4592306888809499,0.9448224125974051,1.1409887610816298,14,1.0845244170351482,13.45,2,"[529.5999755859375, 570.2000122070312]"
random_walk,1788871687.0859938,17.976295969000002,1.422,0.903,0.0,0.16526814533797482,0.4607649518893876,0.9448149475118651,1.437775096656452,14,1.201106956914457,69.94,2,"[467.0, 651.4000244140625]"
random_walk,1788871687.1358097,18.026111798000002,1.422,0.903,0.0,0.16526814533797482,0.4619923622961377,0.9448089754434331,1.7336905608556208,14,1.3023496889149093,145.26,2,"[467.0, 651.4000244140625]"
random_walk,1788871687.1858318,18.076134078000003,1.422,0.903,0.0,0.16526814533797482,0.46297429062153783,0.9448041977886875,2.030601781138401,14,1.3667768820061064,190.99,2,"[401.0, 715.4000244140625]"
random_walk,1788871687.235938,18.126240401,1.4053429525695915,0.903,0.0,0.16526814533797482,0.4637598332818579,0.9448003756648911,2.3278967610959,14,1.3959225169759335,223.26999999999998,2,"[401.0, 715.4000244140625]"
random_walk,1788871687.2858121,18.176114388000002,1.2980133199399941,0.903,0.0,0.16526814533797482,0.46438826741011396,0.9447973179658539,2.6240725808559233,14,1.402058440127476,201.75,2,"[385.20001220703125, 721.2000122070312]"
random_walk,1788871687.3359594,18.226261537000003,1.1697373995825067,0.903,0.0,0.16526814533797482,0.4648910147127188,0.9447948718066241,2.9215568063366817,14,1.402058440127476,112.98,2,"[385.20001220703125, 721.2000122070312]"
random_walk,1788871687.3858612,18.276163401,1.0327653529153034,0.903,0.0,0.16526814533797482,0.4652932125548027,0.9447929148792403,3.2179688643886806,14,1.385184651460734,112.98,2,"[384.79998779296875, 711.4000244140625]"
random_walk,1788871687.436098,18.326400317,0.8981367635536985,0.903,0.0,0.16526814533797482,0.4656149708284698,0.9447913493373333,3.515645147935487,14,1.3529710549151355,-2.69,2,"[384.79998779296875, 711.4000244140625]"
random_walk,1788871687.4858031,18.376105438,0.7790378659992339,0.903,0.0,0.16526814533797482,0.4658723774474035,0.9447900969038077,3.811401139368016,14,1.2409904573994837,-24.21,2,"[405.6000061035156, 683.0]"
random_walk,1788871687.5360358,18.426337976000003,0.6844758310908319,0.903,0.0,0.16526814533797482,0.46607830274255047,0.9447890949569872,4.109058114244348,14,1.1366797638232602,-18.83,2,"[405.6000061035156, 683.0]"
random_walk,1788871687.5858254,18.476127571000003,0.6238606171489494,0.903,0.0,0.16526814533797482,0.46624304297866803,0.9447882933995307,4.405133091058275,14,1.012427320004523,-51.11,2,"[498.20001220703125, 617.2000122070312]"
random_walk,1788871687.635938,18.526240191,0.6019164142238085,0.903,0.0,0.16526814533797482,0.46637483516756206,0.9447876521535656,4.702435079172361,14,0.8943107993373288,-96.84,2,"[498.20001220703125, 617.2000122070312]"
random_walk,1788871687.6858406,18.576142734,0.6152428996414356,0.903,0.0,0.16526814533797482,0.4724910910697017,0.9499730141661394,5.000431916425967,14,0.7746602978822488,-2.69,2,"[577.2000122070312, 527.2000122070312]"
random_walk,1788871687.7359335,18.626235916000002,0.671114856457194,0.903,0.0,0.16526814533797482,0.47738409579141344,0.9541213037761984,5.300596565634407,14,0.684155431396996,-2.69,2,"[577.2000122070312, 527.2000122070312]"
random_walk,1788871687.7858238,18.67612614,0.7647285613335028,0.903,0.0,0.16526814533797482,0.48129849956878284,0.9574399354642457,5.600771571555086,14,0.624330180669456,-2.69,2,"[604.5999755859375, 480.3999938964844]"
random_walk,1788871687.8359256,18.726227914000003,0.8885200805810938,0.903,0.0,0.16526814533797482,0.48443002259067836,0.9600948408146834,5.903045145087745,14,0.619728238305799,-51.11,2,"[604.5999755859375, 480.3999938964844]"
random_walk,1788871687.8858545,18.776156895,1.0302386205688692,0.903,0.0,0.16526814533797482,0.48693524100819474,0.9622187650950337,6.205005934020164,14,0.6427379501240836,21.52,2,"[598.7999877929688, 478.20001220703125]"
random_walk,1788871687.935826,18.826128338,1.1770962815870032,0.903,0.0,0.16526814533797482,0.4889394157422079,0.9639179045193138,0.22446006300564392,15,0.6994952392758523,61.87,2,"[598.7999877929688, 478.20001220703125]"
random_walk,1788871687.985942,18.876244039,1.3154648441708732,0.903,0.0,0.16526814533797482,0.4905427555294184,0.965277216058738,0.5281367961825154,15,0.7884661249732196,80.7,2,"[568.2000122070312, 524.5999755859375]"
random_walk,1788871688.0359287,18.926231054000002,1.422,0.903,0.0,0.16526814533797482,0.4918254273591868,0.9663646652902773,0.8318525105217347,15,0.9111845880040709,2.69,2,"[568.2000122070312, 524.5999755859375]"
random_walk,1788871688.0858333,18.976135524,1.422,0.903,0.0,0.16526814533797482,0.4928515648230015,0.9672346246755088,1.135229765496085,15,1.0461748973380072,32.28,2,"[502.0, 615.2000122070312]"
random_walk,1788871688.135941,19.026243295,1.422,0.903,0.0,0.16526814533797482,0.4936724747940533,0.9679305921836939,1.439792447877501,15,1.175029283520401,102.22,2,"[502.0, 615.2000122070312]"
random_walk,1788871688.1858258,19.076128072,1.422,0.903,0.0,0.16526814533797482,0.4943292027708947,0.968487366190242,1.7435071093242058,15,1.3192234775816514,102.22,2,"[422.79998779296875, 689.2000122070312]"
random_walk,1788871688.2359982,19.126300409000002,1.422,0.903,0.0,0.16526814533797482,0.49485458515236785,0.9689327853954806,2.048738895827107,15,1.3790487283091915,139.88,2,"[422.79998779296875, 689.2000122070312]"
random_walk,1788871688.2858095,19.176111817000002,1.419808857010248,0.903,0.0,0.16526814533797482,0.49527489105754635,0.9692891207596713,2.3523939086239736,15,1.4005244593395905,220.57999999999998,2,"[391.0, 723.7999877929688]"
random_walk,1788871688.3358135,19.226115792,1.2991496523706085,0.903,0.0,0.16526814533797482,0.49561113578168914,0.969574189051024,2.656995269320781,15,1.4005244593395905,239.41,2,"[391.0, 723.7999877929688]"
random_walk,1788871688.3858428,19.276145172,1.156995483398875,0.903,0.0,0.16526814533797482,0.4958801315610034,0.9698022436841061,2.961694873542534,15,1.402058440127476,145.26,2,"[389.3999938964844, 715.7999877929688]"
random_walk,1788871688.4359317,19.326233959,1.006313579166048,0.903,0.0,0.16526814533797482,0.4960953281844548,0.9699846873905718,3.2668039692632007,15,1.3959225169759335,-2.69,2,"[389.3999938964844, 715.7999877929688]"
random_walk,1788871688.4857612,19.376063429000002,0.8810104777133977,0.903,0.0,0.16526814533797482,0.468312696828664,0.9129244197980401,3.5529524485506343,15,1.3483691125514785,-8.07,2,"[392.0, 698.4000244140625]"
random_walk,1788871688.5359232,19.426225668,0.7861963225217268,0.903,0.0,0.16526814533797482,0.44608659174403137,0.8672762057240148,3.8261436955040082,15,1.260932207641997,-2.69,2,"[392.0, 698.4000244140625]"
random_walk,1788871688.585799,19.476101256,0.7211215767847315,0.903,0.0,0.16526814533797482,0.42830570767632525,0.8307576344647944,4.086616991652399,15,1.1013982057018903,-2.69,2,"[457.3999938964844, 656.7999877929688]"
random_walk,1788871688.6358802,19.526182666,0.6827457134324091,0.903,0.0,0.16526814533797482,0.41408100042216034,0.8015427774574182,4.3388217323643445,15,0.9771457618831534,-69.94,2,"[457.3999938964844, 656.7999877929688]"
random_walk,1788871688.685965,19.576267530000003,0.6689095352539082,0.903,0.0,0.16526814533797482,0.40270123461882845,0.7781708918515172,4.583454765775677,15,0.8713010875190442,-16.14,2,"[545.2000122070312, 562.2000122070312]"
random_walk,1788871688.735846,19.626148365000002,0.6770182383035968,0.903,0.0,0.16526814533797482,0.39359742197616293,0.7594733833667965,4.82166104474117,15,0.7685243747307062,-2.69,2,"[545.2000122070312, 562.2000122070312]"
random_walk,1788871688.7858624,19.676164799000002,0.7044760156590057,0.903,0.0,0.16526814533797482,0.3863143718620305,0.7445153765790199,5.055538390616725,15,0.7102331047910518,-5.38,2,"[589.0, 506.0]"
random_walk,1788871688.8360786,19.726381057,0.7487847415605915,0.903,0.0,0.16526814533797482,0.38048793177072454,0.7325489711487986,5.28651434200011,15,0.684155431396996,-67.25,2,"[589.0, 506.0]"
random_walk,1788871688.885788,19.776090383,0.8064983838753506,0.903,0.0,0.16526814533797482,0.3758267796976798,0.7229758468046215,5.512653327293158,15,0.6826214506091103,8.07,2,"[584.4000244140625, 502.6000061035156]"
random_walk,1788871688.9359534,19.826255540000002,0.8752976684969397,0.903,0.0,0.16526814533797482,0.372097858039244,0.7153173473292798,5.737970906952945,15,0.6887573737606529,10.76,2,"[584.4000244140625, 502.6000061035156]"
random_walk,1788871688.9857762,19.876078392,0.951087973297224,0.903,0.0,0.16526814533797482,0.36911472071249535,0.7091905477490065,5.960132688893147,15,0.7255729126699083,10.76,2,"[573.5999755859375, 510.3999938964844]"
random_walk,1788871689.0358317,19.926133925000002,1.0311063365274558,0.903,0.0,0.16526814533797482,0.3667282108510964,0.7042891080847878,6.181677698959113,15,0.765456413154935,29.59,2,"[573.5999755859375, 510.3999938964844]"
random_walk,1788871689.0858006,19.976102724,1.1113576595564663,0.903,0.0,0.16526814533797482,0.3648190029619773,0.7003679563534129,0.11838839109373112,16,0.8237476830945893,21.52,2,"[554.4000244140625, 541.4000244140625]"
random_walk,1788871689.1358526,20.026154893,1.1885914854863169,0.903,0.0,0.16526814533797482,0.363291636650682,0.697231034968313,0.33757842531021254,16,0.8943107993373288,2.69,2,"[554.4000244140625, 541.4000244140625]"
random_walk,1788871689.185916,20.076218150000003,1.25938149069205,0.903,0.0,0.16526814533797482,0.36206974360164573,0.694721497860233,0.5560503758848228,16,0.966407896367954,18.83,2,"[529.0, 575.7999877929688]"
random_walk,1788871689.2360451,20.126347392,1.3207200394124246,0.903,0.0,0.16526814533797482,0.36109222916241673,0.692713868173769,0.7741857267127159,16,1.0400389741864646,64.56,2,"[529.0, 575.7999877929688]"
random_walk,1788871689.2858248,20.176127051,1.3695886786206148,0.903,0.0,0.16526814533797482,0.36031021761103355,0.6911077644245979,0.9904646646192958,16,1.1121360712170898,59.18,2,"[491.3999938964844, 628.5999755859375]"
random_walk,1788871689.3360012,20.226303422,1.4045186098668696,0.903,0.0,0.16526814533797482,0.359684608369927,0.6898228814252609,1.207830929435758,16,1.184233168247715,102.22,2,"[491.3999938964844, 628.5999755859375]"
random_walk,1788871689.3857603,20.276062737,1.422,0.903,0.0,0.16526814533797482,0.3591841209770417,0.6887949750257913,1.4233616298572969,16,1.265534150005654,102.22,2,"[424.0, 688.5999755859375]"
random_walk,1788871689.4358184,20.326120679000002,1.422,0.903,0.0,0.16526814533797482,0.35878373106273354,0.6879726499062158,1.6396674147809023,16,1.3176894967937658,150.64,2,"[424.0, 688.5999755859375]"
random_walk,1788871689.4859571,20.37625961,1.4122497184369078,0.903,0.0,0.16526814533797482,0.358463419131287,0.6873147898105553,1.856014771884503,16,1.359106978066678,199.06,2,"[397.3999938964844, 704.5999755859375]"
random_walk,1788871689.5358891,20.426191401,1.3824835637504553,0.903,0.0,0.16526814533797482,0.35820716958612975,0.6867885017340268,2.0716164424060253,16,1.385184651460734,190.99,2,"[397.3999938964844, 704.5999755859375]"
random_walk,1788871689.5858588,20.476161150000003,1.3382874421940294,0.903,0.0,0.16526814533797482,0.35800216995000395,0.6863674712728041,2.2870978901077876,16,1.3928545554001621,201.75,2,"[388.20001220703125, 713.7999877929688]"
random_walk,1788871689.636009,20.526311339000003,1.2815651165299766,0.903,0.0,0.16526814533797482,0.3578381702411033,0.6860306469038259,2.502993749435049,16,1.3928545554001621,94.14999999999999,2,"[388.20001220703125, 713.7999877929688]"
random_walk,1788871689.6858027,20.57610478,1.2217996062600074,0.903,0.0,0.16526814533797482,0.3659884076025964,0.6563325801107259,2.708700247828162,16,1.3867186322486196,-10.76,2,"[391.20001220703125, 706.4000244140625]"
random_walk,1788871689.7359943,20.626296391,1.1545240894147,0.903,0.0,0.16526814533797482,0.3725085974917908,0.632574126676246,2.9079176155270545,16,1.359106978066678,-8.07,2,"[391.20001220703125, 706.4000244140625]"
random_walk,1788871689.7857838,20.676085925000002,1.0839193037620876,0.903,0.0,0.16526814533797482,0.3777247494031464,0.6135673639286621,3.100145434519561,16,1.2992817273391382,-8.07,2,"[396.6000061035156, 684.2000122070312]"
random_walk,1788871689.835872,20.726174051,1.012378803816537,0.903,0.0,0.16526814533797482,0.3818976709322308,0.5983619537305949,3.2884665228161367,16,1.2501943421267976,-2.69,2,"[396.6000061035156, 684.2000122070312]"
random_walk,1788871689.8857625,20.776064656000003,0.9432081151874508,0.903,0.0,0.16526814533797482,0.38523600815549836,0.5861976255721411,3.472215542647021,16,1.1903690913992575,-10.76,2,"[429.3999938964844, 657.0]"
random_walk,1788871689.935821,20.826123414,0.8782581052107674,0.903,0.0,0.16526814533797482,0.38790667793411243,0.576466163045378,3.6534924635670762,16,1.1305438406717176,-16.14,2,"[429.3999938964844, 657.0]"
random_walk,1788871689.9857743,20.876076394000002,0.8198595537070132,0.903,0.0,0.16526814533797482,0.3900432137570037,0.5686809930239676,3.8320301493793067,16,1.0630486860047492,-29.59,2,"[488.79998779296875, 617.0]"
random_walk,1788871690.0358298,20.926132174000003,0.510728085210791,0.903,0.0,-0.09353919183359585,0.39175244241531665,0.5624528570068392,4.008845851390916,16,0.9955535313377811,-32.28,2,"[488.79998779296875, 617.0]"
random_walk,1788871690.0857732,20.976075357000003,0.46998585166951073,0.903,0.0,-0.09353919183359585,0.39311982534196704,0.5574703481931367,4.1838419176630595,16,0.9326603190344698,-115.67,2,"[531.2000122070312, 567.4000244140625]"
random_walk,1788871690.1359222,21.026224476000003,0.439731087943669,0.903,0.0,-0.09353919183359585,0.3942137316832874,0.5534843411421746,4.35809462515175,16,0.8574952604280734,-115.67,2,"[531.2000122070312, 567.4000244140625]"
random_walk,1788871690.1857738,21.076076279000002,0.4208818090159037,0.903,0.0,-0.09353919183359585,0.39508885675634364,0.550295535501405,4.53060672724726,16,0.6764855274575677,-115.67,2,"[574.5999755859375, 517.7999877929688]"
random_walk,1788871690.2359524,21.126254709,0.41368823529533744,0.903,0.0,-0.09353919183359585,0.39578895681478865,0.5477444909887892,4.70328997580711,16,0.5553010452146021,-37.66,2,"[574.5999755859375, 517.7999877929688]"
random_walk,1788871690.2857761,21.176078436,0.418285741077912,0.903,0.0,-0.09353919183359585,0.39634903686154466,0.5457036553786966,4.874145433445889,16,0.483203948183977,-158.71,2,"[645.4000244140625, 406.6000061035156]"
random_walk,1788871690.3359418,21.226244108000003,0.4344693674609678,0.903,0.0,-0.09353919183359585,0.39679710089894943,0.5440709868906225,5.045450590686045,16,0.44638840927472156,-131.81,2,"[645.4000244140625, 406.6000061035156]"
random_walk,1788871690.3857923,21.276094596,0.4615415883784771,0.903,0.0,-0.09353919183359585,0.39715555212887327,0.5427648521001632,5.215622828425296,16,0.4325825821837508,-185.60999999999999,2,"[671.7999877929688, 359.3999938964844]"
random_walk,1788871690.4360082,21.326310678000002,0.4989319400132321,0.903,0.0,-0.09353919183359585,0.39744231311281236,0.5417199442677958,5.386410402447737,16,0.4325825821837508,-123.74,2,"[671.7999877929688, 359.3999938964844]"
random_walk,1788871690.485783,21.376085414000002,0.5450140915322897,0.903,0.0,-0.09353919183359585,0.39767172189996364,0.5408840180019019,5.555708251527079,16,0.4325825821837508,-59.18,2,"[648.2000122070312, 356.0]"
random_walk,1788871690.5359356,21.426237778,0.5990000573818095,0.903,0.0,-0.09353919183359585,0.39785524892968466,0.5402152769891868,5.72577740559764,16,0.4479223900626072,2.69,2,"[648.2000122070312, 356.0]"
random_walk,1788871690.5857866,21.476088654,0.658818206713752,0.903,0.0,-0.09353919183359585,0.39800207055346143,0.5396802841790147,5.895013326144877,16,0.483203948183977,2.69,2,"[637.0, 370.79998779296875]"
random_walk,1788871690.6357336,21.526035887000003,0.7229609283579946,0.903,0.0,-0.09353919183359585,0.3981195278524829,0.5392522899308769,6.064167364984641,16,0.5200194870932323,2.69,2,"[637.0, 370.79998779296875]"
random_walk,1788871690.685798,21.576100247000003,0.7897759035876748,0.903,0.0,-0.09353919183359585,0.39821349369170006,0.5389098945323667,6.233732109813957,16,0.5629709491540303,2.69,2,"[621.0, 420.79998779296875]"
random_walk,1788871690.735889,21.626191324,0.8571236626891144,0.903,0.0,-0.09353919183359585,0.39828866636307375,0.5386359782135586,0.11995660151553267,17,0.6151262959421421,2.69,2,"[621.0, 420.79998779296875]"
random_walk,1788871690.7858233,21.676125479000003,0.9229820721072236,0.903,0.0,-0.09353919183359585,0.39834880450017274,0.5384168451585121,0.2889850957680622,17,0.6703496043060252,2.69,2,"[593.5999755859375, 486.20001220703125]"
random_walk,1788871690.835874,21.726176402,0.9856794281211929,0.903,0.0,-0.09353919183359585,0.3983969150098519,0.5382415387144749,0.4581829895048841,17,0.7317088358214509,34.97,2,"[593.5999755859375, 486.20001220703125]"
random_walk,1788871690.8857727,21.776074783000002,1.050691487661654,0.903,0.0,-0.09353919183359585,0.40780987946292,0.5571252303557388,0.6329517787920125,17,0.7946020481247621,16.14,2,"[558.7999877929688, 551.5999755859375]"
random_walk,1788871690.9359338,21.826236053000002,1.1111887623618837,0.903,0.0,-0.09353919183359585,0.41534025102537453,0.57223218366875,0.8131561154631513,17,0.863631183579616,2.69,2,"[558.7999877929688, 551.5999755859375]"
random_walk,1788871690.9858088,21.876111111,1.1631905097442956,0.903,0.0,-0.09353919183359585,0.4213645482753381,0.5843177463191588,0.9963368738539558,17,0.9464661461254406,2.69,2,"[530.7999877929688, 588.0]"
random_walk,1788871691.0359178,21.926220052,1.2040543637431897,0.903,0.0,-0.09353919183359585,0.42618398607530894,0.5939861964394859,1.1833477593297275,17,1.004757416065095,2.69,2,"[530.7999877929688, 588.0]"
random_walk,1788871691.085782,21.976084432,1.2310253282597305,0.903,0.0,-0.09353919183359585,0.43003953631528563,0.6017209565357476,1.3719365696370645,17,1.0630486860047492,43.04,2,"[506.0, 618.7999877929688]"
random_walk,1788871691.135893,22.026195344,1.2425723123638437,0.903,0.0,-0.09353919183359585,0.433123976507267,0.607908764612757,1.5632073474199402,17,1.1167380135807468,43.04,2,"[506.0, 618.7999877929688]"
random_walk,1788871691.1857686,22.076070863,1.2376492636653762,0.903,0.0,-0.09353919183359585,0.43559152866085205,0.6128590110743645,1.7554246465371435,17,1.1612234564294304,94.14999999999999,2,"[468.3999938964844, 654.4000244140625]"
random_walk,1788871691.235921,22.126223357,1.2160027265727078,0.903,0.0,-0.09353919183359585,0.4375655703837201,0.6168192082436504,1.9496224198475218,17,1.193437052975029,107.6,2,"[468.3999938964844, 654.4000244140625]"
random_walk,1788871691.28583,22.176132239,1.1783987525458803,0.903,0.0,-0.09353919183359585,0.4391448037620146,0.6199873659790792,2.1440730666760786,17,1.217980745581199,96.84,2,"[433.6000061035156, 680.5999755859375]"
random_walk,1788871691.335974,22.226276295,1.1258558561627523,0.903,0.0,-0.09353919183359585,0.4404081904646502,0.6225218921674223,2.3400742024228336,17,1.2241166687327416,72.63,2,"[433.6000061035156, 680.5999755859375]"
random_walk,1788871691.3859534,22.276255559000003,1.0606836808982905,0.903,0.0,-0.09353919183359585,0.44141889982675864,0.6245495131180967,2.5361504021748615,17,1.214912784005428,72.63,2,"[428.0, 669.0]"
random_walk,1788871691.4358695,22.326171929,0.9852652226688866,0.903,0.0,-0.09353919183359585,0.4422274673164454,0.6261716098786362,2.7327550992131577,17,1.188835110611372,-2.69,2,"[428.0, 669.0]"
random_walk,1788871691.4857843,22.376086527000002,0.9026525440985557,0.903,0.0,-0.09353919183359585,0.4428743213081948,0.6274692872870677,2.929583195569869,17,1.1489516101263453,-13.45,2,"[450.3999938964844, 650.5999755859375]"
random_walk,1788871691.5358145,22.426116841000002,0.8158649531403308,0.903,0.0,-0.09353919183359585,0.4433918045015943,0.6285074292138131,3.1271486165161733,17,1.0983302441261191,-37.66,2,"[450.3999938964844, 650.5999755859375]"
random_walk,1788871691.5857544,22.476056808000003,0.7286578436170381,0.903,0.0,-0.09353919183359585,0.44380579105631396,0.6293379427552093,3.324682151229176,17,1.0354370318228079,-24.21,2,"[488.3999938964844, 630.2000122070312]"
random_walk,1788871691.6359305,22.526232651,0.6440764924338975,0.903,0.0,-0.09353919183359585,0.44413698030008963,0.6300023535883262,3.5231565122180584,17,0.966407896367954,-86.08,2,"[488.3999938964844, 630.2000122070312]"
random_walk,1788871691.6858006,22.576102849,0.5661985062883433,0.903,0.0,-0.09353919183359585,0.4444019316951102,0.6305338822548199,3.7208379977054946,17,0.8927768185494431,-88.77,2,"[531.4000244140625, 564.7999877929688]"
random_walk,1788871691.735961,22.626263281,0.49445906774464515,0.903,0.0,-0.09353919183359585,0.44167868294893736,0.6820531348940445,3.9356341963769026,17,0.8007379712763046,-2.69,2,"[531.4000244140625, 564.7999877929688]"
random_walk,1788871691.7858047,22.676106903,0.4347864137738278,0.903,0.0,-0.09353919183359585,0.4395000839519991,0.7232685370054242,4.162344560194704,17,0.6918253353364242,-2.69,2,"[583.7999877929688, 509.20001220703125]"
random_walk,1788871691.8360045,22.726306766,0.39281551933003,0.903,0.0,-0.09353919183359585,0.43775720475444846,0.7562408586945278,4.4005551560545015,17,0.6166602767300278,-26.9,2,"[583.7999877929688, 509.20001220703125]"
random_walk,1788871691.8858247,22.776126849,0.385,0.903,0.0,-0.09353919183359585,0.43636290139640793,0.7826187160458109,4.645787435412764,17,0.5460971604872883,-102.22,2,"[614.5999755859375, 445.20001220703125]"
random_walk,1788871691.9358296,22.826131959,0.385,0.903,0.0,-0.09353919183359585,0.4352474587099755,0.8037210019268373,4.89819891029267,17,0.4816699673960913,-142.57,2,"[614.5999755859375, 445.20001220703125]"
random_walk,1788871691.9858057,22.876108022,0.41716284659815717,0.903,0.0,-0.09353919183359585,0.4343551045608296,0.8206028306316584,5.156079970809877,17,0.4387185053352934,-207.13,2,"[642.4000244140625, 368.6000061035156]"
random_walk,1788871692.0359404,22.926242832,0.4795422753733744,0.903,0.0,-0.09353919183359585,0.43364122124151283,0.8341082935955153,5.4186251399741465,17,0.4111068511533518,-193.68,2,"[642.4000244140625, 368.6000061035156]"
random_walk,1788871692.0859404,22.976242602000003,0.5652456610678548,0.903,0.0,-0.09353919183359585,0.43307011458605943,0.8449126639666008,5.684065313070555,17,0.4003689856381523,-134.5,2,"[655.7999877929688, 348.20001220703125]"
random_walk,1788871692.1358938,23.026196075,0.6688167419979716,0.903,0.0,-0.09353919183359585,0.4326132292616967,0.8535561602634693,5.952064157449591,17,0.4049709280018093,2.69,2,"[655.7999877929688, 348.20001220703125]"
random_walk,1788871692.1857803,23.076082556000003,0.7829937310282431,0.903,0.0,-0.09353919183359585,0.43224772100220654,0.860470957300964,6.221915709877415,17,0.45252433242626416,2.69,2,"[641.7999877929688, 357.20001220703125]"
random_walk,1788871692.2358546,23.126156929,0.8999981247913222,0.903,0.0,-0.09353919183359585,0.43195531439461443,0.8660027949309598,0.21116463013051145,18,0.5184855063053467,2.69,2,"[641.7999877929688, 357.20001220703125]"
random_walk,1788871692.2859583,23.176260398,1.0107129739836518,0.903,0.0,-0.09353919183359585,0.43172138910854074,0.8704282650349564,0.48494775403503354,18,0.5997864880632857,13.45,2,"[615.7999877929688, 443.6000061035156]"
random_walk,1788871692.3358824,23.226184703,1.106488426414864,0.903,0.0,-0.09353919183359585,0.4315342488796818,0.8739686411181538,0.7591512780622196,18,0.6933593161243098,45.73,2,"[615.7999877929688, 443.6000061035156]"
random_walk,1788871692.3857973,23.276099551,1.180245315103321,0.903,0.0,-0.09353919183359585,0.4313845366965946,0.8768009419847116,1.0343337282919975,18,0.7976700097005334,37.66,2,"[568.7999877929688, 558.4000244140625]"
random_walk,1788871692.435854,23.326156280000003,1.2218954562629916,0.903,0.0,-0.09353919183359585,0.4279823450791283,0.8459585806708123,1.3004262028494367,18,0.9142525495798421,2.69,2,"[568.7999877929688, 558.4000244140625]"
random_walk,1788871692.4858034,23.376105717,1.2346874027895913,0.903,0.0,-0.09353919183359585,0.4252605917851553,0.8212846916196929,1.5581515358466902,18,1.0139613007924089,2.69,2,"[511.3999938964844, 626.5999755859375]"
random_walk,1788871692.5360308,23.426333079000003,1.2204062072603796,0.903,0.0,-0.09353919183359585,0.4230831891499769,0.8015455803787973,1.810909349086316,18,1.0998642249140047,43.04,2,"[511.3999938964844, 626.5999755859375]"
random_walk,1788871692.5859873,23.476289797,1.1819014558643237,0.903,0.0,-0.09353919183359585,0.42134126704183417,0.7857542913860809,2.0573691563887593,18,1.175029283520401,43.04,2,"[511.3999938964844, 626.5999755859375]"
random_walk,1788871692.6364222,23.526724409,1.1220159995885164,0.903,0.0,-0.09353919183359585,0.41994772935532,0.7731212601919077,2.3021490142002534,18,1.2072428800659996,80.7,2,"[469.79998779296875, 658.2000122070312]"
random_walk,1788871692.6858673,23.576169503000003,1.0467296347123727,0.903,0.0,-0.09353919183359585,0.4188328992061086,0.7630148352365692,2.539340315935135,18,1.210310841641771,-2.69,2,"[434.79998779296875, 671.4000244140625]"
random_walk,1788871692.7358983,23.626200354,0.9585326851884869,0.903,0.0,-0.09353919183359585,0.4179410350867395,0.7549296952722984,2.776879210921507,18,1.193437052975029,-2.69,2,"[434.79998779296875, 671.4000244140625]"
random_walk,1788871692.7858114,23.676113625000003,0.863481592212411,0.903,0.0,-0.09353919183359585,0.41722754379124427,0.7484615833008816,3.011752549821196,18,1.1550875332778878,-10.76,2,"[446.79998779296875, 655.2000122070312]"
random_walk,1788871692.8358889,23.726190919,0.7662055787790392,0.903,0.0,-0.09353919183359585,0.41665675075484804,0.7432870937237482,3.245595063723158,18,1.0967962633382335,-34.97,2,"[446.79998779296875, 655.2000122070312]"
random_walk,1788871692.885813,23.776115341,0.6722692962125016,0.903,0.0,-0.09353919183359585,0.41620011632573106,0.7391475020620416,3.477502943619541,18,1.026233147095494,-34.97,2,"[490.20001220703125, 630.2000122070312]"
random_walk,1788871692.9359598,23.826262117000002,0.5972897699745358,0.903,0.0,-0.09353919183359585,0.3983792774820263,0.7172418763461725,3.703245115537456,18,0.944932165337555,-142.57,2,"[490.20001220703125, 630.2000122070312]"
random_walk,1788871692.9858274,23.876129683000002,0.5390140104875816,0.903,0.0,-0.09353919183359585,0.38412260640706253,0.6997173757734773,3.9226965097523134,18,0.8252816638824749,-142.57,2,"[545.5999755859375, 550.7999877929688]"
random_walk,1788871693.0359817,23.926284026,0.4964000450138446,0.903,0.0,-0.09353919183359585,0.3727172695470915,0.6856977753153211,4.138768368095668,18,0.7255729126699083,-2.69,2,"[545.5999755859375, 550.7999877929688]"
random_walk,1788871693.0858119,23.976114039000002,0.4694931930897591,0.903,0.0,-0.09353919183359585,0.36359300005911466,0.6744820949487961,4.349915005146784,18,0.6488738732756262,-51.11,2,"[595.5999755859375, 496.79998779296875]"
random_walk,1788871693.135813,24.026115190000002,0.45735085138227083,0.903,0.0,-0.09353919183359585,0.35629358446873316,0.665509550655576,4.558993208694119,18,0.5859806609723149,-150.64,2,"[595.5999755859375, 496.79998779296875]"
random_walk,1788871693.185796,24.076098218000002,0.4595074219836631,0.903,0.0,-0.09353919183359585,0.350454051996428,0.6583315152210001,4.765848510974024,18,0.5338253141842031,-88.77,2,"[613.4000244140625, 432.20001220703125]"
random_walk,1788871693.2358987,24.126201036,0.47518737373468223,0.903,0.0,-0.09353919183359585,0.3457824260185838,0.6525890868733393,4.971117425870887,18,0.49394181369917645,-131.81,2,"[613.4000244140625, 432.20001220703125]"
random_walk,1788871693.2858686,24.176170939000002,0.5033032497918597,0.903,0.0,-0.09353919183359585,0.3420451252363085,0.6479951441952106,5.174575987483749,18,0.47553404424454876,-185.60999999999999,2,"[630.7999877929688, 381.79998779296875]"
random_walk,1788871693.3387036,24.229005992,0.5449131775952739,0.903,0.0,-0.09353919183359585,0.3390552846104882,0.6443199900527078,5.3881210922889125,18,0.4724660826687775,-110.28999999999999,2,"[630.7999877929688, 381.79998779296875]"
random_walk,1788871693.3865302,24.276832359,0.5919521699217225,0.903,0.0,-0.09353919183359585,0.33666341210983197,0.6413798667387055,5.580759030889993,18,0.4724660826687775,-61.87,2,"[630.7999877929688, 381.79998779296875]"
random_walk,1788871693.4359841,24.326286497,0.6478956032220399,0.903,0.0,-0.09353919183359585,0.334749914109307,0.6390277680875036,5.779513629478089,18,0.4924078329112908,-61.87,2,"[628.5999755859375, 374.6000061035156]"
random_walk,1788871693.485809,24.376111168,0.6710448196148224,0.903,0.0,-0.13225794010321706,0.33321911570888707,0.6371460891665421,5.979337206456407,18,0.5154175447295755,2.69,2,"[613.7999877929688, 397.0]"
random_walk,1788871693.5358834,24.426185713000002,0.7362524268701524,0.903,0.0,-0.13225794010321706,0.3319944769885511,0.6356407460297729,6.1791113663790185,18,0.5553010452146021,2.69,2,"[613.7999877929688, 397.0]"
random_walk,1788871693.5858073,24.476109388,0.8021897986783272,0.903,0.0,-0.13225794010321706,0.3310147660122823,0.6344364715203575,0.09514753374889295,19,0.5982525072754,2.69,2,"[599.5999755859375, 455.6000061035156]"
random_walk,1788871693.6360557,24.526357812,0.8667512378028869,0.903,0.0,-0.13225794010321706,0.33023099723126725,0.6334730519128252,0.29499325011311583,19,0.641203969336198,2.69,2,"[599.5999755859375, 455.6000061035156]"
random_walk,1788871693.685969,24.576271264000003,0.9439864441798724,0.903,0.0,-0.13225794010321706,0.3670482932421516,0.6267412563119346,0.49155056209568926,19,0.6887573737606529,13.45,2,"[581.2000122070312, 505.3999938964844]"
random_walk,1788871693.7361774,24.626479747,1.0223113334246614,0.903,0.0,-0.13225794010321706,0.3965021300508591,0.621355819831222,0.6873244902748255,19,0.7409127205487647,48.42,2,"[581.2000122070312, 505.3999938964844]"
random_walk,1788871693.785808,24.676110190000003,1.0945474307135374,0.903,0.0,-0.13225794010321706,0.4200651994978251,0.617047470646652,0.8801673650627251,19,0.8206797215188181,48.42,2,"[555.2000122070312, 558.2000122070312]"
random_walk,1788871693.8358562,24.726158557,1.1564140624493209,0.903,0.0,-0.13225794010321706,0.4389156550553979,0.613600791298996,1.0731169141647214,19,0.8943107993373288,8.07,2,"[555.2000122070312, 558.2000122070312]"
random_walk,1788871693.8857849,24.776087164,1.2036466840185516,0.903,0.0,-0.13225794010321706,0.4539960195014562,0.6108434478208712,1.2647850144973418,19,0.9648739155800683,16.14,2,"[523.5999755859375, 597.7999877929688]"
random_walk,1788871693.9358225,24.826124712000002,1.233738985246805,0.903,0.0,-0.13225794010321706,0.46606031105830276,0.6086375730383714,1.4560779619242297,19,1.033903051034922,61.87,2,"[523.5999755859375, 597.7999877929688]"
random_walk,1788871693.9857843,24.876086421,1.2450871025533263,0.903,0.0,-0.13225794010321706,0.47571174430378005,0.6068728732123715,1.6466163566059109,19,1.0967962633382335,61.87,2,"[496.79998779296875, 634.0]"
random_walk,1788871694.0359428,24.926245138000002,1.2371095667143475,0.903,0.0,-0.13225794010321706,0.48343289090016184,0.6054611133515716,1.8372924209642676,19,1.1535535524900022,75.32,2,"[496.79998779296875, 634.0]"
random_walk,1788871694.0858083,24.976110548,1.2103323792035041,0.903,0.0,-0.13225794010321706,0.4896098081772673,0.6043317054629317,2.02675785429161,19,1.191903072187143,104.91,2,"[454.3999938964844, 663.5999755859375]"
random_walk,1788871694.1358523,25.026154686,1.1657452414706624,0.903,0.0,-0.13225794010321706,0.4945513419989517,0.6034281791520197,2.216444098202679,19,1.217980745581199,107.6,2,"[454.3999938964844, 663.5999755859375]"
random_walk,1788871694.1857896,25.076091749000003,1.105384243131209,0.903,0.0,-0.13225794010321706,0.49850456905629914,0.6027053581032902,2.40564195700194,19,1.2241166687327416,107.6,2,"[429.20001220703125, 673.5999755859375]"
random_walk,1788871694.235802,25.126104109,1.0315549138498645,0.903,0.0,-0.13225794010321706,0.5016671507021772,0.6021271012643066,2.594867867265968,19,1.2118448224296565,-2.69,2,"[429.20001220703125, 673.5999755859375]"
random_walk,1788871694.2857895,25.176091872,0.9473021717909079,0.903,0.0,-0.13225794010321706,0.5041972160188796,0.6016644957931196,2.783828688841375,19,1.1811652066719438,-2.69,2,"[434.79998779296875, 657.7999877929688]"
random_walk,1788871694.3359468,25.226249127000003,0.8556112671076738,0.903,0.0,-0.13225794010321706,0.5062212682722415,0.6012944114161701,2.973144780361615,19,1.1382137446111458,-18.83,2,"[434.79998779296875, 657.7999877929688]"
random_walk,1788871694.385806,25.276108428,0.7605871458012095,0.903,0.0,-0.13225794010321706,0.5078405100749309,0.6009983439146105,3.161590252752184,19,1.0799224746714913,-21.52,2,"[470.79998779296875, 633.5999755859375]"
random_walk,1788871694.4358106,25.326112969,0.6652570997965899,0.903,0.0,-0.13225794010321706,0.5091359035170825,0.6007614899133628,3.350288569968832,19,1.0078253776408663,-21.52,2,"[470.79998779296875, 633.5999755859375]"
random_walk,1788871694.4859498,25.376251957,0.5731207506605297,0.903,0.0,-0.13225794010321706,0.5101722182708038,0.6005720067123647,3.539361078606568,19,0.9326603190344698,-145.26,2,"[514.7999877929688, 586.2000122070312]"
random_walk,1788871694.5358799,25.426181921,0.4841209594503766,0.903,0.0,-0.13225794010321706,0.5104336099307601,0.632017760382712,3.7378199800716985,19,0.8482913757007595,-18.83,2,"[514.7999877929688, 586.2000122070312]"
random_walk,1788871694.5857613,25.476063743,0.40363574646733497,0.903,0.0,-0.13225794010321706,0.5106427232587252,0.6571743633189898,3.943826017417912,19,0.7179030087304801,-18.83,2,"[574.5999755859375, 522.2000122070312]"
random_walk,1788871694.6358082,25.526110276,0.385,0.903,0.0,-0.13225794010321706,0.5108100139210972,0.6772996456680122,4.156784562748548,19,0.6320000846088841,-96.84,2,"[574.5999755859375, 522.2000122070312]"
random_walk,1788871694.6857805,25.576082719000002,0.385,0.903,0.0,-0.13225794010321706,0.5109438464509948,0.69339987154723,4.374503430108298,19,0.5506991028509451,-142.57,2,"[605.7999877929688, 458.3999938964844]"
random_walk,1788871694.7359636,25.626265874,0.385,0.903,0.0,-0.13225794010321706,0.5110509124749129,0.7062800522506043,4.596965408737056,19,0.47553404424454876,-123.74,2,"[605.7999877929688, 458.3999938964844]"
random_walk,1788871694.7859457,25.676247940000003,0.385,0.903,0.0,-0.13225794010321706,0.5111365652940474,0.7165841968133038,4.822074384777871,19,0.42337869745643697,-204.44,2,"[641.2000122070312, 368.3999938964844]"
random_walk,1788871694.835952,25.726254332,0.385,0.903,0.0,-0.13225794010321706,0.511205087549355,0.7248275124634633,5.0498001551511535,19,0.4049709280018093,-185.60999999999999,2,"[641.2000122070312, 368.3999938964844]"
random_walk,1788871694.8859446,25.776246939,0.385,0.903,0.0,-0.13225794010321706,0.5112599053536011,0.7314221649835909,5.279561789389412,19,0.40343694721392365,-242.1,2,"[646.0, 351.0]"
random_walk,1788871694.936024,25.826326188000003,0.41413663988225663,0.903,0.0,-0.13225794010321706,0.5113037595969979,0.7366978869996931,5.511361549170481,19,0.40343694721392365,-209.82,2,"[646.0, 351.0]"
random_walk,1788871694.985752,25.876054304,0.5078374165828157,0.903,0.0,-0.13225794010321706,0.5113388429917154,0.7409184646125747,5.74316948284126,19,0.40343694721392365,-209.82,2,"[646.7999877929688, 352.6000061035156]"
random_walk,1788871695.0356452,25.92594757,0.6163677600551255,0.903,0.0,-0.13225794010321706,0.5113669097074893,0.7442949267028801,5.976515404602246,19,0.40343694721392365,-67.25,2,"[646.7999877929688, 352.6000061035156]"
random_walk,1788871695.085765,25.976067219,0.7341953756722394,0.903,0.0,-0.13225794010321706,0.5113893630801085,0.7469960963751244,6.211658858224986,19,0.4141748127291231,2.69,2,"[631.7999877929688, 365.6000061035156]"
random_walk,1788871695.1358037,26.026106082000002,0.854206027044219,0.903,0.0,-0.13225794010321706,0.5114073257782039,0.7491570321129198,0.16393781619710524,20,0.46019423636569234,2.69,2,"[631.7999877929688, 365.6000061035156]"
random_walk,1788871695.1857584,26.076060477000002,0.969743139192766,0.903,0.0,-0.13225794010321706,0.5114216959366802,0.7508857807031561,0.3996690400988854,20,0.5399612373357456,13.45,2,"[622.5999755859375, 410.6000061035156]"
random_walk,1788871695.23592,26.126222128000002,1.0747682465363488,0.903,0.0,-0.13225794010321706,0.5114331920634612,0.7522687795753452,0.6365929994562407,20,0.6335340653967698,26.9,2,"[622.5999755859375, 410.6000061035156]"
random_walk,1788871695.285929,26.176231230000003,1.1627336919511542,0.903,0.0,-0.13225794010321706,0.511442388964886,0.7533751786730964,0.8732854876319465,20,0.7393787397608791,75.32,2,"[575.5999755859375, 542.0]"
random_walk,1788871695.3358862,26.22618834,1.228867899077455,0.903,0.0,-0.13225794010321706,0.5114497464860259,0.7542602979512975,1.11009223121944,20,0.8528933180644165,2.69,2,"[575.5999755859375, 542.0]"
random_walk,1788871695.3857977,26.276100040000003,1.2694298297485902,0.903,0.0,-0.13225794010321706,0.5114556325029378,0.7549683933738582,1.3468841310785962,20,1.0016894544893238,2.69,2,"[519.4000244140625, 616.4000244140625]"
random_walk,1788871695.4357624,26.326064516000002,1.2821566377981775,0.903,0.0,-0.13225794010321706,0.5114603413164673,0.7555348697119069,1.584173719214263,20,1.0952622825503477,40.35,2,"[519.4000244140625, 616.4000244140625]"
random_walk,1788871695.485789,26.376091212000002,1.2661754791292512,0.903,0.0,-0.13225794010321706,0.511464108367291,0.7559880507823458,1.8218256292825998,20,1.167359379580973,150.64,2,"[473.3999938964844, 658.4000244140625]"
random_walk,1788871695.5357864,26.426088543000002,1.1898710535721033,0.903,0.0,-0.13225794010321706,0.4744607354465815,0.7535879772948252,2.0585672555840233,20,1.2210487071569704,75.32,2,"[473.3999938964844, 658.4000244140625]"
random_walk,1788871695.5858102,26.476112464000003,1.104027161862339,0.903,0.0,-0.13225794010321706,0.4448580371100139,0.7516679185048087,2.2947478514644217,20,1.2517283229146832,121.05,2,"[426.20001220703125, 687.4000244140625]"
random_walk,1788871695.63605,26.526352347000003,1.0121280326971518,0.903,0.0,-0.13225794010321706,0.4211758784407599,0.7501318714727956,2.5312797223060954,20,1.2501943421267976,-2.69,2,"[426.20001220703125, 687.4000244140625]"
random_walk,1788871695.6859179,26.576220045000003,0.9182669404878592,0.903,0.0,-0.13225794010321706,0.40223015150535657,0.748903033847185,2.7660608391367987,20,1.2210487071569704,-5.38,2,"[416.6000061035156, 675.2000122070312]"
random_walk,1788871695.7359464,26.626248538000002,0.8249339101035101,0.903,0.0,-0.13225794010321706,0.387073569957034,0.7479199637466967,3.001127193565509,20,1.167359379580973,-2.69,2,"[416.6000061035156, 675.2000122070312]"
random_walk,1788871695.7857563,26.67605859,0.7356684041791998,0.903,0.0,-0.13225794010321706,0.3749483047183759,0.7471335076663059,3.2352722572695995,20,1.0676506283684062,-2.69,2,"[466.20001220703125, 639.7999877929688]"
random_walk,1788871695.8357048,26.726006907000002,0.653088428117554,0.903,0.0,-0.13225794010321706,0.3652480925274495,0.7465043428019933,3.469560408444039,20,0.9802137234589247,-72.63,2,"[466.20001220703125, 639.7999877929688]"
random_walk,1788871695.885902,26.776204082000003,0.579941192440846,0.903,0.0,-0.13225794010321706,0.3574879227747083,0.7460010109105433,3.7045940509023865,20,0.8958447801252144,-112.98,2,"[519.4000244140625, 586.7999877929688]"
random_walk,1788871695.93592,26.826222322000003,0.5194109147896442,0.903,0.0,-0.13225794010321706,0.3512797869725154,0.7455983453973832,3.9388933189044906,20,0.8022719520641903,-2.69,2,"[519.4000244140625, 586.7999877929688]"
random_walk,1788871695.985809,26.876111349000002,0.4736528343359288,0.903,0.0,-0.13225794010321706,0.346313278330761,0.7452762129868552,4.172688519593464,20,0.7117670855789375,-21.52,2,"[580.5999755859375, 525.4000244140625]"
random_walk,1788871696.035936,26.9262383,0.44423225676268085,0.903,0.0,-0.13225794010321706,0.34234007141735745,0.7450185070584328,4.407095051178828,20,0.6396699885483124,-75.32,2,"[580.5999755859375, 525.4000244140625]"
random_walk,1788871696.085865,26.976167363000002,0.4324474823057878,0.903,0.0,-0.13225794010321706,0.33916150588663463,0.7448123423156948,4.640874191501126,20,0.5767767762450011,-110.28999999999999,2,"[605.4000244140625, 469.6000061035156]"
random_walk,1788871696.135946,27.026248408,0.4385651249967817,0.903,0.0,-0.13225794010321706,0.33661865346205644,0.7446474105215044,4.8750187824558395,20,0.5200194870932323,-110.28999999999999,2,"[605.4000244140625, 469.6000061035156]"
random_walk,1788871696.1857731,27.076075325,0.4620530730823324,0.903,0.0,-0.13225794010321706,0.33458437152239384,0.7445154650861521,5.1084070599843585,20,0.4693981210930062,-110.28999999999999,2,"[630.5999755859375, 391.3999938964844]"
random_walk,1788871696.23581,27.126112521000003,0.5017221087943591,0.903,0.0,-0.13225794010321706,0.33295694597066383,0.7444099087378703,5.3424828790110155,20,0.45559229400203544,-142.57,2,"[630.5999755859375, 391.3999938964844]"
random_walk,1788871696.2859159,27.17621812,0.5554124096824077,0.903,0.0,-0.13225794010321706,0.33165500552927973,0.7443254636592448,5.576576924458351,20,0.4540583132141498,-91.46,2,"[644.4000244140625, 367.0]"
random_walk,1788871696.335919,27.226221304000003,0.6201897956236355,0.903,0.0,-0.13225794010321706,0.3306134531761725,0.7442579075963445,5.810394775425294,20,0.4586602555778067,5.38,2,"[644.4000244140625, 367.0]"
random_walk,1788871696.3858294,27.276131641000003,0.6925918145261419,0.903,0.0,-0.13225794010321706,0.32978021129368673,0.7442038627460241,6.043932525980779,20,0.4816699673960913,2.69,2,"[625.5999755859375, 379.6000061035156]"
random_walk,1788871696.4358573,27.326159449000002,0.7689645919719892,0.903,0.0,-0.13225794010321706,0.3291136177876981,0.7441606268657679,6.277784507972854,20,0.5200194870932323,2.69,2,"[625.5999755859375, 379.6000061035156]"
random_walk,1788871696.4858096,27.376111792000003,0.8491837052100589,0.903,0.0,-0.13225794010321706,0.3612878759079319,0.7143119665354758,0.2188597748052885,21,0.5691068723055729,2.69,2,"[615.4000244140625, 439.20001220703125]"
random_walk,1788871696.5359194,27.426221820000002,0.9342186897578042,0.903,0.0,-0.13225794010321706,0.3870272824041189,0.6904330382712421,0.43608097065189355,21,0.6258641614573416,2.69,2,"[615.4000244140625, 439.20001220703125]"
random_walk,1788871696.5857985,27.476100878,1.0163313013095499,0.903,0.0,-0.13225794010321706,0.4076188076010685,0.6713298956598552,0.6466264336534735,21,0.7179030087304801,2.69,2,"[585.7999877929688, 511.79998779296875]"
random_walk,1788871696.6357415,27.526043865000002,1.0900664454717073,0.903,0.0,-0.13225794010321706,0.4240920277586282,0.6560473815707457,0.8525487929925717,21,0.7915340865489908,10.76,2,"[585.7999877929688, 511.79998779296875]"
random_walk,1788871696.6859686,27.576271086000002,1.151205734048531,0.903,0.0,-0.13225794010321706,0.437270603884676,0.6438213702994581,1.0553797569538759,21,0.8774370106705868,2.69,2,"[546.2000122070312, 575.5999755859375]"
random_walk,1788871696.735922,27.626224294,1.1963489654898258,0.903,0.0,-0.13225794010321706,0.4478134647855142,0.634040561282428,1.2545552477645643,21,0.9526020692769832,5.38,2,"[546.2000122070312, 575.5999755859375]"
random_walk,1788871696.7859664,27.676268591000003,1.2237436181494492,0.903,0.0,-0.13225794010321706,0.45624775350618474,0.626215914068804,1.451436059170625,21,1.0246991663076084,40.35,2,"[518.7999877929688, 606.5999755859375]"
random_walk,1788871696.8358355,27.726137812,1.23243796492819,0.903,0.0,-0.13225794010321706,0.46299518448272126,0.6199561962979047,1.6457304550972438,21,1.0891263593988052,72.63,2,"[518.7999877929688, 606.5999755859375]"
random_walk,1788871696.8858504,27.776152852000003,1.2224023217707916,0.903,0.0,-0.13225794010321706,0.4683931292639504,0.6149484220811853,1.838896053041232,21,1.145883648550574,61.87,2,"[469.79998779296875, 643.7999877929688]"
random_walk,1788871696.9359348,27.826237016,1.1942339221302702,0.903,0.0,-0.13225794010321706,0.4727114850889337,0.6109422027078097,2.031189027542389,21,1.184233168247715,86.08,2,"[469.79998779296875, 643.7999877929688]"
random_walk,1788871696.9858227,27.876124735,1.1495504491447563,0.903,0.0,-0.13225794010321706,0.47616616974892034,0.6077372272091093,2.221697290555916,21,1.2087768608538851,86.08,2,"[435.79998779296875, 667.2000122070312]"
random_walk,1788871697.035823,27.926125532,1.0900304559603993,0.903,0.0,-0.13225794010321706,0.4789299174769097,0.605173246810149,2.411859998623676,21,1.210310841641771,0.0,2,"[435.79998779296875, 667.2000122070312]"
random_walk,1788871697.0857751,27.976077529,1.018246624224595,0.903,0.0,-0.13225794010321706,0.48114091565930117,0.6031220624909807,2.6012710588194707,21,1.1965050145508,-2.69,2,"[431.6000061035156, 660.7999877929688]"
random_walk,1788871697.1357853,28.026087577000002,0.9369414404847045,0.903,0.0,-0.13225794010321706,0.48290971420521434,0.601481115035646,2.7902460809944003,21,1.1688933603688585,-2.69,2,"[431.6000061035156, 660.7999877929688]"
random_walk,1788871697.1857796,28.076081903000002,0.9845057000801428,0.903,0.0,0.003003498709633297,0.4843247530419449,0.6001683570713784,2.9787885390738964,21,1.1244079175201749,-21.52,2,"[451.79998779296875, 646.7999877929688]"
random_walk,1788871697.2359488,28.126251238000002,0.8934650759572924,0.903,0.0,0.003003498709633297,0.4854567841113293,0.5991181506999642,3.1674236186208944,21,1.069184609156292,-18.83,2,"[451.79998779296875, 646.7999877929688]"
random_walk,1788871697.2858174,28.176119763000003,0.8030345159960833,0.903,0.0,0.003003498709633297,0.4863624089668369,0.5982779856028329,3.354919461610656,21,1.012427320004523,-2.69,2,"[489.20001220703125, 621.5999755859375]"
random_walk,1788871697.336007,28.226309377000003,0.7155050480993924,0.903,0.0,0.003003498709633297,0.48708690885124295,0.5976058535251277,3.5434163782183887,21,0.9756117810952678,-51.11,2,"[489.20001220703125, 621.5999755859375]"
random_walk,1788871697.3858354,28.276137721,0.6351875459892493,0.903,0.0,0.003003498709633297,0.4876665087587678,0.5970681478629637,3.7303526504671325,21,0.9203884727313847,-51.11,2,"[511.79998779296875, 585.5999755859375]"
random_walk,1788871697.4358099,28.326112076,0.5640996049219231,0.903,0.0,0.003003498709633297,0.48813018868478764,0.5966379833332325,3.917600674153711,21,0.8559612796401878,-34.97,2,"[511.79998779296875, 585.5999755859375]"
random_walk,1788871697.485806,28.376108237,0.507889053811843,0.903,0.0,0.003003498709633297,0.4830867734819767,0.6123971651144009,4.110213782512041,21,0.7715923363064775,-10.76,2,"[557.0, 540.5999755859375]"
random_walk,1788871697.5359063,28.426208573,0.465833334605323,0.903,0.0,0.003003498709633297,0.47905204131972795,0.6250045105393356,4.3067128950408815,21,0.6948932969121955,-72.63,2,"[557.0, 540.5999755859375]"
random_walk,1788871697.5857782,28.476080578,0.44027841775833004,0.903,0.0,0.003003498709633297,0.47582425558992897,0.6350903868792834,4.505990830211694,21,0.624330180669456,-75.32,2,"[600.2000122070312, 491.3999938964844]"
random_walk,1788871697.635894,28.526196374,0.4327654003981585,0.903,0.0,0.003003498709633297,0.47324202700608975,0.6431590879512417,4.70831426028932,21,0.5583690067903734,-91.46,2,"[600.2000122070312, 491.3999938964844]"
random_walk,1788871697.6858175,28.576119705000004,0.44420014488181003,0.903,0.0,0.003003498709633297,0.4711762441390184,0.6496140488088082,4.912183074818024,21,0.5062136600022615,-139.88,2,"[623.4000244140625, 418.20001220703125]"
random_walk,1788871697.735973,28.626275153,0.47466044887606484,0.903,0.0,0.003003498709633297,0.4695236178453613,0.6547780174948615,5.118453775344655,21,0.4724660826687775,-137.19,2,"[623.4000244140625, 418.20001220703125]"
random_walk,1788871697.7858136,28.676115866000004,0.5229304588530164,0.903,0.0,0.003003498709633297,0.4682015168104356,0.6589091924437042,5.324947167650812,21,0.45712627478992107,-137.19,2,"[637.0, 375.6000061035156]"
random_walk,1788871697.835802,28.726104285,0.5874886463433648,0.903,0.0,0.003003498709633297,0.46714383598249504,0.6622141324027783,5.532917555238392,21,0.45712627478992107,-51.11,2,"[637.0, 375.6000061035156]"
random_walk,1788871697.885787,28.776089225000003,0.6656711067224764,0.903,0.0,0.003003498709633297,0.4662976913201426,0.6648580843700376,5.741704540350078,21,0.4678641403051206,2.69,2,"[622.2000122070312, 375.0]"
random_walk,1788871697.9360483,28.826350395000002,0.7546577101289099,0.903,0.0,0.003003498709633297,0.46562077559026066,0.666973245943845,5.95213034777283,21,0.4970097752749477,2.69,2,"[622.2000122070312, 375.0]"
random_walk,1788871697.985782,28.876084153,0.8494676705835376,0.903,0.0,0.003003498709633297,0.4650792430063551,0.6686653752028909,6.1613221971942735,21,0.5445631796994026,5.38,2,"[619.7999877929688, 415.79998779296875]"
random_walk,1788871698.035867,28.926169118,0.9472809883684039,0.903,0.0,0.003003498709633297,0.4646460169392307,0.6700190786101277,0.08895368713986329,22,0.6043884304269426,8.07,2,"[619.7999877929688, 415.79998779296875]"
random_walk,1788871698.086017,28.976319144,1.0433196388321309,0.903,0.0,0.003003498709633297,0.46429943608553115,0.6711020413359171,0.30023960283132567,22,0.6764855274575677,29.59,2,"[582.2000122070312, 506.3999938964844]"
random_walk,1788871698.135841,29.026143124,1.1328494947687635,0.903,0.0,0.003003498709633297,0.4640221714025715,0.6719684115165486,0.5107926486063405,22,0.7577865092155067,56.49,2,"[582.2000122070312, 506.3999938964844]"
random_walk,1788871698.1857934,29.076095694000003,1.2124753682925777,0.903,0.0,0.003003498709633297,0.4638003596562038,0.6726615076610538,0.7218628487741938,22,0.8835729338221293,56.49,2,"[542.5999755859375, 575.7999877929688]"
random_walk,1788871698.2357395,29.126041641,1.2785524483339932,0.903,0.0,0.003003498709633297,0.4636229102591096,0.673215984576658,0.9332526927573923,22,0.9756117810952678,8.07,2,"[542.5999755859375, 575.7999877929688]"
random_walk,1788871698.2857838,29.176085958,1.3281123095372727,0.903,0.0,0.003003498709633297,0.4634809507414343,0.6736595661091414,1.1450628279298911,22,1.0630486860047492,72.63,2,"[500.20001220703125, 618.5999755859375]"
random_walk,1788871698.3358026,29.226104733000003,1.3588016772890876,0.903,0.0,0.003003498709633297,0.46336738312729403,0.6740144313351281,1.3568019316874,22,1.141281706186917,104.91,2,"[500.20001220703125, 618.5999755859375]"
random_walk,1788871698.3857975,29.276099860000002,1.3692789612691239,0.903,0.0,0.003003498709633297,0.4632765290359818,0.6742983235159173,1.5686506190173901,22,1.2118448224296565,102.22,2,"[449.3999938964844, 669.4000244140625]"
random_walk,1788871698.4359171,29.326219327,1.3590145786211192,0.903,0.0,0.003003498709633297,0.46320384576293205,0.6745254372605488,1.7809681833842461,22,1.2670681307935396,161.4,2,"[449.3999938964844, 669.4000244140625]"
random_walk,1788871698.4857492,29.376051687,1.3285956171729636,0.903,0.0,0.003003498709633297,0.4631456991444922,0.674707128256254,1.9923878425422998,22,1.3100195928543377,161.4,2,"[408.20001220703125, 703.7999877929688]"
random_walk,1788871698.5358949,29.426197242,1.2560546646402146,0.903,0.0,0.003003498709633297,0.44025729045070877,0.7304455756727462,2.2224104892788574,22,1.3360972662483934,188.29999999999998,2,"[408.20001220703125, 703.7999877929688]"
random_walk,1788871698.585766,29.476068247,1.1700663063840013,0.903,0.0,0.003003498709633297,0.421946563495682,0.7750363336059398,2.465409601683646,22,1.3391652278241648,188.29999999999998,2,"[392.0, 721.4000244140625]"
random_walk,1788871698.6357315,29.526033904000002,1.0727000354100695,0.903,0.0,0.003003498709633297,0.4072979819316606,0.8107089399524949,2.7199342590951545,22,1.325359400733194,-5.38,2,"[392.0, 721.4000244140625]"
random_walk,1788871698.6858044,29.576106690000003,0.9681414205047173,0.903,0.0,0.003003498709633297,0.3955791166804435,0.839247025029739,2.983858498881986,22,1.2839419194602817,-2.69,2,"[400.6000061035156, 694.4000244140625]"
random_walk,1788871698.7358582,29.626160468000002,0.8623243402719858,0.903,0.0,0.003003498709633297,0.3862040244794698,0.8620774930915343,3.2549338274362043,22,1.2210487071569704,-16.14,2,"[400.6000061035156, 694.4000244140625]"
random_walk,1788871698.7857697,29.676071951,0.7621865016794483,0.903,0.0,0.003003498709633297,0.37870395071869084,0.8803418675409704,3.531130598750181,22,1.141281706186917,-29.59,2,"[450.6000061035156, 663.4000244140625]"
random_walk,1788871698.8358905,29.726192843000003,0.674209863254732,0.903,0.0,0.003003498709633297,0.3727038917100677,0.8949533671005194,3.8127904197815923,22,1.0492428589137786,-37.66,2,"[450.6000061035156, 663.4000244140625]"
random_walk,1788871698.8857636,29.776065907000003,0.6055757896347203,0.903,0.0,0.003003498709633297,0.36790384450316915,0.9066425667481586,4.097076317626247,22,0.9526020692769832,-112.98,2,"[513.0, 594.5999755859375]"
random_walk,1788871698.935917,29.826219152,0.5612178804546546,0.903,0.0,0.003003498709633297,0.3640638067376503,0.91599392646627,4.385504229189095,22,0.859029241215959,-45.73,2,"[513.0, 594.5999755859375]"
random_walk,1788871698.985762,29.876064225,0.5452644371193696,0.903,0.0,0.003003498709633297,0.36099177652523523,0.9234750142407591,4.674968691409148,22,0.7240389318820226,-45.73,2,"[578.7999877929688, 521.7999877929688]"
random_walk,1788871699.0357654,29.926067491,0.5590214548863566,0.903,0.0,0.003003498709633297,0.35853415235530317,0.9294598844603503,4.9669274374646335,22,0.6504078540635119,-13.45,2,"[578.7999877929688, 521.7999877929688]"
random_walk,1788871699.085812,29.976114376,0.6017181128685152,0.903,0.0,0.003003498709633297,0.3565680530193575,0.9342477806360232,5.260764403790446,22,0.5982525072754,-83.39,2,"[606.5999755859375, 472.79998779296875]"
random_walk,1788871699.13582,30.026122079,0.669843645321352,0.903,0.0,0.003003498709633297,0.354995173550601,0.9380780975765617,5.555359284581542,22,0.5691068723055729,-18.83,2,"[606.5999755859375, 472.79998779296875]"
random_walk,1788871699.185768,30.076070117,0.7577870826914644,0.903,0.0,0.003003498709633297,0.3537368699755958,0.9411423511289925,5.850839527405483,22,0.5645049299419159,2.69,2,"[608.2000122070312, 441.3999938964844]"
random_walk,1788871699.2358286,30.126130924,0.8583316436574837,0.903,0.0,0.003003498709633297,0.3527302271155916,0.9435937539709369,6.147619413345026,22,0.5844466801844292,2.69,2,"[608.2000122070312, 441.3999938964844]"
random_walk,1788871699.2857537,30.176056042000003,0.956014104930234,0.903,0.0,0.003003498709633297,0.35769351572329466,0.8792842711998692,0.1402736942543683,23,0.6227961998815703,13.45,2,"[592.2000122070312, 457.79998779296875]"
random_walk,1788871699.335994,30.226296219,1.047308500110831,0.903,0.0,0.003003498709633297,0.3616641466094571,0.827836684983015,0.40140037996399514,23,0.6826214506091103,53.8,2,"[592.2000122070312, 457.79998779296875]"
random_walk,1788871699.3857565,30.276058743000004,1.126095864658455,0.903,0.0,0.003003498709633297,0.36484065131838705,0.7866786160095316,0.6475775365505498,23,0.7884661249732196,53.8,2,"[566.0, 529.7999877929688]"
random_walk,1788871699.4358358,30.326137895000002,1.1902705909989733,0.903,0.0,0.003003498709633297,0.367381855085531,0.7537521608307449,0.8847626426000588,23,0.8866408953979006,10.76,2,"[566.0, 529.7999877929688]"
random_walk,1788871699.4857535,30.376055617000002,1.2373651780125334,0.903,0.0,0.003003498709633297,0.36941481809924614,0.7274109966877156,1.1129143114754285,23,0.9771457618831534,8.07,2,"[519.5999755859375, 593.5999755859375]"
random_walk,1788871699.5357873,30.426089599,1.2667691615310805,0.903,0.0,0.003003498709633297,0.3710411885102183,0.706338065373292,1.3349042468136858,23,1.0584467436410925,48.42,2,"[519.5999755859375, 593.5999755859375]"
random_walk,1788871699.5857575,30.476059845,1.2782760374182613,0.903,0.0,0.003003498709633297,0.372342284838996,0.6894797203217532,1.5514405477317084,23,1.1259418983080607,72.63,2,"[488.6000061035156, 633.5999755859375]"
random_walk,1788871699.6358788,30.526180894000003,1.2724274583556519,0.903,0.0,0.003003498709633297,0.37338316190201815,0.6759930442805222,1.764168607527175,23,1.1857671490356005,69.94,2,"[488.6000061035156, 633.5999755859375]"
random_walk,1788871699.6857803,30.576082596000003,1.2503791927934675,0.903,0.0,0.003003498709633297,0.37421586355243586,0.6652037034475373,1.9728495894576596,23,1.227184630308513,139.88,2,"[431.3999938964844, 674.0]"
random_walk,1788871699.7358918,30.626194108000004,1.2135622796057528,0.903,0.0,0.003003498709633297,0.37488202487277,0.6565722307811495,2.179456453219011,23,1.2501943421267976,115.67,2,"[431.3999938964844, 674.0]"
random_walk,1788871699.7857473,30.676049600000002,1.1642161856084503,0.903,0.0,0.003003498709633297,0.37541495392903734,0.6496670526480391,2.383130316705767,23,1.2593982268541113,115.67,2,"[411.20001220703125, 681.2000122070312]"
random_walk,1788871699.835736,30.726038141000004,1.1044157820634386,0.903,0.0,0.003003498709633297,0.37584129717405124,0.6441429101415509,2.58544885950041,23,1.2501943421267976,-2.69,2,"[411.20001220703125, 681.2000122070312]"
random_walk,1788871699.8857567,30.776058991000003,1.0367917485713072,0.903,0.0,0.003003498709633297,0.3761823717700624,0.6397235961363603,2.7865051001997685,23,1.2241166687327416,-2.69,2,"[418.6000061035156, 668.0]"
random_walk,1788871699.9357827,30.826085114,0.9641822623336316,0.903,0.0,0.003003498709633297,0.3764552314468713,0.6361881449322079,2.986427121348349,23,1.1873011298234863,-2.69,2,"[418.6000061035156, 668.0]"
random_walk,1788871699.98576,30.876062046,0.8895265593524238,0.903,0.0,0.003003498709633297,0.3766735191883185,0.6333597839688859,3.1853499068892503,23,1.141281706186917,-18.83,2,"[450.3999938964844, 653.7999877929688]"
random_walk,1788871700.0357985,30.926100958000003,0.815645292623933,0.903,0.0,0.003003498709633297,0.37684814938147615,0.6310970951982283,3.3837252094368964,23,1.0845244170351482,-32.28,2,"[450.3999938964844, 653.7999877929688]"
random_walk,1788871700.0857468,30.976049080000003,0.7490823936321562,0.903,0.0,0.003003498709633297,0.369542411599436,0.6257690411988431,3.580152732828445,23,1.0185632431560658,-16.14,2,"[497.6000061035156, 613.5999755859375]"
random_walk,1788871700.1358738,31.026176038000003,0.6905086172100952,0.903,0.0,0.003003498709633297,0.3636978213738039,0.6215065979993349,3.775764744047443,23,0.9526020692769832,-94.14999999999999,2,"[497.6000061035156, 613.5999755859375]"
random_walk,1788871700.185799,31.076100899000004,0.6415086927570156,0.903,0.0,0.003003498709633297,0.3590221491932982,0.6180966434397284,3.969783013803088,23,0.863631183579616,-94.14999999999999,2,"[535.0, 556.7999877929688]"
random_walk,1788871700.2357318,31.126034165000004,0.525048790696635,0.903,0.0,-0.07497564978925507,0.35528161144889364,0.6153686797920431,4.1628699065531904,23,0.7838641826095626,-2.69,2,"[535.0, 556.7999877929688]"
random_walk,1788871700.2858498,31.176151899,0.49788820819451185,0.903,0.0,-0.07497564978925507,0.35228918125337,0.6131863088738949,4.355868469758597,23,0.7255729126699083,-48.42,2,"[572.2000122070312, 522.5999755859375]"
random_walk,1788871700.3358986,31.226201068,0.48284409678092327,0.903,0.0,-0.07497564978925507,0.3498952370969511,0.6114404121393764,4.548036985573326,23,0.6688156235181395,-115.67,2,"[572.2000122070312, 522.5999755859375]"
random_walk,1788871700.3857589,31.276061052000003,0.48017064704090895,0.903,0.0,-0.07497564978925507,0.34798008177181594,0.6100436947517616,4.739340777145536,23,0.6013204688511713,-59.18,2,"[601.4000244140625, 473.6000061035156]"
random_walk,1788871700.4357712,31.326073586000003,0.48979804882568917,0.903,0.0,-0.07497564978925507,0.3464479575117078,0.6089263208416696,4.930681208934139,23,0.5399612373357456,-72.63,2,"[601.4000244140625, 473.6000061035156]"
random_walk,1788871700.485764,31.376066204,0.511315053048874,0.903,0.0,-0.07497564978925507,0.34522225810362134,0.6080324217135962,5.121670585522757,23,0.5062136600022615,-147.95,2,"[622.2000122070312, 405.20001220703125]"
random_walk,1788871700.5358305,31.426132663,0.5439718989485682,0.903,0.0,-0.07497564978925507,0.34424169857715214,0.6073173024111373,5.312710361870181,23,0.4908738521234052,-112.98,2,"[622.2000122070312, 405.20001220703125]"
random_walk,1788871700.5857594,31.476061611000002,0.5864495118901876,0.903,0.0,-0.07497564978925507,0.3434572509559768,0.6067452069691703,5.503068895786036,23,0.4878058905476339,-112.98,2,"[621.4000244140625, 389.3999938964844]"
random_walk,1788871700.635735,31.526037299000002,0.6373653990917161,0.903,0.0,-0.07497564978925507,0.34282969285903653,0.6062875306155967,5.693459537537045,23,0.500077736850719,2.69,2,"[621.4000244140625, 389.3999938964844]"
random_walk,1788871700.6857808,31.576083075000003,0.6949559167397291,0.903,0.0,-0.07497564978925507,0.3423276463814843,0.6059213895327378,5.883947086171524,23,0.5246214294568893,2.69,2,"[614.2000122070312, 398.3999938964844]"
random_walk,1788871700.7359152,31.626217340000004,0.7571929778832645,0.903,0.0,-0.07497564978925507,0.3419260091994425,0.6056284766664507,6.074520256221227,23,0.5583690067903734,2.69,2,"[614.2000122070312, 398.3999938964844]"
random_walk,1788871700.785927,31.676229223000004,0.8217588504165194,0.903,0.0,-0.07497564978925507,0.34160469945380906,0.605394146373421,6.264842903959099,23,0.5997864880632857,2.69,2,"[601.7999877929688, 456.6000061035156]"
random_walk,1788871700.8357697,31.726071934000004,0.886219284234234,0.903,0.0,-0.07497564978925507,0.3413476516573023,0.6052066821389973,0.17132268531841532,24,0.6458059116998549,16.14,2,"[601.7999877929688, 456.6000061035156]"
random_walk,1788871700.885758,31.77606017,0.9486344247269203,0.903,0.0,-0.07497564978925507,0.3411420134200969,0.6050567107514583,0.36136135471957687,24,0.7025632008516236,21.52,2,"[577.7999877929688, 505.0]"
random_walk,1788871700.9358766,31.826179072000002,1.006753243997465,0.903,0.0,-0.07497564978925507,0.3409775028303326,0.6049367336414271,0.5517357787546189,24,0.7593204900033924,53.8,2,"[577.7999877929688, 505.0]"
random_walk,1788871700.9857967,31.876098903000003,1.0582497685431604,0.903,0.0,-0.07497564978925507,0.3408458943585212,0.6048407519534021,0.7415789925735794,24,0.8452234141249882,53.8,2,"[549.4000244140625, 559.5999755859375]"
random_walk,1788871701.035729,31.926031275000003,1.101442460053166,0.903,0.0,-0.07497564978925507,0.34074060758107205,0.6047639666029822,0.93134453913828,24,0.9065826456404139,8.07,2,"[549.4000244140625, 559.5999755859375]"
random_walk,1788871701.0857882,31.976090644000003,1.1348770601874756,0.903,0.0,-0.07497564978925507,0.3406563781591127,0.6047025383226462,1.1215369808271305,24,0.961805954004297,13.45,2,"[520.7999877929688, 595.2000122070312]"
random_walk,1788871701.13579,32.02609246,1.157225414593791,0.903,0.0,-0.07497564978925507,0.34058899462154524,0.6046533956983774,1.3114741447625136,24,1.012427320004523,37.66,2,"[520.7999877929688, 595.2000122070312]"
random_walk,1788871701.1858034,32.076105528,1.162619395387279,0.903,0.0,-0.07497564978925507,0.33502659377085264,0.6638001144312778,1.5200345472037213,24,1.0615147052168636,29.59,2,"[510.6000061035156, 621.5999755859375]"
random_walk,1788871701.2357771,32.126079393000005,1.1536925274993277,0.903,0.0,-0.07497564978925507,0.3305766730902985,0.7111174894175982,1.7433371848862862,24,1.0998642249140047,34.97,2,"[510.6000061035156, 621.5999755859375]"
random_walk,1788871701.285754,32.176056187,1.1282347288201424,0.903,0.0,-0.07497564978925507,0.32701673654585517,0.7489713894066545,1.9785155746745886,24,1.1305438406717176,59.18,2,"[493.20001220703125, 637.4000244140625]"
random_walk,1788871701.3357801,32.226082499,1.0855667165236564,0.903,0.0,-0.07497564978925507,0.3241687873103005,0.7792545093978995,2.2234583348698322,24,1.1443496677626883,64.56,2,"[493.20001220703125, 637.4000244140625]"
random_walk,1788871701.385758,32.276059936,1.0268543538548864,0.903,0.0,-0.07497564978925507,0.32189042792185685,0.8034810053908956,2.475784760152152,24,1.1443496677626883,64.56,2,"[472.0, 641.2000122070312]"
random_walk,1788871701.4357662,32.326068256,0.9548051202925918,0.903,0.0,-0.07497564978925507,0.32006774041110186,0.8228622021852925,2.7343205304859453,24,1.1274758790959463,-2.69,2,"[472.0, 641.2000122070312]"
random_walk,1788871701.4858289,32.376131277,0.873676485550734,0.903,0.0,-0.07497564978925507,0.3186095904024979,0.83836715962081,2.9978122721834666,24,1.0998642249140047,-10.76,2,"[470.79998779296875, 626.4000244140625]"
random_walk,1788871701.5358,32.426102254,0.7888942695562351,0.903,0.0,-0.07497564978925507,0.3174430703956147,0.850771125569224,3.265173422895316,24,1.0584467436410925,-32.28,2,"[470.79998779296875, 626.4000244140625]"
random_walk,1788871701.5857668,32.476069058,0.7065859333932605,0.903,0.0,-0.07497564978925507,0.31650985439010815,0.8606942983279552,3.5353703658358597,24,1.0016894544893238,-43.04,2,"[491.20001220703125, 602.4000244140625]"
random_walk,1788871701.6358192,32.526121286,0.632719594827297,0.903,0.0,-0.07497564978925507,0.3157632815857029,0.8686328365349402,3.8084458192254544,24,0.9372622613981267,-131.81,2,"[491.20001220703125, 602.4000244140625]"
random_walk,1788871701.6857939,32.576096113000006,0.5731943952559423,0.903,0.0,-0.07497564978925507,0.3151660233421787,0.8749836671005281,4.083289686780802,24,0.863631183579616,-16.14,2,"[528.2000122070312, 558.7999877929688]"
random_walk,1788871701.73582,32.626122341,0.5326854694186931,0.903,0.0,-0.07497564978925507,0.31468821674735936,0.8800643315529985,4.359889396163993,24,0.7731263170943632,-8.07,2,"[528.2000122070312, 558.7999877929688]"
random_walk,1788871701.7858617,32.676164011000004,0.5145931803440142,0.903,0.0,-0.07497564978925507,0.31430597147150385,0.8841288631149747,4.637762278415494,24,0.6780195082454534,-8.07,2,"[579.25, 516.75]"
random_walk,1788871701.8357556,32.726057961,0.5205131072629523,0.903,0.0,-0.07497564978925507,0.31400017525081947,0.8873804883645557,4.916040394005023,24,0.6166602767300278,-96.84,2,"[579.25, 516.75]"
random_walk,1788871701.88579,32.776092412000004,0.5396421042091887,0.903,0.0,-0.07497564978925507,0.32607609149748196,0.896702504429355,5.197974788230908,24,0.5660389107298016,-53.8,2,"[598.7999877929688, 462.3999938964844]"
random_walk,1788871701.9359167,32.826218904,0.5870146080781915,0.903,0.0,-0.07497564978925507,0.3357368244948119,0.9041601172811943,5.482471582118194,24,0.5322913333963175,-69.94,2,"[598.7999877929688, 462.3999938964844]"
random_walk,1788871701.9857726,32.876075035,0.6587798714587649,0.903,0.0,-0.07497564978925507,0.3434654108926759,0.9101262075626657,5.767931724136531,24,0.5246214294568893,-86.08,2,"[609.7999877929688, 394.20001220703125]"
random_walk,1788871702.0359025,32.926204922000004,0.7492227479569105,0.903,0.0,-0.07497564978925507,0.34964828001096715,0.9148990797878429,6.055858497523985,24,0.5292233718205462,2.69,2,"[609.7999877929688, 394.20001220703125]"
random_walk,1788871702.0857565,32.976058751000004,0.849526503065369,0.903,0.0,-0.07497564978925507,0.3545945753056001,0.9187173775679847,0.06067592012340839,25,0.5553010452146021,5.38,2,"[596.5999755859375, 411.3999938964844]"
random_walk,1788871702.135798,33.026100236000005,0.9511323706222933,0.903,0.0,-0.07497564978925507,0.35855161154130644,0.921772015792098,0.35047941380472736,25,0.6013204688511713,13.45,2,"[596.5999755859375, 411.3999938964844]"
random_walk,1788871702.1857746,33.076076594,1.04424658815676,0.903,0.0,-0.07497564978925507,0.36171724052987153,0.9242157263713887,0.6407114196923729,25,0.6918253353364242,13.45,2,"[580.7999877929688, 501.0]"
random_walk,1788871702.2357428,33.126045099,1.120344505039074,0.903,0.0,-0.07497564978925507,0.3642497437207236,0.9261706948348213,0.9315183328703611,25,0.7746602978822488,64.56,2,"[580.7999877929688, 501.0]"
random_walk,1788871702.2858593,33.176161641,1.1724163842589599,0.903,0.0,-0.07497564978925507,0.3662757462734053,0.9277346696055674,1.2233739422067416,25,0.8728350683069298,2.69,2,"[554.2000122070312, 553.4000244140625]"
random_walk,1788871702.3359306,33.226232832,1.1953592178538048,0.903,0.0,-0.07497564978925507,0.36789654831555063,0.9289858494221642,1.5155310752497044,25,0.9679418771558396,13.45,2,"[554.2000122070312, 553.4000244140625]"
random_walk,1788871702.3859484,33.276250845,1.1869096574999514,0.903,0.0,-0.07497564978925507,0.36919318994926686,0.9299867932754416,1.8076546016822377,25,1.0507768397016641,8.07,2,"[501.20001220703125, 602.4000244140625]"
random_walk,1788871702.4358368,33.326139086000005,1.1476531214260801,0.903,0.0,-0.07497564978925507,0.37023050325623985,0.9307875483580637,2.0997734668254466,25,1.1121360712170898,78.01,2,"[501.20001220703125, 602.4000244140625]"
random_walk,1788871702.4858031,33.376105457,1.0807620588446383,0.903,0.0,-0.07497564978925507,0.37106035390181824,0.9314281524241612,2.392297432881783,25,1.1550875332778878,26.9,2,"[467.3999938964844, 657.0]"
random_walk,1788871702.5358422,33.426144369,0.9918566811971457,0.903,0.0,-0.07497564978925507,0.37172423441828095,0.9319406356770393,2.6851739781468567,25,1.1765632643082868,0.0,2,"[467.3999938964844, 657.0]"
random_walk,1788871702.5858061,33.47610837,0.8886579155223853,0.903,0.0,-0.07497564978925507,0.3722553388314511,0.9323506222793417,2.977982042639674,25,1.1566215140657734,0.0,2,"[453.0, 650.0]"
random_walk,1788871702.6357646,33.526066934,0.7800341108464869,0.903,0.0,-0.07497564978925507,0.3726802223619873,0.9326786115611837,3.2707217671755657,25,1.1136700520049756,-51.11,2,"[453.0, 650.0]"
random_walk,1788871702.6857934,33.576095744,0.6751029468736006,0.903,0.0,-0.07497564978925507,0.37302012918641625,0.9329410029866573,3.5639971915517847,25,1.047708878125893,-43.04,2,"[479.20001220703125, 621.0]"
random_walk,1788871702.7359204,33.626222766000005,0.5829689419504895,0.903,0.0,-0.07497564978925507,0.3732920546459594,0.9331509161270362,3.857723642931809,25,0.9602719732164113,-107.6,2,"[479.20001220703125, 621.0]"
random_walk,1788871702.7857757,33.676078067,0.5119797655038557,0.903,0.0,-0.07497564978925507,0.37350959501359393,0.9333188466393393,4.150309151777812,25,0.8697671067311585,-80.7,2,"[518.4000244140625, 581.5999755859375]"
random_walk,1788871702.8358045,33.726106858,0.46774842742202755,0.903,0.0,-0.07497564978925507,0.37368362730770155,0.9334531910491818,4.443701556446406,25,0.7593204900033924,-2.69,2,"[518.4000244140625, 581.5999755859375]"
random_walk,1788871702.8860033,33.776305655,0.45432157767004955,0.903,0.0,-0.07497564978925507,0.3738228531429876,0.9335606665770557,4.737736188393093,25,0.6642136811544826,-16.14,2,"[592.2000122070312, 483.79998779296875]"
random_walk,1788871702.935982,33.826284210000004,0.47290956482005997,0.903,0.0,-0.07497564978925507,0.3739342338112165,0.9336466469993548,5.030998914126521,25,0.5875146417602005,-112.98,2,"[592.2000122070312, 483.79998779296875]"
random_walk,1788871702.9859746,33.876276828,0.5218594074362233,0.903,0.0,-0.07497564978925507,0.3740233383457996,0.9337154313371941,5.324265181747201,25,0.5246214294568893,-123.74,2,"[612.0, 379.79998779296875]"
random_walk,1788871703.0358195,33.926121911,0.5968315137285474,0.903,0.0,-0.07497564978925507,0.3740946219734661,0.9337704588074657,5.616981083590851,25,0.47093210188089185,-102.22,2,"[612.0, 379.79998779296875]"
random_walk,1788871703.0859256,33.976227824,0.6807149273748517,0.903,0.0,-0.07497564978925507,0.40208577502324955,0.9252386823459293,5.908087885279464,25,0.4663301595172349,2.69,2,"[632.7999877929688, 369.79998779296875]"
random_walk,1788871703.1359272,34.026229366,0.7913549047707813,0.903,0.0,-0.07497564978925507,0.4244786974630763,0.9184132611767002,6.196690487892148,25,0.48933987133551954,2.69,2,"[632.7999877929688, 369.79998779296875]"
random_walk,1788871703.1858358,34.076138125,0.9158784146820773,0.903,0.0,-0.07497564978925507,0.44239303541493774,0.9129529242413169,0.19991728408449205,26,0.5399612373357456,2.69,2,"[618.7999877929688, 419.0]"
random_walk,1788871703.235962,34.126264258,1.0382503318484304,0.903,0.0,-0.07497564978925507,0.44955877059568233,0.9107687894671636,0.48660466019542525,26,0.6105243535784852,16.14,2,"[618.7999877929688, 419.0]"
random_walk,1788871703.2859201,34.176222405000004,1.1460763132787162,0.903,0.0,-0.07497564978925507,0.45600793225835246,0.9088030681704256,0.7718612488087757,26,0.6964272777000811,48.42,2,"[582.4000244140625, 502.79998779296875]"
random_walk,1788871703.3360314,34.226333544,1.230267961820319,0.903,0.0,-0.07497564978925507,0.4618121777547556,0.9070339190033614,1.0572570901050113,26,0.7961360289126478,78.01,2,"[582.4000244140625, 502.79998779296875]"
random_walk,1788871703.3858113,34.276113482,1.2827694547646153,0.903,0.0,-0.07497564978925507,0.46703599870151835,0.9054416847530036,1.3408700407273813,26,0.9541360500648688,78.01,2,"[518.4000244140625, 601.4000244140625]"
random_walk,1788871703.4361057,34.326408210000004,1.2990373953561185,0.903,0.0,-0.07497564978925507,0.47173743755360487,0.9040086739276816,1.6262215385937822,26,1.064582666792635,2.69,2,"[518.4000244140625, 601.4000244140625]"
random_walk,1788871703.4858177,34.376119909,1.2771139542778833,0.903,0.0,-0.07497564978925507,0.4759687325204827,0.9027189641848918,1.9084711488515467,26,1.1336118022474888,72.63,2,"[472.6000061035156, 654.4000244140625]"
random_walk,1788871703.5359347,34.426236884000005,1.2181234288202283,0.903,0.0,-0.07497564978925507,0.4797768979906728,0.901558225416381,2.1921617625968537,26,1.217980745581199,102.22,2,"[472.6000061035156, 654.4000244140625]"
random_walk,1788871703.5858355,34.476137619,1.1269475266682156,0.903,0.0,-0.07497564978925507,0.4832042469138439,0.9005135605247212,2.474598720570029,26,1.260932207641997,83.39,2,"[433.0, 696.7999877929688]"
random_walk,1788871703.635963,34.526265298000006,1.0101255708754433,0.903,0.0,-0.07497564978925507,0.48628886094469786,0.8995733621222275,2.7577661353138723,26,1.2624661884298827,-2.69,2,"[433.0, 696.7999877929688]"
random_walk,1788871703.685815,34.576117369,0.8778897865838617,0.903,0.0,-0.07497564978925507,0.4890650135724664,0.8987271835599832,3.0394544064455573,26,1.2363885150358267,-2.69,2,"[411.79998779296875, 686.7999877929688]"
random_walk,1788871703.7359672,34.626269222000005,0.7397116056279922,0.903,0.0,-0.07497564978925507,0.4915635509374581,0.8979656228539632,3.3222302379985393,26,1.1857671490356005,-40.35,2,"[411.79998779296875, 686.7999877929688]"
random_walk,1788871703.7858152,34.676117514000005,0.6079358740568712,0.903,0.0,-0.07497564978925507,0.49381223456595064,0.8972802182185452,3.6035404988421504,26,1.0737865515199487,-40.35,2,"[458.3999938964844, 644.4000244140625]"
random_walk,1788871703.8357878,34.726090029000005,0.4924232944494639,0.903,0.0,-0.07497564978925507,0.4958360498315939,0.8966633540466691,3.8850523623947453,26,0.961805954004297,-112.98,2,"[458.3999938964844, 644.4000244140625]"
random_walk,1788871703.885963,34.776265069000004,0.4024888198177982,0.903,0.0,-0.07497564978925507,0.49765748357067285,0.8961081762919806,4.167292221486136,26,0.8467573949128739,-75.32,2,"[534.5999755859375, 570.4000244140625]"
random_walk,1788871703.935876,34.826178251,0.385,0.903,0.0,-0.07497564978925507,0.49929677393584393,0.8956085163127608,4.448359855984435,26,0.7071651432152806,-2.69,2,"[534.5999755859375, 570.4000244140625]"
random_walk,1788871703.9858837,34.876185886,0.385,0.903,0.0,-0.07497564978925507,0.5007721352644978,0.8951588223314632,4.72967782524988,26,0.5829126993965437,-24.21,2,"[593.7999877929688, 468.20001220703125]"
random_walk,1788871704.035974,34.926276337000004,0.385,0.903,0.0,-0.07497564978925507,0.5020999604602864,0.8947540977482952,5.01106307631089,26,0.4908738521234052,-217.89,2,"[593.7999877929688, 468.20001220703125]"
random_walk,1788871704.085839,34.976141224,0.4817622162993554,0.903,0.0,0.0,0.5032950031364961,0.894389845623444,5.2914808250408925,26,0.43104860139586515,-156.02,2,"[641.4000244140625, 366.79998779296875]"
random_walk,1788871704.1359751,35.026277272,0.5741810656397892,0.903,0.0,0.0,0.5043705415450849,0.894062018711078,5.573046258572688,26,0.4003689856381523,-172.16,2,"[641.4000244140625, 366.79998779296875]"
random_walk,1788871704.185834,35.076136133000006,0.6923265127558189,0.903,0.0,0.0,0.5053385261128147,0.8937669744899486,5.853157853505891,26,0.4065049087896949,-172.16,2,"[653.4000244140625, 350.3999938964844]"
random_walk,1788871704.2359645,35.126266843,0.8243120603402198,0.903,0.0,0.0,0.49350933265698615,0.8574334867828693,6.123056165697207,26,0.44638840927472156,2.69,2,"[653.4000244140625, 350.3999938964844]"
random_walk,1788871704.2857862,35.176088574000005,0.9504036994943152,0.903,0.0,0.0,0.48286305854674044,0.824733347846498,0.09833052066365866,27,0.5154175447295755,2.69,2,"[631.5999755859375, 391.79998779296875]"
random_walk,1788871704.335953,35.226255303,1.0647524878025574,0.903,0.0,0.0,0.4732814118475193,0.7953032228037638,0.3487976421313803,27,0.607456392002714,32.28,2,"[631.5999755859375, 391.79998779296875]"
random_walk,1788871704.385804,35.276106216,1.1614389784823191,0.903,0.0,0.0,0.4646579298182203,0.7688161102653029,0.5897964862561693,27,0.7133010663668231,96.84,2,"[585.2000122070312, 529.4000244140625]"
random_walk,1788871704.4359503,35.326252464,1.2384009065646921,0.903,0.0,0.0,0.4568967959918512,0.7449777089806883,0.8243176686353806,27,0.8329515678219032,8.07,2,"[585.2000122070312, 529.4000244140625]"
random_walk,1788871704.4859326,35.37623491,1.2936196448101889,0.903,0.0,0.0,0.44991177554811895,0.723523147824535,1.0515912202336537,27,0.9602719732164113,2.69,2,"[528.7999877929688, 617.0]"
random_walk,1788871704.5359273,35.426229717000005,1.3270754297726428,0.903,0.0,0.0,0.44362525714875994,0.704214042783997,1.2728169141599253,27,1.064582666792635,2.69,2,"[528.7999877929688, 617.0]"
random_walk,1788871704.5858436,35.476145757000005,1.3394786855801692,0.903,0.0,0.0,0.43796739058933687,0.6868358482475129,1.4883214776435736,27,1.175029283520401,2.69,2,"[459.20001220703125, 659.4000244140625]"
random_walk,1788871704.635774,35.526076075,1.332324485967101,0.903,0.0,0.0,0.4328753106858561,0.6711954731646772,1.698969024914355,27,1.2363885150358267,78.01,2,"[459.20001220703125, 659.4000244140625]"
random_walk,1788871704.6859815,35.576283745000005,1.3075180984119759,0.903,0.0,0.0,0.4282924387727234,0.657119135590125,1.9055526234529836,27,1.2870098810360528,139.88,2,"[421.0, 706.5999755859375]"
random_walk,1788871704.7359447,35.626247021000005,1.267343751845977,0.903,0.0,0.0,0.42416785405090396,0.6444504317730281,2.108355085988954,27,1.3084856120664519,185.60999999999999,2,"[421.0, 706.5999755859375]"
random_walk,1788871704.7858088,35.676111123000005,1.2146249131767273,0.903,0.0,0.0,0.4204557278012665,0.6330485983376408,2.3067962135439686,27,1.3146215352179944,104.91,2,"[399.20001220703125, 711.5999755859375]"
random_walk,1788871704.8366225,35.72692482,1.1508640077282553,0.903,0.0,0.0,0.41711481417659274,0.6227869482457923,2.505279124709567,27,1.3100195928543377,-8.07,2,"[399.20001220703125, 711.5999755859375]"
random_walk,1788871704.885888,35.776190466,1.0816724718942436,0.903,0.0,0.0,0.41410799191438635,0.6135514631631286,2.695478265031106,27,1.282407938672396,-2.69,2,"[387.20001220703125, 692.5999755859375]"
random_walk,1788871704.935932,35.826234161,1.0071196085240337,0.903,0.0,0.0,0.4114018518784006,0.6052395265887313,2.885724980349714,27,1.2471263805510262,-2.69,2,"[387.20001220703125, 692.5999755859375]"
random_walk,1788871704.985811,35.876113309000004,0.9309411574403476,0.903,0.0,0.0,0.40896632584601345,0.5977587836717737,3.073217976210337,27,1.179631225884058,-2.69,2,"[403.3999938964844, 672.2000122070312]"
random_walk,1788871705.035778,35.92608029,0.8554490202359749,0.903,0.0,0.0,0.406774352416865,0.5910261150465119,3.258758224138994,27,1.1213399559444037,-21.52,2,"[403.3999938964844, 672.2000122070312]"
random_walk,1788871705.0858328,35.97613504,0.7829414295627976,0.903,0.0,0.0,0.4048015763306314,0.5849667132837764,3.4427087003888843,27,1.0569127628532067,-24.21,2,"[493.79998779296875, 623.2000122070312]"
random_walk,1788871705.1360204,36.026322687000004,0.7156027491371513,0.903,0.0,0.0,0.4030260778530212,0.5795132516973143,3.6251995877453496,27,0.9848156658225816,-61.87,2,"[493.79998779296875, 623.2000122070312]"
random_walk,1788871705.1858418,36.076143989,0.655705628860018,0.903,0.0,0.0,0.401428129223172,0.5746051362694984,3.805293743859714,27,0.9142525495798421,-112.98,2,"[532.4000244140625, 557.7999877929688]"
random_walk,1788871705.2360299,36.126331955000005,0.6057436788001804,0.903,0.0,0.0,0.3933459064959624,0.6129641004773727,3.998333660587626,27,0.842155452549217,-8.07,2,"[532.4000244140625, 557.7999877929688]"
random_walk,1788871705.2858047,36.176106782000005,0.566287369723728,0.903,0.0,0.0,0.3860719060414738,0.6474871682644596,4.201172584077561,27,0.765456413154935,-10.76,2,"[557.2000122070312, 541.0]"
random_walk,1788871705.3359401,36.226242400000004,0.5401629353159495,0.903,0.0,0.0,0.37952530563243403,0.6785579292728379,4.414740087120855,27,0.7071651432152806,-43.04,2,"[557.2000122070312, 541.0]"
random_walk,1788871705.3859336,36.276235902,0.5304372286066745,0.903,0.0,0.0,0.37363336526429825,0.7065216141803783,4.636669381658116,27,0.6366020269725411,-43.04,2,"[588.5999755859375, 500.20001220703125]"
random_walk,1788871705.4357789,36.326081137,0.5390060427097677,0.903,0.0,0.0,0.36833061893297603,0.7316889305971647,4.865992401166402,27,0.5921165841238575,-43.04,2,"[588.5999755859375, 500.20001220703125]"
random_walk,1788871705.4859035,36.376205711000004,0.5668848467391577,0.903,0.0,0.0,0.363558147234786,0.7543395153722724,5.103422771640702,27,0.5599029875782591,-78.01,2,"[612.7999877929688, 447.79998779296875]"
random_walk,1788871705.5358665,36.426168741000005,0.6136310922490854,0.903,0.0,0.0,0.359262922706415,0.7747250416698693,5.346748191118131,27,0.5476311412751739,-80.7,2,"[612.7999877929688, 447.79998779296875]"
random_walk,1788871705.5859394,36.476241646000005,0.6775964513231202,0.903,0.0,0.0,0.35539722063088114,0.7930720153377065,5.596173238643495,27,0.5460971604872883,0.0,2,"[609.5999755859375, 443.3999938964844]"
random_walk,1788871705.635953,36.526255331,0.7554193530808787,0.903,0.0,0.0,0.35191808876290065,0.80958429163876,5.850444219839396,27,0.5568350260024878,2.69,2,"[609.5999755859375, 443.3999938964844]"
random_walk,1788871705.6858008,36.57610299,0.8425353386278203,0.903,0.0,0.0,0.3487868700817182,0.8244453403097082,6.108947997438825,27,0.5829126993965437,16.14,2,"[597.7999877929688, 449.0]"
random_walk,1788871705.7359746,36.626276668,0.9339558092252064,0.903,0.0,0.0,0.345968773268654,0.8378202841135615,0.0895955532027699,28,0.624330180669456,8.07,2,"[597.7999877929688, 449.0]"
random_walk,1788871705.785804,36.676106328,1.0227062077170632,0.903,0.0,0.0,0.3434324861368962,0.8498577335370294,0.35603238896126754,28,0.705631162427395,8.07,2,"[578.5999755859375, 500.3999938964844]"
random_walk,1788871705.835779,36.726081143,1.1029724040452733,0.903,0.0,0.0,0.3411498277183142,0.8606914380181506,0.6263256190472077,28,0.7761942786701345,67.25,2,"[578.5999755859375, 500.3999938964844]"
random_walk,1788871705.8858125,36.77611495,1.168613187943892,0.903,0.0,0.0,0.3390954351415904,0.8704417720511597,0.8999554471800195,28,0.863631183579616,2.69,2,"[539.0, 563.2000122070312]"
random_walk,1788871705.9361072,36.826409350000006,1.2144270613095702,0.903,0.0,0.0,0.33724648182253897,0.8792170726808679,1.176951593671106,28,0.9526020692769832,2.69,2,"[539.0, 563.2000122070312]"
random_walk,1788871705.9857926,36.876094907,1.236324818363297,0.903,0.0,0.0,0.33558242383539266,0.8871148432476053,1.4547361591454546,28,1.0323690702470365,16.14,2,"[511.0, 614.5999755859375]"
random_walk,1788871706.0358834,36.926185621,1.2325320782455524,0.903,0.0,0.0,0.334084771646961,0.8942228367576689,1.7360744175101388,28,1.1013982057018903,80.7,2,"[511.0, 614.5999755859375]"
random_walk,1788871706.0859034,36.976205703000005,1.202877475792206,0.903,0.0,0.0,0.3327368846773725,0.9006200309167262,2.018958282916458,28,1.1612234564294304,45.73,2,"[472.79998779296875, 650.5999755859375]"
random_walk,1788871706.1359735,37.026275662,1.1492930805785406,0.903,0.0,0.0,0.33152378640474284,0.9063775056598777,2.3041821309703607,28,1.1995729761265714,104.91,2,"[472.79998779296875, 650.5999755859375]"
random_walk,1788871706.1858609,37.076163342,1.076204006162536,0.903,0.0,0.0,0.33043199795937617,0.9115592329287141,2.5898472445787206,28,1.2164467647933135,104.91,2,"[434.3999938964844, 669.2000122070312]"
random_walk,1788871706.235756,37.126058194,0.989048211783878,0.903,0.0,0.0,0.32944938835854615,0.9162227874706669,2.8773399817462177,28,1.2072428800659996,-2.69,2,"[434.3999938964844, 669.2000122070312]"
random_walk,1788871706.285857,37.17615911,0.8946785856710142,0.903,0.0,0.0,0.32856503971779916,0.9204199865584244,3.166921897987095,28,1.1734953027325155,-10.76,2,"[447.0, 645.4000244140625]"
random_walk,1788871706.3359241,37.226226352000005,0.8011445024300836,0.903,0.0,0.0,0.32776912594112684,0.9241974657374061,3.4575786352660316,28,1.1198059751565181,-18.83,2,"[447.0, 645.4000244140625]"
random_walk,1788871706.3858151,37.276117363000004,0.7092271157744086,0.903,0.0,0.0,0.34127161335917566,0.9177669398591172,3.7454193810462755,28,1.0507768397016641,-26.9,2,"[469.0, 630.2000122070312]"
random_walk,1788871706.4359303,37.326232534,0.6281790284421921,0.903,0.0,0.0,0.3534238520354197,0.9119794665686571,4.032425997127376,28,0.9694758579437253,-94.14999999999999,2,"[469.0, 630.2000122070312]"
random_walk,1788871706.485817,37.376119089,0.5667762929756863,0.903,0.0,0.0,0.36436086684403934,0.9067707406072432,4.316817929984779,28,0.8866408953979006,-94.14999999999999,2,"[534.7999877929688, 566.0]"
random_walk,1788871706.5359313,37.426233575000005,0.5311254129577553,0.903,0.0,0.0,0.374204180171797,0.9020828872419705,4.600747320889155,28,0.7884661249732196,-2.69,2,"[534.7999877929688, 566.0]"
random_walk,1788871706.5858235,37.476125880000005,0.5254520896498069,0.903,0.0,0.0,0.3830631621667788,0.8978638192132251,4.882285674959604,28,0.6780195082454534,-2.69,2,"[577.0, 513.5999755859375]"
random_walk,1788871706.6357512,37.526053651000005,0.5509793401936165,0.903,0.0,0.0,0.3910362459622625,0.8940666579873543,5.162899006694602,28,0.6135923151542565,-94.14999999999999,2,"[577.0, 513.5999755859375]"
random_walk,1788871706.6858132,37.576115358,0.6064324866315016,0.903,0.0,0.0,0.3982120213781978,0.8906492128840705,5.443028511457868,28,0.5660389107298016,-56.49,2,"[605.5999755859375, 462.79998779296875]"
random_walk,1788871706.7358527,37.626155007,0.6876563114652714,0.903,0.0,0.0,0.40467021925253954,0.8875735122911151,5.7220519211419685,28,0.5384272565478601,-91.46,2,"[605.5999755859375, 462.79998779296875]"
random_walk,1788871706.7857985,37.676100874,0.7882248123576241,0.903,0.0,0.0,0.41048259733944714,0.8848053817574553,5.999797046864188,28,0.5414952181236313,2.69,2,"[613.7999877929688, 420.3999938964844]"
random_walk,1788871706.8359866,37.726288891,0.9006598020743198,0.903,0.0,0.0,0.41571373761766395,0.8823140642771614,6.277555927935964,28,0.5691068723055729,24.21,2,"[613.7999877929688, 420.3999938964844]"
random_walk,1788871706.8859248,37.776227061,1.015419322260394,0.903,0.0,0.0,0.4204217638680591,0.880071878544897,0.27069016441374316,29,0.619728238305799,21.52,2,"[605.5999755859375, 452.20001220703125]"
random_walk,1788871706.935949,37.826251376,1.1237600328906392,0.903,0.0,0.0,0.4246589874934147,0.878053911385859,0.5466782673749222,29,0.6964272777000811,59.18,2,"[605.5999755859375, 452.20001220703125]"
random_walk,1788871706.9858325,37.876134815,1.2167186146012974,0.903,0.0,0.0,0.4284724887562348,0.8762377409427248,0.8215158455377392,29,0.8206797215188181,59.18,2,"[557.2000122070312, 550.5999755859375]"
random_walk,1788871707.0360198,37.926322008,1.2873005687031254,0.903,0.0,0.0,0.43190463989277283,0.874603187543904,1.0968652232019807,29,0.9341942998223555,2.69,2,"[557.2000122070312, 550.5999755859375]"
random_walk,1788871707.0859256,37.976227755000004,1.3293318950477673,0.903,0.0,0.0,0.4349935759156571,0.8731320894849652,1.3709031557978122,29,1.0415729549743504,10.76,2,"[502.79998779296875, 617.4000244140625]"
random_walk,1788871707.1358514,38.026153556000004,1.3382394640549171,0.903,0.0,0.0,0.4364068876045152,0.8700018205153776,1.6439574368858487,29,1.1366797638232602,104.91,2,"[502.79998779296875, 617.4000244140625]"
random_walk,1788871707.1858325,38.076134748,1.3148175230033052,0.903,0.0,0.0,0.4376788681244874,0.8671845784427487,1.9162777984478865,29,1.2118448224296565,104.91,2,"[446.0, 672.0]"
random_walk,1788871707.235822,38.126124269,1.2608776340512524,0.903,0.0,0.0,0.4388236505924624,0.8646490605773826,2.1879333325448513,29,1.2716700731571966,112.98,2,"[446.0, 672.0]"
random_walk,1788871707.285783,38.176085361000005,1.1805751506511177,0.903,0.0,0.0,0.4398539548136399,0.8623670944985531,2.458671074008585,29,1.2977477465512524,147.95,2,"[410.20001220703125, 706.4000244140625]"
random_walk,1788871707.3359132,38.226215309000004,1.079566296488344,0.903,0.0,0.0,0.4407812286126997,0.8603133250276066,2.7294474640687625,29,1.2977477465512524,40.35,2,"[410.20001220703125, 706.4000244140625]"
random_walk,1788871707.3858333,38.276135572,0.9658341213954345,0.903,0.0,0.0,0.4416157750318535,0.8584649325037548,2.998825830096685,29,1.2670681307935396,40.35,2,"[412.0, 687.0]"
random_walk,1788871707.4357872,38.32608933,0.8473134591454127,0.903,0.0,0.0,0.44236686680909193,0.8568013792322882,3.267810680464329,29,1.214912784005428,-18.83,2,"[412.0, 687.0]"
random_walk,1788871707.4858117,38.376114079000004,0.7324965667341604,0.903,0.0,0.0,0.4430428494086065,0.8553041812879681,3.536634022746661,29,1.141281706186917,-26.9,2,"[440.20001220703125, 655.5999755859375]"
random_walk,1788871707.5359378,38.426240128,0.6296573227688158,0.903,0.0,0.0,0.4436512337481696,0.8539567031380801,3.805400576551939,29,1.0461748973380072,-16.14,2,"[440.20001220703125, 655.5999755859375]"
random_walk,1788871707.5858812,38.476183457000005,0.561999285574067,0.903,0.0,0.015446995090116412,0.4441987796537764,0.8527439728031809,4.072983897577991,29,0.940330222973898,-150.64,2,"[510.3999938964844, 597.2000122070312]"
random_walk,1788871707.6359015,38.526203924,0.5041134729896577,0.903,0.0,0.015446995090116412,0.44469157096882256,0.8516525155017717,4.340747070561669,29,0.8314175870340175,-2.69,2,"[510.3999938964844, 597.2000122070312]"
random_walk,1788871707.6859655,38.576267653,0.47572937313437075,0.903,0.0,0.015446995090116412,0.44513508315236405,0.8506702039305033,4.608122290470398,29,0.7179030087304801,-2.69,2,"[584.2000122070312, 519.4000244140625]"
random_walk,1788871707.7359762,38.626278671,0.47880538513112497,0.903,0.0,0.015446995090116412,0.44553424411755144,0.8497861235163617,4.875209457126921,29,0.6273981422452273,-24.21,2,"[584.2000122070312, 519.4000244140625]"
random_walk,1788871707.7858484,38.676150798,0.5129739470849961,0.903,0.0,0.015446995090116412,0.44589348898622005,0.8489904511436344,5.141467360588344,29,0.5460971604872883,-24.21,2,"[610.5999755859375, 451.79998779296875]"
random_walk,1788871707.8357933,38.726095454,0.5758137438685291,0.903,0.0,0.015446995090116412,0.4462168093680218,0.8482743460081797,5.407687162563924,29,0.504679679214376,-67.25,2,"[610.5999755859375, 451.79998779296875]"
random_walk,1788871707.885866,38.776168157,0.6630630446775007,0.903,0.0,0.015446995090116412,0.4465077977116434,0.8476298513862706,5.674293786781568,29,0.48627190975974827,-34.97,2,"[626.2000122070312, 391.20001220703125]"
random_walk,1788871707.9360359,38.826338229,0.7684559426353654,0.903,0.0,0.015446995090116412,0.4467696872209028,0.8470498062265523,5.940812176042421,29,0.49854375606283335,2.69,2,"[626.2000122070312, 391.20001220703125]"
random_walk,1788871707.9858325,38.87613469,0.8840852929457523,0.903,0.0,0.015446995090116412,0.4470053877792363,0.846527765582806,6.206238508089207,29,0.5353592949720888,5.38,2,"[616.2000122070312, 408.79998779296875]"
random_walk,1788871708.035934,38.926236395000004,1.002543881252743,0.903,0.0,0.015446995090116412,0.44721751828173645,0.8460579290034341,0.18917095523995897,30,0.5951845456996288,8.07,2,"[616.2000122070312, 408.79998779296875]"
random_walk,1788871708.0858352,38.976137492,1.1161560451117702,0.903,0.0,0.015446995090116412,0.4499500128527123,0.8469531469910907,0.45493313924741585,30,0.6749515466696822,29.59,2,"[593.4000244140625, 495.0]"
random_walk,1788871708.1360629,39.026365101,1.2172900674370515,0.903,0.0,0.015446995090116412,0.45240925796659054,0.8477588431799816,0.7215632743156988,30,0.7731263170943632,88.77,2,"[593.4000244140625, 495.0]"
random_walk,1788871708.1858253,39.076127534,1.2979555898283848,0.903,0.0,0.015446995090116412,0.45462257856908095,0.8484839697499835,0.9877281286802457,30,0.9219224535192704,88.77,2,"[536.4000244140625, 588.4000244140625]"
random_walk,1788871708.2357888,39.126091122000005,1.3523815007739048,0.903,0.0,0.015446995090116412,0.4566145671113223,0.8491365836629852,1.2542943363533965,30,1.0369710126106935,2.69,2,"[536.4000244140625, 588.4000244140625]"
random_walk,1788871708.2859309,39.176233222,1.37630199102194,0.903,0.0,0.015446995090116412,0.4584073567993396,0.8497239361846867,1.52170053388501,30,1.1382137446111458,107.6,2,"[485.6000061035156, 640.7999877929688]"
random_walk,1788871708.3359127,39.226215114000006,1.3675655517144614,0.903,0.0,0.015446995090116412,0.4600208675185551,0.850252553454218,1.7889421897038602,30,1.217980745581199,131.81,2,"[485.6000061035156, 640.7999877929688]"
random_walk,1788871708.385844,39.276146302,1.3266849943534973,0.903,0.0,0.015446995090116412,0.46147302716584904,0.8507283089967962,2.0558689599409803,30,1.2870098810360528,123.74,2,"[420.3999938964844, 697.7999877929688]"
random_walk,1788871708.4359057,39.32620792,1.2561856835349725,0.903,0.0,0.015446995090116412,0.4627799708484136,0.8511564889851165,2.3235573944105425,30,1.3314953238847365,177.54,2,"[420.3999938964844, 697.7999877929688]"
random_walk,1788871708.4858174,39.376119751000004,1.1612825245257612,0.903,0.0,0.015446995090116412,0.4639562201627217,0.8515418509746049,2.590754233630051,30,1.3437671701878218,161.4,2,"[401.6000061035156, 713.4000244140625]"
random_walk,1788871708.5362,39.426502214,1.0478822846084046,0.903,0.0,0.015446995090116412,0.465014844545599,0.8518886767651445,2.859520430079627,30,1.3391652278241648,-2.69,2,"[401.6000061035156, 713.4000244140625]"
random_walk,1788871708.585951,39.476253395,0.9254912514110835,0.903,0.0,0.015446995090116412,0.4659676064901886,0.85220081997663,3.12647459696079,30,1.282407938672396,-2.69,2,"[399.20001220703125, 696.7999877929688]"
random_walk,1788871708.6357875,39.526089705000004,0.8019930793732728,0.903,0.0,0.015446995090116412,0.4668250922403192,0.852481748866967,3.3937146380259975,30,1.210310841641771,-16.14,2,"[399.20001220703125, 696.7999877929688]"
random_walk,1788871708.6860163,39.576318547,0.6857729844940299,0.903,0.0,0.015446995090116412,0.4675968294154368,0.8527345848682704,3.6624170034676666,30,1.1182719943686323,-34.97,2,"[453.0, 651.7999877929688]"
random_walk,1788871708.735992,39.626294241000004,0.5861834869484972,0.903,0.0,0.015446995090116412,0.4682913928730426,0.8529621372694434,3.9304137136646347,30,1.012427320004523,-56.49,2,"[453.0, 651.7999877929688]"
random_walk,1788871708.7858477,39.676149901,0.5102482604034584,0.903,0.0,0.015446995090116412,0.4689164999848878,0.8531669344304991,4.197839967214563,30,0.9050486648525283,-139.88,2,"[525.7999877929688, 581.2000122070312]"
random_walk,1788871708.8358672,39.726169509,0.4631334962188063,0.903,0.0,0.015446995090116412,0.4694790963855485,0.8533512518754491,4.46611280194189,30,0.7853981633974483,-2.69,2,"[525.7999877929688, 581.2000122070312]"
random_walk,1788871708.8858297,39.776132113,0.44857240962458833,0.903,0.0,0.015446995090116412,0.46998543314614316,0.8535171375759042,4.734108221189572,30,0.6734175658817965,-16.14,2,"[597.0, 501.3999938964844]"
random_walk,1788871708.9359355,39.826237874,0.46769258227596516,0.903,0.0,0.015446995090116412,0.47044113623067835,0.8536664347063138,5.002707897031641,30,0.5859806609723149,-75.32,2,"[597.0, 501.3999938964844]"
random_walk,1788871708.9858193,39.876121514000005,0.5190252885544312,0.903,0.0,0.015446995090116412,0.47085126900676,0.8538008021236824,5.270424512666423,30,0.5062136600022615,-75.32,2,"[621.0, 421.79998779296875]"
random_walk,1788871709.0357945,39.926096776,0.5991244315660073,0.903,0.0,0.015446995090116412,0.47122038850523346,0.8539217327993142,5.538622809766835,30,0.47860200582032003,-69.94,2,"[621.0, 421.79998779296875]"
random_walk,1788871709.0858474,39.976149622,0.7023630672731682,0.903,0.0,0.015446995090116412,0.4715525960538596,0.8540305704073827,5.807172052654138,30,0.48013598660820567,2.69,2,"[632.2000122070312, 370.20001220703125]"
random_walk,1788871709.136025,40.026327174,0.8213876503262609,0.903,0.0,0.015446995090116412,0.4718515828476231,0.8541285242546445,6.076007495820406,30,0.5016117176386047,2.69,2,"[632.2000122070312, 370.20001220703125]"
random_walk,1788871709.1858234,40.076125703,0.9452174261669488,0.903,0.0,0.015446995090116412,0.4723332673059519,0.8419042981086771,0.05670738448994683,31,0.5476311412751739,13.45,2,"[614.0, 414.0]"
random_walk,1788871709.2359996,40.126301775,1.0663927503664552,0.903,0.0,0.015446995090116412,0.4727667833184478,0.8309024945773065,0.31828274613035745,31,0.6212622190936846,24.21,2,"[614.0, 414.0]"
random_walk,1788871709.2858446,40.176146895,1.1760291116894628,0.903,0.0,0.015446995090116412,0.4731569477296941,0.821000871399073,0.5756622601499188,31,0.7148350471547088,64.56,2,"[579.4000244140625, 518.2000122070312]"
random_walk,1788871709.335939,40.226241243000004,1.268255453834166,0.903,0.0,0.015446995090116412,0.4735080956998158,0.8120894105386628,0.8312274528543284,31,0.8206797215188181,53.8,2,"[579.4000244140625, 518.2000122070312]"
random_walk,1788871709.3859332,40.276235445000005,1.3372064888236093,0.903,0.0,0.015446995090116412,0.4738241288729253,0.8040690957642936,1.0838946328932408,31,0.9817477042468103,53.8,2,"[525.4000244140625, 601.5999755859375]"
random_walk,1788871709.435815,40.326117263,1.3792920936282567,0.903,0.0,0.015446995090116412,0.4741085587287239,0.7968508124673613,1.3337014212818232,31,1.0937283017624622,26.9,2,"[525.4000244140625, 601.5999755859375]"
random_walk,1788871709.4858053,40.37610748,1.3927819052267507,0.903,0.0,0.015446995090116412,0.4743645455989426,0.7903543575001223,1.581974401329255,31,1.1857671490356005,158.71,2,"[464.0, 659.7999877929688]"
random_walk,1788871709.5358737,40.426175898000004,1.3773459317034513,0.903,0.0,0.015446995090116412,0.4745949337821394,0.7845075480296071,1.8286968120441358,31,1.260932207641997,112.98,2,"[464.0, 659.7999877929688]"
random_walk,1788871709.5858126,40.476114801,1.3345598485418595,0.903,0.0,0.015446995090116412,0.47480228314701656,0.7792454195061435,2.073274322069601,31,1.3222914391574228,158.71,2,"[409.0, 706.0]"
random_walk,1788871709.6358275,40.526129937,1.267335748700747,0.903,0.0,0.015446995090116412,0.47498889757540597,0.7745095038350261,2.3166338794943258,31,1.3529710549151355,201.75,2,"[409.0, 706.0]"
random_walk,1788871709.6858392,40.576141495,1.1800381487231912,0.903,0.0,0.015446995090116412,0.47515685056095647,0.7702471797310206,2.5585859817594994,31,1.3560390164909069,88.77,2,"[394.20001220703125, 714.5999755859375]"
random_walk,1788871709.7358592,40.626161268000004,1.077898677156337,0.903,0.0,0.015446995090116412,0.4753080082479519,0.7664110880374156,2.799488322833575,31,1.3453011509757073,-5.38,2,"[394.20001220703125, 714.5999755859375]"
random_walk,1788871709.7858524,40.676154848,0.967099187406901,0.903,0.0,0.015446995090116412,0.4754440501662478,0.7629586055131712,3.0390832109130415,31,1.2885438618239387,-5.38,2,"[395.79998779296875, 694.7999877929688]"
random_walk,1788871709.8357813,40.72608356,0.8539721973683704,0.903,0.0,0.015446995090116412,0.4755664878927141,0.7598513712413512,3.277586177928576,31,1.2241166687327416,-2.69,2,"[395.79998779296875, 694.7999877929688]"
random_walk,1788871709.885818,40.776120129000006,0.7446534485039065,0.903,0.0,0.015446995090116412,0.4756766818465338,0.7570548603967131,3.515612873232776,31,1.1428156869748027,-29.59,2,"[445.79998779296875, 653.7999877929688]"
random_walk,1788871709.9358358,40.826138017000005,0.645446519945353,0.903,0.0,0.015446995090116412,0.4757758564049715,0.7545380006365389,3.7527315797029743,31,1.0461748973380072,-21.52,2,"[445.79998779296875, 653.7999877929688]"
random_walk,1788871709.9857914,40.876093655000005,0.5617944872993057,0.903,0.0,0.015446995090116412,0.47586511350756544,0.7522728268523821,3.98887247963804,31,0.944932165337555,-129.12,2,"[521.2000122070312, 591.7999877929688]"
random_walk,1788871710.0359383,40.926240372,0.49789513249036443,0.903,0.0,0.015446995090116412,0.4759454448999,0.750234170446641,4.225117295247564,31,0.8406214717613314,-8.07,2,"[521.2000122070312, 591.7999877929688]"
random_walk,1788871710.0857913,40.97609354,0.45754459640773243,0.903,0.0,0.015446995090116412,0.47601774315300105,0.748399379681474,4.4597104121573565,31,0.7286408742456796,-2.69,2,"[581.4000244140625, 518.7999877929688]"
random_walk,1788871710.1359446,41.026246936,0.44243740421151534,0.903,0.0,0.015446995090116412,0.476082811580792,0.7467480679928237,4.694850326491142,31,0.6381360077604268,-13.45,2,"[581.4000244140625, 518.7999877929688]"
random_walk,1788871710.1857836,41.076085943,0.45337384487647964,0.903,0.0,0.015446995090116412,0.4761413731658039,0.7452618874730383,4.928427346612459,31,0.5476311412751739,-13.45,2,"[613.0, 454.0]"
random_walk,1788871710.2357697,41.126071973,0.4896085088871669,0.903,0.0,0.015446995090116412,0.4761940785923146,0.7439243250052316,5.162143137561394,31,0.4954757944870621,-75.32,2,"[613.0, 454.0]"
random_walk,1788871710.2857323,41.176034485,0.5490088087186722,0.903,0.0,0.015446995090116412,0.4762415134761742,0.7427205187842055,5.3953030880353126,31,0.4678641403051206,-104.91,2,"[636.2000122070312, 384.0]"
random_walk,1788871710.3359401,41.226242374,0.6286205717127292,0.903,0.0,0.015446995090116412,0.47628420487164785,0.741637093185282,5.628996516869499,31,0.4663301595172349,-59.18,2,"[636.2000122070312, 384.0]"
random_walk,1788871710.385923,41.276225215000004,0.7233879100339003,0.903,0.0,0.015446995090116412,0.47632262712757417,0.7406620101462509,5.861267936387797,31,0.48013598660820567,2.69,2,"[632.4000244140625, 379.20001220703125]"
random_walk,1788871710.4358184,41.326120572,0.8287200241295367,0.903,0.0,0.015446995090116412,0.47635720715790786,0.7397844354111229,6.0936926200150126,31,0.5138835639416898,2.69,2,"[632.4000244140625, 379.20001220703125]"
random_walk,1788871710.485797,41.376099125,0.9387206930102161,0.903,0.0,0.015446995090116412,0.4763883291852082,0.7389946181495077,0.04256993990907176,32,0.5691068723055729,5.38,2,"[613.0, 436.6000061035156]"
random_walk,1788871710.5358877,41.426189984000004,1.0477458390993706,0.903,0.0,0.015446995090116412,0.4764163390097784,0.738283782614054,0.27484612930928165,32,0.6396699885483124,29.59,2,"[613.0, 436.6000061035156]"
random_walk,1788871710.5858376,41.476139921000005,1.149514032914427,0.903,0.0,0.015446995090116412,0.4764415478518917,0.7376440306321457,0.5063460963557418,32,0.7562525284276211,29.59,2,"[580.4000244140625, 530.0]"
random_walk,1788871710.6357918,41.52609392,1.238928624147642,0.903,0.0,0.015446995090116412,0.4764642358097936,0.7370682538484282,0.7377501085267681,32,0.8605632220038447,2.69,2,"[580.4000244140625, 530.0]"
random_walk,1788871710.6857843,41.576086787,1.311256842000208,0.903,0.0,0.015446995090116412,0.4764846549719053,0.7365500547430824,0.9691261116583689,32,0.9694758579437253,8.07,2,"[528.2000122070312, 603.5999755859375]"
random_walk,1788871710.7358212,41.626123305,1.356544158091354,0.903,0.0,0.015446995090116412,0.4711482762984626,0.7153743450978289,1.1940046017660393,32,1.0676506283684062,32.28,2,"[528.2000122070312, 603.5999755859375]"
random_walk,1788871710.7858124,41.676114586000004,1.378979762832583,0.903,0.0,0.015446995090116412,0.46634553549236424,0.6963162064171008,1.4127426105718541,32,1.1566215140657734,153.32999999999998,2,"[476.3999938964844, 657.7999877929688]"
random_walk,1788871710.8359158,41.726218245000005,1.3797536374761088,0.903,0.0,0.015446995090116412,0.4620230687668757,0.6791638816044455,1.6264924654945503,32,1.23178657267217,94.14999999999999,2,"[476.3999938964844, 657.7999877929688]"
random_walk,1788871710.8858082,41.776110489000004,1.3607316307670911,0.903,0.0,0.015446995090116412,0.458132848713936,0.6637267892730557,1.834593059830837,32,1.2931458041875956,156.02,2,"[419.0, 696.7999877929688]"
random_walk,1788871710.9358847,41.826186943,1.3241478989247764,0.903,0.0,0.015446995090116412,0.4546316506662903,0.6498334061748049,2.0390168728965534,32,1.3330293046726223,177.54,2,"[419.0, 696.7999877929688]"
random_walk,1788871710.9858024,41.876104718,1.2728320971010672,0.903,0.0,0.015446995090116412,0.45148057242340917,0.6373293613863792,2.2389935827318084,32,1.3560390164909069,177.54,2,"[390.6000061035156, 719.4000244140625]"
random_walk,1788871711.0357707,41.926073091,1.2095159825212642,0.903,0.0,0.015446995090116412,0.44864460200481615,0.626075721076796,2.4356203027579113,32,1.354505035703021,0.0,2,"[390.6000061035156, 719.4000244140625]"
random_walk,1788871711.0857666,41.976068778000005,1.1371767396982948,0.903,0.0,0.015446995090116412,0.4460922286280824,0.6159474447981712,2.629131135776902,32,1.3330293046726223,-5.38,2,"[397.79998779296875, 706.2000122070312]"
random_walk,1788871711.135915,42.026217435,1.058648465736359,0.903,0.0,0.015446995090116412,0.44379509258902206,0.6068319961474089,2.8201718984794297,32,1.2962137657633668,-5.38,2,"[397.79998779296875, 706.2000122070312]"
random_walk,1788871711.1857939,42.076096055,0.9773367395053637,0.903,0.0,0.015446995090116412,0.4417276701538677,0.5986280923617228,3.0078776894346504,32,1.2471263805510262,-2.69,2,"[402.3999938964844, 687.0]"
random_walk,1788871711.2359345,42.126236736,0.8954058617312792,0.903,0.0,0.015446995090116412,0.43986698996222884,0.5912445789546052,3.1939986852534332,32,1.1873011298234863,-16.14,2,"[402.3999938964844, 687.0]"
random_walk,1788871711.2857933,42.176095703,0.8161241411318515,0.903,0.0,0.015446995090116412,0.43819237778975384,0.5845994168881995,3.3772798710478185,32,1.1167380135807468,-29.59,2,"[461.0, 646.2000122070312]"
random_walk,1788871711.3359778,42.226280035,0.7412035832684923,0.903,0.0,0.015446995090116412,0.4366852268345263,0.5786187710284343,3.5595381960019665,32,1.0461748973380072,-29.59,2,"[461.0, 646.2000122070312]"
random_walk,1788871711.3857887,42.276091039,0.6735390772268123,0.903,0.0,0.015446995090116412,0.4353287909748216,0.5732361897546456,3.73909762901377,32,0.944932165337555,-29.59,2,"[518.2000122070312, 590.2000122070312]"
random_walk,1788871711.435813,42.326115343000005,0.6143355600611401,0.903,0.0,0.015446995090116412,0.4341079987010873,0.5683918666082358,3.9177511580925284,32,0.8728350683069298,-51.11,2,"[518.2000122070312, 590.2000122070312]"
random_walk,1788871711.4859548,42.376256866000006,0.565325288333374,0.903,0.0,0.015446995090116412,0.43300928565472646,0.564031975776467,4.095195755541852,32,0.786932144185334,-2.69,2,"[565.2000122070312, 536.5999755859375]"
random_walk,1788871711.5359895,42.426291746000004,0.5277612056692188,0.903,0.0,0.015446995090116412,0.4320204439130017,0.5601080740278751,4.271382387385529,32,0.7194369895183657,-21.52,2,"[565.2000122070312, 536.5999755859375]"
random_walk,1788871711.5857854,42.476087606,0.5025592179025453,0.903,0.0,0.015446995090116412,0.4311304863454494,0.5565765624541423,4.445684915064874,32,0.6611457195787114,-91.46,2,"[589.0, 503.3999938964844]"
random_walk,1788871711.6358492,42.526151593,0.48996476064587074,0.903,0.0,0.015446995090116412,0.43032952453465234,0.5533982020377829,4.619698003798419,32,0.6105243535784852,-64.56,2,"[589.0, 503.3999938964844]"
random_walk,1788871711.6857681,42.576070337000004,0.4902151764776137,0.903,0.0,0.015446995090116412,0.429608658904935,0.5505376776630594,4.792471241067602,32,0.5614369683661447,-83.39,2,"[610.5999755859375, 452.79998779296875]"
random_walk,1788871711.7358992,42.62620159,0.5031044842297465,0.903,0.0,0.015446995090116412,0.4289598798381894,0.5479632057258083,4.965032929725936,32,0.5307573526084318,-129.12,2,"[610.5999755859375, 452.79998779296875]"
random_walk,1788871711.786361,42.676663116,0.5282646726314281,0.903,0.0,0.015446995090116412,0.42837597867811833,0.5456461809822822,5.137868753231743,32,0.504679679214376,-129.12,2,"[630.7999877929688, 408.20001220703125]"
random_walk,1788871711.835862,42.726164107,0.5640183410985984,0.903,0.0,0.015446995090116412,0.4278504676340544,0.5435608587131088,5.306951285064457,32,0.49854375606283335,-78.01,2,"[630.7999877929688, 408.20001220703125]"
random_walk,1788871711.8857763,42.776078503,0.6100273604452393,0.903,0.0,0.015446995090116412,0.4273775076943968,0.5416840686708527,5.476993457616317,32,0.500077736850719,-18.83,2,"[620.5999755859375, 397.20001220703125]"
random_walk,1788871711.935809,42.826111019,0.6646907149546317,0.903,0.0,0.015446995090116412,0.426951843748705,0.5399949576328222,5.646735571631922,32,0.5138835639416898,2.69,2,"[620.5999755859375, 397.20001220703125]"
random_walk,1788871711.9857748,42.876077043,0.7262587427611024,0.903,0.0,0.015446995090116412,0.4265687461975824,0.5384747576985948,5.81581002053332,32,0.5399612373357456,2.69,2,"[620.4000244140625, 415.3999938964844]"
random_walk,1788871712.0358918,42.926194078,0.7944862383153873,0.903,0.0,0.015446995090116412,0.42935294941538565,0.5544000424257469,5.990300605248365,32,0.5752427954571154,2.69,2,"[620.4000244140625, 415.3999938964844]"
random_walk,1788871712.085796,42.976098405,0.8691191043900982,0.903,0.0,0.015446995090116412,0.4318587323114086,0.5687327986801839,6.1687131825026995,32,0.6181942575179133,21.52,2,"[605.4000244140625, 465.20001220703125]"
random_walk,1788871712.136018,43.026320309000006,0.9483402502412438,0.903,0.0,0.015446995090116412,0.43411393691782924,0.5816322793091772,0.06891492662720822,33,0.6703496043060252,8.07,2,"[605.4000244140625, 465.20001220703125]"
random_walk,1788871712.1858108,43.076113150000005,1.0283051567883363,0.903,0.0,0.015446995090116412,0.4361436210636078,0.5932418118752711,0.2546278633744592,33,0.7470486437003072,8.07,2,"[583.5999755859375, 520.2000122070312]"
random_walk,1788871712.2357657,43.126067807000005,1.106628704765694,0.903,0.0,0.015446995090116412,0.43797033679480857,0.6036903911847556,0.4441247499272336,33,0.8160777791551611,16.14,2,"[583.5999755859375, 520.2000122070312]"
random_walk,1788871712.2857914,43.176093619,1.1798543192346684,0.903,0.0,0.015446995090116412,0.43961438095288924,0.6130941125632917,0.6368037436464888,33,0.8943107993373288,2.69,2,"[539.0, 573.4000244140625]"
random_walk,1788871712.3359354,43.22623757,1.2446985237856205,0.903,0.0,0.015446995090116412,0.44109402069516185,0.6215574618039742,0.8325378020135545,33,0.966407896367954,24.21,2,"[539.0, 573.4000244140625]"
random_walk,1788871712.385781,43.276083433000004,1.2976995075298419,0.903,0.0,0.015446995090116412,0.4424256964632072,0.6291744761205884,1.0298305982262619,33,1.0369710126106935,72.63,2,"[510.20001220703125, 617.0]"
random_walk,1788871712.4359736,43.326276031000006,1.3365767103592545,0.903,0.0,0.015446995090116412,0.44362420465444796,0.6360297890055412,1.2301272863476598,33,1.1075341288534328,61.87,2,"[510.20001220703125, 617.0]"
random_walk,1788871712.485797,43.376099175,1.3588357400658624,0.903,0.0,0.015446995090116412,0.44470286202656467,0.6421995706019987,1.431391529537457,33,1.1780972450961724,99.53,2,"[460.0, 658.5999755859375]"
random_walk,1788871712.535932,43.426234187000006,1.3631945596663773,0.903,0.0,0.015446995090116412,0.4456736536614697,0.6477523740388105,1.6352738182214424,33,1.2333205534600555,139.88,2,"[460.0, 658.5999755859375]"
random_walk,1788871712.5858388,43.476140832000006,1.3489224316540416,0.903,0.0,0.015446995090116412,0.44654736613288426,0.6527498971319411,1.8399042599822408,33,1.2931458041875956,139.88,2,"[411.0, 697.5999755859375]"
random_walk,1788871712.6357863,43.526088569,1.3161406084077323,0.903,0.0,0.015446995090116412,0.4473337073571574,0.6572476679157586,2.046367888726145,33,1.3222914391574228,164.09,2,"[411.0, 697.5999755859375]"
random_walk,1788871712.6857696,43.576071802,1.265885716821549,0.903,0.0,0.015446995090116412,0.4480414144590032,0.6612956616211945,2.254147479561233,33,1.3314953238847365,166.78,2,"[394.0, 709.7999877929688]"
random_walk,1788871712.735801,43.626103177000005,1.2000700852959767,0.903,0.0,0.015446995090116412,0.4486783508506644,0.6649388559560867,2.46303278883088,33,1.3314953238847365,34.97,2,"[394.0, 709.7999877929688]"
random_walk,1788871712.7857928,43.676095217000004,1.121346629790126,0.903,0.0,0.015446995090116412,0.44925159360315947,0.6682177308574897,2.672990901334181,33,1.320757458369537,-5.38,2,"[395.0, 706.5999755859375]"
random_walk,1788871712.8358874,43.726189623,1.0329507878449404,0.903,0.0,0.015446995090116412,0.44976751208040505,0.6711687182687524,2.884174733803782,33,1.2870098810360528,-2.69,2,"[395.0, 706.5999755859375]"
random_walk,1788871712.885881,43.776183105,0.939096391531802,0.903,0.0,0.015446995090116412,0.45023183870992606,0.6738246069388888,3.0957126405437307,33,1.2425244381873692,-2.69,2,"[413.0, 678.4000244140625]"
random_walk,1788871712.935898,43.826200204,0.8436950571372293,0.903,0.0,0.015446995090116412,0.450649732676495,0.6762149067420116,3.3082388212116953,33,1.1826991874598294,-24.21,2,"[413.0, 678.4000244140625]"
random_walk,1788871712.9858375,43.876139676,0.7513571170405601,0.903,0.0,0.015446995090116412,0.45102583724640705,0.6783661765648221,3.5211036566394753,33,1.0845244170351482,-24.21,2,"[465.6000061035156, 646.5999755859375]"
random_walk,1788871713.0357752,43.926077261,0.6661554172998774,0.903,0.0,0.015446995090116412,0.45136433135932785,0.6803023194053516,3.734715600796484,33,0.9986214929135524,-43.04,2,"[465.6000061035156, 646.5999755859375]"
random_walk,1788871713.0858145,43.976116525,0.5920839357449308,0.903,0.0,0.015446995090116412,0.4516689760609566,0.6820448479618281,3.9491073764097067,33,0.9127185687919565,-137.19,2,"[528.5999755859375, 581.2000122070312]"
random_walk,1788871713.1358721,44.026174431,0.5327517504808106,0.903,0.0,0.015446995090116412,0.45194315629242243,0.6836131236626569,4.164095754968464,33,0.8222137023067037,-2.69,2,"[528.5999755859375, 581.2000122070312]"
random_walk,1788871713.1859245,44.076226676000005,0.49110041279849137,0.903,0.0,0.015446995090116412,0.4521899185007417,0.6850245717934029,4.379370602374685,33,0.7271068934577939,-5.38,2,"[589.7999877929688, 520.4000244140625]"
random_walk,1788871713.2359233,44.126225514000005,0.4691452940903238,0.903,0.0,0.015446995090116412,0.45241200448822905,0.6862948751110743,4.595061850220453,33,0.6519418348513975,-40.35,2,"[589.7999877929688, 520.4000244140625]"
random_walk,1788871713.285808,44.176110125,0.4680179645690944,0.903,0.0,0.015446995090116412,0.45261188187696766,0.6874381480969786,4.810640392493447,33,0.5890486225480862,-129.12,2,"[604.2000122070312, 487.20001220703125]"
random_walk,1788871713.3358204,44.226122632000006,0.49876267857964485,0.903,0.0,0.015446995090116412,0.4426485216054872,0.717025203246646,5.0359132623219764,33,0.5353592949720888,-80.7,2,"[604.2000122070312, 487.20001220703125]"
random_walk,1788871713.385825,44.276127255000006,0.550354209573773,0.903,0.0,0.015446995090116412,0.43368149736115474,0.7436535528813466,5.269543901748229,33,0.48933987133551954,-80.7,2,"[635.7999877929688, 399.20001220703125]"
random_walk,1788871713.4357913,44.326093409,0.6213596064717882,0.903,0.0,0.015446995090116412,0.42561117554125555,0.7676190675525771,5.5105491439620735,33,0.4816699673960913,-91.46,2,"[635.7999877929688, 399.20001220703125]"
random_walk,1788871713.4858203,44.376122574,0.7311837686706697,0.903,0.0,0.03770569587672096,0.41834788590334626,0.7891880307566845,5.758625778211844,33,0.4878058905476339,2.69,2,"[633.2000122070312, 381.20001220703125]"
random_walk,1788871713.5358946,44.426196816,0.8307651334147603,0.903,0.0,0.03770569587672096,0.4118109252292279,0.8086000976403813,6.012939280028185,33,0.5200194870932323,2.69,2,"[633.2000122070312, 381.20001220703125]"
random_walk,1788871713.5858188,44.476121098,0.9362411206307332,0.903,0.0,0.03770569587672096,0.4059276606225214,0.8260709578357084,6.272186635016489,33,0.5737088146692298,32.28,2,"[611.2000122070312, 436.20001220703125]"
random_walk,1788871713.6359272,44.526229419,1.0413316356622622,0.903,0.0,0.03770569587672096,0.4006327224764855,0.8417947320115027,0.25388628477726627,34,0.6442719309119693,18.83,2,"[611.2000122070312, 436.20001220703125]"
random_walk,1788871713.6858904,44.576192748000004,1.1382836385888213,0.903,0.0,0.03770569587672096,0.39586727814505324,0.8559461287697177,0.522561559506002,34,0.7332428166093364,80.7,2,"[585.2000122070312, 530.4000244140625]"
random_walk,1788871713.7359757,44.626277955000006,1.220462063575193,0.903,0.0,0.03770569587672096,0.39157837824676417,0.8686823858521111,0.7958128886212279,34,0.8298836062461319,18.83,2,"[585.2000122070312, 530.4000244140625]"
random_walk,1788871713.785791,44.676093098,1.281108343695801,0.903,0.0,0.03770569587672096,0.38771836833830403,0.8801450172262653,1.0715918662096016,34,0.9710098387316108,18.83,2,"[531.0, 604.0]"
random_walk,1788871713.8357892,44.726091333,1.3157381900782987,0.903,0.0,0.03770569587672096,0.3842443594206899,0.8904613854630039,1.3513862744934357,34,1.0676506283684062,32.28,2,"[531.0, 604.0]"
random_walk,1788871713.8859322,44.776234309,1.3210469035949641,0.903,0.0,0.03770569587672096,0.3811177513948372,0.8997461168760688,1.6346435658156082,34,1.1474176293384597,115.67,2,"[487.0, 649.0]"
random_walk,1788871713.9358642,44.826166364,1.2962233391993303,0.903,0.0,0.03770569587672096,0.3783038041715698,0.908102375147827,1.9196430009871364,34,1.2164467647933135,91.46,2,"[487.0, 649.0]"
random_walk,1788871713.985883,44.876185117000006,1.2428894755517261,0.903,0.0,0.03770569587672096,0.3757712516706291,0.9156230075924094,2.207315715593424,34,1.2670681307935396,112.98,2,"[421.20001220703125, 694.5999755859375]"
random_walk,1788871714.0358872,44.926189359000006,1.1650984054713098,0.903,0.0,0.03770569587672096,0.37349195441978245,0.9223915767925337,2.4970953781501777,34,1.282407938672396,131.81,2,"[421.20001220703125, 694.5999755859375]"
random_walk,1788871714.085884,44.976186333,1.069071715890018,0.903,0.0,0.03770569587672096,0.3714405868940205,0.9284832890726455,2.7887255817203,34,1.282407938672396,-2.69,2,"[408.6000061035156, 695.0]"
random_walk,1788871714.135918,45.026220228,0.9625943188629309,0.903,0.0,0.03770569587672096,0.36959435612083474,0.9339658301247462,3.0823346096080257,34,1.2624661884298827,-2.69,2,"[408.6000061035156, 695.0]"
random_walk,1788871714.1860387,45.076340834,0.8546244278721614,0.903,0.0,0.03770569587672096,0.36793274842496754,0.9389001170716369,3.377740619263065,34,1.191903072187143,-2.69,2,"[408.6000061035156, 695.0]"
random_walk,1788871714.2365518,45.126853935,0.753790049552008,0.903,0.0,0.03770569587672096,0.3664373014986871,0.9433409753238384,3.6768809450165776,34,1.1228739367322893,-24.21,2,"[427.79998779296875, 678.2000122070312]"
random_walk,1788871714.28595,45.176252213000005,0.6713091460124809,0.903,0.0,0.03770569587672096,0.36509139926503464,0.9473377477508198,3.9715283395641023,34,1.0615147052168636,-26.9,2,"[483.6000061035156, 633.2000122070312]"
random_walk,1788871714.3360772,45.226379397,0.6117648386530576,0.903,0.0,0.03770569587672096,0.36388008725474746,0.950934842935103,4.270584223187868,34,0.9387962421860124,-131.81,2,"[483.6000061035156, 633.2000122070312]"
random_walk,1788871714.3858497,45.276151952,0.581618170346363,0.903,0.0,0.03770569587672096,0.362789906445489,0.954172228600958,4.569401509509575,34,0.8452234141249882,-5.38,2,"[539.7999877929688, 551.5999755859375]"
random_walk,1788871714.4372094,45.327511721,0.5834497735926483,0.903,0.0,0.03770569587672096,0.3618087437171564,0.9570858757002274,4.871196931905686,34,0.7424467013366504,-2.69,2,"[539.7999877929688, 551.5999755859375]"
random_walk,1788871714.485831,45.376133272000004,0.6171693093982769,0.903,0.0,0.03770569587672096,0.360925697261657,0.9597081580895699,5.171589407290853,34,0.6749515466696822,-13.45,2,"[636.5999755859375, 509.3999938964844]"
random_walk,1788871714.5359504,45.426252633000004,0.6801553732058948,0.903,0.0,0.03770569587672096,0.3601309554517076,0.9620682122399782,5.474344079334529,34,0.6212622190936846,-83.39,2,"[636.5999755859375, 509.3999938964844]"
random_walk,1788871714.585829,45.476131164,0.7663721484147556,0.903,0.0,0.03770569587672096,0.3594156878227531,0.9641922609753455,5.776768247165208,34,0.5890486225480862,-83.39,2,"[604.5999755859375, 475.6000061035156]"
