mode,t_ros_sec,t_rel_sec,tail_target_rad,tail_bias_rad,tail_bias_offset_rad,tail_bias_rand_rad,tail_amp_rad,tail_freq_hz,phase_rad,cycle_idx,present_position_rad,present_current_ma,sensor_len,sensor_values
random_walk,1788871853.2361255,0.015026250000000001,0.8539976401640599,0.903,0.0,-0.07108367497131061,0.40599154051121467,0.585543381787961,0.05441545939023584,0,1.0891263593988052,-2.69,2,"[431.3999938964844, 652.5999755859375]"
random_walk,1788871853.2858384,0.064739137,0.9372594655919556,0.903,0.0,-0.07108367497131061,0.42741043504609055,0.6216592734368422,0.2490344805827579,0,1.026233147095494,-13.45,2,"[491.20001220703125, 593.2000122070312]"
random_walk,1788871853.3358686,0.11476928600000001,1.0253215049374298,0.903,0.0,-0.07108367497131061,0.4424036612205037,0.6469403975910591,0.45244856477052176,0,0.9710098387316108,-53.8,2,"[491.20001220703125, 593.2000122070312]"
random_walk,1788871853.3858633,0.164763808,1.1100146024837392,0.903,0.0,-0.07108367497131061,0.45289891954259287,0.664637184499011,0.661169713092463,0,0.9280583766708129,-37.66,2,"[518.4000244140625, 577.5999755859375]"
random_walk,1788871853.4359436,0.214844201,1.1849381035976296,0.903,0.0,-0.07108367497131061,0.4602456003680553,0.6770249353345773,0.8741979152589012,0,0.8943107993373288,72.63,2,"[518.4000244140625, 577.5999755859375]"
random_walk,1788871853.4859133,0.26481381200000004,1.2444196930150553,0.903,0.0,-0.07108367497131061,0.46538827694587903,0.6856963609194737,1.0894316109151805,0,0.9019807032767571,88.77,2,"[529.7999877929688, 558.0]"
random_walk,1788871853.5382006,0.317101363,1.284954055472212,0.903,0.0,-0.07108367497131061,0.4689881505503556,0.6917663588289013,1.3092439044066726,0,0.9572040116406401,2.69,2,"[529.7999877929688, 558.0]"
random_walk,1788871853.5858343,0.36473489800000003,1.3029334417939091,0.903,0.0,-0.07108367497131061,0.47150806207348916,0.6960153573655005,1.525158528589162,0,1.0369710126106935,26.9,2,"[502.79998779296875, 593.4000244140625]"
random_walk,1788871853.635864,0.414764585,1.2980347503189407,0.903,0.0,-0.07108367497131061,0.47327200013968274,0.69898965634112,1.7448846781804424,0,1.1320778214596032,26.9,2,"[502.79998779296875, 593.4000244140625]"
random_walk,1788871853.6857936,0.46469438900000004,1.2700383173129006,0.903,0.0,-0.07108367497131061,0.47450675678601817,0.7010716656240537,1.9649526966472879,0,1.1965050145508,91.46,2,"[461.6000061035156, 643.5999755859375]"
random_walk,1788871853.7359614,0.5148620970000001,1.2200717199788262,0.903,0.0,-0.07108367497131061,0.47537108643845305,0.7025290721221071,2.186215811138848,0,1.2455923997631406,118.36,2,"[461.6000061035156, 643.5999755859375]"
random_walk,1788871853.7858126,0.564713117,1.1510314228042178,0.903,0.0,-0.07108367497131061,0.4759761171951574,0.7035492566707446,2.40678627590352,0,1.2701360923693108,118.36,2,"[419.79998779296875, 678.4000244140625]"
random_walk,1788871853.8359256,0.614826124,1.0692901445430145,0.903,0.0,-0.07108367497131061,0.4765167728916525,0.6780160715880099,2.620136046977584,0,1.2701360923693108,-2.69,2,"[419.79998779296875, 678.4000244140625]"
random_walk,1788871853.885815,0.664715491,0.9794047252509439,0.903,0.0,-0.07108367497131061,0.47689523187919913,0.6601428420300957,2.827169529720649,0,1.2455923997631406,-2.69,2,"[413.3999938964844, 673.4000244140625]"
random_walk,1788871853.936052,0.714952742,0.8843751786230875,0.903,0.0,-0.07108367497131061,0.47716015317048177,0.6476315813395557,3.031430251520896,0,1.1995729761265714,-13.45,2,"[413.3999938964844, 673.4000244140625]"
random_walk,1788871853.985821,0.7647215980000001,0.7891271154050044,0.903,0.0,-0.07108367497131061,0.4773455980743796,0.6388736988561776,3.231353032859589,0,1.1106020904292042,-13.45,2,"[450.3999938964844, 642.2000122070312]"
random_walk,1788871854.0357828,0.8146834190000001,0.6961181517696465,0.903,0.0,-0.07108367497131061,0.4774754095071081,0.632743181117813,3.4299822824620203,0,1.0323690702470365,-26.9,2,"[450.3999938964844, 642.2000122070312]"
random_walk,1788871854.0858164,0.86471695,0.6088572378701844,0.903,0.0,-0.07108367497131061,0.477566277510018,0.6284518187009578,3.6275720906106166,0,0.9480001269133262,-142.57,2,"[501.3999938964844, 598.0]"
random_walk,1788871854.1358562,0.914756899,0.5306360505503226,0.903,0.0,-0.07108367497131061,0.47762988511205495,0.6254478650091592,3.8241530755257003,0,0.8620972027917303,-32.28,2,"[501.3999938964844, 598.0]"
random_walk,1788871854.1859748,0.9648755050000001,0.4641331536935663,0.903,0.0,-0.07108367497131061,0.4776744104334808,0.6233450974249001,4.02034809233617,0,0.760854470791278,-5.38,2,"[555.5999755859375, 540.4000244140625]"
random_walk,1788871854.2360494,1.0149500310000001,0.4118933342020429,0.903,0.0,-0.07108367497131061,0.4777055781584789,0.6218731601159188,4.215879708976185,0,0.6764855274575677,-34.97,2,"[555.5999755859375, 540.4000244140625]"
random_walk,1788871854.28582,1.0647207220000001,0.385,0.903,0.0,-0.07108367497131061,0.47772739556597754,0.6208428039996318,4.410330662567541,0,0.5982525072754,-121.05,2,"[613.4000244140625, 485.6000061035156]"
random_walk,1788871854.3359842,1.114884903,0.385,0.903,0.0,-0.07108367497131061,0.47774266775122665,0.6201215547182309,4.605618899649476,0,0.5292233718205462,-123.74,2,"[613.4000244140625, 485.6000061035156]"
random_walk,1788871854.3858051,1.1647058670000001,0.385,0.903,0.0,-0.07108367497131061,0.47775335828090093,0.6196166802212504,4.799715678173685,0,0.4540583132141498,-123.74,2,"[616.4000244140625, 400.6000061035156]"
random_walk,1788871854.4358485,1.2147491140000002,0.385,0.903,0.0,-0.07108367497131061,0.477760841651673,0.619263268073364,4.994401602045717,0,0.41877675509278006,-164.09,2,"[616.4000244140625, 400.6000061035156]"
random_walk,1788871854.4858346,1.2647351720000002,0.451441777582321,0.903,0.0,-0.07108367497131061,0.43038974439840544,0.6505535306212943,5.198784968685294,0,0.40343694721392365,-215.2,2,"[637.4000244140625, 369.3999938964844]"
random_walk,1788871854.5359757,1.3148763060000002,0.5276074885633684,0.903,0.0,-0.07108367497131061,0.39722997632111817,0.6724567144048454,5.410469685881909,0,0.401902966426038,-207.13,2,"[637.4000244140625, 369.3999938964844]"
random_walk,1788871854.5859435,1.364844026,0.6035511100473527,0.903,0.0,-0.07108367497131061,0.37401813866701705,0.6877889430533313,5.626401943375984,0,0.40343694721392365,0.0,2,"[660.4000244140625, 355.0]"
random_walk,1788871854.6359935,1.414894196,0.6804666432371971,0.903,0.0,-0.07108367497131061,0.35776985230914626,0.6985215031072713,5.846083051691618,0,0.42337869745643697,2.69,2,"[660.4000244140625, 355.0]"
random_walk,1788871854.6858633,1.464763932,0.7577335968203107,0.903,0.0,-0.07108367497131061,0.34639605185863676,0.7060342951450294,6.067357796771142,0,0.47093210188089185,2.69,2,"[655.5999755859375, 363.6000061035156]"
random_walk,1788871854.7359636,1.514864022,0.8346292537325483,0.903,0.0,-0.07108367497131061,0.3384343915432801,0.71129324957146,0.008016199969892668,1,0.5353592949720888,2.69,2,"[655.5999755859375, 363.6000061035156]"
random_walk,1788871854.7857919,1.5646924150000001,0.9084786405194556,0.903,0.0,-0.07108367497131061,0.3328612293225304,0.7149745176699615,0.23209074943897168,1,0.6273981422452273,2.69,2,"[591.4000244140625, 470.6000061035156]"
random_walk,1788871854.8358204,1.614721056,0.9772705793743526,0.903,0.0,-0.07108367497131061,0.32896001576800565,0.7175514053389125,0.45767093987552254,1,0.6994952392758523,40.35,2,"[591.4000244140625, 470.6000061035156]"
random_walk,1788871854.8857791,1.6646797290000002,1.0379421270289073,0.903,0.0,-0.07108367497131061,0.32622916627983833,0.7193552267071782,0.6835340079354362,1,0.7731263170943632,29.59,2,"[607.2000122070312, 544.0]"
random_walk,1788871854.9357529,1.714653447,1.087922679575445,0.903,0.0,-0.07108367497131061,0.3243175716381212,0.7206179016649642,0.9097810836718958,1,0.8544272988523022,2.69,2,"[607.2000122070312, 544.0]"
random_walk,1788871854.9858055,1.7647060270000001,1.1249298686230016,0.903,0.0,-0.07108367497131061,0.3229794553889192,0.7215017741354144,1.13662841269708,1,0.923456434307156,2.69,2,"[542.7999877929688, 577.0]"
random_walk,1788871855.036026,1.814926631,1.1471184863261363,0.903,0.0,-0.07108367497131061,0.3220427740144778,0.7221204848647295,1.3643165698379063,1,0.983281685034696,10.76,2,"[542.7999877929688, 577.0]"
random_walk,1788871855.0858436,1.8647440860000002,1.1532409077250878,0.903,0.0,-0.07108367497131061,0.3213870970523688,0.72255358237525,1.5905204497002297,1,1.0369710126106935,45.73,2,"[509.79998779296875, 583.0]"
random_walk,1788871855.1359372,1.9148378350000002,1.1430852470535542,0.903,0.0,-0.07108367497131061,0.3209281231788925,0.7228567506326145,1.8180398829364872,1,1.081456455459377,21.52,2,"[509.79998779296875, 583.0]"
random_walk,1788871855.1857836,1.96468434,1.1455096446988016,0.903,0.0,-0.07108367497131061,0.3558025998309343,0.7811139910576023,2.0628408155166653,1,1.1244079175201749,21.52,2,"[488.6000061035156, 641.4000244140625]"
random_walk,1788871855.2358384,2.014738909,1.1100090341143172,0.903,0.0,-0.07108367497131061,0.38021473348736357,0.8218940593550937,2.3212059275342867,1,1.1366797638232602,78.01,2,"[488.6000061035156, 641.4000244140625]"
random_walk,1788871855.2857912,2.064691745,1.0407090357496884,0.903,0.0,-0.07108367497131061,0.39730322704686405,0.8504401071633377,2.5882607760890277,1,1.1366797638232602,43.04,2,"[473.6000061035156, 636.0]"
random_walk,1788871855.3361151,2.1150156190000002,0.9443890901777283,0.903,0.0,-0.07108367497131061,0.40926517253851435,0.8704223406291085,2.8631939499018326,1,1.1336118022474888,-2.69,2,"[473.6000061035156, 636.0]"
random_walk,1788871855.3858118,2.164712343,0.8327641949320266,0.903,0.0,-0.07108367497131061,0.4176385343826696,0.8844099040551481,3.1395624997223823,1,1.1152040327928612,-24.21,2,"[470.0, 613.2000122070312]"
random_walk,1788871855.4358203,2.214721029,0.7153186966643459,0.903,0.0,-0.07108367497131061,0.42349988767357827,0.8942011984533758,3.4205143184748685,1,1.0753205323078345,-56.49,2,"[470.0, 613.2000122070312]"
random_walk,1788871855.4859078,2.264808474,0.6039224806120433,0.903,0.0,-0.07108367497131061,0.4276028349772143,0.9010551045321351,3.703960261884127,1,1.0108933392166375,-45.73,2,"[495.6000061035156, 592.0]"
random_walk,1788871855.5359244,2.3148250150000003,0.5029259061668738,0.903,0.0,-0.07108367497131061,0.44846267144364627,0.8313164598182411,3.9651910500111285,1,0.9280583766708129,-177.54,2,"[495.6000061035156, 592.0]"
random_walk,1788871855.5858502,2.364750741,0.42590959851817,0.903,0.0,-0.07108367497131061,0.46306455697014864,0.7824994085185153,4.2107219491474375,1,0.786932144185334,-177.54,2,"[540.2000122070312, 549.7999877929688]"
random_walk,1788871855.635853,2.414753836,0.385,0.903,0.0,-0.07108367497131061,0.47328587683870027,0.7483274726087072,4.445889838833413,1,0.6718835850939109,-2.69,2,"[540.2000122070312, 549.7999877929688]"
random_walk,1788871855.685829,2.46472962,0.385,0.903,0.0,-0.07108367497131061,0.48044080074668644,0.7244071174718416,4.673287115308847,1,0.5752427954571154,-96.84,2,"[594.0, 485.79998779296875]"
random_walk,1788871855.7358997,2.5148004,0.385,0.903,0.0,-0.07108367497131061,0.48544924748227675,0.7076628688760357,4.8959000768122305,1,0.4970097752749477,-180.23,2,"[594.0, 485.79998779296875]"
random_walk,1788871855.7858567,2.5647572430000003,0.385,0.903,0.0,-0.07108367497131061,0.48895516019719,0.6959418948589716,5.1144584955329595,1,0.4356505437595221,-121.05,2,"[635.5999755859375, 390.3999938964844]"
random_walk,1788871855.835912,2.614812783,0.43149105757226097,0.903,0.0,-0.07108367497131061,0.4914092990976292,0.6877372130470267,5.330713521884622,1,0.4049709280018093,-220.57999999999998,2,"[635.5999755859375, 390.3999938964844]"
random_walk,1788871855.8857996,2.664700207,0.49987781108805657,0.903,0.0,-0.07108367497131061,0.49312719632793667,0.6819939357786653,5.544478466592658,1,0.40343694721392365,-223.26999999999998,2,"[653.0, 351.6000061035156]"
random_walk,1788871855.9359221,2.714822793,0.5840378678543159,0.903,0.0,-0.07108367497131061,0.4943297243891519,0.6779736416908123,5.757918847597088,1,0.40343694721392365,-121.05,2,"[653.0, 351.6000061035156]"
random_walk,1788871855.98584,2.764740569,0.6791909149870827,0.903,0.0,-0.07108367497131061,0.49517149403200256,0.6751594358293153,5.969643891188131,1,0.42184471666855133,-121.05,2,"[636.5999755859375, 357.20001220703125]"
random_walk,1788871856.0359983,2.814899055,0.7818379865149604,0.903,0.0,-0.07108367497131061,0.495760732781998,0.6731894917262673,6.181999609577945,1,0.4678641403051206,2.69,2,"[636.5999755859375, 357.20001220703125]"
random_walk,1788871856.0858192,2.864719843,0.8858837980659902,0.903,0.0,-0.07108367497131061,0.4961731999069948,0.6718105308541337,0.1089830175467732,2,0.5322913333963175,2.69,2,"[638.5999755859375, 390.0]"
random_walk,1788871856.1359494,2.914850135,0.9881201264217572,0.903,0.0,-0.07108367497131061,0.4964619268944926,0.6708452582436402,0.3200710457514706,2,0.6105243535784852,13.45,2,"[638.5999755859375, 390.0]"
random_walk,1788871856.185929,2.9648295960000004,1.0832690417015718,0.903,0.0,-0.07108367497131061,0.49666403578574103,0.6701695674162947,0.5306359905476246,2,0.6979612584879668,59.18,2,"[598.5999755859375, 506.0]"
random_walk,1788871856.2358947,3.0147953210000002,1.1672602706558481,0.903,0.0,-0.07108367497131061,0.496805512009615,0.6696965838371529,0.7409653160880474,2,0.7915340865489908,53.8,2,"[598.5999755859375, 506.0]"
random_walk,1788871856.285782,3.0646827360000004,1.2075599129115653,0.903,0.0,-0.07108367497131061,0.4551798566416343,0.7324477248043146,0.9706696566745912,2,0.8989127417009857,2.69,2,"[529.4000244140625, 597.0]"
random_walk,1788871856.3358996,3.114800056,1.2312796447492593,0.903,0.0,-0.07108367497131061,0.42604189788404784,0.7763735234813278,1.2150315581090307,2,0.9924855697620099,2.69,2,"[529.4000244140625, 597.0]"
random_walk,1788871856.3858762,3.1647766760000002,1.2354316330421045,0.903,0.0,-0.07108367497131061,0.4056453267537373,0.8071215825552371,1.4682727633806305,2,1.1013982057018903,2.69,2,"[444.20001220703125, 646.7999877929688]"
random_walk,1788871856.4360013,3.214901981,1.2183573459800765,0.903,0.0,-0.07108367497131061,0.3913677269625199,0.8286452239069737,1.7296354431406513,2,1.1596894756415448,64.56,2,"[444.20001220703125, 646.7999877929688]"
random_walk,1788871856.4857895,3.264690207,1.1797187334502761,0.903,0.0,-0.07108367497131061,0.38137340710866774,0.8437117728531893,1.9935237386438907,2,1.1995729761265714,61.87,2,"[496.6000061035156, 668.4000244140625]"
random_walk,1788871856.535885,3.3147857330000003,1.120277539026707,0.903,0.0,-0.07108367497131061,0.37437738321097125,0.8542583571155402,2.262372006843984,2,1.2087768608538851,83.39,2,"[496.6000061035156, 668.4000244140625]"
random_walk,1788871856.5857778,3.364678457,1.043302770106037,0.903,0.0,-0.07108367497131061,0.3694801664825837,0.8616409660991857,2.532506099040976,2,1.2072428800659996,0.0,2,"[404.6000061035156, 680.2000122070312]"
random_walk,1788871856.6359022,3.4148027990000003,0.9526685332089895,0.903,0.0,-0.07108367497131061,0.3660521147727124,0.8668087923877377,2.8054192742500472,2,1.1903690913992575,0.0,2,"[404.6000061035156, 680.2000122070312]"
random_walk,1788871856.6857607,3.464661366,0.8605051984327298,0.903,0.0,-0.07108367497131061,0.3723533677357935,0.8273902293604953,3.0647381406275116,2,1.1550875332778878,-5.38,2,"[421.3999938964844, 659.5999755859375]"
random_walk,1788871856.735891,3.514791605,0.7663584937138386,0.903,0.0,-0.07108367497131061,0.37676424480995024,0.7997972352414258,3.316485138135766,2,1.0998642249140047,-45.73,2,"[421.3999938964844, 659.5999755859375]"
random_walk,1788871856.7859943,3.5648949410000004,0.6768676651955076,0.903,0.0,-0.07108367497131061,0.37985185876186,0.780482139358077,3.562054281418334,2,1.0032234352772094,-45.73,2,"[464.3999938964844, 631.7999877929688]"
random_walk,1788871856.835912,3.614812702,0.5972961433293699,0.903,0.0,-0.07108367497131061,0.3820131885281968,0.7669615722397329,3.8029236092209686,2,0.9219224535192704,-137.19,2,"[464.3999938964844, 631.7999877929688]"
random_walk,1788871856.8857636,3.6646644220000004,0.5318275107379655,0.903,0.0,-0.07108367497131061,0.3835261193646326,0.757497175256892,4.040178182306821,2,0.8298836062461319,-2.69,2,"[541.2000122070312, 572.0]"
random_walk,1788871856.9357855,3.7146863100000003,0.4833477936043175,0.903,0.0,-0.07108367497131061,0.38458517095013767,0.7508720973689034,4.276155096196295,2,0.7347767973972221,-2.69,2,"[541.2000122070312, 572.0]"
random_walk,1788871856.985778,3.7646786220000004,0.4544108529868299,0.903,0.0,-0.07108367497131061,0.38532650705999116,0.7462345428473114,4.510566286887347,2,0.6565437772150544,-34.97,2,"[595.0, 515.4000244140625]"
random_walk,1788871857.0359066,3.8148071900000002,0.4462688049265755,0.903,0.0,-0.07108367497131061,0.3858454423368886,0.7429882546821969,4.744420251236679,2,0.5890486225480862,-118.36,2,"[595.0, 515.4000244140625]"
random_walk,1788871857.085816,3.8647166220000004,0.45912953012361557,0.903,0.0,-0.07108367497131061,0.38620869703071686,0.7407158529666169,4.976798355840398,2,0.5307573526084318,-80.7,2,"[617.7999877929688, 446.0]"
random_walk,1788871857.1359298,3.9148303540000002,0.4922063633954585,0.903,0.0,-0.07108367497131061,0.3864629753163966,0.7391251717657108,5.209375520894273,2,0.48933987133551954,-112.98,2,"[617.7999877929688, 446.0]"
random_walk,1788871857.1858206,3.9647210920000004,0.5434166602053101,0.903,0.0,-0.07108367497131061,0.38664097011637244,0.7380116949250766,5.44089567565937,2,0.47093210188089185,-112.98,2,"[634.4000244140625, 381.6000061035156]"
random_walk,1788871857.235905,4.014805516,0.6102693284734835,0.903,0.0,-0.07108367497131061,0.3867655664763555,0.7372322611366326,5.6729279154432,2,0.47093210188089185,-56.49,2,"[634.4000244140625, 381.6000061035156]"
random_walk,1788871857.2858605,4.064761003,0.6887096930555872,0.903,0.0,-0.07108367497131061,0.38685278392834366,0.736686657484722,5.903978442816076,2,0.48473792897186263,2.69,2,"[630.2000122070312, 379.6000061035156]"
random_walk,1788871857.335818,4.114718836000001,0.7748909917771218,0.903,0.0,-0.07108367497131061,0.3869138361447354,0.7363047349283844,6.135261333686781,2,0.5154175447295755,2.69,2,"[630.2000122070312, 379.6000061035156]"
random_walk,1788871857.3857799,4.164680575,0.8640598029428324,0.903,0.0,-0.07108367497131061,0.3869565726962096,0.736037389138948,0.08316323194372899,3,0.5645049299419159,2.69,2,"[613.0, 420.20001220703125]"
random_walk,1788871857.4359431,4.214843632,0.9517834196173358,0.903,0.0,-0.07108367497131061,0.3869864882822415,0.7358502470863426,0.31492473533358734,3,0.624330180669456,2.69,2,"[613.0, 420.20001220703125]"
random_walk,1788871857.4857612,4.264661742,1.0326785420786488,0.903,0.0,-0.07108367497131061,0.3870074291924639,0.7357192476495189,0.5453945729613849,3,0.6979612584879668,59.18,2,"[575.4000244140625, 507.0]"
random_walk,1788871857.53596,4.3148604740000005,1.0922218229415879,0.903,0.0,-0.07108367497131061,0.3786510331810619,0.6746603296160543,0.7579786245832558,3,0.7761942786701345,37.66,2,"[575.4000244140625, 507.0]"
random_walk,1788871857.5857449,4.364645358000001,1.1364443962197321,0.903,0.0,-0.07108367497131061,0.3728015559730805,0.631919086992629,0.9559528327982498,3,0.8973787609131001,37.66,2,"[537.5999755859375, 572.5999755859375]"
random_walk,1788871857.635767,4.414667608,1.1677274312355606,0.903,0.0,-0.07108367497131061,0.36870692192749355,0.6020002171562313,1.1451706750226904,3,0.9725438195194965,8.07,2,"[537.5999755859375, 572.5999755859375]"
random_walk,1788871857.6857767,4.464677303,1.1870026760574095,0.903,0.0,-0.07108367497131061,0.3658406780955827,0.5810570082707529,1.3277269284981692,3,1.038504993398579,24.21,2,"[490.3999938964844, 619.7999877929688]"
random_walk,1788871857.7357764,4.514676988000001,1.1949791638803586,0.903,0.0,-0.07108367497131061,0.3638343074132451,0.566396762050918,1.5056636301643884,3,1.0906603401866908,64.56,2,"[490.3999938964844, 619.7999877929688]"
random_walk,1788871857.7858057,4.564706415,1.192172269972092,0.903,0.0,-0.07108367497131061,0.36242984793560873,0.5561345896970337,1.6803786285362712,3,1.1351457830353744,34.97,2,"[475.20001220703125, 648.5999755859375]"
random_walk,1788871857.8359451,4.614845826000001,1.1790493879240724,0.903,0.0,-0.07108367497131061,0.3614467263012633,0.5489510690493146,1.8531620524914487,3,1.1612234564294304,99.53,2,"[475.20001220703125, 648.5999755859375]"
random_walk,1788871857.8859007,4.6648014,1.156265985815576,0.903,0.0,-0.07108367497131061,0.3607585411572215,0.5439226045959111,2.023936330550818,3,1.175029283520401,96.84,2,"[453.6000061035156, 657.0]"
random_walk,1788871857.9359303,4.71483098,1.124506093891433,0.903,0.0,-0.07108367497131061,0.36027681155639224,0.5404026794785288,2.1938079695016945,3,1.179631225884058,80.7,2,"[453.6000061035156, 657.0]"
random_walk,1788871857.9857686,4.764669122,1.0848397462451265,0.903,0.0,-0.07108367497131061,0.3599396008358118,0.5379387318963612,2.3624313210518118,3,1.1765632643082868,80.7,2,"[462.79998779296875, 652.7999877929688]"
random_walk,1788871858.0359676,4.814868268000001,1.0380550775408541,0.903,0.0,-0.07108367497131061,0.3597035533314054,0.5362139685888438,2.531333865989339,3,1.162757437217316,0.0,2,"[462.79998779296875, 652.7999877929688]"
random_walk,1788871858.0858405,4.864741219,0.9858568810623515,0.903,0.0,-0.07108367497131061,0.359538320078321,0.5350066342735817,2.6991349927393067,3,1.1382137446111458,-2.69,2,"[456.6000061035156, 638.2000122070312]"
random_walk,1788871858.1359303,4.9148309580000005,0.9293184089372526,0.903,0.0,-0.07108367497131061,0.35942265680116187,0.5341615002528982,2.867165107085917,3,1.1044661672776617,-10.76,2,"[456.6000061035156, 638.2000122070312]"
random_walk,1788871858.1859396,4.964840163000001,0.8702101934227366,0.903,0.0,-0.07108367497131061,0.3593416925071505,0.5335699064384198,3.034823184211092,3,1.0676506283684062,-10.76,2,"[486.0, 624.4000244140625]"
random_walk,1788871858.2360275,5.014928066,0.810008814163136,0.903,0.0,-0.07108367497131061,0.3592850175013425,0.5331557907682849,3.202605798773604,3,1.0200972239439514,-21.52,2,"[486.0, 624.4000244140625]"
random_walk,1788871858.2860148,5.064915443,0.7506244356925147,0.903,0.0,-0.07108367497131061,0.35924534499727695,0.5328659097991905,3.369854868405408,3,0.9740778003073821,-88.77,2,"[506.20001220703125, 597.7999877929688]"
random_walk,1788871858.3360436,5.114944381,0.6748026897279792,0.903,0.0,-0.07108367497131061,0.3828591513619859,0.6187049625010361,3.564451629858304,3,0.923456434307156,-99.53,2,"[506.20001220703125, 597.7999877929688]"
random_walk,1788871858.385759,5.164659776000001,0.5949526585615754,0.903,0.0,-0.07108367497131061,0.39938881581728214,0.6787922993923281,3.7767643445442225,3,0.842155452549217,-99.53,2,"[520.7999877929688, 561.7999877929688]"
random_walk,1788871858.435805,5.214705550000001,0.5200211163597934,0.903,0.0,-0.07108367497131061,0.4109595809359895,0.7208534352162325,4.003282128935371,3,0.7807962210337913,-29.59,2,"[520.7999877929688, 561.7999877929688]"
random_walk,1788871858.4859378,5.264838526,0.45884596850968074,0.903,0.0,-0.07108367497131061,0.4190591165190847,0.7502962302929655,4.239502012629,3,0.7209709703062513,-86.08,2,"[566.4000244140625, 529.5999755859375]"
random_walk,1788871858.5359645,5.314865059000001,0.4184349117612886,0.903,0.0,-0.07108367497131061,0.4247287914272513,0.7709061868466787,4.48174194672313,3,0.6519418348513975,-80.7,2,"[566.4000244140625, 529.5999755859375]"
random_walk,1788871858.585957,5.364857607,0.40327386376665714,0.903,0.0,-0.07108367497131061,0.4286975638629679,0.7853331564342778,4.728422548877678,3,0.5798447378207724,-75.32,2,"[589.7999877929688, 476.6000061035156]"
random_walk,1788871858.6360316,5.414932307,0.41565963336509615,0.903,0.0,-0.07108367497131061,0.4314757045679696,0.7954320351455972,4.97877715353528,3,0.5154175447295755,-156.02,2,"[589.7999877929688, 476.6000061035156]"
random_walk,1788871858.685812,5.4647127520000005,0.45525894637695935,0.903,0.0,-0.07108367497131061,0.4334204030614707,0.8025012502435208,5.229937383980044,3,0.4678641403051206,-166.78,2,"[627.0, 406.0]"
random_walk,1788871858.7360227,5.5149232790000005,0.5227153216908906,0.903,0.0,-0.07108367497131061,0.43047137859787704,0.799049643725049,5.48185154150061,3,0.4356505437595221,-147.95,2,"[627.0, 406.0]"
random_walk,1788871858.7857618,5.564662612,0.6072335851458104,0.903,0.0,-0.07108367497131061,0.42840706147336144,0.7966335191621189,5.731103520386661,3,0.43104860139586515,-147.95,2,"[633.0, 366.3999938964844]"
random_walk,1788871858.8357832,5.614683903,0.7048497792915183,0.903,0.0,-0.07108367497131061,0.42696203948620054,0.7949422319680677,5.981001061398899,3,0.44945637085049284,2.69,2,"[633.0, 366.3999938964844]"
random_walk,1788871858.8857713,5.664672136,0.8093989600536085,0.903,0.0,-0.07108367497131061,0.4259505240951879,0.7937583309322319,6.230296850231408,3,0.4878058905476339,2.69,2,"[632.4000244140625, 361.6000061035156]"
random_walk,1788871858.9358704,5.714770884,0.915003365430339,0.903,0.0,-0.07108367497131061,0.4252424633214791,0.7929296002071469,0.1966524987156788,4,0.5506991028509451,2.69,2,"[632.4000244140625, 361.6000061035156]"
random_walk,1788871858.985876,5.764776745000001,1.014925939608958,0.903,0.0,-0.07108367497131061,0.4247468207798829,0.7923494886995873,0.4454539016761885,4,0.6273981422452273,10.76,2,"[602.2000122070312, 476.0]"
random_walk,1788871859.0358794,5.814779977000001,1.1034318810594546,0.903,0.0,-0.07108367497131061,0.42439987100076554,0.7919434106442956,0.6941905406918067,4,0.7163690279425944,80.7,2,"[602.2000122070312, 476.0]"
random_walk,1788871859.085785,5.8646855780000005,1.1750891611952006,0.903,0.0,-0.07108367497131061,0.42415700615538343,0.7916591560055914,0.9425684904803759,4,0.8130098175793898,5.38,2,"[555.4000244140625, 565.4000244140625]"
random_walk,1788871859.1359346,5.9148353160000005,1.2258120537588328,0.903,0.0,-0.07108367497131061,0.42398700076361595,0.7914601777584985,1.191776735567764,4,0.9219224535192704,2.69,2,"[555.4000244140625, 565.4000244140625]"
random_walk,1788871859.1857567,5.964657421,1.2521528372298283,0.903,0.0,-0.07108367497131061,0.4238679969893787,0.7913208929855334,1.4398020400016058,4,1.0415729549743504,2.69,2,"[510.79998779296875, 628.2000122070312]"
random_walk,1788871859.2356737,6.014574254,1.252796746074509,0.903,0.0,-0.07108367497131061,0.4237846943474126,0.7912233936444579,1.6879374657880142,4,1.1152040327928612,91.46,2,"[510.79998779296875, 628.2000122070312]"
random_walk,1788871859.2857656,6.0646663610000004,1.2275505936213256,0.903,0.0,-0.07108367497131061,0.42372638249803635,0.7911551441057051,1.9369754329144122,4,1.1719613219446299,67.25,2,"[477.79998779296875, 647.7999877929688]"
random_walk,1788871859.3359656,6.1148660790000005,1.177893854156952,0.903,0.0,-0.07108367497131061,0.423685564203473,0.7911073694285781,2.1861136613983483,4,1.214912784005428,88.77,2,"[477.79998779296875, 647.7999877929688]"
random_walk,1788871859.3857846,6.164685380000001,1.1072881145241193,0.903,0.0,-0.07108367497131061,0.42365699139727864,0.7910739271545891,2.4340245388169635,4,1.23178657267217,112.98,2,"[426.20001220703125, 686.0]"
random_walk,1788871859.4360263,6.214926973000001,1.019254656085917,0.903,0.0,-0.07108367497131061,0.42363699043294256,0.7910505175627969,2.6835266780983993,4,1.2302525918842842,-2.69,2,"[426.20001220703125, 686.0]"
random_walk,1788871859.485951,6.264851396,0.9201886729367157,0.903,0.0,-0.07108367497131061,0.4236229897579073,0.7910341308485423,2.9316796831564567,4,1.2041749184902284,-2.69,2,"[437.79998779296875, 662.4000244140625]"
random_walk,1788871859.5359883,6.3148888450000005,0.8111004752579432,0.903,0.0,-0.07108367497131061,0.4245112814782938,0.8241911521056708,3.190647181424996,4,1.158155494853659,-21.52,2,"[437.79998779296875, 662.4000244140625]"
random_walk,1788871859.5857527,6.364653293000001,0.7004052316266496,0.903,0.0,-0.07108367497131061,0.42513308568256436,0.8474010669856608,3.456092616360003,4,1.069184609156292,-21.52,2,"[461.79998779296875, 634.2000122070312]"
random_walk,1788871859.6359944,6.414895089000001,0.5962472077133815,0.903,0.0,-0.07108367497131061,0.4255683486255537,0.8636480074016537,3.728483735534958,4,0.983281685034696,-104.91,2,"[461.79998779296875, 634.2000122070312]"
random_walk,1788871859.6857872,6.464687867,0.5089493242980537,0.903,0.0,-0.07108367497131061,0.42587303268564625,0.8750208656928488,4.0023930464454125,4,0.8927768185494431,-134.5,2,"[516.2000122070312, 588.7999877929688]"
random_walk,1788871859.7359722,6.514872823,0.4449647045885378,0.903,0.0,-0.07108367497131061,0.42608631152771104,0.8829818664966853,4.28044378888012,4,0.782330201821677,-2.69,2,"[516.2000122070312, 588.7999877929688]"
random_walk,1788871859.7859087,6.564809275,0.4106563325084752,0.903,0.0,-0.07108367497131061,0.4262356067171564,0.8885545670593709,4.559443423648911,4,0.6749515466696822,-8.07,2,"[578.2000122070312, 526.0]"
random_walk,1788871859.8360264,6.614927048,0.40906306691136546,0.903,0.0,-0.07108367497131061,0.4263401133497681,0.8924554574532508,4.8403713937413855,4,0.5844466801844292,-86.08,2,"[578.2000122070312, 526.0]"
random_walk,1788871859.8859632,6.664863636000001,0.44064294324403686,0.903,0.0,-0.07108367497131061,0.4264132679925964,0.8951860807289668,5.121205443288812,4,0.5123495831538042,-161.4,2,"[618.5999755859375, 436.3999938964844]"
random_walk,1788871859.9359906,6.714891315,0.5032453623969007,0.903,0.0,-0.07108367497131061,0.42646447624257616,0.8970975170219679,5.403265494262527,4,0.45712627478992107,-118.36,2,"[618.5999755859375, 436.3999938964844]"
random_walk,1788871859.985758,6.764658584,0.5915381300224108,0.903,0.0,-0.07108367497131061,0.426500322017562,0.8984355224270687,5.68444043427618,4,0.4279806398200939,-118.36,2,"[641.4000244140625, 371.3999938964844]"
random_walk,1788871860.0357752,6.814675833000001,0.6993448161095133,0.903,0.0,-0.07108367497131061,0.42652541406005207,0.8993721262106393,5.967132427529904,4,0.4325825821837508,2.69,2,"[641.4000244140625, 371.3999938964844]"
random_walk,1788871860.0858467,6.864747148,0.8088298391128016,0.903,0.0,-0.07108367497131061,0.39165719853335434,0.8175806354030747,6.224205474072562,4,0.4678641403051206,2.69,2,"[627.0, 368.0]"
random_walk,1788871860.1360323,6.914932921,0.8978983095104772,0.903,0.0,-0.07108367497131061,0.36724944766466594,0.7603265918377794,0.1806462106177591,5,0.5322913333963175,2.69,2,"[627.0, 368.0]"
random_walk,1788871860.1859405,6.9648412440000005,0.9703697974671577,0.903,0.0,-0.07108367497131061,0.3501640220565841,0.7202487613420727,0.4064990021177053,5,0.6135923151542565,5.38,2,"[610.5999755859375, 456.3999938964844]"
random_walk,1788871860.2359297,7.014830278000001,1.0294892072705997,0.903,0.0,-0.07108367497131061,0.33820422413092677,0.6921942799950781,0.6238720608088926,5,0.7086991240031663,67.25,2,"[610.5999755859375, 456.3999938964844]"
random_walk,1788871860.28589,7.064790779000001,1.0764355064804314,0.903,0.0,-0.07108367497131061,0.32983236558296664,0.6725561430521818,0.8350704682923791,5,0.8022719520641903,2.69,2,"[564.4000244140625, 560.2000122070312]"
random_walk,1788871860.3358462,7.1147468830000005,1.1116269536017942,0.903,0.0,-0.07108367497131061,0.32397206459939454,0.6588094471921545,1.041928462950338,5,0.9004467224888714,2.69,2,"[564.4000244140625, 560.2000122070312]"
random_walk,1788871860.3857944,7.164694927,1.1350293501338369,0.903,0.0,-0.07108367497131061,0.31986985391089406,0.6491867600901353,1.2456800884647947,5,0.9909515889741242,2.69,2,"[523.4000244140625, 603.5999755859375]"
random_walk,1788871860.435893,7.214793801000001,1.1465247603678985,0.903,0.0,-0.07108367497131061,0.3169983064289437,0.6424508791187219,1.4479260064833,5,1.0400389741864646,40.35,2,"[523.4000244140625, 603.5999755859375]"
random_walk,1788871860.4858615,7.264762042,1.166201539222205,0.903,0.0,-0.07108367497131061,0.33515448891094096,0.6212272272767939,1.64283486870697,5,1.0799224746714913,45.73,2,"[508.0, 617.7999877929688]"
random_walk,1788871860.5357866,7.314687275000001,1.1678772799204138,0.903,0.0,-0.07108367497131061,0.34786381664833904,0.6063706709874443,1.8331470473740836,5,1.1121360712170898,18.83,2,"[508.0, 617.7999877929688]"
random_walk,1788871860.5859556,7.364856297,1.1531444073633283,0.903,0.0,-0.07108367497131061,0.3567603460645177,0.5959710815848996,2.020897731734813,5,1.1320778214596032,80.7,2,"[481.20001220703125, 635.2000122070312]"
random_walk,1788871860.6360116,7.414912288,1.1240915495455157,0.903,0.0,-0.07108367497131061,0.36298791665584274,0.5886913690031184,2.206056703956186,5,1.1443496677626883,78.01,2,"[481.20001220703125, 635.2000122070312]"
random_walk,1788871860.6859457,7.464846349,1.0829651214545448,0.903,0.0,-0.07108367497131061,0.3673472160697703,0.5835955701958714,2.3891690274231294,5,1.1520195717021164,78.01,2,"[462.79998779296875, 643.4000244140625]"
random_walk,1788871860.7360215,7.514922376,1.0317754732636608,0.903,0.0,-0.07108367497131061,0.37039872565951953,0.5800285110307986,2.571656386901253,5,1.1520195717021164,-2.69,2,"[462.79998779296875, 643.4000244140625]"
random_walk,1788871860.7857614,7.564662136000001,0.9732782241385047,0.903,0.0,-0.07108367497131061,0.372534782372344,0.5775315696152475,2.7523805129540406,5,1.1305438406717176,-2.69,2,"[460.79998779296875, 635.0]"
random_walk,1788871860.8357403,7.6146409880000006,0.9093019854922256,0.903,0.0,-0.07108367497131061,0.37403002207132113,0.5757837106243618,2.933190468092235,5,1.0998642249140047,-8.07,2,"[460.79998779296875, 635.0]"
random_walk,1788871860.8859353,7.664835845000001,0.8422186434049436,0.903,0.0,-0.07108367497131061,0.3750766898606051,0.5745602093307419,3.1141219668650564,5,1.059980724428978,-13.45,2,"[474.79998779296875, 622.5999755859375]"
random_walk,1788871860.9359546,7.714855143,0.7746924439921559,0.903,0.0,-0.07108367497131061,0.3758093573131039,0.5737037584252079,3.2944556633200293,5,1.009359358428752,-37.66,2,"[474.79998779296875, 622.5999755859375]"
random_walk,1788871860.9857907,7.764691383000001,0.7166145943076687,0.903,0.0,-0.07108367497131061,0.35948061877305426,0.5541308827172018,3.4681089449510623,5,0.9556700308527545,-126.42999999999999,2,"[499.3999938964844, 597.5999755859375]"
random_walk,1788871861.0359042,7.814804855,0.6661085190721331,0.903,0.0,-0.07108367497131061,0.34805050179501956,0.5404298697215975,3.6381370204385917,5,0.8973787609131001,-59.18,2,"[499.3999938964844, 597.5999755859375]"
random_walk,1788871861.0857959,7.864696468000001,0.5736800289963203,0.903,0.0,-0.12000095528087715,0.3400494199103953,0.5308391606246744,3.8046822657325308,5,0.8237476830945893,-2.69,2,"[540.7999877929688, 552.7999877929688]"
random_walk,1788871861.1360333,7.914934099000001,0.5365584599598212,0.903,0.0,-0.12000095528087715,0.3344486625911583,0.5241256642568283,3.9700009613729037,5,0.7639224323670493,-26.9,2,"[540.7999877929688, 552.7999877929688]"
random_walk,1788871861.1857593,7.964659856000001,0.5065042519083471,0.903,0.0,-0.12000095528087715,0.33052813246769236,0.519426216799336,4.132501364737088,5,0.6902913545485385,-26.9,2,"[569.0, 524.0]"
random_walk,1788871861.235684,8.014584632,0.4834344680317776,0.903,0.0,-0.12000095528087715,0.32778376138126625,0.5161366035790913,4.294405015855446,5,0.6289321230331129,-48.42,2,"[569.0, 524.0]"
random_walk,1788871861.2857726,8.064673328000001,0.46777799001471887,0.903,0.0,-0.12000095528087715,0.32586270162076797,0.5138338743249201,4.456122901082232,5,0.5721748338813442,-59.18,2,"[597.2000122070312, 484.3999938964844]"
random_walk,1788871861.3359551,8.114855707,0.4599442492562976,0.903,0.0,-0.12000095528087715,0.32451795978841913,0.5122219638470003,4.617392942345894,5,0.5338253141842031,-147.95,2,"[597.2000122070312, 484.3999938964844]"
random_walk,1788871861.3859682,8.164868929,0.46011856628907893,0.903,0.0,-0.12000095528087715,0.32357664050577495,0.5110936265124564,4.777997387240681,5,0.5062136600022615,-129.12,2,"[618.2000122070312, 418.3999938964844]"
random_walk,1788871861.4359996,8.214900239,0.46829432650934355,0.903,0.0,-0.12000095528087715,0.32291771700792404,0.5103037903782757,4.938407871653865,5,0.48473792897186263,-134.5,2,"[618.2000122070312, 418.3999938964844]"
random_walk,1788871861.4859076,8.264808291000001,0.48425823868710893,0.903,0.0,-0.12000095528087715,0.3224564705594284,0.5097509050843492,5.098307379357024,5,0.4740000634566631,-129.12,2,"[630.7999877929688, 386.20001220703125]"
random_walk,1788871861.5360334,8.314934049,0.5077569312587957,0.903,0.0,-0.12000095528087715,0.3221335980454815,0.5093638853786007,5.258723545743649,5,0.4724660826687775,-134.5,2,"[630.7999877929688, 386.20001220703125]"
random_walk,1788871861.5858905,8.364790954,0.5380030934588456,0.903,0.0,-0.12000095528087715,0.3219075872857186,0.5090929715845767,5.4182159037728255,5,0.4724660826687775,-134.5,2,"[627.7999877929688, 383.20001220703125]"
random_walk,1788871861.6357517,8.414652462000001,0.5743873601807647,0.903,0.0,-0.12000095528087715,0.3217493797538846,0.5089033319287599,5.57774775303016,5,0.48013598660820567,5.38,2,"[627.7999877929688, 383.20001220703125]"
random_walk,1788871861.685942,8.464842574,0.6162266593740373,0.903,0.0,-0.12000095528087715,0.3216386344816008,0.5087705841696881,5.738079506753884,5,0.4970097752749477,2.69,2,"[612.5999755859375, 391.20001220703125]"
random_walk,1788871861.735946,8.514846566000001,0.6621488095483085,0.903,0.0,-0.12000095528087715,0.32156111279100213,0.5086776607383379,5.897900005893469,5,0.5200194870932323,2.69,2,"[612.5999755859375, 391.20001220703125]"
random_walk,1788871861.78585,8.564750479,0.7110252247673955,0.903,0.0,-0.12000095528087715,0.3215068476075831,0.5086126143363927,6.057407974184464,5,0.5491651220630596,2.69,2,"[606.0, 420.0]"
random_walk,1788871861.83594,8.614840665000001,0.7618706553662705,0.903,0.0,-0.12000095528087715,0.3214688619791897,0.5085670818550311,6.217413368025284,5,0.5829126993965437,2.69,2,"[606.0, 420.0]"
random_walk,1788871861.88582,8.664720711000001,0.825749403674126,0.903,0.0,-0.12000095528087715,0.30998929034273526,0.6512380752533651,0.13835007983599468,6,0.6227961998815703,10.76,2,"[591.5999755859375, 473.20001220703125]"
random_walk,1788871861.9358687,8.714769464,0.8934712088877965,0.903,0.0,-0.12000095528087715,0.3019535901972171,0.7511077706321989,0.37455465009183797,6,0.6657476619423682,8.07,2,"[591.5999755859375, 473.20001220703125]"
random_walk,1788871861.9858878,8.764788373,0.9581570575259948,0.903,0.0,-0.12000095528087715,0.29632860009535444,0.8210165573973827,0.6324142865874691,6,0.7286408742456796,8.07,2,"[564.7999877929688, 522.0]"
random_walk,1788871862.0357869,8.814687402,1.0130236939611983,0.903,0.0,-0.12000095528087715,0.2923911070240506,0.8699527081330113,0.9054482176517595,6,0.782330201821677,13.45,2,"[564.7999877929688, 522.0]"
random_walk,1788871862.0857832,8.864683817000001,1.0518448886754144,0.903,0.0,-0.12000095528087715,0.2896348618741379,0.9042080136479513,1.1896084094071355,6,0.8467573949128739,2.69,2,"[544.7999877929688, 566.0]"
random_walk,1788871862.1359243,8.914824955,1.0695660001752683,0.903,0.0,-0.12000095528087715,0.287705490269199,0.9281867275084094,1.4818030078976676,6,0.9096506072161852,2.69,2,"[544.7999877929688, 566.0]"
random_walk,1788871862.1858575,8.964758268,1.0632040741274973,0.903,0.0,-0.12000095528087715,0.28635493014574176,0.9449718272107299,1.7784200895375122,6,0.9633399347921826,2.69,2,"[523.5999755859375, 593.7999877929688]"
random_walk,1788871862.2358134,9.014714044,1.0323696149462303,0.903,0.0,-0.12000095528087715,0.2854095380593217,0.9567213970023544,2.0787761514250107,6,1.0108933392166375,10.76,2,"[523.5999755859375, 593.7999877929688]"
random_walk,1788871862.28577,9.064670353,0.9791396491326393,0.903,0.0,-0.12000095528087715,0.28474776359882764,0.9649460958564915,2.3817294518761187,6,1.0446409165501216,5.38,2,"[506.0, 615.2000122070312]"
random_walk,1788871862.3359175,9.114818028,0.9077399448000355,0.903,0.0,-0.12000095528087715,0.2842845214764818,0.9707033850543875,2.6873421725160185,6,1.0569127628532067,-16.14,2,"[506.0, 615.2000122070312]"
random_walk,1788871862.3857622,9.164662873000001,0.8250855268151733,0.903,0.0,-0.12000095528087715,0.28396025199083974,0.9747334874929147,2.992832006334254,6,1.0400389741864646,-16.14,2,"[500.3999938964844, 613.7999877929688]"
random_walk,1788871862.435747,9.214647624000001,0.7382965321217353,0.903,0.0,-0.12000095528087715,0.2837332633508903,0.9775545591998837,3.2998030303925034,6,1.0032234352772094,-34.97,2,"[500.3999938964844, 613.7999877929688]"
random_walk,1788871862.4860322,9.264932865,0.6553221431746498,0.903,0.0,-0.12000095528087715,0.2835743713029256,0.9795293093947619,3.6086282466099675,6,0.9495341077012119,-110.28999999999999,2,"[507.0, 590.0]"
random_walk,1788871862.536011,9.314911493,0.5846400306490263,0.903,0.0,-0.12000095528087715,0.28346314686935037,0.9809116345311767,3.916668175041913,6,0.8866408953979006,-91.46,2,"[507.0, 590.0]"
random_walk,1788871862.5858252,9.364725648,0.5326707716382821,0.903,0.0,-0.12000095528087715,0.28338528976584776,0.9818792621266671,4.224553707804297,6,0.8007379712763046,-2.69,2,"[540.2000122070312, 549.5999755859375]"
random_walk,1788871862.6359189,9.41481967,0.47263597782603617,0.903,0.0,-0.12000095528087715,0.31682357121715177,0.9075416501288269,4.5100962700172715,6,0.7179030087304801,-43.04,2,"[540.2000122070312, 549.5999755859375]"
random_walk,1788871862.685814,9.464714427,0.44351036213550893,0.903,0.0,-0.12000095528087715,0.3402303682330645,0.8555053217303389,4.778430540615432,6,0.6473398924877406,-80.7,2,"[578.7999877929688, 505.3999938964844]"
random_walk,1788871862.7360342,9.514934711,0.4449691648493321,0.903,0.0,-0.12000095528087715,0.35661512614420343,0.8190798918513972,5.036656681280576,6,0.5829126993965437,-104.91,2,"[578.7999877929688, 505.3999938964844]"
random_walk,1788871862.785836,9.564736628,0.47364261268935093,0.903,0.0,-0.12000095528087715,0.36808445668200074,0.7935820909361381,5.285072940552055,6,0.5092816215780329,-104.91,2,"[608.2000122070312, 433.79998779296875]"
random_walk,1788871862.835745,9.614645732000001,0.525346718939316,0.903,0.0,-0.12000095528087715,0.37611298805845883,0.7757336302954566,5.528527124566011,6,0.4740000634566631,-139.88,2,"[608.2000122070312, 433.79998779296875]"
random_walk,1788871862.885729,9.664629848,0.5950175014872819,0.903,0.0,-0.12000095528087715,0.3817329600219795,0.7632397078469796,5.768291386310132,6,0.46019423636569234,-104.91,2,"[625.0, 384.3999938964844]"
random_walk,1788871862.9357872,9.714687843,0.6773051903362772,0.903,0.0,-0.12000095528087715,0.38566694039644395,0.7544939621330458,6.005578629979503,6,0.4632621979414636,2.69,2,"[625.0, 384.3999938964844]"
random_walk,1788871862.985821,9.764721653,0.7665047875222267,0.903,0.0,-0.12000095528087715,0.3884207266585691,0.748371940133292,6.240707608751727,6,0.4924078329112908,2.69,2,"[616.0, 383.79998779296875]"
random_walk,1788871863.0360303,9.814931047,0.8575114693496713,0.903,0.0,-0.12000095528087715,0.39034837704205666,0.7440865247334644,0.19206566723990903,7,0.543029198911517,2.69,2,"[616.0, 383.79998779296875]"
random_walk,1788871863.0858042,9.864704661000001,0.9441868973864691,0.903,0.0,-0.12000095528087715,0.391697732310498,0.741086733953585,0.42411111907137666,7,0.607456392002714,2.69,2,"[598.0, 458.6000061035156]"
random_walk,1788871863.1359396,9.914840279,1.0227186484159785,0.903,0.0,-0.12000095528087715,0.39264228099840687,0.7389868804076696,0.6567286896542583,7,0.6826214506091103,40.35,2,"[598.0, 458.6000061035156]"
random_walk,1788871863.1858013,9.964701879000001,1.0881121669132456,0.903,0.0,-0.12000095528087715,0.3933034650799431,0.7375169829255287,0.8879348112140946,7,0.7915340865489908,40.35,2,"[568.7999877929688, 542.5999755859375]"
random_walk,1788871863.235768,10.014668813,1.1372717904287337,0.903,0.0,-0.12000095528087715,0.3937662939370185,0.7364880546880301,1.1190888019481235,7,0.885106914610015,2.69,2,"[568.7999877929688, 542.5999755859375]"
random_walk,1788871863.2857826,10.064683178000001,1.1675553500990228,0.903,0.0,-0.12000095528087715,0.39409027413697123,0.7357678049217811,1.350385227191282,7,0.9648739155800683,2.69,2,"[522.5999755859375, 596.4000244140625]"
random_walk,1788871863.3359513,10.114851936,1.177291831691901,0.903,0.0,-0.12000095528087715,0.39431706027693814,0.7352636300854067,1.5818921337166856,7,1.0323690702470365,18.83,2,"[522.5999755859375, 596.4000244140625]"
random_walk,1788871863.38579,10.164690748,1.166026052717402,0.903,0.0,-0.12000095528087715,0.394475810574915,0.7349107076999447,1.8123095130283247,7,1.086058397823034,72.63,2,"[501.79998779296875, 628.4000244140625]"
random_walk,1788871863.4359863,10.214886824,1.1121245919312914,0.903,0.0,-0.12000095528087715,0.37363341873099964,0.7985552881933304,2.0638782513898093,7,1.1320778214596032,24.21,2,"[501.79998779296875, 628.4000244140625]"
random_walk,1788871863.4858742,10.264775,1.043869359334464,0.903,0.0,-0.12000095528087715,0.3590437444402589,0.8431064945387003,2.3282764207763975,7,1.1566215140657734,61.87,2,"[478.6000061035156, 646.5999755859375]"
random_walk,1788871863.5359402,10.314840787000001,0.9618632369876534,0.903,0.0,-0.12000095528087715,0.3488309724367404,0.8742923389804593,2.603204085759373,7,1.1566215140657734,-2.69,2,"[478.6000061035156, 646.5999755859375]"
random_walk,1788871863.5858006,10.3647013,0.8699741327163103,0.903,0.0,-0.12000095528087715,0.34168203203427744,0.8961224300896906,2.88421052869181,7,1.1228739367322893,-2.69,2,"[459.79998779296875, 641.4000244140625]"
random_walk,1788871863.6358361,10.41473663,0.7732253540814381,0.903,0.0,-0.12000095528087715,0.33667777375255337,0.9114034938661526,3.170626539054709,7,1.0768545130957201,-21.52,2,"[459.79998779296875, 641.4000244140625]"
random_walk,1788871863.685791,10.464691769,0.6786519348370544,0.903,0.0,-0.12000095528087715,0.3331747929553465,0.9221002385096759,3.4601431279682586,7,1.0108933392166375,-24.21,2,"[485.20001220703125, 615.2000122070312]"
random_walk,1788871863.7359343,10.514835018000001,0.5932132421712344,0.903,0.0,-0.12000095528087715,0.3307227063973017,0.9295879597601422,3.7527940225211722,7,0.9372622613981267,-153.32999999999998,2,"[485.20001220703125, 615.2000122070312]"
random_walk,1788871863.7858076,10.564708355,0.5243817392241643,0.903,0.0,-0.12000095528087715,0.32900624580667037,0.9348293646354686,4.045995100617809,7,0.8544272988523022,-29.59,2,"[519.2000122070312, 571.0]"
random_walk,1788871863.8359323,10.614833012,0.4775009536342308,0.903,0.0,-0.12000095528087715,0.3278047233932284,0.9384983480481972,4.341350911456132,7,0.7501166052760785,-8.07,2,"[519.2000122070312, 571.0]"
random_walk,1788871863.8858178,10.664718367,0.4569757324645261,0.903,0.0,-0.12000095528087715,0.3269636577038191,0.9410666364371072,4.63652893285915,7,0.6657476619423682,-16.14,2,"[581.2000122070312, 517.7999877929688]"
random_walk,1788871863.9359438,10.714844467,0.4645537008020999,0.903,0.0,-0.12000095528087715,0.3263749117212325,0.9428644383093441,4.9332731608372455,7,0.5905826033359719,-126.42999999999999,2,"[581.2000122070312, 517.7999877929688]"
random_walk,1788871863.9857893,10.764689904,0.4996057402891367,0.903,0.0,-0.12000095528087715,0.3259627895334219,0.94412289961991,5.229190800656703,7,0.5154175447295755,-126.42999999999999,2,"[604.7999877929688, 449.79998779296875]"
random_walk,1788871864.0360012,10.814901669000001,0.5595633458281568,0.903,0.0,-0.12000095528087715,0.32567430400195446,0.9450038225373061,5.5271105185679446,7,0.48013598660820567,-112.98,2,"[604.7999877929688, 449.79998779296875]"
random_walk,1788871864.0858603,10.864760747,0.6248355452821307,0.903,0.0,-0.12000095528087715,0.3335851987316946,0.8364072602208009,5.789207113568615,7,0.4724660826687775,-37.66,2,"[625.7999877929688, 378.6000061035156]"
random_walk,1788871864.1359432,10.914843917,0.6975169549021627,0.903,0.0,-0.12000095528087715,0.33912282504251273,0.7603896665992473,6.0283684036322,7,0.483203948183977,2.69,2,"[625.7999877929688, 378.6000061035156]"
random_walk,1788871864.1859157,10.964816375,0.7717882806090696,0.903,0.0,-0.12000095528087715,0.3429991634600854,0.7071773510641598,6.250494961836921,7,0.5184855063053467,2.69,2,"[606.0, 403.6000061035156]"
random_walk,1788871864.2358482,11.014749044,0.844096027670768,0.903,0.0,-0.12000095528087715,0.34571260035238627,0.6699287301895985,0.17766079308507443,8,0.5706408530934585,2.69,2,"[606.0, 403.6000061035156]"
random_walk,1788871864.2857928,11.064693524,0.9118283582332557,0.903,0.0,-0.12000095528087715,0.3476120061769969,0.6438546955774057,0.37966826849510227,8,0.6320000846088841,5.38,2,"[603.2000122070312, 467.0]"
random_walk,1788871864.3359315,11.114832081000001,0.9732342319608961,0.903,0.0,-0.12000095528087715,0.34894159025422433,0.6256028713488707,0.5766011181665718,8,0.6979612584879668,56.49,2,"[603.2000122070312, 467.0]"
random_walk,1788871864.385792,11.164692694000001,1.0262395740264059,0.903,0.0,-0.12000095528087715,0.34987229910828355,0.6128265943888962,0.7687351059480108,8,0.7900001057611052,56.49,2,"[568.4000244140625, 542.4000244140625]"
random_walk,1788871864.435773,11.214673406000001,1.0697987046934554,0.903,0.0,-0.12000095528087715,0.350523795306125,0.603883200516914,0.9582786238932712,8,0.8666991451553873,2.69,2,"[568.4000244140625, 542.4000244140625]"
random_walk,1788871864.4857912,11.264691656,1.102813909878289,0.903,0.0,-0.12000095528087715,0.350979842644614,0.5976228248065265,1.1462016736785472,8,0.9265243958829272,2.69,2,"[529.2000122070312, 589.7999877929688]"
random_walk,1788871864.5358188,11.314719428,1.1243790232999222,0.903,0.0,-0.12000095528087715,0.3512990757815563,0.5932405618092552,1.3325974141882782,8,0.9802137234589247,13.45,2,"[529.2000122070312, 589.7999877929688]"
random_walk,1788871864.5858467,11.364747289,1.134033823810182,0.903,0.0,-0.12000095528087715,0.3515225389774159,0.5901729777111654,1.5181107571078485,8,1.0277671278833795,34.97,2,"[516.5999755859375, 610.2000122070312]"
random_walk,1788871864.6359353,11.414836059,1.131604718058825,0.903,0.0,-0.12000095528087715,0.35167896321451764,0.5880256688425025,1.7030964792790542,8,1.069184609156292,13.45,2,"[516.5999755859375, 610.2000122070312]"
random_walk,1788871864.685808,11.464708586,1.11734374545507,0.903,0.0,-0.12000095528087715,0.3517884601804888,0.5865225526344384,1.8870279980472588,8,1.0998642249140047,37.66,2,"[495.0, 623.0]"
random_walk,1788871864.7359529,11.514853299,1.0917010813117412,0.903,0.0,-0.12000095528087715,0.35186510805666865,0.5854703712887936,2.071321563311045,8,1.1167380135807468,56.49,2,"[495.0, 623.0]"
random_walk,1788871864.7857988,11.564699430000001,1.0557960017142836,0.903,0.0,-0.12000095528087715,0.3519187615699946,0.5847338443468423,2.254608102898146,8,1.1228739367322893,56.49,2,"[473.0, 635.2000122070312]"
random_walk,1788871864.8357604,11.614660897,1.0107049241719046,0.903,0.0,-0.12000095528087715,0.3519563190293227,0.5842182754874763,2.4379860314608095,8,1.1167380135807468,-2.69,2,"[473.0, 635.2000122070312]"
random_walk,1788871864.8859267,11.664827378,0.9577878465531403,0.903,0.0,-0.12000095528087715,0.35198260925085234,0.5838573772859201,2.6219342901417164,8,1.0998642249140047,-2.69,2,"[476.20001220703125, 620.2000122070312]"
random_walk,1788871864.9359527,11.714853492000001,0.8991453547236787,0.903,0.0,-0.12000095528087715,0.35200101240592313,0.5836047485448308,2.805331283477493,8,1.0722525707320631,-21.52,2,"[476.20001220703125, 620.2000122070312]"
random_walk,1788871864.985927,11.764827576,0.8451179907250401,0.903,0.0,-0.12000095528087715,0.3909536136297884,0.5627290191782065,2.9820255397030238,8,1.038504993398579,-18.83,2,"[487.6000061035156, 601.4000244140625]"
random_walk,1788871865.0360518,11.814952365,0.7775249114897098,0.903,0.0,-0.12000095528087715,0.41822043448649415,0.5481160086215695,3.154682137266782,8,0.9924855697620099,-53.8,2,"[487.6000061035156, 601.4000244140625]"
random_walk,1788871865.0857682,11.864669043000001,0.7041586741107968,0.903,0.0,-0.12000095528087715,0.43730720908618814,0.5378869012319236,3.322869868723231,8,0.9480001269133262,-121.05,2,"[498.20001220703125, 586.2000122070312]"
random_walk,1788871865.1360404,11.914941291,0.6289900445753456,0.903,0.0,-0.12000095528087715,0.4506679513059739,0.5307265260591715,3.4903550487546795,8,0.8943107993373288,-34.97,2,"[498.20001220703125, 586.2000122070312]"
random_walk,1788871865.1857738,11.964674570000001,0.5571394215541191,0.903,0.0,-0.12000095528087715,0.460020470859824,0.525714263438245,3.6548039100051,8,0.8068738944278473,-34.97,2,"[532.4000244140625, 553.7999877929688]"
random_walk,1788871865.2357113,12.014611901,0.49068190372028175,0.903,0.0,-0.12000095528087715,0.466567234547519,0.5222056796035965,3.8186823184070136,8,0.7470486437003072,-67.25,2,"[532.4000244140625, 553.7999877929688]"
random_walk,1788871865.2859497,12.064850416,0.4318717541057071,0.903,0.0,-0.12000095528087715,0.4711499691289055,0.5197496709193425,3.9825111863409077,8,0.679553489033339,-80.7,2,"[570.5999755859375, 522.4000244140625]"
random_walk,1788871865.3359487,12.114849183,0.385,0.903,0.0,-0.12000095528087715,0.47435788333587603,0.5180304648403647,4.145196447411493,8,0.6105243535784852,-53.8,2,"[570.5999755859375, 522.4000244140625]"
random_walk,1788871865.3857992,12.164699867000001,0.385,0.903,0.0,-0.12000095528087715,0.47660342328075544,0.5168270205850803,4.307267136487958,8,0.5553010452146021,-99.53,2,"[602.2000122070312, 464.79998779296875]"
random_walk,1788871865.4358244,12.214725169000001,0.385,0.903,0.0,-0.12000095528087715,0.478175301242171,0.5159846096063813,4.469337514537322,8,0.4878058905476339,-164.09,2,"[602.2000122070312, 464.79998779296875]"
random_walk,1788871865.4858215,12.264722220000001,0.385,0.903,0.0,-0.12000095528087715,0.47927561581516187,0.5153949219212919,4.631327237538969,8,0.440252486123179,-177.54,2,"[635.2000122070312, 384.0]"
random_walk,1788871865.5359297,12.314830457000001,0.385,0.903,0.0,-0.12000095528087715,0.4800458360162555,0.5149821405417293,4.793401078222239,8,0.4095728703654662,-188.29999999999998,2,"[635.2000122070312, 384.0]"
random_walk,1788871865.585809,12.364709666000001,0.385,0.903,0.0,-0.12000095528087715,0.48058499015702105,0.5146931935760355,4.954780721722479,8,0.40343694721392365,-188.29999999999998,2,"[634.5999755859375, 358.0]"
random_walk,1788871865.635778,12.414678567000001,0.385,0.903,0.0,-0.12000095528087715,0.48096239805555696,0.5144909307000498,5.116259845932419,8,0.40343694721392365,-228.65,2,"[634.5999755859375, 358.0]"
random_walk,1788871865.6857994,12.464699924000001,0.385,0.903,0.0,-0.12000095528087715,0.4812265835845321,0.5143493466868598,5.277991100518037,8,0.40343694721392365,-228.65,2,"[643.5999755859375, 350.3999938964844]"
random_walk,1788871865.7358143,12.514714766,0.42336664826793735,0.903,0.0,-0.12000095528087715,0.4814115134548147,0.5142502378776269,5.439590984454576,8,0.40343694721392365,-225.96,2,"[643.5999755859375, 350.3999938964844]"
random_walk,1788871865.785812,12.564712368,0.5110844040892109,0.903,0.0,-0.12000095528087715,0.43551574718757124,0.5389255513756224,5.60888503499455,8,0.40343694721392365,-228.65,2,"[644.0, 351.0]"
random_walk,1788871865.8357909,12.614691589000001,0.5897521047440832,0.903,0.0,-0.12000095528087715,0.4033887108005008,0.5561982708242192,5.783603076143088,8,0.40343694721392365,-86.08,2,"[644.0, 351.0]"
random_walk,1788871865.8857872,12.664687883000001,0.6627929166998301,0.903,0.0,-0.12000095528087715,0.3808997853295515,0.568289174438237,5.962112572923239,8,0.41264083194123746,2.69,2,"[636.5999755859375, 350.6000061035156]"
random_walk,1788871865.9359903,12.714891046,0.732229196866036,0.903,0.0,-0.12000095528087715,0.365157537499887,0.5767528069680494,6.143697954724658,8,0.45559229400203544,2.69,2,"[636.5999755859375, 350.6000061035156]"
random_walk,1788871865.985817,12.764717563000001,0.7982778006136956,0.903,0.0,-0.12000095528087715,0.35413796401912184,0.5826773497389182,0.04315690862443233,9,0.5399612373357456,2.69,2,"[617.2000122070312, 400.0]"
random_walk,1788871866.0358589,12.814759334000001,0.8611387251402588,0.903,0.0,-0.12000095528087715,0.34642426258258624,0.5868245296785263,0.22751847429943695,9,0.6059224112148283,2.69,2,"[617.2000122070312, 400.0]"
random_walk,1788871866.0859118,12.864812295,0.919894913174067,0.903,0.0,-0.12000095528087715,0.34102467157701133,0.589727555636252,0.4130723040425224,9,0.6764855274575677,26.9,2,"[586.5999755859375, 507.79998779296875]"
random_walk,1788871866.136001,12.914901651000001,0.9731987891597167,0.903,0.0,-0.12000095528087715,0.3372449578731089,0.59175967380666,0.5991987447367251,9,0.7409127205487647,34.97,2,"[586.5999755859375, 507.79998779296875]"
random_walk,1788871866.1858094,12.964709856,1.0195237594358861,0.903,0.0,-0.12000095528087715,0.3345991582803772,0.5931821565259455,0.7850912793701994,9,0.8084078752157329,2.69,2,"[550.2000122070312, 555.2000122070312]"
random_walk,1788871866.2359495,13.014850086000001,1.0578693795090848,0.903,0.0,-0.12000095528087715,0.33274709856546497,0.5941778944294455,0.9720871954663437,9,0.8728350683069298,2.69,2,"[550.2000122070312, 555.2000122070312]"
random_walk,1788871866.285785,13.064685533,1.0656836620763537,0.903,0.0,-0.12000095528087715,0.30875038207035177,0.5897377307950542,1.1569393425312455,9,0.9265243958829272,2.69,2,"[524.0, 597.2000122070312]"
random_walk,1788871866.3359523,13.114852929000001,1.0673219021618077,0.903,0.0,-0.12000095528087715,0.29195268052377255,0.5866296162509803,1.3416745464637785,9,0.9725438195194965,29.59,2,"[524.0, 597.2000122070312]"
random_walk,1788871866.385814,13.16471443,1.0628987090171593,0.903,0.0,-0.12000095528087715,0.2801942894411671,0.5844539360701286,1.5249337635472529,9,1.026233147095494,29.59,2,"[504.20001220703125, 613.4000244140625]"
random_walk,1788871866.4357674,13.214668014,1.0524110273453222,0.903,0.0,-0.12000095528087715,0.27196341568334326,0.5829309599435324,1.7078819648470258,9,1.05231082048955,13.45,2,"[504.20001220703125, 613.4000244140625]"
random_walk,1788871866.4858096,13.264710179000001,1.0356797385607157,0.903,0.0,-0.12000095528087715,0.2662018040528666,0.581864876654915,1.8908857234428567,9,1.059980724428978,0.0,2,"[501.0, 639.7999877929688]"
random_walk,1788871866.5358014,13.314701996,1.0127451246724777,0.903,0.0,-0.12000095528087715,0.2621686759115329,0.5811186183528829,2.0734042933156474,9,1.0584467436410925,0.0,2,"[501.0, 639.7999877929688]"
random_walk,1788871866.585805,13.364705551,0.983834786383704,0.903,0.0,-0.12000095528087715,0.25934548621259934,0.5805962375414604,2.255834981422737,9,1.0507768397016641,-8.07,2,"[488.0, 619.2000122070312]"
random_walk,1788871866.6358256,13.414726031,0.9494755008811158,0.903,0.0,-0.12000095528087715,0.2573692534233458,0.5802305709734646,2.438160499182331,9,1.038504993398579,-5.38,2,"[488.0, 619.2000122070312]"
random_walk,1788871866.6857805,13.464681352000001,0.9104928793627222,0.903,0.0,-0.12000095528087715,0.25598589047086834,0.5799746043758676,2.6202438054226675,9,1.021631204731837,-2.69,2,"[501.20001220703125, 598.0]"
random_walk,1788871866.7358477,13.514748414000001,0.8678219916222046,0.903,0.0,-0.12000095528087715,0.2550175364041341,0.5797954277575497,2.8025163473653265,9,1.000155473701438,-8.07,2,"[501.20001220703125, 598.0]"
random_walk,1788871866.7857783,13.564678824000001,0.8227957532646842,0.903,0.0,-0.12000095528087715,0.2543396885574202,0.5796700041247271,2.9844763364030342,9,0.966407896367954,-8.07,2,"[509.6000061035156, 591.4000244140625]"
random_walk,1788871866.8357594,13.61466004,0.776677259388408,0.903,0.0,-0.12000095528087715,0.2538651950647204,0.5795822075817514,3.1664973628990296,9,0.9341942998223555,-67.25,2,"[509.6000061035156, 591.4000244140625]"
random_walk,1788871866.8857696,13.664670313,0.7233982958951197,0.903,0.0,-0.12000095528087715,0.2728545543761618,0.6214613904110589,3.3618022223909847,9,0.8943107993373288,-21.52,2,"[514.7999877929688, 571.7999877929688]"
random_walk,1788871866.9357986,13.714699164,0.6650766501168232,0.903,0.0,-0.12000095528087715,0.2861471058941708,0.6507768183915741,3.5663548224626993,9,0.8513593372765309,-21.52,2,"[514.7999877929688, 571.7999877929688]"
random_walk,1788871866.9857757,13.764676368000002,0.6076059187478022,0.903,0.0,-0.12000095528087715,0.2954518919567771,0.6712976179779346,3.7771717190272867,9,0.8068738944278473,-40.35,2,"[530.7999877929688, 549.7999877929688]"
random_walk,1788871867.0360527,13.814953153000001,0.555755186713701,0.903,0.0,-0.12000095528087715,0.3019652422006015,0.6856621776883871,3.9935180158156456,9,0.7593204900033924,-48.42,2,"[530.7999877929688, 549.7999877929688]"
random_walk,1788871867.0858166,13.864717319,0.5141636952476017,0.903,0.0,-0.12000095528087715,0.3065245873712786,0.6957173694857038,4.211265421227694,9,0.7102331047910518,-51.11,2,"[554.7999877929688, 524.7999877929688]"
random_walk,1788871867.1361141,13.915014749000001,0.4852973008393119,0.903,0.0,-0.12000095528087715,0.3097161289907525,0.7027560037438255,4.4329429991424405,9,0.6565437772150544,-69.94,2,"[554.7999877929688, 524.7999877929688]"
random_walk,1788871867.1857653,13.964665929,0.47157574036789673,0.903,0.0,-0.12000095528087715,0.3119502081243843,0.7076830477245107,4.654259135985164,9,0.5875146417602005,-69.94,2,"[595.0, 478.6000061035156]"
random_walk,1788871867.2357714,14.014672046000001,0.47375557503666343,0.903,0.0,-0.12000095528087715,0.31351406351792654,0.7111319785109904,4.877632653525389,9,0.5445631796994026,-115.67,2,"[595.0, 478.6000061035156]"
random_walk,1788871867.2858315,14.064732275,0.491956571467431,0.903,0.0,-0.12000095528087715,0.3146087622934061,0.7135462300615261,5.101903965506807,9,0.5123495831538042,-123.74,2,"[603.0, 435.0]"
random_walk,1788871867.335865,14.114765655000001,0.5252827032519065,0.903,0.0,-0.12000095528087715,0.3153750514362418,0.7152362061469011,5.3266941188737675,9,0.48933987133551954,-107.6,2,"[603.0, 435.0]"
random_walk,1788871867.385788,14.164688706000002,0.5648753812892479,0.903,0.0,-0.12000095528087715,0.33495754574572373,0.7879589641503515,5.574023433686655,9,0.4816699673960913,-80.7,2,"[627.2000122070312, 397.6000061035156]"
random_walk,1788871867.4359133,14.214814089,0.6328727801627254,0.903,0.0,-0.12000095528087715,0.3486652917623611,0.8388648947527668,5.8380564790430185,9,0.48473792897186263,2.69,2,"[627.2000122070312, 397.6000061035156]"
random_walk,1788871867.4858136,14.264714169000001,0.7220943336588119,0.903,0.0,-0.12000095528087715,0.35826071397400727,0.8744990461744575,6.112354534271134,9,0.5031456984264903,2.69,2,"[610.7999877929688, 395.79998779296875]"
random_walk,1788871867.5360198,14.314920549000002,0.8240696179644839,0.903,0.0,-0.12000095528087715,0.36497750952215957,0.899442952169641,0.11276790440772544,10,0.5353592949720888,2.69,2,"[610.7999877929688, 395.79998779296875]"
random_walk,1788871867.585763,14.364663684000002,0.9268534939586357,0.903,0.0,-0.12000095528087715,0.3696792664058662,0.9169036863662694,0.3996903616671048,10,0.5967185264875144,2.69,2,"[581.5999755859375, 459.79998779296875]"
random_walk,1788871867.6357412,14.414641807,1.020838854676262,0.903,0.0,-0.12000095528087715,0.3729704962244608,0.9291262003039094,0.6914965557215567,10,0.6657476619423682,48.42,2,"[581.5999755859375, 459.79998779296875]"
random_walk,1788871867.685779,14.464679579,1.0959537991080275,0.903,0.0,-0.12000095528087715,0.3752743570974771,0.9376819600602573,0.9862017438709927,10,0.7455146629124216,69.94,2,"[564.4000244140625, 529.0]"
random_walk,1788871867.7359312,14.514831828,1.1444152329534854,0.903,0.0,-0.12000095528087715,0.37688705970858843,0.9436709918897008,1.2832792141830538,10,0.8436894333371027,2.69,2,"[564.4000244140625, 529.0]"
random_walk,1788871867.7857785,14.564679179,1.160997349920438,0.903,0.0,-0.12000095528087715,0.3780159515363664,0.9478633141703113,1.580458812945949,10,0.940330222973898,2.69,2,"[529.7999877929688, 584.7999877929688]"
random_walk,1788871867.835887,14.614787679,1.1438797234804026,0.903,0.0,-0.12000095528087715,0.378806175815811,0.9507979397667387,1.8796620649264497,10,1.021631204731837,2.69,2,"[529.7999877929688, 584.7999877929688]"
random_walk,1788871867.8857877,14.664688272000001,1.0944369254612347,0.903,0.0,-0.12000095528087715,0.3793593328114222,0.9528521776842378,2.178506776931556,10,1.086058397823034,53.8,2,"[500.0, 636.4000244140625]"
random_walk,1788871867.936056,14.714956648000001,1.0164246569405058,0.903,0.0,-0.12000095528087715,0.37974654270835,0.9542901442264872,2.479602402712416,10,1.1244079175201749,21.52,2,"[500.0, 636.4000244140625]"
random_walk,1788871867.9857519,14.764652466000001,0.9180647262423718,0.903,0.0,-0.12000095528087715,0.3800175896361995,0.9552967208060618,2.77822976499084,10,1.1351457830353744,21.52,2,"[468.20001220703125, 648.5999755859375]"
random_walk,1788871868.0357428,14.814643555000002,0.8069739638446285,0.903,0.0,-0.12000095528087715,0.38020732248569417,0.956001324411764,3.078493300763455,10,1.1075341288534328,-24.21,2,"[468.20001220703125, 648.5999755859375]"
random_walk,1788871868.0857913,14.864692049,0.6934501874647261,0.903,0.0,-0.12000095528087715,0.3803401354803404,0.9564945469357555,3.379268186383115,10,1.059980724428978,-45.73,2,"[494.20001220703125, 625.7999877929688]"
random_walk,1788871868.1359475,14.914848025000001,0.5877592258987854,0.903,0.0,-0.12000095528087715,0.3804331045765928,0.9568398027025496,3.680506485928362,10,0.9848156658225816,-110.28999999999999,2,"[494.20001220703125, 625.7999877929688]"
random_walk,1788871868.1857784,14.964678862000001,0.4999378370103647,0.903,0.0,-0.12000095528087715,0.3804981829439695,0.9570814817393055,3.980513851784167,10,0.8973787609131001,-139.88,2,"[498.0, 591.0]"
random_walk,1788871868.2358193,15.014720036000002,0.4492080914668923,0.903,0.0,-0.12000095528087715,0.3702126617096736,0.9054641993751875,4.265091915868922,10,0.7853981633974483,-2.69,2,"[498.0, 591.0]"
random_walk,1788871868.285794,15.064694465,0.4254831954102467,0.903,0.0,-0.12000095528087715,0.36301279684566645,0.8693321017203048,4.538142352507904,10,0.6780195082454534,-26.9,2,"[577.0, 525.5999755859375]"
random_walk,1788871868.3359218,15.114822467000002,0.4265195930225027,0.903,0.0,-0.12000095528087715,0.3579728914408614,0.844039633361887,4.803765557009569,10,0.5859806609723149,-86.08,2,"[577.0, 525.5999755859375]"
random_walk,1788871868.385778,15.16467856,0.45010143250654555,0.903,0.0,-0.12000095528087715,0.35444495765749795,0.8263349055109945,5.062868425170606,10,0.4954757944870621,-86.08,2,"[604.2000122070312, 448.0]"
random_walk,1788871868.4357858,15.214686462000001,0.4937071511286813,0.903,0.0,-0.12000095528087715,0.3519754040091435,0.8139415960153698,5.318430277825314,10,0.4540583132141498,-129.12,2,"[604.2000122070312, 448.0]"
random_walk,1788871868.4857905,15.264691246000002,0.5542389483434216,0.903,0.0,-0.12000095528087715,0.35024671645529537,0.8052662793684324,5.571461760432612,10,0.43718452454740775,-126.42999999999999,2,"[634.2000122070312, 376.0]"
random_walk,1788871868.5358946,15.314795207000001,0.6279890996250906,0.903,0.0,-0.12000095528087715,0.34903663516760164,0.7991935577155763,5.823006911664763,10,0.440252486123179,2.69,2,"[634.2000122070312, 376.0]"
random_walk,1788871868.5859342,15.364834893000001,0.7103266618280156,0.903,0.0,-0.12000095528087715,0.34818957826621605,0.794942652558577,6.072924484065197,10,0.4663301595172349,2.69,2,"[622.4000244140625, 377.0]"
random_walk,1788871868.6359572,15.414858049000001,0.7963979546604576,0.903,0.0,-0.12000095528087715,0.34759663843524613,0.7919670189486775,0.03855684694996597,11,0.5108156023659185,2.69,2,"[622.4000244140625, 377.0]"
random_walk,1788871868.685914,15.464814682,0.8811459106310681,0.903,0.0,-0.12000095528087715,0.3471815805535672,0.7898840754217479,0.28660366284091054,11,0.5675728915176872,2.69,2,"[607.7999877929688, 439.79998779296875]"
random_walk,1788871868.736082,15.514982661000001,0.9598399260785935,0.903,0.0,-0.12000095528087715,0.34689104003639193,0.7884260149528971,0.5349383192920456,11,0.6335340653967698,16.14,2,"[607.7999877929688, 439.79998779296875]"
random_walk,1788871868.7857568,15.564657298,1.0165294471219486,0.903,0.0,-0.12000095528087715,0.325822389029198,0.8449018377943707,0.7991181509630891,11,0.7332428166093364,16.14,2,"[580.5999755859375, 524.0]"
random_walk,1788871868.835738,15.614638520000002,1.3571100357901094,0.903,0.0,0.18021093148971154,0.3110743333241623,0.8844349137834022,1.0769033996193045,11,0.8176117599430467,2.69,2,"[580.5999755859375, 524.0]"
random_walk,1788871868.885927,15.664827778000001,1.3775631146069354,0.903,0.0,0.18021093148971154,0.3007506943306373,0.9121080669757242,1.3641516891722958,11,0.9004467224888714,29.59,2,"[535.2000122070312, 588.7999877929688]"
random_walk,1788871868.9359605,15.714860948,1.3756481310986453,0.903,0.0,0.18021093148971154,0.29352414703516977,0.9314792742103497,1.6568821150036612,11,0.9924855697620099,126.42999999999999,2,"[535.2000122070312, 588.7999877929688]"
random_walk,1788871868.985903,15.764803538,1.3507999920862233,0.903,0.0,0.18021093148971154,0.2884655639283425,0.9450391192745875,1.9535783555441597,11,1.1336118022474888,104.91,2,"[488.6000061035156, 629.2000122070312]"
random_walk,1788871869.0358627,15.814763253,1.30434107019793,0.903,0.0,0.18021093148971154,0.2849245557535634,0.9545310108195539,2.2531340199322827,11,1.260932207641997,26.9,2,"[488.6000061035156, 629.2000122070312]"
random_walk,1788871869.0859122,15.864812861,1.239434866807907,0.903,0.0,0.18021093148971154,0.282445850031218,0.9611753349010304,2.5554986906724295,11,1.325359400733194,190.99,2,"[408.6000061035156, 715.5999755859375]"
random_walk,1788871869.1360466,15.914947322000002,1.1613270201606194,0.903,0.0,0.18021093148971154,0.28071075602557627,0.9658263617580638,2.859590116916955,11,1.3299613430968509,48.42,2,"[408.6000061035156, 715.5999755859375]"
random_walk,1788871869.185749,15.964649787,1.077337589461131,0.903,0.0,0.18021093148971154,0.279496190221627,0.9690820805579874,3.162608233006459,11,1.3084856120664519,48.42,2,"[401.79998779296875, 714.0]"
random_walk,1788871869.2357473,16.014648111,0.9939089381202997,0.903,0.0,0.18021093148971154,0.2786459941588626,0.9713610837179338,3.467834602910294,11,1.2640001692177683,-2.69,2,"[401.79998779296875, 714.0]"
random_walk,1788871869.2859278,16.064828527,0.9187851816599986,0.903,0.0,0.18021093148971154,0.2780508569149275,0.9729563859298964,3.7743262198975245,11,1.205708899278114,-13.45,2,"[417.79998779296875, 683.2000122070312]"
random_walk,1788871869.3359563,16.114856967,0.8592118413207679,0.903,0.0,0.18021093148971154,0.2776342608441729,0.9740730974782701,4.080331379116139,11,1.1351457830353744,-21.52,2,"[417.79998779296875, 683.2000122070312]"
random_walk,1788871869.3857794,16.164680041,0.8205234397887948,0.903,0.0,0.18021093148971154,0.2773426435946447,0.9748547955621316,4.385851508054763,11,1.0584467436410925,-34.97,2,"[475.3999938964844, 640.4000244140625]"
random_walk,1788871869.4359014,16.214801969,0.8061257046790905,0.903,0.0,0.18021093148971154,0.277138511519975,0.9754019842208348,4.6927791057595485,11,0.9802137234589247,-43.04,2,"[475.3999938964844, 640.4000244140625]"
random_walk,1788871869.485803,16.264703582000003,0.8175108654989662,0.903,0.0,0.18021093148971154,0.27699561906770614,0.975785016281927,4.9989514370556165,11,0.9157865303677277,-80.7,2,"[511.6000061035156, 588.5999755859375]"
random_walk,1788871869.5359933,16.314894125000002,0.8537677512822606,0.903,0.0,0.18021093148971154,0.276895594351118,0.9760531387246916,5.306534656574193,11,0.8605632220038447,-2.69,2,"[511.6000061035156, 588.5999755859375]"
random_walk,1788871869.585755,16.364655536,0.9110770577263609,0.903,0.0,0.18021093148971154,0.2768255770495063,0.9762408244346268,5.612129156889274,11,0.8160777791551611,-2.69,2,"[551.7999877929688, 558.0]"
random_walk,1788871869.6357415,16.414642217,0.9845710472457836,0.903,0.0,0.18021093148971154,0.27677656493837804,0.9763722044315815,5.918785970069614,11,0.8237476830945893,2.69,2,"[551.7999877929688, 558.0]"
random_walk,1788871869.6857371,16.464637782,1.0610100680010346,0.903,0.0,0.18021093148971154,0.270268007291349,0.8981495521036696,6.200948763594603,11,0.8436894333371027,16.14,2,"[530.7999877929688, 565.2000122070312]"
random_walk,1788871869.7359657,16.514866503,1.1316910334521852,0.903,0.0,0.18021093148971154,0.26571201693842866,0.8433936954741313,0.18348131811274015,12,0.8713010875190442,64.56,2,"[530.7999877929688, 565.2000122070312]"
random_walk,1788871869.785908,16.564808841,1.1941413314113503,0.903,0.0,0.18021093148971154,0.2625228236913844,0.8050645958334546,0.43626279897866027,12,0.9249904150950417,29.59,2,"[522.4000244140625, 566.2000122070312]"
random_walk,1788871869.8359256,16.614826298,1.247039317643769,0.903,0.0,0.18021093148971154,0.2602903884184534,0.7782342260849808,0.6807888380121057,12,0.9924855697620099,2.69,2,"[522.4000244140625, 566.2000122070312]"
random_walk,1788871869.8859107,16.664811329000003,1.2889547386928712,0.903,0.0,0.18021093148971154,0.25872768372740174,0.7594529672610492,0.9193600012544039,12,1.059980724428978,45.73,2,"[493.6000061035156, 612.2000122070312]"
random_walk,1788871869.9360428,16.714943524000002,1.3188253486495207,0.903,0.0,0.18021093148971154,0.2576337904436656,0.746306086084297,1.1543501444812279,12,1.1244079175201749,64.56,2,"[493.6000061035156, 612.2000122070312]"
random_walk,1788871869.9857779,16.764678294,1.335652307566731,0.903,0.0,0.18021093148971154,0.2568680651450503,0.7371032692605706,1.3848767491243024,12,1.1995729761265714,64.56,2,"[460.79998779296875, 624.7999877929688]"
random_walk,1788871870.0357788,16.814679310000002,1.3392992091971165,0.903,0.0,0.18021093148971154,0.25633205743601956,0.730661297483962,1.6144124193476586,12,1.244058418975255,129.12,2,"[460.79998779296875, 624.7999877929688]"
random_walk,1788871870.0863168,16.865217509,1.3296260479617723,0.903,0.0,0.18021093148971154,0.25595685203969804,0.726151917240336,1.8447037380881,12,1.2793399770966247,145.26,2,"[424.3999938964844, 718.4000244140625]"
random_walk,1788871870.135974,16.914874750000003,1.3076640114643034,0.903,0.0,0.18021093148971154,0.25569420826227296,0.7229953510697978,2.070304193607015,12,1.3054176504906807,169.47,2,"[424.3999938964844, 718.4000244140625]"
random_walk,1788871870.1858668,16.96476747,1.274372333646644,0.903,0.0,0.18021093148971154,0.25551035761807545,0.7207857547504211,2.2963152605226895,12,1.3130875544301088,180.23,2,"[413.6000061035156, 696.5999755859375]"
random_walk,1788871870.235982,17.014882604,1.2313627889998047,0.903,0.0,0.18021093148971154,0.25538166216713715,0.7192390373268573,2.5227173789829465,12,1.3130875544301088,131.81,2,"[413.6000061035156, 696.5999755859375]"
random_walk,1788871870.285843,17.064743359,1.1811405900274596,0.903,0.0,0.18021093148971154,0.25529157535148034,0.7181563351303627,2.747902087054527,12,1.3100195928543377,-5.38,2,"[401.6000061035156, 694.4000244140625]"
random_walk,1788871870.3359492,17.114849845000002,1.125869676693313,0.903,0.0,0.18021093148971154,0.2552285145805206,0.7173984435928165,2.9736650982777206,12,1.2916118233997098,-2.69,2,"[401.6000061035156, 694.4000244140625]"
random_walk,1788871870.3858194,17.164720013,1.068730522121825,0.903,0.0,0.18021093148971154,0.25518437204084876,0.7168679195165342,3.198368041694806,12,1.248660361338912,-2.69,2,"[406.79998779296875, 677.5999755859375]"
random_walk,1788871870.43578,17.214680613000002,1.0122586557908586,0.903,0.0,0.18021093148971154,0.2551534722630785,0.7164965526631365,3.4233840727282114,12,1.2072428800659996,-2.69,2,"[406.79998779296875, 677.5999755859375]"
random_walk,1788871870.4858134,17.264714028,0.9593349646304001,0.903,0.0,0.18021093148971154,0.2551318424186393,0.7162365958657582,3.6485700595479784,12,1.158155494853659,-2.69,2,"[434.0, 654.2000122070312]"
random_walk,1788871870.5359416,17.314842238,0.8666049800779145,0.903,0.0,0.18021093148971154,0.32560350892900525,0.7017434839705248,3.8694139297759307,12,1.1060001480655473,-24.21,2,"[434.0, 654.2000122070312]"
random_walk,1788871870.5859578,17.364858288,0.7792916573074382,0.903,0.0,0.18021093148971154,0.3749336754862614,0.6915983056438615,4.0867596918680675,12,1.0538448012774355,-21.52,2,"[474.3999938964844, 623.0]"
random_walk,1788871870.6359236,17.414824152,0.7078015875278487,0.903,0.0,0.18021093148971154,0.4094647920763407,0.6844966808151971,4.301658399445799,12,0.9940195505498954,-61.87,2,"[474.3999938964844, 623.0]"
random_walk,1788871870.6858075,17.464707999,0.6580100198154011,0.903,0.0,0.18021093148971154,0.4336365736893962,0.679525543435132,4.514820256830561,12,0.9326603190344698,-145.26,2,"[510.3999938964844, 586.0]"
random_walk,1788871870.7360485,17.514949167,0.6327091164525532,0.903,0.0,0.18021093148971154,0.45055682081853504,0.6760457472690865,4.728015015686935,12,0.8605632220038447,-13.45,2,"[510.3999938964844, 586.0]"
random_walk,1788871870.7858171,17.564717740000003,0.6326091037867579,0.903,0.0,0.18021093148971154,0.46240099380893224,0.6736098899528546,4.938779962829145,12,0.7516505860639642,-13.45,2,"[561.7999877929688, 539.0]"
random_walk,1788871870.8357754,17.614676062,0.656829337472986,0.903,0.0,0.18021093148971154,0.4706919149022103,0.6719047898314923,5.149776557339891,12,0.6979612584879668,-26.9,2,"[561.7999877929688, 539.0]"
random_walk,1788871870.8858304,17.664731065,0.7033769589010543,0.903,0.0,0.18021093148971154,0.4764955596675049,0.6707112197465386,5.36064067151996,12,0.6565437772150544,-32.28,2,"[593.5999755859375, 515.4000244140625]"
random_walk,1788871870.935887,17.714787856,0.7692761346407648,0.903,0.0,0.18021093148971154,0.4805581110032111,0.6698757206870711,5.571288256884955,12,0.6381360077604268,0.0,2,"[593.5999755859375, 515.4000244140625]"
random_walk,1788871870.985849,17.76474966,0.8506930292434347,0.903,0.0,0.18021093148971154,0.48340189693820546,0.6692908713454438,5.781386585673545,12,0.641203969336198,8.07,2,"[595.0, 499.0]"
random_walk,1788871871.0359278,17.814828406,0.9437366446090646,0.903,0.0,0.18021093148971154,0.4853925470927015,0.6688814768063047,5.991733320380732,12,0.6703496043060252,24.21,2,"[595.0, 499.0]"
random_walk,1788871871.0857918,17.864692531000003,1.04344021005825,0.903,0.0,0.18021093148971154,0.4867860022008488,0.6685949006289074,6.201393514565382,12,0.7133010663668231,21.52,2,"[575.7999877929688, 511.3999938964844]"
random_walk,1788871871.135955,17.914855811000002,1.145820901614479,0.903,0.0,0.18021093148971154,0.4877614207765518,0.6683942973047292,0.12871701191659923,13,0.7715923363064775,94.14999999999999,2,"[575.7999877929688, 511.3999938964844]"
random_walk,1788871871.1858068,17.964707272000002,1.245274221809741,0.903,0.0,0.18021093148971154,0.488444213779544,0.6682538749778045,0.3382056052036617,13,0.8820389530342436,94.14999999999999,2,"[544.7999877929688, 560.4000244140625]"
random_walk,1788871871.2357905,18.014691198,1.3090309439174972,0.903,0.0,0.18021093148971154,0.4188280377424117,0.7363414554051981,0.5694526960178123,13,0.9740778003073821,8.07,2,"[544.7999877929688, 560.4000244140625]"
random_walk,1788871871.2857919,18.064692428,1.3527484863167085,0.903,0.0,0.18021093148971154,0.370096714516419,0.7840027617043737,0.8158225448811791,13,1.0676506283684062,51.11,2,"[503.0, 607.0]"
random_walk,1788871871.3359435,18.114844287,1.3784418096597437,0.903,0.0,0.18021093148971154,0.33598478825822414,0.8173656761137965,1.0731386215917738,13,1.1566215140657734,112.98,2,"[503.0, 607.0]"
random_walk,1788871871.3859797,18.164880352,1.3868565518620004,0.903,0.0,0.18021093148971154,0.31210643987748776,0.8407197162003925,1.3374205052984607,13,1.2348545342479411,107.6,2,"[452.0, 682.4000244140625]"
random_walk,1788871871.4359276,18.214828227,1.3784149131709174,0.903,0.0,0.18021093148971154,0.2953915960109723,0.8570675442610097,1.6064391357138064,13,1.2916118233997098,177.54,2,"[452.0, 682.4000244140625]"
random_walk,1788871871.485934,18.264834685,1.353514788327767,0.903,0.0,0.18021093148971154,0.2836912053044115,0.8685110239034418,1.8792302757578412,13,1.3314953238847365,185.60999999999999,2,"[413.20001220703125, 697.0]"
random_walk,1788871871.5360444,18.314945063,1.3130184217745038,0.903,0.0,0.18021093148971154,0.27550093180981894,0.8765214596531443,2.155013423781334,13,1.3560390164909069,193.68,2,"[413.20001220703125, 697.0]"
random_walk,1788871871.5858023,18.364702926,1.259116335366502,0.903,0.0,0.18021093148971154,0.2697677403636041,0.882128764677936,2.4312911192395816,13,1.359106978066678,193.68,2,"[398.0, 693.2000122070312]"
random_walk,1788871871.6357813,18.414681786000003,1.19448790592528,0.903,0.0,0.18021093148971154,0.26575450635125375,0.8860538781952902,2.7095562791263106,13,1.35143707412725,-2.69,2,"[398.0, 693.2000122070312]"
random_walk,1788871871.685772,18.464672399,1.123239690764825,0.903,0.0,0.18021093148971154,0.2629452425426085,0.8888014576574381,2.988766145896257,13,1.3238254199453083,-2.69,2,"[393.0, 683.7999877929688]"
random_walk,1788871871.735867,18.514767621,1.050072094747878,0.903,0.0,0.18021093148971154,0.26097875787655683,0.8907247632809416,3.2689154394056246,13,1.2839419194602817,-2.69,2,"[393.0, 683.7999877929688]"
random_walk,1788871871.7858825,18.564783029,0.9803003464750127,0.903,0.0,0.18021093148971154,0.2596022186103207,0.8920710772173941,3.5492028259861783,13,1.2333205534600555,-2.69,2,"[406.79998779296875, 674.4000244140625]"
random_walk,1788871871.835919,18.614819634,0.91890001667046,0.903,0.0,0.18021093148971154,0.25863864112395535,0.8930134969729109,3.829978495130028,13,1.1734953027325155,-16.14,2,"[406.79998779296875, 674.4000244140625]"
random_walk,1788871871.8857486,18.664649111000003,0.8706493871784009,0.903,0.0,0.18021093148971154,0.2579641368834996,0.8936731908017727,4.110021448079387,13,1.1060001480655473,-18.83,2,"[464.20001220703125, 648.0]"
random_walk,1788871871.9359763,18.714876999,0.8388319102154609,0.903,0.0,0.18021093148971154,0.2574919839151806,0.8941349764819758,4.391877146413272,13,1.0400389741864646,-26.9,2,"[464.20001220703125, 648.0]"
random_walk,1788871871.985779,18.764679674,0.8262587272039962,0.903,0.0,0.18021093148971154,0.2571614768373573,0.8944582264581181,4.6720432452500305,13,0.9587379924285258,-26.9,2,"[507.0, 606.0]"
random_walk,1788871872.0358033,18.814703780000002,0.8337018565394911,0.903,0.0,0.18021093148971154,0.256930121882881,0.8946845014414176,4.953319038195964,13,0.9065826456404139,-29.59,2,"[507.0, 606.0]"
random_walk,1788871872.0857778,18.864678383,0.8606338359190695,0.903,0.0,0.18021093148971154,0.25676817341474756,0.8948428939297274,5.234354913125465,13,0.8574952604280734,-2.69,2,"[548.5999755859375, 558.7999877929688]"
random_walk,1788871872.1359549,18.914855351,0.8728709358605158,0.903,0.0,0.18021093148971154,0.29386560764422714,0.7974462892282047,5.485460129443702,13,0.8314175870340175,2.69,2,"[548.5999755859375, 558.7999877929688]"
random_walk,1788871872.1857865,18.964687183000002,0.9108473736218976,0.903,0.0,0.18021093148971154,0.31983381160486285,0.7292686659371388,5.714035591808148,13,0.8375535101855601,5.38,2,"[542.5999755859375, 550.5999755859375]"
random_walk,1788871872.2360187,19.014919245,0.9659630667280417,0.903,0.0,0.18021093148971154,0.33801155437730784,0.6815443296333927,5.9289477994353845,13,0.8482913757007595,2.69,2,"[542.5999755859375, 550.5999755859375]"
random_walk,1788871872.28581,19.064710657000003,1.0303110321621098,0.903,0.0,0.18021093148971154,0.35073597431801934,0.6481372942207704,6.131782119525447,13,0.8574952604280734,18.83,2,"[535.0, 549.7999877929688]"
random_walk,1788871872.3359346,19.114835191,1.099495945121542,0.903,0.0,0.18021093148971154,0.3596430682765174,0.6247523694319348,0.04529653222418517,14,0.8820389530342436,18.83,2,"[535.0, 549.7999877929688]"
random_walk,1788871872.3857498,19.164650604000002,1.1687470382879592,0.903,0.0,0.18021093148971154,0.365878034047466,0.6083829220797499,0.23596681272969988,14,0.9341942998223555,18.83,2,"[520.4000244140625, 565.5999755859375]"
random_walk,1788871872.4357445,19.214645244,1.235356129530937,0.903,0.0,0.18021093148971154,0.37024251008713005,0.5969243089332205,0.4234782135518742,14,0.9848156658225816,34.97,2,"[520.4000244140625, 565.5999755859375]"
random_walk,1788871872.4859061,19.264806705,1.2967169139503774,0.903,0.0,0.18021093148971154,0.3732976433148949,0.5889032797306499,0.6088758627502955,14,1.0461748973380072,45.73,2,"[511.3999938964844, 583.5999755859375]"
random_walk,1788871872.536017,19.314917597,1.3505594607775673,0.903,0.0,0.18021093148971154,0.3754362365743303,0.5832885592888505,0.7924862721332602,14,1.1075341288534328,45.73,2,"[511.3999938964844, 583.5999755859375]"
random_walk,1788871872.5857675,19.364668168,1.3949500653911455,0.903,0.0,0.18021093148971154,0.376933251855935,0.5793582549795908,0.9738227551816578,14,1.1734953027325155,107.6,2,"[461.0, 643.0]"
random_walk,1788871872.6360185,19.414919177,1.422,0.903,0.0,0.18021093148971154,0.37798116255305836,0.5766070419631091,1.1556598207060347,14,1.23178657267217,139.88,2,"[461.0, 643.0]"
random_walk,1788871872.6859503,19.464850835,1.422,0.903,0.0,0.18021093148971154,0.3787147000410447,0.5746811928515718,1.335957081460478,14,1.2854759002481673,150.64,2,"[418.79998779296875, 670.7999877929688]"
random_walk,1788871872.7360075,19.514908054000003,1.422,0.903,0.0,0.18021093148971154,0.3792281762826351,0.5733330984734958,1.5162719958450595,14,1.3330293046726223,190.99,2,"[418.79998779296875, 670.7999877929688]"
random_walk,1788871872.785756,19.56465669,1.422,0.903,0.0,0.18021093148971154,0.3595912410133474,0.6598359478110252,1.7227837771801973,14,1.3790487283091915,190.99,2,"[388.6000061035156, 722.5999755859375]"
random_walk,1788871872.8357317,19.614632373000003,1.4046117509872096,0.903,0.0,0.18021093148971154,0.34584538632484596,0.7203879423472958,1.949027223676893,14,1.3959225169759335,247.48,2,"[388.6000061035156, 722.5999755859375]"
random_walk,1788871872.8858936,19.664794194000002,1.3571651549066692,0.903,0.0,0.18021093148971154,0.336223288042895,0.7627743385226852,2.1892111483208367,14,1.3989904785517047,239.41,2,"[384.3999938964844, 715.7999877929688]"
random_walk,1788871872.936004,19.714904688,1.2962204591487188,0.903,0.0,0.18021093148971154,0.3294878192455293,0.7924448158454578,2.43862215364193,14,1.3989904785517047,126.42999999999999,2,"[384.3999938964844, 715.7999877929688]"
random_walk,1788871872.98595,19.764850821,1.2238669607993709,0.903,0.0,0.18021093148971154,0.3247729910873733,0.8132141499713986,2.6936741771846044,14,1.3959225169759335,40.35,2,"[369.3999938964844, 712.5999755859375]"
random_walk,1788871873.036032,19.814932551000002,1.1430757187119733,0.903,0.0,0.18021093148971154,0.3214726113766641,0.8277526838595571,2.9542787181910057,14,1.371378824369763,43.04,2,"[369.3999938964844, 712.5999755859375]"
random_walk,1788871873.085794,19.864694595,1.0593292280745747,0.903,0.0,0.18021093148971154,0.31916234557916767,0.8379296575812681,3.2164888483642073,14,1.3314953238847365,-2.69,2,"[355.0, 703.7999877929688]"
random_walk,1788871873.1359632,19.914863858,0.9770199369275056,0.903,0.0,0.18021093148971154,0.31754515952092016,0.8450535391864659,3.4825741698202393,14,1.2762720155208536,-2.69,2,"[355.0, 703.7999877929688]"
random_walk,1788871873.185738,19.964638804,0.9026701561544108,0.903,0.0,0.18021093148971154,0.3164131292801469,0.8500402563101043,3.74881140242627,14,1.1857671490356005,-2.69,2,"[415.79998779296875, 670.4000244140625]"
random_walk,1788871873.235748,20.0146485,0.8408766457551908,0.903,0.0,0.18021093148971154,0.31562070811160564,0.8535309582966512,4.016996395565471,14,1.1106020904292042,-16.14,2,"[415.79998779296875, 670.4000244140625]"
random_walk,1788871873.2857747,20.064675351,0.796351171281935,0.903,0.0,0.18021093148971154,0.31506601329362677,0.8559744496872339,4.286024063223806,14,1.0323690702470365,-26.9,2,"[494.0, 631.0]"
random_walk,1788871873.336013,20.114913929,0.7355926910020043,0.903,0.0,0.18021093148971154,0.35320883484092863,0.7871324874637051,4.534232052973621,14,0.9602719732164113,-94.14999999999999,2,"[494.0, 631.0]"
random_walk,1788871873.3857658,20.164666309,0.7038382280445472,0.903,0.0,0.18021093148971154,0.37990880992403997,0.738943113907235,4.765520462101932,14,0.8943107993373288,-32.28,2,"[535.2000122070312, 563.7999877929688]"
random_walk,1788871873.435936,20.214836608000002,0.6996082183322919,0.903,0.0,0.18021093148971154,0.39859879248221786,0.7052105524177059,4.987562696035468,14,0.8252816638824749,-2.69,2,"[535.2000122070312, 563.7999877929688]"
random_walk,1788871873.4857893,20.264689822,0.7197459804652697,0.903,0.0,0.18021093148971154,0.41168178027294233,0.6815977593750356,5.201228537419311,14,0.7731263170943632,-16.14,2,"[571.0, 532.2000122070312]"
random_walk,1788871873.5360756,20.314976148,0.7609812380714309,0.903,0.0,0.18021093148971154,0.42083987172644954,0.6650688042451665,5.41108369292003,14,0.7378447589729934,-32.28,2,"[571.0, 532.2000122070312]"
random_walk,1788871873.5857444,20.364645195,0.8186183438364973,0.903,0.0,0.18021093148971154,0.4272505357439046,0.653498535654258,5.615345399769211,14,0.7071651432152806,-32.28,2,"[573.5999755859375, 530.4000244140625]"
random_walk,1788871873.635728,20.414628583000002,0.8895839310533867,0.903,0.0,0.18021093148971154,0.4317380005561231,0.645399347640622,5.8181183535933485,14,0.7086991240031663,18.83,2,"[573.5999755859375, 530.4000244140625]"
random_walk,1788871873.6858227,20.464723556000003,0.969777789511867,0.903,0.0,0.18021093148971154,0.4348792259246761,0.6397299160310769,6.019294883696475,14,0.7332428166093364,18.83,2,"[571.2000122070312, 515.2000122070312]"
random_walk,1788871873.736025,20.514925951000002,1.0554971340108712,0.903,0.0,0.18021093148971154,0.4370780836826631,0.6357613139043953,6.219735771530694,14,0.7731263170943632,51.11,2,"[571.2000122070312, 515.2000122070312]"
random_walk,1788871873.7857888,20.564689297,1.1453982903557298,0.903,0.0,0.18021093148971154,0.4280912410647765,0.6686929307962688,0.14578242493963245,15,0.8298836062461319,34.97,2,"[548.7999877929688, 532.2000122070312]"
random_walk,1788871873.836081,20.614981663000002,1.233392222501367,0.903,0.0,0.18021093148971154,0.42180045123225585,0.6917450626205802,0.36403553511066633,15,0.9035146840646426,5.38,2,"[548.7999877929688, 532.2000122070312]"
random_walk,1788871873.8857982,20.664698858,1.3138719655934858,0.903,0.0,0.18021093148971154,0.4173968983494914,0.7078815548975982,0.5855021819647774,15,0.9802137234589247,32.28,2,"[516.0, 569.5999755859375]"
random_walk,1788871873.935932,20.714832734,1.3838357532853436,0.903,0.0,0.18021093148971154,0.4143144113315563,0.7191770994915108,0.8118999232756536,15,1.0584467436410925,61.87,2,"[516.0, 569.5999755859375]"
random_walk,1788871873.9857516,20.764652236,1.422,0.903,0.0,0.18021093148971154,0.4121566704190017,0.7270839807072497,1.0396908223531014,15,1.167359379580973,61.87,2,"[477.6000061035156, 629.0]"
random_walk,1788871874.0357604,20.81466112,1.422,0.903,0.0,0.18021093148971154,0.4106462517802135,0.7326187975582669,1.2698496858995085,15,1.244058418975255,142.57,2,"[477.6000061035156, 629.0]"
random_walk,1788871874.0857863,20.864686770000002,1.422,0.903,0.0,0.18021093148971154,0.4095889587330618,0.7364931693539789,1.5013632254578013,15,1.3115535736422232,169.47,2,"[415.0, 685.2000122070312]"
random_walk,1788871874.1360245,20.914924976000002,1.422,0.903,0.0,0.18021093148971154,0.4088488536000556,0.7392052296109773,1.7344700883649793,15,1.363708920430335,180.23,2,"[415.0, 685.2000122070312]"
random_walk,1788871874.1857543,20.964654747,1.422,0.903,0.0,0.18021093148971154,0.4083307800069512,0.7411036717908762,1.966334015929128,15,1.3913205746122765,231.34,2,"[391.6000061035156, 715.7999877929688]"
random_walk,1788871874.2359102,21.014810989,1.4130615779413565,0.903,0.0,0.18021093148971154,0.40796812849177816,0.7424325813168055,2.199958840498148,15,1.3989904785517047,247.48,2,"[391.6000061035156, 715.7999877929688]"
random_walk,1788871874.2858543,21.064754945,1.3484271463327873,0.903,0.0,0.18021093148971154,0.40771427243115704,0.7433628179849558,2.4333562781577243,15,1.4005244593395905,217.89,2,"[374.3999938964844, 726.4000244140625]"
random_walk,1788871874.3360348,21.114935354,1.269112429339543,0.903,0.0,0.18021093148971154,0.4075365731887223,0.7440139836526611,2.6679184164110623,15,1.4005244593395905,161.4,2,"[374.3999938964844, 726.4000244140625]"
random_walk,1788871874.385758,21.164658429000003,1.1803867880768495,0.903,0.0,0.18021093148971154,0.4074121837190179,0.7444697996200549,2.9007513207397793,15,1.394388536188048,161.4,2,"[390.20001220703125, 724.0]"
random_walk,1788871874.4357514,21.214652177,1.0860105695049127,0.903,0.0,0.18021093148971154,0.40732511109022485,0.7447888707972306,3.134719372315182,15,1.3621749396424494,-5.38,2,"[390.20001220703125, 724.0]"
random_walk,1788871874.4859035,21.264804184000003,0.9913097244368119,0.903,0.0,0.18021093148971154,0.40726416025006973,0.7450122206212535,3.3692080116855934,15,1.3069516312785663,-2.69,2,"[377.79998779296875, 707.4000244140625]"
random_walk,1788871874.5359745,21.314875116,0.9016822345408992,0.903,0.0,0.18021093148971154,0.4072214946619611,0.7451685654980695,3.6036312342636947,15,1.2348545342479411,-10.76,2,"[377.79998779296875, 707.4000244140625]"
random_walk,1788871874.5858924,21.364793009,0.8214170139387369,0.903,0.0,0.18021093148971154,0.41543697475284075,0.7004354686735069,3.8233585860992534,15,1.1535535524900022,-10.76,2,"[450.20001220703125, 648.4000244140625]"
random_walk,1788871874.6360073,21.414907963,0.7552922476416313,0.903,0.0,0.18021093148971154,0.4211878108164565,0.6691223008963131,4.033955718341154,15,1.0661166475805206,-24.21,2,"[450.20001220703125, 648.4000244140625]"
random_walk,1788871874.685839,21.464739588,0.7052040128075241,0.903,0.0,0.18021093148971154,0.4252133960609875,0.6472030834522774,4.2367093142908985,15,0.9771457618831534,-80.7,2,"[515.2000122070312, 591.5999755859375]"
random_walk,1788871874.736037,21.514937692,0.6714318352958673,0.903,0.0,0.18021093148971154,0.42803130573215925,0.6318596312414524,4.435938548469899,15,0.8989127417009857,-88.77,2,"[515.2000122070312, 591.5999755859375]"
random_walk,1788871874.785734,21.56463463,0.6546612176605057,0.903,0.0,0.18021093148971154,0.4300038425019795,0.6211192146938749,4.630126327472901,15,0.7900001057611052,-88.77,2,"[543.2000122070312, 553.0]"
random_walk,1788871874.8357377,21.614638219,0.6544593344512242,0.903,0.0,0.18021093148971154,0.4313846182408536,0.6136009231105707,4.822931916162098,15,0.7347767973972221,-24.21,2,"[543.2000122070312, 553.0]"
random_walk,1788871874.885916,21.664816538,0.6704360870982848,0.903,0.0,0.18021093148971154,0.4323511612580655,0.6083381190022576,5.0144638825689825,15,0.6979612584879668,-37.66,2,"[558.5999755859375, 514.2000122070312]"
random_walk,1788871874.9359198,21.714820460000002,0.7066259033215245,0.903,0.0,0.18021093148971154,0.4277335987305677,0.610950619848144,5.20643904266452,15,0.6703496043060252,-34.97,2,"[558.5999755859375, 514.2000122070312]"
random_walk,1788871874.9858115,21.764712097,0.754807013026186,0.903,0.0,0.18021093148971154,0.4245013049613192,0.6127793704402645,5.3986464445256175,15,0.6580777580029401,0.0,2,"[594.7999877929688, 508.3999938964844]"
random_walk,1788871875.0359604,21.814861067000002,0.8140352626410525,0.903,0.0,0.18021093148971154,0.4222386993228453,0.614059495854749,5.5919408874824015,15,0.6611457195787114,2.69,2,"[594.7999877929688, 508.3999938964844]"
random_walk,1788871875.0858011,21.864701621000002,0.8821076136394164,0.903,0.0,0.18021093148971154,0.42065487537591356,0.614955583644888,5.784727006843859,15,0.6810874698212247,2.69,2,"[575.4000244140625, 512.4000244140625]"
random_walk,1788871875.136028,21.914928758000002,0.9574875278890165,0.903,0.0,0.18021093148971154,0.41954619861306136,0.6155828450979853,5.978843579371421,15,0.7133010663668231,10.76,2,"[575.4000244140625, 512.4000244140625]"
random_walk,1788871875.1857405,21.964641089,1.036534168766433,0.903,0.0,0.18021093148971154,0.4187701248790648,0.6160219281151534,6.17149167433795,15,0.7715923363064775,10.76,2,"[562.7999877929688, 526.0]"
random_walk,1788871875.2357223,22.014622932,1.117404756205713,0.903,0.0,0.18021093148971154,0.4182268732652672,0.6163292862271711,0.0818503949622027,16,0.8314175870340175,2.69,2,"[562.7999877929688, 526.0]"
random_walk,1788871875.2857528,22.064653256,1.1969446909423638,0.903,0.0,0.18021093148971154,0.4178465971356089,0.6165444369055835,0.27566846665395417,16,0.9050486648525283,2.69,2,"[525.4000244140625, 576.0]"
random_walk,1788871875.3359566,22.11485717,1.2546021317283798,0.903,0.0,0.18021093148971154,0.3821676499288149,0.601193690914862,0.46505419451483476,16,0.9740778003073821,10.76,2,"[525.4000244140625, 576.0]"
random_walk,1788871875.3857832,22.164683893000003,1.2994099019543195,0.903,0.0,0.18021093148971154,0.3571923868840591,0.590448168721357,0.6501090009542025,16,1.047708878125893,64.56,2,"[514.2000122070312, 585.7999877929688]"
random_walk,1788871875.435941,22.214841696,1.3347280872516945,0.903,0.0,0.18021093148971154,0.33970970275273005,0.5829263031859034,0.833648138851089,16,1.1213399559444037,45.73,2,"[514.2000122070312, 585.7999877929688]"
random_walk,1788871875.4859788,22.264879436,1.0539456318935136,0.903,0.0,-0.12726952596849095,0.3274718238607997,0.577660997311086,1.0151980412347683,16,1.188835110611372,104.91,2,"[508.6000061035156, 645.0]"
random_walk,1788871875.536045,22.314945927,1.0724769891879236,0.903,0.0,-0.12726952596849095,0.31890530863644845,0.5739752831987137,1.1958193981698173,16,1.2409904573994837,123.74,2,"[508.6000061035156, 645.0]"
random_walk,1788871875.585755,22.364655657,1.0826308492032939,0.903,0.0,-0.12726952596849095,0.3129087479794026,0.5713952833200532,1.3745136497164765,16,1.2578642460662257,123.74,2,"[422.3999938964844, 664.7999877929688]"
random_walk,1788871875.6357563,22.414656828000002,1.0843950309527246,0.903,0.0,-0.12726952596849095,0.3087111555194705,0.5695892834049908,1.5534210902560375,16,1.1949710337629145,-2.69,2,"[422.3999938964844, 664.7999877929688]"
random_walk,1788871875.6857345,22.46463509,1.0775411827188242,0.903,0.0,-0.12726952596849095,0.305772840797518,0.5683250834644471,1.731953668482248,16,1.1244079175201749,-2.69,2,"[439.79998779296875, 638.7999877929688]"
random_walk,1788871875.735954,22.514854728000003,1.0620674440658449,0.903,0.0,-0.12726952596849095,0.3037160204921513,0.5674401435060665,1.9107244955109195,16,1.0891263593988052,-2.69,2,"[439.79998779296875, 638.7999877929688]"
random_walk,1788871875.7857895,22.564690073,1.0384115740323399,0.903,0.0,-0.12726952596849095,0.30227624627839456,0.5668206855352002,2.08839456435517,16,1.0829904362472627,-5.38,2,"[483.0, 612.0]"
random_walk,1788871875.8359637,22.614864320000002,1.0069293963241572,0.903,0.0,-0.12726952596849095,0.3012684043287649,0.5663870649555937,2.266787770712739,16,1.0783884938836057,-10.76,2,"[483.0, 612.0]"
random_walk,1788871875.8858113,22.664711934000003,0.9714255397052344,0.903,0.0,-0.12726952596849095,0.30302132184775815,0.5510766663709178,2.4395051971306287,16,1.0676506283684062,-2.69,2,"[484.20001220703125, 627.0]"
random_walk,1788871875.9360204,22.714920847000002,0.9299887561186146,0.903,0.0,-0.12726952596849095,0.30424836411105344,0.5403593873616447,2.6098753052669394,16,1.0507768397016641,-2.69,2,"[484.20001220703125, 627.0]"
random_walk,1788871875.985774,22.764674582,0.8846380841957475,0.903,0.0,-0.12726952596849095,0.30510729369536016,0.5328572920551535,2.7765934362347338,16,1.0185632431560658,-2.69,2,"[482.0, 607.2000122070312]"
random_walk,1788871876.03574,22.814640577000002,0.8362525244448489,0.903,0.0,-0.12726952596849095,0.30570854440437484,0.5276058253406096,2.9423030532968397,16,0.9909515889741242,-67.25,2,"[482.0, 607.2000122070312]"
random_walk,1788871876.0857713,22.864672011,0.7863191259807747,0.903,0.0,-0.12726952596849095,0.3061294199006851,0.523929798640429,3.1069969442255996,16,0.9572040116406401,-67.25,2,"[487.20001220703125, 607.0]"
random_walk,1788871876.1359465,22.914847270000003,0.7361434369719,0.903,0.0,-0.12726952596849095,0.30642403274810226,0.5213565799503025,3.2711451270986203,16,0.9142525495798421,-29.59,2,"[487.20001220703125, 607.0]"
random_walk,1788871876.1859632,22.964863774,0.6872247521259929,0.903,0.0,-0.12726952596849095,0.30663026174129426,0.519555326867214,3.434398603136387,16,0.868233125943273,-16.14,2,"[519.2000122070312, 565.0]"
random_walk,1788871876.2359054,23.014805938000002,0.6407697636435146,0.903,0.0,-0.12726952596849095,0.3067746220365287,0.5182944497090519,3.597118280905491,16,0.8206797215188181,-34.97,2,"[519.2000122070312, 565.0]"
random_walk,1788871876.2858927,23.064793266000002,0.5979159562460468,0.903,0.0,-0.12726952596849095,0.30687567424319284,0.5174118356983386,3.7596279833549175,16,0.7746602978822488,-51.11,2,"[554.4000244140625, 537.7999877929688]"
random_walk,1788871876.3359437,23.114844320000003,0.5597547865594729,0.903,0.0,-0.12726952596849095,0.30694641078785767,0.5167940058908392,3.922081259001857,16,0.7286408742456796,-45.73,2,"[554.4000244140625, 537.7999877929688]"
random_walk,1788871876.3857477,23.164648166000003,0.5273973006525272,0.903,0.0,-0.12726952596849095,0.3069959263691231,0.5163615250255896,4.083894529339943,16,0.6657476619423682,-45.73,2,"[575.7999877929688, 520.2000122070312]"
random_walk,1788871876.4357374,23.214638127,0.5014922605290828,0.903,0.0,-0.12726952596849095,0.30703058727600885,0.5160587884199149,4.2459938585641765,16,0.624330180669456,-59.18,2,"[575.7999877929688, 520.2000122070312]"
random_walk,1788871876.4857824,23.264683059000003,0.48278625593699775,0.903,0.0,-0.12726952596849095,0.3070548499108289,0.5158468727959427,4.4080499884625794,16,0.5859806609723149,-94.14999999999999,2,"[609.7999877929688, 480.6000061035156]"
random_walk,1788871876.5359263,23.314826974000002,0.47174700114595586,0.903,0.0,-0.12726952596849095,0.30707183375520297,0.515698531859162,4.570442806220981,16,0.5537670644267164,-123.74,2,"[609.7999877929688, 480.6000061035156]"
random_walk,1788871876.585942,23.364842756,0.46870879744562566,0.903,0.0,-0.12726952596849095,0.3070837224462648,0.5155946932034157,4.7324914918221594,16,0.5246214294568893,-129.12,2,"[613.2000122070312, 433.0]"
random_walk,1788871876.6360564,23.414957135,0.4589117117524531,0.903,0.0,-0.12726952596849095,0.3231427676329811,0.5655372232168017,4.91055296231832,16,0.5031456984264903,-126.42999999999999,2,"[613.2000122070312, 433.0]"
random_walk,1788871876.6859717,23.464872518,0.46600606449644166,0.903,0.0,-0.12726952596849095,0.3343840992636825,0.600496994226172,5.098837642549,16,0.4878058905476339,-139.88,2,"[621.0, 395.0]"
random_walk,1788871876.736026,23.514926729000003,0.4900186195807486,0.903,0.0,-0.12726952596849095,0.3422530314051735,0.6249688339327311,5.295421073479758,16,0.47860200582032003,-150.64,2,"[621.0, 395.0]"
random_walk,1788871876.7857563,23.564656982000002,0.529467888872718,0.903,0.0,-0.12726952596849095,0.34776128390421723,0.6420991217273224,5.496329322932738,16,0.4724660826687775,-150.64,2,"[641.5999755859375, 384.0]"
random_walk,1788871876.8357396,23.614640058000003,0.5826216781522995,0.903,0.0,-0.12726952596849095,0.3516170606535478,0.6540903231835364,5.701776259243388,16,0.47093210188089185,-45.73,2,"[641.5999755859375, 384.0]"
random_walk,1788871876.8859308,23.664831546000002,0.6466934246311256,0.903,0.0,-0.12726952596849095,0.35431610437807926,0.6624841642028862,5.910426419625807,16,0.4816699673960913,2.69,2,"[624.2000122070312, 382.6000061035156]"
random_walk,1788871876.9360232,23.714923724000002,0.718136322980496,0.903,0.0,-0.12726952596849095,0.35620543498525126,0.6683598529164312,6.120784367042077,16,0.5077476407901472,2.69,2,"[624.2000122070312, 382.6000061035156]"
random_walk,1788871876.9858873,23.764788039000003,0.7930154936314667,0.903,0.0,-0.12726952596849095,0.3575279664102716,0.6724728350159126,0.04836477640214554,17,0.5476311412751739,2.69,2,"[603.4000244140625, 418.3999938964844]"
random_walk,1788871877.0359614,23.814861991,0.868100990836312,0.903,0.0,-0.12726952596849095,0.3584537384077859,0.6753519224855495,0.2606323512942694,17,0.5967185264875144,10.76,2,"[603.4000244140625, 418.3999938964844]"
random_walk,1788871877.0859826,23.864883097,0.951607141546659,0.903,0.0,-0.12726952596849095,0.3682276779515916,0.7549410656320954,0.497955387939804,17,0.6550097964271688,13.45,2,"[593.0, 490.6000061035156]"
random_walk,1788871877.1361017,23.91500239,1.0322356184706827,0.903,0.0,-0.12726952596849095,0.3750694356322557,0.8106534658346776,0.7530772090893052,17,0.7194369895183657,53.8,2,"[593.0, 490.6000061035156]"
random_walk,1788871877.1857505,23.964651042,1.0991606999034038,0.903,0.0,-0.12726952596849095,0.37985866600872054,0.849652145976485,1.0187418103597636,17,0.8160777791551611,53.8,2,"[562.5999755859375, 537.7999877929688]"
random_walk,1788871877.235744,24.014644807,1.1443789631889705,0.903,0.0,-0.12726952596849095,0.38321112727224593,0.8769512220757503,1.2942289322727376,17,0.8973787609131001,2.69,2,"[562.5999755859375, 537.7999877929688]"
random_walk,1788871877.285933,24.064833613,1.1612822480216993,0.903,0.0,-0.12726952596849095,0.3855578501567136,0.896060575345236,1.5764104976717803,17,0.9694758579437253,5.38,2,"[522.4000244140625, 602.2000122070312]"
random_walk,1788871877.3360481,24.114948851,1.1465407293091638,0.903,0.0,-0.12726952596849095,0.38720055617584104,0.9094371226338758,1.8627974270219525,17,1.0369710126106935,43.04,2,"[522.4000244140625, 602.2000122070312]"
random_walk,1788871877.3859708,24.164871454,1.1005511254087632,0.903,0.0,-0.12726952596849095,0.3883504503892302,0.9188007057359238,2.1508902724564862,17,1.0937283017624622,24.21,2,"[499.20001220703125, 627.7999877929688]"
random_walk,1788871877.4359183,24.214818978,1.02648562420987,0.903,0.0,-0.12726952596849095,0.38915537633860264,0.9253552139073573,2.4414099584072986,17,1.1320778214596032,32.28,2,"[499.20001220703125, 627.7999877929688]"
random_walk,1788871877.485969,24.264869549,0.9303068436631671,0.903,0.0,-0.12726952596849095,0.3897188245031633,0.9299433696273609,2.7337437137384555,17,1.1382137446111458,-2.69,2,"[475.0, 641.7999877929688]"
random_walk,1788871877.5360217,24.314922252000002,0.8202097666273431,0.903,0.0,-0.12726952596849095,0.39011323821835586,0.9331550786313634,3.027327803826857,17,1.1198059751565181,-21.52,2,"[475.0, 641.7999877929688]"
random_walk,1788871877.5857575,24.364658077,0.7064642701927752,0.903,0.0,-0.12726952596849095,0.3903893278189906,0.935403274934165,3.319965556711715,17,1.064582666792635,-21.52,2,"[482.3999938964844, 623.0]"
random_walk,1788871877.635737,24.414637506000002,0.5979112581572266,0.903,0.0,-0.12726952596849095,0.3905825905394349,0.9369770123461261,3.6142642984761792,17,0.9878836273983529,-96.84,2,"[482.3999938964844, 623.0]"
random_walk,1788871877.685762,24.464662497000003,0.5044397890540153,0.903,0.0,-0.12726952596849095,0.39071787444374595,0.9380786285344989,3.9090937375536114,17,0.9004467224888714,-142.57,2,"[510.20001220703125, 590.2000122070312]"
random_walk,1788871877.7360525,24.514953114,0.43412134958940574,0.903,0.0,-0.12726952596849095,0.39081257317676366,0.9388497598663599,4.205171781872174,17,0.7915340865489908,-2.69,2,"[510.20001220703125, 590.2000122070312]"
random_walk,1788871877.7859888,24.564889286000003,0.3936366431860942,0.903,0.0,-0.12726952596849095,0.3908788622898761,0.9393895517986626,4.499975371437607,17,0.6810874698212247,-24.21,2,"[583.5999755859375, 538.2000122070312]"
random_walk,1788871877.8359313,24.614831862000003,0.38613946272308874,0.903,0.0,-0.12726952596849095,0.39092526466905475,0.9397674061512744,4.795032895198908,17,0.5875146417602005,-75.32,2,"[583.5999755859375, 538.2000122070312]"
random_walk,1788871877.885943,24.664843553,0.40307883088543156,0.903,0.0,-0.12726952596849095,0.39572304588889057,0.8291772708373724,5.055543137969401,17,0.5092816215780329,-193.68,2,"[625.4000244140625, 425.20001220703125]"
random_walk,1788871877.93597,24.714870918000003,0.44178431635547344,0.903,0.0,-0.12726952596849095,0.3990814927427756,0.751764176117641,5.291797075802101,17,0.44945637085049284,-107.6,2,"[625.4000244140625, 425.20001220703125]"
random_walk,1788871877.9857464,24.7646468,0.49543460111170257,0.903,0.0,-0.12726952596849095,0.40143240554049514,0.6975750098138291,5.510250345332871,17,0.4172427743048944,-107.6,2,"[617.0, 361.6000061035156]"
random_walk,1788871878.0357444,24.814645082000002,0.5597020479884882,0.903,0.0,-0.12726952596849095,0.40307804449889884,0.6596425934011607,5.717556380801035,17,0.41877675509278006,-51.11,2,"[617.0, 361.6000061035156]"
random_walk,1788871878.085924,24.864824517000002,0.6309551739950842,0.903,0.0,-0.12726952596849095,0.4042299917697814,0.6330899019122929,5.916898739014989,17,0.43104860139586515,5.38,2,"[639.7999877929688, 357.79998779296875]"
random_walk,1788871878.1360257,24.914926433,0.7060725989160638,0.903,0.0,-0.12726952596849095,0.4050363548593992,0.6145030178700854,6.110346736608072,17,0.4663301595172349,2.69,2,"[639.7999877929688, 357.79998779296875]"
random_walk,1788871878.1859848,24.964885404,0.7821607013294485,0.903,0.0,-0.12726952596849095,0.4056008090221317,0.6014921990405402,0.015854250148194637,18,0.5138835639416898,2.69,2,"[634.5999755859375, 384.3999938964844]"
random_walk,1788871878.2360632,25.0149641,0.857303249352691,0.903,0.0,-0.12726952596849095,0.4059959269360444,0.5923846258598585,0.20229716725890512,18,0.5721748338813442,5.38,2,"[634.5999755859375, 384.3999938964844]"
random_walk,1788871878.2859383,25.064838870000003,0.9286883654628734,0.903,0.0,-0.12726952596849095,0.4062725094757833,0.5860093246333813,0.38600553195807663,18,0.6366020269725411,2.69,2,"[582.0, 481.20001220703125]"
random_walk,1788871878.3360126,25.1149132,0.9947179934908914,0.903,0.0,-0.12726952596849095,0.40646611725360055,0.5815466137748473,0.5689640498885495,18,0.7071651432152806,34.97,2,"[582.0, 481.20001220703125]"
random_walk,1788871878.3857555,25.164656198000003,1.0528601038689318,0.903,0.0,-0.12726952596849095,0.4066016426980726,0.5784227161738735,0.7499132498809615,18,0.8007379712763046,34.97,2,"[577.0, 561.5999755859375]"
random_walk,1788871878.4357426,25.214643197,1.1019840794058817,0.903,0.0,-0.12726952596849095,0.406696510509203,0.5762359878531919,0.9309777555133394,18,0.880504972246358,2.69,2,"[577.0, 561.5999755859375]"
random_walk,1788871878.4859705,25.264871201000002,1.1324042914019703,0.903,0.0,-0.12726952596849095,0.3948430945931089,0.6237127048909211,1.127471566216414,18,0.944932165337555,2.69,2,"[536.4000244140625, 581.5999755859375]"
random_walk,1788871878.536009,25.314909741,1.1514978287993842,0.903,0.0,-0.12726952596849095,0.386545703451843,0.6569464068173316,1.3340926341918475,18,1.0016894544893238,32.28,2,"[536.4000244140625, 581.5999755859375]"
random_walk,1788871878.5859764,25.36487702,1.1563654373750007,0.903,0.0,-0.12726952596849095,0.38073752965295693,0.680209998165819,1.547584235582761,18,1.0538448012774355,45.73,2,"[507.3999938964844, 606.0]"
random_walk,1788871878.6359339,25.414834529,1.145233330270534,0.903,0.0,-0.12726952596849095,0.3766718079937367,0.6964945121097601,1.7662088931567297,18,1.0952622825503477,18.83,2,"[507.3999938964844, 606.0]"
random_walk,1788871878.6858077,25.464708245,1.1174537658219748,0.903,0.0,-0.12726952596849095,0.37382580283228245,0.7078936718705189,1.9882496535390857,18,1.1244079175201749,40.35,2,"[485.6000061035156, 644.7999877929688]"
random_walk,1788871878.736013,25.514913629000002,1.0732792365107109,0.903,0.0,-0.12726952596849095,0.3718335992192645,0.71587308370305,2.2139303217726365,18,1.1382137446111458,51.11,2,"[485.6000061035156, 644.7999877929688]"
random_walk,1788871878.785757,25.564657642,1.0149091177086191,0.903,0.0,-0.12726952596849095,0.370439056690152,0.7214586719858218,2.4397019853083464,18,1.1366797638232602,51.11,2,"[471.20001220703125, 631.4000244140625]"
random_walk,1788871878.8357432,25.61464378,0.9443851684122591,0.903,0.0,-0.12726952596849095,0.3694628769197732,0.7253685837837621,2.667550791855092,18,1.1182719943686323,-2.69,2,"[471.20001220703125, 631.4000244140625]"
random_walk,1788871878.8857596,25.664660287,0.8652674322539778,0.903,0.0,-0.12726952596849095,0.36877955108050803,0.7281055220423203,2.896349063888053,18,1.0906603401866908,-16.14,2,"[480.79998779296875, 608.7999877929688]"
random_walk,1788871878.9360552,25.714955851000003,0.7726119535296868,0.903,0.0,-0.12726952596849095,0.3747382105232676,0.8034175502214903,3.14991461385452,18,1.0492428589137786,-29.59,2,"[480.79998779296875, 608.7999877929688]"
random_walk,1788871878.9859033,25.764803729,0.6722806998903887,0.903,0.0,-0.12726952596849095,0.3789092721331993,0.8561359699469093,3.4181234619393166,18,0.9924855697620099,-64.56,2,"[493.20001220703125, 601.5999755859375]"
random_walk,1788871879.0360272,25.814927848,0.5736477877812265,0.903,0.0,-0.12726952596849095,0.3818290152601515,0.8930388637547026,3.6993080387233164,18,0.9295923574586985,-161.4,2,"[493.20001220703125, 601.5999755859375]"
random_walk,1788871879.0859358,25.864836302,0.48838124154352586,0.903,0.0,-0.12726952596849095,0.38387283544901807,0.918870889420158,3.987470053671615,18,0.8544272988523022,-10.76,2,"[528.2000122070312, 561.2000122070312]"
random_walk,1788871879.1360943,25.914994999,0.4254703191060257,0.903,0.0,-0.12726952596849095,0.3853035095812246,0.9369533073859768,4.282591123840518,18,0.7547185476397354,-32.28,2,"[528.2000122070312, 561.2000122070312]"
random_walk,1788871879.1857507,25.964651314,0.39283722588864106,0.903,0.0,-0.12726952596849095,0.38630498147376924,0.9496109999620499,4.57938717634967,18,0.6381360077604268,-32.28,2,"[577.5999755859375, 512.4000244140625]"
random_walk,1788871879.2357392,26.014639934,0.394178696754371,0.903,0.0,-0.12726952596849095,0.38700601179855043,0.958471384765301,4.8804760967102965,18,0.5553010452146021,-118.36,2,"[577.5999755859375, 512.4000244140625]"
random_walk,1788871879.2859063,26.064806916000002,0.43056496665576466,0.903,0.0,-0.12726952596849095,0.38749673302589727,0.9646736541275769,5.1841767525695985,18,0.483203948183977,-129.12,2,"[614.2000122070312, 423.6000061035156]"
random_walk,1788871879.336037,26.114937652000002,0.4991836573664168,0.903,0.0,-0.12726952596849095,0.3878402378850401,0.96901524268117,5.489356240859806,18,0.4341165629716365,-188.29999999999998,2,"[614.2000122070312, 423.6000061035156]"
random_walk,1788871879.3859494,26.164850006,0.5934181346157337,0.903,0.0,-0.12726952596849095,0.38808069128644,0.9720543546686852,5.794144363783872,18,0.41570879351700873,-131.81,2,"[641.0, 359.79998779296875]"
random_walk,1788871879.436014,26.214914500000003,0.705255448684534,0.903,0.0,-0.12726952596849095,0.38824900866742,0.9741817330599458,6.100653226782342,18,0.4172427743048944,2.69,2,"[641.0, 359.79998779296875]"
random_walk,1788871879.4859362,26.264836818000003,0.8235718496460476,0.903,0.0,-0.12726952596849095,0.388366830834106,0.9756708979338282,0.12349975033064453,19,0.45252433242626416,2.69,2,"[632.7999877929688, 368.0]"
random_walk,1788871879.5360887,26.31498931,0.9380212869100185,0.903,0.0,-0.12726952596849095,0.38844930635078617,0.9767133133455459,0.43101312675886305,19,0.5154175447295755,2.69,2,"[632.7999877929688, 368.0]"
random_walk,1788871879.5857663,26.364666770000003,1.0367397094731652,0.903,0.0,-0.12726952596849095,0.3885070392124623,0.9774430041337483,0.7366716116414196,19,0.6304661038209985,2.69,2,"[610.5999755859375, 453.79998779296875]"
random_walk,1788871879.6357512,26.414651798,1.1040283733654683,0.903,0.0,-0.12726952596849095,0.3818958706359582,0.9483374662462031,1.0345898998228265,19,0.7332428166093364,86.08,2,"[610.5999755859375, 453.79998779296875]"
random_walk,1788871879.6858852,26.464785982000002,1.1418101846142201,0.903,0.0,-0.12726952596849095,0.37726805263240526,0.9279635897249214,1.3266489693376897,19,0.842155452549217,2.69,2,"[557.7999877929688, 561.7999877929688]"
random_walk,1788871879.735991,26.514891508,1.14940771498265,0.903,0.0,-0.12726952596849095,0.37402858002991823,0.9137018761600243,1.6141434054973516,19,0.9556700308527545,2.69,2,"[557.7999877929688, 561.7999877929688]"
random_walk,1788871879.785902,26.564802464000003,1.1278075841259005,0.903,0.0,-0.12726952596849095,0.37176094920817726,0.9037186766645964,1.8976648724478125,19,1.038504993398579,2.69,2,"[510.6000061035156, 626.2000122070312]"
random_walk,1788871879.8360188,26.614919493000002,1.0793145151922632,0.903,0.0,-0.12726952596849095,0.3701736076329586,0.8967304370177968,2.1799848725822173,19,1.0952622825503477,24.21,2,"[510.6000061035156, 626.2000122070312]"
random_walk,1788871879.8859363,26.664836866,1.0083334650634699,0.903,0.0,-0.12726952596849095,0.36906246853030555,0.8918386692650371,2.459712699835812,19,1.1182719943686323,61.87,2,"[490.0, 639.0]"
random_walk,1788871879.936038,26.714938729,0.9199198532816582,0.903,0.0,-0.12726952596849095,0.36828467115844843,0.8884144318381053,2.7393140059147,19,1.1198059751565181,-10.76,2,"[490.0, 639.0]"
random_walk,1788871879.9857523,26.764652941,0.8216293389721969,0.903,0.0,-0.12726952596849095,0.3677402129981484,0.886017465639253,3.0164530086744676,19,1.0891263593988052,-10.76,2,"[480.20001220703125, 626.2000122070312]"
random_walk,1788871880.0357442,26.81464473,0.7198621160555125,0.903,0.0,-0.12726952596849095,0.36735909228593844,0.8843395893000564,3.2942661326741316,19,1.0446409165501216,-37.66,2,"[480.20001220703125, 626.2000122070312]"
random_walk,1788871880.0857692,26.864669583,0.6226190427622732,0.903,0.0,-0.12726952596849095,0.36709230778739144,0.8831650758626188,3.571836516838907,19,0.9771457618831534,-121.05,2,"[503.79998779296875, 603.0]"
random_walk,1788871880.135941,26.914841489,0.5371180077105323,0.903,0.0,-0.12726952596849095,0.36690555863840857,0.8823429164564125,3.8496213731230355,19,0.8989127417009857,-121.05,2,"[503.79998779296875, 603.0]"
random_walk,1788871880.1859822,26.96488305,0.4700655618537122,0.903,0.0,-0.12726952596849095,0.3667748342341205,0.8817674048720681,4.12679822891095,19,0.7961360289126478,-2.69,2,"[545.7999877929688, 552.5999755859375]"
random_walk,1788871880.2359154,27.014816087000003,0.4264108377346383,0.903,0.0,-0.12726952596849095,0.36668332715111884,0.881364546763027,4.403416862693511,19,0.6979612584879668,-21.52,2,"[545.7999877929688, 552.5999755859375]"
random_walk,1788871880.2858236,27.064724293,0.4093067329913103,0.903,0.0,-0.12726952596849095,0.3666192721930177,0.8810825460866982,4.679727592394748,19,0.6135923151542565,-72.63,2,"[584.4000244140625, 496.79998779296875]"
random_walk,1788871880.33604,27.114940742,0.39328753893409224,0.903,0.0,-0.12726952596849095,0.39453142303687716,0.8915141679760147,4.960573891439161,19,0.5399612373357456,-145.26,2,"[584.4000244140625, 496.79998779296875]"
random_walk,1788871880.3858078,27.164708308,0.4184218046078981,0.903,0.0,-0.12726952596849095,0.41406992862757885,0.8988163032985362,5.242168195627919,19,0.46479617872934925,-145.26,2,"[619.2000122070312, 409.0]"
random_walk,1788871880.4357927,27.214693298,0.4819265545584617,0.903,0.0,-0.12726952596849095,0.42774688254106996,0.9039277980243013,5.526020038783848,19,0.4295146206079795,-199.06,2,"[619.2000122070312, 409.0]"
random_walk,1788871880.4857893,27.264689959000002,0.5768655096196422,0.903,0.0,-0.12726952596849095,0.43732075028051376,0.9075058443323369,5.811110882205718,19,0.4172427743048944,-166.78,2,"[626.4000244140625, 364.20001220703125]"
random_walk,1788871880.5358253,27.314725896000002,0.6936424691090265,0.903,0.0,-0.12726952596849095,0.44402245769812443,0.9100104767479619,6.097242121474771,19,0.4172427743048944,2.69,2,"[626.4000244140625, 364.20001220703125]"
random_walk,1788871880.585804,27.364704535,0.8207169493590489,0.903,0.0,-0.12726952596849095,0.44871365289045195,0.9117637194388993,0.10042525027169802,20,0.4479223900626072,2.69,2,"[635.2000122070312, 372.0]"
random_walk,1788871880.6359751,27.414875619,0.9466760786173138,0.903,0.0,-0.12726952596849095,0.4519974895250811,0.9129909893225555,0.3878514662559809,20,0.5092816215780329,2.69,2,"[635.2000122070312, 372.0]"
random_walk,1788871880.6857958,27.464696307,1.0593793591718446,0.903,0.0,-0.12726952596849095,0.45429617516932164,0.9138500782411149,0.6743246975043746,20,0.5951845456996288,21.52,2,"[606.7999877929688, 447.6000061035156]"
random_walk,1788871880.7359467,27.514847328000002,1.1497876404407914,0.903,0.0,-0.12726952596849095,0.4559052551202899,0.9144514404841064,0.9622348909052931,20,0.6994952392758523,86.08,2,"[606.7999877929688, 447.6000061035156]"
random_walk,1788871880.7857723,27.564672928,1.2092916247584622,0.903,0.0,-0.12726952596849095,0.4570316110859677,0.9148723940542005,1.2489274383568159,20,0.8559612796401878,86.08,2,"[557.2000122070312, 568.0]"
random_walk,1788871880.8357854,27.614685972,1.2332805397210689,0.903,0.0,-0.12726952596849095,0.4578200602619422,0.9151670615532663,1.5364510950362558,20,0.9771457618831534,2.69,2,"[557.2000122070312, 568.0]"
random_walk,1788871880.8857775,27.664678170000002,1.2194848073678282,0.903,0.0,-0.12726952596849095,0.45837197468512436,0.9153733288026124,1.8240207429378472,20,1.0737865515199487,2.69,2,"[505.79998779296875, 635.5999755859375]"
random_walk,1788871880.935939,27.714839773,1.1688540708904014,0.903,0.0,-0.12726952596849095,0.4587583147813519,0.9155177158771546,2.112309663703485,20,1.1474176293384597,134.5,2,"[505.79998779296875, 635.5999755859375]"
random_walk,1788871880.9857883,27.764688833,1.0859987361040053,0.903,0.0,-0.12726952596849095,0.45902875284871114,0.9156187868293342,2.3993757443080312,20,1.1873011298234863,72.63,2,"[462.20001220703125, 658.7999877929688]"
random_walk,1788871881.0359104,27.814810830000003,0.9771727411579508,0.903,0.0,-0.12726952596849095,0.4592180594958626,0.9156895364958599,2.687481589857839,20,1.2087768608538851,-2.69,2,"[462.20001220703125, 658.7999877929688]"
random_walk,1788871881.0857809,27.864681492000003,0.8520510572178763,0.903,0.0,-0.12726952596849095,0.4593505741488686,0.9157390612624279,2.974669683135943,20,1.191903072187143,-2.69,2,"[437.6000061035156, 668.0]"
random_walk,1788871881.1359003,27.914800890000002,0.7201552765108775,0.903,0.0,-0.12726952596849095,0.45944333440597285,0.9157737285990255,3.2628516232995253,20,1.145883648550574,-48.42,2,"[437.6000061035156, 668.0]"
random_walk,1788871881.1857867,27.964687360000003,0.5932096313270275,0.903,0.0,-0.12726952596849095,0.4595082665859458,0.9157979957346438,3.5500663413130837,20,1.038504993398579,-48.42,2,"[464.0, 639.4000244140625]"
random_walk,1788871881.235847,28.014747689,0.4828216650444983,0.903,0.0,-0.12726952596849095,0.4573668227974548,0.9117715281159555,3.836643198459228,20,0.9372622613981267,-161.4,2,"[464.0, 639.4000244140625]"
random_walk,1788871881.2858067,28.06470746,0.397015785078206,0.903,0.0,-0.12726952596849095,0.4558678121455111,0.9089530007828739,4.122056210404963,20,0.8176117599430467,-2.69,2,"[546.7999877929688, 564.4000244140625]"
random_walk,1788871881.3359387,28.114839306,0.385,0.903,0.0,-0.12726952596849095,0.4548185046891505,0.9069800316497167,4.407651613491652,20,0.6872233929727672,-2.69,2,"[546.7999877929688, 564.4000244140625]"
random_walk,1788871881.3858018,28.164702501,0.385,0.903,0.0,-0.12726952596849095,0.4540839894696981,0.9055989532565067,4.691592922337662,20,0.5752427954571154,-51.11,2,"[606.5999755859375, 483.3999938964844]"
random_walk,1788871881.4360137,28.214914276000002,0.385,0.903,0.0,-0.12726952596849095,0.45356982881608143,0.9046321983812597,4.976626757480034,20,0.4878058905476339,-188.29999999999998,2,"[606.5999755859375, 483.3999938964844]"
random_walk,1788871881.4859452,28.264845825000002,0.38888594222010925,0.903,0.0,-0.12726952596849095,0.4532099163585498,0.9039554699685868,5.260393370347856,20,0.42644665903220824,-126.42999999999999,2,"[638.2000122070312, 381.20001220703125]"
random_walk,1788871881.5359464,28.314847094,0.4706489404577222,0.903,0.0,-0.12726952596849095,0.4529579776382776,0.9034817600797156,5.544208924997918,20,0.4003689856381523,-185.60999999999999,2,"[638.2000122070312, 381.20001220703125]"
random_walk,1788871881.5857534,28.364654077,0.576334109899133,0.903,0.0,-0.12726952596849095,0.4527816205340871,0.9031501631575058,5.827162456838664,20,0.4003689856381523,-185.60999999999999,2,"[641.5999755859375, 356.3999938964844]"
random_walk,1788871881.6357608,28.414661380000002,0.6981116893894188,0.903,0.0,-0.12726952596849095,0.45265817056115376,0.902918045311959,6.110860395252558,20,0.40343694721392365,2.69,2,"[641.5999755859375, 356.3999938964844]"
random_walk,1788871881.6857471,28.464647612,0.825908745491144,0.903,0.0,-0.12726952596849095,0.45257175558010043,0.9027555628200763,0.11110205251012673,21,0.4387185053352934,2.69,2,"[634.7999877929688, 371.6000061035156]"
random_walk,1788871881.7358632,28.514763786000003,0.9499596937256776,0.903,0.0,-0.12726952596849095,0.45251126509336304,0.9026418250757584,0.3952374724962411,21,0.5077476407901472,2.69,2,"[634.7999877929688, 371.6000061035156]"
random_walk,1788871881.7858856,28.564786123,1.0598032633187473,0.903,0.0,-0.12726952596849095,0.45246892175264686,0.9025622086547358,0.6787599216596405,21,0.5997864880632857,16.14,2,"[610.7999877929688, 450.79998779296875]"
random_walk,1788871881.8359702,28.614870799000002,1.1470826715480218,0.903,0.0,-0.12726952596849095,0.4524392814141456,0.90250647716002,0.9627715787068567,21,0.7086991240031663,88.77,2,"[610.7999877929688, 450.79998779296875]"
random_walk,1788871881.8857765,28.664677049,1.204423881703455,0.903,0.0,-0.12726952596849095,0.4524185331771946,0.902467465113719,1.245510254198031,21,0.8237476830945893,8.07,2,"[552.4000244140625, 579.2000122070312]"
random_walk,1788871881.9360206,28.714921114000003,1.230534809759803,0.903,0.0,-0.12726952596849095,0.45566011270854523,0.8370368356239712,1.5094988235184488,21,0.9510680884890975,2.69,2,"[552.4000244140625, 579.2000122070312]"
random_walk,1788871881.9857707,28.764671208000003,1.2257353743243575,0.903,0.0,-0.12726952596849095,0.45792921838049067,0.7912353949811479,1.7571015556997125,21,1.0799224746714913,2.69,2,"[505.79998779296875, 639.7999877929688]"
random_walk,1788871882.035805,28.814705601000004,1.1943980362656452,0.903,0.0,-0.12726952596849095,0.45951759235085243,0.7591743865311715,1.9956419893127375,21,1.1474176293384597,137.19,2,"[505.79998779296875, 639.7999877929688]"
random_walk,1788871882.0858464,28.864747106000003,1.1406450794598753,0.903,0.0,-0.12726952596849095,0.4606294541301057,0.7367316806161881,2.2271729744048585,21,1.188835110611372,64.56,2,"[468.20001220703125, 659.2000122070312]"
random_walk,1788871882.1359308,28.914831269,1.0685710779437594,0.903,0.0,-0.12726952596849095,0.461407757375583,0.7210217864756996,2.454014202009951,21,1.2118448224296565,16.14,2,"[468.20001220703125, 659.2000122070312]"
random_walk,1788871882.185817,28.964717455000002,0.9828237743121496,0.903,0.0,-0.12726952596849095,0.4619525696474171,0.7100248605773578,2.6767301269313535,21,1.2041749184902284,-2.69,2,"[436.3999938964844, 667.0]"
random_walk,1788871882.235948,29.014848794000002,0.8873386716431625,0.903,0.0,-0.12726952596849095,0.46233393823770097,0.7023270124485185,2.897782645517175,21,1.1734953027325155,-16.14,2,"[436.3999938964844, 667.0]"
random_walk,1788871882.2857757,29.064676349000003,0.7874778820457954,0.903,0.0,-0.12726952596849095,0.4626008962508997,0.696938518758331,3.1161956622200435,21,1.1228739367322893,-37.66,2,"[446.79998779296875, 651.7999877929688]"
random_walk,1788871882.3359294,29.114830016000003,0.6870162299266619,0.903,0.0,-0.12726952596849095,0.4627877668601388,0.6931665731751997,3.334481853461206,21,1.0569127628532067,-40.35,2,"[446.79998779296875, 651.7999877929688]"
random_walk,1788871882.3857875,29.164688236000003,0.5914975274945624,0.903,0.0,-0.12726952596849095,0.46291857628660615,0.6905262112670079,3.550907996207947,21,0.9480001269133262,-40.35,2,"[503.3999938964844, 605.2000122070312]"
random_walk,1788871882.4357798,29.214680237000003,0.5158607225905956,0.903,0.0,-0.12726952596849095,0.4492685848328516,0.6603627352924415,3.7583935314770613,21,0.8605632220038447,-48.42,2,"[503.3999938964844, 605.2000122070312]"
random_walk,1788871882.485765,29.264665566,0.4549610439155148,0.903,0.0,-0.12726952596849095,0.43971359081522343,0.6392483021102451,3.9591778700591718,21,0.7516505860639642,-2.69,2,"[551.7999877929688, 544.0]"
random_walk,1788871882.5358691,29.314769611000003,0.40809545635924754,0.903,0.0,-0.12726952596849095,0.43302509500288366,0.6244681988827075,4.155668158803884,21,0.6611457195787114,-13.45,2,"[551.7999877929688, 544.0]"
random_walk,1788871882.5857892,29.364690006000004,0.385,0.903,0.0,-0.12726952596849095,0.4283431479342459,0.6141221266234314,4.348381792267254,21,0.5798447378207724,-131.81,2,"[596.2000122070312, 483.0]"
random_walk,1788871882.635911,29.414811669000002,0.385,0.903,0.0,-0.12726952596849095,0.4250657849861994,0.6068798760419379,4.539361983307607,21,0.5138835639416898,-145.26,2,"[596.2000122070312, 483.0]"
random_walk,1788871882.6858037,29.464704309000002,0.385,0.903,0.0,-0.12726952596849095,0.42277163092256687,0.6018103006348925,4.728101853620451,21,0.4586602555778067,-150.64,2,"[643.2000122070312, 396.20001220703125]"
random_walk,1788871882.7359173,29.514818067,0.385,0.903,0.0,-0.12726952596849095,0.42116572307802413,0.5982615978499608,4.91642235000041,21,0.4203107358806657,-220.57999999999998,2,"[643.2000122070312, 396.20001220703125]"
random_walk,1788871882.7857785,29.564679269000003,0.3873588478601106,0.903,0.0,-0.12726952596849095,0.4200415875868442,0.5957775059005086,5.103193751697837,21,0.40343694721392365,-220.57999999999998,2,"[654.5999755859375, 362.0]"
random_walk,1788871882.8357675,29.614667993,0.4244438341985011,0.903,0.0,-0.12726952596849095,0.4192546927430182,0.594038641535892,5.289790927601764,21,0.40343694721392365,-220.57999999999998,2,"[654.5999755859375, 362.0]"
random_walk,1788871882.8857934,29.664694014000002,0.4733098895508032,0.903,0.0,-0.12726952596849095,0.41870386635234,0.5928214364806604,5.476094853305234,21,0.401902966426038,-190.99,2,"[643.7999877929688, 356.3999938964844]"
random_walk,1788871882.935928,29.714828728,0.5324163141466541,0.903,0.0,-0.12726952596849095,0.41831828787886527,0.5919693929419982,5.6624316350772474,21,0.40343694721392365,-61.87,2,"[643.7999877929688, 356.3999938964844]"
random_walk,1788871882.9859183,29.764818906000002,0.5995710442168742,0.903,0.0,-0.12726952596849095,0.41804838294743296,0.5913729624649348,5.848213021595775,21,0.41264083194123746,5.38,2,"[631.5999755859375, 355.79998779296875]"
random_walk,1788871883.0359325,29.814833173,0.6726346800899575,0.903,0.0,-0.12726952596849095,0.4178594494954304,0.5909554611309904,6.033887417416686,21,0.44485442848683593,2.69,2,"[631.5999755859375, 355.79998779296875]"
random_walk,1788871883.0859275,29.864828263000003,0.7494246714609684,0.903,0.0,-0.12726952596849095,0.4362990228296249,0.6015127618492805,6.22285565855973,21,0.4878058905476339,2.69,2,"[624.2000122070312, 387.3999938964844]"
random_walk,1788871883.1359499,29.914850503,0.8344221818323475,0.903,0.0,-0.12726952596849095,0.44920672416356106,0.6089028723520835,0.13103096881427234,22,0.543029198911517,2.69,2,"[624.2000122070312, 387.3999938964844]"
random_walk,1788871883.1857526,29.964653288,0.9213719674510125,0.903,0.0,-0.12726952596849095,0.4582421150973164,0.6140759497040457,0.3234362557800097,22,0.624330180669456,2.69,2,"[601.2000122070312, 470.79998779296875]"
random_walk,1788871883.2357595,30.014660048000003,1.0055445985214442,0.903,0.0,-0.12726952596849095,0.4645668887509451,0.6176971038504191,0.5174719750122989,22,0.6933593161243098,48.42,2,"[601.2000122070312, 470.79998779296875]"
random_walk,1788871883.285765,30.064665606000002,1.0822622645247006,0.903,0.0,-0.12726952596849095,0.4689942303084852,0.6202319117528805,0.7123233468359018,22,0.7700583555185919,40.35,2,"[562.5999755859375, 557.4000244140625]"
random_walk,1788871883.335812,30.114712853,1.1478398846540527,0.903,0.0,-0.12726952596849095,0.4720933693987633,0.6220062772846036,0.9078973032737707,22,0.8574952604280734,2.69,2,"[562.5999755859375, 557.4000244140625]"
random_walk,1788871883.3858972,30.164797812000003,1.199232352523878,0.903,0.0,-0.12726952596849095,0.47426276676195794,0.6232483331568097,1.1038983324497025,22,0.9387962421860124,5.38,2,"[518.5999755859375, 600.7999877929688]"
random_walk,1788871883.436047,30.214947493,1.2342387078950376,0.903,0.0,-0.12726952596849095,0.4757813449161942,0.624117772267354,1.3005129592947782,22,1.012427320004523,21.52,2,"[518.5999755859375, 600.7999877929688]"
random_walk,1788871883.4858284,30.264729033000002,1.2512364859365905,0.903,0.0,-0.12726952596849095,0.4768443496241596,0.624726379644735,1.4958567622802406,22,1.0799224746714913,64.56,2,"[491.0, 636.2000122070312]"
random_walk,1788871883.5359583,30.314859087000002,1.2497663170593076,0.903,0.0,-0.12726952596849095,0.4775884529197354,0.6251524048089017,1.6928445413737876,22,1.1397477253990314,53.8,2,"[491.0, 636.2000122070312]"
random_walk,1788871883.585774,30.364674453000003,1.229864514909662,0.903,0.0,-0.12726952596849095,0.4781093252266384,0.6254506224238183,1.8888240926925874,22,1.1965050145508,53.8,2,"[443.20001220703125, 672.4000244140625]"
random_walk,1788871883.635737,30.414637520000003,1.192265034597273,0.903,0.0,-0.12726952596849095,0.4784739358414705,0.62565937475426,2.085277656797601,22,1.2210487071569704,115.67,2,"[443.20001220703125, 672.4000244140625]"
random_walk,1788871883.6858926,30.46479313,1.1383084384822308,0.903,0.0,-0.12726952596849095,0.478729163271853,0.6258055013855692,2.2823075101333785,22,1.23178657267217,83.39,2,"[428.6000061035156, 684.4000244140625]"
random_walk,1788871883.735987,30.514887728,1.0702173779250908,0.903,0.0,-0.12726952596849095,0.47890782247312075,0.6259077900274856,2.4793163313421616,22,1.2302525918842842,-2.69,2,"[428.6000061035156, 684.4000244140625]"
random_walk,1788871883.7858825,30.564783018000004,0.990980203410924,0.903,0.0,-0.12726952596849095,0.47903288391400817,0.6259793920768271,2.6755636803634246,22,1.2072428800659996,-2.69,2,"[422.6000061035156, 673.5999755859375]"
random_walk,1788871883.8359904,30.614891106,1.0118839902676204,0.903,0.0,-0.002162254314535865,0.454746420873316,0.6970183101897165,2.894904443807704,22,1.1688933603688585,-5.38,2,"[422.6000061035156, 673.5999755859375]"
random_walk,1788871883.8857858,30.664686295000003,0.9064573838741127,0.903,0.0,-0.002162254314535865,0.4377458967448315,0.746745552868739,3.12875462906446,22,1.1182719943686323,-21.52,2,"[450.0, 662.5999755859375]"
random_walk,1788871883.9359865,30.714887058000002,0.8023243993625387,0.903,0.0,-0.002162254314535865,0.4258455298548924,0.7815546227440548,3.375043230496871,22,1.0630486860047492,-5.38,2,"[450.0, 662.5999755859375]"
random_walk,1788871883.9858518,30.764752315000003,0.7058464258301328,0.903,0.0,-0.002162254314535865,0.417515273031935,0.8059209716567759,3.6275193594752153,22,1.0032234352772094,-5.38,2,"[493.0, 620.7999877929688]"
random_walk,1788871884.0357833,30.814684015,0.6219467226434252,0.903,0.0,-0.002162254314535865,0.4116840932558648,0.8229774158956806,3.885868607052643,22,0.9480001269133262,-156.02,2,"[493.0, 620.7999877929688]"
random_walk,1788871884.0858397,30.864740237000003,0.556336582709887,0.903,0.0,-0.002162254314535865,0.4076022674126157,0.834916926862914,4.1485123096234275,22,0.8759030298827011,-94.14999999999999,2,"[522.7999877929688, 578.0]"
random_walk,1788871884.135937,30.914837443000003,0.5140252323394694,0.903,0.0,-0.002162254314535865,0.40474498932234126,0.8432745845399772,4.413602428885511,22,0.7746602978822488,-2.69,2,"[522.7999877929688, 578.0]"
random_walk,1788871884.1857798,30.964680367000003,0.4983051959466229,0.903,0.0,-0.002162254314535865,0.4027448946591492,0.8491249449139215,4.67991466549698,22,0.6887573737606529,-18.83,2,"[585.7999877929688, 524.2000122070312]"
random_walk,1788871884.2359796,31.014880359000003,0.5160174937933641,0.903,0.0,-0.002162254314535865,0.39349423723038013,0.7707901725700749,4.922745596373076,22,0.6181942575179133,-78.01,2,"[585.7999877929688, 524.2000122070312]"
random_walk,1788871884.2857714,31.064671944,0.5498017198364451,0.903,0.0,-0.002162254314535865,0.3870187770302418,0.7159558319293822,5.147019161433931,22,0.5614369683661447,-96.84,2,"[611.5999755859375, 469.3999938964844]"
random_walk,1788871884.3359272,31.114827814,0.5958748282591861,0.903,0.0,-0.002162254314535865,0.3824859548901449,0.6775717934808972,5.360346945044924,22,0.526155410244775,-48.42,2,"[611.5999755859375, 469.3999938964844]"
random_walk,1788871884.3858554,31.164755888000002,0.6510957481532806,0.903,0.0,-0.002162254314535865,0.37931297939207714,0.6507029665669578,5.564486130821038,22,0.5246214294568893,-48.42,2,"[608.5999755859375, 423.6000061035156]"
random_walk,1788871884.4357777,31.214678208000002,0.7133588360142843,0.903,0.0,-0.002162254314535865,0.37709189654342967,0.6318947877272002,5.7628508612598495,22,0.5399612373357456,2.69,2,"[608.5999755859375, 423.6000061035156]"
random_walk,1788871884.4857705,31.264671005,0.7805838167902555,0.903,0.0,-0.002162254314535865,0.3755371385493764,0.6187290625393699,5.957225212935882,22,0.5675728915176872,2.69,2,"[603.7999877929688, 434.20001220703125]"
random_walk,1788871884.5359674,31.314867895000003,0.8508322032109891,0.903,0.0,-0.002162254314535865,0.3744488079535392,0.6095130549078887,6.149240743585025,22,0.6105243535784852,2.69,2,"[603.7999877929688, 434.20001220703125]"
random_walk,1788871884.5857854,31.364685987,0.9213832075884398,0.903,0.0,-0.002162254314535865,0.3736869765364531,0.6030618495658518,0.055008143867517845,23,0.6611457195787114,8.07,2,"[579.4000244140625, 495.3999938964844]"
random_walk,1788871884.6360583,31.414958872000003,0.9908678043014126,0.903,0.0,-0.002162254314535865,0.3731536945444929,0.598546005826426,0.24367227412965775,23,0.7179030087304801,53.8,2,"[579.4000244140625, 495.3999938964844]"
random_walk,1788871884.6859295,31.464830105,1.0563960204814433,0.903,0.0,-0.002162254314535865,0.3727803971501207,0.595384915208828,0.4304634224439994,23,0.782330201821677,29.59,2,"[556.7999877929688, 552.7999877929688]"
random_walk,1788871884.7360988,31.514999358,1.1164231378121303,0.903,0.0,-0.002162254314535865,0.37251908897406016,0.5931721517765094,0.6171620452087367,23,0.8574952604280734,2.69,2,"[556.7999877929688, 552.7999877929688]"
random_walk,1788871884.7859643,31.56486482,1.1686328368320185,0.903,0.0,-0.002162254314535865,0.3723361732508178,0.5916232173738863,0.8026924203176051,23,0.9433981845496693,2.69,2,"[527.7999877929688, 584.7999877929688]"
random_walk,1788871884.8358462,31.614746873,1.2115915305342084,0.903,0.0,-0.002162254314535865,0.37220813224454813,0.5905389632920501,0.9879374816284425,23,1.004757416065095,37.66,2,"[527.7999877929688, 584.7999877929688]"
random_walk,1788871884.8858328,31.664733501,1.243936015187059,0.903,0.0,-0.002162254314535865,0.37211850354015935,0.5897799854347648,1.1732493171668565,23,1.064582666792635,45.73,2,"[512.5999755859375, 609.0]"
random_walk,1788871884.9358323,31.714732744000003,1.2645299178321565,0.903,0.0,-0.002162254314535865,0.37205576344708724,0.5892487009346652,1.3583621876370486,23,1.1213399559444037,56.49,2,"[512.5999755859375, 609.0]"
random_walk,1788871884.985961,31.764861687000003,1.2727133288672554,0.903,0.0,-0.002162254314535865,0.37201184538193677,0.5888768017845953,1.5437294859568098,23,1.167359379580973,102.22,2,"[459.3999938964844, 663.2000122070312]"
random_walk,1788871885.0359082,31.814808791,1.2682021511206354,0.903,0.0,-0.002162254314535865,0.37198110273633145,0.5886164723795465,1.7285104034829928,23,1.201106956914457,118.36,2,"[459.3999938964844, 663.2000122070312]"
random_walk,1788871885.0857983,31.864698973000003,1.2742456913035163,0.903,0.0,-0.002162254314535865,0.39793745076178016,0.6225769665293209,1.9237425321997463,23,1.2302525918842842,123.74,2,"[437.79998779296875, 667.5999755859375]"
random_walk,1788871885.135955,31.914855767000002,1.2541597673203877,0.903,0.0,-0.002162254314535865,0.41610689437959425,0.646349312434163,2.127287756271947,23,1.2471263805510262,158.71,2,"[437.79998779296875, 667.5999755859375]"
random_walk,1788871885.185828,31.964728489000002,1.2103762869812569,0.903,0.0,-0.002162254314535865,0.4288255049120641,0.6629899545675525,2.3351516587294654,23,1.2578642460662257,158.71,2,"[423.20001220703125, 683.4000244140625]"
random_walk,1788871885.235807,32.01470741,1.1460425614705567,0.903,0.0,-0.002162254314535865,0.437728532284793,0.6746384040609251,2.546994962838049,23,1.2578642460662257,59.18,2,"[423.20001220703125, 683.4000244140625]"
random_walk,1788871885.2858014,32.064701986,1.065512932700248,0.903,0.0,-0.002162254314535865,0.44396065144570324,0.682792318706286,2.7615900006543583,23,1.2501943421267976,-2.69,2,"[410.79998779296875, 687.7999877929688]"
random_walk,1788871885.3358767,32.11477731,0.9738010238986814,0.903,0.0,-0.002162254314535865,0.4483231348583404,0.6885000589580386,2.9781184431302776,23,1.2241166687327416,-2.69,2,"[410.79998779296875, 687.7999877929688]"
random_walk,1788871885.3858628,32.16476328,0.8764960028577893,0.903,0.0,-0.002162254314535865,0.4513768732471864,0.6924954771342654,3.195546584758425,23,1.179631225884058,-24.21,2,"[429.6000061035156, 659.4000244140625]"
random_walk,1788871885.435951,32.214851569000004,0.7786797858315462,0.903,0.0,-0.002162254314535865,0.4535144901193786,0.6952922698576242,3.41431945063308,23,1.1213399559444037,-34.97,2,"[429.6000061035156, 659.4000244140625]"
random_walk,1788871885.4858377,32.264738363,0.6861609072350865,0.903,0.0,-0.002162254314535865,0.45501082192991316,0.6972500247639752,3.632930628406193,23,1.0461748973380072,-32.28,2,"[479.0, 623.5999755859375]"
random_walk,1788871885.5359244,32.314824901,0.6031639468208856,0.903,0.0,-0.002162254314535865,0.45605825419728735,0.698620453198421,3.8527486970857225,23,0.9633399347921826,-129.12,2,"[479.0, 623.5999755859375]"
random_walk,1788871885.5857816,32.364682146,0.5345240744305536,0.903,0.0,-0.002162254314535865,0.45679145678444927,0.6995797531025331,4.072107434557687,23,0.8452234141249882,-129.12,2,"[536.0, 567.2000122070312]"
random_walk,1788871885.635772,32.414672658,0.48334132465815205,0.903,0.0,-0.002162254314535865,0.45730469859546263,0.7002512630354115,4.292048887051571,23,0.7439806821245359,-5.38,2,"[536.0, 567.2000122070312]"
random_walk,1788871885.6858237,32.464724347,0.4523002248846317,0.903,0.0,-0.002162254314535865,0.457663967863172,0.7007213199884265,4.51234897297919,23,0.662679700366597,-24.21,2,"[586.4000244140625, 514.0]"
random_walk,1788871885.735835,32.514735553,0.44301606506610736,0.903,0.0,-0.002162254314535865,0.4579154563505685,0.7010503598555369,4.732627325051787,23,0.5890486225480862,-123.74,2,"[586.4000244140625, 514.0]"
random_walk,1788871885.7858129,32.564713534,0.45592963120069746,0.903,0.0,-0.002162254314535865,0.45809149829174606,0.7012806877625142,4.952880304457317,23,0.5292233718205462,-86.08,2,"[610.7999877929688, 453.3999938964844]"
random_walk,1788871885.8358743,32.614775168,0.49046005763918094,0.903,0.0,-0.002162254314535865,0.45821472765057036,0.7014419172973984,5.173404356620146,23,0.48473792897186263,-104.91,2,"[610.7999877929688, 453.3999938964844]"
random_walk,1788871885.8858626,32.66476319,0.5448689394681194,0.903,0.0,-0.002162254314535865,0.45830098820174736,0.7015547779718172,5.3937534484201635,23,0.4678641403051206,-131.81,2,"[627.4000244140625, 394.6000061035156]"
random_walk,1788871885.935911,32.714811656,0.6166343149136391,0.903,0.0,-0.002162254314535865,0.45836137058757126,0.7016337804439104,5.61438871148308,23,0.4678641403051206,-37.66,2,"[627.4000244140625, 394.6000061035156]"
random_walk,1788871885.9857924,32.764692937,0.7195255390833917,0.903,0.0,-0.002162254314535865,0.4048778061828405,0.6520622831999843,5.818860079009617,23,0.483203948183977,-37.66,2,"[634.2000122070312, 380.79998779296875]"
random_walk,1788871886.0357845,32.814685252000004,0.8026904544188,0.903,0.0,-0.002162254314535865,0.367439311099529,0.6173622351292359,6.012790862742598,23,0.516951525517461,2.69,2,"[634.2000122070312, 380.79998779296875]"
random_walk,1788871886.0858092,32.864709961,0.8722147227344207,0.903,0.0,-0.002162254314535865,0.341232364541211,0.5930722014797121,6.199205303276976,23,0.5706408530934585,10.76,2,"[616.4000244140625, 438.3999938964844]"
random_walk,1788871886.135918,32.914818458,0.9321735420207558,0.903,0.0,-0.002162254314535865,0.32288750195038834,0.5760691779250454,0.0972016409920684,24,0.6427379501240836,21.52,2,"[616.4000244140625, 438.3999938964844]"
random_walk,1788871886.1857839,32.964684445,0.9847801976765423,0.903,0.0,-0.002162254314535865,0.3100460981368125,0.5641670614367787,0.27416357222239185,24,0.7209709703062513,61.87,2,"[586.0, 522.4000244140625]"
random_walk,1788871886.2359028,33.014803374,1.031549149235455,0.903,0.0,-0.002162254314535865,0.3010571154673094,0.5558355798949921,0.4491219943952558,24,0.7976700097005334,2.69,2,"[586.0, 522.4000244140625]"
random_walk,1788871886.2858083,33.064708846,1.07250181080457,0.903,0.0,-0.002162254314535865,0.29476482759865724,0.5500035428157415,0.6216488731646166,24,0.8774370106705868,2.69,2,"[544.2000122070312, 578.7999877929688]"
random_walk,1788871886.335931,33.114831503000005,1.1078003858209091,0.903,0.0,-0.002162254314535865,0.29036022609060075,0.545921116860266,0.7934522600957905,24,0.9341942998223555,2.69,2,"[544.2000122070312, 578.7999877929688]"
random_walk,1788871886.3858573,33.164757949000006,1.136808553995005,0.903,0.0,-0.002162254314535865,0.28727700503496123,0.5430634186914332,0.9638703306068237,24,0.9955535313377811,2.69,2,"[516.0, 600.0]"
random_walk,1788871886.4358218,33.214722291,1.1591442171449486,0.903,0.0,-0.002162254314535865,0.2851187502960135,0.5410630299732502,1.1336441939097597,24,1.0400389741864646,26.9,2,"[516.0, 600.0]"
random_walk,1788871886.4858055,33.264705969000005,1.1743551477304717,0.903,0.0,-0.002162254314535865,0.2836079719787501,0.5396627578705221,1.3032433612997352,24,1.0783884938836057,26.9,2,"[504.3999938964844, 618.5999755859375]"
random_walk,1788871886.5371032,33.316003834,1.1821375279899349,0.903,0.0,-0.002162254314535865,0.28255042715666573,0.5386825673986124,1.4766736356657475,24,1.1075341288534328,61.87,2,"[504.3999938964844, 618.5999755859375]"
random_walk,1788871886.5858066,33.364707339,1.1819438517152252,0.903,0.0,-0.002162254314535865,0.28181014578120667,0.5379964340682757,1.6414973555380357,24,1.1351457830353744,72.63,2,"[478.20001220703125, 636.5999755859375]"
random_walk,1788871886.635877,33.414777655,1.1740781685434856,0.903,0.0,-0.002162254314535865,0.2812919488183854,0.5375161407370399,1.8106336893359014,24,1.1520195717021164,78.01,2,"[478.20001220703125, 636.5999755859375]"
random_walk,1788871886.6857939,33.464694415000004,1.1586710615773215,0.903,0.0,-0.002162254314535865,0.2809292109444104,0.537179935405175,1.979120608436375,24,1.1642914180052018,96.84,2,"[459.20001220703125, 644.0]"
random_walk,1788871886.7359166,33.514817332,1.1360272510257228,0.903,0.0,-0.002162254314535865,0.28067529443262795,0.5369445916728695,2.1480920459692925,24,1.1704273411567443,83.39,2,"[459.20001220703125, 644.0]"
random_walk,1788871886.78596,33.564860620000005,1.1068228329340892,0.903,0.0,-0.002162254314535865,0.2804975528743803,0.5367798510602556,2.3168751046743807,24,1.1688933603688585,83.39,2,"[454.3999938964844, 647.5999755859375]"
random_walk,1788871886.835802,33.614702631,1.071980684671481,0.903,0.0,-0.002162254314535865,0.28037313378360684,0.5366645326314259,2.485012859177857,24,1.1596894756415448,-2.69,2,"[454.3999938964844, 647.5999755859375]"
random_walk,1788871886.8858304,33.664731159,1.027480633039545,0.903,0.0,-0.002162254314535865,0.2823896776328777,0.6092987693079432,2.676541477400349,24,1.1428156869748027,-2.69,2,"[455.20001220703125, 645.2000122070312]"
random_walk,1788871886.9358175,33.714718286,0.9731616845080475,0.903,0.0,-0.002162254314535865,0.2838012583273673,0.6601427349815054,2.883910321756616,24,1.1182719943686323,-5.38,2,"[455.20001220703125, 645.2000122070312]"
random_walk,1788871886.985785,33.764685572000005,0.9120070976101995,0.903,0.0,-0.002162254314535865,0.28478936481351,0.695733510952999,3.102362897463024,24,1.0906603401866908,-10.76,2,"[471.20001220703125, 635.0]"
random_walk,1788871887.0359373,33.814837974,0.847572433501288,0.903,0.0,-0.002162254314535865,0.2854810393538099,0.7206470541330443,3.3292734386971006,24,1.0569127628532067,-16.14,2,"[471.20001220703125, 635.0]"
random_walk,1788871887.0858233,33.864723982,0.784448742569183,0.903,0.0,-0.002162254314535865,0.28596521153201987,0.7380865343590761,3.5607644212607283,24,1.012427320004523,-26.9,2,"[493.3999938964844, 612.2000122070312]"
random_walk,1788871887.1359396,33.914840247,0.7263671590845705,0.903,0.0,-0.002162254314535865,0.2863041320567668,0.7502941705172983,3.79688238993225,24,0.9633399347921826,-129.12,2,"[493.3999938964844, 612.2000122070312]"
random_walk,1788871887.1858168,33.964717413,0.6775818123647779,0.903,0.0,-0.002162254314535865,0.28654137642408967,0.7588395158280539,4.034885834338269,24,0.8897088569736719,-129.12,2,"[518.2000122070312, 579.4000244140625]"
random_walk,1788871887.2358181,34.014718630000004,0.6411130412328014,0.903,0.0,-0.002162254314535865,0.2867074474812157,0.7648212575455828,4.275063337289566,24,0.8206797215188181,-2.69,2,"[518.2000122070312, 579.4000244140625]"
random_walk,1788871887.2857783,34.064678924,0.6194948085516749,0.903,0.0,-0.002162254314535865,0.2868236972212039,0.7690084767478531,4.5165848391698376,24,0.7639224323670493,-13.45,2,"[565.0, 535.2000122070312]"
random_walk,1788871887.3357644,34.114664893000004,0.6142448790236927,0.903,0.0,-0.002162254314535865,0.28690507203919563,0.7719395301894423,4.759044761510495,24,0.7148350471547088,-51.11,2,"[565.0, 535.2000122070312]"