mode,t_ros_sec,t_rel_sec,tail_target_rad,center_rad,tail_amp_rad,tail_freq_hz,phase_rad,real_position_rad,present_current_ma,sensor_values
amp_sweep,1790079015.0473168,0.04933138,0.9186067793887727,0.903,0.10137432318440001,0.5,0.15456671669818034,0.6580777580029401,-24.21,"[663.5999755859375, 578.2000122070312]"
amp_sweep,1790079015.0971863,0.09920099800000001,0.9344853554044588,0.903,0.10276861004280001,0.5,0.3113786982499548,0.6519418348513975,-24.21,"[663.5999755859375, 578.2000122070312]"
amp_sweep,1790079015.1472807,0.14929519200000002,0.95003879033311,0.903,0.10416591833813334,0.5,0.46853049331269736,0.6902913545485385,61.87,"[673.0, 576.4000244140625]"
amp_sweep,1790079015.1971862,0.199200804,0.9648048961028002,0.903,0.1055614386208,0.5,0.6254811950296837,0.7731263170943632,16.14,"[673.0, 576.4000244140625]"
amp_sweep,1790079015.2471993,0.24921389300000002,0.9784241247583463,0.903,0.10695899510380001,0.5,0.7826609031431535,0.868233125943273,8.07,"[594.7999877929688, 617.4000244140625]"
amp_sweep,1790079015.2972527,0.2992674,0.9904965645191941,0.903,0.10835686932846668,0.5,0.9398763468730579,0.9219224535192704,2.69,"[594.7999877929688, 617.4000244140625]"
amp_sweep,1790079015.3472493,0.34926377200000003,1.000658951799614,0.903,0.10975319694033334,0.5,1.0969178469009182,0.9480001269133262,10.76,"[536.7999877929688, 610.7999877929688]"
amp_sweep,1790079015.397191,0.399205499,1.0086135675864534,0.903,0.11114878954240001,0.5,1.2538766822012848,0.9710098387316108,0.0,"[536.7999877929688, 610.7999877929688]"
amp_sweep,1790079015.447258,0.449272577,1.0141143308134655,0.903,0.11254662865486667,0.5,1.4110881769492236,0.9863496466104673,13.45,"[529.0, 630.4000244140625]"
amp_sweep,1790079015.497306,0.49932089,1.0169441202247045,0.903,0.1139444751138,0.5,1.5683004979360302,0.9909515889741242,5.38,"[529.0, 630.4000244140625]"
amp_sweep,1790079015.5473776,0.5493921500000001,1.0169639082876347,0.903,0.11534299300626667,0.5,1.7255883333854511,1.0032234352772094,5.38,"[502.6000061035156, 609.2000122070312]"
amp_sweep,1790079015.5971544,0.599169044,1.0141240629998327,0.903,0.11673451354286668,0.5,1.8820891935919626,1.009359358428752,0.0,"[502.6000061035156, 609.2000122070312]"
amp_sweep,1790079015.6473258,0.649340338,1.0083934829173888,0.903,0.11813420765213334,0.5,2.039509315224841,1.012427320004523,5.38,"[501.0, 630.7999877929688]"
amp_sweep,1790079015.697372,0.6993864590000001,0.9998723997166825,0.903,0.11953190296380001,0.5,2.196704637053799,1.012427320004523,0.0,"[501.0, 630.7999877929688]"
amp_sweep,1790079015.7473733,0.749387896,0.9887100911107195,0.903,0.12092915131420001,0.5,2.353849690258707,1.0108933392166375,0.0,"[495.20001220703125, 606.4000244140625]"
amp_sweep,1790079015.797359,0.7993735700000001,0.9751291949873193,0.903,0.1223261951926,0.5,2.5109717470053905,1.009359358428752,-45.73,"[495.20001220703125, 606.4000244140625]"
amp_sweep,1790079015.8473897,0.8494043050000001,0.9594121007590412,0.903,0.12372374742973334,0.5,2.668150977596777,1.004757416065095,-10.76,"[503.3999938964844, 619.2000122070312]"
amp_sweep,1790079015.8973882,0.899402625,0.941926911386437,0.903,0.12512037214053334,0.5,2.8252258916041013,0.9940195505498954,-29.59,"[503.3999938964844, 619.2000122070312]"
amp_sweep,1790079015.9471638,0.9491784070000001,0.9231423197468219,0.903,0.12651164638893334,0.5,2.981699052388186,0.9786797426710391,-29.59,"[499.20001220703125, 598.7999877929688]"
amp_sweep,1790079015.9971461,0.9991608980000001,0.903370676390461,0.903,0.12790756583893334,0.5,3.138694647464192,0.9648739155800683,-34.97,"[499.20001220703125, 598.7999877929688]"
amp_sweep,1790079016.0472844,1.049299027,0.8830948834148575,0.903,0.12930751500746668,0.5,3.2961434549795903,0.9495341077012119,-21.52,"[527.2000122070312, 600.0]"
amp_sweep,1790079016.0974205,1.0994349300000001,0.8628978541916408,0.903,0.1307060569226,0.5,3.4534339921986934,0.9326603190344698,-21.52,"[527.2000122070312, 600.0]"
amp_sweep,1790079016.1473932,1.149407783,0.843291329201881,0.903,0.13210332775933334,0.5,3.6105815743856877,0.9127185687919565,-18.83,"[533.7999877929688, 591.0]"
amp_sweep,1790079016.19746,1.199474264,0.8247548938020393,0.903,0.1335014830212667,0.5,3.7678286256792797,0.8943107993373288,-16.14,"[533.7999877929688, 591.0]"
amp_sweep,1790079016.2473943,1.249408886,0.8078264806703281,0.903,0.134896838609,0.5,3.9247608045659805,0.8759030298827011,-16.14,"[553.2000122070312, 582.4000244140625]"
amp_sweep,1790079016.2973635,1.2993781180000001,0.7929197265663376,0.903,0.13629304158233335,0.5,4.081788286807421,0.8574952604280734,-13.45,"[553.2000122070312, 582.4000244140625]"
amp_sweep,1790079016.3471637,1.3491783270000002,0.7804984343255321,0.903,0.13768494586706667,0.5,4.238332306213807,0.8329515678219032,-13.45,"[578.0, 580.0]"
amp_sweep,1790079016.3971648,1.399179361,0.7708508214589876,0.903,0.1390809832516,0.5,4.395341165093996,0.8145437983672754,-5.38,"[578.0, 580.0]"
amp_sweep,1790079016.4472294,1.4492438010000002,0.7643098427274782,0.903,0.14047938491346668,0.5,4.552615928376386,0.7992039904884191,-5.38,"[599.0, 577.7999877929688]"
amp_sweep,1790079016.4973178,1.499332343,0.7611228306950577,0.903,0.1418776187798,0.5,4.709871820111705,0.7838641826095626,-8.07,"[599.0, 577.7999877929688]"
amp_sweep,1790079016.5473773,1.549391951,0.7614371743328391,0.903,0.14327661659486668,0.5,4.867213631264508,0.7731263170943632,-16.14,"[614.2000122070312, 585.7999877929688]"
amp_sweep,1790079016.600017,1.602031492,0.7656038226663723,0.903,0.14474554299593334,0.5,5.032420136882234,0.7639224323670493,0.0,"[614.2000122070312, 585.7999877929688]"
amp_sweep,1790079016.6472797,1.649294169,0.7726834076219546,0.903,0.1460671772934667,0.5,5.181061065278285,0.760854470791278,0.0,"[612.5999755859375, 572.2000122070312]"
amp_sweep,1790079016.6973212,1.699335717,0.7834812409006804,0.903,0.14746430301653335,0.5,5.338192326891443,0.7623884515791637,0.0,"[612.5999755859375, 572.2000122070312]"
amp_sweep,1790079016.7471683,1.749182999,0.7974452456511752,0.903,0.1488582901502667,0.5,5.494970599154044,0.7623884515791637,0.0,"[604.7999877929688, 584.2000122070312]"
amp_sweep,1790079016.7971497,1.7991641010000001,0.814334800035108,0.903,0.15025453337553335,0.5,5.652002608430498,0.7639224323670493,16.14,"[604.7999877929688, 584.2000122070312]"
amp_sweep,1790079016.8471391,1.8491537160000002,0.8337649275730253,0.903,0.15165119062866667,0.5,5.809081182393264,0.7715923363064775,18.83,"[599.5999755859375, 576.2000122070312]"
amp_sweep,1790079016.8972225,1.8992369670000002,0.8553196791809525,0.903,0.15304978494673335,0.5,5.966377613240185,0.7838641826095626,24.21,"[599.5999755859375, 576.2000122070312]"
amp_sweep,1790079016.9471598,1.9491741580000002,0.8784106219483057,0.903,0.15444499715266669,0.5,6.123293666331795,0.7976700097005334,18.83,"[586.2000122070312, 579.5999755859375]"
amp_sweep,1790079016.997314,1.9993283910000001,0.9026175446269517,0.903,0.15584484631986667,0.5,6.280731226945494,0.8160777791551611,16.14,"[586.2000122070312, 579.5999755859375]"
amp_sweep,1790079017.0473692,2.049383996,0.9272457795601226,0.903,0.157243157785,0.5,0.15481053884561824,0.8360195293976744,2.69,"[573.5999755859375, 591.0]"
amp_sweep,1790079017.0973978,2.0994124060000003,0.9516944636189852,0.903,0.15864066541260002,0.5,0.3119847523135366,0.8559612796401878,5.38,"[573.5999755859375, 591.0]"
amp_sweep,1790079017.1471384,2.149153079,0.9752377216754775,0.903,0.16003082291426668,0.5,0.4683323153649237,0.885106914610015,5.38,"[540.7999877929688, 607.5999755859375]"
amp_sweep,1790079017.1971734,2.1991879350000003,0.9975125321828662,0.903,0.1614280010402667,0.5,0.6254694706059007,0.9081166264282996,2.69,"[540.7999877929688, 607.5999755859375]"
amp_sweep,1790079017.24733,2.249344389,1.0178540156269562,0.903,0.16282818018393336,0.5,0.7829441428536157,0.9311263382465842,2.69,"[557.0, 586.5999755859375]"
amp_sweep,1790079017.2971785,2.299193099,1.03558521992572,0.903,0.16422158376240004,0.5,0.9396567841040913,0.9556700308527545,2.69,"[557.0, 586.5999755859375]"
amp_sweep,1790079017.3471515,2.349165918,1.050353025587351,0.903,0.16561812056700004,0.5,1.096721811519334,0.9786797426710391,2.69,"[522.4000244140625, 592.5999755859375]"
amp_sweep,1790079017.397321,2.399335724,1.0617163874779885,0.903,0.16701814968073336,0.5,1.2541796102729066,0.9986214929135524,5.38,"[522.4000244140625, 592.5999755859375]"
amp_sweep,1790079017.4471633,2.4491777160000003,1.0692636121703285,0.903,0.16841169289793334,0.5,1.4109079563450573,1.01702926236818,10.76,"[508.0, 598.2000122070312]"
amp_sweep,1790079017.4973154,2.499330077,1.072810947685873,0.903,0.16981146144953335,0.5,1.5683364503223576,1.0354370318228079,16.14,"[508.0, 598.2000122070312]"
amp_sweep,1790079017.5471542,2.549168777,1.072172161258179,0.903,0.17120482553026667,0.5,1.7250446493608216,1.05231082048955,16.14,"[489.3999938964844, 601.7999877929688]"
amp_sweep,1790079017.597146,2.599160431,1.0673051091689527,0.903,0.1726012958814667,0.5,1.8821022029271415,1.0615147052168636,26.9,"[489.3999938964844, 601.7999877929688]"
amp_sweep,1790079017.6471353,2.649149891,1.0582585658978916,0.903,0.17399790229593334,0.5,2.039175059191278,1.0661166475805206,0.0,"[499.79998779296875, 611.7999877929688]"
amp_sweep,1790079017.6971583,2.6991727400000003,1.045186542179538,0.903,0.17539502813073335,0.5,2.1963063333708064,1.0661166475805206,0.0,"[499.79998779296875, 611.7999877929688]"
amp_sweep,1790079017.7471442,2.7491588780000003,1.0283667294493155,0.903,0.17679127998740002,0.5,2.35333931339939,1.0661166475805206,-34.97,"[486.3999938964844, 610.4000244140625]"
amp_sweep,1790079017.7973077,2.7993223310000004,1.0080944776064982,0.903,0.17819134178313334,0.5,2.5108007878163683,1.0584467436410925,-24.21,"[486.3999938964844, 610.4000244140625]"
amp_sweep,1790079017.847404,2.8494184590000002,0.9848840273931164,0.903,0.17959044814713335,0.5,2.6681548071982224,1.0492428589137786,-2.69,"[483.20001220703125, 606.0]"
amp_sweep,1790079017.897348,2.899362448,0.9593433578468058,0.903,0.18098517626840002,0.5,2.825016416489145,1.0369710126106935,-10.76,"[483.20001220703125, 606.0]"
amp_sweep,1790079017.9471598,2.949174299,0.9320456104706741,0.903,0.18237788589906667,0.5,2.9816510111533265,1.0139613007924089,-10.76,"[488.6000061035156, 605.0]"
amp_sweep,1790079017.9971378,2.9991524640000002,0.9035280777784588,0.903,0.18377445027386669,0.5,3.1387191393205196,0.9940195505498954,-40.35,"[488.6000061035156, 605.0]"
amp_sweep,1790079018.0473404,3.049354892,0.8744737065527153,0.903,0.1851752076654667,0.5,3.296258845677757,0.9710098387316108,-43.04,"[481.0, 593.7999877929688]"
amp_sweep,1790079018.097338,3.09935257,0.8457764837579848,0.903,0.18657177796213337,0.5,3.453327639862591,0.9480001269133262,-45.73,"[481.0, 593.7999877929688]"
amp_sweep,1790079018.1473284,3.149343038,0.818070974420713,0.903,0.1879684140138667,0.5,3.6104038293565317,0.9203884727313847,-34.97,"[541.2000122070312, 592.4000244140625]"
amp_sweep,1790079018.1973228,3.199337442,0.7920706776637555,0.903,0.18936483268840001,0.5,3.767455570976443,0.8943107993373288,-24.21,"[541.2000122070312, 592.4000244140625]"
amp_sweep,1790079018.2473853,3.2493998570000002,0.7684088418422437,0.903,0.19076363927186668,0.5,3.9247758747859383,0.8666991451553873,-26.9,"[564.7999877929688, 574.5999755859375]"
amp_sweep,1790079018.2973483,3.2993628090000002,0.7478088015866406,0.903,0.19215888918780002,0.5,4.08169616902763,0.8375535101855601,-16.14,"[564.7999877929688, 574.5999755859375]"
amp_sweep,1790079018.3472311,3.349245713,0.7307703121671937,0.903,0.19355366543820002,0.5,4.2385631912826955,0.8007379712763046,-16.14,"[591.5999755859375, 573.7999877929688]"
amp_sweep,1790079018.3971124,3.399127034,0.7177681405382728,0.903,0.19494770287986668,0.5,4.395347121553666,0.77772825945802,-10.76,"[591.5999755859375, 573.7999877929688]"
amp_sweep,1790079018.4471478,3.449162507,0.7091594692249897,0.903,0.1963449980744667,0.5,4.552497443209454,0.7562525284276211,-2.69,"[616.7999877929688, 568.2000122070312]"
amp_sweep,1790079018.4972847,3.499299167,0.7052564101038616,0.903,0.19774422002660003,0.5,4.709864462501709,0.7378447589729934,-2.69,"[616.7999877929688, 568.2000122070312]"
amp_sweep,1790079018.5473669,3.549381438,0.7062381467819925,0.903,0.19914303778340003,0.5,4.8671860229482675,0.722504951094137,-13.45,"[626.2000122070312, 566.5999755859375]"
amp_sweep,1790079018.5973866,3.599401261,0.7121383928377878,0.903,0.20054036462646668,0.5,5.0243399040285315,0.7117670855789375,0.0,"[626.2000122070312, 566.5999755859375]"
amp_sweep,1790079018.6473048,3.6493194040000003,0.7228523214204496,0.903,0.2019350626076667,0.5,5.181198123540982,0.7071651432152806,-5.38,"[643.7999877929688, 563.7999877929688]"
amp_sweep,1790079018.6973643,3.699378818,0.738228091643271,0.903,0.20333306577260002,0.5,5.338428068862575,0.7071651432152806,-10.76,"[643.7999877929688, 563.7999877929688]"
amp_sweep,1790079018.7471857,3.749200302,0.7578506211995721,0.903,0.20472625655493337,0.5,5.495116777460215,0.7071651432152806,-10.76,"[627.7999877929688, 563.2000122070312]"
amp_sweep,1790079018.7971206,3.799135296,0.7813652215273922,0.903,0.2061210533642667,0.5,5.651986111927473,0.7117670855789375,8.07,"[627.7999877929688, 563.2000122070312]"
amp_sweep,1790079018.847131,3.849145646,0.8082491363503762,0.903,0.20751734835000002,0.5,5.809023942575113,0.7240389318820226,10.76,"[620.4000244140625, 558.7999877929688]"
amp_sweep,1790079018.8971477,3.8991623960000004,0.8378773326010888,0.903,0.20891472818260004,0.5,5.966183783256641,0.7409127205487647,29.59,"[620.4000244140625, 558.7999877929688]"
amp_sweep,1790079018.947326,3.949340561,0.8695945902302822,0.903,0.21031505137846668,0.5,6.123674656697672,0.760854470791278,29.59,"[602.4000244140625, 577.7999877929688]"
amp_sweep,1790079018.9972587,3.999273178,0.9024570175327781,0.903,0.2117105290348667,0.5,6.280620564344268,0.7838641826095626,24.21,"[602.4000244140625, 577.7999877929688]"
amp_sweep,1790079019.047398,4.049412456000001,0.9358650068253604,0.903,0.2131100335326667,0.5,0.15483405366662772,0.8099418560036186,13.45,"[575.7999877929688, 603.2000122070312]"
amp_sweep,1790079019.097302,4.099316344,0.9687734948476023,0.903,0.21450436064300002,0.5,0.3116505622534156,0.8406214717613314,5.38,"[575.7999877929688, 603.2000122070312]"
amp_sweep,1790079019.147133,4.149147518,1.0004582646408045,0.903,0.21589759793433333,0.5,0.46834450160282337,0.8820389530342436,5.38,"[580.0, 595.7999877929688]"
amp_sweep,1790079019.197124,4.199138535,1.030218255566151,0.903,0.2172945217552667,0.5,0.6254530557842823,0.9142525495798421,2.69,"[580.0, 595.7999877929688]"
amp_sweep,1790079019.247261,4.24927556,1.0572354360015355,0.903,0.2186934568320667,0.5,0.7827878109199844,0.944932165337555,2.69,"[544.7999877929688, 593.4000244140625]"
amp_sweep,1790079019.2972047,4.299219310000001,1.080704100970599,0.903,0.22008919859813336,0.5,0.9397634223251217,0.9756117810952678,5.38,"[544.7999877929688, 593.4000244140625]"
amp_sweep,1790079019.3474157,4.349430323,1.100136328944647,0.903,0.22149114103346668,0.5,1.097436407609095,1.004757416065095,8.07,"[523.5999755859375, 591.0]"
amp_sweep,1790079019.397322,4.399336518,1.114806708670634,0.903,0.22288487905773335,0.5,1.2541866631484115,1.033903051034922,13.45,"[523.5999755859375, 591.0]"
amp_sweep,1790079019.4474034,4.449418059,1.1244466144298957,0.903,0.2242841475188667,0.5,1.4115589131924349,1.0584467436410925,21.52,"[489.6000061035156, 609.7999877929688]"
amp_sweep,1790079019.4972856,4.499300111,1.128676709360661,0.903,0.22567743603993337,0.5,1.5682586142227706,1.0799224746714913,37.66,"[489.6000061035156, 609.7999877929688]"
amp_sweep,1790079019.54721,4.549224638,1.1273719227775294,0.903,0.22707272352620003,0.5,1.7251831339065813,1.0998642249140047,37.66,"[483.6000061035156, 621.0]"
amp_sweep,1790079019.5971465,4.599160959000001,1.1204866874024941,0.903,0.22846793696120002,0.5,1.8820993252282676,1.1121360712170898,48.42,"[483.6000061035156, 621.0]"
amp_sweep,1790079019.647292,4.649306553000001,1.1080748165523244,0.903,0.22986768992600004,0.5,2.039526066196867,1.1198059751565181,67.25,"[473.20001220703125, 633.7999877929688]"
amp_sweep,1790079019.6971407,4.6991550680000005,1.090485442621557,0.903,0.2312610170788667,0.5,2.1962301120498413,1.1213399559444037,2.69,"[473.20001220703125, 633.7999877929688]"
amp_sweep,1790079019.7473812,4.749395615,1.0678836289532923,0.903,0.2326635492706667,0.5,2.3539694257795105,1.1182719943686323,0.0,"[472.3999938964844, 637.5999755859375]"
amp_sweep,1790079019.7972376,4.799252111,1.0410812968302152,0.903,0.23405619250380003,0.5,2.5105965528779546,1.1075341288534328,-5.38,"[472.3999938964844, 637.5999755859375]"
amp_sweep,1790079019.8473434,4.849357983,1.0104056264241634,0.903,0.23545498308146667,0.5,2.6679150565548593,1.0952622825503477,-2.69,"[469.0, 638.2000122070312]"
amp_sweep,1790079019.89741,4.8994244590000005,0.9767186439479638,0.903,0.23685251612840003,0.5,2.825092128872093,1.0783884938836057,-2.69,"[469.0, 638.2000122070312]"
amp_sweep,1790079019.947301,4.94931546,0.9408653263092501,0.903,0.2382475053704667,0.5,2.9819831057711426,1.05231082048955,-2.69,"[479.3999938964844, 637.5999755859375]"
amp_sweep,1790079019.9972327,4.999247299,0.9036538841774008,0.903,0.2396424055610667,0.5,3.138864067272811,1.0246991663076084,-43.04,"[479.3999938964844, 637.5999755859375]"
amp_sweep,1790079020.0471551,5.049169719,0.8659655622948085,0.903,0.24103823176960004,0.5,3.29584917571254,0.9955535313377811,-64.56,"[482.3999938964844, 626.5999755859375]"
amp_sweep,1790079020.0971563,5.09917071,0.8287344672109371,0.903,0.24243490793360004,0.5,3.4529298765335312,0.9648739155800683,-64.56,"[482.3999938964844, 626.5999755859375]"
amp_sweep,1790079020.1472588,5.14927323,0.7928735943225967,0.903,0.24383328937173335,0.5,3.6102023653028397,0.9295923574586985,-40.35,"[526.4000244140625, 613.7999877929688]"
amp_sweep,1790079020.1973717,5.199386385,0.7593041496649545,0.903,0.24523324370793337,0.5,3.7676517540128778,0.8943107993373288,-37.66,"[526.4000244140625, 613.7999877929688]"
amp_sweep,1790079020.2474022,5.249416704000001,0.7289834033908955,0.903,0.24663076438040002,0.5,3.924827434604566,0.8574952604280734,-26.9,"[571.2000122070312, 616.4000244140625]"
amp_sweep,1790079020.2972956,5.299309932,0.7027100641140773,0.903,0.24802438240306668,0.5,4.081564193861844,0.8191457407309324,-2.69,"[571.2000122070312, 616.4000244140625]"
amp_sweep,1790079020.3471465,5.349161177,0.6810860695171346,0.903,0.24941832045793333,0.5,4.238336946346152,0.7731263170943632,-2.69,"[612.2000122070312, 583.2000122070312]"
amp_sweep,1790079020.3971436,5.399158174,0.6646854388600603,0.903,0.2508144033458667,0.5,4.395350922880773,0.7409127205487647,-8.07,"[612.2000122070312, 583.2000122070312]"
amp_sweep,1790079020.44725,5.449264224,0.6539971185433489,0.903,0.25221317138133337,0.5,4.552666891292407,0.7163690279425944,-21.52,"[633.5999755859375, 584.4000244140625]"
amp_sweep,1790079020.4973552,5.499369795000001,0.6493888171635938,0.903,0.25361191841093333,0.5,4.709980497226365,0.6933593161243098,-2.69,"[633.5999755859375, 584.4000244140625]"
amp_sweep,1790079020.54738,5.549394607,0.6510410883464789,0.903,0.25501017079706667,0.5,4.867238471837613,0.6718835850939109,-5.38,"[657.5999755859375, 601.7999877929688]"
amp_sweep,1790079020.597366,5.5993806280000005,0.6589629739149729,0.903,0.2564063897482667,0.5,5.024267751070052,0.6580777580029401,-16.14,"[657.5999755859375, 601.7999877929688]"
amp_sweep,1790079020.6473029,5.649317385000001,0.6730054487533842,0.903,0.2578010878970667,0.5,5.181125989432058,0.6519418348513975,0.0,"[668.5999755859375, 574.7999877929688]"
amp_sweep,1790079020.6973414,5.699356098,0.6929320130387471,0.903,0.25919824110653333,0.5,5.3382603423723864,0.6519418348513975,0.0,"[668.5999755859375, 574.7999877929688]"
amp_sweep,1790079020.7471647,5.749179305,0.718207699806328,0.903,0.26059122590846673,0.5,5.4949258848658005,0.6550097964271688,0.0,"[658.5999755859375, 571.2000122070312]"
amp_sweep,1790079020.7970996,5.799114209000001,0.7483769821808984,0.903,0.2619868330358667,0.5,5.651886353794346,0.662679700366597,13.45,"[658.5999755859375, 571.2000122070312]"
amp_sweep,1790079020.8471694,5.849183863,0.7827739624821259,0.903,0.26338529411193334,0.5,5.80916779924431,0.6780195082454534,16.14,"[643.7999877929688, 575.5999755859375]"
amp_sweep,1790079020.8972774,5.899291875,0.8205259433271526,0.903,0.26478365697440004,0.5,5.9664381988545045,0.6979612584879668,16.14,"[643.7999877929688, 575.5999755859375]"
amp_sweep,1790079020.9473407,5.9493552,0.8607173104449596,0.903,0.26618159242893336,0.5,6.123660528955504,0.722504951094137,40.35,"[619.7999877929688, 580.2000122070312]"
amp_sweep,1790079020.997332,5.999346635,0.9023340576269602,0.903,0.26757787110160003,0.5,6.280696524913036,0.7501166052760785,26.9,"[619.7999877929688, 580.2000122070312]"
amp_sweep,1790079021.0473413,6.049355972000001,0.9444397070514893,0.903,0.2689753407957334,0.5,0.15468116491854644,0.7838641826095626,34.97,"[604.0, 593.2000122070312]"
amp_sweep,1790079021.0974169,6.099431257,0.9859523185799182,0.903,0.27037268280660004,0.5,0.3118367518836216,0.8206797215188181,5.38,"[604.0, 593.2000122070312]"
amp_sweep,1790079021.1471431,6.149157515000001,1.0256883206549066,0.903,0.27176467226006673,0.5,0.4683903500060076,0.8728350683069298,5.38,"[576.2000122070312, 600.2000122070312]"
amp_sweep,1790079021.1972644,6.199279150000001,1.062975946714488,0.903,0.2731631395652667,0.5,0.6256724960311324,0.9157865303677277,2.69,"[576.2000122070312, 600.2000122070312]"
amp_sweep,1790079021.2472277,6.249242328,1.0966259848417244,0.903,0.27455968553200005,0.5,0.7827385538887661,0.9541360500648688,2.69,"[542.4000244140625, 599.2000122070312]"
amp_sweep,1790079021.2973108,6.299325478,1.1258537400451258,0.903,0.2759580549588,0.5,0.9400096917732341,0.9940195505498954,8.07,"[542.4000244140625, 599.2000122070312]"
amp_sweep,1790079021.347334,6.349348462,1.149819569962425,0.903,0.27735513372593334,0.5,1.0971356723691414,1.0323690702470365,16.14,"[512.2000122070312, 625.0]"
amp_sweep,1790079021.3975294,6.399544027,1.1679459376156376,0.903,0.27875615483613336,0.5,1.254705038502621,1.064582666792635,29.59,"[512.2000122070312, 625.0]"
amp_sweep,1790079021.4472942,6.449308968,1.179586589286595,0.903,0.28014749249320003,0.5,1.411185330702029,1.0937283017624622,45.73,"[513.0, 626.4000244140625]"
amp_sweep,1790079021.4973483,6.499362789,1.1845443183341857,0.903,0.28154514322326674,0.5,1.5683756385491137,1.1198059751565181,64.56,"[513.0, 626.4000244140625]"
amp_sweep,1790079021.5471444,6.549158912,1.1825798754387313,0.903,0.28293791332960005,0.5,1.7250170347613896,1.1474176293384597,64.56,"[471.6000061035156, 640.0]"
amp_sweep,1790079021.5971477,6.599162425,1.173669069330338,0.903,0.28433449829126667,0.5,1.8820874782823687,1.162757437217316,75.32,"[471.6000061035156, 640.0]"
amp_sweep,1790079021.6471403,6.649154764,1.1579540007733526,0.903,0.28573155666706673,0.5,2.0392111655156384,1.1719613219446299,75.32,"[450.3999938964844, 655.5999755859375]"
amp_sweep,1790079021.697345,6.699359828,1.1357074261957922,0.903,0.2871315310314667,0.5,2.196662806747611,1.175029283520401,53.8,"[450.3999938964844, 655.5999755859375]"
amp_sweep,1790079021.747422,6.749436698,1.107468126367422,0.903,0.28853053152813335,0.5,2.354004919493306,1.1734953027325155,0.0,"[447.79998779296875, 660.0]"
amp_sweep,1790079021.797313,6.799327335,1.0739965582196132,0.903,0.2899245391090667,0.5,2.5107854914017302,1.162757437217316,-2.69,"[447.79998779296875, 660.0]"
amp_sweep,1790079021.8472555,6.849270099000001,1.0359371059234364,0.903,0.29132000416753334,0.5,2.667729982190039,1.145883648550574,-2.69,"[441.6000061035156, 657.4000244140625]"
amp_sweep,1790079021.8973174,6.899332015000001,0.9941573638540504,0.903,0.29271754847160003,0.5,2.8249083205691115,1.1228739367322893,-8.07,"[441.6000061035156, 657.4000244140625]"
amp_sweep,1790079021.9472754,6.949290061,0.949762969784682,0.903,0.2941135996552,0.5,2.981918731396071,1.0891263593988052,-8.07,"[444.79998779296875, 666.2000122070312]"
amp_sweep,1790079021.997152,6.999166638,0.9038499188505779,0.903,0.29550776031080006,0.5,3.1387165192322364,1.055378782065321,-43.04,"[444.79998779296875, 666.2000122070312]"
amp_sweep,1790079022.0472252,7.049239672000001,0.8573597331532344,0.903,0.2969055671602667,0.5,3.29592438544066,1.01702926236818,-48.42,"[469.3999938964844, 651.4000244140625]"
amp_sweep,1790079022.0974586,7.099473222,0.811399002443069,0.903,0.29830845206626666,0.5,3.453703368060765,0.9786797426710391,-94.14999999999999,"[469.3999938964844, 651.4000244140625]"
amp_sweep,1790079022.1473682,7.149382898000001,0.7675458725902883,0.903,0.29970309303553333,0.5,3.6105551755826077,0.9372622613981267,-67.25,"[520.7999877929688, 633.2000122070312]"
amp_sweep,1790079022.1974156,7.199430152000001,0.7265365479159515,0.903,0.3011010593843334,0.5,3.7677809802850852,0.8897088569736719,-26.9,"[520.7999877929688, 633.2000122070312]"
amp_sweep,1790079022.2473977,7.249412394,0.6895740407940997,0.903,0.30249707713173335,0.5,3.924787630625641,0.8452234141249882,-18.83,"[597.4000244140625, 636.2000122070312]"
amp_sweep,1790079022.297392,7.299406652,0.6575458403848624,0.903,0.3038934143526667,0.5,4.081830211361375,0.8007379712763046,-26.9,"[597.4000244140625, 636.2000122070312]"
amp_sweep,1790079022.3472111,7.349225797000001,0.6313535899559488,0.903,0.30528658496713335,0.5,4.2385166517291175,0.7455146629124216,-26.9,"[628.5999755859375, 606.0]"
amp_sweep,1790079022.397136,7.399150501,0.6116004976201452,0.903,0.3066812838701334,0.5,4.395374974914127,0.7086991240031663,-16.14,"[628.5999755859375, 606.0]"
amp_sweep,1790079022.4473732,7.4493878030000005,0.5988265399384263,0.903,0.3080821495034,0.5,4.552926854942896,0.6749515466696822,-16.14,"[659.7999877929688, 592.2000122070312]"
amp_sweep,1790079022.4972942,7.499308679,0.5935232138943356,0.903,0.3094777546754667,0.5,4.709887103959957,0.6458059116998549,-2.69,"[659.7999877929688, 592.2000122070312]"
amp_sweep,1790079022.5473835,7.549398226,0.5958421289821252,0.903,0.3108766669307334,0.5,4.867219292414461,0.6227961998815703,-16.14,"[672.2000122070312, 579.0]"
amp_sweep,1790079022.5973885,7.59940288,0.6057966524875051,0.903,0.3122735925114667,0.5,5.024328044516256,0.6059224112148283,-32.28,"[672.2000122070312, 579.0]"
amp_sweep,1790079022.647336,7.649350519,0.6231726277407701,0.903,0.3136682891239334,0.5,5.1811861100906675,0.5982525072754,-16.14,"[693.7999877929688, 569.0]"
amp_sweep,1790079022.697431,7.699445685000001,0.6477067347393028,0.903,0.3150675154895334,0.5,5.33855362575456,0.5982525072754,-10.76,"[693.7999877929688, 569.0]"
amp_sweep,1790079022.7471495,7.74916388,0.6785988210277953,0.903,0.31645820785866674,0.5,5.494961344022077,0.6013204688511713,-10.76,"[675.2000122070312, 535.4000244140625]"
amp_sweep,1790079022.7971256,7.799139929000001,0.7154302963295164,0.903,0.31785440094360007,0.5,5.651987714139718,0.6120583343663708,5.38,"[675.2000122070312, 535.4000244140625]"
amp_sweep,1790079022.8473697,7.849384066000001,0.757395016213876,0.903,0.31925584099793336,0.5,5.809604197879818,0.6289321230331129,18.83,"[667.2000122070312, 545.5999755859375]"
amp_sweep,1790079022.897157,7.899171453,0.803040845592675,0.903,0.32064785251873335,0.5,5.9661602778604,0.6519418348513975,34.97,"[667.2000122070312, 545.5999755859375]"
amp_sweep,1790079022.9473162,7.949330566,0.851839736131392,0.903,0.3220481689826667,0.5,6.123650394177599,0.6826214506091103,29.59,"[656.2000122070312, 552.7999877929688]"
amp_sweep,1790079022.9972882,7.999302967,0.9021855745631315,0.903,0.32344427815586674,0.5,6.280667326950908,0.7194369895183657,43.04,"[656.2000122070312, 552.7999877929688]"
amp_sweep,1790079023.047249,8.049263533000001,0.9529792352346514,0.903,0.3248401434710667,0.5,0.15447152644076567,0.760854470791278,32.28,"[629.7999877929688, 591.0]"
amp_sweep,1790079023.0973728,8.099387334000001,1.0030791816649176,0.903,0.3262389679877334,0.5,0.31179384715274594,0.8053399136399616,5.38,"[629.7999877929688, 591.0]"
amp_sweep,1790079023.1472063,8.149220855000001,1.050943470534319,0.903,0.32763236234820003,0.5,0.4685054516776468,0.868233125943273,5.38,"[586.4000244140625, 613.2000122070312]"
amp_sweep,1790079023.197138,8.199152553000001,1.095617554736141,0.903,0.3290273118690667,0.5,0.6253919612319407,0.9157865303677277,5.38,"[586.4000244140625, 613.2000122070312]"
amp_sweep,1790079023.247329,8.249343446000001,1.1360604940315353,0.903,0.33042768355720004,0.5,0.7828882884778174,0.9648739155800683,2.69,"[560.4000244140625, 635.0]"
amp_sweep,1790079023.2971628,8.299177398000001,1.1708861016331071,0.903,0.33182106154873336,0.5,0.9395980520294209,1.012427320004523,8.07,"[560.4000244140625, 635.0]"
amp_sweep,1790079023.3473477,8.34936244,1.1995356093913527,0.903,0.3332218028228001,0.5,1.0971359456876968,1.0569127628532067,16.14,"[506.79998779296875, 620.0]"
amp_sweep,1790079023.397303,8.399317652,1.2209828454687544,0.903,0.33461792403526674,0.5,1.2541542324874406,1.0967962633382335,56.49,"[506.79998779296875, 620.0]"
amp_sweep,1790079023.4471986,8.449213064,1.234729136387995,0.903,0.33601215726166667,0.5,1.41096018218132,1.1320778214596032,64.56,"[475.0, 639.5999755859375]"
amp_sweep,1790079023.4973502,8.499364906,1.240411687825937,0.903,0.33741260473293333,0.5,1.5684650325680671,1.1658253987930873,64.56,"[475.0, 639.5999755859375]"
amp_sweep,1790079023.547298,8.549312493,1.2377705896721332,0.903,0.3388072286628667,0.5,1.7253149237183933,1.1980389953386859,64.56,"[453.3999938964844, 658.5999755859375]"
amp_sweep,1790079023.5971286,8.599143041000001,1.2268515014651538,0.903,0.34020109261060005,0.5,1.882079341557393,1.2164467647933135,86.08,"[453.3999938964844, 658.5999755859375]"
amp_sweep,1790079023.6472158,8.649230404,1.207783400292683,0.903,0.34159941402000005,0.5,2.0393450790440895,1.227184630308513,83.39,"[428.20001220703125, 679.4000244140625]"
amp_sweep,1790079023.6971598,8.699174294,1.181053798311339,0.903,0.34299503422020006,0.5,2.1963070182379987,1.2302525918842842,5.38,"[428.20001220703125, 679.4000244140625]"
amp_sweep,1790079023.7471738,8.749188234,1.1472013363440006,0.903,0.34439182041360006,0.5,2.3534000937924517,1.227184630308513,0.0,"[427.3999938964844, 683.5999755859375]"
amp_sweep,1790079023.7973294,8.799344150000001,1.1069321555676748,0.903,0.3457916724858667,0.5,2.510837981131786,1.214912784005428,-2.69,"[427.3999938964844, 683.5999755859375]"
amp_sweep,1790079023.8473608,8.849375356000001,1.0613696425259598,0.903,0.3471884473383333,0.5,2.6679297811996214,1.1949710337629145,-10.76,"[423.6000061035156, 683.5999755859375]"
amp_sweep,1790079023.8973427,8.899357048,1.0115231027756415,0.903,0.3485850845074,0.5,2.825006096357267,1.1688933603688585,-2.69,"[423.6000061035156, 683.5999755859375]"
amp_sweep,1790079023.9472477,8.949262327000001,0.9586389461060245,0.903,0.34998043727386674,0.5,2.98193795794311,1.1274758790959463,-2.69,"[449.0, 697.7999877929688]"
amp_sweep,1790079023.9971354,8.999149915,0.9040052618396786,0.903,0.3513745620351334,0.5,3.138731708832715,1.0875923786109196,-45.73,"[449.0, 697.7999877929688]"
amp_sweep,1790079024.0473306,9.049345312,0.8486648345741167,0.903,0.3527749547012001,0.5,3.2962303954146748,1.043106935762236,-45.73,"[462.20001220703125, 666.2000122070312]"
amp_sweep,1790079024.0972767,9.099291259000001,0.7944309056891836,0.903,0.3541702317962667,0.5,3.4531537464260182,0.9924855697620099,-67.25,"[462.20001220703125, 666.2000122070312]"
amp_sweep,1790079024.1472607,9.149275399,0.7423852424597291,0.903,0.3555672981610001,0.5,3.610278332154788,0.9433981845496693,-75.32,"[520.5999755859375, 649.0]"
amp_sweep,1790079024.1974092,9.199423770000001,0.6938587980439902,0.903,0.356965808707,0.5,3.7675653413653407,0.8912428377615575,-18.83,"[520.5999755859375, 649.0]"
amp_sweep,1790079024.2473807,9.249395319000001,0.6501786878422653,0.903,0.35836301892840006,0.5,3.924706106296277,0.8360195293976744,-24.21,"[599.5999755859375, 624.0]"
amp_sweep,1790079024.2973306,9.299345162,0.6124797715696269,0.903,0.35975775665873344,0.5,4.081568796295073,0.782330201821677,-24.21,"[599.5999755859375, 624.0]"
amp_sweep,1790079024.347231,9.349245506,0.5816374089305874,0.903,0.3611535389281334,0.5,4.238548963009556,0.7179030087304801,-24.21,"[653.5999755859375, 623.5999755859375]"
amp_sweep,1790079024.3971071,9.399121617,0.5585320256845836,0.903,0.36254689767360004,0.5,4.395256562003823,0.6749515466696822,-26.9,"[653.5999755859375, 623.5999755859375]"
amp_sweep,1790079024.4473393,9.449353815,0.5436724498852012,0.903,0.36394831043706677,0.5,4.552869976407898,0.6335340653967698,-34.97,"[679.0, 596.0]"
amp_sweep,1790079024.497323,9.499337626,0.5376562240617737,0.903,0.3653448733593334,0.5,4.709937941212271,0.6013204688511713,-34.97,"[679.0, 596.0]"
amp_sweep,1790079024.5472763,9.549290745,0.5406295195130719,0.903,0.36674068090840006,0.5,4.866920951068106,0.5752427954571154,-56.49,"[693.7999877929688, 534.0]"
amp_sweep,1790079024.5972748,9.599289247,0.5525922964943968,0.903,0.36813738224033343,0.5,5.024004482464079,0.5537670644267164,-43.04,"[693.7999877929688, 534.0]"
amp_sweep,1790079024.647346,9.649360494,0.5733392238154438,0.903,0.36953528802966673,0.5,5.181223476193683,0.543029198911517,-37.66,"[700.7999877929688, 495.6000061035156]"
amp_sweep,1790079024.697389,9.699403575,0.6023973587702536,0.903,0.370932419088,0.5,5.338355337851038,0.543029198911517,-10.76,"[700.7999877929688, 495.6000061035156]"
amp_sweep,1790079024.7472913,9.749305809,0.6390529402372573,0.903,0.37232727866353343,0.5,5.495231731476988,0.5476311412751739,-10.76,"[694.2000122070312, 488.20001220703125]"
amp_sweep,1790079024.797175,9.799189338000001,0.6824972714316424,0.903,0.37372210427213337,0.5,5.652104304926272,0.5614369683661447,2.69,"[694.2000122070312, 488.20001220703125]"
amp_sweep,1790079024.8471208,9.849135226000001,0.7317178503300166,0.903,0.37511717616893336,0.5,5.809004577797982,0.581378718608658,18.83,"[689.4000244140625, 498.3999938964844]"
amp_sweep,1790079024.89736,9.899374493,0.785790531287562,0.903,0.376518667453,0.5,5.966626823219006,0.607456392002714,51.11,"[689.4000244140625, 498.3999938964844]"
amp_sweep,1790079024.9473214,9.949335987000001,0.8429592548387147,0.903,0.37791470274253336,0.5,6.123635446479746,0.6442719309119693,43.04,"[676.0, 525.5999755859375]"
amp_sweep,1790079024.997338,9.999352438,0.9020778551965852,0.903,0.3793117172909334,0.5,6.2807542045541425,0.6887573737606529,26.9,"[676.0, 525.5999755859375]"
amp_sweep,1790079025.047402,10.049416427,0.9617159882415286,0.903,0.38071013613180005,0.5,0.15484559273642873,0.7363107781851077,45.73,"[643.0, 578.4000244140625]"
amp_sweep,1790079025.0973523,10.099366919000001,1.020193144227305,0.903,0.3821050508477334,0.5,0.3117281878662794,0.786932144185334,34.97,"[643.0, 578.4000244140625]"
amp_sweep,1790079025.1472125,10.149227059000001,1.0761484889890103,0.903,0.3834984701806,0.5,0.4684426009750098,0.8620972027917303,34.97,"[602.2000122070312, 621.5999755859375]"
amp_sweep,1790079025.1971397,10.199154469,1.128342245217108,0.903,0.3848945250793334,0.5,0.6254534296337937,0.9188544919434991,2.69,"[602.2000122070312, 621.5999755859375]"
amp_sweep,1790079025.2472475,10.249262125000001,1.1754187658223656,0.903,0.38629288528813344,0.5,0.782723530792687,0.9756117810952678,8.07,"[549.2000122070312, 624.2000122070312]"
amp_sweep,1790079025.2973013,10.299316036,1.2160782214281907,0.903,0.38769111247840005,0.5,0.9399786716873635,1.0323690702470365,24.21,"[549.2000122070312, 624.2000122070312]"
amp_sweep,1790079025.3473668,10.349381434000001,1.2492786374236247,0.903,0.38908976579166676,0.5,1.0972817375779726,1.0829904362472627,45.73,"[509.20001220703125, 636.7999877929688]"
amp_sweep,1790079025.3973103,10.399324901,1.274070648687987,0.903,0.39048448625920007,0.5,1.25414248607251,1.1274758790959463,64.56,"[509.20001220703125, 636.7999877929688]"
amp_sweep,1790079025.447395,10.449409786,1.289921731500426,0.903,0.3918835846901334,0.5,1.411495613242053,1.1688933603688585,91.46,"[461.20001220703125, 655.2000122070312]"
amp_sweep,1790079025.4973738,10.499388338000001,1.2962782377094646,0.903,0.3932793031598,0.5,1.568468604558916,1.2087768608538851,75.32,"[461.20001220703125, 655.2000122070312]"
amp_sweep,1790079025.5471592,10.549173694,1.2929859581819674,0.903,0.3946714435091334,0.5,1.7250391735648165,1.248660361338912,75.32,"[449.3999938964844, 690.7999877929688]"
amp_sweep,1790079025.5972095,10.599224111,1.2800211451231727,0.903,0.39606871635706664,0.5,1.8821869819464823,1.2686021115814252,88.77,"[449.3999938964844, 690.7999877929688]"
amp_sweep,1790079025.6474226,10.649437015,1.257563467230364,0.903,0.3974694764582001,0.5,2.039726993038208,1.2793399770966247,102.22,"[421.3999938964844, 708.7999877929688]"
amp_sweep,1790079025.697294,10.699308399000001,1.2262818323391178,0.903,0.3988640996898001,0.5,2.196576805648718,1.282407938672396,56.49,"[421.3999938964844, 708.7999877929688]"
amp_sweep,1790079025.7472868,10.74930145,1.1867502135801027,0.903,0.40026058316966673,0.5,2.3536358357635834,1.2793399770966247,0.0,"[432.3999938964844, 704.7999877929688]"
amp_sweep,1790079025.7973237,10.799338265000001,1.1398872584257416,0.903,0.4016581304346667,0.5,2.51081450715148,1.2670681307935396,-2.69,"[432.3999938964844, 704.7999877929688]"
amp_sweep,1790079025.8471606,10.849175364,1.0869877939433619,0.903,0.40305173806613337,0.5,2.6675500977362887,1.244058418975255,-2.69,"[420.0, 709.0]"
amp_sweep,1790079025.8973036,10.89931818,1.0289562282051357,0.903,0.40445080839613334,0.5,2.8249000644636197,1.2118448224296565,-2.69,"[420.0, 709.0]"
amp_sweep,1790079025.947154,10.949168570000001,0.967638458716813,0.903,0.40584447653120004,0.5,2.9816424597381186,1.1642914180052018,-2.69,"[421.79998779296875, 699.0]"
amp_sweep,1790079025.9971507,10.999165202,0.904165356604716,0.903,0.4072412229475334,0.5,3.138731061664636,1.1198059751565181,-56.49,"[421.79998779296875, 699.0]"
amp_sweep,1790079026.0471656,11.049180080000001,0.8402083677405979,0.903,0.40863836805633336,0.5,3.2958645035430933,1.0661166475805206,-34.97,"[466.20001220703125, 675.7999877929688]"
amp_sweep,1790079026.0972986,11.099313213,0.7772646386590288,0.903,0.41003781749753343,0.5,3.453257107965918,1.009359358428752,-53.8,"[466.20001220703125, 675.7999877929688]"
amp_sweep,1790079026.1472223,11.149237037,0.7171929007967109,0.903,0.41143292450653335,0.5,3.610161329819597,0.9510680884890975,-80.7,"[525.4000244140625, 664.0]"
amp_sweep,1790079026.1973245,11.19933892,0.6611886573115241,0.903,0.4128308700729334,0.5,3.7673847971771366,0.8912428377615575,-26.9,"[525.4000244140625, 664.0]"
amp_sweep,1790079026.247316,11.24933049,0.6108245591238224,0.903,0.41422792990126667,0.5,3.924508647773223,0.8252816638824749,-16.14,"[599.7999877929688, 626.0]"
amp_sweep,1790079026.297356,11.29937037,0.5673166855015039,0.903,0.41562612533133336,0.5,4.081760216677054,0.7623884515791637,-29.59,"[599.7999877929688, 626.0]"
amp_sweep,1790079026.3471375,11.349151833,0.5319753822198396,0.903,0.4170179900904001,0.5,4.238299790729833,0.6918253353364242,-29.59,"[654.0, 613.5999755859375]"
amp_sweep,1790079026.3971825,11.399197014,0.5054299622428877,0.903,0.41841492583886675,0.5,4.395409686371352,0.6396699885483124,-32.28,"[654.0, 613.5999755859375]"
amp_sweep,1790079026.4471755,11.449190039000001,0.488541324112236,0.903,0.41981188753740006,0.5,4.552522500552449,0.5967185264875144,-53.8,"[692.4000244140625, 577.2000122070312]"
amp_sweep,1790079026.497319,11.499333595000001,0.4817899021703182,0.903,0.4212113815322668,0.5,4.709920115815557,0.5599029875782591,-78.01,"[692.4000244140625, 577.2000122070312]"
amp_sweep,1790079026.5471814,11.549196036000001,0.4854147107163787,0.903,0.4226051539704001,0.5,4.866674241797021,0.5276893910326605,-48.42,"[703.5999755859375, 491.20001220703125]"
amp_sweep,1790079026.5972297,11.599244288000001,0.4994032088340056,0.903,0.42400309858706675,0.5,5.023897602340412,0.5031456984264903,-43.04,"[703.5999755859375, 491.20001220703125]"
amp_sweep,1790079026.6473095,11.649323990000001,0.5234878872785694,0.903,0.42540133063773344,0.5,5.181153289872206,0.4908738521234052,-64.56,"[715.4000244140625, 454.20001220703125]"
amp_sweep,1790079026.6973577,11.69937237,0.5571313874904371,0.903,0.4267993869318667,0.5,5.338389210503024,0.4878058905476339,-8.07,"[715.4000244140625, 454.20001220703125]"
amp_sweep,1790079026.7471879,11.749202362,0.5993703522693565,0.903,0.4281915975056001,0.5,5.494967677472857,0.49394181369917645,-8.07,"[711.7999877929688, 442.3999938964844]"
amp_sweep,1790079026.7971497,11.799164102,0.6495050625283654,0.903,0.4295879932748,0.5,5.652016842986789,0.5092816215780329,2.69,"[711.7999877929688, 442.3999938964844]"
amp_sweep,1790079026.8472717,11.849286311,0.7063513325605328,0.903,0.4309871880478,0.5,5.809380805509392,0.5338253141842031,10.76,"[709.7999877929688, 455.79998779296875]"
amp_sweep,1790079026.8973,11.899314648,0.7683555696758388,0.903,0.4323843801963334,0.5,5.966519537829882,0.5629709491540303,59.18,"[709.7999877929688, 455.79998779296875]"
amp_sweep,1790079026.94731,11.949324479000001,0.8340801284931881,0.903,0.43378129907306673,0.5,6.1236275359494385,0.6043884304269426,53.8,"[694.2000122070312, 490.79998779296875]"
amp_sweep,1790079026.9972146,11.999229242,0.9018347374628037,0.903,0.4351761914982001,0.5,6.280507624088351,0.6550097964271688,16.14,"[694.2000122070312, 490.79998779296875]"
amp_sweep,1790079027.047319,12.049333500000001,0.9702352807447094,0.903,0.4365748120456667,0.5,0.1546216977111854,0.7102331047910518,37.66,"[651.7999877929688, 558.5999755859375]"
amp_sweep,1790079027.0973806,12.099395365000001,1.037360036242499,0.903,0.43797240330566667,0.5,0.31180531710750614,0.7715923363064775,34.97,"[651.7999877929688, 558.5999755859375]"
amp_sweep,1790079027.1471694,12.149183854,1.1013583295710392,0.903,0.43936482695486667,0.5,0.46840774814609887,0.8574952604280734,34.97,"[606.2000122070312, 626.5999755859375]"
amp_sweep,1790079027.1971579,12.199172244000001,1.1610527566757192,0.903,0.4407612539814667,0.5,0.6254604291022119,0.9249904150950417,8.07,"[606.2000122070312, 626.5999755859375]"
amp_sweep,1790079027.2471564,12.249171027000001,1.214771254740307,0.903,0.44215828931226675,0.5,0.7825815245215466,0.9848156658225816,18.83,"[533.0, 640.4000244140625]"
amp_sweep,1790079027.2973065,12.299320937000001,1.2611969847819116,0.903,0.44355790772220005,0.5,0.9399931324383317,1.047708878125893,24.21,"[533.0, 640.4000244140625]"
amp_sweep,1790079027.347285,12.349299604,1.298938639720345,0.903,0.4449539146035334,0.5,1.0969985606993404,1.1060001480655473,51.11,"[532.0, 655.7999877929688]"
amp_sweep,1790079027.3973186,12.39933317,1.327160982589737,0.903,0.44635122574806674,0.5,1.2541506762045316,1.1596894756415448,88.77,"[532.0, 655.7999877929688]"
amp_sweep,1790079027.4472897,12.449304169000001,1.3450546167439614,0.903,0.44774731011646673,0.5,1.4111648192435666,1.2087768608538851,80.7,"[451.79998779296875, 681.4000244140625]"
amp_sweep,1790079027.497197,12.499211549,1.3521407085417045,0.903,0.4491423835496,0.5,1.5680652649028701,1.2547962844904545,86.08,"[451.79998779296875, 681.4000244140625]"
amp_sweep,1790079027.5471942,12.549208738,1.3481854324548748,0.903,0.4505386913567334,0.5,1.7251045375415401,1.2962137657633668,86.08,"[421.79998779296875, 701.2000122070312]"
amp_sweep,1790079027.5971153,12.599129904000002,1.3332255833523554,0.903,0.4519337076382667,0.5,1.8819985555022782,1.3161555160058802,161.4,"[421.79998779296875, 701.2000122070312]"
amp_sweep,1790079027.6471527,12.649167236,1.307497982619364,0.903,0.4533316920320001,0.5,2.0392263896736083,1.3284273623089653,174.85,"[401.3999938964844, 730.5999755859375]"
amp_sweep,1790079027.697204,12.699218736,1.27160630040828,0.903,0.45472925005133347,0.5,2.196406270574677,1.3299613430968509,121.05,"[401.3999938964844, 730.5999755859375]"
amp_sweep,1790079027.7472787,12.749293357,1.2263488120253845,0.903,0.45612742031346676,0.5,2.353655008903523,1.3284273623089653,-2.69,"[391.6000061035156, 722.7999877929688]"
amp_sweep,1790079027.7972772,12.799291987,1.172879252298611,0.903,0.4575237394894668,0.5,2.5106955601704044,1.3146215352179944,-2.69,"[391.6000061035156, 722.7999877929688]"
amp_sweep,1790079027.8472958,12.8493103,1.1123720807290585,0.903,0.4589210022814001,0.5,2.667842237578718,1.2900778426118242,-2.69,"[414.79998779296875, 729.7999877929688]"
amp_sweep,1790079027.897297,12.899311603000001,1.046342390877488,0.903,0.4603177232504667,0.5,2.824927977514328,1.2563302652783401,-2.69,"[414.79998779296875, 729.7999877929688]"
amp_sweep,1790079027.9472113,12.949226041000001,0.9764245579743801,0.903,0.46171332942813337,0.5,2.981888339628725,1.1995729761265714,-2.69,"[429.3999938964844, 707.0]"
amp_sweep,1790079027.997122,12.999136782,0.9043330566855082,0.903,0.46310773922113346,0.5,3.1387141473297646,1.1520195717021164,-67.25,"[429.3999938964844, 707.0]"
amp_sweep,1790079028.0473125,13.049326965,0.8314910636195196,0.903,0.46450759964546673,0.5,3.2961529740053024,1.0921943209745766,-61.87,"[457.6000061035156, 693.2000122070312]"
amp_sweep,1790079028.0971336,13.099148208,0.7603140656864367,0.903,0.46590088607153346,0.5,3.4528524394161906,1.026233147095494,-59.18,"[457.6000061035156, 693.2000122070312]"
amp_sweep,1790079028.1472836,13.149298217,0.6919054887178908,0.903,0.4673008054072667,0.5,3.610297891710637,0.9602719732164113,-78.01,"[526.4000244140625, 662.2000122070312]"
amp_sweep,1790079028.1971748,13.199189386,0.6285652296797883,0.903,0.46869523064740004,0.5,3.767125436712419,0.8912428377615575,-53.8,"[526.4000244140625, 662.2000122070312]"
amp_sweep,1790079028.247376,13.249390522,0.5713483262551751,0.903,0.4700964486317334,0.5,3.924716944790923,0.8176117599430467,-18.83,"[615.7999877929688, 624.2000122070312]"
amp_sweep,1790079028.2971287,13.299143205,0.5223491731330546,0.903,0.4714880053699334,0.5,4.081221876501516,0.7271068934577939,-18.83,"[615.7999877929688, 624.2000122070312]"
amp_sweep,1790079028.3472042,13.349218662,0.4822221021208363,0.903,0.4728865725088668,0.5,4.238515250578786,0.662679700366597,-21.52,"[667.2000122070312, 617.2000122070312]"
amp_sweep,1790079028.397155,13.399169555,0.45235397834036556,0.903,0.47428116708086676,0.5,4.395361839915232,0.6043884304269426,-37.66,"[667.2000122070312, 617.2000122070312]"
amp_sweep,1790079028.4472835,13.449298049000001,0.4333694655039988,0.903,0.4756804043963334,0.5,4.552730587083445,0.5553010452146021,-75.32,"[701.0, 543.0]"
amp_sweep,1790079028.4972153,13.499229798,0.4259266058552923,0.903,0.47707524338500007,0.5,4.709604665355613,0.5123495831538042,-61.87,"[701.0, 543.0]"
amp_sweep,1790079028.547403,13.549417743000001,0.43024824690215435,0.903,0.47847683634640004,0.5,4.867238346173899,0.4770680250324344,-48.42,"[705.5999755859375, 477.3999938964844]"
amp_sweep,1790079028.5972056,13.599220233,0.44621874311047555,0.903,0.47986934603026676,0.5,5.02385045331787,0.45252433242626416,-72.63,"[705.5999755859375, 477.3999938964844]"
amp_sweep,1790079028.6473012,13.649315893,0.47364200771737164,0.903,0.4812677551782667,0.5,5.181126058547093,0.4356505437595221,-67.25,"[724.0, 421.0]"
amp_sweep,1790079028.6973102,13.699324946,0.511816239504664,0.903,0.4826646964854667,0.5,5.338236579365557,0.4341165629716365,-16.14,"[724.0, 421.0]"
amp_sweep,1790079028.7471695,13.749183902,0.5597432555255637,0.903,0.48405794101153343,0.5,5.494931332387459,0.4433204476989503,-16.14,"[745.5999755859375, 424.0]"
amp_sweep,1790079028.7971487,13.799163457,0.6165346215512975,0.903,0.4854545642139334,0.5,5.652006076748776,0.46019423636569234,2.69,"[745.5999755859375, 424.0]"
amp_sweep,1790079028.8471992,13.849213583000001,0.6807563024808052,0.903,0.4868516901884,0.5,5.809137366636271,0.4878058905476339,2.69,"[718.2000122070312, 433.0]"
amp_sweep,1790079028.89726,13.899274380000001,0.7509047501887132,0.903,0.4882500067932667,0.5,5.96640256376903,0.521553467881118,45.73,"[718.2000122070312, 433.0]"
amp_sweep,1790079028.9473324,13.949347088000001,0.8252015711189726,0.903,0.4896479219961334,0.5,6.123622616215357,0.5675728915176872,56.49,"[700.0, 459.79998779296875]"
amp_sweep,1790079028.9973416,13.999356112000001,0.9018155436879085,0.903,0.49104521945333346,0.5,6.280773192340149,0.6258641614573416,21.52,"[700.0, 459.79998779296875]"
amp_sweep,1790079029.047267,14.049281613000002,0.9787725907283134,0.903,0.4924402667408667,0.5,0.1544853902891461,0.6887573737606529,29.59,"[654.2000122070312, 552.2000122070312]"
amp_sweep,1790079029.0973678,14.099382325,1.0545357477523054,0.903,0.4938397673838667,0.5,0.31188375325130835,0.7562525284276211,43.04,"[654.2000122070312, 552.2000122070312]"
amp_sweep,1790079029.1471996,14.149214162000002,1.1266168173036137,0.903,0.49523222307260006,0.5,0.4684897876966758,0.8498253564886452,43.04,"[607.2000122070312, 641.5999755859375]"
amp_sweep,1790079029.1971426,14.199157300000001,1.1937588145002596,0.903,0.4966278719603334,0.5,0.6254549533062388,0.923456434307156,5.38,"[607.2000122070312, 641.5999755859375]"
amp_sweep,1790079029.2472868,14.249301423,1.2542643381986323,0.903,0.4980274501742,0.5,0.7828620404711941,0.9940195505498954,21.52,"[523.7999877929688, 654.2000122070312]"
amp_sweep,1790079029.297265,14.299279675000001,1.306277963909475,0.903,0.4994235615541335,0.5,0.9398792214303242,1.0676506283684062,26.9,"[523.7999877929688, 654.2000122070312]"
amp_sweep,1790079029.3473895,14.349404244,1.3487275695446344,0.903,0.5008234565040667,0.5,1.0973219311143794,1.1336118022474888,75.32,"[518.0, 679.5999755859375]"
amp_sweep,1790079029.3973882,14.399402829000001,1.3802933663869696,0.903,0.5022202190379335,0.5,1.2544123457398584,1.193437052975029,99.53,"[518.0, 679.5999755859375]"
amp_sweep,1790079029.4474003,14.449414874,1.4002394201523287,0.903,0.5036168250054668,0.5,1.4114851517385105,1.248660361338912,83.39,"[430.20001220703125, 707.5999755859375]"
amp_sweep,1790079029.4973123,14.499326847,1.4080097751264744,0.903,0.5050113225091334,0.5,1.5683208240404838,1.2962137657633668,121.05,"[430.20001220703125, 707.5999755859375]"
amp_sweep,1790079029.5471175,14.549132038000002,1.4033970150264277,0.903,0.5064042347961334,0.5,1.724978210959371,1.342233189399936,121.05,"[424.79998779296875, 724.5999755859375]"
amp_sweep,1790079029.5971062,14.599120741,1.3864005640426378,0.903,0.5078008697864,0.5,1.88205428107279,1.363708920430335,225.96,"[424.79998779296875, 724.5999755859375]"
amp_sweep,1790079029.647335,14.649349655000002,1.357264459540161,0.903,0.5092016474855334,0.5,2.039596271367884,1.3775147475213059,244.79,"[400.79998779296875, 719.2000122070312]"
amp_sweep,1790079029.6973011,14.699315574000002,1.3168261780746522,0.903,0.5105979269962001,0.5,2.1966323615731937,1.380582709097077,177.54,"[400.79998779296875, 719.2000122070312]"
amp_sweep,1790079029.7473059,14.749320480000002,1.265931425885097,0.903,0.5119946201436667,0.5,2.3537149724825213,1.380582709097077,69.94,"[423.20001220703125, 727.0]"
amp_sweep,1790079029.7973814,14.799396074,1.205689370126525,0.903,0.5133935320358001,0.5,2.511047120096322,1.3652429012182206,-2.69,"[423.20001220703125, 727.0]"
amp_sweep,1790079029.8473954,14.849410049000001,1.1377115130237394,0.903,0.5147905756348667,0.5,2.668169145427079,1.3360972662483934,-2.69,"[438.3999938964844, 712.7999877929688]"
amp_sweep,1790079029.897217,14.899231782000001,1.0638392760119784,0.903,0.5161825655911334,0.5,2.8247228000981366,1.2839419194602817,-2.69,"[438.3999938964844, 712.7999877929688]"
amp_sweep,1790079029.9472158,14.949230353,0.9853189075194124,0.903,0.5175798201986,0.5,2.9818685570198014,1.2348545342479411,-8.07,"[413.79998779296875, 704.2000122070312]"
amp_sweep,1790079029.997161,14.999175265000002,0.904466489408708,0.903,0.5189748750002,0.5,3.138766907236807,1.179631225884058,-69.94,"[413.79998779296875, 704.2000122070312]"
amp_sweep,1790079030.0472665,15.049280978,0.8233551650779085,0.903,0.5176264554852,0.5,3.2960717952511516,1.1136700520049756,-75.32,"[453.20001220703125, 690.5999755859375]"
amp_sweep,1790079030.097189,15.099203537000001,0.7448363334755717,0.903,0.5162312958777333,0.5,3.4529819327237945,1.043106935762236,-61.87,"[453.20001220703125, 690.5999755859375]"
amp_sweep,1790079030.1473331,15.149347801000001,0.6703913489028908,0.903,0.5148316967138666,0.5,3.6103913760832427,0.966407896367954,-61.87,"[524.5999755859375, 683.7999877929688]"
amp_sweep,1790079030.1974366,15.199451166000001,0.602103371330811,0.903,0.5134323988668666,0.5,3.7677669310827397,0.8881748761857863,-53.8,"[524.5999755859375, 683.7999877929688]"
amp_sweep,1790079030.2473073,15.249321855000002,0.5418424890076022,0.903,0.5120389543381333,0.5,3.9244841779080417,0.8068738944278473,-29.59,"[610.7999877929688, 637.5999755859375]"
amp_sweep,1790079030.2973082,15.299322957000001,0.49062885210337026,0.903,0.510642090518,0.5,4.081585983948479,0.7332428166093364,-34.97,"[610.7999877929688, 637.5999755859375]"
amp_sweep,1790079030.347145,15.349159711,0.44992724744568485,0.903,0.5092490854644001,0.5,4.238253804096566,0.6427379501240836,-34.97,"[671.4000244140625, 602.4000244140625]"
amp_sweep,1790079030.397136,15.399150582,0.420457034375932,0.903,0.507852230974,0.5,4.395354560845057,0.581378718608658,-59.18,"[671.4000244140625, 602.4000244140625]"
amp_sweep,1790079030.447135,15.449149729,0.40300923471279815,0.903,0.5064555189436,0.5,4.552439295471018,0.5276893910326605,-78.01,"[712.2000122070312, 511.79998779296875]"
amp_sweep,1790079030.4973147,15.49932912,0.3979460976644764,0.903,0.5050554672038667,0.5,4.709899638914642,0.4816699673960913,-59.18,"[712.2000122070312, 511.79998779296875]"
amp_sweep,1790079030.5473845,15.54939889,0.40537066792900206,0.903,0.5036564145836,0.5,4.86724761387223,0.44638840927472156,-72.63,"[733.5999755859375, 440.6000061035156]"
amp_sweep,1790079030.5972342,15.599248816000001,0.42492360605423973,0.903,0.5022627815607333,0.5,5.023986060164759,0.41877675509278006,-53.8,"[733.5999755859375, 440.6000061035156]"
amp_sweep,1790079030.6473582,15.649372611,0.4561825870413977,0.903,0.5008646453772667,0.5,5.181230965750572,0.4111068511533518,-86.08,"[739.7999877929688, 419.0]"
amp_sweep,1790079030.697396,15.699410570000001,0.49827916265536126,0.903,0.49946620639646666,0.5,5.33850992620075,0.4111068511533518,-32.28,"[739.7999877929688, 419.0]"
amp_sweep,1790079030.7472024,15.749217080000001,0.5498736812969113,0.903,0.49807363835986673,0.5,5.495128596131771,0.41877675509278006,-32.28,"[730.5999755859375, 412.0]"
amp_sweep,1790079030.7971222,15.799136718000002,0.6099109331776849,0.903,0.4966787760468666,0.5,5.652005297633799,0.4387185053352934,2.69,"[730.5999755859375, 412.0]"
amp_sweep,1790079030.8472507,15.849265438000002,0.6769875448836984,0.903,0.4952800548556,0.5,5.8093159975945525,0.4693981210930062,8.07,"[739.5999755859375, 427.3999938964844]"
amp_sweep,1790079030.8971734,15.899188013000002,0.7490735857067601,0.903,0.49388476410113336,0.5,5.9662408848447015,0.5062136600022615,59.18,"[739.5999755859375, 427.3999938964844]"
amp_sweep,1790079030.9473565,15.949371166,0.824841421692227,0.903,0.4924837577676666,0.5,6.123808589075665,0.5568350260024878,53.8,"[718.4000244140625, 458.0]"
amp_sweep,1790079030.997264,15.999278628,0.90172203816045,0.903,0.49108980490813336,0.5,6.280583006604083,0.6181942575179133,8.07,"[718.4000244140625, 458.0]"
amp_sweep,1790079031.0471423,16.04915679,0.978204787370603,0.903,0.48969574020353335,0.5,0.1541846958898958,0.684155431396996,34.97,"[656.4000244140625, 565.2000122070312]"
amp_sweep,1790079031.097293,16.099307442,1.0527103258696093,0.903,0.4882959437465333,0.5,0.3116163283182587,0.7516505860639642,45.73,"[656.4000244140625, 565.2000122070312]"
amp_sweep,1790079031.147276,16.149290355,1.122924823023263,0.903,0.4868996676716667,0.5,0.4686520321076699,0.8482913757007595,45.73,"[581.0, 657.7999877929688]"
amp_sweep,1790079031.1971498,16.199164483,1.1872523857315178,0.903,0.4855053385222,0.5,0.6254687700307215,0.9265243958829272,2.69,"[581.0, 657.7999877929688]"
amp_sweep,1790079031.2472985,16.249313012000002,1.2444547019530097,0.903,0.4841056350552667,0.5,0.7828899440971355,0.9955535313377811,10.76,"[520.2000122070312, 668.2000122070312]"
amp_sweep,1790079031.2971263,16.299140932,1.2926869117204665,0.903,0.48271281061860005,0.5,0.939537450707121,1.064582666792635,21.52,"[520.2000122070312, 668.2000122070312]"
amp_sweep,1790079031.3473036,16.349318085,1.3313050326952482,0.903,0.48131221543586666,0.5,1.0970589138358164,1.1274758790959463,67.25,"[484.79998779296875, 690.5999755859375]"
amp_sweep,1790079031.39733,16.399344590000002,1.3590603831886667,0.903,0.4799151998539334,0.5,1.2541777881491427,1.1873011298234863,83.39,"[484.79998779296875, 690.5999755859375]"
amp_sweep,1790079031.4473145,16.449329013,1.375439558945032,0.903,0.4785188101462666,0.5,1.4112262719374726,1.2379224958237125,83.39,"[436.0, 706.4000244140625]"
amp_sweep,1790079031.4973817,16.499396421,1.3801193898529935,0.903,0.4771206803874667,0.5,1.568470454956973,1.2946797849754812,83.39,"[436.0, 706.4000244140625]"
amp_sweep,1790079031.5473619,16.54937638,1.3730400501831512,0.903,0.4757241403146667,0.5,1.7255358499385594,1.325359400733194,118.36,"[426.20001220703125, 747.5999755859375]"
amp_sweep,1790079031.5971553,16.599170118,1.3545409139205544,0.903,0.4743324963965334,0.5,1.8820505865598207,1.3437671701878218,188.29999999999998,"[426.20001220703125, 747.5999755859375]"
amp_sweep,1790079031.6473398,16.649354489,1.3249199966849838,0.903,0.47293218233486667,0.5,2.0395404327000506,1.3529710549151355,199.06,"[426.79998779296875, 725.2000122070312]"
amp_sweep,1790079031.6976352,16.699649799,1.2851240758434956,0.903,0.47153405880520005,0.5,2.196783915144387,1.3529710549151355,99.53,"[426.79998779296875, 725.2000122070312]"
amp_sweep,1790079031.7473726,16.749387333,1.236236830815256,0.903,0.4701380631530666,0.5,2.3537880804851525,1.3483691125514785,-2.69,"[441.3999938964844, 721.4000244140625]"
amp_sweep,1790079031.7972763,16.799290822,1.1794969643078332,0.903,0.4687429238531333,0.5,2.5106959340199353,1.3330293046726223,-2.69,"[441.3999938964844, 721.4000244140625]"
amp_sweep,1790079031.8472846,16.849299254,1.116224987213472,0.903,0.46734586234880005,0.5,2.667819973111584,1.3054176504906807,-2.69,"[418.3999938964844, 717.0]"
amp_sweep,1790079031.8972788,16.899293406,1.0481197428937943,0.903,0.46594941831079995,0.5,2.824874567297627,1.2547962844904545,-2.69,"[418.3999938964844, 717.0]"
amp_sweep,1790079031.9471507,16.949165193000002,0.9769924771615743,0.903,0.4645555846707333,0.5,2.9816355765085945,1.2072428800659996,-10.76,"[426.0, 693.4000244140625]"
amp_sweep,1790079031.997153,16.999167693,0.9043182525678388,0.903,0.46315864043053334,0.5,3.1387464271942846,1.1596894756415448,-61.87,"[426.0, 693.4000244140625]"
amp_sweep,1790079032.0471537,17.049168323,0.832059818967603,0.903,0.4617619135116666,0.5,3.2958328362891294,1.0967962633382335,-64.56,"[444.3999938964844, 691.7999877929688]"
amp_sweep,1790079032.0973158,17.099330198,0.7618292922841686,0.903,0.46036210663553334,0.5,3.453265640531548,1.0293011086712651,-61.87,"[444.3999938964844, 691.7999877929688]"
amp_sweep,1790079032.1473439,17.149358437,0.6956230735811425,0.903,0.45896481797733335,0.5,3.610415227054652,0.9602719732164113,-67.25,"[533.0, 692.2000122070312]"
amp_sweep,1790079032.1973052,17.199319665,0.6349734487714411,0.903,0.4575688808455334,0.5,3.767412810758806,0.8912428377615575,-51.11,"[533.0, 692.2000122070312]"
amp_sweep,1790079032.2473822,17.249396777,0.5811672228667807,0.903,0.4561700492338,0.5,3.9247359294353217,0.8176117599430467,-10.76,"[609.7999877929688, 641.0]"
amp_sweep,1790079032.2971952,17.299209565,0.5358090612720301,0.903,0.45477763231653334,0.5,4.081337603350086,0.7301748550335652,-10.76,"[609.7999877929688, 641.0]"
amp_sweep,1790079032.3471646,17.349179204000002,0.4996151228310817,0.903,0.45338170317366666,0.5,4.23833428855874,0.6688156235181395,-24.21,"[664.5999755859375, 638.2000122070312]"
amp_sweep,1790079032.3971498,17.399164468000002,0.4735372234875358,0.903,0.45198540905386675,0.5,4.3953720218170105,0.6135923151542565,-48.42,"[664.5999755859375, 638.2000122070312]"
amp_sweep,1790079032.4472718,17.449286366000003,0.45814596290385856,0.903,0.4505864760441334,0.5,4.552706544474859,0.5675728915176872,-72.63,"[705.0, 554.4000244140625]"
amp_sweep,1790079032.4973125,17.499327193000003,0.4538124963448801,0.903,0.4491889091140666,0.5,4.709887427543983,0.526155410244775,-53.8,"[705.0, 554.4000244140625]"
amp_sweep,1790079032.5472958,17.549310486,0.4605444695407898,0.903,0.4477925288478667,0.5,4.866934849473992,0.49394181369917645,-53.8,"[729.0, 469.79998779296875]"
amp_sweep,1790079032.597307,17.599321619,0.47810734295442553,0.903,0.44639566698306665,0.5,5.0240364356029446,0.47093210188089185,-48.42,"[729.0, 469.79998779296875]"
amp_sweep,1790079032.6472826,17.649297197000003,0.5059908565091569,0.903,0.44499925277786667,0.5,5.181087674568033,0.46479617872934925,-48.42,"[733.4000244140625, 436.79998779296875]"
amp_sweep,1790079032.6972787,17.699293359000002,0.5434465869471702,0.903,0.4436029257526001,0.5,5.3381291086224465,0.46479617872934925,-48.42,"[733.4000244140625, 436.79998779296875]"
amp_sweep,1790079032.7472792,17.749293877,0.5895218564381965,0.903,0.44220586525386674,0.5,5.495253034616759,0.4740000634566631,0.0,"[718.7999877929688, 437.79998779296875]"
amp_sweep,1790079032.7971218,17.799136197000003,0.642843612274403,0.903,0.4408129494752,0.5,5.651910814234725,0.4908738521234052,2.69,"[718.7999877929688, 437.79998779296875]"
amp_sweep,1790079032.8472087,17.849223355,0.7024427251315166,0.903,0.4394142570552667,0.5,5.809218278355047,0.5154175447295755,18.83,"[712.4000244140625, 449.0]"
amp_sweep,1790079032.897166,17.899180415,0.7664689760187516,0.903,0.43801844280220004,0.5,5.9662020421931174,0.5491651220630596,64.56,"[712.4000244140625, 449.0]"
amp_sweep,1790079032.9472985,17.949313034000003,0.8336109765708375,0.903,0.436619077999,0.5,6.123585127590204,0.5951845456996288,40.35,"[693.7999877929688, 486.0]"
amp_sweep,1790079032.9972908,17.999305537,0.901893711458915,0.903,0.4352226011393334,0.5,6.280643413147615,0.6504078540635119,10.76,"[693.7999877929688, 486.0]"
amp_sweep,1790079033.047286,18.04930057,0.9697659878940693,0.903,0.4338261417100666,0.5,0.15451443117162,0.7086991240031663,34.97,"[641.0, 573.4000244140625]"
amp_sweep,1790079033.097327,18.099341505,1.0356137388579634,0.903,0.43242858131640005,0.5,0.31169457910806386,0.7884661249732196,34.97,"[641.0, 573.4000244140625]"
amp_sweep,1790079033.1471586,18.149173140000002,1.0975907293922327,0.903,0.4310353376004,0.5,0.468389241023786,0.8559612796401878,45.73,"[577.2000122070312, 681.2000122070312]"
amp_sweep,1790079033.1971283,18.199142918,1.154535384971263,0.903,0.4296388877802001,0.5,0.6254444855195089,0.9219224535192704,5.38,"[577.2000122070312, 681.2000122070312]"
amp_sweep,1790079033.2472076,18.249221976,1.2049985783737795,0.903,0.4282405124594666,0.5,0.7827162862800279,0.983281685034696,8.07,"[522.4000244140625, 658.4000244140625]"
amp_sweep,1790079033.2973185,18.299333185000002,1.2477024927830682,0.903,0.42684193113040003,0.5,0.9400112562863683,1.0461748973380072,29.59,"[522.4000244140625, 658.4000244140625]"
amp_sweep,1790079033.3474457,18.34946021,1.2816667835411393,0.903,0.4254419277432666,0.5,1.0974661616331076,1.102932186489776,51.11,"[490.79998779296875, 667.5999755859375]"
amp_sweep,1790079033.3973134,18.399327991,1.3059705875895666,0.903,0.4240485371538,0.5,1.2541773420430005,1.1550875332778878,78.01,"[490.79998779296875, 667.5999755859375]"
amp_sweep,1790079033.447381,18.449395613,1.3202974354472312,0.903,0.4226498879188,0.5,1.4114799492610786,1.1995729761265714,83.39,"[456.20001220703125, 693.5999755859375]"
amp_sweep,1790079033.4972825,18.499297036,1.324254718273147,0.903,0.4212560990838,0.5,1.5682359193574342,1.2501943421267976,83.39,"[456.20001220703125, 693.5999755859375]"
amp_sweep,1790079033.5472548,18.54926953,1.3178554677688623,0.903,0.4198592376938667,0.5,1.7253374520793088,1.2778059963087391,83.39,"[415.20001220703125, 718.2000122070312]"
amp_sweep,1790079033.5973077,18.599322427,1.301305785047019,0.903,0.4184623924494,0.5,1.8824371689606352,1.2962137657633668,115.67,"[415.20001220703125, 718.2000122070312]"
amp_sweep,1790079033.64729,18.649304407000002,1.2750844828225456,0.903,0.41706574983333344,0.5,2.039514096728851,1.3054176504906807,134.5,"[425.6000061035156, 716.0]"
amp_sweep,1790079033.697365,18.699379684,1.2398645922121356,0.903,0.41566788926806664,0.5,2.196728004219949,1.3054176504906807,75.32,"[425.6000061035156, 716.0]"
amp_sweep,1790079033.747305,18.749319460000002,1.1966746932150256,0.903,0.41427248393106664,0.5,2.3536657782831654,1.3023496889149093,0.0,"[427.20001220703125, 711.4000244140625]"
amp_sweep,1790079033.7973773,18.799391944,1.1464347417401877,0.903,0.4128734165061334,0.5,2.511015418284863,1.2854759002481673,-2.69,"[427.20001220703125, 711.4000244140625]"
amp_sweep,1790079033.8472443,18.849258764,1.090771869411254,0.903,0.4114800570064666,0.5,2.66772310210213,1.2593982268541113,-2.69,"[418.20001220703125, 722.7999877929688]"
amp_sweep,1790079033.897293,18.899307800000003,1.0307000068212808,0.903,0.41008229655426665,0.5,2.8249257501251535,1.213378803217542,-2.69,"[418.20001220703125, 722.7999877929688]"
amp_sweep,1790079033.9471684,18.949183059000003,0.9680769198793245,0.903,0.40868853704926666,0.5,2.981678421549219,1.1734953027325155,-5.38,"[412.6000061035156, 701.2000122070312]"
amp_sweep,1790079033.997145,18.99915953,0.9041643377689284,0.903,0.4072920849664666,0.5,3.1387339205139426,1.1244079175201749,-53.8,"[412.6000061035156, 701.2000122070312]"
amp_sweep,1790079034.047312,19.049326534000002,0.8404971616418848,0.903,0.40589201196946656,0.5,3.2961966547095756,1.0722525707320631,-48.42,"[457.6000061035156, 686.7999877929688]"
amp_sweep,1790079034.0971553,19.099170105000002,0.7790871560475006,0.903,0.404498376684,0.5,3.452935355471112,1.012427320004523,-64.56,"[457.6000061035156, 686.7999877929688]"
amp_sweep,1790079034.147216,19.149230648,0.7209558775416564,0.903,0.40310040712286677,0.5,3.610161521456746,0.9526020692769832,-75.32,"[522.5999755859375, 678.4000244140625]"
amp_sweep,1790079034.197398,19.199412546,0.6675970386004313,0.903,0.4016994109012667,0.5,3.76772808843117,0.8912428377615575,-29.59,"[522.5999755859375, 678.4000244140625]"
amp_sweep,1790079034.2472868,19.249301473000003,0.6206586911674981,0.903,0.4003058483542,0.5,3.9244586084854376,0.8268156446703606,-8.07,"[603.7999877929688, 640.7999877929688]"
amp_sweep,1790079034.2972867,19.299301442,0.5808783643482898,0.903,0.39890948973633333,0.5,4.081503595681141,0.7516505860639642,-8.07,"[603.7999877929688, 640.7999877929688]"
amp_sweep,1790079034.3471699,19.349184477,0.5493117731772844,0.903,0.3975145600202,0.5,4.238387877846243,0.6979612584879668,-24.21,"[667.4000244140625, 621.4000244140625]"
amp_sweep,1790079034.3971956,19.399210208,0.5266105051824539,0.903,0.39611800612039993,0.5,4.39545482791619,0.6488738732756262,-13.45,"[667.4000244140625, 621.4000244140625]"
amp_sweep,1790079034.4473014,19.449316105,0.5132956146854926,0.903,0.394718776319,0.5,4.552822729995981,0.607456392002714,-45.73,"[695.0, 599.0]"
amp_sweep,1790079034.4973297,19.499344224,0.5096795474701383,0.903,0.3933216147016,0.5,4.709958028555697,0.5721748338813442,-72.63,"[695.0, 599.0]"
amp_sweep,1790079034.5472927,19.549307396,0.5157471521862479,0.903,0.3919256228204666,0.5,4.8669617697814544,0.543029198911517,-48.42,"[715.2000122070312, 503.3999938964844]"
amp_sweep,1790079034.5974123,19.599427148,0.5313264470583074,0.903,0.3905259814772667,0.5,5.024375956945811,0.521553467881118,-51.11,"[715.2000122070312, 503.3999938964844]"
amp_sweep,1790079034.6474893,19.649504,0.5558958393463231,0.903,0.3891295306235334,0.5,5.181431317680456,0.5123495831538042,-37.66,"[704.5999755859375, 477.6000061035156]"
amp_sweep,1790079034.6972184,19.699232954000003,0.5887133402429703,0.903,0.38773682255713326,0.5,5.338065736415452,0.5123495831538042,-37.66,"[704.5999755859375, 477.6000061035156]"
amp_sweep,1790079034.7473576,19.74937199,0.62919764144227,0.903,0.38633689919899994,0.5,5.495511641099235,0.521553467881118,8.07,"[704.5999755859375, 462.20001220703125]"
amp_sweep,1790079034.797408,19.799422755000002,0.6760643503101756,0.903,0.3849392594746667,0.5,5.652700711158815,0.5384272565478601,2.69,"[704.5999755859375, 462.20001220703125]"
amp_sweep,1790079034.8475783,19.849592735,0.7280837799730497,0.903,0.3835439238592667,0.5,5.80963064380677,0.5614369683661447,29.59,"[712.5999755859375, 486.20001220703125]"
amp_sweep,1790079034.8972254,19.899239937,0.783922416601643,0.903,0.3821508110388666,0.5,5.966310584219315,0.5936505649117432,53.8,"[712.5999755859375, 486.20001220703125]"
amp_sweep,1790079034.947315,19.949329547,0.842506827608327,0.903,0.38075200305873325,0.5,6.123631045108446,0.6350680461846554,26.9,"[678.5999755859375, 512.4000244140625]"
amp_sweep,1790079034.9974082,19.99942275,0.9021473093506208,0.903,0.37935331910260006,0.5,6.28093755732619,0.6826214506091103,21.52,"[678.5999755859375, 512.4000244140625]"
amp_sweep,1790079035.0474415,20.049456157,0.9612830366414923,0.903,0.37795672816320003,0.5,0.1548233659684115,0.7301748550335652,53.8,"[624.5999755859375, 583.7999877929688]"
amp_sweep,1790079035.0971632,20.099177574000002,1.0183479050266966,0.903,0.37656524139799996,0.5,0.31132042798940773,0.8022719520641903,53.8,"[624.5999755859375, 583.7999877929688]"
amp_sweep,1790079035.147309,20.149323703,1.0725056093873977,0.903,0.3751650180917334,0.5,0.4688000670951098,0.8620972027917303,8.07,"[575.4000244140625, 641.7999877929688]"
amp_sweep,1790079035.1971574,20.199171935000003,1.1218360240950835,0.903,0.37377197605439993,0.5,0.6254720467118702,0.9188544919434991,2.69,"[575.4000244140625, 641.7999877929688]"
amp_sweep,1790079035.2472992,20.249313793000002,1.165644699590508,0.903,0.3723723369458667,0.5,0.7828859825488124,0.9740778003073821,2.69,"[531.5999755859375, 646.4000244140625]"
amp_sweep,1790079035.2972832,20.29929763,1.2025671344910576,0.903,0.37097607989359993,0.5,0.9399195469136288,1.0277671278833795,13.45,"[531.5999755859375, 646.4000244140625]"
amp_sweep,1790079035.3473706,20.34938508,1.2318918101626908,0.903,0.3695780599966,0.5,1.0971513740492185,1.0783884938836057,40.35,"[514.0, 666.5999755859375]"
amp_sweep,1790079035.3973126,20.399327119000002,1.2528806717370684,0.903,0.3681818858225333,0.5,1.2541756173086327,1.1213399559444037,56.49,"[514.0, 666.5999755859375]"
amp_sweep,1790079035.4474044,20.449418896,1.2651415776078676,0.903,0.3667826251827334,0.5,1.4115469877067142,1.1612234564294304,67.25,"[475.79998779296875, 688.2000122070312]"
amp_sweep,1790079035.4972236,20.499238019,1.2683900363603293,0.903,0.36539145649439997,0.5,1.568008276412158,1.2041749184902284,67.25,"[475.79998779296875, 688.2000122070312]"
amp_sweep,1790079035.5471725,20.549187054,1.2626743337660575,0.903,0.36399527977839996,0.5,1.7250328055565092,1.2287186110963986,78.01,"[451.3999938964844, 729.7999877929688]"
amp_sweep,1790079035.59715,20.599164552,1.2481701616580658,0.903,0.36259870305706665,0.5,1.8821023223076594,1.2471263805510262,78.01,"[451.3999938964844, 729.7999877929688]"
amp_sweep,1790079035.6473184,20.649333037,1.2252347319335544,0.903,0.36119864659660006,0.5,2.039563196680433,1.2547962844904545,69.94,"[423.0, 700.7999877929688]"
amp_sweep,1790079035.6971729,20.699187367,1.1946844401580063,0.903,0.35980510583753333,0.5,2.196291266292434,1.2547962844904545,2.69,"[423.0, 700.7999877929688]"
amp_sweep,1790079035.7473767,20.749391261,1.1569963838770425,0.903,0.3584032491575333,0.5,2.3539546068869583,1.248660361338912,-2.69,"[425.3999938964844, 705.7999877929688]"
amp_sweep,1790079035.7972522,20.79926683,1.11359938483815,0.903,0.3570099073955333,0.5,2.5106602957928885,1.2333205534600555,-2.69,"[425.3999938964844, 705.7999877929688]"
amp_sweep,1790079035.8476186,20.849633142000002,1.065189932028523,0.903,0.3556109451116667,0.5,2.6679981108398323,1.210310841641771,-2.69,"[435.0, 721.4000244140625]"
amp_sweep,1790079035.8974032,20.899417729,1.0132424106829232,0.903,0.35421404053679995,0.5,2.825104500463951,1.1704273411567443,-2.69,"[435.0, 721.4000244140625]"
amp_sweep,1790079035.9471498,20.949164223,0.9591950313487775,0.903,0.3528222252476667,0.5,2.9816385107561416,1.1397477253990314,-2.69,"[419.20001220703125, 707.0]"
amp_sweep,1790079035.997305,20.999319423000003,0.9039113830080234,0.903,0.3514230591901333,0.5,3.1389992437215,1.0952622825503477,-43.04,"[419.20001220703125, 707.0]"
amp_sweep,1790079036.0473056,21.049320145000003,0.8491148375693194,0.903,0.3500257281570667,0.5,3.296153596040668,1.047708878125893,-43.04,"[472.0, 670.4000244140625]"
amp_sweep,1790079036.0972855,21.099300007,0.7961137758186472,0.903,0.34862934861713335,0.5,3.453200936289278,0.9955535313377811,-67.25,"[472.0, 670.4000244140625]"
amp_sweep,1790079036.14752,21.149534572,0.746131913946825,0.903,0.3472321730889333,0.5,3.610337799362142,0.9464661461254406,-75.32,"[524.7999877929688, 646.5999755859375]"
amp_sweep,1790079036.197383,21.199397636,0.7004539884699382,0.903,0.34583656165980003,0.5,3.7672987520959538,0.8927768185494431,-29.59,"[524.7999877929688, 646.5999755859375]"
amp_sweep,1790079036.2474048,21.249419396,0.6599863942676619,0.903,0.34443634678939994,0.5,3.9247774424406714,0.8390874909734457,-32.28,"[587.4000244140625, 638.0]"
amp_sweep,1790079036.2971969,21.299211362,0.6260059562305356,0.903,0.3430435040005333,0.5,4.0814270130770325,0.7700583555185919,-32.28,"[587.4000244140625, 638.0]"
amp_sweep,1790079036.3471172,21.349131760000002,0.5990466352449039,0.903,0.3416495474817334,0.5,4.2382018421540835,0.7240389318820226,-18.83,"[644.4000244140625, 623.2000122070312]"
amp_sweep,1790079036.3973033,21.399318006,0.5796691649243476,0.903,0.34024900713213335,0.5,4.395717138336408,0.6826214506091103,-26.9,"[644.4000244140625, 623.2000122070312]"
amp_sweep,1790079036.447265,21.449279479,0.568456944214427,0.903,0.3388529729040667,0.5,4.552725642216629,0.6458059116998549,-10.76,"[685.7999877929688, 606.0]"
amp_sweep,1790079036.497281,21.499295788,0.5655449901983143,0.903,0.33745611774326667,0.5,4.709826474363339,0.6166602767300278,-26.9,"[685.7999877929688, 606.0]"
amp_sweep,1790079036.547328,21.549342753,0.5709520756284011,0.903,0.3360583197207334,0.5,4.867033347828482,0.5936505649117432,-34.97,"[693.7999877929688, 563.4000244140625]"
amp_sweep,1790079036.5972776,21.599292174000002,0.5844532384833028,0.903,0.33466275075026675,0.5,5.023989525341463,0.5767767762450011,-29.59,"[693.7999877929688, 563.4000244140625]"
amp_sweep,1790079036.6472664,21.649281065,0.6056730788648079,0.903,0.3332660001998,0.5,5.181078592223685,0.5737088146692298,-26.9,"[693.2000122070312, 515.7999877929688]"
amp_sweep,1790079036.6972017,21.699216319,0.6339754950153866,0.903,0.33187110523273333,0.5,5.337958966247527,0.5737088146692298,-26.9,"[693.2000122070312, 515.7999877929688]"
amp_sweep,1790079036.7471488,21.74916311,0.6686477898752385,0.903,0.33047555665359996,0.5,5.494912850397867,0.5783107570328867,0.0,"[690.4000244140625, 510.20001220703125]"
amp_sweep,1790079036.7972617,21.799276250000002,0.7088772219707403,0.903,0.3290766136716667,0.5,5.652248494604294,0.5936505649117432,2.69,"[690.4000244140625, 510.20001220703125]"
amp_sweep,1790079036.8472812,21.849295717,0.7534833886962975,0.903,0.32767961895593334,0.5,5.809365022147901,0.6105243535784852,24.21,"[679.2000122070312, 509.6000061035156]"
amp_sweep,1790079036.8972802,21.899294628,0.8013803700861453,0.903,0.32628272348733334,0.5,5.966470387612816,0.6381360077604268,51.11,"[679.2000122070312, 509.6000061035156]"
amp_sweep,1790079036.947404,21.949418545,0.8514593097782426,0.903,0.3248832254142,0.5,6.123868461548454,0.6718835850939109,21.52,"[634.4000244140625, 563.4000244140625]"
amp_sweep,1790079036.997333,21.999347578000002,0.9022167649450638,0.903,0.32348819483080005,0.5,6.280764088004631,0.7133010663668231,26.9,"[634.4000244140625, 563.4000244140625]"
amp_sweep,1790079037.047262,22.049276706,0.9525336034506817,0.903,0.3220938349546666,0.5,0.15439897450001894,0.7547185476397354,48.42,"[634.0, 591.2000122070312]"
amp_sweep,1790079037.0972466,22.099261040000002,1.001316710965189,0.903,0.32069617506246667,0.5,0.3115903127894981,0.8160777791551611,48.42,"[634.0, 591.2000122070312]"
amp_sweep,1790079037.1471596,22.149174169000002,1.0471436012899387,0.903,0.3193021675932667,0.5,0.46837087213155115,0.8666991451553873,2.69,"[601.2000122070312, 656.4000244140625]"
amp_sweep,1790079037.19715,22.199164512000003,1.0891247199542984,0.903,0.3179053969587333,0.5,0.6254621978188979,0.9157865303677277,8.07,"[601.2000122070312, 656.4000244140625]"
amp_sweep,1790079037.247298,22.249312547000002,1.1262421478296352,0.903,0.31650559762460007,0.5,0.7828941538313003,0.9633399347921826,2.69,"[544.2000122070312, 633.4000244140625]"
amp_sweep,1790079037.297292,22.299306473,1.1574648397992728,0.903,0.31510888408579996,0.5,0.939979058103269,1.0078253776408663,8.07,"[544.2000122070312, 633.4000244140625]"
amp_sweep,1790079037.3473034,22.349317944000003,1.182165161586499,0.903,0.3137120676406,0.5,1.0970755360025706,1.05231082048955,40.35,"[509.3999938964844, 653.4000244140625]"
amp_sweep,1790079037.3973646,22.399379123000003,1.199798945454888,0.903,0.3123144202904667,0.5,1.2542654637169406,1.0891263593988052,37.66,"[509.3999938964844, 653.4000244140625]"
amp_sweep,1790079037.4473977,22.449412206,1.2099816916632369,0.903,0.3109159854158666,0.5,1.4115439623530008,1.1228739367322893,53.8,"[486.79998779296875, 653.5999755859375]"
amp_sweep,1790079037.4972847,22.499299319000002,1.2125214831452658,0.903,0.30952247166833335,0.5,1.5682689940449066,1.158155494853659,53.8,"[486.79998779296875, 653.5999755859375]"
amp_sweep,1790079037.547194,22.549208410000002,1.2074651852487237,0.903,0.3081277152785333,0.5,1.7251337826276014,1.1780972450961724,75.32,"[468.6000061035156, 685.5999755859375]"
amp_sweep,1790079037.5971425,22.599156984,1.1949890301877528,0.903,0.30673205963093336,0.5,1.8820997085025866,1.193437052975029,64.56,"[468.6000061035156, 685.5999755859375]"
amp_sweep,1790079037.6473618,22.649376273,1.175386518798634,0.903,0.30533148606859994,0.5,2.03961874003857,1.1995729761265714,53.8,"[439.20001220703125, 675.7999877929688]"
amp_sweep,1790079037.6973398,22.699354416000002,1.1493264794154832,0.903,0.3039351583729333,0.5,2.1966602494912095,1.1995729761265714,0.0,"[439.20001220703125, 675.7999877929688]"
amp_sweep,1790079037.747317,22.749331609000002,1.1174532438553033,0.903,0.3025385630480001,0.5,2.353731858543064,1.1949710337629145,-2.69,"[438.3999938964844, 686.7999877929688]"
amp_sweep,1790079037.7973087,22.799323239000003,1.0806097047355336,0.903,0.30114202194166667,0.5,2.510797369763573,1.179631225884058,-2.69,"[438.3999938964844, 686.7999877929688]"
amp_sweep,1790079037.8472192,22.849233782000002,1.0398166673788978,0.903,0.2997477872627334,0.5,2.667603482820276,1.1612234564294304,-2.69,"[453.20001220703125, 714.7999877929688]"
amp_sweep,1790079037.8972898,22.899304354,0.9959160734479915,0.903,0.2983492716328666,0.5,2.824891063800699,1.1259418983080607,-2.69,"[453.20001220703125, 714.7999877929688]"
amp_sweep,1790079037.947195,22.949209645,0.9502487798162196,0.903,0.29695410364540004,0.5,2.981802143751132,1.0998642249140047,-43.04,"[449.20001220703125, 664.7999877929688]"
amp_sweep,1790079037.997154,22.999168422,0.9038395736878083,0.903,0.2955585907371333,0.5,3.1387520160876576,1.0630486860047492,-34.97,"[449.20001220703125, 664.7999877929688]"
amp_sweep,1790079038.0471714,23.049185957000002,0.8577918214202169,0.903,0.2941614132815333,0.5,3.295889095930413,1.0231651855197226,-59.18,"[467.6000061035156, 672.5999755859375]"
amp_sweep,1790079038.0973623,23.099376779,0.8131745480556597,0.903,0.2927605106366,0.5,3.4534451385694425,0.9817477042468103,-83.39,"[467.6000061035156, 672.5999755859375]"
amp_sweep,1790079038.1471882,23.149202701,0.7714313177368289,0.903,0.29136761446713333,0.5,3.610100712789368,0.9418642037617837,-75.32,"[531.7999877929688, 646.0]"
amp_sweep,1790079038.1973078,23.199322279,0.733143285876613,0.903,0.28996872969826665,0.5,3.767429809916699,0.8943107993373288,-26.9,"[531.7999877929688, 646.0]"
amp_sweep,1790079038.2472034,23.249218072,0.6995043955921603,0.903,0.2885742466640666,0.5,3.9242638548736792,0.8482913757007595,-21.52,"[593.0, 636.4000244140625]"
amp_sweep,1790079038.2971938,23.299208396,0.6711337818124413,0.903,0.28717780759819994,0.5,4.08131788985623,0.7915340865489908,-21.52,"[593.0, 636.4000244140625]"
amp_sweep,1790079038.3471284,23.349143090000002,0.6487567394519465,0.903,0.2857834271072667,0.5,4.2381404020265805,0.7531845668518499,-10.76,"[641.7999877929688, 635.2000122070312]"
amp_sweep,1790079038.3971314,23.399146069,0.6327920302526955,0.903,0.2843861172197333,0.5,4.395292376160107,0.7179030087304801,-13.45,"[641.7999877929688, 635.2000122070312]"
amp_sweep,1790079038.4471765,23.449191191,0.6236199200416226,0.903,0.28298799547779996,0.5,4.5525356575425135,0.6872233929727672,-13.45,"[664.5999755859375, 592.7999877929688]"
amp_sweep,1790079038.4971788,23.499193241,0.6214096469317074,0.903,0.2815914466339333,0.5,4.709602038984194,0.6611457195787114,-8.07,"[664.5999755859375, 592.7999877929688]"
amp_sweep,1790079038.5473657,23.549380325,0.6261583788712739,0.903,0.2801905700787334,0.5,4.867155147375691,0.6396699885483124,-16.14,"[684.4000244140625, 643.4000244140625]"
amp_sweep,1790079038.5972822,23.599296751,0.6376280347651535,0.903,0.2787962317671332,0.5,5.023972915741133,0.6289321230331129,-34.97,"[684.4000244140625, 643.4000244140625]"
amp_sweep,1790079038.6473134,23.649327813000003,0.6555252261685192,0.903,0.2773986604236,0.5,5.181154295181891,0.6227961998815703,-24.21,"[683.2000122070312, 572.2000122070312]"
amp_sweep,1790079038.6971822,23.699196557,0.6792562329356445,0.903,0.27600477720186656,0.5,5.337920880719814,0.6212622190936846,-24.21,"[683.2000122070312, 572.2000122070312]"
amp_sweep,1790079038.7471077,23.749122141,0.7082410890047515,0.903,0.27460994771053326,0.5,5.494793890850481,0.6304661038209985,2.69,"[677.4000244140625, 600.2000122070312]"
amp_sweep,1790079038.7971652,23.799179811000002,0.7417782164257894,0.903,0.27321210588853334,0.5,5.652005690332906,0.6427379501240836,13.45,"[677.4000244140625, 600.2000122070312]"
amp_sweep,1790079038.8471723,23.849186891000002,0.7789174145586096,0.903,0.2718150248308667,0.5,5.809131928539408,0.6580777580029401,24.21,"[658.5999755859375, 573.0]"
amp_sweep,1790079038.897199,23.899213428000003,0.8187345468739619,0.903,0.27041760773519996,0.5,5.966295960105533,0.6826214506091103,37.66,"[658.5999755859375, 573.0]"
amp_sweep,1790079038.9473028,23.949317317000002,0.8602544873640721,0.903,0.26901881374966663,0.5,6.123614847056736,0.7133010663668231,24.21,"[634.4000244140625, 579.7999877929688]"
amp_sweep,1790079038.9973059,23.999320626000003,0.902334900976345,0.903,0.2676220972219999,0.5,6.2807000874791115,0.7455146629124216,37.66,"[634.4000244140625, 579.7999877929688]"
amp_sweep,1790079039.047206,24.049220485000003,0.9439253304369939,0.903,0.2662277373179333,0.5,0.15433497711609334,0.7807962210337913,21.52,"[597.7999877929688, 593.4000244140625]"
amp_sweep,1790079039.0971825,24.099197036000003,0.9841387827696416,0.903,0.2648313172746667,0.5,0.3113868726740492,0.8329515678219032,21.52,"[597.7999877929688, 593.4000244140625]"
amp_sweep,1790079039.1472337,24.149248154000002,1.0219829181554207,0.903,0.2634332154491999,0.5,0.46862791410089244,0.8728350683069298,10.76,"[563.4000244140625, 615.7999877929688]"
amp_sweep,1790079039.1971529,24.199167549000002,1.0564179399827838,0.903,0.26203866202299997,0.5,0.6254698758713602,0.9127185687919565,2.69,"[563.4000244140625, 615.7999877929688]"
amp_sweep,1790079039.2472608,24.249275273000002,1.0868181263074688,0.903,0.2606398955238667,0.5,0.7827856714954038,0.9510680884890975,2.69,"[547.7999877929688, 610.0]"
amp_sweep,1790079039.2971728,24.299187486,1.112307709854312,0.903,0.2592447942412,0.5,0.9396892493225835,0.9894176081862386,8.07,"[547.7999877929688, 610.0]"
amp_sweep,1790079039.347311,24.349325413000003,1.132449824303032,0.903,0.25784547181286666,0.5,1.0970675689236202,1.0246991663076084,16.14,"[506.20001220703125, 626.2000122070312]"
amp_sweep,1790079039.3973074,24.399322016000003,1.1466999038634542,0.903,0.25644872215626663,0.5,1.2541565352748876,1.0569127628532067,26.9,"[506.20001220703125, 626.2000122070312]"
amp_sweep,1790079039.4473028,24.44931729,1.154811763148083,0.903,0.25505217677613334,0.5,1.4112225271590688,1.0845244170351482,34.97,"[494.79998779296875, 633.2000122070312]"
amp_sweep,1790079039.4971614,24.499175830000002,1.1566573255087396,0.903,0.2536583277168667,0.5,1.567985270529178,1.1136700520049756,34.97,"[494.79998779296875, 633.2000122070312]"
amp_sweep,1790079039.547255,24.549269702,1.1522533468203875,0.903,0.25225932492966674,0.5,1.7253276408854674,1.1305438406717176,48.42,"[462.79998779296875, 674.2000122070312]"
amp_sweep,1790079039.5971901,24.59920487,1.1417997082500349,0.903,0.25086457191979994,0.5,1.882192049335444,1.141281706186917,51.11,"[462.79998779296875, 674.2000122070312]"
amp_sweep,1790079039.6472728,24.649287369000003,1.1255669409631408,0.903,0.24946622944866673,0.5,2.0394601555830008,1.145883648550574,43.04,"[473.20001220703125, 658.4000244140625]"
amp_sweep,1790079039.6972163,24.699230810000003,1.1040799320381187,0.903,0.24807029924433335,0.5,2.196456960172185,1.145883648550574,-10.76,"[473.20001220703125, 658.4000244140625]"
amp_sweep,1790079039.7472982,24.749312714000002,1.077859927497006,0.903,0.24667226850919996,0.5,2.3536900062457278,1.141281706186917,-2.69,"[460.20001220703125, 659.0]"
amp_sweep,1790079039.7974064,24.799421000000002,1.0475968860151743,0.903,0.2452725840648667,0.5,2.511109040887547,1.1274758790959463,-5.38,"[460.20001220703125, 659.0]"
amp_sweep,1790079039.847311,24.849325415000003,1.0142572050818621,0.903,0.24387871858079993,0.5,2.6678736315141407,1.1136700520049756,-2.69,"[451.3999938964844, 648.7999877929688]"
amp_sweep,1790079039.8971648,24.899179558,0.9785708829894689,0.903,0.242484648094,0.5,2.824661278289227,1.0875923786109196,-2.69,"[451.3999938964844, 648.7999877929688]"
amp_sweep,1790079039.9473836,24.949398256000002,0.9412275435592014,0.903,0.24108252724846657,0.5,2.9823543289254815,1.0630486860047492,-37.66,"[445.6000061035156, 681.0]"
amp_sweep,1790079039.9971697,24.999184358,0.9036700768964426,0.903,0.2396915234785333,0.5,3.138797069667902,1.0323690702470365,-40.35,"[445.6000061035156, 681.0]"
amp_sweep,1790079040.0472,25.049214435000003,0.8663808526935652,0.903,0.2382948668678666,0.5,3.29587557137404,1.000155473701438,-56.49,"[466.6000061035156, 671.2000122070312]"
amp_sweep,1790079040.0973012,25.099315987,0.8303573366811333,0.903,0.2368955065060666,0.5,3.453258157257892,0.9679418771558396,-72.63,"[466.6000061035156, 671.2000122070312]"
amp_sweep,1790079040.14738,25.149394724,0.796564798266272,0.903,0.2354969168808,0.5,3.6105540603172415,0.9326603190344698,-40.35,"[527.2000122070312, 658.7999877929688]"
amp_sweep,1790079040.1972954,25.199309918,0.7658771249381398,0.903,0.2341024720314666,0.5,3.767383810717064,0.8943107993373288,-32.28,"[527.2000122070312, 658.7999877929688]"
amp_sweep,1790079040.2473803,25.249394793,0.7388280195271846,0.903,0.2327035343568666,0.5,3.9247188580208814,0.859029241215959,-24.21,"[579.2000122070312, 634.5999755859375]"
amp_sweep,1790079040.2972827,25.299297308,0.7162228083713735,0.903,0.23130993753560003,0.5,4.081453232809338,0.8099418560036186,-24.21,"[579.2000122070312, 634.5999755859375]"
amp_sweep,1790079040.3471692,25.349183622,0.6984399276658886,0.903,0.22991512840766665,0.5,4.238323952718957,0.77772825945802,-8.07,"[642.4000244140625, 617.0]"
amp_sweep,1790079040.3971846,25.399199092,0.6858634128250131,0.903,0.228518029333,0.5,4.395452217252725,0.7501166052760785,-5.38,"[642.4000244140625, 617.0]"
amp_sweep,1790079040.4473186,25.449333185,0.678765969948705,0.903,0.22711861229446664,0.5,4.552841177428078,0.7271068934577939,-2.69,"[640.2000122070312, 605.4000244140625]"
amp_sweep,1790079040.497349,25.499363473000003,0.6772789119326322,0.903,0.2257217642846,0.5,4.70994120532707,0.7071651432152806,-2.69,"[640.2000122070312, 605.4000244140625]"
amp_sweep,1790079040.5474267,25.549441355000003,0.6813641427861168,0.903,0.22432250194086661,0.5,4.867312767362307,0.6918253353364242,-18.83,"[658.2000122070312, 601.5999755859375]"
amp_sweep,1790079040.5973763,25.599390948,0.6908283431766978,0.903,0.22292682637680003,0.5,5.0242809331928555,0.6810874698212247,0.0,"[658.2000122070312, 601.5999755859375]"
amp_sweep,1790079040.647398,25.649412582,0.7053957169076223,0.903,0.22152949682420003,0.5,5.1814351190076025,0.6780195082454534,-10.76,"[659.2000122070312, 611.7999877929688]"
amp_sweep,1790079040.6972184,25.699232915000003,0.7245444971190427,0.903,0.22013812028393331,0.5,5.337919784303978,0.679553489033339,-10.76,"[659.2000122070312, 611.7999877929688]"
amp_sweep,1790079040.7472384,25.749252963,0.747930788440286,0.903,0.21873951875906664,0.5,5.4952170256817965,0.6810874698212247,8.07,"[669.4000244140625, 610.4000244140625]"
amp_sweep,1790079040.7971816,25.799196058000003,0.7747614054657417,0.903,0.21734463194853337,0.5,5.652096482360591,0.6918253353364242,5.38,"[669.4000244140625, 610.4000244140625]"
amp_sweep,1790079040.8472774,25.849291921000003,0.8044592954264622,0.903,0.2159465931406666,0.5,5.809330436354415,0.7086991240031663,21.52,"[651.2000122070312, 587.0]"
amp_sweep,1790079040.8972967,25.899311437,0.8361918062631102,0.903,0.214548853415,0.5,5.966530753315695,0.7271068934577939,37.66,"[651.2000122070312, 587.0]"
amp_sweep,1790079040.9473853,25.949399723000003,0.869185831902852,0.903,0.2131498615218,0.5,6.123871898450858,0.7485826244881929,24.21,"[616.2000122070312, 599.7999877929688]"
amp_sweep,1790079040.9973876,25.999402217,0.9025252440920337,0.903,0.21175326820806661,0.5,6.280943281308041,0.7746602978822488,24.21,"[616.2000122070312, 599.7999877929688]"
amp_sweep,1790079041.047323,26.049337482000002,0.9353984367795852,0.903,0.2103584396944,0.5,0.15463087430337197,0.8022719520641903,24.21,"[589.0, 604.7999877929688]"
amp_sweep,1790079041.0972865,26.099301089,0.9670660785087745,0.903,0.20896267114026662,0.5,0.31160949849586217,0.8452234141249882,24.21,"[589.0, 604.7999877929688]"
amp_sweep,1790079041.147232,26.149246731,0.9967298182029971,0.903,0.20756754103039995,0.5,0.4685163184466674,0.8774370106705868,10.76,"[560.0, 614.0]"
amp_sweep,1790079041.197212,26.199226556000003,1.023727727056958,0.903,0.20617097919753327,0.5,0.625584160728927,0.9096506072161852,2.69,"[560.0, 614.0]"
amp_sweep,1790079041.247279,26.249293451000003,1.0474218182654753,0.903,0.20477296941239997,0.5,0.7828148506079842,0.9418642037617837,2.69,"[547.7999877929688, 604.4000244140625]"
amp_sweep,1790079041.2973745,26.299389198,1.0672575860840534,0.903,0.20337377452766664,0.5,0.9401788256969539,0.9710098387316108,2.69,"[547.7999877929688, 604.4000244140625]"
amp_sweep,1790079041.3473213,26.349335842000002,1.082743348333993,0.903,0.20197798337546657,0.5,1.0971599914378984,1.000155473701438,5.38,"[508.20001220703125, 627.2000122070312]"
amp_sweep,1790079041.3972864,26.39930103,1.0936055282417159,0.903,0.20058287932740004,0.5,1.2540638802827502,1.0246991663076084,16.14,"[508.20001220703125, 627.2000122070312]"
amp_sweep,1790079041.447393,26.449407326000003,1.0996612356273217,0.903,0.19918303521613326,0.5,1.411500872268185,1.047708878125893,16.14,"[497.20001220703125, 626.5999755859375]"
amp_sweep,1790079041.4972684,26.499282863,1.100788594748767,0.903,0.19778923168819992,0.5,1.5682584948422758,1.0707185899441776,16.14,"[497.20001220703125, 626.5999755859375]"
amp_sweep,1790079041.5472043,26.549218734,1.0970580183581309,0.903,0.19639393922979992,0.5,1.7251835737295735,1.081456455459377,43.04,"[492.0, 629.7999877929688]"
amp_sweep,1790079041.5973096,26.599324009,1.0886001348405072,0.903,0.1949953369227999,0.5,1.8824809030720004,1.0891263593988052,40.35,"[492.0, 629.7999877929688]"
amp_sweep,1790079041.6471632,26.649177738000002,1.0757441313334928,0.903,0.1936014183095333,0.5,2.039251469007816,1.0937283017624622,0.0,"[484.6000061035156, 655.2000122070312]"
amp_sweep,1790079041.697178,26.699192457000002,1.058809357332101,0.903,0.19220464432299988,0.5,2.196343171686287,1.0937283017624622,0.0,"[484.6000061035156, 655.2000122070312]"
amp_sweep,1790079041.7473884,26.749402753000002,1.0382238786234943,0.903,0.19080348544559994,0.5,2.353928032154734,1.0891263593988052,-13.45,"[481.79998779296875, 634.5999755859375]"
amp_sweep,1790079041.797193,26.799207739000003,1.0147539376591206,0.903,0.18941111232779995,0.5,2.510524780052215,1.0799224746714913,-10.76,"[481.79998779296875, 634.5999755859375]"
amp_sweep,1790079041.8473203,26.849334905000003,0.9887755015995316,0.903,0.1880122910514,0.5,2.667846736339449,1.0661166475805206,-2.69,"[480.20001220703125, 643.5999755859375]"
amp_sweep,1790079041.897302,26.899316524000003,0.9611106277328636,0.903,0.18661554832226657,0.5,2.824934923575732,1.0446409165501216,-2.69,"[480.20001220703125, 643.5999755859375]"
amp_sweep,1790079041.9472194,26.94923387,0.9324542816132437,0.903,0.1852199764746666,0.5,2.98189142467276,1.0246991663076084,-37.66,"[480.20001220703125, 631.4000244140625]"
amp_sweep,1790079041.9971285,26.99914305,0.9035266489677976,0.903,0.18382547352399994,0.5,3.1387277095853037,1.0032234352772094,-45.73,"[480.20001220703125, 631.4000244140625]"
amp_sweep,1790079042.0473378,27.049352386000002,0.8749021793128865,0.903,0.18242502946059996,0.5,3.2962321766977496,0.9786797426710391,-45.73,"[493.3999938964844, 630.7999877929688]"
amp_sweep,1790079042.0973842,27.099398775,0.8474457056761695,0.903,0.18102659419493328,0.5,3.4535107193161068,0.9526020692769832,-45.73,"[493.3999938964844, 630.7999877929688]"
amp_sweep,1790079042.1473062,27.149320690000003,0.8218456934282322,0.903,0.179632036886,0.5,3.61035311776795,0.923456434307156,-37.66,"[552.7999877929688, 608.5999755859375]"
amp_sweep,1790079042.1973178,27.199332260000002,0.7985904233212336,0.903,0.17823516876413328,0.5,3.76745540761366,0.8943107993373288,-26.9,"[552.7999877929688, 608.5999755859375]"
amp_sweep,1790079042.2472897,27.249304218000002,0.778271782078769,0.903,0.17683910165853328,0.5,3.9244676091484294,0.868233125943273,-24.21,"[566.5999755859375, 615.4000244140625]"
amp_sweep,1790079042.2971761,27.299190661,0.7613497174811535,0.903,0.17544474074886662,0.5,4.081287919062326,0.8314175870340175,-24.21,"[566.5999755859375, 615.4000244140625]"
amp_sweep,1790079042.3470826,27.349097107000002,0.7481626444903856,0.903,0.17405057766306664,0.5,4.238085980217058,0.8084078752157329,-10.76,"[591.0, 595.4000244140625]"
amp_sweep,1790079042.3972926,27.399307291000003,0.7389394466149302,0.903,0.17264976088519995,0.5,4.395632365600271,0.786932144185334,-5.38,"[591.0, 595.4000244140625]"
amp_sweep,1790079042.4473152,27.449329953000003,0.7339231704648449,0.903,0.1712519860473333,0.5,4.552836631543521,0.7669903939428205,-2.69,"[612.0, 588.7999877929688]"
amp_sweep,1790079042.497288,27.499302636000003,0.7331444653820317,0.903,0.16985609098313328,0.5,4.709829484009141,0.7516505860639642,-8.07,"[612.0, 588.7999877929688]"
amp_sweep,1790079042.5472953,27.549309884000003,0.736549698159668,0.903,0.1684589089185332,0.5,4.866967082214678,0.7409127205487647,-13.45,"[623.7999877929688, 584.2000122070312]"
amp_sweep,1790079042.5972993,27.599313905000002,0.7439861240460326,0.903,0.16706218227899994,0.5,5.024053459893601,0.7332428166093364,0.0,"[623.7999877929688, 584.2000122070312]"
amp_sweep,1790079042.6473696,27.649384211,0.7552236302170178,0.903,0.16566338270679998,0.5,5.181372975163335,0.7332428166093364,0.0,"[624.7999877929688, 584.0]"
amp_sweep,1790079042.6972067,27.699221208,0.7698402093445922,0.903,0.1642708290558666,0.5,5.337990027174136,0.7332428166093364,0.0,"[624.7999877929688, 584.0]"
amp_sweep,1790079042.7471116,27.749126094,0.7874874071573741,0.903,0.1628764099051999,0.5,5.494816887308723,0.7363107781851077,10.76,"[627.4000244140625, 582.0]"
amp_sweep,1790079042.7971585,27.799173033000002,0.807721539148762,0.903,0.16147813260253324,0.5,5.65207766422062,0.7439806821245359,13.45,"[627.4000244140625, 582.0]"
amp_sweep,1790079042.8471668,27.849181351000002,0.829924589461892,0.903,0.16008161208306665,0.5,5.809140860087346,0.7562525284276211,24.21,"[608.2000122070312, 586.0]"
amp_sweep,1790079042.8973498,27.899364243,0.8536081661150625,0.903,0.15868102388366664,0.5,5.966661537817878,0.7715923363064775,29.59,"[608.2000122070312, 586.0]"
amp_sweep,1790079042.9473622,27.949376707000003,0.8780183249230926,0.903,0.1572849092634666,0.5,6.123679083201758,0.7884661249732196,16.14,"[593.2000122070312, 603.5999755859375]"
amp_sweep,1790079042.9973905,27.999404922,0.9026548316963563,0.903,0.1558863544152,0.5,6.280971074978261,0.8084078752157329,8.07,"[593.2000122070312, 603.5999755859375]"
amp_sweep,1790079043.0473995,28.049413998000002,0.926832145359414,0.903,0.15448953743926658,0.5,0.15488230538822734,0.8283496254582462,10.76,"[573.4000244140625, 601.2000122070312]"
amp_sweep,1790079043.0971484,28.099163081,0.9498982955504821,0.903,0.1530984644226,0.5,0.31133283413883817,0.8605632220038447,10.76,"[573.4000244140625, 601.2000122070312]"
amp_sweep,1790079043.1471062,28.149120626000002,0.9714690991452748,0.903,0.15170313534359994,0.5,0.4682620316541062,0.8835729338221293,2.69,"[562.4000244140625, 599.4000244140625]"
amp_sweep,1790079043.197189,28.199203552,0.9910102400738673,0.903,0.15030458638926658,0.5,0.6255533605545622,0.9065826456404139,5.38,"[562.4000244140625, 599.4000244140625]"
amp_sweep,1790079043.2471712,28.249185846000003,1.0079987952403522,0.903,0.1489082283300666,0.5,0.7825982849184214,0.9295923574586985,2.69,"[552.7999877929688, 603.0]"
amp_sweep,1790079043.2973914,28.299406118,1.0221405430191615,0.903,0.14750661447453325,0.5,0.9402343156480129,0.9526020692769832,2.69,"[552.7999877929688, 603.0]"
amp_sweep,1790079043.3473916,28.349406038,1.0330365509481654,0.903,0.1461098300688667,0.5,1.0973271901405326,0.9725438195194965,8.07,"[518.4000244140625, 604.0]"
amp_sweep,1790079043.3973255,28.399340054000003,1.0405222903373554,0.903,0.14471511485280003,0.5,1.2541873480156482,0.9924855697620099,5.38,"[518.4000244140625, 604.0]"
amp_sweep,1790079043.447322,28.449336586,1.0444985451573103,0.903,0.14331849139899994,0.5,1.4112621206513012,1.0078253776408663,2.69,"[502.79998779296875, 611.0]"
amp_sweep,1790079043.4973593,28.499373896,1.044920428746857,0.903,0.14192081773566662,0.5,1.5684550077459534,1.0231651855197226,2.69,"[502.79998779296875, 611.0]"
amp_sweep,1790079043.5471113,28.549125970000002,1.041864355287963,0.903,0.14052976712153328,0.5,1.7249030169392512,1.0323690702470365,8.07,"[495.20001220703125, 615.4000244140625]"
amp_sweep,1790079043.5971768,28.599191327000003,1.0354434946002802,0.903,0.1391318500750666,0.5,1.8821232767306952,1.038504993398579,29.59,"[495.20001220703125, 615.4000244140625]"
amp_sweep,1790079043.6471605,28.649174937,1.0258971275185749,0.903,0.1377348748847333,0.5,2.0392376083010504,1.0400389741864646,0.0,"[493.3999938964844, 616.5999755859375]"
amp_sweep,1790079043.6973991,28.699413706,1.0134868878397914,0.903,0.13633444953666662,0.5,2.1967399705464175,1.038504993398579,0.0,"[493.3999938964844, 616.5999755859375]"
amp_sweep,1790079043.7473266,28.749341072000004,0.9986501524747983,0.903,0.13493851877366664,0.5,2.353736837967446,1.0369710126106935,-26.9,"[491.79998779296875, 613.7999877929688]"
amp_sweep,1790079043.797381,28.799395498000003,0.981742173346213,0.903,0.13354051245226656,0.5,2.510967138289004,1.0277671278833795,-18.83,"[491.79998779296875, 613.7999877929688]"
amp_sweep,1790079043.8473494,28.849363979000003,0.9632740055351545,0.903,0.13214461233213334,0.5,2.667960559382891,1.0200972239439514,-2.69,"[495.3999938964844, 615.4000244140625]"
amp_sweep,1790079043.8972661,28.899280514,0.9437179239661504,0.903,0.1307491435305999,0.5,2.8249054711446178,1.0032234352772094,-2.69,"[495.3999938964844, 615.4000244140625]"
amp_sweep,1790079043.9471288,28.949143224,0.9236078499845083,0.903,0.12935590361353327,0.5,2.981599705803731,0.9878836273983529,-24.21,"[488.3999938964844, 606.0]"
amp_sweep,1790079043.99737,28.999384566000003,0.9033041006064373,0.903,0.12795446506759992,0.5,3.1392160198978303,0.9710098387316108,-26.9,"[488.3999938964844, 606.0]"
amp_sweep,1790079044.0473065,29.049321238,0.8835131447288211,0.903,0.1265588057607333,0.5,3.296182357321456,0.9556700308527545,-53.8,"[507.20001220703125, 599.5999755859375]"
amp_sweep,1790079044.0973508,29.099365282,0.8646040733526502,0.903,0.12516097726293324,0.5,3.4533926582641925,0.9357282806102412,-40.35,"[507.20001220703125, 599.5999755859375]"
amp_sweep,1790079044.1473806,29.149395149,0.8470658197895243,0.903,0.12376375212513334,0.5,3.610535100805606,0.9157865303677277,-24.21,"[546.4000244140625, 591.2000122070312]"
amp_sweep,1790079044.1973617,29.199376368000003,0.8313161394355607,0.903,0.12236842698473331,0.5,3.7674638553563113,0.8958447801252144,-21.52,"[546.4000244140625, 591.2000122070312]"
amp_sweep,1790079044.2472734,29.249287984000002,0.8176820625957547,0.903,0.12097314902373328,0.5,3.9243873037570296,0.8774370106705868,-18.83,"[555.2000122070312, 588.7999877929688]"
amp_sweep,1790079044.2972867,29.29930127,0.8064447033838815,0.903,0.11957659369933325,0.5,4.081454414048196,0.8513593372765309,-18.83,"[555.2000122070312, 588.7999877929688]"
amp_sweep,1790079044.3471348,29.349149312,0.7978562519834642,0.903,0.11818275103679993,0.5,4.238216437993586,0.8329515678219032,-13.45,"[574.4000244140625, 587.0]"
amp_sweep,1790079044.3972178,29.399232195000003,0.7920298246932307,0.903,0.11678406182920001,0.5,4.395523540830752,0.8206797215188181,-18.83,"[574.4000244140625, 587.0]"
amp_sweep,1790079044.4471917,29.449206356,0.7890831611683562,0.903,0.11538802670726661,0.5,4.5525321452419405,0.8084078752157329,-21.52,"[587.2000122070312, 584.7999877929688]"
amp_sweep,1790079044.49731,29.499324486000003,0.7890114482196784,0.903,0.11398890841573323,0.5,4.709887506083859,0.7961360289126478,0.0,"[587.2000122070312, 584.7999877929688]"
amp_sweep,1790079044.5472775,29.549291917,0.7917499146140773,0.903,0.11259235398519993,0.5,4.866954515844071,0.7900001057611052,0.0,"[596.4000244140625, 583.0]"
amp_sweep,1790079044.5972872,29.599301790000002,0.797158677477682,0.903,0.11119608137406661,0.5,5.02398983007599,0.7900001057611052,0.0,"[596.4000244140625, 583.0]"
amp_sweep,1790079044.6472976,29.649312138000003,0.8050454316352506,0.903,0.10979869796599996,0.5,5.18115007288138,0.7900001057611052,0.0,"[592.0, 579.5999755859375]"
amp_sweep,1790079044.697272,29.699286667000003,0.8151353134992844,0.903,0.10840303634066667,0.5,5.338116671057193,0.7900001057611052,0.0,"[592.0, 579.5999755859375]"
amp_sweep,1790079044.7471735,29.749187961,0.8271210626794031,0.903,0.10700835165573337,0.5,5.494973395171542,0.7915340865489908,10.76,"[591.5999755859375, 585.2000122070312]"
amp_sweep,1790079044.797176,29.799190442,0.8406809958143036,0.903,0.10561186652779996,0.5,5.652032610640376,0.7976700097005334,5.38,"[591.5999755859375, 585.2000122070312]"
amp_sweep,1790079044.8471866,29.849201116000003,0.855432498814283,0.903,0.1042144474768,0.5,5.809196862117986,0.8068738944278473,8.07,"[575.2000122070312, 589.0]"
amp_sweep,1790079044.8973653,29.899379930000002,0.8710040949963483,0.903,0.10281377349413331,0.5,5.9667271876795525,0.8160777791551611,18.83,"[575.2000122070312, 589.0]"
amp_sweep,1790079044.947317,29.949331452000003,0.8868874402238262,0.903,0.10141861276933331,0.5,6.123637450815906,0.8268156446703606,8.07,"[573.5999755859375, 594.7999877929688]"
amp_sweep,1790079044.997286,29.999300522000002,0.9027431915537534,0.903,0.10002282882393328,0.5,6.280617806025944,0.8406214717613314,2.69,"[573.5999755859375, 594.7999877929688]"
amp_sweep,1790079045.047293,30.049307479000003,0.91860337810139,0.903,0.10137402533126667,0.5,0.15453321789573948,0.8544272988523022,2.69,"[569.4000244140625, 590.7999877929688]"
amp_sweep,1790079045.0971794,30.099194014000002,0.9344890645697234,0.903,0.1027689380360001,0.5,0.3114155868309112,0.8759030298827011,2.69,"[569.4000244140625, 590.7999877929688]"
amp_sweep,1790079045.147114,30.14912864,0.9500142850204499,0.903,0.1041636711294001,0.5,0.46827775532532456,0.8912428377615575,2.69,"[549.7999877929688, 589.2000122070312]"
amp_sweep,1790079045.1972783,30.199292940000003,0.9648339939437895,0.903,0.10556428877053337,0.5,0.6258017442945132,0.9065826456404139,2.69,"[549.7999877929688, 589.2000122070312]"
amp_sweep,1790079045.2471607,30.24917538,0.9784126889523498,0.903,0.10695775679120006,0.5,0.7825216331992451,0.9219224535192704,2.69,"[543.4000244140625, 592.7999877929688]"
amp_sweep,1790079045.2973738,30.299388361000002,0.9905200949906984,0.903,0.10835981255206677,0.5,0.9402073639246069,0.9372622613981267,8.07,"[543.4000244140625, 592.7999877929688]"
amp_sweep,1790079045.3473,30.349314524,1.0006642992138495,0.903,0.10975401681160002,0.5,1.0970100557869031,0.9510680884890975,2.69,"[526.0, 594.0]"
amp_sweep,1790079045.3972876,30.399302056000003,1.0086218614163938,0.903,0.1111505014367334,0.5,1.2540692147070658,0.966407896367954,5.38,"[526.0, 594.0]"
amp_sweep,1790079045.4474773,30.449491979,1.0141312228097679,0.903,0.11255226610433336,0.5,1.4117222068953978,0.9786797426710391,5.38,"[509.6000061035156, 596.0]"
amp_sweep,1790079045.4973466,30.499361139,1.0169439722137652,0.903,0.1139443317040667,0.5,1.5682843689993646,0.9924855697620099,5.38,"[509.6000061035156, 596.0]"
amp_sweep,1790079045.5471382,30.549152598000003,1.0169697616023226,0.903,0.11533718426960006,0.5,1.7249350391931486,1.000155473701438,2.69,"[499.3999938964844, 600.2000122070312]"
amp_sweep,1790079045.5972755,30.599289989000003,1.0141172720593912,0.903,0.11673672491313343,0.5,1.8823379009159922,1.0078253776408663,0.0,"[499.3999938964844, 600.2000122070312]"
amp_sweep,1790079045.6473088,30.649323551000002,1.0083929025567435,0.903,0.1181343212290667,0.5,2.039522088940579,1.012427320004523,2.69,"[494.6000061035156, 603.0]"
amp_sweep,1790079045.6972933,30.699307628000003,0.9998790754168233,0.903,0.11953095800706671,0.5,2.196598360115935,1.012427320004523,0.0,"[494.6000061035156, 603.0]"
amp_sweep,1790079045.7473543,30.749368778,0.9887178096712023,0.903,0.12092828261546669,0.5,2.3537519898687904,1.012427320004523,-5.38,"[492.20001220703125, 602.7999877929688]"
amp_sweep,1790079045.7973332,30.799347912,0.9751420784224332,0.903,0.1223249706790667,0.5,2.510834029008258,1.009359358428752,-45.73,"[492.20001220703125, 602.7999877929688]"
amp_sweep,1790079045.8472006,30.849215172,0.9594658002030665,0.903,0.12371924482780007,0.5,2.66764458113537,1.0032234352772094,-18.83,"[489.79998779296875, 601.7999877929688]"
amp_sweep,1790079045.8973634,30.899377911000002,0.9419515825232482,0.903,0.1251184833444,0.5,2.825013463392075,0.9924855697620099,-18.83,"[489.79998779296875, 601.7999877929688]"
amp_sweep,1790079045.94711,30.949124603,0.9231604644219138,0.903,0.1265103398352001,0.5,2.9815521075334246,0.9802137234589247,-26.9,"[497.3999938964844, 598.0]"
amp_sweep,1790079045.9971468,30.999161274000002,0.9033643994136112,0.903,0.12790800226933338,0.5,3.1387437317078266,0.966407896367954,-37.66,"[497.3999938964844, 598.0]"
amp_sweep,1790079046.0473888,31.049403343,0.8830596376016875,0.903,0.12930994182753341,0.5,3.2964163934077604,0.9510680884890975,-21.52,"[514.5999755859375, 589.0]"
amp_sweep,1790079046.097243,31.099257649000002,0.8629329831213667,0.903,0.13070360007420007,0.5,3.4531576765584546,0.9326603190344698,-24.21,"[514.5999755859375, 589.0]"
