mode,t_ros_sec,t_rel_sec,tail_target_rad,tail_bias_rad,tail_bias_offset_rad,tail_amp_rad,tail_freq_hz,phase_rad,cycle_idx,present_position_rad,present_current_ma,sensor_len,sensor_values
std,1788868349.1699147,0.017531956,0.9356697851294415,0.903,0.0,0.3,1.0,0.10911568100007285,0,0.6734175658817965,2.69,2,"[618.4000244140625, 423.0]"
std,1788868349.2198641,0.067481424,1.0262149973570684,0.903,0.0,0.3,1.0,0.42323993645052055,0,0.7317088358214509,2.69,2,"[618.4000244140625, 423.0]"
std,1788868349.269811,0.11742784,1.1045622374614859,0.903,0.0,0.3,1.0,0.7367362189454423,0,0.8022719520641903,2.69,2,"[579.4000244140625, 494.20001220703125]"
std,1788868349.3198328,0.167449763,1.163432682363151,0.903,0.0,0.3,1.0,1.0513797859447136,0,0.8620972027917303,2.69,2,"[579.4000244140625, 494.20001220703125]"
std,1788868349.3697355,0.21735279300000002,1.196680529894867,0.903,0.0,0.3,1.0,1.365178848856403,0,0.9295923574586985,2.69,2,"[528.0, 577.5999755859375]"
std,1788868349.4197156,0.267332887,1.2012382260863257,0.903,0.0,0.3,1.0,1.679224520508214,0,0.9909515889741242,59.18,2,"[528.0, 577.5999755859375]"
std,1788868349.4697864,0.31740359,1.176581686908368,0.903,0.0,0.3,1.0,1.9936077248747264,0,1.0661166475805206,121.05,2,"[483.79998779296875, 622.2000122070312]"
std,1788868349.5196862,0.367303374,1.1252146839592558,0.903,0.0,0.3,1.0,2.307457731852886,0,1.1336118022474888,67.25,2,"[483.79998779296875, 622.2000122070312]"
std,1788868349.5698416,0.417458726,1.0518717967802866,0.903,0.0,0.3,1.0,2.6223309178592085,0,1.162757437217316,102.22,2,"[433.6000061035156, 666.2000122070312]"
std,1788868349.619765,0.467382159,0.96424183543661,0.903,0.0,0.3,1.0,2.9360080869759386,0,1.162757437217316,-2.69,2,"[433.6000061035156, 666.2000122070312]"
std,1788868349.6698623,0.517479427,0.8703362427160624,0.903,0.0,0.3,1.0,3.250688121582733,0,1.1382137446111458,-2.69,2,"[420.6000061035156, 667.5999755859375]"
std,1788868349.7199292,0.5675463580000001,0.779675528730503,0.903,0.0,0.3,1.0,3.5652328540771228,0,1.0921943209745766,-24.21,2,"[420.6000061035156, 667.5999755859375]"
std,1788868349.7698426,0.6174597000000001,0.7013130885470933,0.903,0.0,0.3,1.0,3.878890105496429,0,1.026233147095494,-26.9,2,"[434.0, 647.4000244140625]"
std,1788868349.8197947,0.667411682,0.6425640672771511,0.903,0.0,0.3,1.0,4.192994267320264,0,0.923456434307156,-26.9,2,"[434.0, 647.4000244140625]"
std,1788868349.86982,0.717437121,0.6092914430985488,0.903,0.0,0.3,1.0,4.5072295780710165,0,0.8436894333371027,-29.59,2,"[497.79998779296875, 597.5999755859375]"
std,1788868349.919749,0.7673662410000001,0.604766135290895,0.903,0.0,0.3,1.0,4.820951433201651,0,0.760854470791278,-37.66,2,"[497.79998779296875, 597.5999755859375]"
std,1788868349.969708,0.817325136,0.6293917160291294,0.903,0.0,0.3,1.0,5.134984262022694,0,0.6918253353364242,-88.77,2,"[577.0, 502.6000061035156]"
std,1788868350.019871,0.8674882340000001,0.680952607480543,0.903,0.0,0.3,1.0,5.449880048646567,0,0.6458059116998549,-112.98,2,"[577.0, 502.6000061035156]"
std,1788868350.0698311,0.917448126,0.7540725839010989,0.903,0.0,0.3,1.0,5.763710012263597,0,0.6212622190936846,-80.7,2,"[611.4000244140625, 435.79998779296875]"
std,1788868350.1199448,0.9675619590000001,0.842078551309274,0.903,0.0,0.3,1.0,6.078691545517357,0,0.619728238305799,2.69,2,"[611.4000244140625, 435.79998779296875]"
std,1788868350.169857,1.017474276,0.935604375641035,0.903,0.0,0.3,1.0,0.10889634756737099,1,0.6473398924877406,2.69,2,"[616.0, 423.6000061035156]"
std,1788868350.2199533,1.0675704670000001,1.0263844240248692,0.903,0.0,0.3,1.0,0.42385943338906884,1,0.6979612584879668,2.69,2,"[616.0, 423.6000061035156]"
std,1788868350.2697601,1.117377368,1.104588125766496,0.903,0.0,0.3,1.0,0.7368527343337803,1,0.7853981633974483,2.69,2,"[586.4000244140625, 477.79998779296875]"
std,1788868350.3197157,1.167332862,1.163358754197834,0.903,0.0,0.3,1.0,1.05088354625234,1,0.868233125943273,2.69,2,"[586.4000244140625, 477.79998779296875]"
std,1788868350.36988,1.217497123,1.1967182283336388,0.903,0.0,0.3,1.0,1.3657952293350393,1,0.9526020692769832,40.35,2,"[533.4000244140625, 570.0]"
std,1788868350.4197295,1.267346617,1.2012361513877972,0.903,0.0,0.3,1.0,1.6792884079364194,1,1.0323690702470365,91.46,2,"[533.4000244140625, 570.0]"
std,1788868350.4697816,1.31739874,1.1765687626635932,0.903,0.0,0.3,1.0,1.9937127043348415,1,1.0983302441261191,75.32,2,"[468.6000061035156, 642.2000122070312]"
std,1788868350.5199566,1.367573705,1.124936275868278,0.903,0.0,0.3,1.0,2.3088380471339107,1,1.1489516101263453,61.87,2,"[468.6000061035156, 642.2000122070312]"
std,1788868350.5698469,1.417464134,1.0518739716724665,0.903,0.0,0.3,1.0,2.622322567505938,1,1.167359379580973,80.7,2,"[427.3999938964844, 672.0]"
std,1788868350.6196954,1.4673126710000002,0.9642782013876352,0.903,0.0,0.3,1.0,2.9358842579599074,1,1.1596894756415448,80.7,2,"[427.3999938964844, 672.0]"
std,1788868350.6698163,1.517433395,0.8703563499962955,0.903,0.0,0.3,1.0,3.250620696721205,1,1.1336118022474888,-2.69,2,"[419.3999938964844, 669.2000122070312]"
std,1788868350.719682,1.567298971,0.7799977705379048,0.903,0.0,0.3,1.0,3.564054863646179,1,1.086058397823034,-10.76,2,"[419.3999938964844, 669.2000122070312]"
std,1788868350.769896,1.6175131360000001,0.701257846308592,0.903,0.0,0.3,1.0,3.8791388756522984,1,1.0200972239439514,-21.52,2,"[431.6000061035156, 649.4000244140625]"
std,1788868350.8199508,1.6675679220000001,0.6424572590788953,0.903,0.0,0.3,1.0,4.1937120018610905,1,0.9418642037617837,-10.76,2,"[431.6000061035156, 649.4000244140625]"
std,1788868350.8698597,1.717476924,0.6092887560859022,0.903,0.0,0.3,1.0,4.507273547801798,1,0.8559612796401878,-99.53,2,"[496.3999938964844, 599.4000244140625]"
std,1788868350.9197786,1.767395934,0.6047696559847491,0.903,0.0,0.3,1.0,4.821059692484496,1,0.7731263170943632,-48.42,2,"[496.3999938964844, 599.4000244140625]"
std,1788868350.9699223,1.817539663,0.6294987727094348,0.903,0.0,0.3,1.0,5.135853528143574,1,0.6979612584879668,-83.39,2,"[578.4000244140625, 501.3999938964844]"
std,1788868351.0197165,1.867333557,0.6808233370401557,0.903,0.0,0.3,1.0,5.449239012948789,1,0.6396699885483124,-83.39,2,"[578.4000244140625, 501.3999938964844]"
std,1788868351.0696843,1.917301388,0.753953881498682,0.903,0.0,0.3,1.0,5.763254148320007,1,0.6181942575179133,-115.67,2,"[610.0, 437.20001220703125]"
std,1788868351.1196868,1.9673038330000001,0.8417073137554951,0.903,0.0,0.3,1.0,6.077427588545039,1,0.6212622190936846,2.69,2,"[610.0, 437.20001220703125]"
std,1788868351.1698432,2.017460383,0.9356380474455437,0.903,0.0,0.3,1.0,0.10900925640734194,2,0.6504078540635119,2.69,2,"[613.5999755859375, 421.20001220703125]"
std,1788868351.2199266,2.067543701,1.0262687761520535,0.903,0.0,0.3,1.0,0.4234365561683404,2,0.7040971816395093,2.69,2,"[613.5999755859375, 421.20001220703125]"
std,1788868351.269964,2.1175809670000003,1.1048650404072389,0.903,0.0,0.3,1.0,0.738099814670365,2,0.7731263170943632,2.69,2,"[587.2000122070312, 478.0]"
std,1788868351.3199134,2.167530364,1.1635146313583211,0.903,0.0,0.3,1.0,1.0519303689068131,2,0.8544272988523022,2.69,2,"[587.2000122070312, 478.0]"
std,1788868351.3698723,2.2174894600000004,1.196715031951862,0.903,0.0,0.3,1.0,1.3657428966846155,2,0.940330222973898,45.73,2,"[530.5999755859375, 576.0]"
std,1788868351.4197025,2.2673197330000003,1.2012365436497228,0.903,0.0,0.3,1.0,1.6792763316542576,2,1.0415729549743504,45.73,2,"[530.5999755859375, 576.0]"
std,1788868351.4697235,2.317340556,1.1766002217619038,0.903,0.0,0.3,1.0,1.9934571294892844,2,1.1075341288534328,104.91,2,"[468.6000061035156, 638.5999755859375]"
std,1788868351.5197825,2.3673997030000002,1.1251628095022406,0.903,0.0,0.3,1.0,2.307715078556699,2,1.1550875332778878,78.01,2,"[468.6000061035156, 638.5999755859375]"
std,1788868351.5698235,2.417440715,1.0519238686044015,0.903,0.0,0.3,1.0,2.6221309806195503,2,1.167359379580973,78.01,2,"[427.79998779296875, 671.2000122070312]"
std,1788868351.6199543,2.467571409,0.963909966665845,0.903,0.0,0.3,1.0,2.93713797962336,2,1.162757437217316,-2.69,2,"[427.79998779296875, 671.2000122070312]"
std,1788868351.6699603,2.517577322,0.8701467870127696,0.903,0.0,0.3,1.0,3.251323439581885,2,1.1397477253990314,-2.69,2,"[419.6000061035156, 665.0]"
std,1788868351.7199707,2.567587699,0.7795898025116867,0.903,0.0,0.3,1.0,3.5655463410416566,2,1.0937283017624622,-24.21,2,"[419.6000061035156, 665.0]"
std,1788868351.7699165,2.617533657,0.7012046975752911,0.903,0.0,0.3,1.0,3.879378271295689,2,1.026233147095494,-26.9,2,"[429.79998779296875, 646.2000122070312]"
std,1788868351.8197017,2.6673187520000003,0.6426422103555645,0.903,0.0,0.3,1.0,4.192469728161271,2,0.923456434307156,-26.9,2,"[429.79998779296875, 646.2000122070312]"
std,1788868351.869692,2.717309197,0.6093349020750052,0.903,0.0,0.3,1.0,4.5065197100782015,2,0.842155452549217,-37.66,2,"[497.0, 598.7999877929688]"
std,1788868351.919674,2.767291019,0.6047572211141783,0.903,0.0,0.3,1.0,4.820676845437362,2,0.7577865092155067,-24.21,2,"[497.0, 598.7999877929688]"
std,1788868351.9698555,2.817472856,0.6294724412932864,0.903,0.0,0.3,1.0,5.135639880993576,2,0.6918253353364242,-91.46,2,"[578.2000122070312, 500.6000061035156]"
std,1788868352.019965,2.867582294,0.6810687972996055,0.903,0.0,0.3,1.0,5.450455833464936,2,0.6458059116998549,-104.91,2,"[578.2000122070312, 500.6000061035156]"
std,1788868352.0699694,2.917586538,0.7543109475780909,0.903,0.0,0.3,1.0,5.764625063955812,2,0.6212622190936846,-67.25,2,"[609.0, 437.20001220703125]"
std,1788868352.1199343,2.967551519,0.8419639059715257,0.903,0.0,0.3,1.0,6.0783012466124475,2,0.619728238305799,2.69,2,"[609.0, 437.20001220703125]"
std,1788868352.1698618,3.017478844,0.9356630977240311,0.903,0.0,0.3,1.0,0.1090932563117164,3,0.6473398924877406,2.69,2,"[606.5999755859375, 424.20001220703125]"
std,1788868352.219996,3.0676130930000003,1.026402412818662,0.903,0.0,0.3,1.0,0.4239252183392388,3,0.6979612584879668,2.69,2,"[606.5999755859375, 424.20001220703125]"
std,1788868352.2697892,3.1174065360000003,1.1046821181715598,0.903,0.0,0.3,1.0,0.73727586916511,3,0.7838641826095626,2.69,2,"[585.0, 480.79998779296875]"
std,1788868352.3198473,3.167464383,1.163455241454934,0.903,0.0,0.3,1.0,1.051531298675215,3,0.8666991451553873,5.38,2,"[585.0, 480.79998779296875]"
std,1788868352.3697107,3.217327832,1.1966745058866912,0.903,0.0,0.3,1.0,1.365080523289535,3,0.9495341077012119,37.66,2,"[533.2000122070312, 579.4000244140625]"
std,1788868352.419869,3.2674861010000003,1.201214645118478,0.903,0.0,0.3,1.0,1.67994846911931,3,1.0277671278833795,86.08,2,"[533.2000122070312, 579.4000244140625]"
std,1788868352.4698896,3.3175068100000003,1.1765087416475837,0.903,0.0,0.3,1.0,1.9941999150899328,3,1.0967962633382335,67.25,2,"[467.79998779296875, 647.0]"
std,1788868352.5198684,3.3674854950000004,1.1250535562993726,0.903,0.0,0.3,1.0,2.308256839926628,3,1.1489516101263453,61.87,2,"[467.79998779296875, 647.0]"
std,1788868352.5699668,3.4175838680000004,1.05168534426801,0.903,0.0,0.3,1.0,2.623046641780739,3,1.167359379580973,78.01,2,"[432.6000061035156, 672.5999755859375]"
std,1788868352.619763,3.4673799880000002,0.9641574656934497,0.903,0.0,0.3,1.0,2.9362953604913713,3,1.1596894756415448,78.01,2,"[432.6000061035156, 672.5999755859375]"
std,1788868352.6698072,3.5174242700000002,0.87039974857462,0.903,0.0,0.3,1.0,3.250475171866306,3,1.1336118022474888,-2.69,2,"[419.79998779296875, 669.2000122070312]"
std,1788868352.7199073,3.56752437,0.7797363174457428,0.903,0.0,0.3,1.0,3.565010586396884,3,1.086058397823034,-10.76,2,"[419.79998779296875, 669.2000122070312]"
std,1788868352.769884,3.617501079,0.7012691956699837,0.903,0.0,0.3,1.0,3.879087761939825,3,1.0200972239439514,-26.9,2,"[432.79998779296875, 649.4000244140625]"
std,1788868352.8198419,3.6674591700000003,0.6425480296824138,0.903,0.0,0.3,1.0,4.193101979965988,3,0.940330222973898,-29.59,2,"[432.79998779296875, 649.4000244140625]"
std,1788868352.8698595,3.7174764650000003,0.6092861087935465,0.903,0.0,0.3,1.0,4.507316876647678,3,0.8574952604280734,-102.22,2,"[493.79998779296875, 600.7999877929688]"
std,1788868352.9198627,3.7674797310000003,0.6047842495089575,0.903,0.0,0.3,1.0,4.82150729403941,3,0.7731263170943632,-45.73,2,"[493.79998779296875, 600.7999877929688]"
std,1788868352.9698806,3.8174978640000004,0.6294764138633502,0.903,0.0,0.3,1.0,5.135672120017386,3,0.6979612584879668,-86.08,2,"[579.7999877929688, 500.3999938964844]"
std,1788868353.0196638,3.867280762,0.6807667928344299,0.903,0.0,0.3,1.0,5.448958475008009,3,0.6381360077604268,-86.08,2,"[579.7999877929688, 500.3999938964844]"
std,1788868353.0697958,3.9174131250000004,0.7541314549401769,0.903,0.0,0.3,1.0,5.76393605613821,3,0.6181942575179133,-121.05,2,"[605.2000122070312, 434.20001220703125]"
std,1788868353.119822,3.967439101,0.8418695729609145,0.903,0.0,0.3,1.0,6.077980075312286,3,0.6212622190936846,2.69,2,"[605.2000122070312, 434.20001220703125]"
std,1788868353.1698513,4.017468344,0.9356597156032435,0.903,0.0,0.3,1.0,0.10908191516223553,4,0.6504078540635119,2.69,2,"[600.2000122070312, 425.0]"
std,1788868353.219874,4.067490959000001,1.0262403604105617,0.903,0.0,0.3,1.0,0.4233326636992878,4,0.7025632008516236,2.69,2,"[600.2000122070312, 425.0]"
std,1788868353.2699084,4.11752546,1.104784982144262,0.903,0.0,0.3,1.0,0.7377391284178074,4,0.7715923363064775,2.69,2,"[581.4000244140625, 479.0]"
std,1788868353.3198996,4.167516645,1.1635009624712247,0.903,0.0,0.3,1.0,1.0518384961712535,4,0.8528933180644165,2.69,2,"[581.4000244140625, 479.0]"
std,1788868353.369817,4.2174339640000005,1.1966980902666482,0.903,0.0,0.3,1.0,1.3654657390975338,4,0.940330222973898,37.66,2,"[529.0, 582.7999877929688]"
std,1788868353.4197094,4.267326715,1.201239371464067,0.903,0.0,0.3,1.0,1.6791892341395354,4,1.0400389741864646,37.66,2,"[529.0, 582.7999877929688]"
std,1788868353.4698076,4.317424811,1.176547154157629,0.903,0.0,0.3,1.0,1.9938881685677323,4,1.1060001480655473,94.14999999999999,2,"[463.20001220703125, 645.4000244140625]"
std,1788868353.519839,4.367456206,1.1250789735220745,0.903,0.0,0.3,1.0,2.3081308306452932,4,1.1550875332778878,78.01,2,"[463.20001220703125, 645.4000244140625]"
std,1788868353.5698678,4.417485068,1.05185413869353,0.903,0.0,0.3,1.0,2.6223987134286766,4,1.167359379580973,67.25,2,"[425.3999938964844, 674.5999755859375]"
std,1788868353.6198401,4.467457153000001,0.9641140231148084,0.903,0.0,0.3,1.0,2.936443272956687,4,1.162757437217316,-2.69,2,"[425.3999938964844, 674.5999755859375]"
std,1788868353.6699426,4.517559654,0.8701670914952528,0.903,0.0,0.3,1.0,3.2512553487027134,4,1.1397477253990314,-2.69,2,"[424.6000061035156, 665.7999877929688]"
std,1788868353.7198656,4.567482613,0.7797681087172758,0.903,0.0,0.3,1.0,3.564894353751889,4,1.0937283017624622,-18.83,2,"[424.6000061035156, 665.7999877929688]"
std,1788868353.7698486,4.617465823,0.7012907881166275,0.903,0.0,0.3,1.0,3.8789905233640134,4,1.026233147095494,-32.28,2,"[433.6000061035156, 650.0]"
std,1788868353.8197093,4.667326347,0.6426387726621595,0.903,0.0,0.3,1.0,4.192492793734534,4,0.9249904150950417,-32.28,2,"[433.6000061035156, 650.0]"
std,1788868353.8697128,4.717329944,0.609329853078076,0.903,0.0,0.3,1.0,4.506602057504839,4,0.8436894333371027,-40.35,2,"[496.3999938964844, 594.5999755859375]"
std,1788868353.919731,4.767347819,0.6047599728030717,0.903,0.0,0.3,1.0,4.820761681005379,4,0.760854470791278,-34.97,2,"[496.3999938964844, 594.5999755859375]"
std,1788868353.9697037,4.817320821,0.6293648844814471,0.903,0.0,0.3,1.0,5.134766134961573,4,0.6918253353364242,-94.14999999999999,2,"[570.4000244140625, 500.20001220703125]"
std,1788868354.0199258,4.867543057000001,0.6809632738571764,0.903,0.0,0.3,1.0,5.44993292165093,4,0.6458059116998549,-107.6,2,"[570.4000244140625, 500.20001220703125]"
std,1788868354.069871,4.917487985,0.7541508773752625,0.903,0.0,0.3,1.0,5.764010624981438,4,0.6212622190936846,-69.94,2,"[603.7999877929688, 438.6000061035156]"
std,1788868354.1199453,4.967562549,0.8420771762779751,0.903,0.0,0.3,1.0,6.078686864544306,4,0.619728238305799,0.0,2,"[603.7999877929688, 438.6000061035156]"
std,1788868354.1698465,5.017463788000001,0.9356316541443671,0.903,0.0,0.3,1.0,0.10898781817907732,5,0.6473398924877406,2.69,2,"[604.4000244140625, 427.3999938964844]"
std,1788868354.2197776,5.067394893,1.026089510452228,0.903,0.0,0.3,1.0,0.42278121365761834,5,0.7133010663668231,2.69,2,"[604.4000244140625, 427.3999938964844]"
std,1788868354.2697837,5.117400727000001,1.1046085200931826,0.903,0.0,0.3,1.0,0.7369445316711207,5,0.7838641826095626,5.38,2,"[587.4000244140625, 480.20001220703125]"
std,1788868354.3198857,5.167502893,1.1634499450866052,0.903,0.0,0.3,1.0,1.0514957232800057,5,0.868233125943273,2.69,2,"[587.4000244140625, 480.20001220703125]"
std,1788868354.3698459,5.217462928000001,1.1967077973085187,0.903,0.0,0.3,1.0,1.3656244963406863,5,0.9495341077012119,43.04,2,"[531.5999755859375, 577.0]"
std,1788868354.419974,5.2675910660000005,1.2011935769605324,0.903,0.0,0.3,1.0,1.6805912515426016,5,1.0277671278833795,91.46,2,"[531.5999755859375, 577.0]"
std,1788868354.4697196,5.317336697,1.1766020711948164,0.903,0.0,0.3,1.0,1.9934421001100304,5,1.0967962633382335,69.94,2,"[464.3999938964844, 645.7999877929688]"
std,1788868354.5198607,5.367477905,1.1250572344422891,0.903,0.0,0.3,1.0,2.3082386061228632,5,1.1474176293384597,61.87,2,"[464.3999938964844, 645.7999877929688]"
std,1788868354.5699575,5.417574689,1.051696275459069,0.903,0.0,0.3,1.0,2.6230046889524417,5,1.1658253987930873,94.14999999999999,2,"[429.3999938964844, 678.2000122070312]"
std,1788868354.6197724,5.467389712,0.9641428262788656,0.903,0.0,0.3,1.0,2.936345205000414,5,1.1596894756415448,94.14999999999999,2,"[429.3999938964844, 678.2000122070312]"
std,1788868354.6698153,5.517432444000001,0.8703526155885091,0.903,0.0,0.3,1.0,3.250633219109524,5,1.1336118022474888,-2.69,2,"[422.0, 667.4000244140625]"
std,1788868354.7197254,5.567342484,0.7799482121855038,0.903,0.0,0.3,1.0,3.5642359890290294,5,1.086058397823034,-5.38,2,"[422.0, 667.4000244140625]"
std,1788868354.769871,5.617488174,0.7012727896280355,0.903,0.0,0.3,1.0,3.8790715764544714,5,1.0185632431560658,-18.83,2,"[443.20001220703125, 639.7999877929688]"
std,1788868354.8199234,5.667540423,0.6425071892404519,0.903,0.0,0.3,1.0,4.193376366668353,5,0.9418642037617837,-21.52,2,"[443.20001220703125, 639.7999877929688]"
std,1788868354.8699696,5.7175866200000005,0.609242865370778,0.903,0.0,0.3,1.0,4.50802593410959,5,0.8574952604280734,-102.22,2,"[495.20001220703125, 601.4000244140625]"
std,1788868354.919844,5.767461025,0.6047809276456744,0.903,0.0,0.3,1.0,4.821405569269281,5,0.7731263170943632,-48.42,2,"[495.20001220703125, 601.4000244140625]"
std,1788868354.9699628,5.817579916000001,0.6295492773780313,0.903,0.0,0.3,1.0,5.136263028462778,5,0.6979612584879668,-88.77,2,"[571.5999755859375, 501.79998779296875]"
std,1788868355.0197265,5.867343595,0.6807944491738083,0.903,0.0,0.3,1.0,5.449095699775114,5,0.6396699885483124,-88.77,2,"[571.5999755859375, 501.79998779296875]"
std,1788868355.0697746,5.917391923,0.7540066608399927,0.903,0.0,0.3,1.0,5.763456856444385,5,0.619728238305799,-110.28999999999999,2,"[605.2000122070312, 432.79998779296875]"
std,1788868355.119714,5.967330927000001,0.8417218004575777,0.903,0.0,0.3,1.0,6.0774769178328825,5,0.619728238305799,2.69,2,"[605.2000122070312, 432.79998779296875]"
std,1788868355.1697984,6.017415379,0.935549754106064,0.903,0.0,0.3,1.0,0.10871319271566193,6,0.6504078540635119,2.69,2,"[603.5999755859375, 424.0]"
std,1788868355.2198482,6.067465161,1.0262037453637056,0.903,0.0,0.3,1.0,0.4231988004363103,6,0.7040971816395093,5.38,2,"[603.5999755859375, 424.0]"
std,1788868355.2698526,6.117469594,1.1046979447132241,0.903,0.0,0.3,1.0,0.7373471330528574,6,0.7715923363064775,2.69,2,"[576.2000122070312, 479.0]"
std,1788868355.3199253,6.167542581,1.1635258035866676,0.903,0.0,0.3,1.0,1.0520054718207845,6,0.8528933180644165,2.69,2,"[576.2000122070312, 479.0]"
std,1788868355.3699505,6.217567758,1.1967491354899356,0.903,0.0,0.3,1.0,1.366301936814132,6,0.940330222973898,37.66,2,"[527.7999877929688, 582.4000244140625]"
std,1788868355.4197037,6.2673208,1.2012410821084447,0.903,0.0,0.3,1.0,1.6791365119316168,6,1.0400389741864646,37.66,2,"[527.7999877929688, 582.4000244140625]"
std,1788868355.4697812,6.317398314,1.1765753643992163,0.903,0.0,0.3,1.0,1.993659083631428,6,1.1060001480655473,102.22,2,"[464.3999938964844, 645.2000122070312]"
std,1788868355.5196724,6.367289642,1.1252220248337348,0.903,0.0,0.3,1.0,2.30742130822766,6,1.1550875332778878,78.01,2,"[464.3999938964844, 645.2000122070312]"
std,1788868355.5698721,6.41748934,1.0518450999104338,0.903,0.0,0.3,1.0,2.622433415461124,6,1.167359379580973,69.94,2,"[432.0, 680.5999755859375]"
std,1788868355.6199312,6.467548263,0.9639479025821469,0.903,0.0,0.3,1.0,2.9370088350325574,6,1.162757437217316,-2.69,2,"[432.0, 680.5999755859375]"
std,1788868355.6699288,6.517545973000001,0.8702250004828086,0.903,0.0,0.3,1.0,3.251061154294426,6,1.1397477253990314,-2.69,2,"[425.6000061035156, 668.7999877929688]"
std,1788868355.7198887,6.567505828000001,0.7797321277694004,0.903,0.0,0.3,1.0,3.565025904802667,6,1.0937283017624622,-24.21,2,"[425.6000061035156, 668.7999877929688]"
std,1788868355.7698953,6.617512331,0.7012811064393428,0.903,0.0,0.3,1.0,3.8790341223868623,6,1.026233147095494,-29.59,2,"[439.6000061035156, 640.4000244140625]"
std,1788868355.8198533,6.667470526000001,0.6425278772850622,0.903,0.0,0.3,1.0,4.193237357476619,6,0.9249904150950417,-29.59,2,"[439.6000061035156, 640.4000244140625]"
std,1788868355.8697672,6.717384469000001,0.6093108345810441,0.903,0.0,0.3,1.0,4.506912534823606,6,0.8436894333371027,-94.14999999999999,2,"[495.20001220703125, 599.5999755859375]"
std,1788868355.9197724,6.767389327,0.6047575089810594,0.903,0.0,0.3,1.0,4.820685723578201,6,0.760854470791278,-24.21,2,"[495.20001220703125, 599.5999755859375]"
std,1788868355.969713,6.817330035,0.6293930774302051,0.903,0.0,0.3,1.0,5.134995326712023,6,0.6918253353364242,-88.77,2,"[581.7999877929688, 495.20001220703125]"
std,1788868356.0198514,6.867468541,0.6809301714559606,0.903,0.0,0.3,1.0,5.449768823700261,6,0.6442719309119693,-102.22,2,"[581.7999877929688, 495.20001220703125]"
std,1788868356.0698574,6.917474467000001,0.7541389583695984,0.903,0.0,0.3,1.0,5.763964864542842,6,0.6212622190936846,-75.32,2,"[612.2000122070312, 424.0]"
std,1788868356.119983,6.967600022,0.8420485593188668,0.903,0.0,0.3,1.0,6.078589443756115,6,0.6181942575179133,2.69,2,"[612.2000122070312, 424.0]"
std,1788868356.1698525,7.017469618000001,0.9356517615131466,0.903,0.0,0.3,1.0,0.10905524304060776,7,0.6473398924877406,2.69,2,"[602.4000244140625, 424.79998779296875]"
std,1788868356.2197914,7.067408716,1.0261874195485639,0.903,0.0,0.3,1.0,0.4231391164590832,7,0.7133010663668231,2.69,2,"[602.4000244140625, 424.79998779296875]"
std,1788868356.269643,7.117260170000001,1.1044935400605314,0.903,0.0,0.3,1.0,0.7364270925115193,7,0.782330201821677,2.69,2,"[580.5999755859375, 476.6000061035156]"
std,1788868356.3198595,7.167476753000001,1.163462750470426,0.903,0.0,0.3,1.0,1.05158174008686,7,0.8666991451553873,5.38,2,"[580.5999755859375, 476.6000061035156]"
std,1788868356.3697057,7.217322842000001,1.1966759308253903,0.903,0.0,0.3,1.0,1.3651037773583568,7,0.9495341077012119,43.04,2,"[529.7999877929688, 577.0]"
std,1788868356.4199655,7.267582755,1.2012039977252866,0.903,0.0,0.3,1.0,1.6802737873217737,7,1.0277671278833795,86.08,2,"[529.7999877929688, 577.0]"
std,1788868356.46983,7.317447244,1.17653595273883,0.903,0.0,0.3,1.0,1.9939790988254913,7,1.0967962633382335,61.87,2,"[464.0, 645.4000244140625]"
std,1788868356.5198932,7.367510190000001,1.1250002149314633,0.903,0.0,0.3,1.0,2.308521230081162,7,1.1489516101263453,64.56,2,"[464.0, 645.4000244140625]"
std,1788868356.5697513,7.417368312000001,1.0519738909600098,0.903,0.0,0.3,1.0,2.6219388910783366,7,1.1658253987930873,80.7,2,"[426.20001220703125, 675.7999877929688]"
std,1788868356.619747,7.467364011000001,0.9641926472778695,0.903,0.0,0.3,1.0,2.9361755715634885,7,1.1596894756415448,80.7,2,"[426.20001220703125, 675.7999877929688]"
std,1788868356.6696947,7.517311821000001,0.8705706588462011,0.903,0.0,0.3,1.0,3.2499020951008077,7,1.1336118022474888,-2.69,2,"[423.6000061035156, 669.4000244140625]"
std,1788868356.7198505,7.567467683,0.7797856058833538,0.903,0.0,0.3,1.0,3.5648303846422706,7,1.0845244170351482,-10.76,2,"[423.6000061035156, 669.4000244140625]"
std,1788868356.7697375,7.617354815000001,0.7014174414399938,0.903,0.0,0.3,1.0,3.8784203305805676,7,1.0185632431560658,-24.21,2,"[443.20001220703125, 643.0]"
std,1788868356.8198428,7.667459995000001,0.6425703940846766,0.903,0.0,0.3,1.0,4.192951780421218,7,0.9418642037617837,-24.21,2,"[443.20001220703125, 643.0]"
std,1788868356.869821,7.717438229000001,0.6093020799905227,0.903,0.0,0.3,1.0,4.507055609236232,7,0.859029241215959,-110.28999999999999,2,"[497.6000061035156, 595.7999877929688]"
std,1788868356.9198656,7.767482745000001,0.6047843273091216,0.903,0.0,0.3,1.0,4.8215096753666415,7,0.7731263170943632,-51.11,2,"[497.6000061035156, 595.7999877929688]"
std,1788868356.9699347,7.817551875,0.6295292184959567,0.903,0.0,0.3,1.0,5.136100432193409,7,0.6979612584879668,-83.39,2,"[577.7999877929688, 489.79998779296875]"
std,1788868357.0197434,7.867360444000001,0.6808690218308919,0.903,0.0,0.3,1.0,5.4494656097437115,7,0.6396699885483124,-83.39,2,"[577.7999877929688, 489.79998779296875]"
std,1788868357.069794,7.917410945,0.7540832117405295,0.903,0.0,0.3,1.0,5.763750821552172,7,0.619728238305799,-69.94,2,"[606.0, 432.20001220703125]"
std,1788868357.1196902,7.967307135,0.8417059501569044,0.903,0.0,0.3,1.0,6.077422945271103,7,0.6212622190936846,2.69,2,"[606.0, 432.20001220703125]"
std,1788868357.169735,8.017352276,0.9354865098115742,0.903,0.0,0.3,1.0,0.10850112892837416,8,0.6504078540635119,2.69,2,"[594.7999877929688, 425.79998779296875]"
std,1788868357.219861,8.067478335,1.0262246989618697,0.903,0.0,0.3,1.0,0.423275405031589,8,0.7025632008516236,2.69,2,"[594.7999877929688, 425.79998779296875]"
std,1788868357.269915,8.117532031,1.1047951350496703,0.903,0.0,0.3,1.0,0.737784863723661,8,0.7715923363064775,2.69,2,"[579.2000122070312, 476.6000061035156]"
std,1788868357.3198376,8.167454811,1.1634314285930887,0.903,0.0,0.3,1.0,1.0513713664764097,8,0.8544272988523022,2.69,2,"[579.2000122070312, 476.6000061035156]"
std,1788868357.3699114,8.217528509000001,1.1967357961619065,0.903,0.0,0.3,1.0,1.3660830934698964,8,0.940330222973898,32.28,2,"[535.4000244140625, 573.2000122070312]"
std,1788868357.4197357,8.267352787,1.2012283571541553,0.903,0.0,0.3,1.0,1.6795280863231525,8,1.043106935762236,32.28,2,"[535.4000244140625, 573.2000122070312]"
std,1788868357.469613,8.317230281,1.1766667477357258,0.903,0.0,0.3,1.0,1.9929161912166435,8,1.1075341288534328,96.84,2,"[468.79998779296875, 638.0]"
std,1788868357.5196614,8.367278678,1.1252315028253612,0.903,0.0,0.3,1.0,2.307374278585648,8,1.1550875332778878,83.39,2,"[468.79998779296875, 638.0]"
std,1788868357.5696778,8.417295095,1.0520497272053841,0.903,0.0,0.3,1.0,2.6216476340234323,8,1.1658253987930873,75.32,2,"[424.20001220703125, 680.7999877929688]"
std,1788868357.61984,8.467456992,0.9641108674274549,0.903,0.0,0.3,1.0,2.936454017203566,8,1.162757437217316,-2.69,2,"[424.20001220703125, 680.7999877929688]"
std,1788868357.6699574,8.517574511000001,0.8701774564517121,0.903,0.0,0.3,1.0,3.251220590121598,8,1.141281706186917,-2.69,2,"[422.20001220703125, 667.7999877929688]"
std,1788868357.7199183,8.567535366000001,0.7796706040373196,0.903,0.0,0.3,1.0,3.5652508616862235,8,1.0952622825503477,-16.14,2,"[422.20001220703125, 667.7999877929688]"
std,1788868357.7699063,8.617523447,0.7012119338608562,0.903,0.0,0.3,1.0,3.8793456741303203,8,1.0277671278833795,-34.97,2,"[437.79998779296875, 649.7999877929688]"
std,1788868357.819673,8.667290121,0.6426507625816449,0.903,0.0,0.3,1.0,4.192412350113045,8,0.9265243958829272,-34.97,2,"[437.79998779296875, 649.7999877929688]"
std,1788868357.869654,8.717271072,0.6093411288040236,0.903,0.0,0.3,1.0,4.50641819893638,8,0.8436894333371027,-99.53,2,"[498.20001220703125, 597.5999755859375]"
std,1788868357.9196763,8.76729354,0.6047571135521204,0.903,0.0,0.3,1.0,4.820673527915524,8,0.760854470791278,-37.66,2,"[498.20001220703125, 597.5999755859375]"
std,1788868357.9698684,8.817485524,0.6294796712577322,0.903,0.0,0.3,1.0,5.135698553377978,8,0.6933593161243098,-91.46,2,"[580.5999755859375, 498.6000061035156]"
std,1788868358.0196834,8.867300673,0.6807937665791765,0.903,0.0,0.3,1.0,5.4490923131382445,8,0.6458059116998549,-115.67,2,"[580.5999755859375, 498.6000061035156]"
std,1788868358.0698254,8.917442437,0.7540949836507709,0.903,0.0,0.3,1.0,5.763796022787275,8,0.6212622190936846,-61.87,2,"[607.2000122070312, 433.0]"
std,1788868358.119937,8.967553954000001,0.842061554539612,0.903,0.0,0.3,1.0,6.078633683663874,8,0.619728238305799,2.69,2,"[607.2000122070312, 433.0]"
std,1788868358.169958,9.017575108,0.935848628238281,0.903,0.0,0.3,1.0,0.10971541103765503,9,0.6473398924877406,2.69,2,"[603.4000244140625, 422.0]"
std,1788868358.2197688,9.067385898000001,1.0261622811632343,0.903,0.0,0.3,1.0,0.42304721859078853,9,0.7133010663668231,2.69,2,"[603.4000244140625, 422.0]"
std,1788868358.2696054,9.117222529000001,1.104430552041518,0.903,0.0,0.3,1.0,0.7361437334205405,9,0.7838641826095626,2.69,2,"[580.7999877929688, 474.6000061035156]"
std,1788868358.3198426,9.167459914,1.16344918549563,0.903,0.0,0.3,1.0,1.0514906213335422,9,0.8666991451553873,5.38,2,"[580.7999877929688, 474.6000061035156]"
std,1788868358.3700922,9.217709369000001,1.1968040222706524,0.903,0.0,0.3,1.0,1.3672048431091568,9,0.9495341077012119,48.42,2,"[526.2000122070312, 576.0]"
std,1788868358.4199655,9.267582728,1.2011947999017294,0.903,0.0,0.3,1.0,1.6805540425192262,9,1.0277671278833795,91.46,2,"[526.2000122070312, 576.0]"
std,1788868358.4698677,9.317484786000001,1.176532740195515,0.903,0.0,0.3,1.0,1.9940051740445313,9,1.0983302441261191,67.25,2,"[465.20001220703125, 644.0]"
std,1788868358.5198848,9.367501987,1.1250520277317018,0.903,0.0,0.3,1.0,2.3082644174481217,9,1.1474176293384597,64.56,2,"[465.20001220703125, 644.0]"
std,1788868358.5699668,9.417583947,1.0517596080215328,0.903,0.0,0.3,1.0,2.6227616050792903,9,1.167359379580973,78.01,2,"[421.6000061035156, 677.0]"
std,1788868358.6197786,9.467395889,0.9641612357840581,0.903,0.0,0.3,1.0,2.9362825239438024,9,1.1596894756415448,78.01,2,"[421.6000061035156, 677.0]"
std,1788868358.6697242,9.517341408,0.870502541181146,0.903,0.0,0.3,1.0,3.2501304951699197,9,1.1336118022474888,-2.69,2,"[420.0, 675.7999877929688]"
std,1788868358.7197213,9.567338422,0.7799530187924284,0.903,0.0,0.3,1.0,3.56421842124292,9,1.0845244170351482,-8.07,2,"[420.0, 675.7999877929688]"
std,1788868358.7697048,9.61732199,0.7014347120324818,0.903,0.0,0.3,1.0,3.878342601295145,9,1.0185632431560658,-26.9,2,"[436.20001220703125, 642.4000244140625]"
std,1788868358.8198478,9.667464831,0.6425449615259078,0.903,0.0,0.3,1.0,4.193122588813807,9,0.9387962421860124,-26.9,2,"[436.20001220703125, 642.4000244140625]"
std,1788868358.8698452,9.717462174000001,0.6092895696555418,0.903,0.0,0.3,1.0,4.507260233732147,9,0.8559612796401878,-91.46,2,"[499.79998779296875, 601.7999877929688]"
std,1788868358.9198775,9.767494710000001,0.6047856475010278,0.903,0.0,0.3,1.0,4.8215500762481796,9,0.7731263170943632,-43.04,2,"[499.79998779296875, 601.7999877929688]"
std,1788868358.969848,9.817465075000001,0.6294649297244226,0.903,0.0,0.3,1.0,5.135578915246555,9,0.6994952392758523,-86.08,2,"[578.7999877929688, 504.6000061035156]"
std,1788868359.0197415,9.867358708000001,0.6808648929588847,0.903,0.0,0.3,1.0,5.449445132842804,9,0.641203969336198,-86.08,2,"[578.7999877929688, 504.6000061035156]"
std,1788868359.069663,9.917280336000001,0.7538812908728386,0.903,0.0,0.3,1.0,5.76297531312246,9,0.619728238305799,-75.32,2,"[609.2000122070312, 435.79998779296875]"
std,1788868359.119678,9.967295268,0.8416901664609991,0.903,0.0,0.3,1.0,6.077369198903995,9,0.6212622190936846,2.69,2,"[609.2000122070312, 435.79998779296875]"
std,1788868359.169882,10.017499205,0.9356720036430505,0.903,0.0,0.3,1.0,0.10912312029149263,10,0.6519418348513975,2.69,2,"[606.7999877929688, 419.6000061035156]"
std,1788868359.2198713,10.067488379,1.0262065244381253,0.903,0.0,0.3,1.0,0.42320896034696887,10,0.7040971816395093,2.69,2,"[606.7999877929688, 419.6000061035156]"
std,1788868359.2698748,10.117492053000001,1.1047241702551678,0.903,0.0,0.3,1.0,0.7374652318039026,10,0.7700583555185919,2.69,2,"[578.7999877929688, 478.0]"
std,1788868359.3198488,10.167465994,1.163445360309474,0.903,0.0,0.3,1.0,1.0514649293888212,10,0.8528933180644165,2.69,2,"[578.7999877929688, 478.0]"
std,1788868359.3699033,10.217520302,1.1967260698554603,0.903,0.0,0.3,1.0,1.3659236702090993,10,0.940330222973898,40.35,2,"[525.2000122070312, 573.7999877929688]"
std,1788868359.4197648,10.267381888000001,1.201231576757873,0.903,0.0,0.3,1.0,1.6794291450041214,10,1.0400389741864646,40.35,2,"[525.2000122070312, 573.7999877929688]"
std,1788868359.4696734,10.317290541,1.1766302217955604,0.903,0.0,0.3,1.0,1.993213272784331,10,1.1060001480655473,78.01,2,"[464.20001220703125, 643.7999877929688]"
std,1788868359.5198557,10.367472947000001,1.125088387962248,0.903,0.0,0.3,1.0,2.308084152861639,10,1.1535535524900022,72.63,2,"[464.20001220703125, 643.7999877929688]"
std,1788868359.5698698,10.417486897,1.0518845137792503,0.903,0.0,0.3,1.0,2.6222820912261824,10,1.167359379580973,75.32,2,"[422.0, 673.4000244140625]"
std,1788868359.619865,10.467482027,0.9641337598414366,0.903,0.0,0.3,1.0,2.936376074289825,10,1.162757437217316,-2.69,2,"[422.0, 673.4000244140625]"
std,1788868359.669905,10.517522149000001,0.8702998678598818,0.903,0.0,0.3,1.0,3.2508100970591016,10,1.1397477253990314,-2.69,2,"[419.0, 672.0]"
std,1788868359.7199945,10.567611544,0.7796748207819189,0.903,0.0,0.3,1.0,3.5652354427494686,10,1.0937283017624622,-24.21,2,"[419.0, 672.0]"
std,1788868359.769987,10.617604266,0.7012007698739858,0.903,0.0,0.3,1.0,3.8793959647455125,10,1.026233147095494,-29.59,2,"[435.79998779296875, 649.2000122070312]"
std,1788868359.820106,10.667723248000001,0.6424193893953818,0.903,0.0,0.3,1.0,4.193966697060702,10,0.9249904150950417,-29.59,2,"[435.79998779296875, 649.2000122070312]"
std,1788868359.8699098,10.717526911,0.6092712077285112,0.903,0.0,0.3,1.0,4.507560934414556,10,0.8436894333371027,-102.22,2,"[491.0, 599.0]"
std,1788868359.919878,10.767495085,0.6047692514279013,0.903,0.0,0.3,1.0,4.821047258060773,10,0.760854470791278,-37.66,2,"[491.0, 599.0]"
std,1788868359.9699838,10.817601059000001,0.6295117846624745,0.903,0.0,0.3,1.0,5.135959066807175,10,0.6918253353364242,-88.77,2,"[581.4000244140625, 501.6000061035156]"
std,1788868360.0199754,10.867592604,0.6810219595330442,0.903,0.0,0.3,1.0,5.450223770298791,10,0.6458059116998549,-115.67,2,"[581.4000244140625, 501.6000061035156]"
std,1788868360.0701435,10.91776048,0.7544534147103797,0.903,0.0,0.3,1.0,5.765171751343004,10,0.6212622190936846,-72.63,2,"[606.0, 427.20001220703125]"
std,1788868360.1198826,10.967499792,0.8419128373618079,0.903,0.0,0.3,1.0,6.078127378308608,10,0.619728238305799,2.69,2,"[606.0, 427.20001220703125]"
std,1788868360.1699972,11.017614333000001,0.9358714113849024,0.903,0.0,0.3,1.0,0.10979181457096132,11,0.6473398924877406,2.69,2,"[605.5999755859375, 423.0]"
std,1788868360.2199626,11.067579743000001,1.0263495926286306,0.903,0.0,0.3,1.0,0.4237320606564978,11,0.7133010663668231,2.69,2,"[605.5999755859375, 423.0]"
std,1788868360.2700822,11.117699314000001,1.104986527311795,0.903,0.0,0.3,1.0,0.7386473754203067,11,0.7838641826095626,2.69,2,"[589.0, 469.3999938964844]"
std,1788868360.3198786,11.167495696000001,1.1634200203086942,0.903,0.0,0.3,1.0,1.0512947618811168,11,0.8651651643675016,2.69,2,"[589.0, 469.3999938964844]"
std,1788868360.3699272,11.217544313000001,1.1967216513959253,0.903,0.0,0.3,1.0,1.3658512879143316,11,0.9495341077012119,32.28,2,"[537.5999755859375, 574.5999755859375]"
std,1788868360.4198418,11.267458673,1.201226459847208,0.903,0.0,0.3,1.0,1.6795863503004753,11,1.026233147095494,86.08,2,"[537.5999755859375, 574.5999755859375]"
std,1788868360.469903,11.317520108,1.176525117595698,0.903,0.0,0.3,1.0,1.9940670382870351,11,1.0952622825503477,64.56,2,"[462.3999938964844, 643.4000244140625]"
std,1788868360.5199802,11.367597304,1.1249219032196918,0.903,0.0,0.3,1.0,2.3089092481897993,11,1.1474176293384597,56.49,2,"[462.3999938964844, 643.4000244140625]"
std,1788868360.5700245,11.417641790000001,1.0516132052715275,0.903,0.0,0.3,1.0,2.6233234789253643,11,1.167359379580973,80.7,2,"[423.6000061035156, 672.2000122070312]"
std,1788868360.6198053,11.467422493,0.9641174814447775,0.903,0.0,0.3,1.0,2.9364314982674173,11,1.1596894756415448,80.7,2,"[423.6000061035156, 672.2000122070312]"
std,1788868360.6696482,11.517265311000001,0.8706740950185041,0.903,0.0,0.3,1.0,3.249555282121399,11,1.1351457830353744,-2.69,2,"[420.79998779296875, 668.7999877929688]"
std,1788868360.719748,11.567365134000001,0.7799320322842044,0.903,0.0,0.3,1.0,3.5642951263691387,11,1.086058397823034,-8.07,2,"[420.79998779296875, 668.7999877929688]"
std,1788868360.7698429,11.617460052,0.7013175706460444,0.903,0.0,0.3,1.0,3.8788699239052207,11,1.0185632431560658,-26.9,2,"[432.79998779296875, 645.5999755859375]"
std,1788868360.8198755,11.667492703,0.6425530848986026,0.903,0.0,0.3,1.0,4.193068025632577,11,0.9418642037617837,-26.9,2,"[432.79998779296875, 645.5999755859375]"
std,1788868360.8698847,11.717501989,0.6092882604444105,0.903,0.0,0.3,1.0,4.5072816593940175,11,0.8605632220038447,-107.6,2,"[496.0, 593.0]"
std,1788868360.9199018,11.767518835,0.6047921790239066,0.903,0.0,0.3,1.0,4.821749737027666,11,0.7761942786701345,-40.35,2,"[496.0, 593.0]"
std,1788868360.9698985,11.817515389,0.6295019647985889,0.903,0.0,0.3,1.0,5.135879421150214,11,0.701029220063738,-83.39,2,"[577.7999877929688, 499.20001220703125]"
std,1788868361.0197802,11.867397309000001,0.6808443842722481,0.903,0.0,0.3,1.0,5.449343414355845,11,0.6396699885483124,-83.39,2,"[577.7999877929688, 499.20001220703125]"
std,1788868361.0696738,11.917290871,0.7538799480440157,0.903,0.0,0.3,1.0,5.762970154627304,11,0.619728238305799,-59.18,2,"[613.2000122070312, 433.3999938964844]"
std,1788868361.1197631,11.967380293000002,0.841773041143033,0.903,0.0,0.3,1.0,6.0776513956056775,11,0.6212622190936846,2.69,2,"[613.2000122070312, 433.3999938964844]"
std,1788868361.1698248,12.017442006000001,0.9355871685700791,0.903,0.0,0.3,1.0,0.10883864907668794,12,0.6504078540635119,2.69,2,"[604.7999877929688, 422.20001220703125]"
std,1788868361.2199633,12.067580355,1.02631423685248,0.903,0.0,0.3,1.0,0.42360277783564015,12,0.7025632008516236,2.69,2,"[604.7999877929688, 422.20001220703125]"
std,1788868361.2698624,12.117479724,1.1047167630385515,0.903,0.0,0.3,1.0,0.737431874373101,12,0.7700583555185919,2.69,2,"[587.4000244140625, 477.0]"
std,1788868361.3200517,12.167668713000001,1.1635989339988502,0.903,0.0,0.3,1.0,1.0524973195666405,12,0.8528933180644165,2.69,2,"[587.4000244140625, 477.0]"
std,1788868361.3697958,12.217412965000001,1.1966903360702479,0.903,0.0,0.3,1.0,1.3653390072498865,12,0.940330222973898,26.9,2,"[531.7999877929688, 569.2000122070312]"
std,1788868361.4197724,12.26738931,1.2012300124037034,0.903,0.0,0.3,1.0,1.6794772302212664,12,1.043106935762236,26.9,2,"[531.7999877929688, 569.2000122070312]"
std,1788868361.469719,12.3173361,1.1766183879059,0.903,0.0,0.3,1.0,1.9933094809177447,12,1.1075341288534328,64.56,2,"[459.3999938964844, 642.0]"
std,1788868361.5197146,12.367331748000002,1.125192819146071,0.903,0.0,0.3,1.0,2.3075662110472024,12,1.1550875332778878,80.7,2,"[459.3999938964844, 642.0]"
std,1788868361.5697033,12.417320529000001,1.052025095513222,0.903,0.0,0.3,1.0,2.621742239944581,12,1.1658253987930873,67.25,2,"[411.6000061035156, 681.0]"
std,1788868361.619833,12.467450021000001,0.9641188562854519,0.903,0.0,0.3,1.0,2.936426817294347,12,1.1642914180052018,-2.69,2,"[411.6000061035156, 681.0]"
std,1788868361.6698444,12.517461369000001,0.8703558384589556,0.903,0.0,0.3,1.0,3.250622412030779,12,1.141281706186917,-2.69,2,"[416.3999938964844, 668.2000122070312]"
std,1788868361.7199726,12.567589920000001,0.7795909570624258,0.903,0.0,0.3,1.0,3.5655421187411207,12,1.0952622825503477,-13.45,2,"[416.3999938964844, 668.2000122070312]"
std,1788868361.7699666,12.617583773000002,0.7011309507456367,0.903,0.0,0.3,1.0,3.879710532417903,12,1.0277671278833795,-26.9,2,"[425.20001220703125, 640.5999755859375]"
std,1788868361.8197725,12.667389742000001,0.6425770516812024,0.903,0.0,0.3,1.0,4.192907075557741,12,0.9265243958829272,-26.9,2,"[425.20001220703125, 640.5999755859375]"
std,1788868361.8696542,12.717271155,0.6093472598218379,0.903,0.0,0.3,1.0,4.506318296289976,12,0.8436894333371027,-99.53,2,"[497.3999938964844, 595.4000244140625]"
std,1788868361.9197469,12.767364184000002,0.6047645154756379,0.903,0.0,0.3,1.0,4.8209015886925926,12,0.7593204900033924,-26.9,2,"[497.3999938964844, 595.4000244140625]"
std,1788868361.9697132,12.817330399000001,0.6293916356294292,0.903,0.0,0.3,1.0,5.134983608571403,12,0.6902913545485385,-91.46,2,"[587.7999877929688, 498.3999938964844]"
std,1788868362.019896,12.86751306,0.6809894690048706,0.903,0.0,0.3,1.0,5.4500627573920895,12,0.6458059116998549,-112.98,2,"[587.7999877929688, 498.3999938964844]"
std,1788868362.0699198,12.917537082,0.7542170095421274,0.903,0.0,0.3,1.0,5.764264503366931,12,0.6212622190936846,-72.63,2,"[610.5999755859375, 435.0]"
std,1788868362.1199508,12.967567871,0.8420831193758496,0.903,0.0,0.3,1.0,6.0787070964009615,12,0.619728238305799,2.69,2,"[610.5999755859375, 435.0]"
std,1788868362.1698632,13.017480361,0.9356722622196719,0.903,0.0,0.3,1.0,0.1091239873710137,13,0.6473398924877406,2.69,2,"[617.0, 418.79998779296875]"
std,1788868362.2198153,13.067432474,1.0261729581431462,0.903,0.0,0.3,1.0,0.4230862497378709,13,0.7133010663668231,2.69,2,"[617.0, 418.79998779296875]"
std,1788868362.2697117,13.117328911000001,1.1045566752510962,0.903,0.0,0.3,1.0,0.7367111867351426,13,0.7838641826095626,2.69,2,"[589.7999877929688, 475.3999938964844]"
std,1788868362.3197513,13.167368499,1.1633841227183117,0.903,0.0,0.3,1.0,1.0510537828750088,13,0.8666991451553873,2.69,2,"[589.7999877929688, 475.3999938964844]"
std,1788868362.3698213,13.217438565,1.196700789096096,0.903,0.0,0.3,1.0,1.365509865907903,13,0.9495341077012119,34.97,2,"[526.4000244140625, 575.7999877929688]"
std,1788868362.4199553,13.267572388000001,1.201197185739937,0.903,0.0,0.3,1.0,1.6804814151802034,13,1.0277671278833795,94.14999999999999,2,"[526.4000244140625, 575.7999877929688]"
std,1788868362.4698975,13.317514598,1.176533730297975,0.903,0.0,0.3,1.0,1.9939971378504637,13,1.0952622825503477,72.63,2,"[462.20001220703125, 638.4000244140625]"
std,1788868362.5198505,13.367467871,1.125071031256395,0.903,0.0,0.3,1.0,2.30817020736756,13,1.1489516101263453,67.25,2,"[462.20001220703125, 638.4000244140625]"
std,1788868362.5698633,13.417480411000001,1.0518592267147557,0.903,0.0,0.3,1.0,2.622379179005499,13,1.167359379580973,78.01,2,"[422.6000061035156, 687.7999877929688]"
std,1788868362.6197453,13.467362278000001,0.9641795343283744,0.903,0.0,0.3,1.0,2.93622021987823,13,1.1596894756415448,78.01,2,"[422.6000061035156, 687.7999877929688]"
std,1788868362.6696908,13.517307939,0.8705573278810986,0.903,0.0,0.3,1.0,3.2499467936810262,13,1.1336118022474888,-2.69,2,"[417.20001220703125, 662.5999755859375]"
std,1788868362.7196944,13.567311546,0.7799931337803803,0.903,0.0,0.3,1.0,3.5640718093969,13,1.086058397823034,-5.38,2,"[417.20001220703125, 662.5999755859375]"
std,1788868362.7697313,13.617348395,0.7014035683307432,0.903,0.0,0.3,1.0,3.8784827728761044,13,1.0185632431560658,-18.83,2,"[434.0, 640.2000122070312]"
std,1788868362.819962,13.667578988,0.6424363378568274,0.903,0.0,0.3,1.0,4.193852694946436,13,0.940330222973898,-34.97,2,"[434.0, 640.2000122070312]"
std,1788868362.8699224,13.717539641,0.6092622213898995,0.903,0.0,0.3,1.0,4.507708256260408,13,0.8605632220038447,-112.98,2,"[499.6000061035156, 598.4000244140625]"
std,1788868362.9198596,13.767476676000001,0.6047796920193937,0.903,0.0,0.3,1.0,4.821367706794568,13,0.7746602978822488,-34.97,2,"[499.6000061035156, 598.4000244140625]"
std,1788868362.969807,13.817424016,0.6294378421797376,0.903,0.0,0.3,1.0,5.135358997477546,13,0.6994952392758523,-83.39,2,"[579.7999877929688, 504.20001220703125]"
std,1788868363.0197794,13.867396554,0.6808863605626552,0.903,0.0,0.3,1.0,5.4495515951345865,13,0.6396699885483124,-83.39,2,"[579.7999877929688, 504.20001220703125]"
std,1788868363.0696385,13.917255616,0.7538722902337015,0.903,0.0,0.3,1.0,5.762940736753656,13,0.6181942575179133,-64.56,2,"[610.5999755859375, 435.20001220703125]"
std,1788868363.1197116,13.967328632000001,0.8416988923097918,0.903,0.0,0.3,1.0,6.077398912087254,13,0.6212622190936846,2.69,2,"[610.5999755859375, 435.20001220703125]"
std,1788868363.1696825,14.017299617,0.9354150900293162,0.903,0.0,0.3,1.0,0.1082616578867146,14,0.6519418348513975,2.69,2,"[607.2000122070312, 421.6000061035156]"
std,1788868363.2198076,14.067424721,1.026135938539397,0.903,0.0,0.3,1.0,0.42295092249273125,14,0.7025632008516236,2.69,2,"[607.2000122070312, 421.6000061035156]"
std,1788868363.2698202,14.117437420000002,1.1046548316572538,0.903,0.0,0.3,1.0,0.7371530140427609,14,0.7715923363064775,2.69,2,"[583.5999755859375, 484.0]"
std,1788868363.3199255,14.167542650000001,1.163482394428966,0.903,0.0,0.3,1.0,1.051713718394197,14,0.8528933180644165,2.69,2,"[583.5999755859375, 484.0]"
std,1788868363.3699558,14.217572864000001,1.1967427395000447,0.903,0.0,0.3,1.0,1.3661969762035397,14,0.940330222973898,34.97,2,"[521.4000244140625, 581.7999877929688]"
std,1788868363.4197881,14.267405219,1.2012297353555148,0.903,0.0,0.3,1.0,1.6794857439373203,14,1.0415729549743504,34.97,2,"[521.4000244140625, 581.7999877929688]"
std,1788868363.4696524,14.317269405000001,1.176664391528782,0.903,0.0,0.3,1.0,1.9929353612149612,14,1.1060001480655473,67.25,2,"[464.79998779296875, 634.0]"
std,1788868363.5198555,14.367472554,1.1250697791173456,0.903,0.0,0.3,1.0,2.308176415154648,14,1.1535535524900022,78.01,2,"[464.79998779296875, 634.0]"
std,1788868363.5699012,14.417518183,1.0518213524073772,0.903,0.0,0.3,1.0,2.6225245844798906,14,1.167359379580973,64.56,2,"[426.3999938964844, 669.0]"
std,1788868363.6198225,14.467439528000002,0.9641624777157826,0.903,0.0,0.3,1.0,2.936278295360026,14,1.162757437217316,-2.69,2,"[426.3999938964844, 669.0]"
std,1788868363.6699421,14.517559197,0.8702054806295939,0.903,0.0,0.3,1.0,3.2511266125189024,14,1.1397477253990314,-2.69,2,"[422.20001220703125, 663.5999755859375]"
std,1788868363.7198591,14.567476177000001,0.7798009036420371,0.903,0.0,0.3,1.0,3.5647744580098077,14,1.0937283017624622,-21.52,2,"[422.20001220703125, 663.5999755859375]"
std,1788868363.7698517,14.617468879,0.7012925936195554,0.903,0.0,0.3,1.0,3.8789823929221825,14,1.026233147095494,-34.97,2,"[428.6000061035156, 648.4000244140625]"
std,1788868363.819773,14.667390302000001,0.6425633047611166,0.903,0.0,0.3,1.0,4.192999388116249,14,0.9249904150950417,-34.97,2,"[428.6000061035156, 648.4000244140625]"
std,1788868363.8697019,14.717318871000002,0.6093218175485524,0.903,0.0,0.3,1.0,4.506733181298969,14,0.8436894333371027,-102.22,2,"[500.3999938964844, 597.0]"
std,1788868363.919774,14.767391214000002,0.6047675756352038,0.903,0.0,0.3,1.0,4.82099573594121,14,0.760854470791278,-32.28,2,"[500.3999938964844, 597.0]"
std,1788868363.9698222,14.817439202000001,0.6294535369644935,0.903,0.0,0.3,1.0,5.135486433041962,14,0.6918253353364242,-88.77,2,"[578.2000122070312, 497.20001220703125]"
std,1788868364.0198934,14.867510602000001,0.6810105226570564,0.903,0.0,0.3,1.0,5.450167095967288,14,0.6473398924877406,-118.36,2,"[578.2000122070312, 497.20001220703125]"
std,1788868364.0698948,14.917512036000002,0.7541876755688857,0.903,0.0,0.3,1.0,5.7641518961198415,14,0.6212622190936846,-72.63,2,"[602.7999877929688, 439.79998779296875]"
std,1788868364.119858,14.967475156,0.8419071256615077,0.903,0.0,0.3,1.0,6.078107931850056,14,0.619728238305799,2.69,2,"[602.7999877929688, 439.79998779296875]"
std,1788868364.1699407,15.017557858000002,0.9357961962949953,0.903,0.0,0.3,1.0,0.1095395823799592,15,0.6458059116998549,2.69,2,"[607.2000122070312, 419.20001220703125]"
std,1788868364.2196746,15.067291504000002,1.0259927271793368,0.903,0.0,0.3,1.0,0.42242748289114473,15,0.7117670855789375,2.69,2,"[607.2000122070312, 419.20001220703125]"
std,1788868364.2697556,15.117372636,1.104605539919386,0.903,0.0,0.3,1.0,0.7369311170704336,15,0.782330201821677,2.69,2,"[579.5999755859375, 482.3999938964844]"
std,1788868364.3196847,15.167301907,1.1633332732178743,0.903,0.0,0.3,1.0,1.050712605912814,15,0.8666991451553873,5.38,2,"[579.5999755859375, 482.3999938964844]"
std,1788868364.3697062,15.217323167000002,1.1966701719577626,0.903,0.0,0.3,1.0,1.3650098123220218,15,0.9495341077012119,34.97,2,"[528.5999755859375, 582.4000244140625]"
std,1788868364.4199483,15.267565456000002,1.201197605405461,0.903,0.0,0.3,1.0,1.6804686351812634,15,1.026233147095494,83.39,2,"[528.5999755859375, 582.4000244140625]"
std,1788868364.469841,15.317458153,1.1765431752504003,0.903,0.0,0.3,1.0,1.9939204704233262,15,1.0952622825503477,75.32,2,"[468.0, 636.2000122070312]"
std,1788868364.5199003,15.367517512000001,1.1250261073163323,0.903,0.0,0.3,1.0,2.3083929023043837,15,1.1474176293384597,64.56,2,"[468.0, 636.2000122070312]"
std,1788868364.5698922,15.417509434000001,1.051823342597101,0.903,0.0,0.3,1.0,2.622516944126538,15,1.167359379580973,78.01,2,"[422.6000061035156, 676.4000244140625]"
std,1788868364.6199462,15.467563498,0.9640412264407585,0.903,0.0,0.3,1.0,2.9366911194842444,15,1.1596894756415448,78.01,2,"[422.6000061035156, 676.4000244140625]"
std,1788868364.6698418,15.517459027000001,0.8704137777001923,0.903,0.0,0.3,1.0,3.2504281296578412,15,1.1351457830353744,-2.69,2,"[419.3999938964844, 667.0]"
std,1788868364.7197387,15.567355818000001,0.7799361734865731,0.903,0.0,0.3,1.0,3.5642799901756703,15,1.0845244170351482,-2.69,2,"[419.3999938964844, 667.0]"
std,1788868364.769852,15.617469156,0.701298106485708,0.903,0.0,0.3,1.0,3.878957568057011,15,1.01702926236818,-29.59,2,"[431.6000061035156, 640.4000244140625]"
std,1788868364.8198686,15.667485650000001,0.6425567801485076,0.903,0.0,0.3,1.0,4.193043207050557,15,0.9387962421860124,-26.9,2,"[431.6000061035156, 640.4000244140625]"
std,1788868364.8698716,15.717488772000001,0.6092830395308946,0.903,0.0,0.3,1.0,4.50736712328051,15,0.8559612796401878,-88.77,2,"[502.3999938964844, 595.2000122070312]"
std,1788868364.9198334,15.767450625,0.6047773795992903,0.903,0.0,0.3,1.0,4.82129681361473,15,0.7731263170943632,-43.04,2,"[502.3999938964844, 595.2000122070312]"
std,1788868364.969849,15.817466429000001,0.6294675779724989,0.903,0.0,0.3,1.0,5.135600410023393,15,0.6979612584879668,-78.01,2,"[570.5999755859375, 489.79998779296875]"
std,1788868365.0197217,15.867338987,0.6808074037580324,0.903,0.0,0.3,1.0,5.449159970477545,15,0.641203969336198,-78.01,2,"[570.5999755859375, 489.79998779296875]"
std,1788868365.0696723,15.917289417000001,0.7538831505582544,0.903,0.0,0.3,1.0,5.762982457104066,15,0.6212622190936846,-78.01,2,"[606.2000122070312, 431.0]"
std,1788868365.1197236,15.967340828000001,0.8417260315400639,0.903,0.0,0.3,1.0,6.077491325176716,15,0.6212622190936846,2.69,2,"[606.2000122070312, 431.0]"
std,1788868365.1698472,16.017464347,0.9356323511872845,0.903,0.0,0.3,1.0,0.10899015552392655,16,0.6519418348513975,2.69,2,"[603.4000244140625, 425.0]"
std,1788868365.2198899,16.067506825000002,1.026239465039582,0.903,0.0,0.3,1.0,0.4233293901596653,16,0.7025632008516236,2.69,2,"[603.4000244140625, 425.0]"
std,1788868365.269881,16.117498083,1.1047343256879494,0.903,0.0,0.3,1.0,0.7375109671096709,16,0.7700583555185919,2.69,2,"[587.2000122070312, 476.0]"
std,1788868365.3198364,16.167453297,1.1634475306489476,0.903,0.0,0.3,1.0,1.051479506378655,16,0.8528933180644165,5.38,2,"[587.2000122070312, 476.0]"
std,1788868365.3698335,16.217450623,1.196707561510581,0.903,0.0,0.3,1.0,1.3656206384648328,16,0.940330222973898,32.28,2,"[528.7999877929688, 576.7999877929688]"
std,1788868365.41977,16.267387024,1.2012309157781884,0.903,0.0,0.3,1.0,1.6794494648253249,16,1.043106935762236,32.28,2,"[528.7999877929688, 576.7999877929688]"
std,1788868365.4696531,16.317270278000002,1.1766509056960819,0.903,0.0,0.3,1.0,1.9930450656303975,16,1.1075341288534328,80.7,2,"[467.20001220703125, 644.0]"
std,1788868365.5196931,16.367310293000003,1.125228714561437,0.903,0.0,0.3,1.0,2.3073881141596075,16,1.1550875332778878,72.63,2,"[467.20001220703125, 644.0]"
std,1788868365.5698931,16.41751031,1.0519338417715958,0.903,0.0,0.3,1.0,2.622092684605022,16,1.167359379580973,69.94,2,"[425.0, 665.5999755859375]"
std,1788868365.6198273,16.467444371000003,0.9641406007350215,0.903,0.0,0.3,1.0,2.9363527825218085,16,1.1642914180052018,-2.69,2,"[425.0, 665.5999755859375]"
std,1788868365.6698294,16.517446537,0.8703743456789044,0.903,0.0,0.3,1.0,3.2505603530094334,16,1.141281706186917,-2.69,2,"[425.0, 666.5999755859375]"
std,1788868365.7198455,16.567462559000003,0.7798003777268574,0.903,0.0,0.3,1.0,3.564776380664483,16,1.0952622825503477,-13.45,2,"[425.0, 666.5999755859375]"
std,1788868365.769862,16.617479093,0.7012718729963086,0.903,0.0,0.3,1.0,3.8790757045071445,16,1.0277671278833795,-24.21,2,"[443.6000061035156, 638.5999755859375]"
std,1788868365.8198354,16.667452557,0.6425533253188531,0.903,0.0,0.3,1.0,4.193066410853888,16,0.9265243958829272,-24.21,2,"[443.6000061035156, 638.5999755859375]"
std,1788868365.8696537,16.717270765000002,0.6093471526002554,0.903,0.0,0.3,1.0,4.506320043015435,16,0.8436894333371027,-96.84,2,"[490.79998779296875, 593.0]"
std,1788868365.9197452,16.767362263000003,0.6047658936906951,0.903,0.0,0.3,1.0,4.820944000193364,16,0.7593204900033924,-26.9,2,"[490.79998779296875, 593.0]"
std,1788868365.9697104,16.817327654,0.6293920020674528,0.903,0.0,0.3,1.0,5.13498658680119,16,0.6902913545485385,-102.22,2,"[574.2000122070312, 499.6000061035156]"
std,1788868366.0198123,16.867429536,0.6809088748569305,0.903,0.0,0.3,1.0,5.4496632347711085,16,0.6458059116998549,-110.28999999999999,2,"[574.2000122070312, 499.6000061035156]"
std,1788868366.0699413,16.917558491,0.754256834878312,0.903,0.0,0.3,1.0,5.764417373265417,16,0.6212622190936846,-78.01,2,"[603.2000122070312, 434.20001220703125]"
std,1788868366.119887,16.96750434,0.8419440832625501,0.903,0.0,0.3,1.0,6.078233758918998,16,0.619728238305799,2.69,2,"[603.2000122070312, 434.20001220703125]"
std,1788868366.1699064,17.017523395,0.9357154629104443,0.903,0.0,0.3,1.0,0.10926885249143226,17,0.6473398924877406,2.69,2,"[605.4000244140625, 420.20001220703125]"
std,1788868366.2197754,17.067392371,1.0261404694282443,0.903,0.0,0.3,1.0,0.42296748496917047,17,0.7133010663668231,2.69,2,"[605.4000244140625, 420.20001220703125]"
std,1788868366.2697096,17.117326758,1.104536814169703,0.903,0.0,0.3,1.0,0.7366218084241254,17,0.782330201821677,2.69,2,"[581.4000244140625, 480.20001220703125]"
std,1788868366.3198557,17.167472804000003,1.163452196691439,0.903,0.0,0.3,1.0,1.0515108469069716,17,0.8666991451553873,2.69,2,"[581.4000244140625, 480.20001220703125]"
std,1788868366.369759,17.217376333,1.1966779984558558,0.903,0.0,0.3,1.0,1.3651375243465722,17,0.9495341077012119,43.04,2,"[529.5999755859375, 574.4000244140625]"
std,1788868366.4198189,17.267435899000002,1.2012242535415625,0.903,0.0,0.3,1.0,1.6796540641884903,17,1.026233147095494,86.08,2,"[529.5999755859375, 574.4000244140625]"
std,1788868366.4698734,17.317490629,1.1765379722883234,0.903,0.0,0.3,1.0,1.9939627059949672,17,1.0967962633382335,72.63,2,"[466.6000061035156, 639.2000122070312]"
std,1788868366.5199277,17.367544866,1.1249747335300362,0.903,0.0,0.3,1.0,2.3086475032562177,17,1.1489516101263453,61.87,2,"[466.6000061035156, 639.2000122070312]"
std,1788868366.569871,17.417488139,1.0518653784149476,0.903,0.0,0.3,1.0,2.622355560511913,17,1.167359379580973,80.7,2,"[431.20001220703125, 681.2000122070312]"
std,1788868366.6197166,17.46733396,0.9642823217449175,0.903,0.0,0.3,1.0,2.9358702276070474,17,1.1596894756415448,80.7,2,"[431.20001220703125, 681.2000122070312]"
std,1788868366.6696608,17.517277888000002,0.870638901884151,0.903,0.0,0.3,1.0,3.249673280341405,17,1.1336118022474888,-2.69,2,"[419.6000061035156, 669.2000122070312]"
std,1788868366.719825,17.56744222,0.7798311943753733,0.903,0.0,0.3,1.0,3.5646637231519307,17,1.086058397823034,-8.07,2,"[419.6000061035156, 669.2000122070312]"
std,1788868366.7698543,17.617471378,0.7012986339190532,0.903,0.0,0.3,1.0,3.8789551930129633,17,1.0185632431560658,-24.21,2,"[440.0, 642.0]"
std,1788868366.8199458,17.667562911,0.642460526850417,0.903,0.0,0.3,1.0,4.193690029562013,17,0.9387962421860124,-29.59,2,"[440.0, 642.0]"
std,1788868366.8699913,17.717608307000003,0.6092473717252611,0.903,0.0,0.3,1.0,4.507951930752988,17,0.8574952604280734,-96.84,2,"[491.3999938964844, 601.4000244140625]"
std,1788868366.9198534,17.767470605,0.6047821977554576,0.903,0.0,0.3,1.0,4.821444474752646,17,0.7731263170943632,-40.35,2,"[491.3999938964844, 601.4000244140625]"
std,1788868366.9700043,17.817621494,0.6295156151585473,0.903,0.0,0.3,1.0,5.135990130875278,17,0.6994952392758523,-86.08,2,"[571.0, 508.6000061035156]"
std,1788868367.0196888,17.867305934,0.6807885211967215,0.903,0.0,0.3,1.0,5.449066288184632,17,0.641203969336198,-86.08,2,"[571.0, 508.6000061035156]"
std,1788868367.0696535,17.917270778000002,0.7538764609601681,0.903,0.0,0.3,1.0,5.7629567588761645,17,0.619728238305799,-72.63,2,"[606.4000244140625, 423.6000061035156]"
std,1788868367.1198716,17.967488728000003,0.8418952354335163,0.903,0.0,0.3,1.0,6.078067449287097,17,0.6212622190936846,2.69,2,"[606.4000244140625, 423.6000061035156]"
std,1788868367.1697047,18.017321735,0.935455815629987,0.903,0.0,0.3,1.0,0.10839821035295927,18,0.6519418348513975,2.69,2,"[603.0, 416.0]"
std,1788868367.2199204,18.067537726,1.026324603580317,0.903,0.0,0.3,1.0,0.423640684292522,18,0.7025632008516236,2.69,2,"[603.0, 416.0]"
std,1788868367.2698293,18.117446443000002,1.104690536701971,0.903,0.0,0.3,1.0,0.7373137756219847,18,0.7700583555185919,2.69,2,"[585.0, 477.79998779296875]"
std,1788868367.3198864,18.167503697,1.1634842197166255,0.903,0.0,0.3,1.0,1.0517259831718775,18,0.8544272988523022,2.69,2,"[585.0, 477.79998779296875]"
std,1788868367.3699088,18.217525926,1.19672495771457,0.903,0.0,0.3,1.0,1.365905448971617,18,0.9418642037617837,32.28,2,"[527.2000122070312, 579.2000122070312]"
std,1788868367.4197261,18.267343364000002,1.2012368291449729,0.903,0.0,0.3,1.0,1.6792675414779268,18,1.0415729549743504,32.28,2,"[527.2000122070312, 579.2000122070312]"
std,1788868367.4696605,18.317277695,1.176649378484431,0.903,0.0,0.3,1.0,1.9930574874877323,18,1.1060001480655473,78.01,2,"[463.6000061035156, 646.5999755859375]"
std,1788868367.5198343,18.367451301000003,1.1251060091148568,0.903,0.0,0.3,1.0,2.3079967788866753,18,1.1550875332778878,78.01,2,"[463.6000061035156, 646.5999755859375]"
std,1788868367.569882,18.417499175,1.051875154848752,0.903,0.0,0.3,1.0,2.622318024762876,18,1.167359379580973,69.94,2,"[436.6000061035156, 668.5999755859375]"
std,1788868367.6200063,18.46762339,0.9638900274775908,0.903,0.0,0.3,1.0,2.9372058568741437,18,1.162757437217316,-2.69,2,"[436.6000061035156, 668.5999755859375]"
std,1788868367.6699157,18.517532776,0.8703313072643523,0.903,0.0,0.3,1.0,3.2507046714927412,18,1.1397477253990314,-2.69,2,"[425.3999938964844, 667.0]"
std,1788868367.719943,18.567560114000003,0.7796327732114375,0.903,0.0,0.3,1.0,3.565389198577037,18,1.0937283017624622,-21.52,2,"[425.3999938964844, 667.0]"
std,1788868367.7700098,18.617626892,0.7010873038933225,0.903,0.0,0.3,1.0,3.8799072275338773,18,1.026233147095494,-26.9,2,"[435.6000061035156, 643.2000122070312]"
std,1788868367.819868,18.667485044000003,0.642531984821662,0.903,0.0,0.3,1.0,4.1932097617266635,18,0.9249904150950417,-26.9,2,"[435.6000061035156, 643.2000122070312]"
std,1788868367.869686,18.717303096000002,0.6093338197592912,0.903,0.0,0.3,1.0,4.506537359545646,18,0.842155452549217,-94.14999999999999,2,"[499.0, 591.2000122070312]"
std,1788868367.9198935,18.767510782000002,0.6047895877665144,0.903,0.0,0.3,1.0,4.821670568892728,18,0.760854470791278,-32.28,2,"[499.0, 591.2000122070312]"
std,1788868367.9697542,18.817371396000002,0.6294072454106503,0.903,0.0,0.3,1.0,5.13511045979952,18,0.6902913545485385,-88.77,2,"[582.4000244140625, 494.3999938964844]"
std,1788868368.020024,18.867641393,0.6810979326799348,0.903,0.0,0.3,1.0,5.450600158231367,18,0.6458059116998549,-115.67,2,"[582.4000244140625, 494.3999938964844]"
std,1788868368.0699031,18.917520335000003,0.7541845527461344,0.903,0.0,0.3,1.0,5.764139907802246,18,0.6212622190936846,-69.94,2,"[607.7999877929688, 429.79998779296875]"
std,1788868368.1198568,18.967473865000002,0.8419135349474486,0.903,0.0,0.3,1.0,6.078129753352599,18,0.619728238305799,2.69,2,"[607.7999877929688, 429.79998779296875]"
std,1788868368.169941,19.017557877,0.9358260303899947,0.903,0.0,0.3,1.0,0.10963962953957918,19,0.6458059116998549,2.69,2,"[597.5999755859375, 418.6000061035156]"
std,1788868368.219763,19.067380292000003,1.0260384560913418,0.903,0.0,0.3,1.0,0.4225946093371036,19,0.7117670855789375,2.69,2,"[597.5999755859375, 418.6000061035156]"
std,1788868368.269668,19.117285390000003,1.1044891982640224,0.903,0.0,0.3,1.0,0.7364075580883238,19,0.782330201821677,2.69,2,"[578.2000122070312, 474.79998779296875]"
std,1788868368.3197646,19.167381792,1.163400946009937,0.903,0.0,0.3,1.0,1.0511667042813215,19,0.8666991451553873,2.69,2,"[578.2000122070312, 474.79998779296875]"
std,1788868368.3697145,19.217331772,1.1966764778888115,0.903,0.0,0.3,1.0,1.3651127057646093,19,0.9495341077012119,37.66,2,"[522.0, 578.5999755859375]"
std,1788868368.4198875,19.267504739,1.2012127552993754,0.903,0.0,0.3,1.0,1.6800062807072536,19,1.0246991663076084,86.08,2,"[522.0, 578.5999755859375]"
std,1788868368.4699147,19.31753178,1.1765070037233971,0.903,0.0,0.3,1.0,1.9942140145576914,19,1.0952622825503477,64.56,2,"[449.6000061035156, 645.4000244140625]"
std,1788868368.5199916,19.367608912,1.1249068368584925,0.903,0.0,0.3,1.0,2.308983879864819,19,1.1474176293384597,59.18,2,"[449.6000061035156, 645.4000244140625]"
std,1788868368.5698047,19.417421921000003,1.0518937939697446,0.903,0.0,0.3,1.0,2.6222464592822448,19,1.1658253987930873,80.7,2,"[427.3999938964844, 674.2000122070312]"
std,1788868368.6197934,19.467410717,0.964193413088085,0.903,0.0,0.3,1.0,2.936172964041525,19,1.1596894756415448,80.7,2,"[427.3999938964844, 674.2000122070312]"
std,1788868368.6696901,19.517307339000002,0.87054444484103,0.903,0.0,0.3,1.0,3.249989990580012,19,1.1351457830353744,-2.69,2,"[421.3999938964844, 665.4000244140625]"
std,1788868368.7197099,19.567326937,0.7799794730011477,0.903,0.0,0.3,1.0,3.5641217355873422,19,1.0845244170351482,-5.38,2,"[421.3999938964844, 665.4000244140625]"
std,1788868368.7699196,19.617536768,0.7012438553013538,0.903,0.0,0.3,1.0,3.8792018897176845,19,1.0185632431560658,-16.14,2,"[439.20001220703125, 646.4000244140625]"
std,1788868368.8199425,19.667559588,0.6424893834505429,0.903,0.0,0.3,1.0,4.193496036215656,19,0.9418642037617837,-34.97,2,"[439.20001220703125, 646.4000244140625]"
std,1788868368.8699777,19.717594882,0.6092690060666843,0.903,0.0,0.3,1.0,4.507597018747724,19,0.8574952604280734,-94.14999999999999,2,"[496.20001220703125, 595.0]"
std,1788868368.9198635,19.767480528,0.6047824695995316,0.903,0.0,0.3,1.0,4.82145279997318,19,0.7731263170943632,-40.35,2,"[496.20001220703125, 595.0]"
std,1788868368.9698222,19.817439269,0.6294476158826503,0.903,0.0,0.3,1.0,5.135438360391156,19,0.6979612584879668,-88.77,2,"[578.7999877929688, 494.0]"
std,1788868369.0198095,19.867426624,0.680855559948303,0.903,0.0,0.3,1.0,5.449398844616574,19,0.641203969336198,-88.77,2,"[578.7999877929688, 494.0]"
std,1788868369.0697076,19.91732469,0.7539412102642216,0.903,0.0,0.3,1.0,5.763205478766558,19,0.619728238305799,-72.63,2,"[612.2000122070312, 429.0]"
std,1788868369.1199114,19.967528587,0.8419728881991935,0.903,0.0,0.3,1.0,6.078331826875278,19,0.6212622190936846,2.69,2,"[612.2000122070312, 429.0]"
std,1788868369.169719,20.017336087,0.935472510084345,0.903,0.0,0.3,1.0,0.10845418725087086,20,0.6519418348513975,2.69,2,"[598.5999755859375, 421.0]"
std,1788868369.219929,20.067546018,1.026303546891668,0.903,0.0,0.3,1.0,0.4235636901397868,20,0.7025632008516236,2.69,2,"[598.5999755859375, 421.0]"
std,1788868369.2698572,20.117474324,1.1047015125903232,0.903,0.0,0.3,1.0,0.7373631991576275,20,0.7700583555185919,2.69,2,"[587.0, 483.6000061035156]"
std,1788868369.3198497,20.167466973,1.163454687699594,0.903,0.0,0.3,1.0,1.0515275790294538,20,0.8544272988523022,2.69,2,"[587.0, 483.6000061035156]"
std,1788868369.3699372,20.217554484,1.1967395021757927,0.903,0.0,0.3,1.0,1.3661438707213023,20,0.940330222973898,29.59,2,"[527.5999755859375, 578.5999755859375]"
std,1788868369.4199169,20.267534055000002,1.2012099796646258,0.903,0.0,0.3,1.0,1.680091135124826,20,1.0415729549743504,29.59,2,"[527.5999755859375, 578.5999755859375]"
std,1788868369.469681,20.317298028,1.176632084135031,0.903,0.0,0.3,1.0,1.9931981303076753,20,1.1060001480655473,69.94,2,"[465.0, 643.7999877929688]"
std,1788868369.519842,20.367459011,1.1250821353782106,0.903,0.0,0.3,1.0,2.308115154097891,20,1.1550875332778878,75.32,2,"[465.0, 643.7999877929688]"
std,1788868369.5698705,20.41748764,1.0518574936190237,0.903,0.0,0.3,1.0,2.6223858328987433,20,1.167359379580973,69.94,2,"[424.0, 680.2000122070312]"
std,1788868369.6199715,20.46758848,0.9638990437980636,0.903,0.0,0.3,1.0,2.937175163513956,20,1.162757437217316,-2.69,2,"[424.0, 680.2000122070312]"
std,1788868369.6698732,20.51749053,0.8703249683886147,0.903,0.0,0.3,1.0,3.2507259275086824,20,1.1397477253990314,-2.69,2,"[423.3999938964844, 667.5999755859375]"
std,1788868369.719993,20.567610449,0.7795808462278287,0.903,0.0,0.3,1.0,3.5655790952866084,20,1.0937283017624622,-21.52,2,"[423.3999938964844, 667.5999755859375]"
std,1788868369.76997,20.617587182,0.7011608492678695,0.903,0.0,0.3,1.0,3.879575814641697,20,1.026233147095494,-26.9,2,"[443.3999938964844, 649.0]"
std,1788868369.8196886,20.66730558,0.642652437165155,0.903,0.0,0.3,1.0,4.19240111577767,20,0.9265243958829272,-26.9,2,"[443.3999938964844, 649.0]"
std,1788868369.8696644,20.717281447,0.6093361274484845,0.903,0.0,0.3,1.0,4.506499729548892,20,0.8452234141249882,-107.6,2,"[472.20001220703125, 605.5999755859375]"
std,1788868369.9196692,20.767286202,0.6047577581587038,0.903,0.0,0.3,1.0,4.820693407913808,20,0.760854470791278,-34.97,2,"[472.20001220703125, 605.5999755859375]"
std,1788868369.9698884,20.817505500000003,0.6294776348799231,0.903,0.0,0.3,1.0,5.135682028600598,20,0.6933593161243098,-91.46,2,"[562.7999877929688, 499.6000061035156]"
std,1788868370.0199273,20.867544168000002,0.6809901827558613,0.903,0.0,0.3,1.0,5.450066294825433,20,0.6458059116998549,-123.74,2,"[562.7999877929688, 499.6000061035156]"
std,1788868370.0698771,20.917494361000003,0.7541624513668035,0.903,0.0,0.3,1.0,5.764055059667925,20,0.6212622190936846,-72.63,2,"[608.5999755859375, 420.79998779296875]"
std,1788868370.1199021,20.967519149,0.8419633209383331,0.903,0.0,0.3,1.0,6.078299254842705,20,0.619728238305799,2.69,2,"[608.5999755859375, 420.79998779296875]"
std,1788868370.1699748,21.017592123,0.9358432659270316,0.903,0.0,0.3,1.0,0.10969742856128306,21,0.6473398924877406,2.69,2,"[604.7999877929688, 414.20001220703125]"
std,1788868370.2197595,21.067376679000002,1.0260834406760773,0.903,0.0,0.3,1.0,0.4227590277302866,21,0.7133010663668231,2.69,2,"[604.7999877929688, 414.20001220703125]"
std,1788868370.269661,21.117278245,1.1045221515398982,0.903,0.0,0.3,1.0,0.7365558286952663,21,0.782330201821677,2.69,2,"[579.5999755859375, 490.79998779296875]"
std,1788868370.319801,21.167418421,1.1633961592172017,0.903,0.0,0.3,1.0,1.0511345720717102,21,0.8651651643675016,2.69,2,"[579.5999755859375, 490.79998779296875]"
std,1788868370.3698573,21.217474562,1.1967134420962133,0.903,0.0,0.3,1.0,1.3657168717310597,21,0.9495341077012119,37.66,2,"[526.7999877929688, 575.4000244140625]"
std,1788868370.4197786,21.267395722,1.2012252672976333,0.903,0.0,0.3,1.0,1.6796229561380827,21,1.026233147095494,91.46,2,"[526.7999877929688, 575.4000244140625]"
std,1788868370.4698412,21.317458520000002,1.176537270214865,0.903,0.0,0.3,1.0,1.9939684048440895,21,1.0952622825503477,67.25,2,"[465.79998779296875, 641.7999877929688]"
std,1788868370.519962,21.367579115,1.1249559977447436,0.903,0.0,0.3,1.0,2.3087403373192004,21,1.1489516101263453,64.56,2,"[465.79998779296875, 641.7999877929688]"
std,1788868370.5698895,21.417506816000003,1.051836925082603,0.903,0.0,0.3,1.0,2.6224647999717448,21,1.167359379580973,83.39,2,"[441.6000061035156, 675.7999877929688]"
std,1788868370.6197207,21.467338012000003,0.9642372647155786,0.903,0.0,0.3,1.0,2.9360236504259447,21,1.1596894756415448,83.39,2,"[441.6000061035156, 675.7999877929688]"
std,1788868370.6697488,21.517366029,0.8705339004691414,0.903,0.0,0.3,1.0,3.2500253460637865,21,1.1336118022474888,-2.69,2,"[423.0, 672.4000244140625]"
std,1788868370.7198393,21.567456603,0.7798126251379212,0.903,0.0,0.3,1.0,3.5647316066860597,21,1.086058397823034,-5.38,2,"[423.0, 672.4000244140625]"
std,1788868370.7699015,21.617518558,0.7012549891707256,0.903,0.0,0.3,1.0,3.8791517436158145,21,1.0185632431560658,-24.21,2,"[425.3999938964844, 651.4000244140625]"
std,1788868370.8199143,21.667531589000003,0.642500460445862,0.903,0.0,0.3,1.0,4.193421586753011,21,0.9387962421860124,-24.21,2,"[425.3999938964844, 651.4000244140625]"
std,1788868370.8700233,21.717640301000003,0.6092269587064632,0.903,0.0,0.3,1.0,4.508287364883849,21,0.8574952604280734,-94.14999999999999,2,"[493.3999938964844, 576.5999755859375]"
std,1788868370.9199212,21.767538502,0.6047957201367499,0.903,0.0,0.3,1.0,4.8218578329476784,21,0.7731263170943632,-45.73,2,"[493.3999938964844, 576.5999755859375]"
std,1788868370.969834,21.817451323,0.6294613821525308,0.903,0.0,0.3,1.0,5.135550119408244,21,0.6994952392758523,-83.39,2,"[583.4000244140625, 495.3999938964844]"
std,1788868371.01973,21.867347285,0.6808184885145241,0.903,0.0,0.3,1.0,5.449214960915391,21,0.641203969336198,-83.39,2,"[583.4000244140625, 495.3999938964844]"
std,1788868371.069704,21.91732111,0.7539312302389312,0.903,0.0,0.3,1.0,5.763167145053025,21,0.6212622190936846,-72.63,2,"[617.2000122070312, 428.20001220703125]"
std,1788868371.1198428,21.967459897,0.8418925780006369,0.903,0.0,0.3,1.0,6.078058401500279,21,0.6212622190936846,2.69,2,"[617.2000122070312, 428.20001220703125]"
std,1788868371.169758,22.017375248,0.9355014576409671,0.903,0.0,0.3,1.0,0.10855124989750209,22,0.6504078540635119,2.69,2,"[603.0, 421.20001220703125]"
std,1788868371.2199013,22.067518460000002,1.0262815082410295,0.903,0.0,0.3,1.0,0.42348310828820956,22,0.7025632008516236,2.69,2,"[603.0, 421.20001220703125]"
std,1788868371.2699249,22.117542030000003,1.1047131214351649,0.903,0.0,0.3,1.0,0.7374154752593682,22,0.7685243747307062,2.69,2,"[576.2000122070312, 477.3999938964844]"
std,1788868371.3198833,22.167500404000002,1.1634851819042376,0.903,0.0,0.3,1.0,1.0517324485695525,22,0.8528933180644165,5.38,2,"[576.2000122070312, 477.3999938964844]"
std,1788868371.3698354,22.217452393000002,1.1967021219677236,0.903,0.0,0.3,1.0,1.3655316622776894,22,0.940330222973898,29.59,2,"[506.3999938964844, 596.2000122070312]"
std,1788868371.4197645,22.267381710000002,1.2012344273281972,0.903,0.0,0.3,1.0,1.6793414694362667,22,1.0415729549743504,29.59,2,"[506.3999938964844, 596.2000122070312]"
std,1788868371.4696615,22.317278636,1.176630486081589,0.903,0.0,0.3,1.0,1.99321112393487,22,1.1060001480655473,72.63,2,"[463.20001220703125, 638.5999755859375]"
std,1788868371.5197177,22.367334791,1.1252254501366106,0.903,0.0,0.3,1.0,2.307404312211318,22,1.1535535524900022,75.32,2,"[463.20001220703125, 638.5999755859375]"
std,1788868371.56985,22.417467049000003,1.0518713140150286,0.903,0.0,0.3,1.0,2.6223327713987743,22,1.167359379580973,78.01,2,"[395.0, 675.0]"
std,1788868371.6199698,22.467586942,0.9638904113876008,0.903,0.0,0.3,1.0,2.9372045499715824,22,1.162757437217316,-2.69,2,"[395.0, 675.0]"
std,1788868371.669975,22.517592283000003,0.8701336098842486,0.903,0.0,0.3,1.0,3.251367629224049,22,1.1397477253990314,-2.69,2,"[401.3999938964844, 680.7999877929688]"
std,1788868371.7199543,22.567571464,0.779608260124298,0.903,0.0,0.3,1.0,3.5654788407818074,22,1.0937283017624622,-24.21,2,"[401.3999938964844, 680.7999877929688]"
std,1788868371.7698727,22.617489835,0.7012715339690064,0.903,0.0,0.3,1.0,3.8790772313211477,22,1.0277671278833795,-32.28,2,"[442.20001220703125, 634.4000244140625]"
std,1788868371.8197598,22.667376884000003,0.6425750267436527,0.903,0.0,0.3,1.0,4.192920672370676,22,0.9265243958829272,-32.28,2,"[442.20001220703125, 634.4000244140625]"
std,1788868371.8697245,22.717341551,0.6093278861804163,0.903,0.0,0.3,1.0,4.5066341457321215,22,0.8452234141249882,-102.22,2,"[495.6000061035156, 601.0]"
std,1788868371.919865,22.767482036,0.6047812607186516,0.903,0.0,0.3,1.0,4.821415773162144,22,0.7593204900033924,-29.59,2,"[495.6000061035156, 601.0]"
std,1788868371.9697719,22.817389042000002,0.6294072423174832,0.903,0.0,0.3,1.0,5.135110434666771,22,0.6902913545485385,-91.46,2,"[572.5999755859375, 501.79998779296875]"
std,1788868372.0199015,22.867518718000003,0.6809868371513386,0.903,0.0,0.3,1.0,5.450049713499354,22,0.6458059116998549,-112.98,2,"[572.5999755859375, 501.79998779296875]"
std,1788868372.0698786,22.917495662,0.7541498299696955,0.903,0.0,0.3,1.0,5.7640066037427715,22,0.6212622190936846,-75.32,2,"[604.4000244140625, 428.20001220703125]"
std,1788868372.1198418,22.96745898,0.8418657271365101,0.903,0.0,0.3,1.0,6.077966981154034,22,0.619728238305799,2.69,2,"[604.4000244140625, 428.20001220703125]"
std,1788868372.169895,23.017512075000003,0.9356972840774229,0.903,0.0,0.3,1.0,0.10920789302758038,23,0.6473398924877406,2.69,2,"[601.2000122070312, 421.79998779296875]"
std,1788868372.2198603,23.067477567,1.0262124503378602,0.903,0.0,0.3,1.0,0.4232306247698361,23,0.7117670855789375,2.69,2,"[601.2000122070312, 421.79998779296875]"
std,1788868372.2696826,23.117299684000002,1.104536071354967,0.903,0.0,0.3,1.0,0.7366184657695314,23,0.782330201821677,2.69,2,"[592.5999755859375, 485.20001220703125]"
std,1788868372.3198009,23.167418057000003,1.1634149229541326,0.903,0.0,0.3,1.0,1.0512605373706876,23,0.8651651643675016,2.69,2,"[592.5999755859375, 485.20001220703125]"
std,1788868372.369943,23.217559991,1.1967359352575881,0.903,0.0,0.3,1.0,1.3660853742660706,23,0.9480001269133262,37.66,2,"[533.4000244140625, 566.0]"
std,1788868372.4198887,23.267505965,1.2012108005553297,0.903,0.0,0.3,1.0,1.680066046365873,23,1.0246991663076084,86.08,2,"[533.4000244140625, 566.0]"
std,1788868372.4701004,23.317717396000003,1.1764479912706365,0.903,0.0,0.3,1.0,1.9946925105347404,23,1.0937283017624622,61.87,2,"[452.79998779296875, 627.4000244140625]"
std,1788868372.519944,23.367561206,1.1249717308608282,0.903,0.0,0.3,1.0,2.3086623818390066,23,1.1474176293384597,61.87,2,"[452.79998779296875, 627.4000244140625]"
std,1788868372.5698466,23.41746381,1.0519144957553772,0.903,0.0,0.3,1.0,2.622166970704903,23,1.167359379580973,91.46,2,"[429.3999938964844, 710.0]"
std,1788868372.619717,23.467334198000003,0.9643101582893884,0.903,0.0,0.3,1.0,2.9357754394734954,23,1.1596894756415448,91.46,2,"[429.3999938964844, 710.0]"
std,1788868372.6697702,23.517387511000003,0.8704963518164972,0.903,0.0,0.3,1.0,3.2501512485308908,23,1.1336118022474888,-2.69,2,"[417.79998779296875, 669.0]"
std,1788868372.7197876,23.567404893000003,0.7798691149197514,0.903,0.0,0.3,1.0,3.56452510351766,23,1.086058397823034,-8.07,2,"[417.79998779296875, 669.0]"
std,1788868372.769741,23.617358383000003,0.7014088784922411,0.903,0.0,0.3,1.0,3.878458871639161,23,1.0200972239439514,-26.9,2,"[435.6000061035156, 655.5999755859375]"
std,1788868372.8196816,23.667298749,0.6426635859709962,0.903,0.0,0.3,1.0,4.1923263270229185,23,0.9418642037617837,-34.97,2,"[435.6000061035156, 655.5999755859375]"
std,1788868372.8698514,23.717468330000003,0.6092938149606726,0.903,0.0,0.3,1.0,4.507190773118474,23,0.859029241215959,-102.22,2,"[500.3999938964844, 600.0]"
std,1788868372.9197981,23.767415339000003,0.6047686462119225,0.903,0.0,0.3,1.0,4.821028653549,23,0.7731263170943632,-43.04,2,"[500.3999938964844, 600.0]"
std,1788868372.9698467,23.817463888000002,0.6294606282356396,0.903,0.0,0.3,1.0,5.1355439995857,23,0.6979612584879668,-83.39,2,"[579.2000122070312, 502.6000061035156]"
std,1788868373.019819,23.8674362,0.6808526259822292,0.903,0.0,0.3,1.0,5.449384292759383,23,0.6396699885483124,-83.39,2,"[579.2000122070312, 502.6000061035156]"
std,1788868373.069816,23.917433232,0.7540533971473293,0.903,0.0,0.3,1.0,5.763636335632604,23,0.619728238305799,-69.94,2,"[578.2000122070312, 437.0]"
std,1788868373.119887,23.967504344,0.8418986716492828,0.903,0.0,0.3,1.0,6.078079148578119,23,0.6212622190936846,2.69,2,"[578.2000122070312, 437.0]"
std,1788868373.1698716,24.017488694,0.9356246818313233,0.903,0.0,0.3,1.0,0.10896443844646342,24,0.6519418348513975,2.69,2,"[609.4000244140625, 424.79998779296875]"
std,1788868373.219873,24.067490076000002,1.0262235698370648,0.903,0.0,0.3,1.0,0.42327127697873834,24,0.7025632008516236,2.69,2,"[609.4000244140625, 424.79998779296875]"
std,1788868373.2698712,24.117488454,1.1047243865106877,0.903,0.0,0.3,1.0,0.7374662056975296,24,0.7685243747307062,2.69,2,"[593.7999877929688, 451.20001220703125]"
std,1788868373.3198705,24.167487755,1.1634677196375451,0.903,0.0,0.3,1.0,1.051615122650304,24,0.8528933180644165,5.38,2,"[593.7999877929688, 451.20001220703125]"
std,1788868373.3698688,24.217485840000002,1.1967125856719238,0.903,0.0,0.3,1.0,1.3657028539445548,24,0.940330222973898,40.35,2,"[528.7999877929688, 586.7999877929688]"
std,1788868373.4196954,24.267312678000003,1.2012386387180034,0.903,0.0,0.3,1.0,1.6792118096242348,24,1.0400389741864646,40.35,2,"[528.7999877929688, 586.7999877929688]"
std,1788868373.4696925,24.317309678,1.1766251042891573,0.903,0.0,0.3,1.0,1.993254880037341,24,1.1044661672776617,78.01,2,"[469.79998779296875, 643.0]"
std,1788868373.5198517,24.367468779000003,1.1250990006457797,0.903,0.0,0.3,1.0,2.3080315311846107,24,1.1535535524900022,75.32,2,"[469.79998779296875, 643.0]"
std,1788868373.5696907,24.417307931,1.0520749055439795,0.903,0.0,0.3,1.0,2.6215509232351053,24,1.167359379580973,67.25,2,"[426.0, 671.4000244140625]"
std,1788868373.6198204,24.467437478,0.9641592926108908,0.903,0.0,0.3,1.0,2.9362891401378306,24,1.162757437217316,-2.69,2,"[426.0, 671.4000244140625]"
std,1788868373.6698227,24.517439640000003,0.8704050233075271,0.903,0.0,0.3,1.0,3.250457484699581,24,1.1397477253990314,-2.69,2,"[421.3999938964844, 671.5999755859375]"
std,1788868373.7199924,24.56760969,0.7795736630849127,0.903,0.0,0.3,1.0,3.565605365284341,24,1.0937283017624622,-21.52,2,"[421.3999938964844, 671.5999755859375]"
std,1788868373.7699394,24.617556437,0.701202564948404,0.903,0.0,0.3,1.0,3.8793878782859395,24,1.026233147095494,-34.97,2,"[438.0, 648.5999755859375]"
std,1788868373.8197176,24.667334772,0.6426379036621855,0.903,0.0,0.3,1.0,4.192498624530401,24,0.9265243958829272,-34.97,2,"[438.0, 648.5999755859375]"
std,1788868373.8696856,24.717302676000003,0.6093385577339636,0.903,0.0,0.3,1.0,4.506460107782289,24,0.8452234141249882,-104.91,2,"[498.0, 584.7999877929688]"
std,1788868373.9197164,24.767333663000002,0.6047627758116942,0.903,0.0,0.3,1.0,4.820848030820969,24,0.760854470791278,-34.97,2,"[498.0, 584.7999877929688]"
std,1788868373.9697123,24.817329376,0.6293856361316691,0.903,0.0,0.3,1.0,5.134934844770157,24,0.6933593161243098,-91.46,2,"[579.4000244140625, 477.20001220703125]"
std,1788868374.019846,24.867463131,0.6809109137992952,0.903,0.0,0.3,1.0,5.449673344416226,24,0.6473398924877406,-110.28999999999999,2,"[579.4000244140625, 477.20001220703125]"
std,1788868374.069861,24.917478188,0.75413558549321,0.903,0.0,0.3,1.0,5.763951914897831,24,0.6212622190936846,-83.39,2,"[612.0, 458.3999938964844]"
std,1788868374.1198711,24.967488205000002,0.8419257815073304,0.903,0.0,0.3,1.0,6.078171448570288,24,0.619728238305799,2.69,2,"[612.0, 458.3999938964844]"
std,1788868374.1698463,25.017463637000002,0.9356384165776318,0.903,0.0,0.3,1.0,0.10901049419477005,25,0.6473398924877406,2.69,2,"[630.4000244140625, 421.3999938964844]"
std,1788868374.2197604,25.067377676000003,1.026100388109585,0.903,0.0,0.3,1.0,0.4228209736541615,25,0.7102331047910518,2.69,2,"[630.4000244140625, 421.3999938964844]"
std,1788868374.2696958,25.117313053,1.1045390928655063,0.903,0.0,0.3,1.0,0.7366320625825225,25,0.782330201821677,2.69,2,"[583.7999877929688, 476.20001220703125]"
std,1788868374.3197422,25.167359422,1.1633805951348561,0.903,0.0,0.3,1.0,1.0510301078327373,25,0.8651651643675016,2.69,2,"[583.7999877929688, 476.20001220703125]"
std,1788868374.3697853,25.217402334000003,1.1966935644188879,0.903,0.0,0.3,1.0,1.3653917608736563,25,0.9480001269133262,34.97,2,"[544.0, 563.4000244140625]"
std,1788868374.419815,25.267432116000002,1.2012239705147045,0.903,0.0,0.3,1.0,1.679662747550573,25,1.0246991663076084,86.08,2,"[544.0, 563.4000244140625]"
std,1788868374.469841,25.317458031,1.17653827494349,0.903,0.0,0.3,1.0,1.9939602492694988,25,1.0952622825503477,67.25,2,"[459.6000061035156, 644.4000244140625]"
std,1788868374.5198452,25.367462486,1.1251104616532006,0.903,0.0,0.3,1.0,2.3079746997735313,25,1.1474176293384597,59.18,2,"[459.6000061035156, 644.4000244140625]"
std,1788868374.5698545,25.417471769000002,1.0518698935365658,0.903,0.0,0.3,1.0,2.62233822520367,25,1.167359379580973,80.7,2,"[403.3999938964844, 670.0]"
std,1788868374.619717,25.467334196000003,0.9642829657226346,0.903,0.0,0.3,1.0,2.935868034775389,25,1.1596894756415448,80.7,2,"[403.3999938964844, 670.0]"
std,1788868374.6696799,25.517297075000002,0.8705759620173547,0.903,0.0,0.3,1.0,3.24988431368633,25,1.1336118022474888,-2.69,2,"[423.6000061035156, 656.5999755859375]"
std,1788868374.7198472,25.567464405000003,0.7798019537551001,0.903,0.0,0.3,1.0,3.56477061898358,25,1.086058397823034,-5.38,2,"[423.6000061035156, 656.5999755859375]"
std,1788868374.769931,25.61754836,0.7011813959054093,0.903,0.0,0.3,1.0,3.879483244472574,25,1.0185632431560658,-24.21,2,"[431.6000061035156, 648.7999877929688]"
std,1788868374.8199282,25.667545328000003,0.6425128675719634,0.903,0.0,0.3,1.0,4.193338208883951,25,0.940330222973898,-32.28,2,"[431.6000061035156, 648.7999877929688]"
std,1788868374.8698533,25.717470441000003,0.6092872634611571,0.903,0.0,0.3,1.0,4.507297976826244,25,0.859029241215959,-94.14999999999999,2,"[495.6000061035156, 599.7999877929688]"
std,1788868374.9198515,25.767468863,0.6047831013834326,0.903,0.0,0.3,1.0,4.821472145900778,25,0.7731263170943632,-37.66,2,"[495.6000061035156, 599.7999877929688]"
std,1788868374.9698393,25.817456394,0.6294610384766256,0.903,0.0,0.3,1.0,5.13554732967399,25,0.6994952392758523,-88.77,2,"[572.2000122070312, 502.0]"
std,1788868375.019865,25.867482121000002,0.6809624626076701,0.903,0.0,0.3,1.0,5.449928900412324,25,0.641203969336198,-88.77,2,"[572.2000122070312, 502.0]"
std,1788868375.069677,25.917294400000003,0.7539279341469177,0.903,0.0,0.3,1.0,5.763154484434644,25,0.6212622190936846,-69.94,2,"[620.4000244140625, 425.79998779296875]"
std,1788868375.119696,25.967313108000003,0.841675744665025,0.903,0.0,0.3,1.0,6.0773200895276105,25,0.6212622190936846,2.69,2,"[620.4000244140625, 425.79998779296875]"
std,1788868375.1697571,26.017374077000003,0.935524279298,0.903,0.0,0.3,1.0,0.10862777281140268,26,0.6504078540635119,2.69,2,"[607.5999755859375, 419.3999938964844]"
std,1788868375.2198288,26.067445906000003,1.0261756514212328,0.903,0.0,0.3,1.0,0.42309609548927085,26,0.701029220063738,2.69,2,"[607.5999755859375, 419.3999938964844]"
std,1788868375.269846,26.117462951,1.1046976084342788,0.903,0.0,0.3,1.0,0.737345618805179,26,0.7685243747307062,2.69,2,"[559.4000244140625, 474.20001220703125]"
std,1788868375.3198397,26.167456851,1.1634445015133061,0.903,0.0,0.3,1.0,1.0514591614246882,26,0.8513593372765309,5.38,2,"[559.4000244140625, 474.20001220703125]"
std,1788868375.3698432,26.217460371,1.196708564197623,0.903,0.0,0.3,1.0,1.3656370438617245,26,0.940330222973898,34.97,2,"[528.0, 577.5999755859375]"
std,1788868375.419835,26.267452157,1.2012185852451034,0.903,0.0,0.3,1.0,1.6798278382445773,26,1.0415729549743504,34.97,2,"[528.0, 577.5999755859375]"
std,1788868375.469702,26.317319150000003,1.1766195658438348,0.903,0.0,0.3,1.0,1.993299905343335,26,1.1060001480655473,75.32,2,"[462.3999938964844, 637.0]"
std,1788868375.5197735,26.367390598,1.1251591372797474,0.903,0.0,0.3,1.0,2.307733293510907,26,1.1550875332778878,78.01,2,"[462.3999938964844, 637.0]"
std,1788868375.569783,26.417400121,1.0519523361415257,0.903,0.0,0.3,1.0,2.6220216657615794,26,1.1658253987930873,67.25,2,"[420.3999938964844, 677.7999877929688]"
std,1788868375.6198497,26.467466794,0.9641621769211199,0.903,0.0,0.3,1.0,2.9362793195192722,26,1.162757437217316,-2.69,2,"[420.3999938964844, 677.7999877929688]"
std,1788868375.669927,26.517543846000002,0.8702295197854267,0.903,0.0,0.3,1.0,3.2510459992514456,26,1.1397477253990314,-2.69,2,"[418.20001220703125, 668.2000122070312]"
std,1788868375.7198505,26.567467758000003,0.7798033287012883,0.903,0.0,0.3,1.0,3.5647655924353643,26,1.0937283017624622,-18.83,2,"[418.20001220703125, 668.2000122070312]"
std,1788868375.7698257,26.617442772,0.7013094814380842,0.903,0.0,0.3,1.0,3.8789063475304175,26,1.026233147095494,-32.28,2,"[429.20001220703125, 644.7999877929688]"
std,1788868375.8197198,26.667336964,0.6426368848458766,0.903,0.0,0.3,1.0,4.19250546063607,26,0.9265243958829272,-32.28,2,"[429.20001220703125, 644.7999877929688]"
std,1788868375.869666,26.717283389000002,0.6093351482963036,0.903,0.0,0.3,1.0,4.506515695122758,26,0.8452234141249882,-94.14999999999999,2,"[494.3999938964844, 588.2000122070312]"
std,1788868375.919787,26.767403984,0.6047703171940719,0.903,0.0,0.3,1.0,4.821080012305757,26,0.7623884515791637,-32.28,2,"[494.3999938964844, 588.2000122070312]"
std,1788868375.9697928,26.817409979,0.6294289590530748,0.903,0.0,0.3,1.0,5.135286853943896,26,0.6918253353364242,-99.53,2,"[570.2000122070312, 503.20001220703125]"
std,1788868376.019888,26.867505148000003,0.68097199248081,0.903,0.0,0.3,1.0,5.449976137399474,26,0.6458059116998549,-115.67,2,"[570.2000122070312, 503.20001220703125]"
std,1788868376.0698082,26.917425439000002,0.7540981353147345,0.903,0.0,0.3,1.0,5.7638081242021855,26,0.6212622190936846,-78.01,2,"[609.4000244140625, 440.79998779296875]"
std,1788868376.1198747,26.967491921,0.8419313364165767,0.903,0.0,0.3,1.0,6.078190360958175,26,0.619728238305799,2.69,2,"[609.4000244140625, 440.79998779296875]"
std,1788868376.1698654,27.017482396000002,0.9356679844595626,0.903,0.0,0.3,1.0,0.10910964285903191,27,0.6473398924877406,2.69,2,"[607.5999755859375, 411.6000061035156]"
std,1788868376.2197282,27.067345325,1.0260467697572617,0.903,0.0,0.3,1.0,0.42262499482136917,27,0.7117670855789375,2.69,2,"[607.5999755859375, 411.6000061035156]"
std,1788868376.2697196,27.117336683,1.10454395038225,0.903,0.0,0.3,1.0,0.7366539217843453,27,0.782330201821677,2.69,2,"[584.0, 485.3999938964844]"
std,1788868376.3197372,27.167354235,1.1633792404216616,0.903,0.0,0.3,1.0,1.0510210160637357,27,0.8666991451553873,2.69,2,"[584.0, 485.3999938964844]"
std,1788868376.3698356,27.217452889,1.1967071432849377,0.903,0.0,0.3,1.0,1.3656137960761825,27,0.9480001269133262,40.35,2,"[527.5999755859375, 581.4000244140625]"
std,1788868376.4198554,27.267472719,1.201216359490878,0.903,0.0,0.3,1.0,1.6798959982388837,27,1.0277671278833795,86.08,2,"[527.5999755859375, 581.4000244140625]"
std,1788868376.4700265,27.317643791000002,1.1764185333194923,0.903,0.0,0.3,1.0,1.9949311773287874,27,1.0952622825503477,69.94,2,"[467.0, 643.7999877929688]"
std,1788868376.5198493,27.367466512,1.1250736799838523,0.903,0.0,0.3,1.0,2.308157075510387,27,1.1489516101263453,56.49,2,"[467.0, 643.7999877929688]"
std,1788868376.5698724,27.41748966,1.0519129592311252,0.903,0.0,0.3,1.0,2.622172870616076,27,1.167359379580973,80.7,2,"[427.6000061035156, 675.2000122070312]"
std,1788868376.619769,27.467386411000003,0.9641999510603259,0.903,0.0,0.3,1.0,2.9361507027161267,27,1.1596894756415448,80.7,2,"[427.6000061035156, 675.2000122070312]"
std,1788868376.669678,27.51729514,0.870572881304635,0.903,0.0,0.3,1.0,3.249894643243117,27,1.1351457830353744,-2.69,2,"[420.79998779296875, 668.5999755859375]"
std,1788868376.719718,27.567335138,0.7799586574927134,0.903,0.0,0.3,1.0,3.5641978123952,27,1.0845244170351482,-8.07,2,"[420.79998779296875, 668.5999755859375]"
std,1788868376.7697973,27.617414479,0.70135579322536,0.903,0.0,0.3,1.0,3.8786978337429545,27,1.0200972239439514,-21.52,2,"[438.0, 638.5999755859375]"
std,1788868376.8198235,27.667440575,0.6425755498166897,0.903,0.0,0.3,1.0,4.192917160070287,27,0.9433981845496693,-45.73,2,"[438.0, 638.5999755859375]"
std,1788868376.8698847,27.717501841,0.609282692620746,0.903,0.0,0.3,1.0,4.507372803280212,27,0.859029241215959,-102.22,2,"[489.0, 601.4000244140625]"
std,1788868376.9198778,27.767494770000003,0.6047815979251479,0.903,0.0,0.3,1.0,4.821426102718981,27,0.7715923363064775,-43.04,2,"[489.0, 601.4000244140625]"
std,1788868376.969842,27.817459221,0.6294623179835486,0.903,0.0,0.3,1.0,5.135557715779434,27,0.6979612584879668,-91.46,2,"[578.0, 494.6000061035156]"
std,1788868377.019906,27.867523245,0.6809649179160321,0.903,0.0,0.3,1.0,5.449941070942394,27,0.641203969336198,-91.46,2,"[578.0, 494.6000061035156]"
std,1788868377.0699234,27.917540709,0.7540981271328452,0.903,0.0,0.3,1.0,5.76380809278637,27,0.6212622190936846,-72.63,2,"[603.5999755859375, 435.6000061035156]"
std,1788868377.119796,27.967413255,0.8418042618040461,0.903,0.0,0.3,1.0,6.077757700818033,27,0.6212622190936846,5.38,2,"[603.5999755859375, 435.6000061035156]"
std,1788868377.169846,28.017463191,0.9356196394944714,0.903,0.0,0.3,1.0,0.10894753039502802,28,0.6504078540635119,2.69,2,"[596.2000122070312, 431.0]"
std,1788868377.219995,28.067612151000002,1.0263437831921003,0.903,0.0,0.3,1.0,0.4237108172071373,28,0.701029220063738,2.69,2,"[596.2000122070312, 431.0]"
std,1788868377.2698371,28.117454327,1.1046693342331992,0.903,0.0,0.3,1.0,0.7372183089046587,28,0.7685243747307062,2.69,2,"[583.4000244140625, 479.20001220703125]"
std,1788868377.319881,28.167498185000003,1.163465177570272,0.903,0.0,0.3,1.0,1.0515980449528683,28,0.8513593372765309,2.69,2,"[583.4000244140625, 479.20001220703125]"
std,1788868377.3699546,28.217571894000002,1.1967322960422229,0.903,0.0,0.3,1.0,1.3660257091386256,28,0.940330222973898,40.35,2,"[521.0, 582.2000122070312]"
std,1788868377.4199626,28.267579852,1.2012052084970826,0.903,0.0,0.3,1.0,1.680236842192329,28,1.0400389741864646,40.35,2,"[521.0, 582.2000122070312]"
std,1788868377.469722,28.31733901,1.176622587093534,0.903,0.0,0.3,1.0,1.9932753443721367,28,1.1044661672776617,83.39,2,"[461.3999938964844, 652.2000122070312]"
std,1788868377.5197163,28.367333232,1.1252073275931456,0.903,0.0,0.3,1.0,2.3074942308765003,28,1.1535535524900022,72.63,2,"[461.3999938964844, 652.2000122070312]"
std,1788868377.5698469,28.417464010000003,1.0518970455099574,0.903,0.0,0.3,1.0,2.6222339745932572,28,1.1658253987930873,72.63,2,"[427.20001220703125, 677.7999877929688]"
std,1788868377.619844,28.467461175,0.9641264557161127,0.903,0.0,0.3,1.0,2.9364009431374143,28,1.162757437217316,-2.69,2,"[427.20001220703125, 677.7999877929688]"
std,1788868377.669874,28.517491191,0.8703341853398371,0.903,0.0,0.3,1.0,3.2506950205203395,28,1.1397477253990314,-2.69,2,"[424.20001220703125, 659.7999877929688]"
std,1788868377.7198672,28.567484491000002,0.7797918943996354,0.903,0.0,0.3,1.0,3.5648073944673797,28,1.0937283017624622,-26.9,2,"[424.20001220703125, 659.7999877929688]"
std,1788868377.7698648,28.617481924000003,0.7012874087644392,0.903,0.0,0.3,1.0,3.879005741238956,28,1.026233147095494,-29.59,2,"[435.79998779296875, 638.2000122070312]"
std,1788868377.819773,28.667390123,0.6426029683945669,0.903,0.0,0.3,1.0,4.192733081590376,28,0.9265243958829272,-29.59,2,"[435.79998779296875, 638.2000122070312]"
std,1788868377.8697116,28.717328971,0.6093280067197702,0.903,0.0,0.3,1.0,4.506632179095334,28,0.8452234141249882,-104.91,2,"[494.6000061035156, 592.5999755859375]"
std,1788868377.9197423,28.76735941,0.6047652994610935,0.903,0.0,0.3,1.0,4.8209257161243215,28,0.7623884515791637,-34.97,2,"[494.6000061035156, 592.5999755859375]"
std,1788868377.9698374,28.81745451,0.6294484431399986,0.903,0.0,0.3,1.0,5.1354450771164295,28,0.6918253353364242,-94.14999999999999,2,"[575.4000244140625, 491.6000061035156]"
std,1788868378.0198624,28.867479536,0.6809241592405261,0.903,0.0,0.3,1.0,5.449739016269291,28,0.6458059116998549,-110.28999999999999,2,"[575.4000244140625, 491.6000061035156]"
std,1788868378.0697367,28.917353865000003,0.753988846187086,0.903,0.0,0.3,1.0,5.763388438839712,28,0.6212622190936846,-78.01,2,"[599.7999877929688, 433.6000061035156]"
std,1788868378.119831,28.967448228000002,0.8418825167098409,0.903,0.0,0.3,1.0,6.078024145574176,28,0.6181942575179133,2.69,2,"[599.7999877929688, 433.6000061035156]"
std,1788868378.1698601,29.017477466000003,0.9356350044459594,0.903,0.0,0.3,1.0,0.10899905251455522,29,0.6458059116998549,2.69,2,"[603.4000244140625, 425.0]"
std,1788868378.219825,29.067442052,1.0261584981123264,0.903,0.0,0.3,1.0,0.4230333893000662,29,0.7117670855789375,2.69,2,"[603.4000244140625, 425.0]"
std,1788868378.2697089,29.117326075,1.1045419426017569,0.903,0.0,0.3,1.0,0.7366448865639725,29,0.782330201821677,2.69,2,"[578.5999755859375, 480.79998779296875]"
std,1788868378.3198383,29.167455526,1.1634331445692707,0.903,0.0,0.3,1.0,1.0513828898384148,29,0.8666991451553873,5.38,2,"[578.5999755859375, 480.79998779296875]"
std,1788868378.3698237,29.217440824,1.196697307372311,0.903,0.0,0.3,1.0,1.3654529402492201,29,0.9495341077012119,43.04,2,"[528.4000244140625, 579.4000244140625]"
std,1788868378.4198442,29.267461334,1.2012199188434027,0.903,0.0,0.3,1.0,1.679786978690693,29,1.0277671278833795,88.77,2,"[528.4000244140625, 579.4000244140625]"
std,1788868378.4698095,29.317426738,1.176554717241519,0.903,0.0,0.3,1.0,1.9938267629978625,29,1.0967962633382335,69.94,2,"[465.20001220703125, 656.7999877929688]"
std,1788868378.519871,29.367488231000003,1.1250527894821682,0.903,0.0,0.3,1.0,2.3082606412538738,29,1.1489516101263453,61.87,2,"[465.20001220703125, 656.7999877929688]"
std,1788868378.5697362,29.417353551,1.052013954620599,0.903,0.0,0.3,1.0,2.6217850284366833,29,1.1658253987930873,91.46,2,"[430.0, 672.2000122070312]"
std,1788868378.619927,29.467544035000003,0.9640204106193974,0.903,0.0,0.3,1.0,2.9367619875315327,29,1.1596894756415448,91.46,2,"[430.0, 672.2000122070312]"
std,1788868378.6697018,29.517318915,0.8705627322172571,0.903,0.0,0.3,1.0,3.2499286729747965,29,1.1336118022474888,-2.69,2,"[419.3999938964844, 668.2000122070312]"
std,1788868378.719821,29.567438168000002,0.7798745156357259,0.903,0.0,0.3,1.0,3.564505361749646,29,1.086058397823034,-8.07,2,"[419.3999938964844, 668.2000122070312]"
std,1788868378.76978,29.617396864000003,0.7013698269279888,0.903,0.0,0.3,1.0,3.8786346563147234,29,1.0200972239439514,-24.21,2,"[436.3999938964844, 642.0]"
std,1788868378.8197713,29.667388478000003,0.6426041917998637,0.903,0.0,0.3,1.0,4.192724869467163,29,0.9418642037617837,-32.28,2,"[436.3999938964844, 642.0]"
std,1788868378.869791,29.717408169000002,0.6093097950650355,0.903,0.0,0.3,1.0,4.5069295182736155,29,0.859029241215959,-99.53,2,"[497.79998779296875, 595.4000244140625]"
std,1788868378.919837,29.767454062000002,0.6047801233942706,0.903,0.0,0.3,1.0,4.821380926616634,29,0.7731263170943632,-37.66,2,"[497.79998779296875, 595.4000244140625]"
std,1788868378.9698343,29.817451461,0.6294580832613147,0.903,0.0,0.3,1.0,5.1355233404726235,29,0.6979612584879668,-78.01,2,"[575.5999755859375, 495.3999938964844]"
std,1788868379.0197518,29.867368817000003,0.6808036321557029,0.903,0.0,0.3,1.0,5.449141259151908,29,0.641203969336198,-78.01,2,"[575.5999755859375, 495.3999938964844]"
std,1788868379.069692,29.917309258000003,0.7539288976175367,0.903,0.0,0.3,1.0,5.763158185230942,29,0.6212622190936846,-69.94,2,"[601.2000122070312, 435.79998779296875]"
std,1788868379.1197782,29.967395301000003,0.8417966443344608,0.903,0.0,0.3,1.0,6.077731763829071,29,0.6212622190936846,2.69,2,"[601.2000122070312, 435.79998779296875]"
std,1788868379.1697454,30.017362561000002,0.9355141155422907,0.903,0.0,0.3,1.0,0.10859369281443776,30,0.6519418348513975,2.69,2,"[600.0, 425.0]"
std,1788868379.2197857,30.06740281,1.0261227049191466,0.903,0.0,0.3,1.0,0.4229025482492119,30,0.701029220063738,2.69,2,"[600.0, 425.0]"
std,1788868379.2698548,30.11747197,1.104707162204022,0.903,0.0,0.3,1.0,0.7373886397751193,30,0.7685243747307062,2.69,2,"[584.7999877929688, 472.3999938964844]"
std,1788868379.3198228,30.167439962000003,1.1634350214370668,0.903,0.0,0.3,1.0,1.051395493908089,30,0.8513593372765309,8.07,2,"[584.7999877929688, 472.3999938964844]"
std,1788868379.3698678,30.217485071000002,1.1967139061765273,0.903,0.0,0.3,1.0,1.365724468102215,30,0.9387962421860124,34.97,2,"[531.0, 576.7999877929688]"
std,1788868379.4198606,30.267477644000003,1.2012189743225192,0.903,0.0,0.3,1.0,1.6798159190421842,30,1.0415729549743504,34.97,2,"[531.0, 576.7999877929688]"
std,1788868379.4697633,30.317380321,1.176630877098909,0.903,0.0,0.3,1.0,1.9932079446433164,30,1.1060001480655473,72.63,2,"[462.3999938964844, 647.2000122070312]"
std,1788868379.519909,30.367525996,1.1250260680190254,0.903,0.0,0.3,1.0,2.3083930970833393,30,1.1550875332778878,80.7,2,"[462.3999938964844, 647.2000122070312]"
std,1788868379.5698717,30.417488765,1.051864638709659,0.903,0.0,0.3,1.0,2.622358400511885,30,1.167359379580973,75.32,2,"[433.20001220703125, 676.0]"
std,1788868379.6198266,30.467443785,0.9641377865057146,0.903,0.0,0.3,1.0,2.936362364379633,30,1.1642914180052018,-2.69,2,"[433.20001220703125, 676.0]"
std,1788868379.669855,30.517472134000002,0.8703609088662833,0.903,0.0,0.3,1.0,3.250605409731506,30,1.1397477253990314,-2.69,2,"[421.0, 668.4000244140625]"
std,1788868379.7198455,30.56746259,0.7798246699839693,0.903,0.0,0.3,1.0,3.5646875741235675,30,1.0937283017624622,-21.52,2,"[421.0, 668.4000244140625]"
std,1788868379.7698333,30.617450408000003,0.7013297642686265,0.903,0.0,0.3,1.0,3.878815021432146,30,1.026233147095494,-26.9,2,"[440.20001220703125, 645.2000122070312]"
std,1788868379.8198428,30.667460119,0.6425587578747074,0.903,0.0,0.3,1.0,4.19302992439701,30,0.9265243958829272,-26.9,2,"[440.20001220703125, 645.2000122070312]"
std,1788868379.86982,30.717437227,0.609296551062616,0.903,0.0,0.3,1.0,4.50714601798974,30,0.8436894333371027,-104.91,2,"[503.3999938964844, 590.5999755859375]"
std,1788868379.919846,30.767463154,0.6047801076063435,0.903,0.0,0.3,1.0,4.8213804428113605,30,0.760854470791278,-37.66,2,"[503.3999938964844, 590.5999755859375]"
std,1788868379.969871,30.817488051,0.6294759524081635,0.903,0.0,0.3,1.0,5.135668375239064,30,0.6918253353364242,-99.53,2,"[573.7999877929688, 503.0]"
std,1788868380.0199575,30.867574884000003,0.6809757700882744,0.903,0.0,0.3,1.0,5.449994861291813,30,0.6458059116998549,-115.67,2,"[573.7999877929688, 503.0]"
std,1788868380.0698874,30.91750456,0.754144930107635,0.903,0.0,0.3,1.0,5.7639877918861515,30,0.6212622190936846,-75.32,2,"[606.0, 428.79998779296875]"
std,1788868380.11989,30.967507236000003,0.841940408866793,0.903,0.0,0.3,1.0,6.07822124909724,30,0.619728238305799,2.69,2,"[606.0, 428.79998779296875]"
std,1788868380.1698654,31.017482455000003,0.9356734913952838,0.903,0.0,0.3,1.0,0.10912810914074811,31,0.6473398924877406,2.69,2,"[604.0, 421.0]"
std,1788868380.2198882,31.067505311,1.0262271256278301,0.903,0.0,0.3,1.0,0.423284276889369,31,0.7117670855789375,2.69,2,"[604.0, 421.0]"
std,1788868380.2697816,31.117398868000002,1.1046099550304551,0.903,0.0,0.3,1.0,0.7369509907857363,31,0.782330201821677,2.69,2,"[575.4000244140625, 479.3999938964844]"
std,1788868380.3197982,31.167415310000003,1.1634070437735904,0.903,0.0,0.3,1.0,1.0512076392338017,31,0.8666991451553873,2.69,2,"[575.4000244140625, 479.3999938964844]"
std,1788868380.3698685,31.217485595000003,1.1967147724911855,0.903,0.0,0.3,1.0,1.365738649251476,31,0.9495341077012119,40.35,2,"[528.7999877929688, 577.7999877929688]"
std,1788868380.419867,31.267484041000003,1.2012168374636427,0.903,0.0,0.3,1.0,1.6798813647003428,31,1.0277671278833795,86.08,2,"[528.7999877929688, 577.7999877929688]"
std,1788868380.4698627,31.317479993000003,1.176532763419375,0.903,0.0,0.3,1.0,1.9940049855490756,31,1.0952622825503477,69.94,2,"[464.20001220703125, 645.7999877929688]"
std,1788868380.519864,31.367481405000003,1.1250724177242297,0.903,0.0,0.3,1.0,2.3081633335630087,31,1.1489516101263453,61.87,2,"[464.20001220703125, 645.7999877929688]"
std,1788868380.5698955,31.417512775000002,1.051866357049622,0.903,0.0,0.3,1.0,2.622351803167298,31,1.167359379580973,75.32,2,"[431.20001220703125, 682.2000122070312]"
std,1788868380.6198273,31.467444510000004,0.9641565706875563,0.903,0.0,0.3,1.0,2.936298407836368,31,1.1596894756415448,75.32,2,"[431.20001220703125, 682.2000122070312]"
std,1788868380.6697245,31.517341790000003,0.8705467178733165,0.903,0.0,0.3,1.0,3.2499823690764273,31,1.1351457830353744,-2.69,2,"[420.3999938964844, 668.7999877929688]"
std,1788868380.7197988,31.567416066000003,0.7798748559752583,0.903,0.0,0.3,1.0,3.564504117678972,31,1.086058397823034,-8.07,2,"[420.3999938964844, 668.7999877929688]"
std,1788868380.7698462,31.617463250000004,0.7013142174366017,0.903,0.0,0.3,1.0,3.8788850223996505,31,1.0185632431560658,-16.14,2,"[445.3999938964844, 641.0]"
std,1788868380.8199174,31.667534670000002,0.6425052669404707,0.903,0.0,0.3,1.0,4.193389284897471,31,0.9418642037617837,-34.97,2,"[445.3999938964844, 641.0]"
std,1788868380.8698745,31.717491792,0.6092818606890291,0.903,0.0,0.3,1.0,4.507386425225967,31,0.859029241215959,-94.14999999999999,2,"[499.6000061035156, 594.4000244140625]"
std,1788868380.9198775,31.767494729000003,0.6047843388048073,0.903,0.0,0.3,1.0,4.821510027225138,31,0.7731263170943632,-24.21,2,"[499.6000061035156, 594.4000244140625]"
std,1788868380.9698992,31.817516308000002,0.6294817564930989,0.903,0.0,0.3,1.0,5.135715473996122,31,0.6994952392758523,-80.7,2,"[582.7999877929688, 493.79998779296875]"
std,1788868381.0198455,31.867462587000002,0.6809095046583705,0.903,0.0,0.3,1.0,5.449666357514381,31,0.641203969336198,-80.7,2,"[582.7999877929688, 493.79998779296875]"
std,1788868381.0697334,31.917350747,0.7539639078263474,0.903,0.0,0.3,1.0,5.763292657962857,31,0.619728238305799,-69.94,2,"[607.0, 427.3999938964844]"
std,1788868381.1198494,31.967466356000003,0.8418845559054984,0.903,0.0,0.3,1.0,6.078031088493894,31,0.6212622190936846,2.69,2,"[607.0, 427.3999938964844]"
std,1788868381.1699083,32.017525482,0.9356811025279277,0.903,0.0,0.3,1.0,0.10915363143942614,32,0.6519418348513975,2.69,2,"[603.7999877929688, 422.20001220703125]"
std,1788868381.2198796,32.067496565,1.0262115789867805,0.903,0.0,0.3,1.0,0.42322743919504546,32,0.7025632008516236,2.69,2,"[603.7999877929688, 422.20001220703125]"
std,1788868381.269858,32.117475108,1.104693010715275,0.903,0.0,0.3,1.0,0.7373249157097064,32,0.7700583555185919,2.69,2,"[575.5999755859375, 476.6000061035156]"
std,1788868381.3199258,32.167543019,1.1635104847446192,0.903,0.0,0.3,1.0,1.0519024966968686,32,0.8528933180644165,8.07,2,"[575.5999755859375, 476.6000061035156]"
std,1788868381.3698673,32.217484645,1.196711449313967,0.903,0.0,0.3,1.0,1.3656842557162179,32,0.940330222973898,29.59,2,"[527.5999755859375, 576.2000122070312]"
std,1788868381.4198322,32.267449326000005,1.2012236288864888,0.903,0.0,0.3,1.0,1.6796732279038054,32,1.038504993398579,29.59,2,"[527.5999755859375, 576.2000122070312]"
std,1788868381.4697182,32.317335348,1.1766146205002683,0.903,0.0,0.3,1.0,1.9933401051630142,32,1.1044661672776617,80.7,2,"[461.3999938964844, 644.4000244140625]"
std,1788868381.5197356,32.367352911000005,1.125185935589604,0.903,0.0,0.3,1.0,2.3076003601594266,32,1.1550875332778878,75.32,2,"[461.3999938964844, 644.4000244140625]"
std,1788868381.5698867,32.417503744,1.051883633370462,0.903,0.0,0.3,1.0,2.622285471579943,32,1.1658253987930873,75.32,2,"[427.79998779296875, 677.2000122070312]"
std,1788868381.6199548,32.467571854,0.9639914370107486,0.903,0.0,0.3,1.0,2.9368606272576017,32,1.1642914180052018,-2.69,2,"[427.79998779296875, 677.2000122070312]"
std,1788868381.6698744,32.517491577,0.8703391582718439,0.903,0.0,0.3,1.0,3.250678344946465,32,1.1397477253990314,-2.69,2,"[426.3999938964844, 667.0]"
std,1788868381.71987,32.567487128,0.7797958610621968,0.903,0.0,0.3,1.0,3.5647928928756016,32,1.0937283017624622,-18.83,2,"[426.3999938964844, 667.0]"
std,1788868381.769848,32.617465343,0.7013191726116574,0.903,0.0,0.3,1.0,3.878862710808562,32,1.026233147095494,-29.59,2,"[436.3999938964844, 643.5999755859375]"
std,1788868381.8198519,32.667468964,0.64255971588161,0.903,0.0,0.3,1.0,4.193023490415214,32,0.9265243958829272,-29.59,2,"[436.3999938964844, 643.5999755859375]"
std,1788868381.869717,32.717334009000005,0.6093323260903739,0.903,0.0,0.3,1.0,4.506561719455249,32,0.8452234141249882,-104.91,2,"[498.20001220703125, 596.7999877929688]"
std,1788868381.919768,32.767385439,0.6047661647006688,0.903,0.0,0.3,1.0,4.8209523379804295,32,0.7623884515791637,-32.28,2,"[498.20001220703125, 596.7999877929688]"
std,1788868381.9698167,32.817433802000004,0.6294354467982941,0.903,0.0,0.3,1.0,5.135339544735984,32,0.6918253353364242,-88.77,2,"[582.2000122070312, 497.20001220703125]"
std,1788868382.0198557,32.867472902,0.6809108669122781,0.903,0.0,0.3,1.0,5.44967311193858,32,0.6442719309119693,-115.67,2,"[582.2000122070312, 497.20001220703125]"
std,1788868382.0703046,32.917921657,0.7548397455282001,0.903,0.0,0.3,1.0,5.766653357854466,32,0.6212622190936846,-75.32,2,"[601.4000244140625, 432.3999938964844]"
std,1788868382.11985,32.967466953,0.8418717376258144,0.903,0.0,0.3,1.0,6.077987445488731,32,0.6181942575179133,2.69,2,"[601.4000244140625, 432.3999938964844]"
std,1788868382.1701224,33.017739412000005,0.9359443611293478,0.903,0.0,0.3,1.0,0.11003645667418738,33,0.6458059116998549,2.69,2,"[614.4000244140625, 412.3999938964844]"
std,1788868382.2198775,33.067494707,1.0262171920472445,0.903,0.0,0.3,1.0,0.4232479600782497,33,0.7117670855789375,2.69,2,"[614.4000244140625, 412.3999938964844]"
std,1788868382.269727,33.117344346,1.1045421925280288,0.903,0.0,0.3,1.0,0.7366460112540736,33,0.782330201821677,2.69,2,"[571.5999755859375, 482.20001220703125]"
std,1788868382.3198404,33.167457585,1.1634151372606825,0.903,0.0,0.3,1.0,1.0512619762202817,33,0.863631183579616,10.76,2,"[571.5999755859375, 482.20001220703125]"
std,1788868382.3698936,33.217510502,1.1967211047347397,0.903,0.0,0.3,1.0,1.3658423343753512,33,0.9495341077012119,48.42,2,"[532.4000244140625, 574.4000244140625]"
std,1788868382.4198964,33.267513491,1.201219191301434,0.903,0.0,0.3,1.0,1.6798092714320845,33,1.026233147095494,86.08,2,"[532.4000244140625, 574.4000244140625]"
std,1788868382.4699008,33.317517938,1.1765272095407293,0.903,0.0,0.3,1.0,1.9940500611204257,33,1.0952622825503477,72.63,2,"[469.0, 638.7999877929688]"
std,1788868382.519933,33.367550093000006,1.1250503686002788,0.903,0.0,0.3,1.0,2.3082726421377586,33,1.1489516101263453,67.25,2,"[469.0, 638.7999877929688]"
std,1788868382.569877,33.417494042,1.0518842306739926,0.903,0.0,0.3,1.0,2.622283178217323,33,1.167359379580973,80.7,2,"[426.3999938964844, 670.4000244140625]"
std,1788868382.6199486,33.467565846,0.9640278370988591,0.903,0.0,0.3,1.0,2.9367367039937804,33,1.1596894756415448,80.7,2,"[426.3999938964844, 670.4000244140625]"
std,1788868382.6697206,33.517337716,0.8705599775785581,0.903,0.0,0.3,1.0,3.2499379092571203,33,1.1351457830353744,-2.69,2,"[422.20001220703125, 671.0]"
std,1788868382.7199259,33.56754309,0.7797639531929355,0.903,0.0,0.3,1.0,3.564909546494029,33,1.086058397823034,-5.38,2,"[422.20001220703125, 671.0]"
std,1788868382.7702608,33.617878098000006,0.7012064926785488,0.903,0.0,0.3,1.0,3.8793701848362687,33,1.0200972239439514,-24.21,2,"[437.20001220703125, 647.4000244140625]"
std,1788868382.8199828,33.667599754,0.6424880925215584,0.903,0.0,0.3,1.0,4.193504713294693,33,0.9418642037617837,-51.11,2,"[437.20001220703125, 647.4000244140625]"
std,1788868382.8698559,33.717473080000005,0.6092919822589267,0.903,0.0,0.3,1.0,4.507220756478922,33,0.8605632220038447,-94.14999999999999,2,"[491.20001220703125, 609.7999877929688]"
std,1788868382.91986,33.767476913,0.6047781348701091,0.903,0.0,0.3,1.0,4.821319973435926,33,0.7746602978822488,-37.66,2,"[491.20001220703125, 609.7999877929688]"
std,1788868382.9698439,33.817460944000004,0.6294602868865167,0.903,0.0,0.3,1.0,5.135541228701136,33,0.6979612584879668,-83.39,2,"[584.4000244140625, 492.79998779296875]"
std,1788868383.0198777,33.867494889,0.6809220327073284,0.903,0.0,0.3,1.0,5.449728473084299,33,0.6396699885483124,-83.39,2,"[584.4000244140625, 492.79998779296875]"
std,1788868383.069717,33.91733408,0.7539480006017337,0.903,0.0,0.3,1.0,5.763231560268913,33,0.6181942575179133,-67.25,2,"[610.5999755859375, 430.0]"
std,1788868383.119804,33.967421187,0.8417916583095484,0.903,0.0,0.3,1.0,6.07771478666232,33,0.6212622190936846,2.69,2,"[610.5999755859375, 430.0]"
std,1788868383.16986,34.017477167,0.9356503412044096,0.903,0.0,0.3,1.0,0.10905048038621601,34,0.6504078540635119,2.69,2,"[600.2000122070312, 424.6000061035156]"
std,1788868383.219947,34.067564186000006,1.026279566395654,0.903,0.0,0.3,1.0,0.4234760082889437,34,0.701029220063738,2.69,2,"[600.2000122070312, 424.6000061035156]"
std,1788868383.2699382,34.117555501000005,1.1047620413564532,0.903,0.0,0.3,1.0,0.7376357951523147,34,0.7685243747307062,2.69,2,"[578.5999755859375, 477.6000061035156]"
std,1788868383.3198245,34.167441698000005,1.1634496045811542,0.903,0.0,0.3,1.0,1.05149343620063,34,0.8528933180644165,5.38,2,"[578.5999755859375, 477.6000061035156]"
std,1788868383.3699582,34.217575416,1.2946358989602906,0.903,0.0,0.4,1.0,1.365937669146021,34,0.940330222973898,34.97,2,"[529.2000122070312, 573.0]"
std,1788868383.4198449,34.267462221,1.3006285056285294,0.903,0.0,0.4,1.0,1.6797422172784735,34,1.038504993398579,34.97,2,"[529.2000122070312, 573.0]"
std,1788868383.4697764,34.317393733,1.267777817254239,0.903,0.0,0.4,1.0,1.993594109212225,34,1.1152040327928612,99.53,2,"[465.6000061035156, 642.0]"
std,1788868383.5198464,34.367463572000005,1.1991170108685607,0.903,0.0,0.4,1.0,2.308087275604791,34,1.193437052975029,102.22,2,"[465.6000061035156, 642.0]"
std,1788868383.569859,34.417476097000005,1.1015154822641573,0.903,0.0,0.4,1.0,2.6222740361826737,34,1.244058418975255,91.46,2,"[420.79998779296875, 689.7999877929688]"
std,1788868383.61993,34.467547131,0.9843087360003606,0.903,0.0,0.4,1.0,2.9368942799980715,34,1.2532623037025687,0.0,2,"[420.79998779296875, 689.7999877929688]"
std,1788868383.669963,34.517580117,0.8593322579388248,0.903,0.0,0.4,1.0,3.2509800258057595,34,1.2256506495206272,-5.38,2,"[391.20001220703125, 703.0]"
std,1788868383.719953,34.567570057000005,0.7385442135630079,0.903,0.0,0.4,1.0,3.565296364514225,34,1.167359379580973,-2.69,2,"[391.20001220703125, 703.0]"
std,1788868383.7699587,34.61757594,0.6339669265288863,0.903,0.0,0.4,1.0,3.879285939887623,34,1.0737865515199487,-21.52,2,"[420.79998779296875, 668.7999877929688]"
std,1788868383.8198683,34.667485457000005,0.5557283913883233,0.903,0.0,0.4,1.0,4.193113641557929,34,0.9372622613981267,-21.52,2,"[420.79998779296875, 668.7999877929688]"
std,1788868383.8697326,34.717349939,0.5114392381744931,0.903,0.0,0.4,1.0,4.506608981575042,34,0.8237476830945893,-99.53,2,"[507.0, 589.0]"
std,1788868383.919821,34.767437992000005,0.5053661740589517,0.903,0.0,0.4,1.0,4.821212474418431,34,0.7163690279425944,-51.11,2,"[507.0, 589.0]"
std,1788868383.9698684,34.817485552,0.5382750955500206,0.903,0.0,0.4,1.0,5.135509039942733,34,0.6227961998815703,-94.14999999999999,2,"[599.5999755859375, 464.0]"
std,1788868384.0198967,34.867513716000005,0.6068862923925717,0.903,0.0,0.4,1.0,5.449692212821802,34,0.5629709491540303,-158.71,2,"[599.5999755859375, 464.0]"
std,1788868384.069913,34.917530195000005,0.7045703451735899,0.903,0.0,0.4,1.0,5.76411382630009,34,0.5307573526084318,-83.39,2,"[648.7999877929688, 386.6000061035156]"
std,1788868384.1199179,34.967535099,0.8215929673312993,0.903,0.0,0.4,1.0,6.07823594546754,34,0.526155410244775,2.69,2,"[648.7999877929688, 386.6000061035156]"
std,1788868384.1699114,35.017528435,0.9465812665102344,0.903,0.0,0.4,1.0,0.10916988603971589,35,0.5614369683661447,2.69,2,"[630.4000244140625, 382.6000061035156]"
std,1788868384.2199545,35.067571811,1.0673768428036245,0.903,0.0,0.4,1.0,0.4234872174914628,35,0.6458059116998549,2.69,2,"[630.4000244140625, 382.6000061035156]"
std,1788868384.2697563,35.117373513000004,1.1717441361537442,0.903,0.0,0.4,1.0,0.7367176081505633,35,0.7409127205487647,13.45,2,"[605.2000122070312, 443.79998779296875]"
std,1788868384.3198495,35.167466734,1.250258705437565,0.903,0.0,0.4,1.0,1.05145598841613,35,0.8528933180644165,10.76,2,"[605.2000122070312, 443.79998779296875]"
std,1788868384.3698497,35.217466980000005,1.29461005231505,0.903,0.0,0.4,1.0,1.365620274040161,35,0.9633399347921826,34.97,2,"[542.5999755859375, 584.4000244140625]"
std,1788868384.4199302,35.267547345000004,1.3006213011682228,0.903,0.0,0.4,1.0,1.679907741512146,35,1.069184609156292,104.91,2,"[542.5999755859375, 584.4000244140625]"
std,1788868384.469888,35.317505054,1.2676851485233618,0.903,0.0,0.4,1.0,1.9941583769518658,35,1.162757437217316,83.39,2,"[448.79998779296875, 668.5999755859375]"
std,1788868384.520173,35.367790329,1.2152349417736907,0.903,0.0,0.4,0.8,2.2459876900813853,35,1.23178657267217,67.25,2,"[448.79998779296875, 668.5999755859375]"
std,1788868384.5698571,35.417474336000005,1.1434600166260769,0.903,0.0,0.4,0.8,2.4966532165486726,35,1.2547962844904545,67.25,2,"[404.0, 707.2000122070312]"
std,1788868384.6198604,35.46747735,1.0563990165284902,0.903,0.0,0.4,0.8,2.7480122257181208,35,1.2501943421267976,91.46,2,"[404.0, 707.2000122070312]"
std,1788868384.669869,35.517486154000004,0.9597249887768935,0.903,0.0,0.4,0.8,2.9993005013006595,35,1.2241166687327416,-2.69,2,"[400.79998779296875, 709.4000244140625]"
std,1788868384.7198544,35.567471523,0.8594832624723867,0.903,0.0,0.4,0.8,3.250600252492852,35,1.1780972450961724,-2.69,2,"[400.79998779296875, 709.4000244140625]"
std,1788868384.7698534,35.617470504,0.7619595643311088,0.903,0.0,0.4,0.8,3.5019419200708555,35,1.1090681096413186,-5.38,2,"[414.20001220703125, 678.0]"
std,1788868384.8198383,35.667455493000006,0.6733378763503122,0.903,0.0,0.4,0.8,3.753164739942143,35,1.0277671278833795,-26.9,2,"[414.20001220703125, 678.0]"
std,1788868384.8698597,35.717476805000004,0.5990744675152024,0.903,0.0,0.4,0.8,4.004619369138872,35,0.9418642037617837,-8.07,2,"[466.6000061035156, 630.7999877929688]"
std,1788868384.9198544,35.767471707000006,0.5439546821508809,0.903,0.0,0.4,0.8,4.255917270561291,35,0.8482913757007595,-102.22,2,"[466.6000061035156, 630.7999877929688]"
std,1788868384.969961,35.817578047000005,0.5113628066501211,0.903,0.0,0.4,0.8,4.507546230504282,35,0.7547185476397354,-72.63,2,"[554.4000244140625, 544.0]"
std,1788868385.0199232,35.867540567,0.5034274877680391,0.903,0.0,0.4,0.8,4.75862554242314,35,0.6519418348513975,-72.63,2,"[554.4000244140625, 544.0]"
std,1788868385.0697134,35.917330313,0.5205135212248844,0.903,0.0,0.4,0.8,5.009397702084918,35,0.5905826033359719,-153.32999999999998,2,"[611.0, 441.79998779296875]"
std,1788868385.1202078,35.967824793000005,0.5619407319724683,0.903,0.0,0.4,0.8,5.262152372587188,35,0.5476311412751739,-99.53,2,"[611.0, 441.79998779296875]"
std,1788868385.1698613,36.017478359,0.6243723212568923,0.903,0.0,0.4,0.8,5.512580656030359,35,0.5322913333963175,-123.74,2,"[644.5999755859375, 382.20001220703125]"
std,1788868385.2198958,36.067512976,0.7045067527587698,0.903,0.0,0.4,0.8,5.7639307179439285,35,0.5307573526084318,-75.32,2,"[644.5999755859375, 382.20001220703125]"
std,1788868385.2699094,36.117526414000004,0.7971192833894882,0.903,0.0,0.4,0.8,6.015290636918614,35,0.5476311412751739,2.69,2,"[634.4000244140625, 379.6000061035156]"
std,1788868385.319814,36.167431113,0.8963133611285173,0.903,0.0,0.4,0.8,6.26646793134244,35,0.5844466801844292,2.69,2,"[634.4000244140625, 379.6000061035156]"
std,1788868385.3699338,36.217550966000005,0.9960955000357283,0.903,0.0,0.4,0.8,0.23489282000124945,36,0.6442719309119693,2.69,2,"[618.7999877929688, 402.79998779296875]"
std,1788868385.4198463,36.267463437,1.0898053090981992,0.903,0.0,0.4,0.8,0.4859100590758203,36,0.7393787397608791,2.69,2,"[618.7999877929688, 402.79998779296875]"
