mode,t_ros_sec,t_rel_sec,tail_target_rad,center_rad,tail_amp_rad,tail_freq_hz,phase_rad,real_position_rad,present_current_ma,sensor_values
turning_combined,1789045509.489605,0.032884202,0.954468462109369,0.9054612798588855,0.3,0.8,0.16409268787159598,1.1167380135807468,-24.21,"[421.3999938964844, 567.4000244140625]"
turning_combined,1789045509.5395198,0.082799025,1.0302622055562245,0.9092274589718542,0.3,0.8,0.41528328756862676,1.038504993398579,-24.21,"[469.6000061035156, 556.2000122070312]"
turning_combined,1789045509.5894473,0.132726588,1.0984858949435647,0.9129915412906073,0.3,0.8,0.6665963138747308,0.9848156658225816,-40.35,"[469.6000061035156, 556.2000122070312]"
turning_combined,1789045509.6393173,0.18259649,1.1549202954987081,0.9167395442911546,0.3,0.8,0.9172553108558401,0.9572040116406401,72.63,"[494.0, 516.4000244140625]"
turning_combined,1789045509.689343,0.232622177,1.1965744039108686,0.9204918586318954,0.3,0.8,1.168783126595033,0.9802137234589247,45.73,"[494.0, 516.4000244140625]"
turning_combined,1789045509.7394092,0.28268850900000003,1.2208494129727239,0.9242347899240473,0.3,0.8,1.4204242708909747,1.0354370318228079,2.69,"[478.20001220703125, 534.5999755859375]"
turning_combined,1789045509.7894173,0.332696608,1.2264328414780574,0.927958958518445,0.3,0.8,1.67170594661567,1.0937283017624622,24.21,"[478.20001220703125, 534.5999755859375]"
turning_combined,1789045509.8394072,0.382686485,1.2132504078110036,0.9316678128791638,0.3,0.8,1.923017821842226,1.1474176293384597,75.32,"[467.79998779296875, 542.7999877929688]"
turning_combined,1789045509.8894289,0.432707948,1.182348017519915,0.9353596123564253,0.3,0.8,2.174401390726411,1.1826991874598294,102.22,"[467.79998779296875, 542.7999877929688]"
turning_combined,1789045509.9395843,0.482863531,1.1358090727283687,0.9390371506716794,0.3,0.8,2.4262098688134532,1.2026409377023426,102.22,"[478.0, 556.4000244140625]"
turning_combined,1789045509.989389,0.532668004,1.077135039627916,0.9426748096629434,0.3,0.8,2.6768410488765704,1.2026409377023426,86.08,"[478.0, 556.4000244140625]"
turning_combined,1789045510.0393617,0.58264084,1.0098887235641927,0.9462950289377315,0.3,0.8,2.9279931351609423,1.1857671490356005,-2.69,"[443.79998779296875, 557.0]"
turning_combined,1789045510.0892808,0.632559991,0.9386318791493058,0.9498875879118012,0.3,0.8,3.179120490827945,1.1550875332778878,-8.07,"[443.79998779296875, 557.0]"
turning_combined,1789045510.1394105,0.682689687,0.8678465789757134,0.9534611697958776,0.3,0.8,3.430997601404735,1.1090681096413186,-26.9,"[446.20001220703125, 554.0]"
turning_combined,1789045510.1893706,0.7326499070000001,0.802607681114992,0.9569926399230677,0.3,0.8,3.682153005210949,1.0584467436410925,-53.8,"[446.20001220703125, 554.0]"
turning_combined,1789045510.239444,0.782723339,0.746937570808486,0.9604960017567692,0.3,0.8,3.933737726502832,0.9970875121256667,-129.12,"[486.79998779296875, 530.7999877929688]"
turning_combined,1789045510.2894619,0.832740981,0.7047006760336829,0.9639606163974068,0.3,0.8,4.185150464446487,0.9280583766708129,-59.18,"[486.79998779296875, 530.7999877929688]"
turning_combined,1789045510.3394222,0.8827015260000001,0.6787433061944848,0.9673833640667185,0.3,0.8,4.436316906552649,0.8360195293976744,-59.18,"[532.2000122070312, 486.6000061035156]"
turning_combined,1789045510.3893616,0.9326406380000001,0.670857666116323,0.9707635196811506,0.3,0.8,4.687335522901451,0.7838641826095626,-2.69,"[532.2000122070312, 486.6000061035156]"
turning_combined,1789045510.4393096,0.98258889,0.6817345945087601,0.9741021471695444,0.3,0.8,4.9384425461807995,0.7347767973972221,-16.14,"[581.7999877929688, 474.6000061035156]"
turning_combined,1789045510.4894168,1.032696131,0.7110197108303697,0.9774058286220629,0.3,0.8,5.190308497820483,0.6948932969121955,-2.69,"[581.7999877929688, 474.6000061035156]"
turning_combined,1789045510.5394065,1.082685584,0.7569392379843045,0.9806546018411193,0.3,0.8,5.441573641227999,0.6780195082454534,21.52,"[600.2000122070312, 474.6000061035156]"
turning_combined,1789045510.5894976,1.132776546,0.816961462187633,0.9838592616003908,0.3,0.8,5.693227457452068,0.6826214506091103,10.76,"[600.2000122070312, 474.6000061035156]"
turning_combined,1789045510.6394703,1.182749698,0.8873076100301367,0.9870068777753953,0.3,0.8,5.9444114472381555,0.6979612584879668,13.45,"[589.4000244140625, 470.0]"
turning_combined,1789045510.6895945,1.232873579,0.9639845328517195,0.9901064566687807,0.3,0.8,6.196001823396815,0.722504951094137,59.18,"[589.4000244140625, 470.0]"
turning_combined,1789045510.7394536,1.2827328820000001,1.0420740348177726,0.9931440097414763,0.3,0.8,0.16383200102647422,0.7746602978822488,59.18,"[579.7999877929688, 499.3999938964844]"
turning_combined,1789045510.7895246,1.332803916,1.1172276101124865,0.9961324785417,0.3,0.8,0.41550327947914933,0.8406214717613314,51.11,"[579.7999877929688, 499.3999938964844]"
turning_combined,1789045510.8394039,1.3826832290000002,1.1844485407166,0.9990505900863648,0.3,0.8,0.6661875097324526,0.9111845880040709,16.14,"[525.2000122070312, 498.79998779296875]"
turning_combined,1789045510.8895786,1.4328577710000001,1.2402708789980188,1.0019230073455605,0.3,0.8,0.9181720879107367,0.9786797426710391,13.45,"[525.2000122070312, 498.79998779296875]"
turning_combined,1789045510.9395816,1.482860733,1.2808910765172579,1.0047252976372039,0.3,0.8,1.1694928048356568,1.05231082048955,18.83,"[486.20001220703125, 513.7999877929688]"
turning_combined,1789045510.9894633,1.532742676,1.3040807143524937,1.0074604912357525,0.3,0.8,1.4205489292874693,1.1213399559444037,53.8,"[486.20001220703125, 513.7999877929688]"
turning_combined,1789045511.0394714,1.5827506990000002,1.3086012470580177,1.010132790417232,0.3,0.8,1.6718853390960131,1.1826991874598294,121.05,"[467.20001220703125, 547.4000244140625]"
turning_combined,1789045511.0894613,1.6327404600000002,1.2943019369297515,1.0127370847068637,0.3,0.8,1.9231892170843103,1.2302525918842842,126.42999999999999,"[467.20001220703125, 547.4000244140625]"
turning_combined,1789045511.1395612,1.682840173,1.2622006875789964,1.0152748196348242,0.3,0.8,2.1747685448899254,1.2701360923693108,126.42999999999999,"[428.20001220703125, 582.7999877929688]"
turning_combined,1789045511.1895335,1.7328127050000002,1.2145069903388312,1.0177403909116072,0.3,0.8,2.4262333729530514,1.2808739578845103,121.05,"[428.20001220703125, 582.7999877929688]"
turning_combined,1789045511.2393742,1.7826533130000002,1.1545960260339758,1.020125001241053,0.3,0.8,2.6768007962782203,1.2793399770966247,43.04,"[409.6000061035156, 589.4000244140625]"
turning_combined,1789045511.289308,1.832587125,1.0860645460923173,1.0224408208466333,0.3,0.8,2.9278907041607916,1.265534150005654,-2.69,"[409.6000061035156, 589.4000244140625]"
turning_combined,1789045511.339411,1.8826902810000001,1.0132722124590392,1.024687229382028,0.3,0.8,3.179651897508487,1.2348545342479411,-2.69,"[420.0, 578.5999755859375]"
turning_combined,1789045511.3898892,1.9331684590000002,0.941129232739632,1.0268563069087495,0.3,0.8,3.4313888377608954,1.1903690913992575,-2.69,"[420.0, 578.5999755859375]"
turning_combined,1789045511.439416,1.982695252,0.8745149162642953,1.0289402522975943,0.3,0.8,3.682309984312665,1.1336118022474888,-18.83,"[438.6000061035156, 564.0]"
turning_combined,1789045511.489413,2.032692092,0.8174165724123161,1.0309478660079194,0.3,0.8,3.9336089362836812,1.069184609156292,-45.73,"[438.6000061035156, 564.0]"
turning_combined,1789045511.5394232,2.082702654,0.7736418561775634,1.032875180798754,0.3,0.8,4.184974163293317,0.9863496466104673,-45.73,"[475.3999938964844, 537.7999877929688]"
turning_combined,1789045511.5894325,2.132711714,0.7460828529362451,1.034720024314211,0.3,0.8,4.436281610130868,0.9188544919434991,-118.36,"[475.3999938964844, 537.7999877929688]"
turning_combined,1789045511.6392946,2.1825738780000004,0.7365742664324434,1.0364782949416687,0.3,0.8,4.687093841435248,0.8498253564886452,-2.69,"[527.2000122070312, 518.2000122070312]"
turning_combined,1789045511.6894286,2.2327077070000003,0.7458315957464778,1.0381598873699158,0.3,0.8,4.939025701175529,0.8022719520641903,-10.76,"[527.2000122070312, 518.2000122070312]"
turning_combined,1789045511.739416,2.282695082,0.7733593723847516,1.0397514330648814,0.3,0.8,5.190265425328565,0.7685243747307062,-2.69,"[589.4000244140625, 486.6000061035156]"
turning_combined,1789045511.789326,2.332605265,0.8174810849388592,1.0412553476063935,0.3,0.8,5.441278919624706,0.7439806821245359,34.97,"[589.4000244140625, 486.6000061035156]"
turning_combined,1789045511.839396,2.38267524,0.8757000461619631,1.0426755637918304,0.3,0.8,5.692915665690933,0.7455146629124216,32.28,"[576.5999755859375, 480.79998779296875]"
turning_combined,1789045511.889402,2.432681092,0.9442527230065475,1.044005649258384,0.3,0.8,5.944221800599392,0.760854470791278,10.76,"[576.5999755859375, 480.79998779296875]"
turning_combined,1789045511.9392796,2.48255878,1.0188428148786304,1.0452444873255384,0.3,0.8,6.195065734343558,0.7915340865489908,10.76,"[560.5999755859375, 481.6000061035156]"
turning_combined,1789045511.989396,2.5326752740000003,1.0953290708940946,1.0463987066057874,0.3,0.8,0.16383314707947427,0.8375535101855601,21.52,"[560.5999755859375, 481.6000061035156]"
turning_combined,1789045512.0392854,2.58256446,1.1682926516536745,1.0474569426785687,0.3,0.8,0.4145583135416899,0.8973787609131001,13.45,"[526.4000244140625, 489.20001220703125]"
turning_combined,1789045512.0892892,2.63256827,1.2337588161152684,1.048426671173323,0.3,0.8,0.665908531278264,0.9633399347921826,10.76,"[526.4000244140625, 489.20001220703125]"
turning_combined,1789045512.1392884,2.682567724,1.2874749146507019,1.0493043325382772,0.3,0.8,0.9171995614092445,1.0323690702470365,26.9,"[486.0, 513.4000244140625]"
turning_combined,1789045512.189299,2.73257825,1.3261512499702832,1.0500899400414812,0.3,0.8,1.168602256309505,1.102932186489776,51.11,"[486.0, 513.4000244140625]"
turning_combined,1789045512.2393782,2.7826575040000003,1.3473930581472353,1.0507833814394962,0.3,0.8,1.4203142498029706,1.1688933603688585,94.14999999999999,"[458.6000061035156, 548.4000244140625]"
turning_combined,1789045512.2894452,2.8327243280000003,1.3498524708024662,1.0513827959050164,0.3,0.8,1.671845091524208,1.227184630308513,142.57,"[458.6000061035156, 548.4000244140625]"
turning_combined,1789045512.3392837,2.8825629480000003,1.3335281563002992,1.0518866449624649,0.3,0.8,1.9224481128640534,1.2839419194602817,142.57,"[428.3999938964844, 581.5999755859375]"
turning_combined,1789045512.3893206,2.9325997260000003,1.2993395503659233,1.0522985045923148,0.3,0.8,2.1740921876376227,1.3130875544301088,190.99,"[428.3999938964844, 581.5999755859375]"
turning_combined,1789045512.4392514,2.9825304160000004,1.2496463969096046,1.0526151046657706,0.3,0.8,2.4250639364505826,1.3238254199453083,172.16,"[406.6000061035156, 592.0]"
turning_combined,1789045512.4894626,3.032741924,1.1872314207470362,1.0528382077042842,0.3,0.8,2.677090928642963,1.325359400733194,43.04,"[406.6000061035156, 592.0]"
turning_combined,1789045512.5394332,3.082712527,1.1164320887982078,1.0529659219428273,0.3,0.8,2.9284280924337427,1.3100195928543377,-2.69,"[402.79998779296875, 592.4000244140625]"
turning_combined,1789045512.5894687,3.1327479740000004,1.0415090650361403,1.0529988993272474,0.3,0.8,3.179901470655434,1.2762720155208536,-2.69,"[402.79998779296875, 592.4000244140625]"
turning_combined,1789045512.6394017,3.1826808300000002,0.9673306738711062,1.0529372001399648,0.3,0.8,3.4309695532655233,1.2256506495206272,-2.69,"[425.0, 573.0]"
turning_combined,1789045512.689506,3.232785369,0.8982286708441062,1.052780373460561,0.3,0.8,3.6828013696160724,1.1658253987930873,-32.28,"[425.0, 573.0]"
turning_combined,1789045512.7392693,3.282548545,0.839128909146463,1.0525305084576027,0.3,0.8,3.932993656619111,1.0829904362472627,-32.28,"[447.0, 552.2000122070312]"
turning_combined,1789045512.7892284,3.332507676,0.7930493516599542,1.0521852637369378,0.3,0.8,4.184329362710901,1.0154952815802945,-107.6,"[447.0, 552.2000122070312]"
turning_combined,1789045512.8393898,3.38266913,0.7631100653781846,1.0517446516779798,0.3,0.8,4.4362500031955,0.9495341077012119,-69.94,"[481.20001220703125, 520.5999755859375]"
turning_combined,1789045512.8892226,3.4325017030000002,0.7513089415197696,1.0512123276701886,0.3,0.8,4.687009325053047,0.880504972246358,-2.69,"[481.20001220703125, 520.5999755859375]"
turning_combined,1789045512.9394066,3.482685832,0.7582527449841532,1.0505835421416472,0.3,0.8,4.938988529851258,0.8222137023067037,-2.69,"[538.4000244140625, 495.6000061035156]"
turning_combined,1789045512.9894283,3.532707616,0.783488172651761,1.0498628138399615,0.3,0.8,5.190391667087763,0.786932144185334,-5.38,"[538.4000244140625, 495.6000061035156]"
turning_combined,1789045513.039323,3.5826022550000003,0.8252431453036091,1.0490516174729614,0.3,0.8,5.441107695285268,0.760854470791278,5.38,"[564.5999755859375, 487.20001220703125]"
turning_combined,1789045513.0894225,3.632701694,0.8811563865511556,1.0481446812969084,0.3,0.8,5.69286439992538,0.7562525284276211,40.35,"[564.5999755859375, 487.20001220703125]"
turning_combined,1789045513.139258,3.68253706,0.9472522535279303,1.0471495289312085,0.3,0.8,5.9437115607135205,0.7746602978822488,40.35,"[565.7999877929688, 481.3999938964844]"
turning_combined,1789045513.1892874,3.732566781,1.0196974201046907,1.046060812473522,0.3,0.8,6.195193830899058,0.8007379712763046,53.8,"[565.7999877929688, 481.3999938964844]"
turning_combined,1789045513.239258,3.782537204,1.0936206104998012,1.0448831298397188,0.3,0.8,0.1631815103914498,0.8436894333371027,24.21,"[544.7999877929688, 495.20001220703125]"
turning_combined,1789045513.2893984,3.8326775910000004,1.1645832213994312,1.0436123044402588,0.3,0.8,0.41505076949987796,0.8989127417009857,13.45,"[544.7999877929688, 495.20001220703125]"
turning_combined,1789045513.3394196,3.882698651,1.2277145414142128,1.0422549077222374,0.3,0.8,0.6664490661704221,0.961805954004297,5.38,"[512.4000244140625, 502.6000061035156]"
turning_combined,1789045513.3894646,3.932743968,1.2791120403892164,1.0408090402289691,0.3,0.8,0.9179258272590829,1.0277671278833795,26.9,"[512.4000244140625, 502.6000061035156]"
turning_combined,1789045513.4394023,3.9826815480000004,1.315391964820095,1.039278243565418,0.3,0.8,1.1690488048025642,1.0998642249140047,48.42,"[485.6000061035156, 528.2000122070312]"
turning_combined,1789045513.4894006,4.032679817,1.3342717233129167,1.037660314706233,0.3,0.8,1.4203527632156323,1.1658253987930873,91.46,"[485.6000061035156, 528.2000122070312]"
turning_combined,1789045513.5393167,4.082595765000001,1.3344456931799487,1.0359597761205803,0.3,0.8,1.6713069643486662,1.2302525918842842,91.46,"[455.79998779296875, 551.7999877929688]"
turning_combined,1789045513.5892012,4.132480603,1.3158437332089221,1.0341759936476356,0.3,0.8,1.9221942068325184,1.2716700731571966,134.5,"[455.79998779296875, 551.7999877929688]"
turning_combined,1789045513.6392734,4.182552601,1.2793931087625228,1.032304105933958,0.3,0.8,2.173810374210227,1.2992817273391382,161.4,"[419.79998779296875, 581.0]"
turning_combined,1789045513.6892729,4.232552274000001,1.2273575453045926,1.0303523199165778,0.3,0.8,2.425179154989472,1.3115535736422232,153.32999999999998,"[419.79998779296875, 581.0]"
turning_combined,1789045513.7393808,4.28266012,1.1627493314602761,1.0283168013087507,0.3,0.8,2.676944334389926,1.3100195928543377,-5.38,"[411.3999938964844, 590.4000244140625]"
turning_combined,1789045513.7894638,4.332742782,1.0896343850879164,1.0262032399217844,0.3,0.8,2.9285475332731608,1.2916118233997098,-2.69,"[411.3999938964844, 590.4000244140625]"
turning_combined,1789045513.83957,4.3828492830000005,1.0124707042900998,1.0240123667932635,0.3,0.8,3.180074358782349,1.2547962844904545,-2.69,"[410.6000061035156, 589.5999755859375]"
turning_combined,1789045513.8894172,4.432696202000001,0.9361304313278574,1.021750301646654,0.3,0.8,3.43101596338548,1.2026409377023426,-5.38,"[410.6000061035156, 589.5999755859375]"
turning_combined,1789045513.9393902,4.482669327,0.8650360066389349,1.0194119443731018,0.3,0.8,3.682117934983843,1.1274758790959463,-5.38,"[435.79998779296875, 573.0]"
turning_combined,1789045513.9892652,4.53254447,0.8035803269933037,1.0170014916817456,0.3,0.8,3.933086451726279,1.0615147052168636,-29.59,"[435.79998779296875, 573.0]"
turning_combined,1789045514.0392354,4.582514626,0.7553804118964624,1.0145164759333731,0.3,0.8,4.184330368020554,0.9909515889741242,-131.81,"[474.6000061035156, 536.0]"
turning_combined,1789045514.0892966,4.632575672000001,0.7233634694750004,1.0119590205572417,0.3,0.8,4.4357731596961685,0.9203884727313847,-26.9,"[474.6000061035156, 536.0]"
turning_combined,1789045514.139316,4.68259531,0.7094283741163872,1.0093330578566224,0.3,0.8,4.687180343304011,0.8436894333371027,-2.69,"[535.4000244140625, 499.0]"
turning_combined,1789045514.1895216,4.732800671000001,0.7143343770496091,1.0066298674484346,0.3,0.8,4.939511778443993,0.7915340865489908,-24.21,"[535.4000244140625, 499.0]"
turning_combined,1789045514.2393203,4.782599467000001,0.7374537577953951,1.003881050223923,0.3,0.8,5.190010001279461,0.7485826244881929,-16.14,"[584.2000122070312, 478.20001220703125]"
turning_combined,1789045514.289534,4.832813231,0.777465850467991,1.0010493551843245,0.3,0.8,5.442233094198553,0.7163690279425944,13.45,"[584.2000122070312, 478.20001220703125]"
turning_combined,1789045514.339274,4.882553151000001,0.831073651161455,0.9981791995073995,0.3,0.8,5.692393859717544,0.7148350471547088,13.45,"[591.2000122070312, 474.0]"
turning_combined,1789045514.3894322,4.932711424000001,0.8955377599498263,0.9952271045530787,0.3,0.8,5.94444651746527,0.7301748550335652,5.38,"[591.2000122070312, 474.0]"
turning_combined,1789045514.4392583,4.982537433,0.9657907286550861,0.9922354408874083,0.3,0.8,6.1949217086566755,0.7531845668518499,59.18,"[574.5999755859375, 471.6000061035156]"
turning_combined,1789045514.489489,5.032768323,1.0381573220618765,0.9891653308618447,0.3,0.8,0.16404136178746143,0.7900001057611052,48.42,"[574.5999755859375, 471.6000061035156]"
turning_combined,1789045514.539483,5.082762253,1.1071336906474236,0.9860514921132825,0.3,0.8,0.4154561606158964,0.8467573949128739,2.69,"[534.5999755859375, 492.20001220703125]"
turning_combined,1789045514.5895066,5.132785872,1.1684502767008467,0.9828848174054394,0.3,0.8,0.6668979268756701,0.9081166264282996,10.76,"[534.5999755859375, 492.20001220703125]"
turning_combined,1789045514.639395,5.182674167,1.2179373420515291,0.9796759162335983,0.3,0.8,0.9176977325527886,0.9756117810952678,10.76,"[506.0, 504.79998779296875]"
turning_combined,1789045514.6896195,5.232898799,1.2526146326231031,0.9764003523864971,0.3,0.8,1.1699068918801423,1.0461748973380072,21.52,"[506.0, 504.79998779296875]"
turning_combined,1789045514.7392497,5.282529011,1.2696931567380179,0.9731097180417314,0.3,0.8,1.4197319694276374,1.1213399559444037,21.52,"[480.20001220703125, 532.0]"
turning_combined,1789045514.789174,5.332453374,1.268257085504557,0.9697578013465563,0.3,0.8,1.6708619288466302,1.1734953027325155,94.14999999999999,"[480.20001220703125, 532.0]"
turning_combined,1789045514.8392124,5.382491732,1.2480074050507202,0.9663585488317051,0.3,0.8,1.9223770274187615,1.213378803217542,110.28999999999999,"[454.3999938964844, 567.2000122070312]"
turning_combined,1789045514.8892796,5.432558931,1.209996916753988,0.9629194127629946,0.3,0.8,2.1738779561513866,1.2409904573994837,104.91,"[454.3999938964844, 567.2000122070312]"
turning_combined,1789045514.939423,5.482702247000001,1.156317700769175,0.9594374772642459,0.3,0.8,2.4257315173496465,1.2517283229146832,118.36,"[431.0, 578.0]"
turning_combined,1789045514.9894319,5.5327111790000005,1.0903345861128513,0.9559274114179249,0.3,0.8,2.6770388737093285,1.2501943421267976,-2.69,"[431.0, 578.0]"
turning_combined,1789045515.0393796,5.58265874,1.0159248875789761,0.9523862616280139,0.3,0.8,2.928180962189238,1.227184630308513,-2.69,"[424.20001220703125, 571.7999877929688]"
turning_combined,1789045515.0894153,5.632694404,0.9373910157643284,0.9488091202683759,0.3,0.8,3.179662196905838,1.1873011298234863,-2.69,"[424.20001220703125, 571.7999877929688]"
turning_combined,1789045515.139237,5.682516095,0.8597924982862222,0.9452147370015187,0.3,0.8,3.4303286733907363,1.1213399559444037,-2.69,"[439.0, 556.4000244140625]"
turning_combined,1789045515.189191,5.732470246,0.7873890907167773,0.9415875538668796,0.3,0.8,3.6814281367415234,1.0584467436410925,-69.94,"[439.0, 556.4000244140625]"
turning_combined,1789045515.2393086,5.782587814,0.7244774692808658,0.9379259965550142,0.3,0.8,3.933216242228525,0.9909515889741242,-131.81,"[471.79998779296875, 529.2000122070312]"
turning_combined,1789045515.2894688,5.832747918,0.6749712397043709,0.9342393595609103,0.3,0.8,4.185204655663121,0.9188544919434991,-43.04,"[471.79998779296875, 529.2000122070312]"
turning_combined,1789045515.3395016,5.882780814,0.6418605737590399,0.9305389001550473,0.3,0.8,4.436785275291637,0.8375535101855601,-2.69,"[522.4000244140625, 493.0]"
turning_combined,1789045515.3894978,5.932776802,0.6269135167838844,0.9268250020221123,0.3,0.8,4.6880964417748885,0.7715923363064775,-37.66,"[522.4000244140625, 493.0]"
turning_combined,1789045515.4395483,5.982827527,0.6308033268799262,0.9230932937611852,0.3,0.8,4.939593530224656,0.7163690279425944,-40.35,"[570.5999755859375, 478.3999938964844]"
turning_combined,1789045515.4893873,6.0326665340000005,0.6529552843885484,0.9193628577768926,0.3,0.8,5.190152976417757,0.6672816427302539,-2.69,"[570.5999755859375, 478.3999938964844]"
turning_combined,1789045515.5393398,6.082619210000001,0.6918747329269357,0.9156108275480928,0.3,0.8,5.441469918404945,0.6335340653967698,-2.69,"[603.5999755859375, 468.6000061035156]"
turning_combined,1789045515.5891864,6.132465681,0.7446849440107574,0.9118609524727629,0.3,0.8,5.692111030927396,0.6289321230331129,2.69,"[603.5999755859375, 468.6000061035156]"
turning_combined,1789045515.639225,6.182504252,0.80816584376054,0.9080926956634575,0.3,0.8,5.943607003483454,0.641203969336198,5.38,"[610.5999755859375, 451.3999938964844]"
turning_combined,1789045515.6894934,6.232772465,0.8781819850855718,0.9043079379002,0.3,0.8,6.195988342194418,0.662679700366597,29.59,"[610.5999755859375, 451.3999938964844]"
turning_combined,1789045515.7394888,6.2827680390000005,0.949578711660697,0.9005369688009609,0.3,0.8,0.16420945961388966,0.701029220063738,56.49,"[600.4000244140625, 464.3999938964844]"
turning_combined,1789045515.7894542,6.332733370000001,1.017771254724577,0.8967746218828677,0.3,0.8,0.4151444442529808,0.7531845668518499,16.14,"[600.4000244140625, 464.3999938964844]"
turning_combined,1789045515.8393204,6.382599656,1.078399162701595,0.8930154827164147,0.3,0.8,0.6661270051712194,0.8206797215188181,8.07,"[564.7999877929688, 481.3999938964844]"
turning_combined,1789045515.8894477,6.432727108000001,1.127533896559255,0.889252185003358,0.3,0.8,0.9178090203309495,0.8912428377615575,5.38,"[564.7999877929688, 481.3999938964844]"
turning_combined,1789045515.9393451,6.4826242060000006,1.1615659611654123,0.8855117344486164,0.3,0.8,1.168541942757109,0.9710098387316108,5.38,"[509.6000061035156, 492.3999938964844]"
turning_combined,1789045515.9892035,6.5324829090000005,1.178353792332989,0.8817780053491177,0.3,0.8,1.419562579778308,1.033903051034922,8.07,"[509.6000061035156, 492.3999938964844]"
turning_combined,1789045516.0392559,6.582535061000001,1.1765400588368977,0.8780493159106765,0.3,0.8,1.6711465219552153,1.0875923786109196,16.14,"[484.3999938964844, 519.7999877929688]"
turning_combined,1789045516.0894067,6.632686095,1.155917170212372,0.8743324845606637,0.3,0.8,1.9229976201448338,1.1259418983080607,53.8,"[484.3999938964844, 519.7999877929688]"
turning_combined,1789045516.1394222,6.6827012,1.117627304565768,0.870640269773461,0.3,0.8,2.174409438230157,1.1535535524900022,69.94,"[462.6000061035156, 539.4000244140625]"
turning_combined,1789045516.18957,6.732849163,1.0636704283174285,0.8669589625166242,0.3,0.8,2.4264768086845976,1.162757437217316,59.18,"[462.6000061035156, 539.4000244140625]"
turning_combined,1789045516.2394745,6.782753821,0.9976617839008333,0.8633188633265602,0.3,0.8,2.677278428945634,1.1596894756415448,-2.69,"[453.6000061035156, 556.7999877929688]"
turning_combined,1789045516.2894447,6.832723929,0.9231164072452525,0.8596964606033413,0.3,0.8,2.928585724986739,1.1366797638232602,-5.38,"[453.6000061035156, 556.7999877929688]"
turning_combined,1789045516.3393204,6.882599734,0.8447288360643422,0.8561066105465497,0.3,0.8,3.1795276663685996,1.0875923786109196,-5.38,"[455.6000061035156, 544.2000122070312]"
turning_combined,1789045516.389209,6.932488274000001,0.7671296622295413,0.8525484489853403,0.3,0.8,3.4303166699935375,1.0354370318228079,-72.63,"[455.6000061035156, 544.2000122070312]"
turning_combined,1789045516.4392538,6.982533038000001,0.6947409907954588,0.8490134784007933,0.3,0.8,3.681715816150735,0.9725438195194965,-142.57,"[478.6000061035156, 520.4000244140625]"
turning_combined,1789045516.489442,7.032721254,0.6319397240207237,0.8455036377202905,0.3,0.8,3.9337637489431074,0.9019807032767571,-26.9,"[478.6000061035156, 520.4000244140625]"
turning_combined,1789045516.5394201,7.082699254,0.5828095953582592,0.842041893100252,0.3,0.8,4.184967362373548,0.8176117599430467,-8.07,"[536.7999877929688, 487.3999938964844]"
turning_combined,1789045516.5894558,7.132734826,0.5499670949486586,0.8386152879051508,0.3,0.8,4.4364164070751855,0.7501166052760785,-45.73,"[536.7999877929688, 487.3999938964844]"
turning_combined,1789045516.6394625,7.182741847000001,0.5353202926959548,0.8352298390424961,0.3,0.8,4.68783180908941,0.6826214506091103,-45.73,"[590.7999877929688, 474.3999938964844]"
turning_combined,1789045516.6894748,7.232754118000001,0.5395750049801555,0.8318869497378,0.3,0.8,4.939268071278853,0.6227961998815703,-43.04,"[590.7999877929688, 474.3999938964844]"
turning_combined,1789045516.739351,7.282630397,0.5621917474001954,0.8285958712687361,0.3,0.8,5.190177983495296,0.5721748338813442,-43.04,"[628.4000244140625, 430.0]"
turning_combined,1789045516.7892222,7.332501391,0.6015127257093664,0.825353450070339,0.3,0.8,5.440946237529076,0.5506991028509451,-94.14999999999999,"[628.4000244140625, 430.0]"
turning_combined,1789045516.8393188,7.382597909,0.655125269520147,0.8221470214677845,0.3,0.8,5.692730150874844,0.5445631796994026,-26.9,"[622.7999877929688, 389.3999938964844]"
turning_combined,1789045516.8892334,7.432512471000001,0.7191005409314486,0.81900200383398,0.3,0.8,5.943696757528947,0.5491651220630596,0.0,"[622.7999877929688, 389.3999938964844]"
turning_combined,1789045516.9393477,7.482627014,0.7895942324381623,0.815901100665961,0.3,0.8,6.19538297488301,0.5752427954571154,5.38,"[615.5999755859375, 387.79998779296875]"
turning_combined,1789045516.9895053,7.5327846880000005,0.8619022018896374,0.8128510851879965,0.3,0.8,0.16424113189440703,0.6120583343663708,2.69,"[615.5999755859375, 387.79998779296875]"
turning_combined,1789045517.0394475,7.582726934,0.9309267064835567,0.8098691303024222,0.3,0.8,0.415366456835919,0.6642136811544826,67.25,"[603.0, 437.6000061035156]"
turning_combined,1789045517.089387,7.632665962000001,0.9923717319166693,0.8069481581896026,0.3,0.8,0.6662961535462557,0.7255729126699083,59.18,"[603.0, 437.6000061035156]"
turning_combined,1789045517.1393557,7.682634945,1.0423392592869212,0.8040826387074634,0.3,0.8,0.9176713733338033,0.8160777791551611,59.18,"[571.2000122070312, 491.79998779296875]"
turning_combined,1789045517.1891813,7.732460428,1.0773053123751444,0.8012887157018036,0.3,0.8,1.1682216661825535,0.8835729338221293,2.69,"[571.2000122070312, 491.79998779296875]"
turning_combined,1789045517.2392755,7.7825546480000005,1.0951348773005807,0.7985473214353933,0.3,0.8,1.4198231912252197,0.9418642037617837,5.38,"[528.2000122070312, 507.20001220703125]"
turning_combined,1789045517.2892487,7.832527848000001,1.0943681209233405,0.7958755910567413,0.3,0.8,1.6710870478363873,0.9986214929135524,2.69,"[528.2000122070312, 507.20001220703125]"
turning_combined,1789045517.3394392,7.882718516000001,1.0748316612075708,0.7932632652975948,0.3,0.8,1.9231549913173254,1.0446409165501216,2.69,"[506.3999938964844, 516.2000122070312]"
turning_combined,1789045517.389447,7.932726251,1.0376720732376286,0.7907263402562821,0.3,0.8,2.1746519390237395,1.0737865515199487,5.38,"[506.3999938964844, 516.2000122070312]"
turning_combined,1789045517.4393182,7.982597467000001,0.9852635652338637,0.7882693259632536,0.3,0.8,2.425227711445544,1.086058397823034,0.0,"[494.79998779296875, 518.5999755859375]"
turning_combined,1789045517.489421,8.032700256,0.9202767012540038,0.7858726583271289,0.3,0.8,2.677050550380926,1.0799224746714913,-5.38,"[494.79998779296875, 518.5999755859375]"
turning_combined,1789045517.5392907,8.082569959,0.8471999946052213,0.7835596922367231,0.3,0.8,2.9278341605195948,1.05231082048955,-5.38,"[490.20001220703125, 517.2000122070312]"
turning_combined,1789045517.589273,8.132552033,0.7700946271000706,0.7813183668570891,0.3,0.8,3.1790138526069356,1.0139613007924089,-91.46,"[490.20001220703125, 517.2000122070312]"
turning_combined,1789045517.639285,8.182564254,0.6936640623828264,0.7791507672155791,0.3,0.8,3.4305528473894285,0.9648739155800683,-107.6,"[494.6000061035156, 495.20001220703125]"
turning_combined,1789045517.6893666,8.232645929,0.6226802298220038,0.7770611545772191,0.3,0.8,3.6821373223804486,0.8989127417009857,-37.66,"[494.6000061035156, 495.20001220703125]"
turning_combined,1789045517.7394412,8.282720392,0.5614910657949852,0.7750510673433637,0.3,0.8,3.933745180873906,0.8206797215188181,-21.52,"[520.0, 478.20001220703125]"
turning_combined,1789045517.7893262,8.332605441,0.5139559607016158,0.773127870842841,0.3,0.8,4.184567560779193,0.7516505860639642,-40.35,"[520.0, 478.20001220703125]"
turning_combined,1789045517.839524,8.382803107,0.4826147155578865,0.7712777087177825,0.3,0.8,4.43659751863504,0.6780195082454534,-45.73,"[588.7999877929688, 456.6000061035156]"
turning_combined,1789045517.889569,8.432848321,0.46959993178125725,0.7695131803194635,0.3,0.8,4.6883396362321434,0.6089903727905995,-53.8,"[588.7999877929688, 456.6000061035156]"
turning_combined,1789045517.939267,8.482546262000001,0.4754761440307943,0.7678439288855115,0.3,0.8,4.938439092942183,0.5460971604872883,-53.8,"[622.5999755859375, 418.0]"
turning_combined,1789045517.9892669,8.532546079000001,0.49977189175495634,0.7662525266645277,0.3,0.8,5.1896230374893335,0.5108156023659185,-121.05,"[622.5999755859375, 418.0]"
turning_combined,1789045518.039319,8.58259845,0.5409458945338228,0.7647453871431964,0.3,0.8,5.441152642679704,0.48933987133551954,-104.91,"[630.0, 367.3999938964844]"
turning_combined,1789045518.0894217,8.632700949,0.5963686626110746,0.7633239932824765,0.3,0.8,5.692996658462846,0.48627190975974827,-45.73,"[630.0, 367.3999938964844]"
turning_combined,1789045518.139259,8.682538151000001,0.6620901640158053,0.7619971367524219,0.3,0.8,5.9436772796545085,0.4924078329112908,2.69,"[643.2000122070312, 345.6000061035156]"
turning_combined,1789045518.1894832,8.732762377,0.7345857935457952,0.7607517581645336,0.3,0.8,6.195854460081925,0.5184855063053467,2.69,"[643.2000122070312, 345.6000061035156]"
turning_combined,1789045518.239482,8.78276123,0.8085836332875442,0.7596005089242305,0.3,0.8,0.1640114035599467,0.5583690067903734,2.69,"[622.2000122070312, 371.3999938964844]"
turning_combined,1789045518.2894258,8.832705094000001,0.8795375902558143,0.7585406855787665,0.3,0.8,0.41514543448302277,0.6105243535784852,10.76,"[622.2000122070312, 371.3999938964844]"
turning_combined,1789045518.3392558,8.882535172,0.9428621559742487,0.7575740144271115,0.3,0.8,0.665722016179096,0.6826214506091103,10.76,"[614.2000122070312, 437.0]"
turning_combined,1789045518.3892074,8.932486607000001,0.9948169585004192,0.7566965780550049,0.3,0.8,0.916924403131766,0.7501166052760785,8.07,"[614.2000122070312, 437.0]"
turning_combined,1789045518.4392366,8.982515932,1.0319426924030706,0.7559107962687746,0.3,0.8,1.1683518537821342,0.8283496254582462,2.69,"[573.2000122070312, 493.3999938964844]"
turning_combined,1789045518.4894419,9.032721052000001,1.0518303097288748,0.7552163752646901,0.3,0.8,1.4204089499719572,0.8927768185494431,2.69,"[573.2000122070312, 493.3999938964844]"
turning_combined,1789045518.5394382,9.082717343,1.0530884325931293,0.7546173092586139,0.3,0.8,1.6717972186787549,0.9464661461254406,2.69,"[515.7999877929688, 505.6000061035156]"
turning_combined,1789045518.5894408,9.132719977,1.0356821299854393,0.7541120947959048,0.3,0.8,1.9231391576903718,0.9955535313377811,2.69,"[515.7999877929688, 505.6000061035156]"
turning_combined,1789045518.6394076,9.182686867000001,1.000706992024127,0.7537011954070472,0.3,0.8,2.174299251266099,1.0293011086712651,2.69,"[496.79998779296875, 518.5999755859375]"
turning_combined,1789045518.6895323,9.232811599,0.9501551989404955,0.7533836638976912,0.3,0.8,2.4262115778399007,1.0446409165501216,0.0,"[496.79998779296875, 518.5999755859375]"
turning_combined,1789045518.7392688,9.282547904000001,0.8877219957326088,0.753162225171924,0.3,0.8,2.6764698433152176,1.038504993398579,0.0,"[495.0, 516.4000244140625]"
turning_combined,1789045518.7892153,9.332494442,0.8167601548912519,0.7530343617746327,0.3,0.8,2.927542545323142,1.0154952815802945,-45.73,"[495.0, 516.4000244140625]"
turning_combined,1789045518.8394387,9.382717894,0.7415760145108757,0.7530010882942345,0.3,0.8,3.179685444691522,0.9817477042468103,-112.98,"[500.79998779296875, 509.6000061035156]"
turning_combined,1789045518.889407,9.432686029000001,0.6674537438672774,0.7530628036843435,0.3,0.8,3.430978364804645,0.9295923574586985,-91.46,"[500.79998779296875, 509.6000061035156]"
turning_combined,1789045518.9393144,9.482593394,0.5988741946921212,0.753218974191212,0.3,0.8,3.6819968102508085,0.8666991451553873,-5.38,"[523.0, 489.3999938964844]"
turning_combined,1789045518.9893847,9.532663719,0.5399445712389015,0.753470189500473,0.3,0.8,3.9335820040382288,0.7930680673368765,-40.35,"[523.0, 489.3999938964844]"
turning_combined,1789045519.0394828,9.582761959,0.4945348890011508,0.753816240406802,0.3,0.8,4.185292328717679,0.722504951094137,-51.11,"[582.2000122070312, 459.79998779296875]"
turning_combined,1789045519.0894344,9.632713678,0.4656103705859431,0.7542556003930293,0.3,0.8,4.436380160635828,0.6488738732756262,-34.97,"[582.2000122070312, 459.79998779296875]"
turning_combined,1789045519.139227,9.682506235,0.45488427775468476,0.754787675997259,0.3,0.8,4.687010913442343,0.5737088146692298,-34.97,"[610.5999755859375, 431.6000061035156]"
turning_combined,1789045519.1891794,9.732458819000001,0.46302589214840345,0.755414167297972,0.3,0.8,4.938134152366331,0.5276893910326605,-115.67,"[610.5999755859375, 431.6000061035156]"
turning_combined,1789045519.23928,9.782559282000001,0.4896718112911343,0.7561352222109925,0.3,0.8,5.1897480175849395,0.4924078329112908,-104.91,"[622.2000122070312, 371.3999938964844]"
turning_combined,1789045519.2894258,9.83270491,0.5332544110055433,0.7569503087594412,0.3,0.8,5.441671025573761,0.4740000634566631,-134.5,"[622.2000122070312, 371.3999938964844]"
turning_combined,1789045519.339521,9.882800088,0.5910244377375662,0.7578576736774426,0.3,0.8,5.693486425217735,0.4740000634566631,-37.66,"[630.2000122070312, 336.79998779296875]"
turning_combined,1789045519.3894248,9.93270407,0.6591444700251159,0.7588532355403189,0.3,0.8,5.944377879949016,0.4816699673960913,2.69,"[630.2000122070312, 336.79998779296875]"
turning_combined,1789045519.4393969,9.982676169000001,0.733688516241375,0.7599408632952653,0.3,0.8,6.195565413451618,0.5077476407901472,2.69,"[623.4000244140625, 346.0]"
turning_combined,1789045519.489451,10.032730164,0.8100563496440515,0.7611201384219585,0.3,0.8,0.16385290141412412,0.5506991028509451,2.69,"[623.4000244140625, 346.0]"
turning_combined,1789045519.5393314,10.082610598,0.8833378864052097,0.762387308596207,0.3,0.8,0.41497668320532455,0.6151262959421421,2.69,"[612.7999877929688, 401.79998779296875]"
turning_combined,1789045519.5892298,10.13250904,0.9490383730706017,0.7637412514897426,0.3,0.8,0.665760077202421,0.6764855274575677,75.32,"[612.7999877929688, 401.79998779296875]"
turning_combined,1789045519.6392848,10.182564188,1.0033629600184226,0.7651868380366537,0.3,0.8,0.9172299318137931,0.7470486437003072,24.21,"[597.7999877929688, 487.0]"
turning_combined,1789045519.6894488,10.232727995000001,1.0428302677800545,0.7667214922098093,0.3,0.8,1.1690066471424672,0.8268156446703606,2.69,"[597.7999877929688, 487.0]"
turning_combined,1789045519.7394671,10.282746275000001,1.06495323198786,0.7683399592900562,0.3,0.8,1.4203942272121495,0.8943107993373288,2.69,"[542.0, 505.3999938964844]"
turning_combined,1789045519.7892833,10.332562410000001,1.0685273037110425,0.7700398751246208,0.3,0.8,1.671256739078629,0.9510680884890975,2.69,"[542.0, 505.3999938964844]"
turning_combined,1789045519.839406,10.382685099000001,1.0534139981818642,0.7718298925516469,0.3,0.8,1.9230032247461537,1.0032234352772094,2.69,"[512.5999755859375, 515.7999877929688]"
turning_combined,1789045519.8894305,10.432709936,1.0206889907985912,0.7737003784973188,0.3,0.8,2.1744001743017662,1.0400389741864646,2.69,"[512.5999755859375, 515.7999877929688]"
turning_combined,1789045519.9392395,10.48251881,0.9726759358767285,0.7756468440102287,0.3,0.8,2.425073662821468,1.05231082048955,2.69,"[502.20001220703125, 524.7999877929688]"
turning_combined,1789045519.989253,10.532532192000001,0.9122709928232647,0.777678274391592,0.3,0.8,2.6763469592902354,1.047708878125893,-2.69,"[502.20001220703125, 524.7999877929688]"
turning_combined,1789045520.0394425,10.582721707000001,0.8432578314073226,0.7797958605630213,0.3,0.8,2.928442403016625,1.026233147095494,-26.9,"[499.0, 510.20001220703125]"
turning_combined,1789045520.089291,10.632570285,0.7707158866953111,0.7819794102515769,0.3,0.8,3.1791465585071705,0.9986214929135524,-83.39,"[499.0, 510.20001220703125]"
turning_combined,1789045520.1394088,10.682688028000001,0.6986061891751619,0.7842504766189483,0.3,0.8,3.4311008869181094,0.9556700308527545,-110.28999999999999,"[498.0, 499.6000061035156]"
turning_combined,1789045520.189487,10.732766075,0.6320707150317749,0.7865934553103017,0.3,0.8,3.6826887347230013,0.8943107993373288,-37.66,"[498.0, 499.6000061035156]"
turning_combined,1789045520.2394545,10.782733728,0.5754292169210694,0.7890056926396907,0.3,0.8,3.9338233738584094,0.8206797215188181,-26.9,"[531.4000244140625, 481.6000061035156]"
turning_combined,1789045520.2895498,10.832829217,0.5321749333764076,0.7914958029408983,0.3,0.8,4.185554257120181,0.7516505860639642,-45.73,"[531.4000244140625, 481.6000061035156]"
turning_combined,1789045520.3394077,10.882686855000001,0.5054094666711411,0.7940461611797874,0.3,0.8,4.43627577933492,0.6718835850939109,-45.73,"[589.4000244140625, 464.6000061035156]"
turning_combined,1789045520.3892443,10.932523593,0.49676167361450696,0.7966648719716365,0.3,0.8,4.686984669833919,0.6105243535784852,-45.73,"[589.4000244140625, 464.6000061035156]"
turning_combined,1789045520.4392843,10.982563607000001,0.5069927688797227,0.7993587853224968,0.3,0.8,4.938465391842598,0.5629709491540303,-112.98,"[621.4000244140625, 430.20001220703125]"
turning_combined,1789045520.489434,11.032713224,0.5357392600229929,0.8021224953115441,0.3,0.8,5.190329388155014,0.5307573526084318,-83.39,"[621.4000244140625, 430.20001220703125]"
turning_combined,1789045520.5395489,11.082828054,0.5813838656286185,0.8049515430056036,0.3,0.8,5.442312217094511,0.5154175447295755,-72.63,"[641.2000122070312, 374.0]"
turning_combined,1789045520.58947,11.132749136000001,0.6409222787043212,0.8078300035077819,0.3,0.8,5.693187642163437,0.5154175447295755,-40.35,"[641.2000122070312, 374.0]"
turning_combined,1789045520.639424,11.182703361000002,0.711048133630166,0.8107714741210258,0.3,0.8,5.944326367882574,0.526155410244775,2.69,"[618.0, 365.0]"
turning_combined,1789045520.6895058,11.23278511,0.7876887255863858,0.8137788649229087,0.3,0.8,6.1961081751046265,0.5537670644267164,2.69,"[618.0, 365.0]"
turning_combined,1789045520.739329,11.282608293000001,0.8657015299774344,0.8168296851747334,0.3,0.8,0.16363543785735146,0.6059224112148283,2.69,"[612.5999755859375, 395.0]"
turning_combined,1789045520.789217,11.332496107,0.9406888043949561,0.8199336302109664,0.3,0.8,0.4142650395843219,0.6596117387908257,72.63,"[612.5999755859375, 395.0]"
turning_combined,1789045520.8393943,11.382673675000001,1.0085484418426072,0.8231084277613935,0.3,0.8,0.6663658667438881,0.7240389318820226,64.56,"[601.2000122070312, 462.6000061035156]"
turning_combined,1789045520.8894463,11.432725544,1.0645912450981125,0.8263244626057303,0.3,0.8,0.9177271177538628,0.8007379712763046,2.69,"[601.2000122070312, 462.6000061035156]"
turning_combined,1789045520.939493,11.482772140000002,1.105710764746433,0.8295892877693787,0.3,0.8,1.169114924018217,0.880504972246358,2.69,"[528.4000244140625, 503.0]"
turning_combined,1789045520.9895897,11.532868869000001,1.1295506391778412,0.8329078045196859,0.3,0.8,1.4210533132446699,0.9464661461254406,5.38,"[528.4000244140625, 503.0]"
turning_combined,1789045521.0395193,11.582798615000002,1.134726378782748,0.8362543682307189,0.3,0.8,1.6717678837431862,1.0108933392166375,2.69,"[501.3999938964844, 514.0]"
turning_combined,1789045521.089402,11.632681243,1.1212323478449984,0.8396502257990549,0.3,0.8,1.9230223909746158,1.0661166475805206,5.38,"[501.3999938964844, 514.0]"
turning_combined,1789045521.1393027,11.682581905000001,1.090163785299652,0.8430800865919839,0.3,0.8,2.1738415488624767,1.1060001480655473,5.38,"[491.20001220703125, 536.2000122070312]"
turning_combined,1789045521.1892612,11.732540378000001,1.0435843515094492,0.8465532571282466,0.3,0.8,2.4250648110700084,1.1152040327928612,48.42,"[491.20001220703125, 536.2000122070312]"
turning_combined,1789045521.2392802,11.782559371000001,0.9846167783560457,0.8500650216846468,0.3,0.8,2.67649973117107,1.1136700520049756,-2.69,"[468.3999938964844, 540.5999755859375]"
turning_combined,1789045521.289466,11.832745139,0.9170643154579825,0.8536182076279056,0.3,0.8,2.9284965037553974,1.0983302441261191,-16.14,"[468.3999938964844, 540.5999755859375]"
turning_combined,1789045521.3393066,11.882585913000002,0.8459010664506709,0.8571844614891059,0.3,0.8,3.179212843598897,1.069184609156292,-34.97,"[486.0, 531.0]"
turning_combined,1789045521.3894045,11.932683630000001,0.7751817943534861,0.8607948127359656,0.3,0.8,3.4309921325202737,1.0231651855197226,-80.7,"[486.0, 531.0]"
turning_combined,1789045521.4395595,11.98283875,0.70986207762144,0.8644334613075202,0.3,0.8,3.6828779138927885,0.9694758579437253,-139.88,"[496.79998779296875, 505.3999938964844]"
turning_combined,1789045521.489399,12.032678194,0.6545490604841653,0.8680796857160813,0.3,0.8,3.9336057645317695,0.9019807032767571,-29.59,"[496.79998779296875, 505.3999938964844]"
turning_combined,1789045521.5393908,12.082670023,0.6125365645739598,0.8717558996865102,0.3,0.8,4.184881518982628,0.8084078752157329,-29.59,"[540.2000122070312, 481.6000061035156]"
turning_combined,1789045521.5892332,12.132512375000001,0.5868661410096809,0.8754427728667119,0.3,0.8,4.435542335574205,0.7531845668518499,-34.97,"[540.2000122070312, 481.6000061035156]"
turning_combined,1789045521.6393354,12.182614543000001,0.579257366689838,0.8791626944394172,0.3,0.8,4.687265653880871,0.6948932969121955,-24.21,"[575.4000244140625, 462.3999938964844]"
turning_combined,1789045521.6893759,12.232655166,0.5905504778780499,0.882894741749865,0.3,0.8,4.938788639107202,0.6442719309119693,-16.14,"[575.4000244140625, 462.3999938964844]"
turning_combined,1789045521.7394543,12.282733412,0.6202853837847269,0.8866425852774029,0.3,0.8,5.190518024457596,0.607456392002714,-2.69,"[604.7999877929688, 439.3999938964844]"
turning_combined,1789045521.7894316,12.332710921,0.6666988735808017,0.8903923587727334,0.3,0.8,5.441683094316083,0.5936505649117432,-51.11,"[604.7999877929688, 439.3999938964844]"
turning_combined,1789045521.8394043,12.382683676000001,0.7272035962670036,0.8941526838311851,0.3,0.8,5.693021705752756,0.5967185264875144,5.38,"[603.5999755859375, 420.0]"
turning_combined,1789045521.88946,12.432739247,0.7982578503850694,0.8979212636763895,0.3,0.8,5.944538161492915,0.607456392002714,2.69,"[603.5999755859375, 420.0]"
turning_combined,1789045521.9392521,12.482531406000001,0.8752460358607308,0.9016767650671856,0.3,0.8,6.1949685007943245,0.6396699885483124,2.69,"[597.5999755859375, 430.6000061035156]"
turning_combined,1789045521.9892352,12.532514262000001,0.9541549989855048,0.905446162728479,0.3,0.8,0.1630847443111989,0.684155431396996,61.87,"[597.5999755859375, 430.6000061035156]"
turning_combined,1789045522.039289,12.582568105,1.030051231399563,0.9092165382755196,0.3,0.8,0.4145546140022134,0.7409127205487647,45.73,"[585.5999755859375, 473.0]"
turning_combined,1789045522.0894663,12.632745322000002,1.0984980574543632,0.9129922672674152,0.3,0.8,0.6666448200653363,0.8145437983672754,2.69,"[585.5999755859375, 473.0]"
turning_combined,1789045522.1393008,12.682579958000002,1.1549344417349368,0.9167406150997571,0.3,0.8,0.9173269994869528,0.8912428377615575,2.69,"[532.7999877929688, 500.6000061035156]"
turning_combined,1789045522.1894045,12.732683815000001,1.1966063413518426,0.9204954564198997,0.3,0.8,1.1690246271055287,0.9633399347921826,8.07,"[532.7999877929688, 500.6000061035156]"
turning_combined,1789045522.2392728,12.782552107,1.2208134070954049,0.9242258612093478,0.3,0.8,1.4198229700571119,1.0369710126106935,21.52,"[504.3999938964844, 508.20001220703125]"
turning_combined,1789045522.289403,12.832682314000001,1.2264330952233633,0.9279587152545847,0.3,0.8,1.6716894997498457,1.1013982057018903,37.66,"[504.3999938964844, 508.20001220703125]"
turning_combined,1789045522.339295,12.882574138,1.2132935818533146,0.9316606465376015,0.3,0.8,1.922531096149072,1.158155494853659,37.66,"[479.0, 539.5999755859375]"
turning_combined,1789045522.3892365,12.932515635000001,1.1824565854241242,0.9353493894554936,0.3,0.8,2.17370343439633,1.1903690913992575,83.39,"[479.0, 539.5999755859375]"
turning_combined,1789045522.4392393,12.982518604000001,1.1360555309269795,0.9390202052750252,0.3,0.8,2.4250461072839897,1.2026409377023426,107.6,"[440.20001220703125, 561.0]"
turning_combined,1789045522.4894032,13.032682541000002,1.0770987634430294,0.9426768779072857,0.3,0.8,2.6769840240149136,1.201106956914457,0.0,"[440.20001220703125, 561.0]"
turning_combined,1789045522.5393069,13.082586159000002,1.0098855911952083,0.946295190280676,0.3,0.8,2.928004369496307,1.188835110611372,0.0,"[433.3999938964844, 563.4000244140625]"
turning_combined,1789045522.589408,13.132687047000001,0.9384760090627013,0.9498953657771803,0.3,0.8,3.179666373967464,1.1612234564294304,-2.69,"[433.3999938964844, 563.4000244140625]"
turning_combined,1789045522.639438,13.182717209000002,0.8678125531972533,0.9534629278446803,0.3,0.8,3.4311220587393336,1.1136700520049756,-21.52,"[448.3999938964844, 550.7999877929688]"
turning_combined,1789045522.6894457,13.232725027,0.8025298096365764,0.9569971207616634,0.3,0.8,3.682473191307693,1.0584467436410925,-34.97,"[448.3999938964844, 550.7999877929688]"
turning_combined,1789045522.7392983,13.282577593000001,0.7470568267804572,0.9604876108009213,0.3,0.8,3.933132077704741,0.983281685034696,-34.97,"[479.3999938964844, 528.0]"
turning_combined,1789045522.7892346,13.332513767,0.7048155095174993,0.963949157360559,0.3,0.8,4.184314383597169,0.9157865303677277,-32.28,"[479.3999938964844, 528.0]"
turning_combined,1789045522.839389,13.38266825,0.6787522209559959,0.9673815942891677,0.3,0.8,4.43618627661688,0.8406214717613314,-2.69,"[524.0, 499.0]"
turning_combined,1789045522.8894324,13.432711726,0.670860065016207,0.9707689355360871,0.3,0.8,4.687740235433495,0.7853981633974483,-34.97,"[524.0, 499.0]"
turning_combined,1789045522.9392822,13.482561480000001,0.6817409804992246,0.9741031954563747,0.3,0.8,4.938521915377635,0.7409127205487647,-45.73,"[574.7999877929688, 484.79998779296875]"
turning_combined,1789045522.989545,13.532824275000001,0.7111123868253979,0.977413817709911,0.3,0.8,5.190921897556038,0.6994952392758523,-2.69,"[574.7999877929688, 484.79998779296875]"
turning_combined,1789045523.039434,13.582712990000001,0.7569450673855865,0.9806549535384037,0.3,0.8,5.441601045969065,0.6764855274575677,18.83,"[597.2000122070312, 469.79998779296875]"
turning_combined,1789045523.089474,13.632753011,0.8169622929439962,0.9838593016722811,0.3,0.8,5.693230629204038,0.6826214506091103,8.07,"[597.2000122070312, 469.79998779296875]"
turning_combined,1789045523.1392474,13.682526561000001,0.887087640477035,0.9869976219225369,0.3,0.8,5.943666643478423,0.701029220063738,8.07,"[589.5999755859375, 469.79998779296875]"
turning_combined,1789045523.1892264,13.732505456,0.9636592997584806,0.9900936880800991,0.3,0.8,6.1949562561227935,0.7286408742456796,69.94,"[589.5999755859375, 469.79998779296875]"
turning_combined,1789045523.2394266,13.78270589,1.0420619678362615,0.9931435399811847,0.3,0.8,0.16379281908292143,0.7715923363064775,43.04,"[563.4000244140625, 483.3999938964844]"
turning_combined,1789045523.2894874,13.832766788,1.1171929811045602,0.9961310559981278,0.3,0.8,0.41538230051599356,0.8360195293976744,2.69,"[563.4000244140625, 483.3999938964844]"
turning_combined,1789045523.3394606,13.882740010000001,1.1845543847357558,0.9990555204142623,0.3,0.8,0.666615444917376,0.9050486648525283,2.69,"[520.7999877929688, 494.0]"
turning_combined,1789045523.3895144,13.93279358,1.2402861044847158,1.0019238948076779,0.3,0.8,0.9182507936031854,0.9740778003073821,5.38,"[520.7999877929688, 494.0]"
turning_combined,1789045523.4394226,13.982701764000002,1.280836783226915,1.004720631472321,0.3,0.8,1.1690695242344518,1.0492428589137786,32.28,"[488.3999938964844, 514.5999755859375]"
turning_combined,1789045523.4895406,14.032819606,1.3041065428999588,1.0074654917685992,0.3,0.8,1.421013467796719,1.1213399559444037,45.73,"[488.3999938964844, 514.5999755859375]"
turning_combined,1789045523.5393481,14.082627296,1.3086073909480993,1.0101295209768288,0.3,0.8,1.6715739343791185,1.1903690913992575,45.73,"[460.3999938964844, 553.5999755859375]"
turning_combined,1789045523.5892172,14.132496327,1.2943784064200476,1.0127286938583109,0.3,0.8,1.9223687386407349,1.2348545342479411,112.98,"[460.3999938964844, 553.5999755859375]"
turning_combined,1789045523.6392565,14.182535566,1.2623549898980284,1.0152652447511636,0.3,0.8,2.173806011166384,1.2686021115814252,123.74,"[424.79998779296875, 583.0]"
turning_combined,1789045523.6894546,14.232733777000002,1.214593940636933,1.017736515131304,0.3,0.8,2.425832229270334,1.2808739578845103,131.81,"[424.79998779296875, 583.0]"
turning_combined,1789045523.73948,14.282759088,1.154450596615173,1.020130266179659,0.3,0.8,2.6773626437349733,1.2793399770966247,40.35,"[407.79998779296875, 586.7999877929688]"
turning_combined,1789045523.7894547,14.332733983,1.0858820892580618,1.0224466477624439,0.3,0.8,2.928532880885065,1.2670681307935396,-2.69,"[407.79998779296875, 586.7999877929688]"
turning_combined,1789045523.8394718,14.382750947000002,1.013154018653571,1.0246907914331809,0.3,0.8,3.180058047633331,1.2348545342479411,-2.69,"[415.6000061035156, 579.0]"
turning_combined,1789045523.8895266,14.432805935000001,0.9410813423861603,1.026857759184473,0.3,0.8,3.4315604742773402,1.1903690913992575,-8.07,"[415.6000061035156, 579.0]"
turning_combined,1789045523.9392395,14.48251866,0.8746662719318401,1.0289353012424634,0.3,0.8,3.6817023751607607,1.1198059751565181,-8.07,"[443.0, 562.2000122070312]"
turning_combined,1789045523.9892516,14.532530912,0.8175351713150433,1.0309432908564133,0.3,0.8,3.933024579943968,1.0584467436410925,-53.8,"[443.0, 562.2000122070312]"
turning_combined,1789045524.039208,14.582487297,0.7737444876249382,1.0328698158085754,0.3,0.8,4.184259347920438,0.9924855697620099,-107.6,"[468.0, 532.2000122070312]"
turning_combined,1789045524.0892453,14.632524418000001,0.7461231435849895,1.0347161527281348,0.3,0.8,4.435742135840449,0.9265243958829272,-32.28,"[468.0, 532.2000122070312]"
turning_combined,1789045524.1393085,14.682587655,0.7365741842980837,1.036479067864533,0.3,0.8,4.6872067829478326,0.8559612796401878,-2.69,"[516.2000122070312, 496.79998779296875]"
turning_combined,1789045524.1894143,14.732693551,0.7458271712171415,1.038159497924018,0.3,0.8,4.9389658349859715,0.803805932852076,-16.14,"[516.2000122070312, 496.79998779296875]"
turning_combined,1789045524.2395115,14.782790530000002,0.7734385204275529,1.0397548158271888,0.3,0.8,5.190814284184661,0.7669903939428205,-8.07,"[561.0, 488.0]"
turning_combined,1789045524.289528,14.832807009000001,0.8176703780555332,1.04126070053426,0.3,0.8,5.442199009174949,0.7439806821245359,32.28,"[561.0, 488.0]"
turning_combined,1789045524.3393517,14.882630873,0.8757024044664898,1.0426756144265106,0.3,0.8,5.692924924592852,0.7455146629124216,32.28,"[572.7999877929688, 481.20001220703125]"
turning_combined,1789045524.3892074,14.932486523000001,0.9440734080150369,1.044002463786253,0.3,0.8,5.94359921233373,0.7639224323670493,13.45,"[572.7999877929688, 481.20001220703125]"
turning_combined,1789045524.4392667,14.982545799,1.0188474876278781,1.0452445605999707,0.3,0.8,6.1950811256343385,0.7884661249732196,59.18,"[554.0, 499.6000061035156]"
turning_combined,1789045524.4894018,15.032680821000001,1.0952969128984589,1.046398235455058,0.3,0.8,0.1637260916549934,0.8314175870340175,5.38,"[554.0, 499.6000061035156]"
turning_combined,1789045524.5394619,15.082740852,1.1685264719171036,1.0474603331283978,0.3,0.8,0.41539765159437536,0.8912428377615575,2.69,"[532.5999755859375, 499.0]"
turning_combined,1789045524.5894988,15.132777846000002,1.2339889242004614,1.0484302021766259,0.3,0.8,0.6668693459224073,0.9587379924285258,18.83,"[532.5999755859375, 499.0]"
turning_combined,1789045524.639484,15.182763273,1.287616909548118,1.0493068633726679,0.3,0.8,0.9179644914682541,1.0293011086712651,29.59,"[491.0, 510.6000061035156]"
turning_combined,1789045524.6895382,15.232817269000002,1.3262810503032993,1.0500931137690417,0.3,0.8,1.169681928713473,1.102932186489776,37.66,"[491.0, 510.6000061035156]"
turning_combined,1789045524.739347,15.282626249000002,1.3473918105674465,1.050783314027165,0.3,0.8,1.4202880112212029,1.1811652066719438,37.66,"[470.3999938964844, 538.7999877929688]"
turning_combined,1789045524.7892258,15.332505046000001,1.3498738564762154,1.0513811147900716,0.3,0.8,1.6710799955892526,1.2348545342479411,129.12,"[470.3999938964844, 538.7999877929688]"
turning_combined,1789045524.839375,15.382654231000002,1.3334783139044204,1.0518875398613894,0.3,0.8,1.9229387843976866,1.2793399770966247,137.19,"[427.0, 574.0]"
turning_combined,1789045524.8892405,15.432519769,1.2993863502992895,1.0522981026219487,0.3,0.8,2.1738148126523953,1.3115535736422232,180.23,"[427.0, 574.0]"
turning_combined,1789045524.9393964,15.482675591000001,1.2495154806670048,1.052615728661332,0.3,0.8,2.4256452416756247,1.3238254199453083,174.85,"[407.0, 586.7999877929688]"
turning_combined,1789045524.9894865,15.532765572,1.1871409774086954,1.0528384430750006,0.3,0.8,2.677428984118748,1.325359400733194,40.35,"[407.0, 586.7999877929688]"
turning_combined,1789045525.0394087,15.582687860000002,1.1164489707127883,1.0529659035117067,0.3,0.8,2.9283704530050727,1.3100195928543377,-2.69,"[398.3999938964844, 595.7999877929688]"
turning_combined,1789045525.0893989,15.632678107,1.0415855741673556,1.0529989139411378,0.3,0.8,3.17964630296035,1.2732040539450822,-2.69,"[398.3999938964844, 595.7999877929688]"
turning_combined,1789045525.1393232,15.682602392000002,0.9673568556521673,1.05293723959357,0.3,0.8,3.430878633060914,1.214912784005428,-2.69,"[412.6000061035156, 583.2000122070312]"
turning_combined,1789045525.1892066,15.732485918000002,0.8985210079564101,1.0527812918214858,0.3,0.8,3.6816683856415438,1.1566215140657734,-24.21,"[412.6000061035156, 583.2000122070312]"
turning_combined,1789045525.2392414,15.782520665000002,0.8391311218267755,1.052530520832134,0.3,0.8,3.932983221505012,1.0906603401866908,-24.21,"[446.0, 559.7999877929688]"
turning_combined,1789045525.289404,15.832683331,0.7929376388401161,1.0521841205706168,0.3,0.8,4.185061308560307,1.021631204731837,-88.77,"[446.0, 559.7999877929688]"
turning_combined,1789045525.339445,15.882724276000001,0.7630939379153863,1.0517442785174829,0.3,0.8,4.436442680842902,0.9572040116406401,-80.7,"[485.6000061035156, 528.0]"
turning_combined,1789045525.3892722,15.932551354000001,0.7513079578424453,1.0512120984127087,0.3,0.8,4.687108614460584,0.885106914610015,-2.69,"[485.6000061035156, 528.0]"
turning_combined,1789045525.4393606,15.982639869000002,0.7582401542380661,1.0505840640415627,0.3,0.8,4.938793896876675,0.8206797215188181,-2.69,"[555.0, 492.79998779296875]"
turning_combined,1789045525.4895992,16.032878572,0.7835743553378356,1.049860865839166,0.3,0.8,5.19102989294511,0.786932144185334,-10.76,"[555.0, 492.79998779296875]"
turning_combined,1789045525.5393248,16.082603896000002,0.82531386468952,1.0490503862577394,0.3,0.8,5.44146778212199,0.7562525284276211,-10.76,"[568.2000122070312, 480.6000061035156]"
turning_combined,1789045525.5892096,16.132488573,0.8810108230179794,1.048146926551674,0.3,0.8,5.692271216966944,0.7577865092155067,37.66,"[568.2000122070312, 480.6000061035156]"
turning_combined,1789045525.6393065,16.182585811000003,0.9473552334303282,1.0471479962676227,0.3,0.8,5.9440809969299835,0.7731263170943632,8.07,"[566.0, 481.79998779296875]"
turning_combined,1789045525.6894085,16.232687900000002,1.019814212358035,1.046059022968179,0.3,0.8,6.195590631644166,0.7992039904884191,51.11,"[566.0, 481.79998779296875]"
turning_combined,1789045525.7395322,16.282811277,1.0939493723065412,1.0448776321358053,0.3,0.8,0.16431081493276878,0.8390874909734457,37.66,"[541.5999755859375, 485.79998779296875]"
turning_combined,1789045525.7894635,16.332742578,1.1646484623494302,1.0436110389770228,0.3,0.8,0.41529303907227444,0.8943107993373288,2.69,"[541.5999755859375, 485.79998779296875]"
turning_combined,1789045525.8393528,16.382632109,1.227664324186738,1.042256123580945,0.3,0.8,0.6662309692686321,0.9602719732164113,10.76,"[503.6000061035156, 500.79998779296875]"
turning_combined,1789045525.889485,16.432764234,1.2791311557705862,1.0408083979900165,0.3,0.8,0.9180342499047853,1.0293011086712651,24.21,"[503.6000061035156, 500.79998779296875]"
turning_combined,1789045525.9393244,16.482603463,1.3153617245172164,1.0392799498155598,0.3,0.8,1.1687765619230746,1.1121360712170898,24.21,"[481.0, 526.0]"
turning_combined,1789045525.9892612,16.532540492000003,1.3342487820482292,1.0376642577842041,0.3,0.8,1.4197560164344978,1.1734953027325155,102.22,"[481.0, 526.0]"
turning_combined,1789045526.0394228,16.582702078,1.3344293933573768,1.0359567262230667,0.3,0.8,1.6717461690547921,1.2256506495206272,131.81,"[448.20001220703125, 564.5999755859375]"
turning_combined,1789045526.089455,16.632734196,1.3157355531357073,1.0341688819281127,0.3,0.8,1.9231716492982471,1.2670681307935396,134.5,"[448.20001220703125, 564.5999755859375]"
turning_combined,1789045526.1394343,16.682713444,1.2792766073946902,1.0322991245594872,0.3,0.8,2.1744655294820845,1.2977477465512524,145.26,"[425.0, 586.2000122070312]"
turning_combined,1789045526.1894817,16.732760932,1.2271816846894785,1.0303463695519701,0.3,0.8,2.425929895102776,1.3100195928543377,158.71,"[425.0, 586.2000122070312]"
turning_combined,1789045526.2394495,16.782728608,1.1626846119698568,1.028314871393673,0.3,0.8,2.677178440847989,1.3100195928543377,-5.38,"[416.79998779296875, 594.4000244140625]"
turning_combined,1789045526.2895305,16.832809823,1.0895259831378385,1.0262001664145315,0.3,0.8,2.9289067354374154,1.2916118233997098,-2.69,"[416.79998779296875, 594.4000244140625]"
turning_combined,1789045526.3393123,16.882591446,1.012661454039599,1.0240178443648587,0.3,0.8,3.1794563346225075,1.2455923997631406,-2.69,"[414.6000061035156, 581.0]"
turning_combined,1789045526.3892214,16.932500586,0.9363289466533867,1.0217564326705013,0.3,0.8,3.430346919760943,1.193437052975029,-8.07,"[414.6000061035156, 581.0]"
turning_combined,1789045526.4392595,16.982538793,0.8651195388998812,1.0194149069361726,0.3,0.8,3.6818047458423635,1.1336118022474888,-21.52,"[434.3999938964844, 562.7999877929688]"
turning_combined,1789045526.4892602,17.032539313,0.8035678170311388,1.0170009387884462,0.3,0.8,3.933143166270206,1.069184609156292,-34.97,"[434.3999938964844, 562.7999877929688]"
turning_combined,1789045526.5395494,17.082828483,0.7551735014152761,1.0145035841936878,0.3,0.8,4.185615339734518,0.9970875121256667,-107.6,"[465.79998779296875, 534.2000122070312]"
turning_combined,1789045526.5895064,17.132785571,0.723270625567435,1.0119486269566593,0.3,0.8,4.436781294265494,0.9249904150950417,-43.04,"[465.79998779296875, 534.2000122070312]"
turning_combined,1789045526.6394634,17.18274269,0.7094165367980199,1.0093261168365584,0.3,0.8,4.687836383248374,0.8467573949128739,-2.69,"[524.2000122070312, 492.20001220703125]"
turning_combined,1789045526.689549,17.232828203,0.7143371317780713,1.0066293407012672,0.3,0.8,4.9395603499797645,0.7884661249732196,-34.97,"[524.2000122070312, 492.20001220703125]"
turning_combined,1789045526.7393334,17.282612755000002,0.7374714503983755,1.0038795015060662,0.3,0.8,5.190149513126094,0.7409127205487647,-34.97,"[570.0, 487.3999938964844]"
turning_combined,1789045526.7892222,17.332501566,0.7772247011721969,1.0010638743565015,0.3,0.8,5.4409540035461745,0.7148350471547088,45.73,"[570.0, 487.3999938964844]"
turning_combined,1789045526.8392022,17.382481416,0.831032660548087,0.9981812000835183,0.3,0.8,5.692221298316333,0.7133010663668231,26.9,"[591.5999755859375, 475.20001220703125]"
turning_combined,1789045526.8894694,17.432748414000002,0.8955459695694318,0.9952267463504512,0.3,0.8,5.944476797391964,0.7271068934577939,16.14,"[591.5999755859375, 475.20001220703125]"
turning_combined,1789045526.939518,17.482797164,0.9661188787717987,0.9922216445052655,0.3,0.8,6.196065926966661,0.7516505860639642,48.42,"[578.2000122070312, 479.6000061035156]"
turning_combined,1789045526.9895165,17.532795664000002,1.038213124887777,0.989162915665886,0.3,0.8,0.16423806570003308,0.786932144185334,51.11,"[578.2000122070312, 479.6000061035156]"
turning_combined,1789045527.0393925,17.582671648,1.1070171198629108,0.9860570492638956,0.3,0.8,0.41501126083073814,0.8452234141249882,5.38,"[547.5999755859375, 491.3999938964844]"
turning_combined,1789045527.0893996,17.632678764,1.1683304770982204,0.9828916353507191,0.3,0.8,0.6663608954877134,0.9096506072161852,5.38,"[547.5999755859375, 491.3999938964844]"
turning_combined,1789045527.139202,17.682481319,1.2178179578531065,0.9796849970979822,0.3,0.8,0.9169933472675353,0.9878836273983529,5.38,"[511.0, 500.79998779296875]"
turning_combined,1789045527.1892123,17.73249152,1.252458327786308,0.976419974793443,0.3,0.8,1.1684068090341384,1.0569127628532067,26.9,"[511.0, 500.79998779296875]"
turning_combined,1789045527.2392447,17.782523914000002,1.269696099149594,0.9731084938425609,0.3,0.8,1.419824287012787,1.1167380135807468,53.8,"[489.3999938964844, 519.7999877929688]"
turning_combined,1789045527.2895176,17.832796955000003,1.268197841430247,0.9697395506915991,0.3,0.8,1.6722205696516852,1.1688933603688585,99.53,"[489.3999938964844, 519.7999877929688]"
turning_combined,1789045527.3394635,17.882742826,1.2478875764549495,0.9663446301713065,0.3,0.8,1.9234007191549125,1.2087768608538851,107.6,"[443.6000061035156, 559.0]"
turning_combined,1789045527.3894799,17.932759074,1.2098541867857544,0.9629087457870715,0.3,0.8,2.1746536530767457,1.2379224958237125,112.98,"[443.6000061035156, 559.0]"
turning_combined,1789045527.4394395,17.982718728000002,1.1563011130908614,0.959436517765611,0.3,0.8,2.42580055698987,1.2501943421267976,99.53,"[423.20001220703125, 576.0]"
turning_combined,1789045527.4894948,18.03277413,1.0902409543297937,0.955922755673774,0.3,0.8,2.677370590707781,1.248660361338912,0.0,"[423.20001220703125, 576.0]"
turning_combined,1789045527.5392454,18.082524545000002,1.016077678233288,0.9523933028400604,0.3,0.8,2.927683826514709,1.2210487071569704,0.0,"[418.20001220703125, 570.5999755859375]"
turning_combined,1789045527.5892255,18.132504767,0.9375839089503176,0.9488178926665524,0.3,0.8,3.179048023081961,1.1811652066719438,-21.52,"[418.20001220703125, 570.5999755859375]"
turning_combined,1789045527.6392257,18.182504841,0.8597930766033314,0.9452147645671442,0.3,0.8,3.430326758275939,1.1305438406717176,-24.21,"[445.3999938964844, 567.7999877929688]"
turning_combined,1789045527.6895468,18.232825983,0.7869878004063042,0.9415661461767076,0.3,0.8,3.682904991908245,1.069184609156292,-40.35,"[445.3999938964844, 567.7999877929688]"
turning_combined,1789045527.739568,18.282847208,0.7242195356701348,0.9379092936374727,0.3,0.8,3.934361224573877,0.9986214929135524,-123.74,"[472.20001220703125, 533.4000244140625]"
turning_combined,1789045527.7894056,18.332684674000003,0.6750156569806194,0.9342432937698735,0.3,0.8,4.18493649434086,0.9249904150950417,-59.18,"[472.20001220703125, 533.4000244140625]"
turning_combined,1789045527.8394437,18.382722838,0.6418812752774521,0.9305420661148956,0.3,0.8,4.436570561256872,0.8390874909734457,-2.69,"[534.7999877929688, 497.79998779296875]"
turning_combined,1789045527.8895173,18.432796539,0.626912911233074,0.9268245960948465,0.3,0.8,4.688123851542571,0.7700583555185919,-24.21,"[534.7999877929688, 497.79998779296875]"
turning_combined,1789045527.9392388,18.482517908000002,0.630738095931453,0.9231117524097411,0.3,0.8,4.938351751639928,0.7071651432152806,-24.21,"[588.7999877929688, 472.6000061035156]"
turning_combined,1789045527.989189,18.532468092000002,0.6528716750461323,0.9193729983153576,0.3,0.8,5.189472879413657,0.6611457195787114,-2.69,"[588.7999877929688, 472.6000061035156]"
turning_combined,1789045528.0392144,18.582493563,0.6917816469970532,0.9156183543348814,0.3,0.8,5.440966348748688,0.6335340653967698,-13.45,"[610.0, 459.6000061035156]"
turning_combined,1789045528.089387,18.632666159000003,0.7448628452383008,0.9118495777893717,0.3,0.8,5.692870668031134,0.6289321230331129,0.0,"[610.0, 459.6000061035156]"
turning_combined,1789045528.1394317,18.682711109,0.8083452950523851,0.9080826541787115,0.3,0.8,5.944276821196581,0.6396699885483124,10.76,"[604.0, 443.20001220703125]"
turning_combined,1789045528.1895308,18.732809997,0.8782396057023352,0.9043048932092158,0.3,0.8,6.1961913292923185,0.6596117387908257,26.9,"[604.0, 443.20001220703125]"
turning_combined,1789045528.2393923,18.782671469,0.9494130767131856,0.9005458099397893,0.3,0.8,0.16361997116846538,0.6994952392758523,61.87,"[583.4000244140625, 463.79998779296875]"
turning_combined,1789045528.2893553,18.832634619,1.017675892385739,0.8967801282964124,0.3,0.8,0.4147770337355965,0.7531845668518499,34.97,"[583.4000244140625, 463.79998779296875]"
turning_combined,1789045528.3392818,18.88256093,1.0783413697870035,0.8930193979670276,0.3,0.8,0.6658654085209506,0.8314175870340175,34.97,"[551.0, 486.6000061035156]"
turning_combined,1789045528.3892126,18.932491641000002,1.127409163358542,0.8892633134543457,0.3,0.8,0.9170639903765974,0.8989127417009857,10.76,"[551.0, 486.6000061035156]"
turning_combined,1789045528.4392414,18.982520441000002,1.161562833652286,0.8855121887701167,0.3,0.8,1.1685114466889885,0.9648739155800683,2.69,"[511.0, 501.0]"
turning_combined,1789045528.4894366,19.032715815,1.1783809788800506,0.8817646446119329,0.3,0.8,1.4204623520205715,1.026233147095494,8.07,"[511.0, 501.0]"
turning_combined,1789045528.539551,19.082830249,1.1764826169814024,0.8780304505730915,0.3,0.8,1.6724219934930105,1.0829904362472627,21.52,"[487.3999938964844, 527.4000244140625]"
turning_combined,1789045528.5894775,19.132756738,1.1558807090177736,0.8743279449711132,0.3,0.8,1.9233059435877564,1.1244079175201749,45.73,"[487.3999938964844, 527.4000244140625]"
turning_combined,1789045528.639438,19.18271722,1.1176162505509972,0.8706393943253213,0.3,0.8,2.1744692089154327,1.1535535524900022,69.94,"[469.20001220703125, 545.0]"
turning_combined,1789045528.6895285,19.232807657000002,1.0637132925387247,0.8669615517454446,0.3,0.8,2.4262989844873957,1.162757437217316,59.18,"[469.20001220703125, 545.0]"
turning_combined,1789045528.7393541,19.282633339,0.9977513899555386,0.8633234487183031,0.3,0.8,2.676961444760245,1.158155494853659,59.18,"[453.0, 552.0]"
turning_combined,1789045528.7892163,19.332495599,0.9233944888824398,0.8597094459504547,0.3,0.8,2.9276815494883763,1.1320778214596032,-8.07,"[453.0, 552.0]"
turning_combined,1789045528.8392282,19.382507478,0.8449073993153917,0.8561147122431871,0.3,0.8,3.178959058204576,1.0921943209745766,-37.66,"[459.0, 539.5999755859375]"
turning_combined,1789045528.8894074,19.432686672000003,0.7669257071225039,0.8525388989357527,0.3,0.8,3.43099273570612,1.0400389741864646,-67.25,"[459.0, 539.5999755859375]"
turning_combined,1789045528.9394062,19.482685511,0.6945809313739228,0.8490052202073903,0.3,0.8,3.6823059128086655,0.9786797426710391,-142.57,"[476.20001220703125, 514.7999877929688]"
turning_combined,1789045528.9894192,19.532698251000003,0.6319554888904014,0.845504610374052,0.3,0.8,3.933693543143839,0.9065826456404139,-29.59,"[476.20001220703125, 514.7999877929688]"
turning_combined,1789045529.039424,19.582702949,0.5827940683333159,0.8420406009065339,0.3,0.8,4.1850616453390685,0.8206797215188181,-2.69,"[528.4000244140625, 489.0]"
turning_combined,1789045529.089528,19.632807296000003,0.5499198313955274,0.838608563386381,0.3,0.8,4.436912763634886,0.7516505860639642,-56.49,"[528.4000244140625, 489.0]"
turning_combined,1789045529.1393275,19.682606895000003,0.5353290386582334,0.8352354627901974,0.3,0.8,4.687411559496859,0.6718835850939109,-56.49,"[582.0, 468.3999938964844]"
turning_combined,1789045529.189216,19.732495018,0.5395230959888091,0.8318996144802547,0.3,0.8,4.938309166723194,0.6151262959421421,-32.28,"[582.0, 468.3999938964844]"
turning_combined,1789045529.2395163,19.782795526,0.5622672172923298,0.8285880077515584,0.3,0.8,5.190781737284816,0.5752427954571154,-75.32,"[620.7999877929688, 435.0]"
turning_combined,1789045529.289445,19.832724271,0.6016605747039057,0.825343302949629,0.3,0.8,5.441736903515114,0.5522330836388308,-86.08,"[620.7999877929688, 435.0]"
turning_combined,1789045529.33939,19.882669159000002,0.6551669800115809,0.8221447940217912,0.3,0.8,5.69290645202809,0.5445631796994026,-18.83,"[623.2000122070312, 394.0]"
turning_combined,1789045529.3894644,19.932743716,0.719315728414871,0.8189921174228568,0.3,0.8,5.944492304293327,0.5491651220630596,2.69,"[623.2000122070312, 394.0]"
turning_combined,1789045529.4394126,19.982691687000003,0.7896549773671471,0.8158985126236761,0.3,0.8,6.195594899183668,0.5752427954571154,2.69,"[616.0, 395.0]"
turning_combined,1789045529.4895086,20.032788063,0.861911247356077,0.8128507033058355,0.3,0.8,0.1642729851307081,0.6120583343663708,10.76,"[616.0, 395.0]"
turning_combined,1789045529.5392504,20.082529588,0.9307049331674826,0.8098790542771677,0.3,0.8,0.4145225144651761,0.6734175658817965,10.76,"[620.7999877929688, 431.3999938964844]"
turning_combined,1789045529.5892155,20.132494898,0.9922496220401521,0.8069544287957144,0.3,0.8,0.6657519040350195,0.7347767973972221,34.97,"[620.7999877929688, 431.3999938964844]"
turning_combined,1789045529.639265,20.182544391,1.0422670098537665,0.8040874010394127,0.3,0.8,0.9172490477768207,0.8068738944278473,2.69,"[566.4000244140625, 480.79998779296875]"
turning_combined,1789045529.6892676,20.232546677000002,1.0773444561979533,0.8012846621183749,0.3,0.8,1.1685893481337075,0.8789709914584724,2.69,"[566.4000244140625, 480.79998779296875]"
turning_combined,1789045529.7394898,20.282769187,1.0951673060043958,0.7985371182826286,0.3,0.8,1.4207709971625206,0.9387962421860124,2.69,"[518.4000244140625, 499.3999938964844]"
turning_combined,1789045529.789565,20.332844383,1.0943155584138418,0.7958620414486097,0.3,0.8,1.672377609072015,0.9940195505498954,2.69,"[518.4000244140625, 499.3999938964844]"
turning_combined,1789045529.8393998,20.382679055,1.0748416481190308,0.7932641631633462,0.3,0.8,1.9230671925992056,1.0415729549743504,2.69,"[495.6000061035156, 514.2000122070312]"
turning_combined,1789045529.8895266,20.432805749,1.037629684618232,0.7907240019898446,0.3,0.8,2.1748870105790843,1.0737865515199487,2.69,"[495.6000061035156, 514.2000122070312]"
turning_combined,1789045529.939235,20.482514105,0.9852997463040893,0.788270807952997,0.3,0.8,2.425074341405548,1.086058397823034,2.69,"[490.6000061035156, 523.4000244140625]"
turning_combined,1789045529.989238,20.532517255000002,0.9204984651174268,0.7858801466753687,0.3,0.8,2.6762514749798214,1.0783884938836057,-8.07,"[490.6000061035156, 523.4000244140625]"
turning_combined,1789045530.0394208,20.582699968,0.8470383824675155,0.7835548406979914,0.3,0.8,2.9283688344565633,1.0569127628532067,-13.45,"[488.3999938964844, 520.2000122070312]"
turning_combined,1789045530.0894213,20.632700330000002,0.7698743203078046,0.7813121045338423,0.3,0.8,3.1797278436260257,1.01702926236818,-80.7,"[488.3999938964844, 520.2000122070312]"
turning_combined,1789045530.139258,20.682537071000002,0.6936939668076887,0.7791516220899158,0.3,0.8,3.4304518288493995,0.9679418771558396,-118.36,"[493.6000061035156, 503.6000061035156]"
turning_combined,1789045530.189451,20.732729993,0.6225678068900907,0.7770577023740893,0.3,0.8,3.6825610101321473,0.9035146840646426,-37.66,"[493.6000061035156, 503.6000061035156]"
turning_combined,1789045530.2394285,20.782707637,0.5614989108315249,0.7750513483964044,0.3,0.8,3.9337092812664025,0.8237476830945893,-8.07,"[532.7999877929688, 478.3999938964844]"
turning_combined,1789045530.28944,20.832718963,0.5138784027597421,0.7731241992490239,0.3,0.8,4.185056769587277,0.7516505860639642,-40.35,"[532.7999877929688, 478.3999938964844]"
turning_combined,1789045530.339224,20.882503287000002,0.4826957875042837,0.7712842458334168,0.3,0.8,4.435686602535469,0.6642136811544826,-40.35,"[593.2000122070312, 455.6000061035156]"
turning_combined,1789045530.3892093,20.93248853,0.46961941228354864,0.7695225271567979,0.3,0.8,4.686973716985364,0.6013204688511713,-51.11,"[593.2000122070312, 455.6000061035156]"
turning_combined,1789045530.4392526,20.982531871000003,0.475476042068678,0.7678439398082653,0.3,0.8,4.938437414075139,0.5506991028509451,-126.42999999999999,"[625.7999877929688, 408.6000061035156]"
turning_combined,1789045530.489459,21.032738362,0.49988515874015776,0.7662472273749295,0.3,0.8,5.190482763221709,0.5138835639416898,-131.81,"[625.7999877929688, 408.6000061035156]"
turning_combined,1789045530.539444,21.082723242,0.5410510009460162,0.7647422353218809,0.3,0.8,5.441694353784214,0.48933987133551954,-99.53,"[626.2000122070312, 355.3999938964844]"
turning_combined,1789045530.589521,21.132800343,0.5964962798216218,0.7633211312132764,0.3,0.8,5.693520052825548,0.48473792897186263,-34.97,"[626.2000122070312, 355.3999938964844]"
turning_combined,1789045530.6393836,21.182662846000003,0.6622220909552067,0.7619947067847375,0.3,0.8,5.9441522080390286,0.4924078329112908,2.69,"[628.5999755859375, 345.79998779296875]"
turning_combined,1789045530.689572,21.232851398,0.7346869946865434,0.7607501204377645,0.3,0.8,6.196198562495255,0.5184855063053467,2.69,"[628.5999755859375, 345.79998779296875]"
turning_combined,1789045530.7392483,21.28252738,0.8083401616963276,0.7596041838479538,0.3,0.8,0.1631764335778243,0.5675728915176872,2.69,"[615.7999877929688, 371.6000061035156]"
turning_combined,1789045530.7892172,21.332496358,0.8793427122952204,0.7585435957051228,0.3,0.8,0.41442505472125646,0.6181942575179133,32.28,"[615.7999877929688, 371.6000061035156]"
turning_combined,1789045530.8393266,21.382605678,0.9429521033496824,0.7575725907532315,0.3,0.8,0.666109336854241,0.6764855274575677,78.01,"[608.5999755859375, 446.3999938964844]"
turning_combined,1789045530.8894296,21.432708901,0.9949744890346577,0.7566936670939941,0.3,0.8,0.9178041395527075,0.7439806821245359,24.21,"[608.5999755859375, 446.3999938964844]"
turning_combined,1789045530.9393897,21.482669109,1.0320128600175287,0.7559089940565605,0.3,0.8,1.1689648011283893,0.8206797215188181,2.69,"[567.5999755859375, 496.3999938964844]"
turning_combined,1789045530.9894726,21.532751776,1.0518354149628326,0.755216065649901,0.3,0.8,1.4205294715193233,0.8897088569736719,2.69,"[567.5999755859375, 496.3999938964844]"
turning_combined,1789045531.0392764,21.582555636000002,1.0531083508104477,0.7546186619368002,0.3,0.8,1.6711815871558784,0.944932165337555,2.69,"[527.0, 504.20001220703125]"
turning_combined,1789045531.0892935,21.632572634000002,1.0357544799769507,0.7541133483347288,0.3,0.8,1.9224517872709228,0.9940195505498954,2.69,"[527.0, 504.20001220703125]"
turning_combined,1789045531.139424,21.682703246000003,1.0007140148396019,0.7537012546607298,0.3,0.8,2.174258350243086,1.0354370318228079,2.69,"[502.6000061035156, 513.2000122070312]"
turning_combined,1789045531.1892576,21.732536904,0.950423859615819,0.7533849315818296,0.3,0.8,2.42503018317921,1.0461748973380072,-8.07,"[502.6000061035156, 513.2000122070312]"
turning_combined,1789045531.2395332,21.782812506000003,0.8874889807911678,0.7531616213414721,0.3,0.8,2.677336440339026,1.038504993398579,-16.14,"[496.20001220703125, 513.5999755859375]"
turning_combined,1789045531.289337,21.832616036,0.8166152787952662,0.7530342034764187,0.3,0.8,2.9280361774936736,1.0185632431560658,-53.8,"[496.20001220703125, 513.5999755859375]"
turning_combined,1789045531.3394082,21.882687486000002,0.7415832205026112,0.7530010869209322,0.3,0.8,3.179661402711325,0.9848156658225816,-112.98,"[494.20001220703125, 507.0]"
turning_combined,1789045531.389488,21.93276725,0.667381081771612,0.7530629135852781,0.3,0.8,3.431231471615071,0.9357282806102412,-96.84,"[494.20001220703125, 507.0]"
turning_combined,1789045531.4394,21.982679270000002,0.5988105005821694,0.7532191754915347,0.3,0.8,3.682245207185524,0.8697671067311585,-21.52,"[510.3999938964844, 479.79998779296875]"
turning_combined,1789045531.489399,22.032678172,0.5399478111398659,0.7534701711516401,0.3,0.8,3.9335665423758783,0.7946020481247621,-24.21,"[510.3999938964844, 479.79998779296875]"
turning_combined,1789045531.5393095,22.082588648,0.49466231440109326,0.7538149085943605,0.3,0.8,4.184439735657385,0.7117670855789375,-24.21,"[571.0, 466.3999938964844]"
turning_combined,1789045531.589392,22.132671108,0.4656318045435489,0.7542550806154324,0.3,0.8,4.436111758039196,0.6427379501240836,-29.59,"[571.0, 466.3999938964844]"
turning_combined,1789045531.6393516,22.182630985000003,0.4548830925878494,0.7547881953038018,0.3,0.8,4.687235811263996,0.581378718608658,-78.01,"[621.4000244140625, 438.3999938964844]"
turning_combined,1789045531.6894016,22.232680887,0.4630782957270758,0.7554161759896021,0.3,0.8,4.938883414674429,0.5322913333963175,-126.42999999999999,"[621.4000244140625, 438.3999938964844]"
turning_combined,1789045531.7394292,22.282708465000002,0.4897586674786579,0.7561371022675745,0.3,0.8,5.190364176895493,0.4954757944870621,-110.28999999999999,"[627.2000122070312, 372.3999938964844]"
turning_combined,1789045531.789408,22.332687,0.533237802239328,0.7569500293977057,0.3,0.8,5.441589334111718,0.47553404424454876,-126.42999999999999,"[627.2000122070312, 372.3999938964844]"
turning_combined,1789045531.839348,22.382627395,0.5908359134844148,0.7578548532288164,0.3,0.8,5.692741435475732,0.4740000634566631,-53.8,"[638.5999755859375, 340.20001220703125]"
turning_combined,1789045531.889431,22.432710079000003,0.6591234992214945,0.7588529324515997,0.3,0.8,5.944304834149953,0.4816699673960913,2.69,"[638.5999755859375, 340.20001220703125]"
turning_combined,1789045531.939264,22.482543239,0.733526986733625,0.7599384619592944,0.3,0.8,6.195032931089791,0.5138835639416898,2.69,"[627.0, 346.20001220703125]"
turning_combined,1789045531.9892917,22.532570877,0.809856770655833,0.7611169093064393,0.3,0.8,0.16318955286871528,0.5568350260024878,2.69,"[627.0, 346.20001220703125]"
turning_combined,1789045532.0393498,22.582629068000003,0.883270677760774,0.7623860539254796,0.3,0.8,0.41473645943814574,0.6089903727905995,18.83,"[613.7999877929688, 396.6000061035156]"
turning_combined,1789045532.0893872,22.632666256,0.9491661098332695,0.7637442004622269,0.3,0.8,0.6662890962725783,0.6703496043060252,86.08,"[613.7999877929688, 396.6000061035156]"
turning_combined,1789045532.139311,22.682590291,1.0033854259953836,0.7651875445944073,0.3,0.8,0.9173492319098955,0.7393787397608791,40.35,"[585.4000244140625, 480.6000061035156]"
turning_combined,1789045532.1894355,22.732714603,1.0428453035644885,0.7667222548358221,0.3,0.8,1.1691283247958921,0.8237476830945893,2.69,"[585.4000244140625, 480.6000061035156]"
turning_combined,1789045532.2394125,22.782691884000002,1.0649482946208804,0.7683393266673786,0.3,0.8,1.4202984915743002,0.8943107993373288,2.69,"[534.4000244140625, 505.0]"
turning_combined,1789045532.289397,22.832676279,1.0685194589120086,0.7700422237695328,0.3,0.8,1.6715949654570323,0.9495341077012119,8.07,"[534.4000244140625, 505.0]"
turning_combined,1789045532.3393512,22.882630453,1.0534393155918567,0.7718279772273142,0.3,0.8,1.9227399894411121,1.009359358428752,8.07,"[492.3999938964844, 517.5999755859375]"
turning_combined,1789045532.3892376,22.932516943000003,1.0208156138410165,0.7736944570350784,0.3,0.8,2.173621360916613,1.0446409165501216,2.69,"[492.3999938964844, 517.5999755859375]"
turning_combined,1789045532.4392571,22.98253653,0.972670751015746,0.7756470322419863,0.3,0.8,2.425097413261966,1.05231082048955,-21.52,"[502.0, 523.0]"
turning_combined,1789045532.489378,23.032657168,0.9121322747075258,0.7776826739787156,0.3,0.8,2.6768806832095606,1.047708878125893,-2.69,"[502.0, 523.0]"
turning_combined,1789045532.5393121,23.082591415000003,0.8434045848410814,0.7797914493725002,0.3,0.8,2.927926824936563,1.0293011086712651,-26.9,"[505.0, 515.5999755859375]"
turning_combined,1789045532.5894332,23.132712503,0.7705770755785637,0.7819836389425507,0.3,0.8,3.179623698572911,1.0016894544893238,-75.32,"[505.0, 515.5999755859375]"
turning_combined,1789045532.639754,23.183033387000002,0.6983700840347727,0.7842582515455049,0.3,0.8,3.4319492275187002,0.9572040116406401,-104.91,"[505.79998779296875, 497.3999938964844]"
turning_combined,1789045532.6895244,23.232803662000002,0.6321101346809319,0.7865919497782226,0.3,0.8,3.6825295891790546,0.8820389530342436,-104.91,"[505.79998779296875, 497.3999938964844]"
turning_combined,1789045532.7394614,23.282740666000002,0.5754357626841404,0.7890053750298751,0.3,0.8,3.9337907967993004,0.8099418560036186,-18.83,"[549.5999755859375, 472.3999938964844]"
turning_combined,1789045532.7893121,23.332591203,0.532317175100562,0.7914856773442499,0.3,0.8,4.184545006657274,0.7455146629124216,-32.28,"[549.5999755859375, 472.3999938964844]"
turning_combined,1789045532.8393638,23.382642861,0.505422426207425,0.7940442925865181,0.3,0.8,4.436094532058334,0.679553489033339,-34.97,"[584.5999755859375, 459.0]"
turning_combined,1789045532.8893874,23.432666635,0.4967631896713478,0.7966701580419219,0.3,0.8,4.687484303703059,0.6166602767300278,-40.35,"[584.5999755859375, 459.0]"
turning_combined,1789045532.9392614,23.482540752000002,0.5069822475634913,0.7993573239665633,0.3,0.8,4.938330625057645,0.5675728915176872,-96.84,"[614.0, 422.6000061035156]"
turning_combined,1789045532.9894152,23.532694515000003,0.5357345607238847,0.8021221453848253,0.3,0.8,5.190297866671031,0.5307573526084318,-75.32,"[614.0, 422.6000061035156]"
turning_combined,1789045533.0392513,23.582530554,0.5810956494864141,0.8049360555811581,0.3,0.8,5.44094783094495,0.5154175447295755,-72.63,"[621.7999877929688, 367.0]"
turning_combined,1789045533.0894053,23.632684388,0.6408421826212338,0.8078264434587722,0.3,0.8,5.692880585410819,0.5138835639416898,-40.35,"[621.7999877929688, 367.0]"
turning_combined,1789045533.1392908,23.682569899,0.7108778422220161,0.810764639538855,0.3,0.8,5.943748601347636,0.5307573526084318,-40.35,"[619.5999755859375, 365.20001220703125]"
turning_combined,1789045533.1892383,23.732517641,0.787300424143781,0.8137638058559432,0.3,0.8,6.194859233688632,0.5583690067903734,2.69,"[619.5999755859375, 365.20001220703125]"
turning_combined,1789045533.2392614,23.782540476,0.8655599515736778,0.8168240466340265,0.3,0.8,0.16317618727695304,0.6013204688511713,5.38,"[606.7999877929688, 399.20001220703125]"
turning_combined,1789045533.2893846,23.832663802000003,0.9408881984570591,0.8199423056878288,0.3,0.8,0.41495961807408577,0.6519418348513975,51.11,"[606.7999877929688, 399.20001220703125]"
turning_combined,1789045533.3393648,23.882643994000002,1.0084880083298018,0.8231053408428333,0.3,0.8,0.66612271249911,0.7163690279425944,78.01,"[598.7999877929688, 466.6000061035156]"
turning_combined,1789045533.3894067,23.932685702,1.064591495274095,0.8263244791305536,0.3,0.8,0.9177283995237318,0.7961360289126478,2.69,"[598.7999877929688, 466.6000061035156]"
turning_combined,1789045533.4393578,23.982637067000002,1.1056654081542416,0.8295847385968719,0.3,0.8,1.1687671471982597,0.880504972246358,2.69,"[546.0, 504.79998779296875]"
turning_combined,1789045533.4894302,24.032709387,1.1295135727104317,0.8328993456796936,0.3,0.8,1.420415459351993,0.9480001269133262,8.07,"[546.0, 504.79998779296875]"
turning_combined,1789045533.5394726,24.082751697000003,1.1347282050086671,0.8362529071826995,0.3,0.8,1.6716591192923076,1.0200972239439514,8.07,"[510.3999938964844, 513.0]"
turning_combined,1789045533.5893955,24.132674901,1.1212432321628507,0.8396485793268599,0.3,0.8,1.9229012964008874,1.0707185899441776,5.38,"[510.3999938964844, 513.0]"
turning_combined,1789045533.6393192,24.182598351000003,1.0901486858212355,0.8430814141359408,0.3,0.8,2.1739380887481516,1.102932186489776,29.59,"[492.20001220703125, 529.4000244140625]"
turning_combined,1789045533.6929004,24.23617956,1.0397601881858374,0.8468016082899464,0.3,0.8,2.4429286759602675,1.1152040327928612,53.8,"[492.20001220703125, 529.4000244140625]"
turning_combined,1789045533.739578,24.282857221,0.9843862208145662,0.8500777534823283,0.3,0.8,2.6774068673064946,1.1136700520049756,-5.38,"[478.3999938964844, 540.7999877929688]"
turning_combined,1789045533.7893999,24.332679044000002,0.9171236002797102,0.8536151984303044,0.3,0.8,2.928284046640762,1.0998642249140047,-10.76,"[478.3999938964844, 540.7999877929688]"
turning_combined,1789045533.8393168,24.382596177,0.8458864011548486,0.8571851951640093,0.3,0.8,3.1792642098954857,1.0707185899441776,-16.14,"[475.6000061035156, 534.4000244140625]"
turning_combined,1789045533.88939,24.432669128,0.7752182278795289,0.8607928927311683,0.3,0.8,3.4308587430095443,1.0231651855197226,-67.25,"[475.6000061035156, 534.4000244140625]"
turning_combined,1789045533.9392662,24.482545352000002,0.7101305696869242,0.8644174256005227,0.3,0.8,3.681771661101841,0.9602719732164113,-67.25,"[490.3999938964844, 511.6000061035156]"
turning_combined,1789045533.989252,24.532531488,0.6546659439715182,0.8680709952570302,0.3,0.8,3.933010028086848,0.8927768185494431,-5.38,"[490.3999938964844, 511.6000061035156]"
turning_combined,1789045534.0393424,24.582621672000002,0.6125595503349129,0.8717534267442731,0.3,0.8,4.184712958713824,0.8160777791551611,-18.83,"[534.4000244140625, 488.0]"
turning_combined,1789045534.08965,24.632929197000003,0.586753951044813,0.8754674590037602,0.3,0.8,4.437216548104679,0.7593204900033924,-40.35,"[534.4000244140625, 488.0]"
turning_combined,1789045534.1394207,24.682700125,0.5792604683788256,0.8791689553924242,0.3,0.8,4.687688421774247,0.701029220063738,-40.35,"[585.2000122070312, 475.6000061035156]"
turning_combined,1789045534.1894975,24.732776582000003,0.5906016747726079,0.882903989097088,0.3,0.8,4.939410739797815,0.6442719309119693,-2.69,"[585.2000122070312, 475.6000061035156]"
turning_combined,1789045534.2394538,24.782733081,0.6202660216021839,0.8866406974740468,0.3,0.8,5.190391415760452,0.6059224112148283,-5.38,"[619.2000122070312, 445.79998779296875]"
turning_combined,1789045534.2894194,24.832698702000002,0.666666825205761,0.8903901290237355,0.3,0.8,5.44153391641732,0.5936505649117432,-40.35,"[619.2000122070312, 445.79998779296875]"
turning_combined,1789045534.3392673,24.882546481000002,0.7270305000077248,0.8941428724258229,0.3,0.8,5.692366470056264,0.5967185264875144,-40.35,"[606.0, 420.79998779296875]"
turning_combined,1789045534.3892148,24.932494002000002,0.7979801604782943,0.8979072896423653,0.3,0.8,5.943606023306664,0.6089903727905995,13.45,"[606.0, 420.79998779296875]"
turning_combined,1789045534.439251,24.982530295,0.8752683574949468,0.901677831910571,0.3,0.8,6.195039626452093,0.6366020269725411,24.21,"[601.0, 428.6000061035156]"
turning_combined,1789045534.489418,25.032697213000002,0.9543364948794052,0.9054549152940051,0.3,0.8,0.16366832656261465,0.679553489033339,59.18,"[601.0, 428.6000061035156]"
turning_combined,1789045534.5393658,25.082645042000003,1.0301239462587035,0.9092203018571359,0.3,0.8,0.4148057353261123,0.7378447589729934,43.04,"[580.0, 464.20001220703125]"
turning_combined,1789045534.5894759,25.132755074000002,1.098497177735093,0.9129922147563545,0.3,0.8,0.6666413115347467,0.8099418560036186,2.69,"[580.0, 464.20001220703125]"
turning_combined,1789045534.639483,25.182762253,1.1550427881152285,0.9167488195034149,0.3,0.8,0.9178762705200398,0.8897088569736719,2.69,"[521.2000122070312, 492.6000061035156]"
turning_combined,1789045534.6893985,25.23267775,1.19659778905534,0.9204944928172778,0.3,0.8,1.1689599454827828,0.9633399347921826,8.07,"[521.2000122070312, 492.6000061035156]"
turning_combined,1789045534.739406,25.282685534000002,1.2208405744274033,0.924232595687862,0.3,0.8,1.4202765004257571,1.0492428589137786,8.07,"[499.20001220703125, 512.4000244140625]"
turning_combined,1789045534.789291,25.332570086,1.2264413784484698,0.9279507311515032,0.3,0.8,1.6711497037603635,1.1075341288534328,48.42,"[499.20001220703125, 512.4000244140625]"
turning_combined,1789045534.8394046,25.382683936000003,1.2132554357541505,0.9316669788780179,0.3,0.8,1.9229611776701603,1.1550875332778878,83.39,"[472.0, 544.7999877929688]"
turning_combined,1789045534.889433,25.432712221000003,1.182343642693159,0.9353600240550697,0.3,0.8,2.1744294991843134,1.1873011298234863,104.91,"[472.0, 544.7999877929688]"
turning_combined,1789045534.9394102,25.482689418000003,1.1359281894566262,0.9390289630765725,0.3,0.8,2.42564756394097,1.2026409377023426,115.67,"[442.79998779296875, 574.5999755859375]"
turning_combined,1789045534.9894912,25.532770574,1.077050475519902,0.9426796307305407,0.3,0.8,2.6771743241050387,1.2026409377023426,0.0,"[442.79998779296875, 574.5999755859375]"
turning_combined,1789045535.0393722,25.582651393000003,1.009827050147638,0.9462982055428562,0.3,0.8,2.9282143233900797,1.1903690913992575,-2.69,"[453.20001220703125, 562.5999755859375]"
turning_combined,1789045535.0894275,25.632706772000002,0.938465602051284,0.949895885084376,0.3,0.8,3.179702821468908,1.1612234564294304,-10.76,"[453.20001220703125, 562.5999755859375]"
turning_combined,1789045535.1393669,25.682645937,0.8679375837955828,0.9534564680419811,0.3,0.8,3.430664753433149,1.1044661672776617,-10.76,"[462.79998779296875, 551.0]"
turning_combined,1789045535.1892602,25.732539237,0.8027132390750997,0.9569865673238183,0.3,0.8,3.681719083407245,1.0507768397016641,-51.11,"[462.79998779296875, 551.0]"
turning_combined,1789045535.2393367,25.782615912,0.7470055576302541,0.9604912174962239,0.3,0.8,3.9333924026385034,0.9894176081862386,-129.12,"[486.3999938964844, 524.4000244140625]"
turning_combined,1789045535.2895203,25.832799464,0.7046481905790871,0.9639658597052119,0.3,0.8,4.1855330400601645,0.9249904150950417,-40.35,"[486.3999938964844, 524.4000244140625]"
turning_combined,1789045535.3395293,25.882808653,0.6787023409994852,0.9673915090014207,0.3,0.8,4.436918106855728,0.8498253564886452,-2.69,"[530.2000122070312, 489.0]"
turning_combined,1789045535.3895493,25.932828296,0.6708637115284235,0.9707769642367174,0.3,0.8,4.6883402142853186,0.786932144185334,-16.14,"[530.2000122070312, 489.0]"
turning_combined,1789045535.439396,25.982675233000002,0.6817692655200249,0.9741078348850869,0.3,0.8,4.938873185648816,0.7393787397608791,-29.59,"[567.7999877929688, 483.0]"
turning_combined,1789045535.4894412,26.03272025,0.711031682337053,0.9774068611203164,0.3,0.8,5.190387771513031,0.6979612584879668,-2.69,"[567.7999877929688, 483.0]"
turning_combined,1789045535.5393949,26.082674213,0.7569218085173326,0.9806535502292164,0.3,0.8,5.441491698438654,0.6764855274575677,-2.69,"[591.4000244140625, 473.6000061035156]"
turning_combined,1789045535.5894778,26.132756861,0.8169119805609409,0.9838568746727803,0.3,0.8,5.693038529609851,0.684155431396996,2.69,"[591.4000244140625, 473.6000061035156]"
turning_combined,1789045535.6393871,26.182666592,0.8872222590553126,0.9870032867167263,0.3,0.8,5.944122476006214,0.6979612584879668,13.45,"[580.0, 470.79998779296875]"
turning_combined,1789045535.689424,26.232703155000003,0.9638614076063111,0.9901016230355342,0.3,0.8,6.1956060078553605,0.7240389318820226,75.32,"[580.0, 470.79998779296875]"
turning_combined,1789045535.739415,26.282694093,1.0420423323176562,0.9931427755857264,0.3,0.8,0.1637290623451193,0.765456413154935,61.87,"[568.4000244140625, 492.3999938964844]"
turning_combined,1789045535.789408,26.332687191,1.1170990473356524,0.9961271975430837,0.3,0.8,0.41505416744664814,0.8283496254582462,2.69,"[568.4000244140625, 492.3999938964844]"
turning_combined,1789045535.8393157,26.38259476,1.1844163636372147,0.9990490915237041,0.3,0.8,0.6660574427702173,0.9019807032767571,8.07,"[526.4000244140625, 499.6000061035156]"
turning_combined,1789045535.8894126,26.432691957000003,1.2401767812459565,1.0019175243623963,0.3,0.8,0.9176858347132466,0.9725438195194965,21.52,"[526.4000244140625, 499.6000061035156]"
turning_combined,1789045535.9394782,26.482757264,1.280839692283172,1.0047208813837625,0.3,0.8,1.169092193967181,1.0615147052168636,21.52,"[496.79998779296875, 507.20001220703125]"
turning_combined,1789045535.9894629,26.532742168000002,1.3040717059425995,1.0074587500297372,0.3,0.8,1.4203871799916286,1.1305438406717176,64.56,"[496.79998779296875, 507.20001220703125]"
turning_combined,1789045536.039549,26.582828268,1.3085963309480884,1.0101353953615448,0.3,0.8,1.6721334595706665,1.1857671490356005,110.28999999999999,"[458.20001220703125, 541.5999755859375]"
turning_combined,1789045536.089576,26.632855249000002,1.2942773421350315,1.0127397788602903,0.3,0.8,1.9234526735576551,1.23178657267217,126.42999999999999,"[458.20001220703125, 541.5999755859375]"
turning_combined,1789045536.1393723,26.682651508000003,1.262292103340873,1.0152691488831862,0.3,0.8,2.174198468973863,1.265534150005654,134.5,"[419.79998779296875, 575.4000244140625]"
turning_combined,1789045536.189442,26.732721001,1.2146166935722855,1.0177355006618853,0.3,0.8,2.4257272347306653,1.2793399770966247,131.81,"[419.79998779296875, 575.4000244140625]"
turning_combined,1789045536.2394242,26.782703269000002,1.1545321782443918,1.0201273129401767,0.3,0.8,2.677047484186609,1.2808739578845103,32.28,"[407.79998779296875, 584.5999755859375]"
turning_combined,1789045536.2894151,26.832694326000002,1.0859357306835264,1.022444934816983,0.3,0.8,2.9283440937861442,1.2670681307935396,-2.69,"[407.79998779296875, 584.5999755859375]"
turning_combined,1789045536.3394372,26.882716279,1.0132413140673808,1.0246881605929332,0.3,0.8,3.179758073287225,1.2287186110963986,-2.69,"[412.6000061035156, 574.4000244140625]"
turning_combined,1789045536.3894436,26.932722864000002,0.9412524637306902,1.0268525701061189,0.3,0.8,3.4309472253383504,1.1826991874598294,-16.14,"[412.6000061035156, 574.4000244140625]"
turning_combined,1789045536.439554,26.982833067,0.8744223665014561,1.0289432804119307,0.3,0.8,3.682681632210439,1.1274758790959463,-40.35,"[434.6000061035156, 566.7999877929688]"
turning_combined,1789045536.4895117,27.032791126000003,0.8173279954730623,1.030951284551825,0.3,0.8,3.9340456025830193,1.0661166475805206,-37.66,"[434.6000061035156, 566.7999877929688]"
turning_combined,1789045536.5394638,27.082743009,0.7736111049854244,1.0328767895100308,0.3,0.8,4.185188520443383,0.9986214929135524,-110.28999999999999,"[475.3999938964844, 537.4000244140625]"
turning_combined,1789045536.5895517,27.132830993000002,0.7460490221240951,1.0347232810916747,0.3,0.8,4.436735457172098,0.9295923574586985,-51.11,"[475.3999938964844, 537.4000244140625]"
turning_combined,1789045536.6393895,27.182668881,0.7365739580694871,1.0364814166282164,0.3,0.8,4.687550005715231,0.8559612796401878,-2.69,"[527.4000244140625, 502.0]"
turning_combined,1789045536.689409,27.232688462000002,0.7458265178422983,1.038159440405947,0.3,0.8,4.938956993287697,0.803805932852076,-21.52,"[527.4000244140625, 502.0]"
turning_combined,1789045536.7393749,27.282654276000002,0.7733387402769363,1.0397505506263047,0.3,0.8,5.190122259181557,0.7623884515791637,-21.52,"[575.0, 486.20001220703125]"
turning_combined,1789045536.789256,27.332535259,0.8174204410789664,1.0412536313137117,0.3,0.8,5.4409839567472105,0.7409127205487647,29.59,"[575.0, 486.20001220703125]"
turning_combined,1789045536.8393228,27.382602025,0.8756051560308844,1.042673526072673,0.3,0.8,5.69254307280233,0.7455146629124216,24.21,"[576.7999877929688, 476.3999938964844]"
turning_combined,1789045536.8894484,27.432727501000002,0.9442843640589582,1.044006211224288,0.3,0.8,5.944331645758332,0.760854470791278,21.52,"[576.7999877929688, 476.3999938964844]"
turning_combined,1789045536.939412,27.482691369,1.0190127483438136,1.0452471518142257,0.3,0.8,6.195625455570486,0.7853981633974483,64.56,"[555.4000244140625, 478.6000061035156]"
turning_combined,1789045536.9894643,27.532743511000003,1.0953695884220274,1.046399300221689,0.3,0.8,0.16396803450176378,0.8283496254582462,18.83,"[555.4000244140625, 478.6000061035156]"
turning_combined,1789045537.0395532,27.582832307,1.168628409138069,1.0474618113155818,0.3,0.8,0.41576366975805,0.8912428377615575,5.38,"[522.2000122070312, 494.0]"
turning_combined,1789045537.0893424,27.632621417000003,1.233771174114278,1.0484268607733953,0.3,0.8,0.6659601137164799,0.9710098387316108,5.38,"[522.2000122070312, 494.0]"
turning_combined,1789045537.13928,27.682559134,1.2874600593154766,1.0493040678603358,0.3,0.8,0.9171195789736686,1.0415729549743504,16.14,"[488.6000061035156, 511.20001220703125]"
turning_combined,1789045537.18921,27.732489178,1.3261235317167717,1.0500892631083052,0.3,0.8,1.1683720454264943,1.1106020904292042,43.04,"[488.6000061035156, 511.20001220703125]"
turning_combined,1789045537.2392445,27.782523651,1.3473637874869255,1.0507818024582607,0.3,0.8,1.419699774386217,1.1734953027325155,110.28999999999999,"[466.3999938964844, 548.7999877929688]"
turning_combined,1789045537.289427,27.832706322000003,1.349857030817938,1.0513824386727144,0.3,0.8,1.671682477662003,1.2287186110963986,131.81,"[466.3999938964844, 548.7999877929688]"
turning_combined,1789045537.3393903,27.882669448,1.33347272832974,1.0518876400494896,0.3,0.8,1.9229937295965698,1.2762720155208536,137.19,"[430.20001220703125, 584.5999755859375]"
turning_combined,1789045537.3894885,27.932767602000002,1.299222680018279,1.0522995071888623,0.3,0.8,2.174784363437354,1.3100195928543377,185.60999999999999,"[430.20001220703125, 584.5999755859375]"
turning_combined,1789045537.4394994,27.982778515000003,1.2494080652053448,1.0526162400275905,0.3,0.8,2.4261219745909415,1.3222914391574228,190.99,"[412.3999938964844, 596.0]"
turning_combined,1789045537.489279,28.032558364000003,1.1874052600542309,1.0528377547083607,0.3,0.8,2.6764409959549056,1.3238254199453083,190.99,"[412.3999938964844, 596.0]"
turning_combined,1789045537.539384,28.082663107000002,1.1165005499767244,1.05296584716683,0.3,0.8,2.9281943428607775,1.3054176504906807,-2.69,"[403.6000061035156, 594.2000122070312]"
turning_combined,1789045537.5892847,28.132564006000003,1.0417540415125077,1.0529989457751094,0.3,0.8,3.1790844504771343,1.2686021115814252,-2.69,"[403.6000061035156, 594.2000122070312]"
turning_combined,1789045537.639289,28.182568087000003,0.9674613783694682,1.0529373969660405,0.3,0.8,3.4305156861183406,1.2195147263690846,-2.69,"[414.79998779296875, 580.5999755859375]"
turning_combined,1789045537.6893518,28.232631033,0.8984074776956276,1.0527809354739848,0.3,0.8,3.6821082940644345,1.1612234564294304,-21.52,"[414.79998779296875, 580.5999755859375]"
turning_combined,1789045537.739419,28.28269819,0.8389843111033338,1.0525296991521458,0.3,0.8,3.9336758245613197,1.0967962633382335,-18.83,"[447.20001220703125, 559.0]"
turning_combined,1789045537.7893994,28.332678607000002,0.7929608321933967,1.0521843580921004,0.3,0.8,4.184909270555593,1.026233147095494,-80.7,"[447.20001220703125, 559.0]"
turning_combined,1789045537.8393784,28.382657462,0.7631156063409075,1.0517447798162582,0.3,0.8,4.436183833714509,0.9572040116406401,-99.53,"[477.79998779296875, 524.5999755859375]"
turning_combined,1789045537.8894334,28.432712567000003,0.7513019882824339,1.0512106918148834,0.3,0.8,4.6877176612054114,0.885106914610015,-2.69,"[477.79998779296875, 524.5999755859375]"
turning_combined,1789045537.9394264,28.482705659,0.7582593694549208,1.0505832677110096,0.3,0.8,4.939090865347126,0.8145437983672754,-2.69,"[540.7999877929688, 497.3999938964844]"
turning_combined,1789045537.9892714,28.532550741,0.7833905192924708,1.0498650233433648,0.3,0.8,5.189667527467961,0.782330201821677,-5.38,"[540.7999877929688, 497.3999938964844]"
turning_combined,1789045538.0393999,28.582678995000002,0.8253119106518425,1.0490504202730826,0.3,0.8,5.44145783458309,0.7593204900033924,34.97,"[563.5999755859375, 485.79998779296875]"
turning_combined,1789045538.089387,28.632666038000004,0.8811305580632325,1.04814507966189,0.3,0.8,5.692759164111422,0.7577865092155067,40.35,"[563.5999755859375, 485.79998779296875]"
turning_combined,1789045538.1392684,28.68254775,0.9472514717408248,1.0471495405666627,0.3,0.8,5.943708755899721,0.7715923363064775,10.76,"[570.2000122070312, 481.6000061035156]"
turning_combined,1789045538.189553,28.732832266000003,1.0200245417580078,1.0460557998578506,0.3,0.8,6.19630519066321,0.7961360289126478,40.35,"[570.2000122070312, 481.6000061035156]"
turning_combined,1789045538.2394147,28.782693899,1.0937841346015191,1.044880395675911,0.3,0.8,0.16374319197219478,0.8375535101855601,21.52,"[552.7999877929688, 488.79998779296875]"
turning_combined,1789045538.2895193,28.832798333000003,1.1647296319376264,1.0436094642398783,0.3,0.8,0.41559449625028577,0.8958447801252144,2.69,"[552.7999877929688, 488.79998779296875]"
turning_combined,1789045538.339275,28.882554164000002,1.2275645195975637,1.0422585392131682,0.3,0.8,0.6657976255179037,0.9725438195194965,2.69,"[512.5999755859375, 498.6000061035156]"
turning_combined,1789045538.389223,28.932502194,1.2789417956062907,1.0408147552335705,0.3,0.8,0.9169609008986797,1.0400389741864646,24.21,"[512.5999755859375, 498.6000061035156]"
turning_combined,1789045538.4394727,28.982752069000004,1.31541329223361,1.039277039448568,0.3,0.8,1.1692409194766569,1.1060001480655473,48.42,"[485.0, 524.2000122070312]"
turning_combined,1789045538.4894896,29.032768723,1.3342838204951157,1.037658227904922,0.3,0.8,1.4206685510827626,1.1688933603688585,94.14999999999999,"[485.0, 524.2000122070312]"
turning_combined,1789045538.539437,29.082716422,1.3344283745790955,1.035956535947205,0.3,0.8,1.6717735687693605,1.222582687944856,134.5,"[445.79998779296875, 564.4000244140625]"
turning_combined,1789045538.589506,29.132785090000002,1.315701775330095,1.0341666647636902,0.3,0.8,1.9234763435733484,1.265534150005654,126.42999999999999,"[445.79998779296875, 564.4000244140625]"
turning_combined,1789045538.6393955,29.182674768000002,1.2793077026686186,1.0323004537421232,0.3,0.8,2.1742907212138434,1.2977477465512524,147.95,"[418.6000061035156, 591.2000122070312]"
turning_combined,1789045538.689279,29.232558342,1.2273785450270283,1.0303530306613624,0.3,0.8,2.4250894763423716,1.3115535736422232,147.95,"[418.6000061035156, 591.2000122070312]"
turning_combined,1789045538.7392967,29.282575813,1.1629186794451554,1.028321851937801,0.3,0.8,2.676331633344766,1.3100195928543377,134.5,"[411.0, 597.4000244140625]"
turning_combined,1789045538.789302,29.332581457000003,1.0898022466966026,1.0262079994347424,0.3,0.8,2.927991250205501,1.2870098810360528,-2.69,"[411.0, 597.4000244140625]"
turning_combined,1789045538.8392425,29.382521676000003,1.012798401510808,1.0240217765959343,0.3,0.8,3.179012636182385,1.2517283229146832,-2.69,"[414.20001220703125, 592.2000122070312]"
turning_combined,1789045538.8894286,29.432707792000002,0.9360852634865644,1.0217489064284608,0.3,0.8,3.4311682074788834,1.201106956914457,-18.83,"[414.20001220703125, 592.2000122070312]"
turning_combined,1789045538.9394922,29.482771343000003,0.8649078262498565,1.0194073970562425,0.3,0.8,3.6825986338458208,1.141281706186917,-32.28,"[437.6000061035156, 573.2000122070312]"
turning_combined,1789045538.9894006,29.532679808,0.8034762400346256,1.016996890398166,0.3,0.8,3.9335584295270607,1.0722525707320631,-48.42,"[437.6000061035156, 573.2000122070312]"
turning_combined,1789045539.03952,29.582799334,0.7551916940057235,1.014504718838704,0.3,0.8,4.185502252452174,1.000155473701438,-126.42999999999999,"[474.6000061035156, 539.5999755859375]"
turning_combined,1789045539.0894303,29.632709568000003,0.7233198900228743,1.011954146178229,0.3,0.8,4.436245966877429,0.9111845880040709,-126.42999999999999,"[474.6000061035156, 539.5999755859375]"
turning_combined,1789045539.1392584,29.682537586000002,0.7094305642048822,1.009334333797281,0.3,0.8,4.687059741332114,0.8360195293976744,-16.14,"[544.0, 492.3999938964844]"
turning_combined,1789045539.1892037,29.732483046000002,0.7142603582382447,1.0066440696210825,0.3,0.8,4.938202106272165,0.7838641826095626,-26.9,"[544.0, 492.3999938964844]"
turning_combined,1789045539.239297,29.782576152,0.7374293644396119,1.0038831862003383,0.3,0.8,5.189817585012769,0.7470486437003072,-5.38,"[575.4000244140625, 479.0]"
turning_combined,1789045539.289463,29.832742263,0.7773772308914487,1.0010546884493043,0.3,0.8,5.441763267760727,0.7179030087304801,5.38,"[575.4000244140625, 479.0]"
turning_combined,1789045539.3394208,29.882700016,0.8311964412520728,0.9981732079241559,0.3,0.8,5.69291065422248,0.7133010663668231,34.97,"[590.2000122070312, 473.3999938964844]"
turning_combined,1789045539.389421,29.932700157000003,0.8954961762926594,0.9952289189814849,0.3,0.8,5.944293137372249,0.7255729126699083,10.76,"[590.2000122070312, 473.3999938964844]"
turning_combined,1789045539.439442,29.982721222000002,0.9660198240614319,0.9922258090284414,0.3,0.8,6.195720547810247,0.7501166052760785,37.66,"[572.7999877929688, 476.20001220703125]"
turning_combined,1789045539.4893882,30.032667438,1.0380368359693255,0.9891705452088689,0.3,0.8,0.16361667375289812,0.786932144185334,56.49,"[572.7999877929688, 476.20001220703125]"
turning_combined,1789045539.5394635,30.082742671000002,1.1070827309381783,0.9860539216210564,0.3,0.8,0.41526165833170126,0.8544272988523022,56.49,"[538.0, 492.79998779296875]"
turning_combined,1789045539.5894954,30.132774563,1.1683532101746577,0.9828903418356287,0.3,0.8,0.6664627836207728,0.9173205111556134,2.69,"[538.0, 492.79998779296875]"
turning_combined,1789045539.6394408,30.182719939000002,1.2179282884361595,0.9796766052191985,0.3,0.8,0.9176442902920314,0.9817477042468103,18.83,"[506.3999938964844, 507.3999938964844]"
turning_combined,1789045539.689416,30.232695165000003,1.2525196859181493,0.9764122814513692,0.3,0.8,1.1689949604179617,1.047708878125893,10.76,"[506.3999938964844, 507.3999938964844]"
turning_combined,1789045539.739513,30.282792145000002,1.269718314305877,0.9730992167035827,0.3,0.8,1.4205238669181313,1.1106020904292042,37.66,"[481.20001220703125, 535.5999755859375]"
turning_combined,1789045539.7894292,30.332708329000003,1.2682183353254342,0.9697458449377457,0.3,0.8,1.6717520149305471,1.167359379580973,96.84,"[481.20001220703125, 535.5999755859375]"
turning_combined,1789045539.8394587,30.382737959000004,1.2479219677582605,0.9663486214393447,0.3,0.8,1.9231071737640377,1.2087768608538851,110.28999999999999,"[451.20001220703125, 564.4000244140625]"
turning_combined,1789045539.889289,30.432568043000003,1.2100002335087496,0.9629196607700435,0.3,0.8,2.17385992089649,1.2425244381873692,110.28999999999999,"[451.20001220703125, 564.4000244140625]"
turning_combined,1789045539.9392908,30.482569929,1.1564706458708536,0.959446326669821,0.3,0.8,2.4250947592446437,1.2517283229146832,118.36,"[429.20001220703125, 577.2000122070312]"
turning_combined,1789045539.9893095,30.53258886,1.0904184764755982,0.9559315833576912,0.3,0.8,2.6767416237524913,1.248660361338912,-2.69,"[429.20001220703125, 577.2000122070312]"
turning_combined,1789045540.0392425,30.582521874,1.0160784629858874,0.9523933390062103,0.3,0.8,2.9276812730283552,1.2256506495206272,-2.69,"[420.20001220703125, 569.5999755859375]"
turning_combined,1789045540.089403,30.632682229,0.9374070660963123,0.948809850219251,0.3,0.8,3.17961109199004,1.184233168247715,-10.76,"[420.20001220703125, 569.5999755859375]"
turning_combined,1789045540.1393342,30.682613527,0.8596808555281058,0.9452094152150678,0.3,0.8,3.4306984011471684,1.1351457830353744,-16.14,"[435.79998779296875, 555.5999755859375]"
turning_combined,1789045540.1894076,30.732686755000003,0.7871665381193533,0.9415756836397264,0.3,0.8,3.6822470368491906,1.0707185899441776,-48.42,"[435.79998779296875, 555.5999755859375]"
turning_combined,1789045540.239403,30.782682261,0.7243923007075735,0.9379204833750163,0.3,0.8,3.9335941733116897,1.000155473701438,-131.81,"[465.6000061035156, 530.7999877929688]"
turning_combined,1789045540.2892241,30.832503257000003,0.6751247930251081,0.9342529532788585,0.3,0.8,4.184278081865898,0.9081166264282996,-131.81,"[465.6000061035156, 530.7999877929688]"
turning_combined,1789045540.339279,30.882558111,0.6419622478691703,0.9305544299573506,0.3,0.8,4.4357320425317255,0.8252816638824749,-18.83,"[528.7999877929688, 493.79998779296875]"
turning_combined,1789045540.3892503,30.932529321,0.6269378437399373,0.926841186337025,0.3,0.8,4.687003604841351,0.7639224323670493,-26.9,"[528.7999877929688, 493.79998779296875]"
turning_combined,1789045540.4393826,30.982661813000004,0.6307646417827559,0.9231042252750321,0.3,0.8,4.938858131136868,0.7133010663668231,-32.28,"[582.0, 479.20001220703125]"
turning_combined,1789045540.4894257,31.032704877,0.6529692354795207,0.9193611671676416,0.3,0.8,5.190266360266747,0.6657476619423682,-2.69,"[582.0, 479.20001220703125]"
turning_combined,1789045540.5393498,31.082629164000004,0.6918505681746641,0.9156127810356574,0.3,0.8,5.441339223124231,0.6366020269725411,-8.07,"[621.4000244140625, 475.0]"
turning_combined,1789045540.5895057,31.132784924000003,0.7449777184576357,0.9118422362461683,0.3,0.8,5.693360957547156,0.6289321230331129,0.0,"[621.4000244140625, 475.0]"
turning_combined,1789045540.6394882,31.182767212,0.8084429417231117,0.9080771912445486,0.3,0.8,5.944641225838353,0.6366020269725411,2.69,"[604.7999877929688, 450.79998779296875]"
turning_combined,1789045540.6893587,31.232638042,0.8780427871490394,0.9043152933942892,0.3,0.8,6.195497957174354,0.6657476619423682,2.69,"[604.7999877929688, 450.79998779296875]"
turning_combined,1789045540.73928,31.282559094000003,0.949286297131974,0.9005525764793971,0.3,0.8,0.16316880830425617,0.7071651432152806,43.04,"[604.2000122070312, 462.79998779296875]"
turning_combined,1789045540.7892268,31.332506182000003,1.0175818500417635,0.8967855575768602,0.3,0.8,0.4144147704036598,0.760854470791278,24.21,"[604.2000122070312, 462.79998779296875]"
turning_combined,1789045540.839282,31.382561227000004,1.0783375648244065,0.8930196557089154,0.3,0.8,0.6658481875667874,0.8237476830945893,2.69,"[555.7999877929688, 484.6000061035156]"
turning_combined,1789045540.889414,31.432693317000002,1.1275361843312204,0.8892519807833792,0.3,0.8,0.9178226925423942,0.8912428377615575,8.07,"[555.7999877929688, 484.6000061035156]"
turning_combined,1789045540.9395154,31.482794397000003,1.161661431952286,0.8854978478800452,0.3,0.8,1.1694740759171012,0.9572040116406401,5.38,"[507.79998779296875, 497.3999938964844]"
turning_combined,1789045540.9893847,31.532663837,1.1783744914421848,0.8817678435629825,0.3,0.8,1.420246919189431,1.0231651855197226,2.69,"[507.79998779296875, 497.3999938964844]"
turning_combined,1789045541.0393975,31.58267667,1.176517635365653,0.8780419324580767,0.3,0.8,1.6716457084617176,1.081456455459377,18.83,"[479.0, 520.7999877929688]"
turning_combined,1789045541.0892248,31.632503916,1.155991668927823,0.8743417704555665,0.3,0.8,1.9223669391366585,1.1320778214596032,18.83,"[479.0, 520.7999877929688]"
turning_combined,1789045541.1392307,31.682509932000002,1.1177757775334882,0.8706520353166867,0.3,0.8,2.1736061606348827,1.1566215140657734,56.49,"[462.20001220703125, 549.5999755859375]"
turning_combined,1789045541.1894314,31.732710739,1.0638250311455106,0.8669683031745817,0.3,0.8,2.4258353105446204,1.1642914180052018,5.38,"[462.20001220703125, 549.5999755859375]"
turning_combined,1789045541.239353,31.782632160000002,0.9978104772268952,0.8633264727776881,0.3,0.8,2.6767523956454014,1.158155494853659,-2.69,"[453.3999938964844, 557.5999755859375]"
turning_combined,1789045541.2893562,31.832635423000003,0.9232772797758638,0.8597039723972433,0.3,0.8,2.9280626724296113,1.1366797638232602,-16.14,"[453.3999938964844, 557.5999755859375]"
turning_combined,1789045541.339514,31.882793220000003,0.8445854496441063,0.8561001048623396,0.3,0.8,3.1799842679583676,1.0967962633382335,-29.59,"[457.20001220703125, 553.0]"
turning_combined,1789045541.3896544,31.93293371,0.7665804460423153,0.8525227286578625,0.3,0.8,3.4321374968834064,1.0446409165501216,-64.56,"[457.20001220703125, 553.0]"
turning_combined,1789045541.4393861,31.982665317000002,0.6946023597604114,0.8490063259457655,0.3,0.8,3.68222690049695,0.9817477042468103,-139.88,"[482.20001220703125, 518.2000122070312]"
turning_combined,1789045541.489239,32.032518185,0.6321043053698837,0.8455137889193406,0.3,0.8,3.9330310491117544,0.8927768185494431,-139.88,"[482.20001220703125, 518.2000122070312]"
turning_combined,1789045541.5392277,32.082507062000005,0.5829302917708741,0.8420519313641427,0.3,0.8,4.18423494905543,0.8084078752157329,-8.07,"[535.7999877929688, 485.0]"
turning_combined,1789045541.5892842,32.132563356,0.5500262272266132,0.8386236870516759,0.3,0.8,4.435796457747507,0.7439806821245359,-43.04,"[535.7999877929688, 485.0]"
turning_combined,1789045541.6395218,32.182801247,0.5353153497943165,0.8352266455609875,0.3,0.8,4.688070454520677,0.679553489033339,-48.42,"[593.4000244140625, 462.6000061035156]"
turning_combined,1789045541.6893504,32.232629383,0.5395434948604769,0.8318946296448935,0.3,0.8,4.9386865850983455,0.6227961998815703,-29.59,"[593.4000244140625, 462.6000061035156]"
turning_combined,1789045541.739411,32.282690287,0.5622071302953564,0.8285942676163611,0.3,0.8,5.190301108794792,0.5798447378207724,-64.56,"[615.4000244140625, 429.0]"
turning_combined,1789045541.7895393,32.332818700000004,0.6017379595200552,0.8253379959313996,0.3,0.8,5.4421504426659695,0.5568350260024878,-102.22,"[615.4000244140625, 429.0]"
turning_combined,1789045541.8394141,32.382693339,0.6551560767942801,0.8221453762519266,0.3,0.8,5.6928603686338946,0.5460971604872883,-61.87,"[621.7999877929688, 388.6000061035156]"
turning_combined,1789045541.889269,32.4325482,0.7190962777715195,0.8190021997323261,0.3,0.8,5.943680994273855,0.5553010452146021,-61.87,"[621.7999877929688, 388.6000061035156]"
turning_combined,1789045541.9392912,32.482570501000005,0.789538926092716,0.8159034570762358,0.3,0.8,6.195190020775705,0.581378718608658,2.69,"[611.5999755859375, 395.0]"
turning_combined,1789045541.989257,32.532536389,0.8615798148820061,0.8128646949998621,0.3,0.8,0.16310597142462768,0.619728238305799,5.38,"[611.5999755859375, 395.0]"
turning_combined,1789045542.0393806,32.582659763,0.9308165219951255,0.8098740612641031,0.3,0.8,0.414947117048726,0.6672816427302539,56.49,"[609.0, 438.3999938964844]"
turning_combined,1789045542.089413,32.632692218,0.9923769624462074,0.8069478895342936,0.3,0.8,0.6663194717037726,0.7286408742456796,59.18,"[609.0, 438.3999938964844]"
turning_combined,1789045542.1393425,32.682621774000005,1.0422926006866207,0.8040857145146979,0.3,0.8,0.9173986076934426,0.7992039904884191,2.69,"[570.4000244140625, 489.20001220703125]"
turning_combined,1789045542.1894147,32.732694044,1.0773943861308228,0.8012794861690997,0.3,0.8,1.169058852872709,0.8743690490948155,2.69,"[570.4000244140625, 489.20001220703125]"
turning_combined,1789045542.2394445,32.782723773,1.095155534724418,0.7985408314809495,0.3,0.8,1.420426055315815,0.9357282806102412,2.69,"[526.7999877929688, 505.3999938964844]"
turning_combined,1789045542.2892914,32.832570497,1.0943649756246931,0.7958747766017961,0.3,0.8,1.6711646175291008,1.004757416065095,2.69,"[526.7999877929688, 505.3999938964844]"
turning_combined,1789045542.3393438,32.882622950000005,1.0748965217795026,0.7932691001625067,0.3,0.8,1.9225844378792232,1.0492428589137786,2.69,"[516.4000244140625, 512.7999877929688]"
turning_combined,1789045542.3892896,32.932568857,1.0378301406225336,0.790735066828794,0.3,0.8,2.1737746907444233,1.0768545130957201,10.76,"[516.4000244140625, 512.7999877929688]"
turning_combined,1789045542.439388,32.982667236000005,0.985192358840406,0.7882664099532903,0.3,0.8,2.425529495349295,1.086058397823034,-2.69,"[491.6000061035156, 525.4000244140625]"
turning_combined,1789045542.4894228,33.032701805,0.9202846137387239,0.7858729254474083,0.3,0.8,2.677022044825989,1.0799224746714913,-2.69,"[491.6000061035156, 525.4000244140625]"
turning_combined,1789045542.539386,33.082665148000004,0.8470771545968812,0.7835560045435666,0.3,0.8,2.928240566998525,1.0584467436410925,-16.14,"[487.79998779296875, 518.7999877929688]"
turning_combined,1789045542.5894318,33.132710808,0.7698733432073745,0.7813120767602835,0.3,0.8,3.1797310103515173,1.0185632431560658,-69.94,"[487.79998779296875, 518.7999877929688]"
turning_combined,1789045542.639413,33.182692375,0.6935364952926469,0.7791471203275944,0.3,0.8,3.4309838085565474,0.9694758579437253,-131.81,"[489.6000061035156, 496.79998779296875]"
turning_combined,1789045542.6894066,33.232685802,0.6226365857589096,0.7770598144615553,0.3,0.8,3.6823017910392224,0.8881748761857863,-131.81,"[489.6000061035156, 496.79998779296875]"
turning_combined,1789045542.739339,33.282618441000004,0.5615711801288114,0.7750539370975864,0.3,0.8,3.933378629896353,0.8130098175793898,-18.83,"[530.4000244140625, 481.20001220703125]"
turning_combined,1789045542.7892702,33.33254946,0.5139887709422397,0.7731294232858177,0.3,0.8,4.184360723345591,0.7439806821245359,-37.66,"[530.4000244140625, 481.20001220703125]"
turning_combined,1789045542.8393276,33.382606883,0.4826703150258145,0.7712821938692291,0.3,0.8,4.435972517626325,0.6749515466696822,-43.04,"[590.0, 458.6000061035156]"
turning_combined,1789045542.889368,33.432647439,0.4696117605457511,0.7695188875787597,0.3,0.8,4.687505550922609,0.6089903727905995,-48.42,"[590.0, 458.6000061035156]"
turning_combined,1789045542.9393904,33.482669455,0.4755092576248615,0.7678403864515726,0.3,0.8,4.93898360886071,0.5553010452146021,-118.36,"[619.5999755859375, 419.79998779296875]"
turning_combined,1789045542.9893224,33.532601607000004,0.4998033837542689,0.7662510522539978,0.3,0.8,5.1898622207612135,0.5138835639416898,-121.05,"[619.5999755859375, 419.79998779296875]"
turning_combined,1789045543.0392826,33.582561769,0.5409209155155079,0.764746136539123,0.3,0.8,5.441023852460702,0.48933987133551954,-91.46,"[634.4000244140625, 359.6000061035156]"
turning_combined,1789045543.089426,33.63270535,0.5963923573983585,0.7633234617727438,0.3,0.8,5.693093851799873,0.48627190975974827,-91.46,"[634.4000244140625, 359.6000061035156]"
turning_combined,1789045543.1393778,33.682656934,0.6622602641605091,0.7619940038086581,0.3,0.8,5.9442896137619385,0.4954757944870621,2.69,"[629.7999877929688, 345.79998779296875]"
turning_combined,1789045543.1893172,33.732596562000005,0.7343635740794573,0.7607553550941675,0.3,0.8,6.195098834163915,0.521553467881118,2.69,"[629.7999877929688, 345.79998779296875]"
turning_combined,1789045543.2392373,33.782516550000004,0.8082947914701593,0.7596048687147527,0.3,0.8,0.16302085185656523,0.5599029875782591,2.69,"[620.4000244140625, 366.79998779296875]"
turning_combined,1789045543.289284,33.832563276,0.8793897856605616,0.7585428927713443,0.3,0.8,0.4145990436622853,0.6105243535784852,13.45,"[620.4000244140625, 366.79998779296875]"
turning_combined,1789045543.3394423,33.882721595,0.9430030770357882,0.7575717838521546,0.3,0.8,0.6663288864285661,0.6703496043060252,80.7,"[605.4000244140625, 440.6000061035156]"
turning_combined,1789045543.3894627,33.932741741,0.9950219530981628,0.7566927895770608,0.3,0.8,0.9180694055833314,0.7409127205487647,18.83,"[605.4000244140625, 440.6000061035156]"
turning_combined,1789045543.4394953,33.982774429,1.0320461451876521,0.7559081384128471,0.3,0.8,1.1692558784842433,0.8206797215188181,2.69,"[558.2000122070312, 498.20001220703125]"
turning_combined,1789045543.4893658,34.032644966,1.0518256979870213,0.7552166547460769,0.3,0.8,1.420300165414936,0.9019807032767571,2.69,"[558.2000122070312, 498.20001220703125]"
turning_combined,1789045543.5393677,34.082647045,1.0530920659845724,0.7546175553972028,0.3,0.8,1.67168517691848,0.9526020692769832,2.69,"[515.0, 505.3999938964844]"
turning_combined,1789045543.5892978,34.132577098,1.0357424431737496,0.7541131395766716,0.3,0.8,1.92256623172144,1.000155473701438,2.69,"[515.0, 505.3999938964844]"
turning_combined,1789045543.6395838,34.182862988000004,0.9412837216896526,0.753700679917317,0.22788422597333333,0.8,2.1746551509882224,1.0323690702470365,2.69,"[496.3999938964844, 527.0]"
turning_combined,1789045543.6893678,34.232646789,0.9031946236853654,0.7533844210176166,0.22821692692666667,0.8,2.4255057599884466,1.0446409165501216,-32.28,"[496.3999938964844, 527.0]"
turning_combined,1789045543.739423,34.282702222000005,0.855552716227374,0.7531618107780287,0.2285505669266667,0.8,2.6770643934949234,1.0369710126106935,-37.66,"[500.0, 515.4000244140625]"
turning_combined,1789045543.789386,34.332665268,0.8014974838394526,0.7530341382680753,0.22888369872666667,0.8,2.928239853228625,1.000155473701438,-80.7,"[500.0, 515.4000244140625]"
turning_combined,1789045543.8393686,34.382647823,0.7443200494391895,0.7530010762604654,0.22921690870000003,0.8,3.179474254267056,0.9495341077012119,-86.08,"[504.20001220703125, 497.6000061035156]"
turning_combined,1789045543.889342,34.432621343,0.6876130919754352,0.75306269397755,0.22955014099333335,0.8,3.4307254841890185,0.8835729338221293,-86.08,"[504.20001220703125, 497.6000061035156]"
turning_combined,1789045543.9395163,34.482795592,0.6347478744512962,0.7532197981484757,0.22988474746666668,0.8,3.6830128214212365,0.8283496254582462,-21.52,"[536.5999755859375, 478.3999938964844]"
turning_combined,1789045543.9893067,34.532585991000005,0.5896808132278264,0.753469689217209,0.2302165159066667,0.8,3.9331603319324913,0.7761942786701345,-43.04,"[536.5999755859375, 478.3999938964844]"
turning_combined,1789045544.039414,34.58269296,0.5545984192512796,0.7538156904114024,0.23055044948666667,0.8,4.18494031954409,0.722504951094137,-13.45,"[582.4000244140625, 463.3999938964844]"
turning_combined,1789045544.0894291,34.632708407,0.532117119902427,0.7542553929052336,0.23088378984000002,0.8,4.436273024786566,0.6688156235181395,-40.35,"[582.4000244140625, 463.3999938964844]"
turning_combined,1789045544.1393359,34.682615082000005,0.5236442930464633,0.7547883878778473,0.23121675017333337,0.8,4.6873192016994025,0.6227961998815703,-48.42,"[605.2000122070312, 444.79998779296875]"
turning_combined,1789045544.1893766,34.732655849000004,0.5297780590611617,0.755416095173701,0.2315503576,0.8,4.938853275491162,0.5829126993965437,-83.39,"[605.2000122070312, 444.79998779296875]"
turning_combined,1789045544.2394357,34.782714818,0.5502331738029349,0.756136886781468,0.23188384064,0.8,5.190293563945765,0.5537670644267164,-94.14999999999999,"[611.5999755859375, 403.20001220703125]"
turning_combined,1789045544.2893271,34.83260639,0.583735835035526,0.7569489814139592,0.2322167255266667,0.8,5.441282855412105,0.5368932757599744,-94.14999999999999,"[611.5999755859375, 403.20001220703125]"
turning_combined,1789045544.3392658,34.882545085000004,0.6283066079396412,0.7578532982742323,0.2325496879666667,0.8,5.692330620714181,0.5368932757599744,-32.28,"[616.7999877929688, 378.79998779296875]"
turning_combined,1789045544.389299,34.932577965,0.6813030147334009,0.7588504803271181,0.23288309525333337,0.8,5.94371379250105,0.5445631796994026,2.69,"[616.7999877929688, 378.79998779296875]"
turning_combined,1789045544.4392958,34.982575093,0.7394342202309536,0.7599389901168561,0.23321657295333334,0.8,6.195150054690508,0.5645049299419159,2.69,"[610.2000122070312, 392.79998779296875]"
turning_combined,1789045544.4894693,35.032748455000004,0.7992327013473686,0.7611204612479372,0.23355073794000003,0.8,0.16391921163867096,0.5967185264875144,5.38,"[610.2000122070312, 392.79998779296875]"
turning_combined,1789045544.5394254,35.082704589,0.8567173629804824,0.7623881519498159,0.2338839274,0.8,0.415138145988152,0.6366020269725411,34.97,"[610.2000122070312, 436.0]"
turning_combined,1789045544.5895336,35.132812668,0.9086023438175068,0.7637469785044362,0.23421768757333333,0.8,0.666787388053308,0.6856894121848816,61.87,"[610.2000122070312, 436.0]"
turning_combined,1789045544.6392946,35.182573722,0.9514041610355405,0.7651869731605117,0.23454987757333337,0.8,0.9172527473163541,0.7439806821245359,5.38,"[590.5999755859375, 475.79998779296875]"
turning_combined,1789045544.6895146,35.232793803,0.9829281614629786,0.7667232864151443,0.23488415622,0.8,1.169292909065149,0.8176117599430467,5.38,"[590.5999755859375, 475.79998779296875]"
turning_combined,1789045544.7392902,35.282569559,0.9660573743048136,0.7683354930639458,0.2,0.8,1.4197183072696475,0.8697671067311585,2.69,"[551.2000122070312, 490.79998779296875]"
turning_combined,1789045544.7893782,35.332657386,0.9690286421405351,0.7700413827662819,0.2,0.8,1.6714738558036686,0.9157865303677277,2.69,"[551.2000122070312, 490.79998779296875]"
turning_combined,1789045544.8394005,35.38267972,0.959554705573709,0.7718296477958622,0.2,0.8,1.9229695870854187,0.9526020692769832,2.69,"[514.2000122070312, 498.6000061035156]"
turning_combined,1789045544.8893352,35.432614341000004,0.9383973986810962,0.7736976538164257,0.2,0.8,2.174041826650921,0.9694758579437253,-10.76,"[514.2000122070312, 498.6000061035156]"
turning_combined,1789045544.9393988,35.482678001000004,0.9069222045463631,0.7756511341995163,0.2,0.8,2.4256149617490905,0.9694758579437253,-18.83,"[502.3999938964844, 502.79998779296875]"
turning_combined,1789045544.9894056,35.532684768,0.867305999075507,0.7776831448647834,0.2,0.8,2.676937804903929,0.961805954004297,-10.76,"[502.3999938964844, 502.79998779296875]"
turning_combined,1789045545.0393581,35.582637194,0.8221683989844486,0.7797929053977247,0.2,0.8,2.928097008780611,0.9480001269133262,-40.35,"[501.0, 489.20001220703125]"
turning_combined,1789045545.0893915,35.632670698000005,0.7743893264456241,0.7819831719750473,0.2,0.8,3.1795710102942962,0.9203884727313847,-40.35,"[501.0, 489.20001220703125]"
turning_combined,1789045545.1391637,35.682442919,0.7273699742896945,0.7842396492470103,0.2,0.8,3.429919331407973,0.8866408953979006,-29.59,"[503.6000061035156, 484.6000061035156]"
turning_combined,1789045545.1892865,35.732565698,0.6837172124739938,0.786585344159525,0.2,0.8,3.68183129104375,0.8482913757007595,-34.97,"[503.6000061035156, 484.6000061035156]"
turning_combined,1789045545.2392995,35.782578734000005,0.6467100839158675,0.7889990783134261,0.2,0.8,3.9331449205356535,0.8053399136399616,-32.28,"[538.0, 477.79998779296875]"
turning_combined,1789045545.289422,35.832701212,0.6186713594383673,0.7914895851037648,0.2,0.8,4.1849345189074825,0.760854470791278,-21.52,"[538.0, 477.79998779296875]"
turning_combined,1789045545.3393795,35.882658827,0.6016253058263039,0.7940453201062817,0.2,0.8,4.436194198457059,0.7163690279425944,-24.21,"[574.7999877929688, 466.6000061035156]"
turning_combined,1789045545.389409,35.932688366,0.5967327381469957,0.7966712123734482,0.2,0.8,4.6875839550221485,0.6749515466696822,-18.83,"[574.7999877929688, 466.6000061035156]"
turning_combined,1789045545.4393063,35.982585523000004,0.6044512339483983,0.7993593941582248,0.2,0.8,4.938521538386681,0.6381360077604268,-8.07,"[603.5999755859375, 455.3999938964844]"
turning_combined,1789045545.4895625,36.032841774000005,0.6245791441209331,0.802127390149817,0.2,0.8,5.190770306914203,0.6105243535784852,-8.07,"[603.5999755859375, 455.3999938964844]"
turning_combined,1789045545.5393183,36.082597668000005,0.6557660311324567,0.8049405249829013,0.2,0.8,5.441341585601862,0.607456392002714,-40.35,"[610.7999877929688, 432.79998779296875]"
turning_combined,1789045545.5892594,36.132538616000005,0.6964075098449879,0.8078201746757782,0.2,0.8,5.6923398796160996,0.6089903727905995,13.45,"[610.7999877929688, 432.79998779296875]"
turning_combined,1789045545.6392958,36.182574969,0.7441889999454995,0.8107655578307824,0.2,0.8,5.943826231358827,0.6166602767300278,2.69,"[599.4000244140625, 428.20001220703125]"
turning_combined,1789045545.68953,36.232809212,0.7963995754361374,0.8137796716470471,0.2,0.8,6.19617507846192,0.6350680461846554,2.69,"[599.4000244140625, 428.20001220703125]"
turning_combined,1789045545.7394242,36.282703226,0.849433312200225,0.8168309971265704,0.2,0.8,0.16374229222009973,0.662679700366597,24.21,"[591.5999755859375, 441.6000061035156]"
turning_combined,1789045545.789552,36.332831082000006,0.9007204370388289,0.8199517326916439,0.2,0.8,0.415714329160501,0.701029220063738,48.42,"[591.5999755859375, 441.6000061035156]"
turning_combined,1789045545.8395257,36.38280507,0.9468343623191162,0.8231158459013784,0.2,0.8,0.6669501728182823,0.7485826244881929,8.07,"[567.7999877929688, 467.3999938964844]"
turning_combined,1789045545.8895442,36.432823467000006,0.9778374342194757,0.8263266897744456,0.2,0.6140106415059956,0.8595574036345752,0.8114758367915041,8.07,"[567.7999877929688, 467.3999938964844]"
turning_combined,1789045545.9392369,36.482516315000005,1.0032021108459208,0.8295784881334326,0.2,0.6129359779782023,1.0513982649653784,0.863631183579616,2.69,"[530.2000122070312, 485.79998779296875]"
turning_combined,1789045545.989272,36.532551277,1.0222857260414226,0.83289010045522,0.2,0.6118568527108981,1.2436964483104944,0.9111845880040709,2.69,"[530.2000122070312, 485.79998779296875]"
turning_combined,1789045546.0396547,36.582934065,1.0344568432659382,0.8362596341596135,0.2,0.6107733812964314,1.4364272156882762,0.9510680884890975,2.69,"[501.79998779296875, 500.3999938964844]"
turning_combined,1789045546.0892992,36.632578654,1.0393251489363935,0.839643867410013,0.2,0.6096986944905224,1.627258983554249,0.9817477042468103,2.69,"[501.79998779296875, 500.3999938964844]"
turning_combined,1789045546.139711,36.682989924000005,1.0369473466601968,0.8430985856177252,0.2,0.6086144057747274,1.8194533516904485,1.004757416065095,5.38,"[498.3999938964844, 504.3999938964844]"
turning_combined,1789045546.1893024,36.732581472,1.0276288107260008,0.8465557470125078,0.2,0.6075411681663536,2.0093534048111863,1.021631204731837,8.07,"[498.3999938964844, 504.3999938964844]"
turning_combined,1789045546.2392814,36.782560742,1.0117854895983556,0.8500649111372252,0.2,0.6064628201810038,2.199819028846555,1.033903051034922,0.0,"[496.0, 511.20001220703125]"
turning_combined,1789045546.2893927,36.832672096,0.9901291128971196,0.853614394144556,0.2,0.6053823797540999,2.3903142536615363,1.033903051034922,0.0,"[496.0, 511.20001220703125]"
turning_combined,1789045546.3392987,36.882577862000005,0.9637057287251848,0.8571847068130874,0.2,0.6043050838360235,2.579917056746474,1.026233147095494,-10.76,"[489.79998779296875, 504.3999938964844]"
turning_combined,1789045546.3896236,36.932902936000005,0.9333880643289187,0.86080312309994,0.2,0.6032220508440463,2.7701879630822717,1.0139613007924089,-5.38,"[489.79998779296875, 504.3999938964844]"
turning_combined,1789045546.4393673,36.982646434,0.9007859321941504,0.8644221594228031,0.2,0.6021467893124646,2.9587568229974934,1.000155473701438,-29.59,"[489.3999938964844, 495.3999938964844]"
turning_combined,1789045546.4894686,37.032747649,0.8668251604011548,0.8680827518019094,0.2,0.6010664248468629,3.147880652030274,0.9802137234589247,-53.8,"[489.3999938964844, 495.3999938964844]"
turning_combined,1789045546.539328,37.082607257,0.8331093114051643,0.8717529822144157,0.2,0.6000102871766815,3.3360339134636448,0.9526020692769832,-34.97,"[494.20001220703125, 484.20001220703125]"
turning_combined,1789045546.5893846,37.132663689000005,0.8006335944385365,0.8754524297285601,0.2,0.6010897799534389,3.525012491187688,0.9219224535192704,-37.66,"[494.20001220703125, 484.20001220703125]"
turning_combined,1789045546.639327,37.182606186,0.770830267106421,0.8791629582550942,0.2,0.6021674339963716,3.714007405857906,0.8897088569736719,-26.9,"[506.79998779296875, 470.3999938964844]"
turning_combined,1789045546.6893198,37.232599025,0.7448341962389999,0.8828911658329192,0.2,0.6032458537577092,3.9034753202382504,0.8498253564886452,-26.9,"[506.79998779296875, 470.3999938964844]"
turning_combined,1789045546.7392898,37.282568982,0.723758408426986,0.8866308955237416,0.2,0.604323935954009,4.093222426591446,0.8160777791551611,-10.76,"[527.2000122070312, 473.20001220703125]"
turning_combined,1789045546.7905858,37.333864945,0.7082068341313074,0.8904761423542972,0.2,0.6054293510591352,4.2881361231052395,0.7838641826095626,-2.69,"[527.2000122070312, 473.20001220703125]"
turning_combined,1789045546.8393357,37.382615046000005,0.6997990463252989,0.894145159555061,0.2,0.6064818741001884,4.474046199371976,0.7577865092155067,-2.69,"[549.7999877929688, 470.0]"
turning_combined,1789045546.8893802,37.432659321,0.6981386873355653,0.8979156581726655,0.2,0.6075619266519847,4.665158627124988,0.7363107781851077,-5.38,"[549.7999877929688, 470.0]"
turning_combined,1789045546.9394286,37.482707778000005,0.7037594664917103,0.9016868151868946,0.2,0.6086412463638267,4.856480657241441,0.7179030087304801,-5.38,"[568.4000244140625, 455.20001220703125]"
turning_combined,1789045546.9894693,37.532748601,0.7164184715804517,0.9054570762189746,0.2,0.6,5.045000042295506,0.705631162427395,-5.38,"[568.4000244140625, 455.20001220703125]"
turning_combined,1789045547.0393496,37.582628894,0.7357358187491602,0.909219334953248,0.2,0.6,5.233196651323887,0.6994952392758523,0.0,"[579.4000244140625, 452.20001220703125]"
turning_combined,1789045547.0894177,37.632696695,0.7612532984697854,0.9129880043131915,0.2,0.6,5.4219107296711755,0.6994952392758523,0.0,"[579.4000244140625, 452.20001220703125]"
turning_combined,1789045547.1391852,37.682464452000005,0.7919826745585763,0.9167312038677761,0.2,0.6,5.609663439197426,0.705631162427395,10.76,"[572.4000244140625, 452.6000061035156]"
turning_combined,1789045547.1892705,37.732549519,0.8272947826992536,0.9204866662521155,0.2,0.6,5.7984666797141315,0.7209709703062513,21.52,"[572.4000244140625, 452.6000061035156]"
turning_combined,1789045547.2392755,37.782554527,0.8658471699873451,0.9242253486596093,0.2,0.6,5.986982076202175,0.7409127205487647,18.83,"[562.5999755859375, 459.6000061035156]"
turning_combined,1789045547.2893944,37.832673481,0.9065275585981658,0.9279571996865021,0.2,0.6,6.175831011812342,0.765456413154935,34.97,"[562.5999755859375, 459.6000061035156]"
turning_combined,1789045547.3392787,37.882557925,0.9478113302197593,0.9316604265825136,0.2,0.6,0.08084254739561914,0.7961360289126478,18.83,"[542.7999877929688, 465.79998779296875]"
turning_combined,1789045547.389414,37.932693265000005,0.9886450912012053,0.9353583368399582,0.2,0.6,0.26969115879340677,0.8314175870340175,10.76,"[542.7999877929688, 465.79998779296875]"
turning_combined,1789045547.439398,37.982677121,1.027483206864125,0.939027882996723,0.2,0.6,0.45813546983616504,0.8728350683069298,2.69,"[519.0, 472.79998779296875]"
turning_combined,1789045547.4894097,38.032688939,1.0631891757455763,0.9426771081883839,0.2,0.6,0.6467053867797432,0.9203884727313847,2.69,"[519.0, 472.79998779296875]"
turning_combined,1789045547.5393372,38.082616309,1.0945636327411399,0.9462970233781295,0.2,0.6,0.8350544359367831,0.9602719732164113,5.38,"[501.20001220703125, 485.79998779296875]"
turning_combined,1789045547.589265,38.132544346,1.1206471027237765,0.9498866396615675,0.2,0.6,1.0232458839567613,0.9970875121256667,10.76,"[501.20001220703125, 485.79998779296875]"
turning_combined,1789045547.6394024,38.182681649,1.1407340107707498,0.9534600084569297,0.2,0.6,1.2121419698461153,1.033903051034922,13.45,"[480.3999938964844, 504.79998779296875]"
turning_combined,1789045547.689333,38.232612,1.1540977375819,0.9569911489709991,0.2,0.6,1.4004902801005557,1.0661166475805206,18.83,"[480.3999938964844, 504.79998779296875]"
turning_combined,1789045547.739344,38.282623123,1.160458693568416,0.9604919793612264,0.2,0.6,1.5890409742670073,1.0937283017624622,45.73,"[486.0, 524.4000244140625]"
turning_combined,1789045547.789516,38.332795138,1.159688625619544,0.9639617899510108,0.2,0.6,1.77788249823179,1.1167380135807468,75.32,"[486.0, 524.4000244140625]"
turning_combined,1789045547.8392832,38.382562521000004,1.1519741134115242,0.96737662464767,0.2,0.6,1.9658200276538622,1.1351457830353744,75.32,"[481.20001220703125, 536.4000244140625]"
turning_combined,1789045547.889418,38.432696931,1.1376409075443517,0.9707659892682661,0.2,0.6,2.1545954801552085,1.1474176293384597,75.32,"[481.20001220703125, 536.4000244140625]"
turning_combined,1789045547.939215,38.482494261,1.117430362554208,0.9740987419657579,0.2,0.6,2.342593976580943,1.1489516101263453,69.94,"[458.20001220703125, 543.7999877929688]"
turning_combined,1789045547.9892797,38.532559187000004,1.092032811296258,0.9773976607813416,0.2,0.6,2.531216476245717,1.1474176293384597,0.0,"[458.20001220703125, 543.7999877929688]"
turning_combined,1789045548.0394015,38.582680854,1.0624722621796576,0.9806546449324542,0.2,0.6,2.7201381786815517,1.141281706186917,-2.69,"[456.3999938964844, 539.7999877929688]"
turning_combined,1789045548.0897133,38.632992392000006,1.0299231493235366,0.9838649912265621,0.2,0.6,2.909216159015628,1.1228739367322893,-2.69,"[456.3999938964844, 539.7999877929688]"
turning_combined,1789045548.139545,38.682824063000005,1.0518511515295985,1.0430151734339508,0.2,0.6,3.097398378293022,1.102932186489776,-8.07,"[462.3999938964844, 529.7999877929688]"
turning_combined,1789045548.1894228,38.732702252,1.0194513868247572,1.0481700228072524,0.2,0.6,3.2856839270660743,1.0799224746714913,-2.69,"[462.3999938964844, 529.7999877929688]"
turning_combined,1789045548.2395196,38.782798745,0.9879142032490659,1.053243398543653,0.2,0.6,3.474345362373569,1.055378782065321,0.0,"[470.0, 520.2000122070312]"
turning_combined,1789045548.2895706,38.832849867,0.9585993133593231,1.0582218919928292,0.2,0.6,3.663013753167192,1.047708878125893,0.0,"[470.0, 520.2000122070312]"
turning_combined,1789045548.3394787,38.882757906,0.9327687943540985,1.0630926292870941,0.2,0.6,3.851309714434919,1.0323690702470365,-51.11,"[468.20001220703125, 510.79998779296875]"
turning_combined,1789045548.3896766,38.932955879000005,0.911387658294412,1.0678767514417866,0.2,0.6,4.0401759162383115,1.0078253776408663,-61.87,"[468.20001220703125, 510.79998779296875]"
turning_combined,1789045548.4394524,38.982731812000004,0.8955268988057328,1.0725350680098877,0.2,0.6,4.228174401354309,0.9802137234589247,-53.8,"[470.79998779296875, 507.6000061035156]"
turning_combined,1789045548.489321,39.032600174,0.8857899615260179,1.0770919596926916,0.2,0.6,4.416385780894714,0.9526020692769832,-34.97,"[470.79998779296875, 507.6000061035156]"
turning_combined,1789045548.5393689,39.082647926,0.8827006315424845,1.0815471208886545,0.2,0.6,4.604935679609909,0.9265243958829272,-18.83,"[499.20001220703125, 495.79998779296875]"
turning_combined,1789045548.5893824,39.132661631000005,0.8865474279755177,1.0858898396292789,0.2,0.6,4.793503036783804,0.9035146840646426,-2.69,"[499.20001220703125, 495.79998779296875]"
turning_combined,1789045548.6394832,39.18276258,0.8973545897843186,1.0901195335408052,0.2,0.6,4.9821871217177005,0.8897088569736719,0.0,"[511.3999938964844, 486.6000061035156]"
turning_combined,1789045548.6894636,39.232742889,0.9148619339135541,1.0942261528763209,0.2,0.6,5.170654666723081,0.8897088569736719,0.0,"[511.3999938964844, 486.6000061035156]"
turning_combined,1789045548.7393253,39.282604438,0.9385431766213124,1.0982035460649366,0.2,0.6,5.358715027391341,0.8897088569736719,0.0,"[511.0, 480.3999938964844]"
turning_combined,1789045548.7915132,39.334792542,0.9691979433428835,1.1022331334076605,0.2,0.6,5.555455872455255,0.8912428377615575,10.76,"[511.0, 480.3999938964844]"
turning_combined,1789045548.8394606,39.382739935000004,1.0017883264211946,1.1058140109764238,0.2,0.6,5.736184000914264,0.9019807032767571,8.07,"[508.3999938964844, 480.3999938964844]"
turning_combined,1789045548.8893194,39.432598845,1.0391794432890897,1.1094170196832225,0.2,0.6,5.924345813662413,0.9203884727313847,2.69,"[508.3999938964844, 480.3999938964844]"
turning_combined,1789045548.9394207,39.482700127,1.0790483958296082,1.112900909651853,0.2,0.6,6.113103913262577,0.9433981845496693,5.38,"[498.0, 482.6000061035156]"
turning_combined,1789045548.9893906,39.53266988,1.1199163519596453,1.1162461995548907,0.2,0.6,0.018351792117833554,0.9725438195194965,2.69,"[498.0, 482.6000061035156]"
